date,open,high,low,close,volume
2010-01-04,14.59000015258789,14.649999618530273,14.5,14.520000457763672,2239700
2010-01-05,14.5600004196167,14.609999656677246,14.289999961853027,14.40999984741211,4227100
2010-01-06,14.449999809265137,14.449999809265137,14.180000305175781,14.270000457763672,5716100
2010-01-07,14.300000190734863,14.420000076293945,14.09000015258789,14.40999984741211,5962900
2010-01-08,14.329999923706055,14.380000114440918,14.180000305175781,14.239999771118164,4050400
2010-01-11,14.300000190734863,14.34000015258789,14.210000038146973,14.34000015258789,2175000
2010-01-12,14.319999694824219,14.680000305175781,14.319999694824219,14.430000305175781,4563400
2010-01-13,14.420000076293945,14.550000190734863,14.369999885559082,14.550000190734863,2294300
2010-01-14,14.569999694824219,14.640000343322754,14.40999984741211,14.619999885559082,2262200
2010-01-15,14.550000190734863,14.640000343322754,14.350000381469727,14.609999656677246,3405900
2010-01-19,14.630000114440918,14.899999618530273,14.619999885559082,14.819999694824219,3809100
2010-01-20,14.75,14.890000343322754,14.609999656677246,14.859999656677246,3133200
2010-01-21,14.829999923706055,14.899999618530273,14.4399995803833,14.5600004196167,5705400
2010-01-22,14.510000228881836,14.5600004196167,14.1899995803833,14.199999809265137,3879300
2010-01-25,14.359999656677246,14.420000076293945,14.199999809265137,14.329999923706055,3653400
2010-01-26,14.300000190734863,14.329999923706055,14.1899995803833,14.199999809265137,4317600
2010-01-27,14.260000228881836,14.260000228881836,13.899999618530273,14.079999923706055,4590200
2010-01-28,14.109999656677246,14.220000267028809,13.84000015258789,14.100000381469727,5906400
2010-01-29,14.109999656677246,14.239999771118164,13.930000305175781,13.949999809265137,3918700
2010-02-01,14.010000228881836,14.289999961853027,13.899999618530273,14.260000228881836,4989400
2010-02-02,14.300000190734863,14.489999771118164,14.130000114440918,14.460000038146973,4657100
2010-02-03,14.4399995803833,14.5,14.329999923706055,14.380000114440918,3609700
2010-02-04,14.319999694824219,14.390000343322754,13.890000343322754,13.890000343322754,5717500
2010-02-05,13.880000114440918,13.979999542236328,13.720000267028809,13.920000076293945,5084400
2010-02-08,13.979999542236328,14.0,13.739999771118164,13.75,4410200
2010-02-09,13.890000343322754,14.170000076293945,13.800000190734863,14.010000228881836,5162600
2010-02-10,14.020000457763672,14.050000190734863,13.710000038146973,13.829999923706055,4420100
2010-02-11,13.670000076293945,13.770000457763672,13.479999542236328,13.739999771118164,3952900
2010-02-12,13.640000343322754,13.699999809265137,13.510000228881836,13.649999618530273,5529300
2010-02-16,13.699999809265137,13.979999542236328,13.699999809265137,13.949999809265137,2975400
2010-02-17,13.960000038146973,14.09000015258789,13.949999809265137,14.0600004196167,3407200
2010-02-18,14.050000190734863,14.399999618530273,14.0,14.390000343322754,5963400
2010-02-19,14.34000015258789,14.59000015258789,14.229999542236328,14.529999732971191,4373100
2010-02-22,14.529999732971191,14.609999656677246,14.40999984741211,14.449999809265137,2310200
2010-02-23,14.399999618530273,14.470000267028809,14.279999732971191,14.3100004196167,2839400
2010-02-24,14.319999694824219,14.359999656677246,13.989999771118164,14.210000038146973,3171800
2010-02-25,14.050000190734863,14.15999984741211,13.949999809265137,14.100000381469727,4075600
2010-02-26,14.039999961853027,14.039999961853027,13.359999656677246,13.380000114440918,12626900
2010-03-01,13.470000267028809,13.680000305175781,13.470000267028809,13.600000381469727,6794300
2010-03-02,13.65999984741211,13.90999984741211,13.649999618530273,13.829999923706055,3806900
2010-03-03,13.920000076293945,13.960000038146973,13.75,13.770000457763672,3725200
2010-03-04,13.829999923706055,14.020000457763672,13.760000228881836,14.020000457763672,3937800
2010-03-05,14.010000228881836,14.15999984741211,14.0,14.010000228881836,4250700
2010-03-08,14.020000457763672,14.1899995803833,14.020000457763672,14.149999618530273,2968600
2010-03-09,14.149999618530273,14.229999542236328,14.039999961853027,14.109999656677246,2637700
2010-03-10,14.140000343322754,14.149999618530273,14.010000228881836,14.119999885559082,2848000
2010-03-11,14.170000076293945,14.279999732971191,14.100000381469727,14.279999732971191,1936000
2010-03-12,14.34000015258789,14.390000343322754,14.15999984741211,14.239999771118164,1616900
2010-03-15,14.25,14.319999694824219,14.100000381469727,14.229999542236328,2251500
2010-03-16,14.210000038146973,14.460000038146973,14.15999984741211,14.430000305175781,2335200
2010-03-17,14.5,14.520000457763672,14.40999984741211,14.460000038146973,2584700
2010-03-18,14.520000457763672,14.520000457763672,14.329999923706055,14.40999984741211,1757500
2010-03-19,14.430000305175781,14.520000457763672,14.329999923706055,14.430000305175781,4085700
2010-03-22,14.380000114440918,14.4399995803833,14.270000457763672,14.279999732971191,3552600
2010-03-23,14.279999732971191,14.350000381469727,14.210000038146973,14.300000190734863,3383500
2010-03-24,14.25,14.350000381469727,14.170000076293945,14.1899995803833,2031800
2010-03-25,14.229999542236328,14.289999961853027,14.130000114440918,14.130000114440918,1783400
2010-03-26,14.210000038146973,14.279999732971191,14.069999694824219,14.1899995803833,3173100
2010-03-29,14.239999771118164,14.5,14.180000305175781,14.470000267028809,3443400
2010-03-30,14.420000076293945,14.5,14.319999694824219,14.4399995803833,3417800
2010-03-31,14.369999885559082,14.5,14.3100004196167,14.359999656677246,3647700
2010-04-01,14.369999885559082,14.619999885559082,14.369999885559082,14.5,4110900
2010-04-05,14.5600004196167,14.6899995803833,14.510000228881836,14.640000343322754,2402600
2010-04-06,14.600000381469727,14.770000457763672,14.5600004196167,14.739999771118164,3617400
2010-04-07,14.760000228881836,14.760000228881836,14.40999984741211,14.470000267028809,4859500
2010-04-08,14.380000114440918,14.479999542236328,14.300000190734863,14.369999885559082,2889400
2010-04-09,14.460000038146973,14.5600004196167,14.3100004196167,14.5,2459700
2010-04-12,14.579999923706055,14.630000114440918,14.510000228881836,14.529999732971191,2088700
2010-04-13,14.550000190734863,14.579999923706055,14.399999618530273,14.5,1615300
2010-04-14,14.510000228881836,14.550000190734863,14.350000381469727,14.520000457763672,1372100
2010-04-15,14.569999694824219,14.630000114440918,14.510000228881836,14.619999885559082,1575100
2010-04-16,14.59000015258789,14.640000343322754,14.279999732971191,14.319999694824219,2913700
2010-04-19,14.270000457763672,14.359999656677246,14.170000076293945,14.25,3239700
2010-04-20,14.300000190734863,14.380000114440918,14.229999542236328,14.359999656677246,1942400
2010-04-21,14.34000015258789,14.4399995803833,14.279999732971191,14.380000114440918,3213400
2010-04-22,14.34000015258789,14.430000305175781,14.25,14.359999656677246,3453000
2010-04-23,14.380000114440918,14.579999923706055,14.3100004196167,14.569999694824219,1494500
2010-04-26,14.529999732971191,14.630000114440918,14.5,14.550000190734863,2709400
2010-04-27,14.449999809265137,14.529999732971191,14.180000305175781,14.180000305175781,2608400
2010-04-28,14.260000228881836,14.390000343322754,14.15999984741211,14.34000015258789,2303600
2010-04-29,14.430000305175781,14.489999771118164,14.350000381469727,14.390000343322754,3377000
2010-04-30,14.4399995803833,14.649999618530273,14.359999656677246,14.359999656677246,4300800
2010-05-03,14.4399995803833,14.630000114440918,14.420000076293945,14.569999694824219,2917300
2010-05-04,14.460000038146973,14.600000381469727,14.300000190734863,14.34000015258789,4552200
2010-05-05,14.399999618530273,14.649999618530273,14.289999961853027,14.380000114440918,6588700
2010-05-06,14.390000343322754,14.390000343322754,5.670000076293945,13.880000114440918,9331200
2010-05-07,13.869999885559082,14.039999961853027,13.380000114440918,13.75,7085500
2010-05-10,14.180000305175781,14.430000305175781,13.9399995803833,14.140000343322754,5670200
2010-05-11,14.0,14.380000114440918,13.989999771118164,14.180000305175781,5572700
2010-05-12,14.079999923706055,14.40999984741211,13.899999618530273,14.289999961853027,6556100
2010-05-13,14.260000228881836,14.510000228881836,14.180000305175781,14.25,3815000
2010-05-14,14.1899995803833,14.3100004196167,14.010000228881836,14.149999618530273,4945300
2010-05-17,14.180000305175781,14.239999771118164,13.890000343322754,14.180000305175781,3196700
2010-05-18,14.25,14.350000381469727,13.9399995803833,13.979999542236328,5675300
2010-05-19,13.869999885559082,13.970000267028809,13.619999885559082,13.760000228881836,6158100
2010-05-20,13.520000457763672,13.619999885559082,13.239999771118164,13.270000457763672,7340200
2010-05-21,13.140000343322754,13.359999656677246,12.949999809265137,13.329999923706055,5127900
2010-05-24,13.300000190734863,13.4399995803833,13.180000305175781,13.199999809265137,2656000
2010-05-25,12.930000305175781,13.0600004196167,12.75,13.0600004196167,6941900
2010-05-26,13.15999984741211,13.359999656677246,13.039999961853027,13.149999618530273,5641300
2010-05-27,13.3100004196167,13.539999961853027,13.279999732971191,13.520000457763672,2918100
2010-05-28,13.550000190734863,13.8100004196167,13.539999961853027,13.619999885559082,5267700
2010-06-01,13.539999961853027,13.630000114440918,13.260000228881836,13.279999732971191,3010500
2010-06-02,13.359999656677246,13.579999923706055,13.289999961853027,13.579999923706055,3166400
2010-06-03,13.569999694824219,13.760000228881836,13.569999694824219,13.720000267028809,2551100
2010-06-04,13.479999542236328,13.59000015258789,13.140000343322754,13.199999809265137,5225100
2010-06-07,13.239999771118164,13.489999771118164,13.199999809265137,13.289999961853027,6318100
2010-06-08,13.25,13.350000381469727,13.1899995803833,13.329999923706055,7405300
2010-06-09,13.210000038146973,13.239999771118164,12.869999885559082,12.899999618530273,9512000
2010-06-10,13.170000076293945,13.3100004196167,13.029999732971191,13.15999984741211,32234100
2010-06-11,13.119999885559082,13.270000457763672,13.050000190734863,13.270000457763672,4659300
2010-06-14,13.350000381469727,13.520000457763672,13.279999732971191,13.34000015258789,4381900
2010-06-15,13.4399995803833,13.619999885559082,13.40999984741211,13.600000381469727,3559100
2010-06-16,13.5,13.859999656677246,13.430000305175781,13.779999732971191,4091100
2010-06-17,13.789999961853027,13.949999809265137,13.710000038146973,13.949999809265137,2925500
2010-06-18,13.960000038146973,14.029999732971191,13.880000114440918,14.010000228881836,4313400
2010-06-21,14.100000381469727,14.149999618530273,13.899999618530273,13.989999771118164,2854200
2010-06-22,13.979999542236328,14.039999961853027,13.619999885559082,13.640000343322754,4185900
2010-06-23,13.680000305175781,13.75,13.430000305175781,13.520000457763672,2636200
2010-06-24,13.5,13.710000038146973,13.470000267028809,13.539999961853027,3409500
2010-06-25,13.579999923706055,13.65999984741211,13.399999618530273,13.520000457763672,7757100
2010-06-28,13.59000015258789,13.800000190734863,13.5,13.720000267028809,2736900
2010-06-29,13.619999885559082,13.65999984741211,13.229999542236328,13.3100004196167,4750300
2010-06-30,13.260000228881836,13.4399995803833,13.109999656677246,13.15999984741211,5145800
2010-07-01,13.109999656677246,13.199999809265137,12.960000038146973,13.0600004196167,5208900
2010-07-02,13.109999656677246,13.130000114440918,12.960000038146973,13.029999732971191,3336000
2010-07-06,13.199999809265137,13.359999656677246,13.079999923706055,13.239999771118164,9079400
2010-07-07,13.25,13.710000038146973,13.25,13.710000038146973,4309000
2010-07-08,13.739999771118164,13.970000267028809,13.65999984741211,13.970000267028809,5752600
2010-07-09,13.9399995803833,14.069999694824219,13.869999885559082,14.050000190734863,2345400
2010-07-12,13.979999542236328,14.079999923706055,13.90999984741211,14.069999694824219,2380600
2010-07-13,14.1899995803833,14.319999694824219,14.100000381469727,14.1899995803833,3642000
2010-07-14,14.180000305175781,14.270000457763672,13.979999542236328,14.180000305175781,4428800
2010-07-15,14.199999809265137,14.329999923706055,14.069999694824219,14.300000190734863,2935200
2010-07-16,14.1899995803833,14.260000228881836,13.899999618530273,13.930000305175781,2975000
2010-07-19,14.010000228881836,14.100000381469727,13.880000114440918,14.050000190734863,3477800
2010-07-20,13.869999885559082,14.1899995803833,13.869999885559082,14.170000076293945,2453400
2010-07-21,14.180000305175781,14.229999542236328,13.819999694824219,13.90999984741211,2413400
2010-07-22,14.0,14.260000228881836,13.930000305175781,14.1899995803833,2233100
2010-07-23,14.15999984741211,14.279999732971191,14.0600004196167,14.25,2279800
2010-07-26,14.260000228881836,14.399999618530273,14.25,14.399999618530273,2675500
2010-07-27,14.40999984741211,14.609999656677246,14.34000015258789,14.600000381469727,3969700
2010-07-28,14.5600004196167,14.579999923706055,14.449999809265137,14.539999961853027,2560800
2010-07-29,14.619999885559082,14.640000343322754,14.210000038146973,14.329999923706055,3304400
2010-07-30,14.239999771118164,14.329999923706055,14.119999885559082,14.229999542236328,3189600
2010-08-02,14.359999656677246,14.59000015258789,14.359999656677246,14.529999732971191,2645500
2010-08-03,14.5,14.619999885559082,14.40999984741211,14.460000038146973,3062800
2010-08-04,14.5,14.75,14.319999694824219,14.729999542236328,4976800
2010-08-05,14.699999809265137,14.8100004196167,14.600000381469727,14.8100004196167,2829700
2010-08-06,14.710000038146973,14.84000015258789,14.510000228881836,14.84000015258789,3210400
2010-08-09,14.890000343322754,15.0,14.829999923706055,14.960000038146973,3418300
2010-08-10,14.869999885559082,15.079999923706055,14.670000076293945,15.0600004196167,4046800
2010-08-11,14.890000343322754,14.890000343322754,14.6899995803833,14.739999771118164,3431400
2010-08-12,14.390000343322754,14.579999923706055,14.1899995803833,14.479999542236328,3209200
2010-08-13,14.4399995803833,14.670000076293945,14.4399995803833,14.5,3285800
2010-08-16,14.430000305175781,14.59000015258789,14.289999961853027,14.5,2584900
2010-08-17,14.600000381469727,14.899999618530273,14.550000190734863,14.779999732971191,3411000
2010-08-18,14.770000457763672,14.819999694824219,14.479999542236328,14.720000267028809,3875300
2010-08-19,14.670000076293945,14.670000076293945,14.369999885559082,14.489999771118164,3235100
2010-08-20,14.359999656677246,14.579999923706055,14.34000015258789,14.550000190734863,2375200
2010-08-23,14.630000114440918,14.739999771118164,14.520000457763672,14.550000190734863,7254700
2010-08-24,14.430000305175781,14.789999961853027,14.399999618530273,14.670000076293945,3760900
2010-08-25,14.600000381469727,14.8100004196167,14.59000015258789,14.770000457763672,4379000
2010-08-26,14.829999923706055,14.84000015258789,14.569999694824219,14.619999885559082,2757800
2010-08-27,14.739999771118164,14.970000267028809,14.539999961853027,14.960000038146973,3883700
2010-08-30,14.859999656677246,14.960000038146973,14.65999984741211,14.670000076293945,3275600
2010-08-31,14.649999618530273,14.899999618530273,14.539999961853027,14.789999961853027,4646100
2010-09-01,14.930000305175781,15.180000305175781,14.850000381469727,15.119999885559082,4174800
2010-09-02,15.149999618530273,15.149999618530273,14.920000076293945,15.0600004196167,3334900
2010-09-03,15.109999656677246,15.260000228881836,15.069999694824219,15.260000228881836,2577200
2010-09-07,15.260000228881836,15.359999656677246,15.130000114440918,15.270000457763672,4005600
2010-09-08,15.329999923706055,15.34000015258789,15.020000457763672,15.0600004196167,3871500
2010-09-09,15.220000267028809,15.319999694824219,15.15999984741211,15.210000038146973,1927300
2010-09-10,15.300000190734863,15.350000381469727,15.109999656677246,15.199999809265137,5049600
2010-09-13,15.329999923706055,15.34000015258789,15.149999618530273,15.260000228881836,3409300
2010-09-14,15.270000457763672,15.369999885559082,15.130000114440918,15.25,4614300
2010-09-15,15.229999542236328,15.270000457763672,15.069999694824219,15.119999885559082,4124200
2010-09-16,15.069999694824219,15.180000305175781,14.979999542236328,14.989999771118164,4211800
2010-09-17,15.069999694824219,15.119999885559082,14.90999984741211,15.029999732971191,5111600
2010-09-20,15.149999618530273,15.390000343322754,15.050000190734863,15.380000114440918,4101900
2010-09-21,15.399999618530273,15.550000190734863,15.319999694824219,15.359999656677246,6046800
2010-09-22,15.34000015258789,15.5600004196167,15.34000015258789,15.40999984741211,3887500
2010-09-23,15.3100004196167,15.470000267028809,15.239999771118164,15.239999771118164,4188000
2010-09-24,15.40999984741211,15.729999542236328,15.40999984741211,15.649999618530273,4592800
2010-09-27,15.6899995803833,15.8100004196167,15.569999694824219,15.720000267028809,4200800
2010-09-28,15.800000190734863,15.850000381469727,15.59000015258789,15.84000015258789,4600600
2010-09-29,15.8100004196167,15.84000015258789,15.640000343322754,15.760000228881836,2083700
2010-09-30,15.850000381469727,15.979999542236328,15.699999809265137,15.720000267028809,5474700
2010-10-01,15.84000015258789,16.010000228881836,15.729999542236328,15.899999618530273,3715500
2010-10-04,15.899999618530273,15.970000267028809,15.6899995803833,15.779999732971191,3258700
2010-10-05,15.880000114440918,16.049999237060547,15.84000015258789,16.030000686645508,2607300
2010-10-06,16.020000457763672,16.049999237060547,15.789999961853027,15.890000343322754,3123300
2010-10-07,15.970000267028809,16.059999465942383,15.859999656677246,16.0,2206300
2010-10-08,16.030000686645508,16.1299991607666,15.979999542236328,16.09000015258789,2697500
2010-10-11,16.139999389648438,16.229999542236328,16.049999237060547,16.15999984741211,3309200
2010-10-12,16.110000610351562,16.18000030517578,16.0,16.079999923706055,2716700
2010-10-13,16.15999984741211,16.18000030517578,15.960000038146973,15.989999771118164,4553800
2010-10-14,15.989999771118164,16.110000610351562,15.880000114440918,15.960000038146973,2947800
2010-10-15,16.110000610351562,16.1299991607666,16.0,16.1299991607666,2754500
2010-10-18,16.15999984741211,16.260000228881836,16.110000610351562,16.149999618530273,6361500
2010-10-19,16.0,16.239999771118164,16.0,16.149999618530273,5188500
2010-10-20,16.149999618530273,16.459999084472656,16.139999389648438,16.389999389648438,6131200
2010-10-21,16.450000762939453,16.559999465942383,16.280000686645508,16.389999389648438,3227000
2010-10-22,16.399999618530273,16.530000686645508,16.229999542236328,16.420000076293945,5545100
2010-10-25,16.540000915527344,16.59000015258789,16.350000381469727,16.399999618530273,1975200
2010-10-26,16.3700008392334,16.559999465942383,16.350000381469727,16.420000076293945,3866500
2010-10-27,16.309999465942383,16.43000030517578,16.200000762939453,16.420000076293945,2934300
2010-10-28,16.420000076293945,16.549999237060547,16.280000686645508,16.389999389648438,4175900
2010-10-29,16.40999984741211,16.6200008392334,16.309999465942383,16.559999465942383,3930000
2010-11-01,16.65999984741211,16.739999771118164,16.399999618530273,16.549999237060547,2532800
2010-11-02,16.760000228881836,16.8799991607666,16.719999313354492,16.770000457763672,3985700
2010-11-03,16.809999465942383,16.81999969482422,16.59000015258789,16.719999313354492,3864900
2010-11-04,16.899999618530273,17.0,16.809999465942383,16.920000076293945,5654300
2010-11-05,16.860000610351562,16.920000076293945,16.549999237060547,16.68000030517578,7082700
2010-11-08,16.6299991607666,16.639999389648438,16.399999618530273,16.549999237060547,5042800
2010-11-09,16.559999465942383,16.690000534057617,16.510000228881836,16.600000381469727,4078500
2010-11-10,16.59000015258789,16.59000015258789,16.459999084472656,16.579999923706055,3321400
2010-11-11,16.489999771118164,16.6200008392334,16.479999542236328,16.59000015258789,4154200
2010-11-12,16.40999984741211,16.40999984741211,16.06999969482422,16.110000610351562,6524200
2010-11-15,16.200000762939453,16.290000915527344,16.170000076293945,16.219999313354492,2734900
2010-11-16,16.15999984741211,16.209999084472656,15.75,15.880000114440918,4563800
2010-11-17,15.9399995803833,15.949999809265137,15.65999984741211,15.6899995803833,5196100
2010-11-18,15.84000015258789,15.890000343322754,15.770000457763672,15.850000381469727,2321700
2010-11-19,15.880000114440918,15.899999618530273,15.640000343322754,15.819999694824219,3691500
2010-11-22,15.819999694824219,15.90999984741211,15.720000267028809,15.869999885559082,2583700
2010-11-23,15.760000228881836,15.829999923706055,15.640000343322754,15.760000228881836,2804100
2010-11-24,15.90999984741211,15.949999809265137,15.819999694824219,15.920000076293945,1956100
2010-11-26,15.90999984741211,15.920000076293945,15.729999542236328,15.789999961853027,1486100
2010-11-29,15.680000305175781,15.6899995803833,15.4399995803833,15.600000381469727,3034400
2010-11-30,15.5,15.640000343322754,15.479999542236328,15.630000114440918,3720200
2010-12-01,15.779999732971191,15.829999923706055,15.649999618530273,15.760000228881836,3063700
2010-12-02,15.729999542236328,15.869999885559082,15.640000343322754,15.84000015258789,2317600
2010-12-03,15.819999694824219,15.920000076293945,15.670000076293945,15.899999618530273,6587800
2010-12-06,15.869999885559082,15.869999885559082,15.65999984741211,15.65999984741211,4348400
2010-12-07,15.859999656677246,15.880000114440918,15.619999885559082,15.640000343322754,3619300
2010-12-08,15.640000343322754,15.75,15.529999732971191,15.630000114440918,2491800
2010-12-09,15.680000305175781,15.770000457763672,15.579999923706055,15.75,2800800
2010-12-10,15.829999923706055,15.989999771118164,15.739999771118164,15.84000015258789,4786800
2010-12-13,15.979999542236328,16.040000915527344,15.899999618530273,15.930000305175781,2655700
2010-12-14,15.989999771118164,16.170000076293945,15.970000267028809,16.100000381469727,2726100
2010-12-15,16.059999465942383,16.06999969482422,15.8100004196167,15.859999656677246,2636200
2010-12-16,15.90999984741211,15.930000305175781,15.739999771118164,15.899999618530273,2785100
2010-12-17,15.850000381469727,15.90999984741211,15.739999771118164,15.869999885559082,3708200
2010-12-20,16.0,16.049999237060547,15.84000015258789,15.90999984741211,3136400
2010-12-21,15.9399995803833,16.049999237060547,15.869999885559082,15.880000114440918,2400700
2010-12-22,15.890000343322754,15.979999542236328,15.869999885559082,15.880000114440918,2473700
2010-12-23,15.880000114440918,15.9399995803833,15.8100004196167,15.899999618530273,1628300
2010-12-27,15.850000381469727,15.949999809265137,15.699999809265137,15.899999618530273,1393800
2010-12-28,15.949999809265137,15.949999809265137,15.8100004196167,15.850000381469727,2191800
2010-12-29,15.84000015258789,15.920000076293945,15.829999923706055,15.829999923706055,1190800
2010-12-30,15.84000015258789,15.880000114440918,15.710000038146973,15.760000228881836,1698000
2010-12-31,15.760000228881836,15.789999961853027,15.710000038146973,15.720000267028809,1416600
2011-01-03,15.8100004196167,15.829999923706055,15.720000267028809,15.800000190734863,3048400
2011-01-04,15.789999961853027,15.90999984741211,15.680000305175781,15.829999923706055,2851400
2011-01-05,15.8100004196167,15.850000381469727,15.720000267028809,15.770000457763672,2444400
2011-01-06,15.739999771118164,15.770000457763672,15.569999694824219,15.609999656677246,3605000
2011-01-07,15.670000076293945,15.739999771118164,15.520000457763672,15.680000305175781,5801900
2011-01-10,15.59000015258789,15.739999771118164,15.479999542236328,15.739999771118164,3209700
2011-01-11,15.760000228881836,15.770000457763672,15.619999885559082,15.630000114440918,3714800
2011-01-12,15.729999542236328,15.819999694824219,15.65999984741211,15.770000457763672,2999000
2011-01-13,15.779999732971191,15.829999923706055,15.710000038146973,15.770000457763672,2160900
2011-01-14,15.770000457763672,15.800000190734863,15.630000114440918,15.699999809265137,2404200
2011-01-18,15.739999771118164,15.789999961853027,15.649999618530273,15.739999771118164,2894200
2011-01-19,15.770000457763672,15.84000015258789,15.699999809265137,15.819999694824219,2882700
2011-01-20,15.819999694824219,16.209999084472656,15.819999694824219,15.9399995803833,4982600
2011-01-21,16.040000915527344,16.059999465942383,15.890000343322754,15.899999618530273,5661800
2011-01-24,15.899999618530273,16.100000381469727,15.84000015258789,16.09000015258789,7371000
2011-01-25,16.020000457763672,16.149999618530273,16.010000228881836,16.149999618530273,3148400
2011-01-26,16.1200008392334,16.15999984741211,16.049999237060547,16.110000610351562,1779100
2011-01-27,16.1299991607666,16.200000762939453,16.059999465942383,16.149999618530273,2713600
2011-01-28,16.15999984741211,16.170000076293945,15.920000076293945,16.030000686645508,3912800
2011-01-31,16.09000015258789,16.260000228881836,16.0,16.149999618530273,4686400
2011-02-01,16.229999542236328,16.270000457763672,16.170000076293945,16.25,3181100
2011-02-02,16.200000762939453,16.260000228881836,16.06999969482422,16.06999969482422,2435700
2011-02-03,16.079999923706055,16.190000534057617,16.010000228881836,16.15999984741211,8149700
2011-02-04,16.190000534057617,16.200000762939453,16.0,16.139999389648438,6955300
2011-02-07,16.18000030517578,16.350000381469727,16.149999618530273,16.34000015258789,10423000
2011-02-08,16.309999465942383,16.350000381469727,16.219999313354492,16.239999771118164,2291400
2011-02-09,16.170000076293945,16.190000534057617,16.010000228881836,16.100000381469727,2945400
2011-02-10,16.09000015258789,16.209999084472656,16.020000457763672,16.1299991607666,2289700
2011-02-11,16.040000915527344,16.290000915527344,16.030000686645508,16.190000534057617,2857600
2011-02-14,16.040000915527344,16.040000915527344,15.819999694824219,15.880000114440918,3246200
2011-02-15,15.829999923706055,16.010000228881836,15.800000190734863,15.960000038146973,3312000
2011-02-16,16.0,16.059999465942383,15.859999656677246,15.920000076293945,2152800
2011-02-17,15.859999656677246,15.9399995803833,15.829999923706055,15.90999984741211,2038700
2011-02-18,15.899999618530273,15.90999984741211,15.8100004196167,15.899999618530273,2833700
2011-02-22,15.760000228881836,15.899999618530273,15.720000267028809,15.779999732971191,2085000
2011-02-23,15.760000228881836,15.829999923706055,15.539999961853027,15.539999961853027,4142500
2011-02-24,15.529999732971191,15.649999618530273,15.399999618530273,15.470000267028809,4854700
2011-02-25,15.550000190734863,15.6899995803833,15.470000267028809,15.680000305175781,3380600
2011-02-28,15.699999809265137,15.970000267028809,15.600000381469727,15.859999656677246,4044500
2011-03-01,15.84000015258789,16.100000381469727,15.630000114440918,15.640000343322754,5873500
2011-03-02,15.359999656677246,15.779999732971191,15.350000381469727,15.760000228881836,5699300
2011-03-03,15.819999694824219,15.970000267028809,15.770000457763672,15.920000076293945,4604500
2011-03-04,15.899999618530273,15.949999809265137,15.699999809265137,15.880000114440918,3498700
2011-03-07,15.90999984741211,16.09000015258789,15.800000190734863,15.819999694824219,3304700
2011-03-08,15.829999923706055,16.1299991607666,15.8100004196167,16.100000381469727,2932900
2011-03-09,16.040000915527344,16.25,16.040000915527344,16.239999771118164,2952600
2011-03-10,16.149999618530273,16.190000534057617,15.9399995803833,16.020000457763672,4924200
2011-03-11,16.06999969482422,16.149999618530273,15.989999771118164,16.100000381469727,2864800
2011-03-14,15.989999771118164,16.010000228881836,15.670000076293945,15.75,9339400
2011-03-15,15.399999618530273,15.720000267028809,15.399999618530273,15.579999923706055,6697400
2011-03-16,15.520000457763672,15.579999923706055,15.239999771118164,15.319999694824219,5608900
2011-03-17,15.529999732971191,15.529999732971191,15.09000015258789,15.199999809265137,10243100
2011-03-18,15.279999732971191,16.729999542236328,15.180000305175781,16.670000076293945,28385400
2011-03-21,17.020000457763672,17.219999313354492,16.860000610351562,17.100000381469727,13789600
2011-03-22,17.1200008392334,17.209999084472656,16.8700008392334,16.889999389648438,6187200
2011-03-23,16.899999618530273,17.020000457763672,16.790000915527344,16.959999084472656,5099800
2011-03-24,17.020000457763672,17.200000762939453,16.920000076293945,17.170000076293945,3924200
2011-03-25,17.15999984741211,17.3700008392334,17.079999923706055,17.1299991607666,3854100
2011-03-28,17.229999542236328,17.450000762939453,17.139999389648438,17.170000076293945,3354200
2011-03-29,17.190000534057617,17.31999969482422,17.079999923706055,17.290000915527344,2495900
2011-03-30,17.399999618530273,17.760000228881836,17.329999923706055,17.68000030517578,3853900
2011-03-31,17.65999984741211,17.75,17.559999465942383,17.559999465942383,2981900
2011-04-01,17.719999313354492,17.8799991607666,17.670000076293945,17.75,2220600
2011-04-04,18.049999237060547,18.049999237060547,17.790000915527344,17.90999984741211,3298400
2011-04-05,17.809999465942383,17.920000076293945,17.6299991607666,17.68000030517578,3030400
2011-04-06,17.770000457763672,17.829999923706055,17.65999984741211,17.709999084472656,2418800
2011-04-07,17.719999313354492,17.719999313354492,17.479999542236328,17.489999771118164,3972200
2011-04-08,17.600000381469727,17.700000762939453,17.3700008392334,17.5,2964900
2011-04-11,17.479999542236328,17.5,17.209999084472656,17.31999969482422,3789200
2011-04-12,17.229999542236328,17.270000457763672,17.100000381469727,17.229999542236328,3880100
2011-04-13,17.280000686645508,17.520000457763672,17.280000686645508,17.31999969482422,4277700
2011-04-14,17.170000076293945,17.739999771118164,17.170000076293945,17.639999389648438,5047800
2011-04-15,17.770000457763672,17.93000030517578,17.600000381469727,17.8799991607666,4858400
2011-04-18,17.729999542236328,17.829999923706055,17.510000228881836,17.81999969482422,4153600
2011-04-19,17.84000015258789,17.899999618530273,17.739999771118164,17.809999465942383,4321500
2011-04-20,18.0,18.15999984741211,17.8799991607666,18.110000610351562,3991300
2011-04-21,18.15999984741211,18.280000686645508,18.079999923706055,18.280000686645508,3633900
2011-04-25,18.170000076293945,18.299999237060547,18.139999389648438,18.260000228881836,2554200
2011-04-26,18.25,18.299999237060547,18.149999618530273,18.270000457763672,4500000
2011-04-27,18.260000228881836,18.399999618530273,18.219999313354492,18.34000015258789,4358500
2011-04-28,18.350000381469727,18.489999771118164,18.209999084472656,18.459999084472656,4589900
2011-04-29,18.5,18.6200008392334,18.3799991607666,18.600000381469727,2137200
2011-05-02,18.68000030517578,18.770000457763672,18.520000457763672,18.59000015258789,3463100
2011-05-03,18.540000915527344,18.739999771118164,18.469999313354492,18.649999618530273,3332300
2011-05-04,18.600000381469727,18.709999084472656,18.360000610351562,18.489999771118164,3903100
2011-05-05,18.540000915527344,18.829999923706055,18.3700008392334,18.600000381469727,5852400
2011-05-06,18.75,18.809999465942383,18.639999389648438,18.719999313354492,4974800
2011-05-09,18.690000534057617,18.93000030517578,18.65999984741211,18.90999984741211,3187400
2011-05-10,18.899999618530273,19.350000381469727,18.889999389648438,19.260000228881836,3878500
2011-05-11,19.229999542236328,19.239999771118164,18.799999237060547,19.110000610351562,4141600
2011-05-12,18.940000534057617,18.950000762939453,18.780000686645508,18.899999618530273,4792600
2011-05-13,18.899999618530273,18.959999084472656,18.600000381469727,18.729999542236328,4485800
2011-05-16,18.700000762939453,18.760000228881836,18.579999923706055,18.690000534057617,3914800
2011-05-17,18.649999618530273,18.84000015258789,18.59000015258789,18.6299991607666,3237600
2011-05-18,18.700000762939453,18.989999771118164,18.6200008392334,18.979999542236328,4676800
2011-05-19,19.020000457763672,19.06999969482422,18.8700008392334,19.0,2591000
2011-05-20,18.989999771118164,19.09000015258789,18.81999969482422,18.959999084472656,2847700
2011-05-23,18.739999771118164,18.899999618530273,18.670000076293945,18.729999542236328,2954900
2011-05-24,18.790000915527344,18.90999984741211,18.700000762939453,18.75,4684600
2011-05-25,18.700000762939453,19.079999923706055,18.649999618530273,18.969999313354492,5436500
2011-05-26,18.940000534057617,19.06999969482422,18.799999237060547,19.020000457763672,2956400
2011-05-27,19.100000381469727,19.389999389648438,18.950000762939453,19.079999923706055,5035500
2011-05-31,19.229999542236328,19.3700008392334,19.170000076293945,19.329999923706055,5035700
2011-06-01,19.559999465942383,19.56999969482422,19.200000762939453,19.239999771118164,5615200
2011-06-02,19.18000030517578,19.420000076293945,19.110000610351562,19.350000381469727,7363000
2011-06-03,19.170000076293945,19.31999969482422,19.079999923706055,19.09000015258789,7129800
2011-06-06,19.040000915527344,19.170000076293945,18.93000030517578,19.09000015258789,5117900
2011-06-07,19.18000030517578,19.209999084472656,19.059999465942383,19.09000015258789,5468800
2011-06-08,19.09000015258789,19.1299991607666,18.889999389648438,18.899999618530273,8723100
2011-06-09,18.93000030517578,18.959999084472656,18.75,18.81999969482422,5088200
2011-06-10,18.799999237060547,19.149999618530273,18.760000228881836,18.860000610351562,6469200
2011-06-13,18.899999618530273,18.899999618530273,18.610000610351562,18.719999313354492,4088200
2011-06-14,18.81999969482422,18.899999618530273,18.709999084472656,18.84000015258789,3437400
2011-06-15,18.75,18.850000381469727,18.440000534057617,18.489999771118164,5163300
2011-06-16,18.5,18.790000915527344,18.5,18.65999984741211,4127300
2011-06-17,18.770000457763672,18.920000076293945,18.690000534057617,18.739999771118164,3898200
2011-06-20,18.729999542236328,18.850000381469727,18.639999389648438,18.829999923706055,2605700
2011-06-21,18.899999618530273,19.110000610351562,18.84000015258789,19.0,3308800
2011-06-22,19.0,19.100000381469727,18.8799991607666,19.020000457763672,5535300
2011-06-23,18.850000381469727,18.889999389648438,18.469999313354492,18.760000228881836,5344400
2011-06-24,18.809999465942383,19.219999313354492,18.760000228881836,18.950000762939453,8528600
2011-06-27,19.15999984741211,19.219999313354492,19.030000686645508,19.1200008392334,3549700
2011-06-28,19.209999084472656,19.290000915527344,19.1200008392334,19.239999771118164,2787100
2011-06-29,19.280000686645508,19.389999389648438,19.260000228881836,19.34000015258789,4772400
2011-06-30,19.399999618530273,19.510000228881836,19.239999771118164,19.350000381469727,4932700
2011-07-01,19.440000534057617,19.809999465942383,19.360000610351562,19.790000915527344,2995200
2011-07-05,19.670000076293945,19.799999237060547,19.56999969482422,19.75,3043700
2011-07-06,19.690000534057617,19.809999465942383,19.579999923706055,19.809999465942383,3185400
2011-07-07,19.950000762939453,19.950000762939453,19.760000228881836,19.799999237060547,2605500
2011-07-08,19.6200008392334,19.75,19.530000686645508,19.75,2067500
2011-07-11,19.540000915527344,19.549999237060547,19.270000457763672,19.290000915527344,2848800
2011-07-12,19.209999084472656,19.65999984741211,19.200000762939453,19.450000762939453,4057100
2011-07-13,19.5,19.610000610351562,19.329999923706055,19.399999618530273,3103900
2011-07-14,19.40999984741211,19.610000610351562,19.270000457763672,19.309999465942383,3182700
2011-07-15,19.360000610351562,19.43000030517578,19.139999389648438,19.389999389648438,4334700
2011-07-18,19.290000915527344,19.40999984741211,19.170000076293945,19.399999618530273,3280200
2011-07-19,19.5,19.739999771118164,19.34000015258789,19.709999084472656,3251000
2011-07-20,19.809999465942383,20.18000030517578,19.760000228881836,20.1200008392334,5057300
2011-07-21,20.260000228881836,20.360000610351562,20.18000030517578,20.280000686645508,3395300
2011-07-22,20.34000015258789,20.34000015258789,20.030000686645508,20.260000228881836,2613200
2011-07-25,19.899999618530273,20.18000030517578,19.899999618530273,20.100000381469727,3028100
2011-07-26,20.139999389648438,20.139999389648438,20.0,20.049999237060547,2598900
2011-07-27,19.979999542236328,20.139999389648438,19.979999542236328,20.049999237060547,3711900
2011-07-28,20.110000610351562,20.1200008392334,19.75,19.790000915527344,4255700
2011-07-29,19.6200008392334,19.860000610351562,19.40999984741211,19.579999923706055,4648800
2011-08-01,19.780000686645508,19.780000686645508,19.399999618530273,19.559999465942383,4869000
2011-08-02,19.450000762939453,19.68000030517578,19.290000915527344,19.290000915527344,3401900
2011-08-03,19.399999618530273,19.43000030517578,18.950000762939453,19.31999969482422,4134200
2011-08-04,19.1200008392334,19.270000457763672,18.360000610351562,18.450000762939453,8191200
2011-08-05,18.739999771118164,18.860000610351562,18.100000381469727,18.540000915527344,9523300
2011-08-08,18.200000762939453,18.350000381469727,17.110000610351562,17.239999771118164,9447300
2011-08-09,17.489999771118164,18.360000610351562,17.1299991607666,18.350000381469727,8608200
2011-08-10,18.079999923706055,18.690000534057617,17.8700008392334,18.229999542236328,9403100
2011-08-11,18.229999542236328,19.360000610351562,18.200000762939453,19.1299991607666,6120700
2011-08-12,19.020000457763672,19.1299991607666,18.59000015258789,18.700000762939453,3330200
2011-08-15,18.90999984741211,19.540000915527344,18.8700008392334,19.540000915527344,3823200
2011-08-16,19.34000015258789,19.40999984741211,19.059999465942383,19.350000381469727,3278300
2011-08-17,19.459999084472656,19.739999771118164,19.389999389648438,19.440000534057617,2887200
2011-08-18,19.09000015258789,19.229999542236328,18.709999084472656,18.850000381469727,6273400
2011-08-19,18.670000076293945,19.06999969482422,18.6200008392334,18.729999542236328,3932900
2011-08-22,19.020000457763672,19.100000381469727,18.530000686645508,18.65999984741211,3949300
2011-08-23,18.940000534057617,19.239999771118164,18.610000610351562,19.209999084472656,9616300
2011-08-24,19.25,19.719999313354492,19.149999618530273,19.56999969482422,7385700
2011-08-25,19.700000762939453,19.700000762939453,19.020000457763672,19.239999771118164,4673200
2011-08-26,19.15999984741211,19.549999237060547,18.719999313354492,19.549999237060547,4473100
2011-08-29,19.799999237060547,19.90999984741211,19.559999465942383,19.829999923706055,5470200
2011-08-30,19.809999465942383,19.979999542236328,19.700000762939453,19.8799991607666,5133500
2011-08-31,19.989999771118164,20.139999389648438,19.8799991607666,20.010000228881836,4343100
2011-09-01,20.110000610351562,20.139999389648438,19.790000915527344,19.790000915527344,5325600
2011-09-02,19.389999389648438,19.6299991607666,19.389999389648438,19.450000762939453,3498400
2011-09-06,19.059999465942383,19.229999542236328,18.84000015258789,19.229999542236328,4988200
2011-09-07,19.440000534057617,19.610000610351562,19.290000915527344,19.610000610351562,4365500
2011-09-08,19.540000915527344,20.239999771118164,19.510000228881836,20.010000228881836,5641800
2011-09-09,19.760000228881836,19.790000915527344,19.270000457763672,19.520000457763672,5013800
2011-09-12,19.270000457763672,19.540000915527344,19.100000381469727,19.540000915527344,4182200
2011-09-13,19.520000457763672,19.850000381469727,19.260000228881836,19.829999923706055,3773100
2011-09-14,19.860000610351562,20.149999618530273,19.489999771118164,19.90999984741211,4426100
2011-09-15,20.049999237060547,20.079999923706055,19.709999084472656,19.8799991607666,4806900
2011-09-16,20.020000457763672,20.139999389648438,19.860000610351562,19.93000030517578,4668000
2011-09-19,19.6200008392334,20.040000915527344,19.559999465942383,19.969999313354492,2563200
2011-09-20,19.989999771118164,20.450000762939453,19.850000381469727,20.1299991607666,3342900
2011-09-21,20.06999969482422,20.1299991607666,19.34000015258789,19.360000610351562,4145500
2011-09-22,18.90999984741211,18.950000762939453,18.530000686645508,18.709999084472656,6104400
2011-09-23,18.6299991607666,19.06999969482422,18.559999465942383,18.969999313354492,3938800
2011-09-26,19.110000610351562,19.239999771118164,18.860000610351562,19.239999771118164,3979500
2011-09-27,19.56999969482422,19.65999984741211,19.139999389648438,19.229999542236328,4623800
2011-09-28,19.219999313354492,19.420000076293945,19.079999923706055,19.1200008392334,4239400
2011-09-29,19.469999313354492,20.389999389648438,19.3799991607666,19.959999084472656,10296700
2011-09-30,19.780000686645508,20.100000381469727,19.6200008392334,19.6200008392334,5593700
2011-10-03,19.600000381469727,19.920000076293945,19.170000076293945,19.18000030517578,4663800
2011-10-04,18.969999313354492,19.579999923706055,18.700000762939453,19.56999969482422,7200000
2011-10-05,19.56999969482422,19.739999771118164,19.209999084472656,19.709999084472656,3237600
2011-10-06,19.719999313354492,20.1299991607666,19.579999923706055,20.1299991607666,3631600
2011-10-07,20.25,20.25,19.75,19.93000030517578,3641400
2011-10-10,20.190000534057617,20.5,20.190000534057617,20.5,3020700
2011-10-11,20.3700008392334,20.3799991607666,19.969999313354492,20.049999237060547,6191100
2011-10-12,20.18000030517578,20.219999313354492,19.8700008392334,19.8799991607666,5419200
2011-10-13,19.829999923706055,20.100000381469727,19.780000686645508,20.06999969482422,2820600
2011-10-14,20.290000915527344,20.3799991607666,20.1299991607666,20.350000381469727,3359100
2011-10-17,20.329999923706055,20.600000381469727,20.239999771118164,20.510000228881836,3798400
2011-10-18,20.469999313354492,20.90999984741211,20.190000534057617,20.729999542236328,4629200
2011-10-19,20.760000228881836,21.1200008392334,20.579999923706055,20.670000076293945,5044200
2011-10-20,20.760000228881836,21.030000686645508,20.700000762939453,20.940000534057617,3971400
2011-10-21,21.18000030517578,21.329999923706055,20.989999771118164,21.229999542236328,3774000
2011-10-24,21.209999084472656,21.389999389648438,21.1299991607666,21.25,2917100
2011-10-25,21.219999313354492,21.329999923706055,20.889999389648438,20.90999984741211,3931400
2011-10-26,21.149999618530273,21.200000762939453,20.81999969482422,21.020000457763672,8685600
2011-10-27,21.299999237060547,21.389999389648438,21.1299991607666,21.25,8408500
2011-10-28,21.200000762939453,21.350000381469727,21.110000610351562,21.290000915527344,4019400
2011-10-31,21.190000534057617,21.229999542236328,20.829999923706055,20.84000015258789,5173800
2011-11-01,20.309999465942383,20.600000381469727,20.190000534057617,20.229999542236328,4749300
2011-11-02,20.510000228881836,21.469999313354492,19.68000030517578,20.079999923706055,12063900
2011-11-03,20.010000228881836,20.360000610351562,19.950000762939453,20.299999237060547,6163900
2011-11-04,20.15999984741211,20.40999984741211,20.06999969482422,20.309999465942383,4642800
2011-11-07,20.3700008392334,20.420000076293945,20.100000381469727,20.350000381469727,2806400
2011-11-08,20.350000381469727,20.389999389648438,20.040000915527344,20.170000076293945,5022500
2011-11-09,19.920000076293945,20.040000915527344,19.489999771118164,19.579999923706055,6303200
2011-11-10,19.780000686645508,19.860000610351562,19.329999923706055,19.549999237060547,6781200
2011-11-11,19.760000228881836,19.850000381469727,19.670000076293945,19.799999237060547,5011300
2011-11-14,19.520000457763672,19.559999465942383,19.049999237060547,19.25,6501000
2011-11-15,19.1200008392334,19.670000076293945,19.010000228881836,19.600000381469727,6488600
2011-11-16,19.469999313354492,19.59000015258789,19.239999771118164,19.270000457763672,3475100
2011-11-17,19.299999237060547,19.510000228881836,19.15999984741211,19.360000610351562,4093400
2011-11-18,19.440000534057617,19.510000228881836,19.299999237060547,19.360000610351562,2381700
2011-11-21,19.1299991607666,19.200000762939453,18.860000610351562,19.010000228881836,2669600
2011-11-22,19.030000686645508,19.110000610351562,18.829999923706055,18.899999618530273,2890800
2011-11-23,18.760000228881836,18.799999237060547,18.59000015258789,18.68000030517578,2832600
2011-11-25,18.600000381469727,18.770000457763672,18.59000015258789,18.59000015258789,1222300
2011-11-28,19.0,19.149999618530273,18.84000015258789,18.969999313354492,2826800
2011-11-29,19.06999969482422,19.299999237060547,19.059999465942383,19.219999313354492,2714800
2011-11-30,19.65999984741211,19.920000076293945,19.510000228881836,19.899999618530273,5235800
2011-12-01,19.81999969482422,19.950000762939453,19.770000457763672,19.799999237060547,2799100
2011-12-02,19.93000030517578,19.959999084472656,19.610000610351562,19.6299991607666,2762400
2011-12-05,19.889999389648438,19.959999084472656,19.68000030517578,19.790000915527344,2981300
2011-12-06,19.860000610351562,19.90999984741211,19.670000076293945,19.68000030517578,3348800
2011-12-07,19.600000381469727,19.899999618530273,19.530000686645508,19.799999237060547,3166100
2011-12-08,19.75,19.770000457763672,19.34000015258789,19.420000076293945,2970400
2011-12-09,19.530000686645508,19.8700008392334,19.450000762939453,19.829999923706055,4504700
2011-12-12,19.6200008392334,19.670000076293945,19.219999313354492,19.440000534057617,2725200
2011-12-13,19.549999237060547,19.6200008392334,19.1200008392334,19.200000762939453,4004900
2011-12-14,19.139999389648438,19.260000228881836,18.739999771118164,18.760000228881836,5812400
2011-12-15,18.8799991607666,19.170000076293945,18.790000915527344,19.100000381469727,3406300
2011-12-16,19.170000076293945,19.350000381469727,19.149999618530273,19.219999313354492,4881800
2011-12-19,19.329999923706055,19.389999389648438,19.040000915527344,19.100000381469727,2353400
2011-12-20,19.260000228881836,19.56999969482422,19.229999542236328,19.520000457763672,2559400
2011-12-21,19.540000915527344,19.760000228881836,19.43000030517578,19.760000228881836,2590700
2011-12-22,19.829999923706055,19.989999771118164,19.700000762939453,19.920000076293945,2291800
2011-12-23,19.979999542236328,20.229999542236328,19.90999984741211,20.219999313354492,1333700
2011-12-27,20.18000030517578,20.329999923706055,20.1200008392334,20.309999465942383,1332500
2011-12-28,20.3700008392334,20.459999084472656,20.1200008392334,20.170000076293945,1752600
2011-12-29,20.15999984741211,20.270000457763672,20.1200008392334,20.229999542236328,1605200
2011-12-30,20.299999237060547,20.309999465942383,20.06999969482422,20.09000015258789,1591800
2012-01-03,20.309999465942383,20.350000381469727,19.84000015258789,19.889999389648438,1898600
2012-01-04,19.809999465942383,20.079999923706055,19.729999542236328,19.790000915527344,2595200
2012-01-05,19.690000534057617,19.860000610351562,19.600000381469727,19.799999237060547,3991200
2012-01-06,19.770000457763672,19.84000015258789,19.5,19.540000915527344,3143600
2012-01-09,19.549999237060547,19.719999313354492,19.530000686645508,19.700000762939453,1882300
2012-01-10,19.850000381469727,19.889999389648438,19.520000457763672,19.549999237060547,3022800
2012-01-11,19.530000686645508,19.56999969482422,19.290000915527344,19.31999969482422,1784400
2012-01-12,19.40999984741211,19.450000762939453,19.1200008392334,19.15999984741211,3250300
2012-01-13,19.079999923706055,19.190000534057617,18.979999542236328,19.09000015258789,2839900
2012-01-17,19.309999465942383,19.3799991607666,19.010000228881836,19.1299991607666,5639200
2012-01-18,19.09000015258789,19.1299991607666,18.8799991607666,18.940000534057617,3455400
2012-01-19,18.90999984741211,18.93000030517578,18.40999984741211,18.43000030517578,5534900
2012-01-20,18.739999771118164,18.81999969482422,18.43000030517578,18.809999465942383,10466500
2012-01-23,18.850000381469727,18.920000076293945,18.729999542236328,18.739999771118164,4067800
2012-01-24,18.40999984741211,18.639999389648438,18.31999969482422,18.579999923706055,3946400
2012-01-25,18.510000228881836,18.760000228881836,18.350000381469727,18.719999313354492,4907000
2012-01-26,18.799999237060547,18.860000610351562,18.43000030517578,18.479999542236328,5568000
2012-01-27,18.479999542236328,18.479999542236328,18.1299991607666,18.229999542236328,5903000
2012-01-30,18.18000030517578,18.399999618530273,18.06999969482422,18.34000015258789,6976400
2012-01-31,18.3700008392334,18.559999465942383,18.219999313354492,18.469999313354492,5289600
2012-02-01,18.579999923706055,18.860000610351562,18.549999237060547,18.68000030517578,4573100
2012-02-02,18.65999984741211,18.75,18.530000686645508,18.579999923706055,2632900
2012-02-03,18.93000030517578,19.040000915527344,18.719999313354492,18.8799991607666,6469900
2012-02-06,18.850000381469727,18.889999389648438,18.65999984741211,18.770000457763672,3096000
2012-02-07,18.709999084472656,18.969999313354492,18.610000610351562,18.8700008392334,4641700
2012-02-08,18.8700008392334,18.920000076293945,18.799999237060547,18.889999389648438,6009600
2012-02-09,18.899999618530273,18.920000076293945,18.760000228881836,18.84000015258789,12613000
2012-02-10,18.760000228881836,18.920000076293945,18.719999313354492,18.90999984741211,12539900
2012-02-13,19.0,19.06999969482422,18.850000381469727,18.860000610351562,3753600
2012-02-14,18.600000381469727,18.729999542236328,18.520000457763672,18.6299991607666,4435600
2012-02-15,18.6299991607666,18.940000534057617,18.469999313354492,18.84000015258789,8915700
2012-02-16,18.81999969482422,19.010000228881836,18.75,18.850000381469727,10510800
2012-02-17,18.850000381469727,19.239999771118164,18.770000457763672,18.979999542236328,7527000
2012-02-21,19.040000915527344,19.1299991607666,18.889999389648438,18.950000762939453,4441900
2012-02-22,18.950000762939453,19.06999969482422,18.739999771118164,18.790000915527344,3276100
2012-02-23,18.790000915527344,18.889999389648438,18.739999771118164,18.829999923706055,2273900
2012-02-24,18.84000015258789,18.920000076293945,18.729999542236328,18.799999237060547,2272700
2012-02-27,18.75,18.799999237060547,18.549999237060547,18.6200008392334,4152200
2012-02-28,18.6200008392334,18.719999313354492,18.469999313354492,18.520000457763672,7224200
2012-02-29,18.59000015258789,19.68000030517578,18.59000015258789,19.489999771118164,19686800
2012-03-01,19.3799991607666,19.40999984741211,19.139999389648438,19.360000610351562,7966200
2012-03-02,19.299999237060547,19.56999969482422,19.25,19.530000686645508,4672300
2012-03-05,19.31999969482422,19.450000762939453,19.110000610351562,19.309999465942383,6245900
2012-03-06,19.1299991607666,19.280000686645508,19.059999465942383,19.15999984741211,3338000
2012-03-07,19.1299991607666,19.469999313354492,19.06999969482422,19.290000915527344,8124600
2012-03-08,19.360000610351562,19.479999542236328,19.209999084472656,19.420000076293945,7696100
2012-03-09,19.440000534057617,19.459999084472656,19.239999771118164,19.260000228881836,4015300
2012-03-12,19.31999969482422,19.440000534057617,19.1299991607666,19.3700008392334,3512000
2012-03-13,19.40999984741211,19.479999542236328,19.280000686645508,19.469999313354492,3396200
2012-03-14,19.440000534057617,19.440000534057617,19.100000381469727,19.139999389648438,4846800
2012-03-15,19.200000762939453,19.290000915527344,18.959999084472656,19.219999313354492,5229400
2012-03-16,19.209999084472656,19.270000457763672,19.040000915527344,19.06999969482422,3675100
2012-03-19,19.079999923706055,19.170000076293945,18.93000030517578,18.940000534057617,3266200
2012-03-20,18.8799991607666,19.190000534057617,18.8799991607666,19.149999618530273,3504500
2012-03-21,19.1299991607666,19.260000228881836,19.100000381469727,19.1299991607666,2007500
2012-03-22,19.049999237060547,19.3799991607666,19.049999237060547,19.299999237060547,6004200
2012-03-23,19.270000457763672,19.3799991607666,19.25,19.309999465942383,3019600
2012-03-26,19.389999389648438,19.549999237060547,19.329999923706055,19.489999771118164,3115000
2012-03-27,19.520000457763672,19.639999389648438,19.469999313354492,19.540000915527344,2326100
2012-03-28,19.530000686645508,19.540000915527344,19.040000915527344,19.170000076293945,5081100
2012-03-29,19.100000381469727,19.350000381469727,18.979999542236328,19.350000381469727,3193200
2012-03-30,19.450000762939453,19.739999771118164,19.389999389648438,19.719999313354492,4899800
2012-04-02,19.729999542236328,19.940000534057617,19.610000610351562,19.8700008392334,4373400
2012-04-03,19.940000534057617,19.959999084472656,19.600000381469727,19.81999969482422,3421000
2012-04-04,19.690000534057617,19.770000457763672,19.579999923706055,19.6299991607666,3599600
2012-04-05,19.6299991607666,19.690000534057617,19.420000076293945,19.549999237060547,3328200
2012-04-09,19.3700008392334,19.510000228881836,19.31999969482422,19.420000076293945,2108400
2012-04-10,19.34000015258789,19.389999389648438,19.0,19.059999465942383,3336700
2012-04-11,19.229999542236328,19.260000228881836,19.049999237060547,19.06999969482422,3027400
2012-04-12,19.059999465942383,19.260000228881836,18.90999984741211,19.260000228881836,2875700
2012-04-13,19.209999084472656,19.34000015258789,19.1299991607666,19.170000076293945,3540400
2012-04-16,19.209999084472656,19.350000381469727,19.100000381469727,19.31999969482422,4044100
2012-04-17,19.40999984741211,19.489999771118164,19.170000076293945,19.479999542236328,3327000
2012-04-18,19.399999618530273,19.43000030517578,19.25,19.31999969482422,2664500
2012-04-19,19.309999465942383,19.440000534057617,19.200000762939453,19.329999923706055,2967900
2012-04-20,19.3700008392334,19.6299991607666,19.3700008392334,19.530000686645508,2170900
2012-04-23,19.399999618530273,19.450000762939453,19.139999389648438,19.280000686645508,4393300
2012-04-24,19.329999923706055,19.530000686645508,19.280000686645508,19.530000686645508,3386100
2012-04-25,19.639999389648438,19.799999237060547,19.540000915527344,19.719999313354492,3217300
2012-04-26,19.670000076293945,19.920000076293945,19.600000381469727,19.850000381469727,3608500
2012-04-27,19.940000534057617,20.1200008392334,19.700000762939453,20.049999237060547,8510200
2012-04-30,20.010000228881836,20.239999771118164,19.90999984741211,20.209999084472656,3219700
2012-05-01,20.260000228881836,20.459999084472656,20.079999923706055,20.420000076293945,4936900
2012-05-02,20.34000015258789,20.360000610351562,19.940000534057617,20.049999237060547,5934800
2012-05-03,20.09000015258789,20.309999465942383,19.6200008392334,19.719999313354492,10032800
2012-05-04,19.8700008392334,20.149999618530273,19.770000457763672,20.049999237060547,6155600
2012-05-07,20.030000686645508,20.049999237060547,19.84000015258789,19.889999389648438,3074800
2012-05-08,19.760000228881836,19.899999618530273,19.700000762939453,19.889999389648438,5511200
2012-05-09,19.700000762939453,19.84000015258789,19.520000457763672,19.770000457763672,5452000
2012-05-10,19.920000076293945,20.309999465942383,19.84000015258789,20.25,7080600
2012-05-11,20.149999618530273,20.309999465942383,20.040000915527344,20.239999771118164,5833600
2012-05-14,19.969999313354492,20.200000762939453,19.899999618530273,20.079999923706055,4101800
2012-05-15,20.020000457763672,20.260000228881836,19.790000915527344,19.829999923706055,6787900
2012-05-16,19.889999389648438,20.209999084472656,19.860000610351562,20.020000457763672,7790500
2012-05-17,20.020000457763672,20.139999389648438,19.700000762939453,19.829999923706055,5421300
2012-05-18,19.829999923706055,19.940000534057617,19.559999465942383,19.6200008392334,3954100
2012-05-21,19.610000610351562,19.860000610351562,19.559999465942383,19.860000610351562,3351600
2012-05-22,19.8799991607666,20.139999389648438,19.770000457763672,19.979999542236328,3413700
2012-05-23,19.899999618530273,20.0,19.700000762939453,19.8700008392334,4167600
2012-05-24,19.8700008392334,20.139999389648438,19.81999969482422,20.030000686645508,2470100
2012-05-25,20.059999465942383,20.18000030517578,19.969999313354492,20.18000030517578,2786700
2012-05-29,20.25,20.25,20.040000915527344,20.239999771118164,2995600
2012-05-30,20.15999984741211,20.309999465942383,20.0,20.020000457763672,2797900
2012-05-31,20.059999465942383,20.389999389648438,19.959999084472656,20.229999542236328,4120300
2012-06-01,20.010000228881836,20.06999969482422,19.81999969482422,19.969999313354492,5407600
2012-06-04,20.030000686645508,20.030000686645508,19.649999618530273,19.780000686645508,6432900
2012-06-05,19.790000915527344,20.110000610351562,19.670000076293945,19.93000030517578,2872300
2012-06-06,20.010000228881836,20.149999618530273,19.850000381469727,20.149999618530273,3578000
2012-06-07,20.25,20.350000381469727,20.219999313354492,20.31999969482422,2840900
2012-06-08,20.31999969482422,20.43000030517578,20.229999542236328,20.399999618530273,2155300
2012-06-11,20.5,20.5,20.1200008392334,20.15999984741211,4677700
2012-06-12,20.18000030517578,20.309999465942383,20.06999969482422,20.299999237060547,1785700
2012-06-13,20.260000228881836,20.34000015258789,20.030000686645508,20.299999237060547,2994500
2012-06-14,20.329999923706055,20.459999084472656,20.280000686645508,20.40999984741211,1917800
2012-06-15,20.479999542236328,20.729999542236328,20.3799991607666,20.6200008392334,3853200
2012-06-18,20.530000686645508,20.75,20.530000686645508,20.709999084472656,1925700
2012-06-19,20.760000228881836,21.0,20.579999923706055,20.59000015258789,5033600
2012-06-20,20.6200008392334,20.780000686645508,20.34000015258789,20.579999923706055,4089300
2012-06-21,20.40999984741211,20.6200008392334,20.139999389648438,20.18000030517578,4365500
2012-06-22,20.299999237060547,20.440000534057617,20.200000762939453,20.34000015258789,3175300
2012-06-25,20.190000534057617,20.309999465942383,20.079999923706055,20.280000686645508,1768000
2012-06-26,20.34000015258789,20.3799991607666,20.229999542236328,20.290000915527344,1578700
2012-06-27,20.290000915527344,20.559999465942383,20.290000915527344,20.520000457763672,2941100
2012-06-28,20.450000762939453,20.639999389648438,20.31999969482422,20.6200008392334,1682000
2012-06-29,20.860000610351562,21.0,20.549999237060547,20.670000076293945,3668000
2012-07-02,20.760000228881836,20.829999923706055,20.600000381469727,20.760000228881836,3287700
2012-07-03,20.709999084472656,20.739999771118164,20.56999969482422,20.649999618530273,1580000
2012-07-05,20.59000015258789,20.6200008392334,20.389999389648438,20.459999084472656,2536900
2012-07-06,20.350000381469727,20.59000015258789,20.290000915527344,20.56999969482422,2313700
2012-07-09,20.510000228881836,20.579999923706055,20.399999618530273,20.559999465942383,2559600
2012-07-10,20.600000381469727,20.739999771118164,20.3799991607666,20.469999313354492,1984500
2012-07-11,20.459999084472656,20.59000015258789,20.399999618530273,20.520000457763672,2069400
2012-07-12,20.420000076293945,20.719999313354492,20.3799991607666,20.6299991607666,1996800
2012-07-13,20.649999618530273,20.989999771118164,20.649999618530273,20.989999771118164,2250300
2012-07-16,20.979999542236328,21.0,20.639999389648438,20.700000762939453,3023500
2012-07-17,20.729999542236328,20.84000015258789,20.559999465942383,20.799999237060547,1913000
2012-07-18,20.75,20.950000762939453,20.729999542236328,20.950000762939453,1730900
2012-07-19,20.8700008392334,20.940000534057617,20.559999465942383,20.920000076293945,3298300
2012-07-20,20.90999984741211,21.18000030517578,20.81999969482422,21.149999618530273,4757900
2012-07-23,21.0,21.040000915527344,20.780000686645508,20.969999313354492,3461400
2012-07-24,20.93000030517578,20.950000762939453,20.479999542236328,20.549999237060547,5142700
2012-07-25,20.65999984741211,20.809999465942383,20.360000610351562,20.56999969482422,3036000
2012-07-26,20.729999542236328,20.950000762939453,20.729999542236328,20.889999389648438,2827900
2012-07-27,21.020000457763672,21.229999542236328,20.950000762939453,21.190000534057617,4745300
2012-07-30,21.100000381469727,21.229999542236328,20.989999771118164,21.190000534057617,3132900
2012-07-31,21.170000076293945,21.270000457763672,21.030000686645508,21.059999465942383,2456800
2012-08-01,21.079999923706055,21.440000534057617,20.8700008392334,20.899999618530273,3490300
2012-08-02,20.760000228881836,21.18000030517578,20.469999313354492,20.829999923706055,4782800
2012-08-03,21.1299991607666,21.389999389648438,21.030000686645508,21.15999984741211,2963500
2012-08-06,21.25,21.399999618530273,20.93000030517578,21.059999465942383,3876800
2012-08-07,21.15999984741211,21.299999237060547,21.030000686645508,21.040000915527344,3252800
2012-08-08,21.06999969482422,21.139999389648438,20.93000030517578,21.110000610351562,3546200
2012-08-09,21.059999465942383,21.100000381469727,20.969999313354492,21.010000228881836,2523800
2012-08-10,20.989999771118164,21.1299991607666,20.93000030517578,21.079999923706055,2405700
2012-08-13,21.06999969482422,21.1200008392334,20.760000228881836,20.780000686645508,3067000
2012-08-14,20.59000015258789,20.690000534057617,20.3799991607666,20.549999237060547,10993800
2012-08-15,20.559999465942383,20.649999618530273,20.479999542236328,20.510000228881836,3340600
2012-08-16,20.479999542236328,20.559999465942383,20.360000610351562,20.420000076293945,2699600
2012-08-17,20.350000381469727,20.450000762939453,20.219999313354492,20.239999771118164,2771000
2012-08-20,20.219999313354492,20.43000030517578,20.139999389648438,20.43000030517578,2803800
2012-08-21,20.40999984741211,20.649999618530273,20.299999237060547,20.43000030517578,3424700
2012-08-22,20.65999984741211,20.690000534057617,20.34000015258789,20.3799991607666,2839200
2012-08-23,20.3700008392334,20.399999618530273,20.18000030517578,20.239999771118164,2845800
2012-08-24,20.229999542236328,20.360000610351562,20.18000030517578,20.31999969482422,2174800
2012-08-27,20.290000915527344,20.510000228881836,20.290000915527344,20.459999084472656,1875000
2012-08-28,20.40999984741211,20.6299991607666,20.399999618530273,20.600000381469727,3796900
2012-08-29,20.56999969482422,20.649999618530273,20.5,20.579999923706055,1900800
2012-08-30,20.5,20.579999923706055,20.389999389648438,20.520000457763672,1574200
2012-08-31,20.56999969482422,20.649999618530273,20.329999923706055,20.389999389648438,2560400
2012-09-04,20.40999984741211,20.670000076293945,20.299999237060547,20.6299991607666,2989300
2012-09-05,20.6299991607666,20.75,20.5,20.639999389648438,3494400
2012-09-06,20.719999313354492,20.989999771118164,20.690000534057617,20.989999771118164,3582000
2012-09-07,20.979999542236328,21.0,20.860000610351562,20.950000762939453,2807100
2012-09-10,21.010000228881836,21.030000686645508,20.90999984741211,20.93000030517578,1670600
2012-09-11,20.899999618530273,20.979999542236328,20.850000381469727,20.899999618530273,1343900
2012-09-12,20.90999984741211,20.940000534057617,20.690000534057617,20.700000762939453,2051200
2012-09-13,20.68000030517578,21.100000381469727,20.649999618530273,21.100000381469727,2503700
2012-09-14,21.110000610351562,21.25,20.90999984741211,21.020000457763672,3447500
2012-09-17,21.020000457763672,21.040000915527344,20.739999771118164,20.799999237060547,2738000
2012-09-18,20.81999969482422,20.899999618530273,20.68000030517578,20.809999465942383,2824700
2012-09-19,20.809999465942383,20.84000015258789,20.600000381469727,20.719999313354492,2474600
2012-09-20,20.709999084472656,21.0,20.649999618530273,20.8700008392334,3761800
2012-09-21,20.899999618530273,21.149999618530273,20.799999237060547,21.1200008392334,3542900
2012-09-24,21.010000228881836,21.309999465942383,21.0,21.290000915527344,2938300
2012-09-25,21.290000915527344,21.440000534057617,21.260000228881836,21.420000076293945,3994500
2012-09-26,21.420000076293945,21.559999465942383,21.280000686645508,21.450000762939453,3886300
2012-09-27,21.489999771118164,21.540000915527344,21.25,21.299999237060547,3265700
2012-09-28,21.280000686645508,21.350000381469727,21.110000610351562,21.299999237060547,2536500
2012-10-01,21.329999923706055,21.3799991607666,21.139999389648438,21.149999618530273,2864700
2012-10-02,21.219999313354492,21.260000228881836,21.110000610351562,21.200000762939453,1963000
2012-10-03,21.239999771118164,21.540000915527344,21.219999313354492,21.520000457763672,3202100
2012-10-04,21.56999969482422,21.709999084472656,21.450000762939453,21.510000228881836,1709400
2012-10-05,21.579999923706055,21.68000030517578,21.31999969482422,21.40999984741211,2458700
2012-10-08,21.40999984741211,21.489999771118164,21.270000457763672,21.40999984741211,1408200
2012-10-09,21.3700008392334,21.440000534057617,21.280000686645508,21.360000610351562,1777000
2012-10-10,21.399999618530273,21.43000030517578,21.25,21.290000915527344,1550700
2012-10-11,21.3700008392334,21.389999389648438,21.149999618530273,21.18000030517578,1907300
2012-10-12,21.270000457763672,21.270000457763672,21.030000686645508,21.1299991607666,1106000
2012-10-15,21.170000076293945,21.43000030517578,21.1200008392334,21.399999618530273,2148400
2012-10-16,21.5,21.5,21.25,21.440000534057617,3214800
2012-10-17,21.510000228881836,21.75,21.450000762939453,21.75,2954500
2012-10-18,21.739999771118164,21.75,21.540000915527344,21.690000534057617,1908500
2012-10-19,21.690000534057617,21.719999313354492,21.389999389648438,21.40999984741211,1871500
2012-10-22,21.299999237060547,21.360000610351562,21.149999618530273,21.239999771118164,2771500
2012-10-23,21.079999923706055,21.1299991607666,20.8700008392334,21.040000915527344,2870600
2012-10-24,21.09000015258789,21.389999389648438,21.030000686645508,21.1200008392334,2385800
2012-10-25,21.209999084472656,21.3799991607666,21.1200008392334,21.3799991607666,1574100
2012-10-26,21.399999618530273,21.5,21.1200008392334,21.469999313354492,2338300
2012-10-31,21.540000915527344,21.709999084472656,21.459999084472656,21.670000076293945,1985600
2012-11-01,21.65999984741211,21.739999771118164,21.559999465942383,21.739999771118164,2905100
2012-11-02,21.799999237060547,21.809999465942383,21.530000686645508,21.540000915527344,1761200
2012-11-05,21.489999771118164,21.489999771118164,21.270000457763672,21.3700008392334,1834200
2012-11-06,21.389999389648438,21.6299991607666,21.309999465942383,21.479999542236328,2381500
2012-11-07,21.43000030517578,21.510000228881836,20.579999923706055,20.6299991607666,5334200
2012-11-08,20.549999237060547,20.860000610351562,20.360000610351562,20.389999389648438,4726200
2012-11-09,20.350000381469727,20.420000076293945,20.1200008392334,20.149999618530273,3547600
2012-11-12,20.149999618530273,20.25,20.010000228881836,20.15999984741211,2040300
2012-11-13,20.030000686645508,20.43000030517578,19.93000030517578,19.959999084472656,4869200
2012-11-14,19.959999084472656,20.049999237060547,19.420000076293945,19.489999771118164,3986100
2012-11-15,19.489999771118164,19.600000381469727,18.950000762939453,19.1299991607666,6430300
2012-11-16,19.18000030517578,19.59000015258789,19.170000076293945,19.579999923706055,4976700
2012-11-19,19.709999084472656,19.709999084472656,19.290000915527344,19.3799991607666,4183800
2012-11-20,19.420000076293945,19.479999542236328,19.18000030517578,19.360000610351562,3296500
2012-11-21,19.399999618530273,19.450000762939453,19.149999618530273,19.299999237060547,2236000
2012-11-23,19.31999969482422,19.34000015258789,19.1299991607666,19.260000228881836,1238700
2012-11-26,19.18000030517578,19.579999923706055,19.18000030517578,19.559999465942383,3182600
2012-11-27,19.559999465942383,19.790000915527344,19.479999542236328,19.6200008392334,4584100
2012-11-28,19.530000686645508,19.739999771118164,19.34000015258789,19.739999771118164,3277600
2012-11-29,19.969999313354492,19.969999313354492,19.649999618530273,19.760000228881836,2223200
2012-11-30,19.760000228881836,19.8799991607666,19.600000381469727,19.729999542236328,7578400
2012-12-03,19.729999542236328,19.889999389648438,19.559999465942383,19.760000228881836,2958400
2012-12-04,19.75,19.760000228881836,19.520000457763672,19.6299991607666,2693500
2012-12-05,19.68000030517578,20.149999618530273,19.639999389648438,19.920000076293945,4100200
2012-12-06,19.940000534057617,20.0,19.799999237060547,19.860000610351562,2817300
2012-12-07,19.8799991607666,19.93000030517578,19.68000030517578,19.84000015258789,3207600
2012-12-10,19.84000015258789,20.06999969482422,19.729999542236328,19.920000076293945,2808900
2012-12-11,19.940000534057617,20.1200008392334,19.829999923706055,19.8799991607666,3214200
2012-12-12,19.899999618530273,20.040000915527344,19.829999923706055,19.850000381469727,2773900
2012-12-13,19.829999923706055,19.959999084472656,19.790000915527344,19.829999923706055,2936400
2012-12-14,19.860000610351562,19.90999984741211,19.639999389648438,19.670000076293945,1909900
2012-12-17,19.709999084472656,19.979999542236328,19.639999389648438,19.84000015258789,2155000
2012-12-18,19.8700008392334,19.989999771118164,19.799999237060547,19.899999618530273,2128300
2012-12-19,19.889999389648438,19.93000030517578,19.68000030517578,19.719999313354492,2690800
2012-12-20,19.75,19.81999969482422,19.6200008392334,19.670000076293945,2681000
2012-12-21,19.469999313354492,19.6299991607666,19.360000610351562,19.459999084472656,4393900
2012-12-24,19.399999618530273,19.450000762939453,19.25,19.389999389648438,1038400
2012-12-26,19.420000076293945,19.469999313354492,19.1200008392334,19.1299991607666,2172000
2012-12-27,19.079999923706055,19.149999618530273,18.829999923706055,19.049999237060547,4020400
2012-12-28,18.950000762939453,19.190000534057617,18.8799991607666,19.0,3110200
2012-12-31,18.90999984741211,19.280000686645508,18.790000915527344,19.25,2557300
2013-01-02,19.520000457763672,19.6200008392334,19.389999389648438,19.6200008392334,3043300
2013-01-03,19.6200008392334,19.75,19.59000015258789,19.68000030517578,1990900
2013-01-04,19.670000076293945,19.850000381469727,19.6299991607666,19.81999969482422,2161000
2013-01-07,19.739999771118164,19.790000915527344,19.530000686645508,19.600000381469727,1981800
2013-01-08,19.540000915527344,19.600000381469727,19.34000015258789,19.469999313354492,4052600
2013-01-09,19.510000228881836,19.670000076293945,19.40999984741211,19.670000076293945,2498200
2013-01-10,19.700000762939453,19.809999465942383,19.6299991607666,19.790000915527344,2605600
2013-01-11,19.989999771118164,20.270000457763672,19.899999618530273,20.040000915527344,3661500
2013-01-14,20.020000457763672,20.06999969482422,19.799999237060547,19.8799991607666,3053400
2013-01-15,19.860000610351562,20.059999465942383,19.799999237060547,20.059999465942383,2935800
2013-01-16,19.969999313354492,20.059999465942383,19.780000686645508,19.920000076293945,3760400
2013-01-17,19.920000076293945,20.079999923706055,19.90999984741211,19.90999984741211,2692100
2013-01-18,19.979999542236328,20.030000686645508,19.90999984741211,20.020000457763672,2759000
2013-01-22,20.010000228881836,20.209999084472656,20.0,20.190000534057617,2301800
2013-01-23,20.1200008392334,20.18000030517578,20.020000457763672,20.15999984741211,1994000
2013-01-24,20.190000534057617,20.360000610351562,20.059999465942383,20.239999771118164,2212200
2013-01-25,20.25,20.34000015258789,20.100000381469727,20.329999923706055,2073700
2013-01-28,20.290000915527344,20.399999618530273,20.030000686645508,20.25,1879100
2013-01-29,20.239999771118164,20.530000686645508,20.18000030517578,20.530000686645508,3155400
2013-01-30,20.510000228881836,20.610000610351562,20.43000030517578,20.510000228881836,2146000
2013-01-31,20.489999771118164,20.530000686645508,20.3799991607666,20.440000534057617,2409700
2013-02-01,20.530000686645508,20.6200008392334,20.489999771118164,20.559999465942383,2774500
2013-02-04,20.510000228881836,20.59000015258789,20.479999542236328,20.530000686645508,1791500
2013-02-05,20.56999969482422,20.739999771118164,20.56999969482422,20.670000076293945,3362000
2013-02-06,20.59000015258789,20.809999465942383,20.450000762939453,20.780000686645508,4258100
2013-02-07,20.84000015258789,20.8700008392334,20.639999389648438,20.8700008392334,3014000
2013-02-08,20.850000381469727,20.90999984741211,20.75,20.90999984741211,2246000
2013-02-11,20.90999984741211,20.969999313354492,20.799999237060547,20.920000076293945,3130100
2013-02-12,20.8799991607666,21.059999465942383,20.829999923706055,21.049999237060547,3336800
2013-02-13,20.8700008392334,21.010000228881836,20.65999984741211,20.780000686645508,3448400
2013-02-14,20.760000228881836,20.860000610351562,20.389999389648438,20.43000030517578,6194000
2013-02-15,20.43000030517578,20.56999969482422,20.31999969482422,20.40999984741211,6050500
2013-02-19,20.5,20.799999237060547,20.43000030517578,20.510000228881836,5022600
2013-02-20,20.479999542236328,20.829999923706055,20.479999542236328,20.700000762939453,3801500
2013-02-21,20.639999389648438,20.790000915527344,20.540000915527344,20.670000076293945,2942700
2013-02-22,20.709999084472656,20.920000076293945,20.68000030517578,20.899999618530273,3329500
2013-02-25,20.940000534057617,21.170000076293945,20.520000457763672,20.520000457763672,3592100
2013-02-26,20.6299991607666,20.899999618530273,20.5,20.700000762939453,4635700
2013-02-27,20.75,21.530000686645508,20.75,21.229999542236328,9133900
2013-02-28,21.280000686645508,21.520000457763672,21.15999984741211,21.43000030517578,4961900
2013-03-01,21.479999542236328,21.559999465942383,21.270000457763672,21.530000686645508,3290200
2013-03-04,21.479999542236328,21.670000076293945,21.43000030517578,21.649999618530273,2023500
2013-03-05,21.709999084472656,21.950000762939453,21.68000030517578,21.860000610351562,3465500
2013-03-06,21.889999389648438,21.899999618530273,21.610000610351562,21.709999084472656,2227000
2013-03-07,21.700000762939453,21.780000686645508,21.600000381469727,21.6299991607666,2092500
2013-03-08,21.719999313354492,21.8700008392334,21.6299991607666,21.81999969482422,2884400
2013-03-11,21.799999237060547,21.920000076293945,21.760000228881836,21.850000381469727,1452900
2013-03-12,21.8799991607666,21.940000534057617,21.739999771118164,21.770000457763672,1797700
2013-03-13,21.81999969482422,21.8799991607666,21.739999771118164,21.8700008392334,1769300
2013-03-14,21.860000610351562,21.899999618530273,21.739999771118164,21.84000015258789,2409600
2013-03-15,23.84000015258789,24.010000228881836,22.829999923706055,23.40999984741211,24499700
2013-03-18,23.040000915527344,23.520000457763672,22.959999084472656,23.110000610351562,7814300
2013-03-19,23.209999084472656,23.270000457763672,22.84000015258789,22.969999313354492,3221900
2013-03-20,23.040000915527344,23.219999313354492,22.989999771118164,23.1200008392334,2810000
2013-03-21,23.0,23.469999313354492,22.950000762939453,23.440000534057617,5159800
2013-03-22,23.399999618530273,23.649999618530273,23.360000610351562,23.43000030517578,3480000
2013-03-25,23.5,23.649999618530273,23.200000762939453,23.40999984741211,3283400
2013-03-26,23.549999237060547,23.760000228881836,23.489999771118164,23.75,2971200
2013-03-27,23.600000381469727,23.799999237060547,23.559999465942383,23.670000076293945,2384900
2013-03-28,23.709999084472656,24.049999237060547,23.639999389648438,23.959999084472656,3165200
2013-04-01,23.889999389648438,23.989999771118164,23.700000762939453,23.799999237060547,2002900
2013-04-02,23.860000610351562,24.079999923706055,23.84000015258789,23.959999084472656,2891200
2013-04-03,23.979999542236328,24.040000915527344,23.65999984741211,23.729999542236328,2647100
2013-04-04,23.780000686645508,24.020000457763672,23.75,23.940000534057617,3438100
2013-04-05,23.639999389648438,23.93000030517578,23.520000457763672,23.8700008392334,3275800
2013-04-08,23.850000381469727,24.079999923706055,23.81999969482422,24.06999969482422,2957800
2013-04-09,24.149999618530273,24.200000762939453,23.920000076293945,23.940000534057617,4057700
2013-04-10,24.0,24.149999618530273,23.959999084472656,24.100000381469727,2946400
2013-04-11,24.18000030517578,24.260000228881836,24.110000610351562,24.229999542236328,1973800
2013-04-12,24.18000030517578,24.239999771118164,24.020000457763672,24.020000457763672,2731800
2013-04-15,24.0,24.040000915527344,23.510000228881836,23.510000228881836,3865900
2013-04-16,23.670000076293945,23.860000610351562,23.540000915527344,23.850000381469727,3585500
2013-04-17,23.739999771118164,23.84000015258789,23.420000076293945,23.56999969482422,3483200
2013-04-18,23.579999923706055,23.8799991607666,23.559999465942383,23.739999771118164,2736900
2013-04-19,23.84000015258789,24.15999984741211,23.75,24.139999389648438,1787500
2013-04-22,24.110000610351562,24.190000534057617,23.860000610351562,24.020000457763672,1734800
2013-04-23,24.110000610351562,24.200000762939453,23.90999984741211,24.190000534057617,1756700
2013-04-24,24.280000686645508,24.34000015258789,24.1200008392334,24.190000534057617,1915700
2013-04-25,24.34000015258789,24.440000534057617,24.219999313354492,24.31999969482422,1679500
2013-04-26,24.299999237060547,24.43000030517578,24.25,24.260000228881836,1515300
2013-04-29,24.360000610351562,24.700000762939453,24.260000228881836,24.520000457763672,2232400
2013-04-30,24.559999465942383,24.690000534057617,24.3700008392334,24.68000030517578,2899100
2013-05-01,24.68000030517578,24.729999542236328,24.270000457763672,24.34000015258789,3023000
2013-05-02,24.100000381469727,24.399999618530273,23.93000030517578,24.139999389648438,3701600
2013-05-03,24.170000076293945,24.59000015258789,23.959999084472656,24.34000015258789,5153200
2013-05-06,24.299999237060547,24.31999969482422,24.1200008392334,24.18000030517578,3518800
2013-05-07,24.25,24.420000076293945,24.190000534057617,24.3799991607666,3903800
2013-05-08,24.329999923706055,24.469999313354492,24.1200008392334,24.219999313354492,1998500
2013-05-09,23.969999313354492,24.299999237060547,23.950000762939453,24.09000015258789,3433800
2013-05-10,24.100000381469727,24.229999542236328,24.030000686645508,24.209999084472656,2137500
2013-05-13,24.100000381469727,24.190000534057617,24.0,24.079999923706055,3067400
2013-05-14,23.829999923706055,24.299999237060547,23.760000228881836,24.1299991607666,3969800
2013-05-15,24.100000381469727,24.530000686645508,24.059999465942383,24.40999984741211,2756100
2013-05-16,24.329999923706055,24.40999984741211,24.06999969482422,24.100000381469727,2381500
2013-05-17,24.15999984741211,24.3700008392334,24.079999923706055,24.299999237060547,2542500
2013-05-20,24.209999084472656,24.389999389648438,24.149999618530273,24.270000457763672,2061800
2013-05-21,24.290000915527344,24.520000457763672,24.190000534057617,24.3700008392334,1703500
2013-05-22,24.34000015258789,24.479999542236328,23.68000030517578,23.739999771118164,2620300
2013-05-23,23.56999969482422,23.940000534057617,23.450000762939453,23.860000610351562,3264600
2013-05-24,23.649999618530273,23.790000915527344,23.440000534057617,23.559999465942383,2005600
2013-05-28,23.6299991607666,23.8700008392334,23.309999465942383,23.43000030517578,2122200
2013-05-29,23.260000228881836,23.34000015258789,22.809999465942383,23.040000915527344,2358000
2013-05-30,23.139999389648438,23.600000381469727,23.059999465942383,23.200000762939453,2396200
2013-05-31,23.149999618530273,23.719999313354492,23.09000015258789,23.18000030517578,4218900
2013-06-03,23.190000534057617,23.420000076293945,22.969999313354492,23.200000762939453,3309900
2013-06-04,23.149999618530273,23.489999771118164,22.979999542236328,23.110000610351562,4100500
2013-06-05,23.030000686645508,23.229999542236328,22.709999084472656,22.850000381469727,5134900
2013-06-06,22.84000015258789,23.15999984741211,22.649999618530273,23.149999618530273,3955200
2013-06-07,23.209999084472656,23.40999984741211,23.020000457763672,23.389999389648438,1981000
2013-06-10,23.40999984741211,23.549999237060547,23.190000534057617,23.329999923706055,2435500
2013-06-11,23.190000534057617,23.260000228881836,23.010000228881836,23.1200008392334,3635000
2013-06-12,23.239999771118164,23.40999984741211,22.90999984741211,23.06999969482422,3651800
2013-06-13,23.030000686645508,23.68000030517578,22.950000762939453,23.6200008392334,2950700
2013-06-14,23.56999969482422,23.809999465942383,23.5,23.709999084472656,2203000
2013-06-17,23.850000381469727,23.899999618530273,23.43000030517578,23.540000915527344,2597700
2013-06-18,23.600000381469727,23.809999465942383,23.520000457763672,23.670000076293945,2153000
2013-06-19,23.670000076293945,23.729999542236328,23.09000015258789,23.09000015258789,2206200
2013-06-20,22.940000534057617,22.989999771118164,22.40999984741211,22.489999771118164,2897100
2013-06-21,22.649999618530273,22.920000076293945,22.219999313354492,22.760000228881836,3039800
2013-06-24,22.579999923706055,22.809999465942383,22.360000610351562,22.6200008392334,2138000
2013-06-25,22.809999465942383,23.15999984741211,22.68000030517578,23.06999969482422,3109700
2013-06-26,23.200000762939453,23.40999984741211,23.040000915527344,23.299999237060547,2217800
2013-06-27,23.3799991607666,23.6299991607666,23.309999465942383,23.489999771118164,1907200
2013-06-28,23.459999084472656,23.75,23.309999465942383,23.489999771118164,3130800
2013-07-01,23.780000686645508,23.780000686645508,23.200000762939453,23.270000457763672,2749400
2013-07-02,23.25,23.579999923706055,23.229999542236328,23.450000762939453,3049400
2013-07-03,23.299999237060547,23.459999084472656,23.229999542236328,23.360000610351562,785500
2013-07-05,23.420000076293945,23.420000076293945,23.079999923706055,23.34000015258789,1646600
2013-07-08,23.450000762939453,23.799999237060547,23.399999618530273,23.68000030517578,1770700
2013-07-09,23.790000915527344,23.8700008392334,23.65999984741211,23.860000610351562,1837500
2013-07-10,23.799999237060547,24.06999969482422,23.719999313354492,24.040000915527344,1583300
2013-07-11,24.299999237060547,24.350000381469727,24.010000228881836,24.309999465942383,1451500
2013-07-12,24.31999969482422,24.420000076293945,24.1299991607666,24.399999618530273,947600
2013-07-15,24.329999923706055,24.709999084472656,24.31999969482422,24.639999389648438,2520800
2013-07-16,24.670000076293945,24.709999084472656,24.350000381469727,24.510000228881836,1701400
2013-07-17,24.6200008392334,24.700000762939453,24.309999465942383,24.459999084472656,1609800
2013-07-18,24.530000686645508,24.829999923706055,24.489999771118164,24.739999771118164,1216400
2013-07-19,24.739999771118164,24.829999923706055,24.350000381469727,24.639999389648438,2350000
2013-07-22,24.729999542236328,24.770000457763672,24.510000228881836,24.579999923706055,1290000
2013-07-23,24.610000610351562,24.829999923706055,24.530000686645508,24.780000686645508,1439200
2013-07-24,24.739999771118164,24.780000686645508,24.3700008392334,24.450000762939453,1489700
2013-07-25,24.350000381469727,24.889999389648438,24.350000381469727,24.709999084472656,2547200
2013-07-26,24.489999771118164,24.81999969482422,24.329999923706055,24.81999969482422,2962700
2013-07-29,24.760000228881836,24.84000015258789,24.649999618530273,24.670000076293945,1279200
2013-07-30,24.799999237060547,24.889999389648438,24.760000228881836,24.829999923706055,1603400
2013-07-31,24.75,24.989999771118164,24.579999923706055,24.81999969482422,5029000
2013-08-01,25.3799991607666,25.649999618530273,24.709999084472656,25.15999984741211,2936800
2013-08-02,25.18000030517578,25.280000686645508,24.90999984741211,25.110000610351562,2177300
2013-08-05,25.010000228881836,25.049999237060547,24.56999969482422,24.579999923706055,4146900
2013-08-06,24.610000610351562,24.920000076293945,24.5,24.6200008392334,3107700
2013-08-07,24.5,24.75,24.459999084472656,24.530000686645508,2325600
2013-08-08,24.389999389648438,24.75,24.329999923706055,24.399999618530273,9297200
2013-08-09,24.399999618530273,24.440000534057617,24.1299991607666,24.25,9119800
2013-08-12,24.139999389648438,24.239999771118164,24.020000457763672,24.110000610351562,8489100
2013-08-13,24.110000610351562,24.170000076293945,23.920000076293945,24.030000686645508,3801400
2013-08-14,23.760000228881836,23.899999618530273,23.469999313354492,23.549999237060547,2383600
2013-08-15,23.450000762939453,23.469999313354492,23.239999771118164,23.290000915527344,2749300
2013-08-16,23.270000457763672,23.329999923706055,23.06999969482422,23.18000030517578,3565300
2013-08-19,23.1299991607666,23.209999084472656,22.8799991607666,22.93000030517578,2888800
2013-08-20,22.93000030517578,23.43000030517578,22.8700008392334,23.309999465942383,3711900
2013-08-21,23.18000030517578,23.260000228881836,22.969999313354492,23.0,2443800
2013-08-22,23.0,23.139999389648438,22.899999618530273,23.010000228881836,1605600
2013-08-23,23.010000228881836,23.25,22.899999618530273,23.170000076293945,1646900
2013-08-26,23.149999618530273,23.200000762939453,22.950000762939453,22.989999771118164,2233900
2013-08-27,22.809999465942383,23.209999084472656,22.729999542236328,23.040000915527344,3174000
2013-08-28,23.010000228881836,23.31999969482422,22.920000076293945,23.200000762939453,3174600
2013-08-29,23.100000381469727,23.270000457763672,23.0,23.049999237060547,1995400
2013-08-30,23.040000915527344,23.139999389648438,22.81999969482422,22.93000030517578,2228100
2013-09-03,23.09000015258789,23.1299991607666,22.65999984741211,22.760000228881836,2859700
2013-09-04,22.75,22.950000762939453,22.489999771118164,22.93000030517578,3224100
2013-09-05,22.90999984741211,23.030000686645508,22.700000762939453,22.760000228881836,2314100
2013-09-06,22.860000610351562,23.030000686645508,22.75,22.809999465942383,2877900
2013-09-09,22.829999923706055,23.149999618530273,22.829999923706055,23.020000457763672,1969400
2013-09-10,23.100000381469727,23.170000076293945,22.969999313354492,23.110000610351562,2033600
2013-09-11,23.09000015258789,23.1299991607666,22.690000534057617,22.860000610351562,3413300
2013-09-12,22.8799991607666,22.989999771118164,22.68000030517578,22.8700008392334,2444500
2013-09-13,22.889999389648438,23.059999465942383,22.84000015258789,22.889999389648438,1588200
2013-09-16,23.139999389648438,23.200000762939453,22.84000015258789,22.8700008392334,3118300
2013-09-17,22.90999984741211,23.489999771118164,22.8700008392334,23.489999771118164,3329800
2013-09-18,23.479999542236328,24.399999618530273,23.450000762939453,24.309999465942383,7327000
2013-09-19,24.360000610351562,24.6299991607666,24.020000457763672,24.209999084472656,5124000
2013-09-20,24.209999084472656,24.360000610351562,23.8799991607666,23.920000076293945,5236500
2013-09-23,23.8799991607666,24.260000228881836,23.760000228881836,24.25,3785000
2013-09-24,24.200000762939453,24.239999771118164,24.010000228881836,24.030000686645508,2652500
2013-09-25,24.010000228881836,24.219999313354492,23.950000762939453,24.0,2046800
2013-09-26,23.989999771118164,24.229999542236328,23.959999084472656,24.09000015258789,2766600
2013-09-27,23.979999542236328,24.170000076293945,23.84000015258789,23.93000030517578,2304500
2013-09-30,23.809999465942383,24.049999237060547,23.719999313354492,23.969999313354492,3036200
2013-10-01,24.020000457763672,24.3799991607666,23.940000534057617,24.190000534057617,2888700
2013-10-02,24.1200008392334,24.600000381469727,24.030000686645508,24.40999984741211,3749200
2013-10-03,24.299999237060547,24.299999237060547,23.829999923706055,23.8700008392334,3406400
2013-10-04,23.860000610351562,24.18000030517578,23.829999923706055,24.1299991607666,2884400
2013-10-07,23.989999771118164,24.139999389648438,23.8700008392334,23.8700008392334,1365900
2013-10-08,23.850000381469727,24.06999969482422,23.75,23.850000381469727,2870000
2013-10-09,23.950000762939453,24.329999923706055,23.81999969482422,23.93000030517578,2248600
2013-10-10,24.020000457763672,24.360000610351562,23.829999923706055,24.34000015258789,1577500
2013-10-11,24.239999771118164,24.459999084472656,24.15999984741211,24.459999084472656,1450800
2013-10-14,24.360000610351562,24.43000030517578,23.979999542236328,24.40999984741211,2343300
2013-10-15,24.299999237060547,24.469999313354492,24.030000686645508,24.040000915527344,2088500
2013-10-16,24.18000030517578,24.3799991607666,24.079999923706055,24.350000381469727,2584400
2013-10-17,24.270000457763672,24.75,24.170000076293945,24.68000030517578,1828600
2013-10-18,24.770000457763672,24.829999923706055,24.56999969482422,24.600000381469727,2679800
2013-10-21,24.549999237060547,24.690000534057617,24.469999313354492,24.600000381469727,1839800
2013-10-22,24.65999984741211,24.940000534057617,24.559999465942383,24.709999084472656,3481400
2013-10-23,24.690000534057617,25.020000457763672,24.59000015258789,24.68000030517578,3514400
2013-10-24,24.770000457763672,24.829999923706055,24.43000030517578,24.6200008392334,1846900
2013-10-25,24.610000610351562,24.889999389648438,24.479999542236328,24.8700008392334,2429900
2013-10-28,24.940000534057617,25.040000915527344,24.700000762939453,24.84000015258789,2690300
2013-10-29,24.84000015258789,24.93000030517578,24.549999237060547,24.799999237060547,2056500
2013-10-30,24.8799991607666,25.010000228881836,24.440000534057617,24.479999542236328,2753600
2013-10-31,24.510000228881836,24.75,24.25,24.600000381469727,3046300
2013-11-01,24.639999389648438,24.719999313354492,24.389999389648438,24.40999984741211,3496600
2013-11-04,24.479999542236328,24.579999923706055,24.219999313354492,24.450000762939453,2264600
2013-11-05,24.420000076293945,24.5,24.239999771118164,24.260000228881836,2911200
2013-11-06,24.25,25.170000076293945,24.06999969482422,25.049999237060547,6943300
2013-11-07,25.1299991607666,25.299999237060547,24.690000534057617,24.729999542236328,3674000
2013-11-08,24.649999618530273,24.829999923706055,24.350000381469727,24.81999969482422,9744800
2013-11-11,24.8700008392334,25.1299991607666,24.760000228881836,25.0,2677500
2013-11-12,24.899999618530273,25.020000457763672,24.809999465942383,24.899999618530273,12282500
2013-11-13,24.559999465942383,24.989999771118164,24.450000762939453,24.979999542236328,3029200
2013-11-14,25.049999237060547,25.139999389648438,24.81999969482422,24.940000534057617,2643000
2013-11-15,24.920000076293945,25.06999969482422,24.790000915527344,25.06999969482422,7225800
2013-11-18,25.06999969482422,25.100000381469727,24.81999969482422,24.90999984741211,4160300
2013-11-19,24.84000015258789,24.93000030517578,24.600000381469727,24.68000030517578,1856200
2013-11-20,24.700000762939453,24.790000915527344,24.360000610351562,24.389999389648438,2351000
2013-11-21,24.469999313354492,24.670000076293945,24.350000381469727,24.540000915527344,2765600
2013-11-22,24.540000915527344,25.049999237060547,24.459999084472656,24.979999542236328,8578100
2013-11-25,25.010000228881836,25.030000686645508,24.799999237060547,24.8700008392334,3862800
2013-11-26,24.200000762939453,24.229999542236328,22.940000534057617,23.579999923706055,22806800
2013-11-27,23.559999465942383,23.579999923706055,23.360000610351562,23.450000762939453,9252800
2013-11-29,23.420000076293945,23.600000381469727,23.350000381469727,23.43000030517578,3062100
2013-12-02,23.170000076293945,23.420000076293945,22.969999313354492,23.1299991607666,6728500
2013-12-03,23.020000457763672,23.170000076293945,22.920000076293945,23.049999237060547,5254800
2013-12-04,22.799999237060547,23.09000015258789,22.700000762939453,23.09000015258789,3277300
2013-12-05,23.0,23.229999542236328,22.829999923706055,23.190000534057617,4889300
2013-12-06,23.260000228881836,23.5,23.010000228881836,23.360000610351562,6625800
2013-12-09,23.360000610351562,23.3799991607666,23.010000228881836,23.290000915527344,3158000
2013-12-10,23.219999313354492,23.5,23.15999984741211,23.239999771118164,4628500
2013-12-11,23.190000534057617,23.270000457763672,22.760000228881836,22.850000381469727,3826200
2013-12-12,22.81999969482422,23.040000915527344,22.809999465942383,22.850000381469727,2201800
2013-12-13,22.84000015258789,22.899999618530273,22.6200008392334,22.68000030517578,3138100
2013-12-16,22.84000015258789,23.010000228881836,22.6299991607666,22.790000915527344,3075100
2013-12-17,22.75,23.020000457763672,22.649999618530273,22.889999389648438,4905400
2013-12-18,22.850000381469727,23.030000686645508,22.459999084472656,22.989999771118164,3646500
2013-12-19,22.8700008392334,22.889999389648438,22.56999969482422,22.760000228881836,2527600
2013-12-20,22.780000686645508,23.510000228881836,22.780000686645508,23.25,6128700
2013-12-23,23.299999237060547,23.360000610351562,23.020000457763672,23.059999465942383,2700100
2013-12-24,23.079999923706055,23.219999313354492,22.959999084472656,23.149999618530273,745000
2013-12-26,23.15999984741211,23.25,23.0,23.06999969482422,1472800
2013-12-27,23.06999969482422,23.239999771118164,23.010000228881836,23.1200008392334,1436900
2013-12-30,23.139999389648438,23.229999542236328,23.06999969482422,23.110000610351562,2159200
2013-12-31,23.1200008392334,23.229999542236328,23.030000686645508,23.18000030517578,1945900
2014-01-02,23.170000076293945,23.290000915527344,22.809999465942383,22.81999969482422,2980400
2014-01-03,22.860000610351562,23.0,22.700000762939453,22.809999465942383,3187900
2014-01-06,22.93000030517578,22.940000534057617,22.690000534057617,22.84000015258789,2697800
2014-01-07,22.8799991607666,23.200000762939453,22.809999465942383,23.079999923706055,2760300
2014-01-08,23.020000457763672,23.100000381469727,22.760000228881836,22.84000015258789,2521700
2014-01-09,22.850000381469727,23.110000610351562,22.709999084472656,23.100000381469727,3654400
2014-01-10,23.229999542236328,23.68000030517578,23.219999313354492,23.3799991607666,5118800
2014-01-13,23.290000915527344,23.360000610351562,23.0,23.040000915527344,5265600
2014-01-14,23.040000915527344,23.280000686645508,23.0,23.229999542236328,3566000
2014-01-15,23.209999084472656,23.469999313354492,23.09000015258789,23.459999084472656,6575700
2014-01-16,23.450000762939453,23.6200008392334,23.260000228881836,23.559999465942383,5048000
2014-01-17,23.579999923706055,23.600000381469727,23.40999984741211,23.420000076293945,2868100
2014-01-21,23.5,23.739999771118164,23.469999313354492,23.709999084472656,2551900
2014-01-22,23.690000534057617,23.8700008392334,23.68000030517578,23.790000915527344,1708000
2014-01-23,23.709999084472656,23.760000228881836,23.40999984741211,23.56999969482422,2523700
2014-01-24,23.450000762939453,23.639999389648438,23.149999618530273,23.149999618530273,2767400
2014-01-27,23.170000076293945,23.299999237060547,23.09000015258789,23.18000030517578,2559900
2014-01-28,23.18000030517578,23.3700008392334,23.139999389648438,23.34000015258789,2212800
2014-01-29,23.200000762939453,23.3700008392334,23.020000457763672,23.149999618530273,2779400
2014-01-30,23.260000228881836,23.6200008392334,23.25,23.549999237060547,2780100
2014-01-31,23.34000015258789,23.770000457763672,23.329999923706055,23.399999618530273,7158900
2014-02-03,23.469999313354492,23.639999389648438,22.959999084472656,23.049999237060547,4106100
2014-02-04,23.149999618530273,23.18000030517578,22.8700008392334,23.059999465942383,3668600
2014-02-05,22.969999313354492,23.09000015258789,22.6200008392334,23.040000915527344,5107600
2014-02-06,23.040000915527344,23.209999084472656,22.950000762939453,23.18000030517578,4360200
2014-02-07,23.239999771118164,23.469999313354492,23.18000030517578,23.329999923706055,3168100
2014-02-10,23.290000915527344,23.43000030517578,23.100000381469727,23.399999618530273,3059400
2014-02-11,23.360000610351562,23.56999969482422,23.299999237060547,23.559999465942383,3701500
2014-02-12,23.280000686645508,23.520000457763672,23.280000686645508,23.299999237060547,3341000
2014-02-13,23.219999313354492,23.520000457763672,23.149999618530273,23.5,3591300
2014-02-14,23.440000534057617,24.059999465942383,23.3799991607666,24.049999237060547,5238300
2014-02-18,24.0,24.149999618530273,23.719999313354492,24.09000015258789,5914600
2014-02-19,23.989999771118164,24.469999313354492,23.93000030517578,24.139999389648438,5924300
2014-02-20,24.18000030517578,24.540000915527344,24.059999465942383,24.280000686645508,3884500
2014-02-21,24.260000228881836,24.530000686645508,24.15999984741211,24.479999542236328,3749600
2014-02-24,24.549999237060547,24.700000762939453,24.3700008392334,24.3799991607666,3178600
2014-02-25,24.360000610351562,24.479999542236328,23.989999771118164,24.190000534057617,5774500
2014-02-26,24.280000686645508,24.3700008392334,23.530000686645508,23.549999237060547,10724700
2014-02-27,23.520000457763672,23.780000686645508,23.450000762939453,23.559999465942383,7500600
2014-02-28,23.600000381469727,23.729999542236328,23.549999237060547,23.649999618530273,2565700
2014-03-03,23.530000686645508,23.59000015258789,23.299999237060547,23.479999542236328,4131900
2014-03-04,23.65999984741211,23.770000457763672,23.5,23.610000610351562,2064900
2014-03-05,23.610000610351562,23.610000610351562,23.239999771118164,23.329999923706055,3139300
2014-03-06,23.389999389648438,23.489999771118164,23.209999084472656,23.25,3322500
2014-03-07,23.229999542236328,23.229999542236328,23.010000228881836,23.190000534057617,2119500
2014-03-10,23.209999084472656,23.239999771118164,23.010000228881836,23.09000015258789,3435500
2014-03-11,23.15999984741211,23.399999618530273,22.940000534057617,23.309999465942383,5707400
2014-03-12,23.270000457763672,23.459999084472656,23.200000762939453,23.420000076293945,8262500
2014-03-13,23.5,24.1200008392334,23.459999084472656,23.940000534057617,10242900
2014-03-14,23.90999984741211,24.020000457763672,23.770000457763672,23.899999618530273,4598900
2014-03-17,23.940000534057617,24.260000228881836,23.899999618530273,24.25,4702700
2014-03-18,24.260000228881836,24.270000457763672,24.020000457763672,24.049999237060547,3043900
2014-03-19,24.06999969482422,24.100000381469727,23.739999771118164,23.8700008392334,6345700
2014-03-20,23.770000457763672,23.799999237060547,23.56999969482422,23.700000762939453,2241600
2014-03-21,23.780000686645508,24.030000686645508,23.600000381469727,23.719999313354492,6313200
2014-03-24,23.780000686645508,23.8700008392334,23.420000076293945,23.540000915527344,5560800
2014-03-25,23.59000015258789,23.639999389648438,23.270000457763672,23.389999389648438,5681800
2014-03-26,23.440000534057617,23.6299991607666,23.280000686645508,23.280000686645508,5426300
2014-03-27,23.389999389648438,23.469999313354492,23.15999984741211,23.389999389648438,6396000
2014-03-28,23.520000457763672,23.6200008392334,23.420000076293945,23.540000915527344,2740000
2014-03-31,23.6200008392334,23.81999969482422,23.520000457763672,23.690000534057617,3592000
2014-04-01,23.719999313354492,24.139999389648438,23.639999389648438,23.81999969482422,5407900
2014-04-02,23.780000686645508,24.059999465942383,23.510000228881836,23.969999313354492,4847400
2014-04-03,24.049999237060547,24.100000381469727,23.670000076293945,23.8700008392334,6579500
2014-04-04,23.950000762939453,24.15999984741211,23.780000686645508,23.799999237060547,3865600
2014-04-07,23.799999237060547,23.889999389648438,23.3700008392334,23.389999389648438,4901400
2014-04-08,23.489999771118164,23.700000762939453,23.190000534057617,23.690000534057617,5740800
2014-04-09,23.690000534057617,23.90999984741211,23.530000686645508,23.860000610351562,3842100
2014-04-10,23.899999618530273,24.219999313354492,23.829999923706055,23.959999084472656,4125800
2014-04-11,23.920000076293945,24.34000015258789,23.84000015258789,24.0,7084800
2014-04-14,24.079999923706055,24.170000076293945,23.850000381469727,24.049999237060547,5813400
2014-04-15,24.110000610351562,24.469999313354492,24.06999969482422,24.459999084472656,4810200
2014-04-16,24.549999237060547,24.729999542236328,24.350000381469727,24.700000762939453,5560700
2014-04-17,24.6299991607666,24.809999465942383,24.459999084472656,24.610000610351562,3965900
2014-04-21,24.6299991607666,24.65999984741211,24.350000381469727,24.399999618530273,3559300
2014-04-22,24.469999313354492,24.649999618530273,24.299999237060547,24.549999237060547,5425500
2014-04-23,24.610000610351562,24.84000015258789,24.56999969482422,24.6200008392334,2971700
2014-04-24,24.639999389648438,24.780000686645508,24.43000030517578,24.559999465942383,3745600
2014-04-25,24.56999969482422,24.899999618530273,24.479999542236328,24.860000610351562,4498100
2014-04-28,24.889999389648438,24.959999084472656,24.610000610351562,24.81999969482422,5253400
2014-04-29,24.829999923706055,24.940000534057617,24.56999969482422,24.59000015258789,4381300
2014-04-30,24.6200008392334,24.860000610351562,24.600000381469727,24.760000228881836,5082900
2014-05-01,25.229999542236328,25.549999237060547,24.56999969482422,24.739999771118164,4730300
2014-05-02,24.649999618530273,24.690000534057617,24.229999542236328,24.290000915527344,4531300
2014-05-05,24.270000457763672,24.520000457763672,24.239999771118164,24.469999313354492,3146000
2014-05-06,24.479999542236328,24.479999542236328,24.239999771118164,24.25,2743500
2014-05-07,24.299999237060547,24.540000915527344,24.270000457763672,24.510000228881836,3346100
2014-05-08,24.559999465942383,24.639999389648438,24.280000686645508,24.360000610351562,3067300
2014-05-09,24.34000015258789,24.40999984741211,23.93000030517578,23.950000762939453,3727200
2014-05-12,23.950000762939453,24.059999465942383,23.729999542236328,23.729999542236328,3760000
2014-05-13,23.760000228881836,23.860000610351562,23.549999237060547,23.670000076293945,5308700
2014-05-14,23.450000762939453,23.8700008392334,23.40999984741211,23.700000762939453,3903900
2014-05-15,23.700000762939453,23.81999969482422,23.549999237060547,23.549999237060547,2965300
2014-05-16,23.579999923706055,23.8799991607666,23.450000762939453,23.8799991607666,5125100
2014-05-19,23.81999969482422,23.829999923706055,23.469999313354492,23.510000228881836,3287700
2014-05-20,23.510000228881836,23.68000030517578,23.389999389648438,23.639999389648438,3624200
2014-05-21,23.670000076293945,23.729999542236328,23.520000457763672,23.68000030517578,3494100
2014-05-22,23.68000030517578,24.110000610351562,23.610000610351562,24.030000686645508,3863000
2014-05-23,24.0,24.049999237060547,23.84000015258789,23.8700008392334,2563800
2014-05-27,24.0,24.1200008392334,23.860000610351562,23.959999084472656,2888400
2014-05-28,23.989999771118164,24.06999969482422,23.920000076293945,24.010000228881836,2664600
2014-05-29,24.010000228881836,24.079999923706055,23.860000610351562,24.059999465942383,1822800
2014-05-30,24.010000228881836,24.15999984741211,23.950000762939453,24.1200008392334,4123800
2014-06-02,24.09000015258789,24.149999618530273,23.969999313354492,24.079999923706055,1709300
2014-06-03,24.030000686645508,24.110000610351562,23.940000534057617,24.020000457763672,5392900
2014-06-04,23.989999771118164,24.010000228881836,23.8799991607666,23.940000534057617,2108600
2014-06-05,23.93000030517578,24.100000381469727,23.850000381469727,24.100000381469727,3267600
2014-06-06,24.170000076293945,24.239999771118164,24.020000457763672,24.049999237060547,3430800
2014-06-09,24.010000228881836,24.079999923706055,23.8799991607666,23.93000030517578,2401000
2014-06-10,23.899999618530273,24.06999969482422,23.81999969482422,23.889999389648438,3554300
2014-06-11,23.829999923706055,23.93000030517578,23.600000381469727,23.809999465942383,2832000
2014-06-12,23.790000915527344,23.989999771118164,23.6299991607666,23.950000762939453,3110200
2014-06-13,23.950000762939453,24.040000915527344,23.790000915527344,24.010000228881836,2173800
2014-06-16,24.18000030517578,24.739999771118164,24.110000610351562,24.6299991607666,5627000
2014-06-17,24.549999237060547,24.610000610351562,24.170000076293945,24.479999542236328,4779900
2014-06-18,24.489999771118164,24.81999969482422,24.450000762939453,24.770000457763672,5618200
2014-06-19,24.799999237060547,24.989999771118164,24.739999771118164,24.969999313354492,5703200
2014-06-20,24.989999771118164,25.010000228881836,24.530000686645508,24.579999923706055,12311000
2014-06-23,24.649999618530273,24.780000686645508,24.559999465942383,24.610000610351562,3397700
2014-06-24,24.6299991607666,24.920000076293945,24.559999465942383,24.760000228881836,9087400
2014-06-25,24.709999084472656,25.09000015258789,24.709999084472656,25.059999465942383,3452700
2014-06-26,25.010000228881836,25.209999084472656,24.850000381469727,25.15999984741211,5318200
2014-06-27,25.15999984741211,25.40999984741211,25.079999923706055,25.360000610351562,3334900
2014-06-30,25.3799991607666,25.75,25.309999465942383,25.540000915527344,6810900
2014-07-01,25.579999923706055,25.6200008392334,25.3799991607666,25.3799991607666,4410300
2014-07-02,25.34000015258789,25.350000381469727,24.860000610351562,24.90999984741211,2982100
2014-07-03,24.920000076293945,25.010000228881836,24.65999984741211,24.770000457763672,1931600
2014-07-07,24.760000228881836,24.93000030517578,24.719999313354492,24.780000686645508,2465900
2014-07-08,24.739999771118164,25.030000686645508,24.739999771118164,24.829999923706055,2977100
2014-07-09,24.899999618530273,25.020000457763672,24.770000457763672,24.899999618530273,2051900
2014-07-10,24.850000381469727,25.059999465942383,24.770000457763672,25.059999465942383,2049800
2014-07-11,25.040000915527344,25.149999618530273,24.90999984741211,24.969999313354492,1817400
2014-07-14,25.0,25.09000015258789,24.690000534057617,24.719999313354492,2253600
2014-07-15,24.760000228881836,24.950000762939453,24.719999313354492,24.899999618530273,2708000
2014-07-16,24.899999618530273,24.950000762939453,24.690000534057617,24.920000076293945,2523400
2014-07-17,24.829999923706055,25.139999389648438,24.780000686645508,24.809999465942383,3407500
2014-07-18,25.0,25.100000381469727,24.799999237060547,25.06999969482422,2906300
2014-07-21,24.989999771118164,25.229999542236328,24.940000534057617,25.1299991607666,2195700
2014-07-22,25.170000076293945,25.280000686645508,25.1200008392334,25.1200008392334,1288900
2014-07-23,25.1200008392334,25.1299991607666,24.989999771118164,25.0,1192200
2014-07-24,25.049999237060547,25.219999313354492,24.90999984741211,25.15999984741211,2250300
2014-07-25,25.06999969482422,25.139999389648438,24.860000610351562,24.8700008392334,1339600
2014-07-28,24.84000015258789,25.239999771118164,24.829999923706055,25.149999618530273,2244700
2014-07-29,25.18000030517578,25.229999542236328,24.889999389648438,24.979999542236328,2983300
2014-07-30,25.020000457763672,25.100000381469727,24.479999542236328,24.559999465942383,3241200
2014-07-31,24.450000762939453,24.649999618530273,24.299999237060547,24.31999969482422,4623500
2014-08-01,24.290000915527344,24.649999618530273,24.25,24.489999771118164,3434700
2014-08-04,24.479999542236328,24.479999542236328,23.979999542236328,24.450000762939453,5408500
2014-08-05,24.299999237060547,24.360000610351562,23.8700008392334,23.940000534057617,4632300
2014-08-06,23.979999542236328,24.010000228881836,23.469999313354492,23.559999465942383,9841000
2014-08-07,23.600000381469727,24.010000228881836,23.600000381469727,23.8799991607666,3876000
2014-08-08,23.989999771118164,24.350000381469727,23.969999313354492,24.329999923706055,2854600
2014-08-11,24.360000610351562,24.549999237060547,24.260000228881836,24.360000610351562,4147700
2014-08-12,24.360000610351562,24.530000686645508,24.290000915527344,24.389999389648438,3571700
2014-08-13,24.170000076293945,24.350000381469727,24.06999969482422,24.229999542236328,2980500
2014-08-14,24.280000686645508,24.540000915527344,24.209999084472656,24.5,2438800
2014-08-15,24.5,24.700000762939453,24.290000915527344,24.510000228881836,4625800
2014-08-18,24.579999923706055,24.690000534057617,24.34000015258789,24.389999389648438,2434200
2014-08-19,24.399999618530273,24.65999984741211,24.3799991607666,24.649999618530273,2548900
2014-08-20,24.829999923706055,24.90999984741211,24.530000686645508,24.729999542236328,2588500
2014-08-21,24.739999771118164,24.899999618530273,24.670000076293945,24.690000534057617,1732300
2014-08-22,24.649999618530273,24.75,24.459999084472656,24.520000457763672,2102600
2014-08-25,24.549999237060547,24.850000381469727,24.530000686645508,24.790000915527344,2845300
2014-08-26,24.860000610351562,24.8799991607666,24.520000457763672,24.559999465942383,1718700
2014-08-27,24.610000610351562,24.719999313354492,24.549999237060547,24.6299991607666,1759500
2014-08-28,24.549999237060547,24.850000381469727,24.549999237060547,24.84000015258789,993200
2014-08-29,24.8700008392334,24.899999618530273,24.700000762939453,24.84000015258789,2789100
2014-09-02,24.850000381469727,24.899999618530273,24.610000610351562,24.739999771118164,2273100
2014-09-03,24.760000228881836,24.969999313354492,24.760000228881836,24.8799991607666,1577300
2014-09-04,24.84000015258789,24.920000076293945,24.6200008392334,24.75,2362100
2014-09-05,24.770000457763672,25.059999465942383,24.770000457763672,25.020000457763672,2073500
2014-09-08,25.020000457763672,25.09000015258789,24.75,24.850000381469727,2578200
2014-09-09,24.790000915527344,24.950000762939453,24.670000076293945,24.690000534057617,2935500
2014-09-10,24.690000534057617,24.739999771118164,24.5,24.610000610351562,3226700
2014-09-11,24.6200008392334,24.780000686645508,24.56999969482422,24.75,1775700
2014-09-12,24.670000076293945,24.700000762939453,24.190000534057617,24.25,2217800
2014-09-15,24.290000915527344,24.440000534057617,24.229999542236328,24.270000457763672,2884600
2014-09-16,24.229999542236328,24.530000686645508,24.219999313354492,24.43000030517578,2780800
2014-09-17,24.5,24.6200008392334,24.15999984741211,24.360000610351562,4665200
2014-09-18,24.3700008392334,24.43000030517578,24.139999389648438,24.219999313354492,2475700
2014-09-19,24.219999313354492,24.280000686645508,24.030000686645508,24.059999465942383,7954100
2014-09-22,24.170000076293945,24.170000076293945,23.829999923706055,23.850000381469727,4821000
2014-09-23,23.799999237060547,23.8799991607666,23.729999542236328,23.860000610351562,5104800
2014-09-24,23.889999389648438,24.010000228881836,23.790000915527344,23.8700008392334,3851000
2014-09-25,23.84000015258789,24.209999084472656,23.799999237060547,23.940000534057617,4138900
2014-09-26,23.940000534057617,24.5,23.809999465942383,24.389999389648438,6338500
2014-09-29,24.350000381469727,24.510000228881836,24.290000915527344,24.459999084472656,3074000
2014-09-30,24.489999771118164,24.700000762939453,24.389999389648438,24.469999313354492,3960300
2014-10-01,24.520000457763672,24.75,24.489999771118164,24.540000915527344,2987000
2014-10-02,24.540000915527344,24.68000030517578,24.43000030517578,24.530000686645508,3064400
2014-10-03,24.56999969482422,24.829999923706055,24.459999084472656,24.729999542236328,2168500
2014-10-06,24.75,24.84000015258789,24.510000228881836,24.6200008392334,1999300
2014-10-07,24.579999923706055,24.719999313354492,24.469999313354492,24.479999542236328,3213800
2014-10-08,24.469999313354492,24.790000915527344,24.40999984741211,24.75,4941800
2014-10-09,24.75,24.84000015258789,24.100000381469727,24.190000534057617,4097900
2014-10-10,24.290000915527344,24.459999084472656,23.940000534057617,24.079999923706055,5240900
2014-10-13,24.040000915527344,24.149999618530273,23.1299991607666,23.15999984741211,10151100
2014-10-14,23.280000686645508,23.309999465942383,22.6299991607666,22.809999465942383,9142700
2014-10-15,22.510000228881836,22.59000015258789,21.06999969482422,22.139999389648438,9788900
2014-10-16,21.899999618530273,22.829999923706055,21.770000457763672,22.549999237060547,9922700
2014-10-17,22.729999542236328,23.31999969482422,22.530000686645508,23.170000076293945,7457600
2014-10-20,23.15999984741211,23.649999618530273,23.059999465942383,23.540000915527344,3750900
2014-10-21,23.6299991607666,23.989999771118164,23.530000686645508,23.8700008392334,3943400
2014-10-22,23.8700008392334,24.15999984741211,23.510000228881836,23.520000457763672,5155000
2014-10-23,23.690000534057617,24.020000457763672,23.579999923706055,23.81999969482422,3148200
2014-10-24,23.8799991607666,24.139999389648438,23.799999237060547,24.0,2016700
2014-10-27,24.020000457763672,24.219999313354492,23.899999618530273,24.010000228881836,3847700
2014-10-28,24.100000381469727,24.290000915527344,24.040000915527344,24.290000915527344,3193000
2014-10-29,24.329999923706055,24.450000762939453,23.8799991607666,24.200000762939453,2371000
2014-10-30,24.219999313354492,24.559999465942383,24.18000030517578,24.40999984741211,4420500
2014-10-31,24.5,24.579999923706055,24.239999771118164,24.549999237060547,5079900
2014-11-03,24.6299991607666,25.100000381469727,24.559999465942383,24.8799991607666,6256500
2014-11-04,24.790000915527344,24.920000076293945,24.389999389648438,24.639999389648438,4808700
2014-11-05,24.950000762939453,25.209999084472656,24.43000030517578,25.1299991607666,9388400
2014-11-06,25.079999923706055,25.110000610351562,24.530000686645508,24.940000534057617,5957100
2014-11-07,24.979999542236328,25.270000457763672,24.920000076293945,25.229999542236328,4157700
2014-11-10,25.25,25.389999389648438,25.100000381469727,25.3799991607666,3213700
2014-11-11,25.43000030517578,25.559999465942383,25.1299991607666,25.299999237060547,3106600
2014-11-12,24.739999771118164,24.940000534057617,24.559999465942383,24.56999969482422,5329600
2014-11-13,24.6200008392334,24.729999542236328,24.15999984741211,24.190000534057617,4326600
2014-11-14,24.110000610351562,24.209999084472656,23.979999542236328,24.040000915527344,3989700
2014-11-17,24.049999237060547,24.450000762939453,23.950000762939453,24.3799991607666,2971500
2014-11-18,24.3700008392334,24.65999984741211,24.239999771118164,24.59000015258789,2906000
2014-11-19,24.5,24.6299991607666,24.34000015258789,24.3799991607666,2604800
2014-11-20,24.309999465942383,24.510000228881836,24.219999313354492,24.329999923706055,1806000
2014-11-21,24.59000015258789,24.610000610351562,24.18000030517578,24.34000015258789,6072900
2014-11-24,24.399999618530273,24.549999237060547,24.299999237060547,24.350000381469727,2973200
2014-11-25,24.420000076293945,24.440000534057617,24.149999618530273,24.309999465942383,3464500
2014-11-26,24.3700008392334,24.43000030517578,24.219999313354492,24.270000457763672,1887800
2014-11-28,24.25,24.3700008392334,23.850000381469727,23.940000534057617,3599900
2014-12-01,23.850000381469727,23.8799991607666,23.399999618530273,23.5,5473000
2014-12-02,23.469999313354492,23.899999618530273,23.40999984741211,23.770000457763672,5478200
2014-12-03,23.809999465942383,24.149999618530273,23.760000228881836,24.09000015258789,3590000
2014-12-04,24.059999465942383,24.170000076293945,23.8700008392334,23.920000076293945,4794300
2014-12-05,23.739999771118164,23.93000030517578,23.479999542236328,23.549999237060547,3944600
2014-12-08,23.520000457763672,23.829999923706055,23.209999084472656,23.299999237060547,4249200
2014-12-09,23.190000534057617,23.600000381469727,23.190000534057617,23.450000762939453,3913300
2014-12-10,23.43000030517578,23.479999542236328,22.520000457763672,22.649999618530273,6864200
2014-12-11,22.700000762939453,23.0,22.559999465942383,22.579999923706055,4688400
2014-12-12,22.510000228881836,22.59000015258789,22.0,22.0,5688700
2014-12-15,22.06999969482422,22.1200008392334,21.479999542236328,21.540000915527344,5500300
2014-12-16,21.530000686645508,22.25,21.40999984741211,21.709999084472656,5647900
2014-12-17,21.860000610351562,22.530000686645508,21.700000762939453,22.489999771118164,5405400
2014-12-18,22.549999237060547,23.0,22.489999771118164,23.0,4709000
2014-12-19,23.079999923706055,23.229999542236328,22.90999984741211,23.100000381469727,6554700
2014-12-22,23.110000610351562,23.290000915527344,22.8799991607666,23.270000457763672,3546000
2014-12-23,23.3700008392334,23.549999237060547,23.290000915527344,23.450000762939453,2715900
2014-12-24,23.450000762939453,23.799999237060547,23.43000030517578,23.760000228881836,1894200
2014-12-26,23.809999465942383,24.110000610351562,23.799999237060547,23.93000030517578,2806900
2014-12-29,23.93000030517578,24.350000381469727,23.93000030517578,24.290000915527344,2916200
2014-12-30,24.299999237060547,24.3799991607666,23.799999237060547,23.81999969482422,2260600
2014-12-31,23.8700008392334,23.899999618530273,23.389999389648438,23.43000030517578,2303100
2015-01-02,23.450000762939453,23.65999984741211,23.299999237060547,23.6299991607666,2275600
2015-01-05,23.270000457763672,23.440000534057617,22.700000762939453,22.8799991607666,4125900
2015-01-06,22.8799991607666,23.020000457763672,22.209999084472656,22.3700008392334,4766400
2015-01-07,22.540000915527344,22.8700008392334,22.3799991607666,22.65999984741211,5264500
2015-01-08,22.860000610351562,23.239999771118164,22.709999084472656,23.200000762939453,3429700
2015-01-09,23.190000534057617,23.200000762939453,22.649999618530273,22.709999084472656,2127100
2015-01-12,22.739999771118164,22.81999969482422,22.3700008392334,22.760000228881836,2481200
2015-01-13,22.93000030517578,23.149999618530273,22.489999771118164,22.639999389648438,3044900
2015-01-14,22.420000076293945,22.649999618530273,22.209999084472656,22.6200008392334,4441500
2015-01-15,22.65999984741211,22.760000228881836,22.5,22.65999984741211,3755700
2015-01-16,22.610000610351562,23.010000228881836,22.440000534057617,23.0,4188100
2015-01-20,23.079999923706055,23.1200008392334,22.6200008392334,22.889999389648438,3195900
2015-01-21,22.889999389648438,23.18000030517578,22.760000228881836,23.149999618530273,3247900
2015-01-22,23.229999542236328,23.329999923706055,22.739999771118164,22.889999389648438,3462000
2015-01-23,22.950000762939453,23.1299991607666,22.8700008392334,22.969999313354492,2327500
2015-01-26,22.770000457763672,23.010000228881836,22.399999618530273,23.0,2689400
2015-01-27,22.8700008392334,23.309999465942383,22.799999237060547,23.139999389648438,3045700
2015-01-28,23.170000076293945,23.239999771118164,22.65999984741211,22.760000228881836,4317000
2015-01-29,22.799999237060547,23.459999084472656,22.700000762939453,23.3700008392334,4108100
2015-01-30,23.15999984741211,23.440000534057617,23.059999465942383,23.09000015258789,4888800
2015-02-02,23.1200008392334,23.299999237060547,22.690000534057617,22.899999618530273,4296400
2015-02-03,22.610000610351562,22.920000076293945,22.510000228881836,22.84000015258789,5485000
2015-02-04,22.729999542236328,22.920000076293945,22.520000457763672,22.799999237060547,4895000
2015-02-05,22.989999771118164,23.280000686645508,22.829999923706055,23.190000534057617,3555300
2015-02-06,23.1299991607666,23.149999618530273,22.110000610351562,22.219999313354492,4395700
2015-02-09,22.229999542236328,22.559999465942383,22.1200008392334,22.190000534057617,4030600
2015-02-10,22.209999084472656,22.719999313354492,22.110000610351562,22.670000076293945,3669000
2015-02-11,22.290000915527344,22.350000381469727,21.610000610351562,21.649999618530273,4704600
2015-02-12,21.770000457763672,22.1200008392334,21.670000076293945,22.110000610351562,4691900
2015-02-13,22.100000381469727,22.149999618530273,21.690000534057617,21.760000228881836,6230700
2015-02-17,21.610000610351562,21.790000915527344,21.510000228881836,21.600000381469727,5676200
2015-02-18,21.540000915527344,21.969999313354492,21.540000915527344,21.940000534057617,4501100
2015-02-19,21.959999084472656,21.959999084472656,21.5,21.610000610351562,3713900
2015-02-20,21.639999389648438,21.739999771118164,21.450000762939453,21.729999542236328,2851100
2015-02-23,21.739999771118164,21.809999465942383,21.479999542236328,21.68000030517578,2247800
2015-02-24,21.709999084472656,22.139999389648438,21.600000381469727,22.040000915527344,3994200
2015-02-25,21.979999542236328,21.989999771118164,21.510000228881836,21.56999969482422,4439000
2015-02-26,21.59000015258789,21.690000534057617,20.829999923706055,21.020000457763672,6704800
2015-02-27,21.0,21.040000915527344,20.6299991607666,20.790000915527344,6445100
2015-03-02,20.809999465942383,20.8700008392334,20.530000686645508,20.690000534057617,5389800
2015-03-03,20.68000030517578,20.90999984741211,20.540000915527344,20.780000686645508,4019800
2015-03-04,20.700000762939453,20.8799991607666,20.68000030517578,20.739999771118164,3900600
2015-03-05,20.940000534057617,21.1200008392334,20.84000015258789,20.959999084472656,4178100
2015-03-06,20.639999389648438,20.8799991607666,20.5,20.649999618530273,5344800
2015-03-09,20.649999618530273,20.8799991607666,20.610000610351562,20.729999542236328,4399700
2015-03-10,20.709999084472656,20.829999923706055,20.6299991607666,20.639999389648438,5046100
2015-03-11,20.6200008392334,20.700000762939453,20.399999618530273,20.459999084472656,3562000
2015-03-12,20.559999465942383,20.81999969482422,20.489999771118164,20.739999771118164,3567600
2015-03-13,20.709999084472656,20.75,20.229999542236328,20.540000915527344,3938600
2015-03-16,20.6299991607666,20.950000762939453,20.579999923706055,20.700000762939453,4175200
2015-03-17,20.670000076293945,20.790000915527344,20.520000457763672,20.700000762939453,3459300
2015-03-18,20.709999084472656,21.469999313354492,20.639999389648438,21.350000381469727,2924600
2015-03-19,21.200000762939453,21.260000228881836,20.829999923706055,20.84000015258789,4611200
2015-03-20,20.969999313354492,21.260000228881836,20.920000076293945,21.170000076293945,5819000
2015-03-23,21.190000534057617,21.290000915527344,20.899999618530273,20.90999984741211,3640800
2015-03-24,20.8799991607666,21.1200008392334,20.760000228881836,20.790000915527344,2932000
2015-03-25,20.850000381469727,20.93000030517578,20.56999969482422,20.579999923706055,2684700
2015-03-26,20.59000015258789,20.729999542236328,20.420000076293945,20.420000076293945,3288300
2015-03-27,20.420000076293945,20.65999984741211,20.329999923706055,20.6200008392334,3085500
2015-03-30,20.68000030517578,20.8700008392334,20.56999969482422,20.6299991607666,3102100
2015-03-31,20.600000381469727,20.739999771118164,20.25,20.40999984741211,5408300
2015-04-01,20.399999618530273,20.829999923706055,20.280000686645508,20.780000686645508,3401000
2015-04-02,20.770000457763672,20.850000381469727,20.559999465942383,20.719999313354492,3017900
2015-04-06,20.75,21.100000381469727,20.719999313354492,21.059999465942383,2772900
2015-04-07,20.979999542236328,21.06999969482422,20.809999465942383,20.8700008392334,2745200
2015-04-08,20.8700008392334,20.93000030517578,20.6299991607666,20.690000534057617,4118100
2015-04-09,20.65999984741211,20.700000762939453,20.459999084472656,20.520000457763672,3725200
2015-04-10,20.540000915527344,20.8799991607666,20.540000915527344,20.760000228881836,1962900
2015-04-13,20.719999313354492,20.739999771118164,20.540000915527344,20.559999465942383,2332800
2015-04-14,20.559999465942383,20.75,20.559999465942383,20.719999313354492,1941100
2015-04-15,20.81999969482422,21.479999542236328,20.670000076293945,21.309999465942383,6226300
2015-04-16,21.1200008392334,21.1299991607666,20.6299991607666,20.860000610351562,5229500
2015-04-17,20.65999984741211,21.100000381469727,20.65999984741211,20.899999618530273,3597700
2015-04-20,21.020000457763672,21.229999542236328,21.020000457763672,21.1200008392334,1981400
2015-04-21,21.15999984741211,21.239999771118164,20.6299991607666,20.65999984741211,4114700
2015-04-22,20.739999771118164,20.989999771118164,20.56999969482422,20.829999923706055,2883600
2015-04-23,20.850000381469727,21.0,20.75,20.969999313354492,2875500
2015-04-24,20.979999542236328,21.139999389648438,20.8700008392334,21.049999237060547,3069700
2015-04-27,21.100000381469727,21.100000381469727,20.75,20.809999465942383,3093900
2015-04-28,20.719999313354492,21.079999923706055,20.68000030517578,21.010000228881836,2841400
2015-04-29,20.889999389648438,21.1299991607666,20.65999984741211,21.1299991607666,3283900
2015-04-30,21.010000228881836,21.049999237060547,20.770000457763672,20.969999313354492,4198000
2015-05-01,21.030000686645508,21.139999389648438,20.889999389648438,21.059999465942383,2686700
2015-05-04,21.059999465942383,21.290000915527344,21.049999237060547,21.110000610351562,2220400
2015-05-05,21.06999969482422,21.149999618530273,20.65999984741211,20.700000762939453,3199700
2015-05-06,20.75,20.790000915527344,20.190000534057617,20.360000610351562,4399700
2015-05-07,20.389999389648438,20.469999313354492,20.229999542236328,20.299999237060547,3484700
2015-05-08,20.59000015258789,20.719999313354492,20.420000076293945,20.719999313354492,3458400
2015-05-11,20.399999618530273,20.84000015258789,20.31999969482422,20.5,3564600
2015-05-12,20.34000015258789,20.350000381469727,19.959999084472656,20.040000915527344,7664900
2015-05-13,19.739999771118164,19.959999084472656,19.6299991607666,19.84000015258789,6702900
2015-05-14,19.979999542236328,20.270000457763672,19.950000762939453,20.200000762939453,4580400
2015-05-15,20.280000686645508,20.440000534057617,20.18000030517578,20.389999389648438,4626800
2015-05-18,20.350000381469727,20.5,20.290000915527344,20.420000076293945,4941800
2015-05-19,20.389999389648438,20.459999084472656,20.299999237060547,20.389999389648438,2862500
2015-05-20,20.420000076293945,20.610000610351562,20.219999313354492,20.530000686645508,4351700
2015-05-21,20.56999969482422,20.639999389648438,20.40999984741211,20.510000228881836,2915400
2015-05-22,20.549999237060547,20.549999237060547,20.360000610351562,20.440000534057617,2188600
2015-05-26,20.440000534057617,20.479999542236328,20.139999389648438,20.270000457763672,2640900
2015-05-27,20.270000457763672,20.31999969482422,20.15999984741211,20.239999771118164,2855300
2015-05-28,20.219999313354492,20.389999389648438,20.18000030517578,20.3799991607666,2908500
2015-05-29,20.3700008392334,20.510000228881836,20.239999771118164,20.3700008392334,3535300
2015-06-01,20.399999618530273,20.420000076293945,20.18000030517578,20.219999313354492,3308600
2015-06-02,20.219999313354492,20.219999313354492,19.700000762939453,19.729999542236328,5056000
2015-06-03,19.719999313354492,19.760000228881836,19.520000457763672,19.6200008392334,4083500
2015-06-04,19.549999237060547,19.739999771118164,19.280000686645508,19.299999237060547,4208000
2015-06-05,19.190000534057617,19.450000762939453,19.059999465942383,19.31999969482422,4800100
2015-06-08,19.290000915527344,19.399999618530273,19.18000030517578,19.18000030517578,3023900
2015-06-09,19.18000030517578,19.31999969482422,19.149999618530273,19.290000915527344,3668200
2015-06-10,19.389999389648438,19.600000381469727,19.389999389648438,19.389999389648438,3652300
2015-06-11,19.479999542236328,19.59000015258789,19.420000076293945,19.489999771118164,2417700
2015-06-12,19.40999984741211,19.489999771118164,19.239999771118164,19.260000228881836,1611200
2015-06-15,19.200000762939453,19.25,19.049999237060547,19.1299991607666,3275400
2015-06-16,19.110000610351562,19.18000030517578,19.030000686645508,19.079999923706055,3005500
2015-06-17,19.139999389648438,19.43000030517578,19.1200008392334,19.389999389648438,3856400
2015-06-18,19.489999771118164,19.729999542236328,19.3700008392334,19.670000076293945,3742600
2015-06-19,19.6200008392334,19.709999084472656,19.479999542236328,19.520000457763672,3827500
2015-06-22,19.540000915527344,19.81999969482422,19.459999084472656,19.709999084472656,4178900
2015-06-23,19.600000381469727,19.719999313354492,19.280000686645508,19.34000015258789,2679600
2015-06-24,19.350000381469727,19.469999313354492,19.170000076293945,19.170000076293945,4494800
2015-06-25,19.209999084472656,19.31999969482422,19.1200008392334,19.15999984741211,4704300
2015-06-26,19.15999984741211,19.3700008392334,19.049999237060547,19.350000381469727,3511600
2015-06-29,19.270000457763672,19.530000686645508,19.260000228881836,19.260000228881836,4244400
2015-06-30,19.34000015258789,19.360000610351562,18.920000076293945,19.030000686645508,6446600
2015-07-01,19.06999969482422,19.170000076293945,18.989999771118164,19.079999923706055,3134400
2015-07-02,19.139999389648438,19.360000610351562,19.100000381469727,19.350000381469727,3589000
2015-07-06,19.299999237060547,19.399999618530273,19.110000610351562,19.219999313354492,4107200
2015-07-07,19.280000686645508,19.65999984741211,19.270000457763672,19.600000381469727,5090600
2015-07-08,19.579999923706055,19.600000381469727,19.110000610351562,19.219999313354492,4985000
2015-07-09,19.309999465942383,19.479999542236328,18.940000534057617,18.950000762939453,7152700
2015-07-10,18.989999771118164,19.290000915527344,18.959999084472656,19.1200008392334,2918900
2015-07-13,19.190000534057617,19.270000457763672,19.06999969482422,19.170000076293945,2202100
2015-07-14,19.18000030517578,19.299999237060547,19.139999389648438,19.260000228881836,2129400
2015-07-15,19.260000228881836,19.280000686645508,19.1299991607666,19.270000457763672,1667300
2015-07-16,19.31999969482422,19.40999984741211,19.15999984741211,19.239999771118164,5125300
2015-07-17,19.209999084472656,19.299999237060547,18.989999771118164,19.0,3744000
2015-07-20,19.0,19.010000228881836,18.719999313354492,18.75,3683800
2015-07-21,18.75,18.809999465942383,18.549999237060547,18.59000015258789,2245600
2015-07-22,18.579999923706055,18.81999969482422,18.559999465942383,18.6200008392334,2780600
2015-07-23,18.59000015258789,18.6299991607666,18.229999542236328,18.34000015258789,3371300
2015-07-24,18.309999465942383,18.420000076293945,18.200000762939453,18.290000915527344,2845800
2015-07-27,18.270000457763672,18.700000762939453,18.270000457763672,18.68000030517578,3452800
2015-07-28,18.760000228881836,18.959999084472656,18.610000610351562,18.889999389648438,4595200
2015-07-29,18.81999969482422,19.170000076293945,18.770000457763672,19.079999923706055,3367200
2015-07-30,19.040000915527344,19.200000762939453,18.959999084472656,19.139999389648438,2423300
2015-07-31,19.270000457763672,19.469999313354492,19.200000762939453,19.34000015258789,3686000
2015-08-03,19.3700008392334,19.450000762939453,19.09000015258789,19.219999313354492,2634700
2015-08-04,19.209999084472656,19.440000534057617,18.829999923706055,18.860000610351562,2147600
2015-08-05,18.93000030517578,19.190000534057617,18.899999618530273,19.040000915527344,2940000
2015-08-06,19.09000015258789,19.110000610351562,18.709999084472656,19.079999923706055,4578300
2015-08-07,19.040000915527344,19.260000228881836,18.93000030517578,19.139999389648438,4399200
2015-08-10,19.040000915527344,19.59000015258789,18.920000076293945,19.530000686645508,4787900
2015-08-11,19.520000457763672,19.65999984741211,19.260000228881836,19.360000610351562,4562600
2015-08-12,19.040000915527344,19.6299991607666,19.0,19.59000015258789,4325700
2015-08-13,19.549999237060547,19.700000762939453,19.329999923706055,19.639999389648438,5087300
2015-08-14,19.59000015258789,19.93000030517578,19.549999237060547,19.920000076293945,3747500
2015-08-17,19.920000076293945,20.0,19.850000381469727,19.920000076293945,3332000
2015-08-18,19.889999389648438,19.959999084472656,19.84000015258789,19.90999984741211,2802700
2015-08-19,19.84000015258789,19.950000762939453,19.700000762939453,19.899999618530273,3316100
2015-08-20,19.780000686645508,20.100000381469727,19.700000762939453,19.81999969482422,4707700
2015-08-21,19.709999084472656,19.81999969482422,19.290000915527344,19.309999465942383,4218600
2015-08-24,18.559999465942383,19.06999969482422,18.25,18.489999771118164,7274400
2015-08-25,18.84000015258789,18.93000030517578,17.899999618530273,17.920000076293945,5067800
2015-08-26,18.18000030517578,18.239999771118164,17.719999313354492,18.229999542236328,5287800
2015-08-27,18.3799991607666,18.770000457763672,18.280000686645508,18.75,4020700
2015-08-28,18.739999771118164,18.8700008392334,18.639999389648438,18.81999969482422,3995500
2015-08-31,18.729999542236328,18.75,18.329999923706055,18.6200008392334,5289600
2015-09-01,18.309999465942383,18.31999969482422,17.75,17.84000015258789,4717400
2015-09-02,18.049999237060547,18.06999969482422,17.479999542236328,17.719999313354492,5898100
2015-09-03,17.760000228881836,18.06999969482422,17.75,17.940000534057617,3506400
2015-09-04,17.770000457763672,17.790000915527344,17.540000915527344,17.610000610351562,3504700
2015-09-08,17.8799991607666,18.010000228881836,17.799999237060547,17.979999542236328,2542500
2015-09-09,18.06999969482422,18.09000015258789,17.719999313354492,17.75,3845000
2015-09-10,17.729999542236328,18.010000228881836,17.68000030517578,17.729999542236328,3279300
2015-09-11,17.6200008392334,17.760000228881836,17.56999969482422,17.690000534057617,3233500
2015-09-14,17.719999313354492,17.860000610351562,17.670000076293945,17.809999465942383,2862600
2015-09-15,17.850000381469727,17.90999984741211,17.709999084472656,17.8700008392334,3002000
2015-09-16,17.920000076293945,18.170000076293945,17.829999923706055,18.139999389648438,1809800
2015-09-17,18.139999389648438,18.56999969482422,18.06999969482422,18.280000686645508,2496400
2015-09-18,18.079999923706055,18.350000381469727,18.010000228881836,18.049999237060547,4632300
2015-09-21,18.1299991607666,18.34000015258789,18.059999465942383,18.190000534057617,2875200
2015-09-22,18.040000915527344,18.15999984741211,17.75,17.81999969482422,3422000
2015-09-23,17.81999969482422,17.950000762939453,17.719999313354492,17.75,3123500
2015-09-24,17.700000762939453,17.920000076293945,17.690000534057617,17.81999969482422,5344800
2015-09-25,17.860000610351562,18.049999237060547,17.68000030517578,17.889999389648438,6715400
2015-09-28,17.81999969482422,17.920000076293945,17.530000686645508,17.540000915527344,6013700
2015-09-29,17.579999923706055,17.65999984741211,17.479999542236328,17.530000686645508,5777900
2015-09-30,17.639999389648438,18.049999237060547,17.56999969482422,18.040000915527344,3367400
2015-10-01,18.100000381469727,18.139999389648438,17.600000381469727,17.770000457763672,3464600
2015-10-02,17.760000228881836,18.030000686645508,17.6200008392334,18.030000686645508,4183100
2015-10-05,18.15999984741211,18.579999923706055,18.059999465942383,18.549999237060547,3812200
2015-10-06,18.530000686645508,18.649999618530273,18.350000381469727,18.489999771118164,3052900
2015-10-07,18.56999969482422,18.81999969482422,18.510000228881836,18.56999969482422,4415000
2015-10-08,18.549999237060547,18.809999465942383,18.479999542236328,18.739999771118164,3545500
2015-10-09,18.75,18.809999465942383,18.549999237060547,18.670000076293945,2330500
2015-10-12,18.670000076293945,18.84000015258789,18.479999542236328,18.540000915527344,2881700
2015-10-13,18.559999465942383,18.6200008392334,18.360000610351562,18.389999389648438,4469300
2015-10-14,18.43000030517578,18.459999084472656,18.239999771118164,18.260000228881836,3805400
2015-10-15,18.309999465942383,18.719999313354492,18.270000457763672,18.65999984741211,4947500
2015-10-16,18.739999771118164,18.850000381469727,18.56999969482422,18.700000762939453,3066100
2015-10-19,18.309999465942383,18.530000686645508,18.260000228881836,18.479999542236328,5051100
2015-10-20,18.43000030517578,18.68000030517578,18.43000030517578,18.59000015258789,3329000
2015-10-21,18.6299991607666,18.93000030517578,18.56999969482422,18.770000457763672,4191700
2015-10-22,18.84000015258789,19.260000228881836,18.84000015258789,19.1299991607666,5540200
2015-10-23,19.15999984741211,19.25,18.56999969482422,18.6200008392334,3988200
2015-10-26,18.670000076293945,18.790000915527344,18.510000228881836,18.770000457763672,4498200
2015-10-27,18.690000534057617,18.760000228881836,18.510000228881836,18.59000015258789,4322900
2015-10-28,18.65999984741211,18.760000228881836,18.309999465942383,18.530000686645508,4340600
2015-10-29,18.459999084472656,18.59000015258789,18.270000457763672,18.530000686645508,5457300
2015-10-30,18.559999465942383,18.649999618530273,18.43000030517578,18.549999237060547,5422200
2015-11-02,18.549999237060547,18.610000610351562,18.360000610351562,18.5,5130400
2015-11-03,18.489999771118164,18.729999542236328,18.399999618530273,18.729999542236328,4075300
2015-11-04,18.719999313354492,18.809999465942383,18.59000015258789,18.68000030517578,4442600
2015-11-05,18.760000228881836,18.899999618530273,18.469999313354492,18.510000228881836,5799800
2015-11-06,18.459999084472656,18.729999542236328,17.260000228881836,17.459999084472656,10387300
2015-11-09,17.43000030517578,17.56999969482422,17.270000457763672,17.5,6192500
2015-11-10,17.25,17.43000030517578,17.079999923706055,17.1299991607666,3397200
2015-11-11,17.170000076293945,17.389999389648438,17.010000228881836,17.329999923706055,5128900
2015-11-12,17.209999084472656,17.3799991607666,16.899999618530273,16.90999984741211,3381900
2015-11-13,16.899999618530273,17.040000915527344,16.860000610351562,16.959999084472656,3838200
2015-11-16,16.93000030517578,17.239999771118164,16.8799991607666,17.229999542236328,3017200
2015-11-17,17.209999084472656,17.31999969482422,17.010000228881836,17.06999969482422,3482600
2015-11-18,17.030000686645508,17.18000030517578,16.8700008392334,17.15999984741211,3038400
2015-11-19,17.15999984741211,17.290000915527344,17.049999237060547,17.100000381469727,2664900
2015-11-20,17.170000076293945,17.31999969482422,16.989999771118164,17.09000015258789,3251000
2015-11-23,17.100000381469727,17.219999313354492,16.959999084472656,17.0,4644100
2015-11-24,16.979999542236328,17.100000381469727,16.850000381469727,17.059999465942383,4707000
2015-11-25,17.059999465942383,17.149999618530273,16.920000076293945,17.079999923706055,3043800
2015-11-27,17.06999969482422,17.15999984741211,17.0,17.0,1181200
2015-11-30,17.010000228881836,17.09000015258789,16.940000534057617,16.950000762939453,4070000
2015-12-01,17.010000228881836,17.149999618530273,16.84000015258789,16.989999771118164,4259500
2015-12-02,16.940000534057617,17.0,16.56999969482422,16.600000381469727,5754900
2015-12-03,16.520000457763672,16.6299991607666,16.350000381469727,16.450000762939453,4726900
2015-12-04,16.479999542236328,16.6299991607666,16.3700008392334,16.510000228881836,4627200
2015-12-07,16.459999084472656,16.5,16.209999084472656,16.40999984741211,3844800
2015-12-08,16.290000915527344,16.3799991607666,16.149999618530273,16.34000015258789,3236300
2015-12-09,16.329999923706055,16.639999389648438,16.260000228881836,16.40999984741211,2873100
2015-12-10,16.40999984741211,16.530000686645508,16.06999969482422,16.139999389648438,5313100
2015-12-11,16.139999389648438,17.469999313354492,16.049999237060547,16.690000534057617,20470300
2015-12-14,16.670000076293945,16.84000015258789,16.299999237060547,16.540000915527344,5570500
2015-12-15,16.610000610351562,16.959999084472656,16.59000015258789,16.889999389648438,4938000
2015-12-16,16.950000762939453,17.6299991607666,16.93000030517578,17.600000381469727,7606300
2015-12-17,17.6299991607666,17.889999389648438,17.440000534057617,17.84000015258789,10916700
2015-12-18,17.729999542236328,17.809999465942383,17.40999984741211,17.43000030517578,8626900
2015-12-21,17.459999084472656,17.540000915527344,17.260000228881836,17.530000686645508,4986900
2015-12-22,17.549999237060547,17.709999084472656,17.260000228881836,17.59000015258789,9144400
2015-12-23,17.68000030517578,18.139999389648438,17.68000030517578,18.049999237060547,8384000
2015-12-24,18.049999237060547,18.219999313354492,17.979999542236328,18.110000610351562,3405300
2015-12-28,18.040000915527344,18.209999084472656,17.899999618530273,18.18000030517578,4482900
2015-12-29,18.329999923706055,18.479999542236328,18.239999771118164,18.459999084472656,4442500
2015-12-30,18.399999618530273,18.479999542236328,18.219999313354492,18.299999237060547,3638600
2015-12-31,18.290000915527344,18.479999542236328,18.059999465942383,18.360000610351562,4090500
2016-01-04,18.260000228881836,18.290000915527344,17.950000762939453,18.270000457763672,5118100
2016-01-05,18.309999465942383,18.489999771118164,18.040000915527344,18.440000534057617,4854700
2016-01-06,18.280000686645508,18.450000762939453,18.100000381469727,18.209999084472656,4372800
2016-01-07,17.979999542236328,18.110000610351562,17.780000686645508,17.850000381469727,3701400
2016-01-08,17.940000534057617,18.239999771118164,17.770000457763672,17.809999465942383,4660200
2016-01-11,17.709999084472656,17.8799991607666,17.440000534057617,17.600000381469727,6813900
2016-01-12,17.639999389648438,17.690000534057617,17.1299991607666,17.299999237060547,5609100
2016-01-13,17.31999969482422,17.510000228881836,17.030000686645508,17.06999969482422,7041800
2016-01-14,17.110000610351562,17.709999084472656,16.940000534057617,17.6299991607666,6195400
2016-01-15,17.290000915527344,17.43000030517578,17.010000228881836,17.299999237060547,6491900
2016-01-19,17.43000030517578,17.530000686645508,17.31999969482422,17.5,4798000
2016-01-20,17.270000457763672,17.440000534057617,16.3799991607666,16.899999618530273,8473300
2016-01-21,16.950000762939453,17.610000610351562,16.899999618530273,17.43000030517578,9739900
2016-01-22,17.770000457763672,17.8700008392334,17.610000610351562,17.780000686645508,6390700
2016-01-25,17.690000534057617,17.809999465942383,17.020000457763672,17.100000381469727,4858100
2016-01-26,17.200000762939453,17.479999542236328,17.200000762939453,17.3700008392334,3556400
2016-01-27,17.350000381469727,17.450000762939453,17.170000076293945,17.309999465942383,3908800
2016-01-28,17.5,17.68000030517578,17.260000228881836,17.540000915527344,4402600
2016-01-29,17.700000762939453,17.940000534057617,17.68000030517578,17.8700008392334,5865900
2016-02-01,18.25,18.799999237060547,18.239999771118164,18.6200008392334,10143200
2016-02-02,18.520000457763672,18.610000610351562,18.209999084472656,18.420000076293945,5600800
2016-02-03,18.549999237060547,19.270000457763672,18.540000915527344,19.049999237060547,6606100
2016-02-04,19.059999465942383,19.239999771118164,18.90999984741211,18.950000762939453,4189900
2016-02-05,19.040000915527344,19.040000915527344,18.65999984741211,18.850000381469727,6012200
2016-02-08,18.8700008392334,19.059999465942383,18.280000686645508,18.43000030517578,8203300
2016-02-09,18.43000030517578,18.729999542236328,18.31999969482422,18.549999237060547,6138800
2016-02-10,18.59000015258789,18.719999313354492,18.1200008392334,18.510000228881836,6144800
2016-02-11,18.100000381469727,18.270000457763672,17.520000457763672,17.649999618530273,6796100
2016-02-12,17.690000534057617,17.989999771118164,17.549999237060547,17.969999313354492,7357400
2016-02-16,18.079999923706055,18.209999084472656,17.799999237060547,18.100000381469727,6571600
2016-02-17,18.260000228881836,18.469999313354492,18.040000915527344,18.34000015258789,4172400
2016-02-18,18.3799991607666,18.65999984741211,18.299999237060547,18.559999465942383,3643900
2016-02-19,18.43000030517578,18.489999771118164,18.299999237060547,18.440000534057617,2863500
2016-02-22,18.56999969482422,18.850000381469727,18.489999771118164,18.639999389648438,5069500
2016-02-23,18.469999313354492,18.59000015258789,18.389999389648438,18.579999923706055,3282100
2016-02-24,18.40999984741211,18.889999389648438,18.360000610351562,18.860000610351562,3920000
2016-02-25,18.899999618530273,19.170000076293945,18.729999542236328,19.139999389648438,5659000
2016-02-26,18.75,18.979999542236328,18.399999618530273,18.530000686645508,6866900
2016-02-29,18.5,18.81999969482422,18.5,18.6299991607666,5603900
2016-03-01,18.799999237060547,18.93000030517578,18.600000381469727,18.670000076293945,4188800
2016-03-02,18.56999969482422,18.8799991607666,18.31999969482422,18.81999969482422,5520500
2016-03-03,18.84000015258789,18.8700008392334,18.479999542236328,18.780000686645508,4531100
2016-03-04,18.719999313354492,19.649999618530273,18.700000762939453,19.489999771118164,7060400
2016-03-07,19.40999984741211,19.8700008392334,19.350000381469727,19.690000534057617,6150500
2016-03-08,19.68000030517578,19.899999618530273,19.510000228881836,19.860000610351562,3918500
2016-03-09,19.8700008392334,20.170000076293945,19.829999923706055,19.950000762939453,5377300
2016-03-10,19.93000030517578,20.309999465942383,19.84000015258789,20.190000534057617,6677100
2016-03-11,20.34000015258789,20.459999084472656,20.149999618530273,20.280000686645508,3223300
2016-03-14,20.260000228881836,20.549999237060547,20.219999313354492,20.43000030517578,3783400
2016-03-15,20.309999465942383,20.579999923706055,20.260000228881836,20.510000228881836,5307400
2016-03-16,20.399999618530273,20.709999084472656,20.31999969482422,20.6299991607666,3559100
2016-03-17,20.670000076293945,21.170000076293945,20.670000076293945,21.06999969482422,4062700
2016-03-18,21.1299991607666,21.219999313354492,20.719999313354492,20.729999542236328,7773400
2016-03-21,20.690000534057617,20.979999542236328,20.559999465942383,20.950000762939453,3092400
2016-03-22,20.979999542236328,21.049999237060547,20.84000015258789,20.969999313354492,2698600
2016-03-23,20.920000076293945,21.020000457763672,20.790000915527344,20.940000534057617,3025600
2016-03-24,20.84000015258789,21.079999923706055,20.719999313354492,21.0,2021200
2016-03-28,21.059999465942383,21.079999923706055,20.700000762939453,20.790000915527344,2826400
2016-03-29,20.790000915527344,21.290000915527344,20.739999771118164,21.25,3483400
2016-03-30,21.309999465942383,21.389999389648438,20.649999618530273,20.850000381469727,7644600
2016-03-31,20.899999618530273,21.059999465942383,20.770000457763672,20.920000076293945,6063300
2016-04-01,20.84000015258789,21.260000228881836,20.729999542236328,21.200000762939453,4669700
2016-04-04,21.18000030517578,21.190000534057617,20.90999984741211,20.959999084472656,3055000
2016-04-05,20.889999389648438,20.969999313354492,20.5,20.510000228881836,3407400
2016-04-06,20.530000686645508,20.739999771118164,20.469999313354492,20.719999313354492,3750400
2016-04-07,20.610000610351562,20.850000381469727,20.610000610351562,20.729999542236328,3196200
2016-04-08,20.899999618530273,21.010000228881836,20.81999969482422,20.90999984741211,3524000
2016-04-11,20.950000762939453,21.149999618530273,20.799999237060547,20.860000610351562,2329100
2016-04-12,20.899999618530273,21.360000610351562,20.889999389648438,21.260000228881836,3648200
2016-04-13,21.329999923706055,21.360000610351562,21.100000381469727,21.200000762939453,2396600
2016-04-14,21.18000030517578,21.229999542236328,20.899999618530273,20.959999084472656,2916400
2016-04-15,20.950000762939453,21.059999465942383,20.899999618530273,20.989999771118164,2740700
2016-04-18,20.899999618530273,21.030000686645508,20.760000228881836,21.020000457763672,3955300
2016-04-19,21.100000381469727,21.170000076293945,20.90999984741211,21.0,4859500
2016-04-20,20.979999542236328,21.049999237060547,20.549999237060547,20.579999923706055,3448800
2016-04-21,20.600000381469727,20.75,20.459999084472656,20.549999237060547,4541900
2016-04-22,20.670000076293945,20.93000030517578,20.65999984741211,20.809999465942383,2565600
2016-04-25,20.760000228881836,21.06999969482422,20.649999618530273,21.059999465942383,3855700
2016-04-26,21.09000015258789,21.219999313354492,20.969999313354492,21.100000381469727,3080100
2016-04-27,21.139999389648438,21.510000228881836,21.139999389648438,21.43000030517578,3577800
2016-04-28,21.270000457763672,21.510000228881836,21.149999618530273,21.360000610351562,3039800
2016-04-29,21.239999771118164,21.5,21.09000015258789,21.450000762939453,4204000
2016-05-02,21.459999084472656,21.75,21.440000534057617,21.700000762939453,4366700
2016-05-03,21.59000015258789,21.65999984741211,21.31999969482422,21.440000534057617,2559000
2016-05-04,21.420000076293945,21.84000015258789,21.31999969482422,21.68000030517578,3601000
2016-05-05,21.690000534057617,21.889999389648438,21.549999237060547,21.649999618530273,3166200
2016-05-06,21.6299991607666,21.700000762939453,21.459999084472656,21.6299991607666,2182100
2016-05-09,21.739999771118164,21.84000015258789,21.649999618530273,21.68000030517578,3982700
2016-05-10,21.709999084472656,22.1200008392334,21.709999084472656,22.100000381469727,5953600
2016-05-11,22.139999389648438,22.299999237060547,21.950000762939453,22.010000228881836,6124400
2016-05-12,21.75,22.170000076293945,21.719999313354492,22.110000610351562,4730000
2016-05-13,22.06999969482422,22.25,21.90999984741211,22.0,3532400
2016-05-16,22.030000686645508,22.25,21.889999389648438,22.239999771118164,3818800
2016-05-17,22.190000534057617,22.25,21.8700008392334,22.0,4290000
2016-05-18,21.8799991607666,21.920000076293945,21.399999618530273,21.530000686645508,5176000
2016-05-19,21.399999618530273,21.90999984741211,21.25,21.889999389648438,3391200
2016-05-20,21.969999313354492,22.06999969482422,21.809999465942383,22.06999969482422,2592700
2016-05-23,22.079999923706055,22.139999389648438,21.940000534057617,21.979999542236328,3231700
2016-05-24,22.020000457763672,22.149999618530273,21.8799991607666,22.030000686645508,2923500
2016-05-25,22.030000686645508,22.190000534057617,21.940000534057617,22.1200008392334,2492900
2016-05-26,22.1200008392334,22.360000610351562,22.020000457763672,22.350000381469727,2480100
2016-05-27,22.3799991607666,22.510000228881836,22.260000228881836,22.510000228881836,3541900
2016-05-31,22.489999771118164,22.729999542236328,22.399999618530273,22.530000686645508,3771200
2016-06-01,22.530000686645508,22.59000015258789,22.350000381469727,22.59000015258789,2324200
2016-06-02,22.459999084472656,22.6299991607666,22.350000381469727,22.600000381469727,1896500
2016-06-03,22.75,23.0,22.700000762939453,22.90999984741211,2809900
2016-06-06,22.90999984741211,23.1299991607666,22.84000015258789,23.06999969482422,3501500
2016-06-07,23.170000076293945,23.219999313354492,23.030000686645508,23.110000610351562,3783300
2016-06-08,23.1299991607666,23.260000228881836,23.09000015258789,23.260000228881836,2915600
2016-06-09,23.239999771118164,23.420000076293945,23.149999618530273,23.389999389648438,2968400
2016-06-10,23.280000686645508,23.350000381469727,23.020000457763672,23.139999389648438,3069800
2016-06-13,23.06999969482422,23.209999084472656,22.93000030517578,22.969999313354492,3358100
2016-06-14,22.989999771118164,23.079999923706055,22.84000015258789,23.06999969482422,2549600
2016-06-15,23.079999923706055,23.149999618530273,22.860000610351562,22.950000762939453,4216000
2016-06-16,22.920000076293945,23.100000381469727,22.719999313354492,23.040000915527344,2692900
2016-06-17,22.950000762939453,23.1299991607666,22.8799991607666,23.100000381469727,4244100
2016-06-20,23.229999542236328,23.290000915527344,23.020000457763672,23.219999313354492,4082600
2016-06-21,23.229999542236328,23.670000076293945,23.100000381469727,23.5,3439200
2016-06-22,23.360000610351562,23.489999771118164,23.209999084472656,23.239999771118164,3749600
2016-06-23,23.34000015258789,23.5,23.209999084472656,23.489999771118164,2829600
2016-06-24,23.1299991607666,23.520000457763672,22.959999084472656,23.34000015258789,3324700
2016-06-27,23.270000457763672,23.420000076293945,23.040000915527344,23.170000076293945,3554300
2016-06-28,23.350000381469727,23.6200008392334,23.149999618530273,23.6200008392334,4954200
2016-06-29,23.729999542236328,24.030000686645508,23.68000030517578,24.0,4266800
2016-06-30,24.030000686645508,24.110000610351562,23.850000381469727,24.0,8554300
2016-07-01,24.079999923706055,24.200000762939453,23.93000030517578,24.049999237060547,3579300
2016-07-05,23.81999969482422,24.1200008392334,23.700000762939453,24.049999237060547,7099300
2016-07-06,24.0,24.110000610351562,23.790000915527344,24.049999237060547,5879800
2016-07-07,24.0,24.049999237060547,23.489999771118164,23.520000457763672,8357500
2016-07-08,23.549999237060547,23.90999984741211,23.43000030517578,23.899999618530273,4040900
2016-07-11,23.81999969482422,23.889999389648438,23.65999984741211,23.809999465942383,3499200
2016-07-12,23.760000228881836,23.8700008392334,23.65999984741211,23.700000762939453,4811600
2016-07-13,23.860000610351562,23.959999084472656,23.719999313354492,23.940000534057617,6518200
2016-07-14,23.84000015258789,23.920000076293945,23.549999237060547,23.65999984741211,3415300
2016-07-15,23.739999771118164,24.110000610351562,23.68000030517578,24.059999465942383,4717800
2016-07-18,24.09000015258789,24.139999389648438,23.8700008392334,23.950000762939453,3871800
2016-07-19,23.950000762939453,24.020000457763672,23.81999969482422,23.920000076293945,4065300
2016-07-20,23.93000030517578,24.15999984741211,23.850000381469727,24.1200008392334,5258600
2016-07-21,24.06999969482422,24.270000457763672,24.0,24.239999771118164,3335400
2016-07-22,24.219999313354492,24.709999084472656,24.209999084472656,24.690000534057617,4146100
2016-07-25,24.649999618530273,24.690000534057617,24.3700008392334,24.510000228881836,3452600
2016-07-26,24.530000686645508,24.56999969482422,24.260000228881836,24.31999969482422,2983900
2016-07-27,24.31999969482422,24.360000610351562,23.739999771118164,23.899999618530273,5296800
2016-07-28,23.889999389648438,23.950000762939453,23.649999618530273,23.770000457763672,5025000
2016-07-29,23.780000686645508,23.969999313354492,23.75,23.920000076293945,5192600
2016-08-01,23.889999389648438,24.010000228881836,23.6299991607666,23.670000076293945,3536600
2016-08-02,23.6200008392334,23.670000076293945,23.360000610351562,23.469999313354492,5490100
2016-08-03,23.459999084472656,23.59000015258789,23.290000915527344,23.5,2869200
2016-08-04,23.520000457763672,23.670000076293945,23.440000534057617,23.600000381469727,5560400
2016-08-05,23.600000381469727,23.600000381469727,22.18000030517578,22.670000076293945,12014600
2016-08-08,22.600000381469727,22.860000610351562,22.510000228881836,22.709999084472656,17377800
2016-08-09,22.68000030517578,22.8700008392334,22.639999389648438,22.700000762939453,6491900
2016-08-10,22.719999313354492,22.8700008392334,22.549999237060547,22.65999984741211,4436500
2016-08-11,22.670000076293945,22.700000762939453,22.5,22.700000762939453,6784800
2016-08-12,22.5,22.729999542236328,22.469999313354492,22.56999969482422,3926700
2016-08-15,22.6200008392334,22.739999771118164,22.43000030517578,22.450000762939453,5462300
2016-08-16,22.450000762939453,22.450000762939453,22.020000457763672,22.1299991607666,7132000
2016-08-17,22.049999237060547,22.670000076293945,21.969999313354492,22.59000015258789,6759800
2016-08-18,22.559999465942383,22.860000610351562,22.489999771118164,22.81999969482422,5187300
2016-08-19,22.739999771118164,22.950000762939453,22.6299991607666,22.829999923706055,5258700
2016-08-22,22.829999923706055,23.020000457763672,22.770000457763672,22.940000534057617,3355600
2016-08-23,23.0,23.110000610351562,22.84000015258789,22.850000381469727,2243700
2016-08-24,22.809999465942383,22.860000610351562,22.649999618530273,22.760000228881836,4070100
2016-08-25,22.780000686645508,22.829999923706055,22.649999618530273,22.709999084472656,1842700
2016-08-26,22.790000915527344,22.899999618530273,22.290000915527344,22.31999969482422,2242400
2016-08-29,22.360000610351562,22.709999084472656,22.360000610351562,22.670000076293945,2742100
2016-08-30,22.639999389648438,22.700000762939453,22.43000030517578,22.469999313354492,1723600
2016-08-31,22.469999313354492,22.559999465942383,22.329999923706055,22.469999313354492,2325900
2016-09-01,22.40999984741211,22.549999237060547,22.329999923706055,22.440000534057617,2641800
2016-09-02,22.459999084472656,22.809999465942383,22.420000076293945,22.6299991607666,3180800
2016-09-06,22.780000686645508,22.959999084472656,22.68000030517578,22.799999237060547,5097300
2016-09-07,22.780000686645508,23.360000610351562,22.700000762939453,23.290000915527344,5334100
2016-09-08,23.25,23.65999984741211,23.219999313354492,23.639999389648438,3992500
2016-09-09,23.360000610351562,23.399999618530273,22.610000610351562,22.610000610351562,5075000
2016-09-12,22.510000228881836,23.020000457763672,22.3799991607666,22.950000762939453,4185100
2016-09-13,22.860000610351562,22.8700008392334,22.31999969482422,22.440000534057617,3604300
2016-09-14,22.510000228881836,22.68000030517578,22.270000457763672,22.43000030517578,2932000
2016-09-15,22.43000030517578,22.709999084472656,22.3799991607666,22.649999618530273,2497000
2016-09-16,22.6299991607666,23.100000381469727,22.510000228881836,23.049999237060547,5743400
2016-09-19,23.139999389648438,23.31999969482422,23.049999237060547,23.299999237060547,2063100
2016-09-20,23.450000762939453,23.579999923706055,23.40999984741211,23.469999313354492,2934700
2016-09-21,23.5,24.079999923706055,23.450000762939453,24.020000457763672,3073500
2016-09-22,24.200000762939453,24.389999389648438,24.040000915527344,24.110000610351562,3959700
2016-09-23,24.059999465942383,24.229999542236328,24.010000228881836,24.190000534057617,3008600
2016-09-26,24.219999313354492,24.3700008392334,24.1299991607666,24.260000228881836,1913200
2016-09-27,24.31999969482422,24.43000030517578,23.8700008392334,23.8799991607666,3285000
2016-09-28,23.950000762939453,24.139999389648438,23.780000686645508,24.1200008392334,3150200
2016-09-29,24.020000457763672,24.1200008392334,23.489999771118164,23.579999923706055,3571300
2016-09-30,23.65999984741211,23.770000457763672,23.1299991607666,23.229999542236328,5115800
2016-10-03,23.18000030517578,23.18000030517578,22.65999984741211,22.899999618530273,2697100
2016-10-04,22.889999389648438,22.93000030517578,22.190000534057617,22.360000610351562,2772200
2016-10-05,22.43000030517578,22.59000015258789,22.280000686645508,22.350000381469727,3477300
2016-10-06,22.229999542236328,22.489999771118164,22.100000381469727,22.299999237060547,3201500
2016-10-07,22.440000534057617,22.6299991607666,21.889999389648438,21.899999618530273,5147400
2016-10-10,21.899999618530273,22.299999237060547,21.899999618530273,22.18000030517578,2946200
2016-10-11,22.100000381469727,22.110000610351562,21.829999923706055,21.84000015258789,2752200
2016-10-12,21.889999389648438,22.1299991607666,21.8799991607666,22.079999923706055,2449200
2016-10-13,22.059999465942383,22.520000457763672,22.0,22.34000015258789,2896000
2016-10-14,22.31999969482422,22.530000686645508,22.239999771118164,22.3700008392334,2499200
2016-10-17,22.40999984741211,22.540000915527344,22.350000381469727,22.43000030517578,1642000
2016-10-18,22.559999465942383,22.600000381469727,22.260000228881836,22.510000228881836,1384900
2016-10-19,22.549999237060547,22.690000534057617,22.3799991607666,22.6299991607666,2463500
2016-10-20,22.610000610351562,22.790000915527344,22.540000915527344,22.65999984741211,2790600
2016-10-21,22.530000686645508,22.770000457763672,22.440000534057617,22.719999313354492,2541300
2016-10-24,22.81999969482422,22.81999969482422,22.43000030517578,22.549999237060547,1819700
2016-10-25,22.479999542236328,22.790000915527344,22.350000381469727,22.670000076293945,1784400
2016-10-26,22.610000610351562,22.690000534057617,22.350000381469727,22.65999984741211,2204400
2016-10-27,22.59000015258789,22.600000381469727,22.18000030517578,22.56999969482422,3836000
2016-10-28,22.579999923706055,22.75,22.420000076293945,22.530000686645508,2193300
2016-10-31,22.610000610351562,23.1200008392334,22.600000381469727,22.799999237060547,4297800
2016-11-01,22.829999923706055,22.90999984741211,22.469999313354492,22.5,4955000
2016-11-02,22.450000762939453,22.450000762939453,21.90999984741211,22.110000610351562,3376200
2016-11-03,22.049999237060547,22.579999923706055,22.020000457763672,22.540000915527344,3823700
2016-11-04,23.010000228881836,23.59000015258789,22.850000381469727,22.93000030517578,5814100
2016-11-07,23.299999237060547,23.65999984741211,22.899999618530273,23.6200008392334,4580800
2016-11-08,23.40999984741211,23.860000610351562,23.399999618530273,23.700000762939453,3399000
2016-11-09,22.950000762939453,23.469999313354492,22.90999984741211,23.209999084472656,6024300
2016-11-10,23.1200008392334,23.229999542236328,22.420000076293945,23.1200008392334,5916900
2016-11-11,23.100000381469727,23.299999237060547,22.770000457763672,22.920000076293945,3435800
2016-11-14,22.540000915527344,23.110000610351562,22.31999969482422,22.959999084472656,5035500
2016-11-15,23.09000015258789,23.579999923706055,23.049999237060547,23.270000457763672,3427600
2016-11-16,23.299999237060547,23.389999389648438,22.950000762939453,23.219999313354492,2636700
2016-11-17,23.139999389648438,23.350000381469727,23.139999389648438,23.219999313354492,2410200
2016-11-18,23.260000228881836,23.489999771118164,23.239999771118164,23.34000015258789,3979800
2016-11-21,23.469999313354492,23.649999618530273,23.420000076293945,23.520000457763672,2294300
2016-11-22,23.579999923706055,23.75,23.5,23.6200008392334,2525500
2016-11-23,23.360000610351562,23.729999542236328,23.360000610351562,23.610000610351562,2492900
2016-11-25,23.639999389648438,23.969999313354492,23.639999389648438,23.950000762939453,1219400
2016-11-28,24.0,24.239999771118164,23.8700008392334,24.170000076293945,2567900
2016-11-29,24.010000228881836,24.420000076293945,23.860000610351562,24.09000015258789,3963200
2016-11-30,24.149999618530273,24.15999984741211,23.860000610351562,23.860000610351562,4935700
2016-12-01,23.799999237060547,23.8799991607666,23.56999969482422,23.799999237060547,3532800
2016-12-02,23.979999542236328,24.190000534057617,23.8700008392334,24.100000381469727,4181500
2016-12-05,24.049999237060547,24.110000610351562,23.81999969482422,23.979999542236328,3686700
2016-12-06,24.059999465942383,24.15999984741211,23.739999771118164,23.780000686645508,2609100
2016-12-07,23.84000015258789,24.09000015258789,23.81999969482422,24.09000015258789,3910900
2016-12-08,23.90999984741211,24.1299991607666,23.75,24.049999237060547,4739700
2016-12-09,24.010000228881836,24.469999313354492,23.959999084472656,24.43000030517578,4378600
2016-12-12,24.3799991607666,24.600000381469727,24.31999969482422,24.510000228881836,3196500
2016-12-13,24.639999389648438,24.739999771118164,24.469999313354492,24.579999923706055,3741100
2016-12-14,24.719999313354492,24.850000381469727,24.1299991607666,24.18000030517578,5227400
2016-12-15,24.1299991607666,24.40999984741211,23.950000762939453,24.309999465942383,6275900
2016-12-16,24.170000076293945,24.43000030517578,24.1299991607666,24.290000915527344,12803100
2016-12-19,24.479999542236328,24.540000915527344,24.280000686645508,24.459999084472656,4417400
2016-12-20,24.5,24.93000030517578,24.459999084472656,24.65999984741211,4508000
2016-12-21,24.68000030517578,24.979999542236328,24.639999389648438,24.649999618530273,3527600
2016-12-22,24.670000076293945,24.90999984741211,24.6200008392334,24.84000015258789,2292900
2016-12-23,24.84000015258789,24.889999389648438,24.729999542236328,24.829999923706055,1767700
2016-12-27,24.770000457763672,24.84000015258789,24.639999389648438,24.760000228881836,1190700
2016-12-28,24.770000457763672,24.809999465942383,24.40999984741211,24.440000534057617,1722300
2016-12-29,24.520000457763672,24.780000686645508,24.479999542236328,24.729999542236328,1629100
2016-12-30,24.799999237060547,24.829999923706055,24.59000015258789,24.639999389648438,2036500
2017-01-03,24.719999313354492,24.739999771118164,24.450000762939453,24.59000015258789,2246400
2017-01-04,24.700000762939453,25.1200008392334,24.700000762939453,24.809999465942383,3758700
2017-01-05,24.790000915527344,25.0,24.6299991607666,24.809999465942383,3079600
2017-01-06,24.799999237060547,25.450000762939453,24.790000915527344,25.360000610351562,3202300
2017-01-09,25.40999984741211,25.450000762939453,24.8799991607666,24.8799991607666,2497700
2017-01-10,24.860000610351562,25.079999923706055,24.739999771118164,24.950000762939453,2923500
2017-01-11,24.920000076293945,25.459999084472656,24.920000076293945,25.420000076293945,2703000
2017-01-12,25.40999984741211,25.469999313354492,25.170000076293945,25.329999923706055,2354600
2017-01-13,25.270000457763672,25.459999084472656,25.25,25.420000076293945,3594300
2017-01-17,25.479999542236328,25.75,25.389999389648438,25.489999771118164,2603500
2017-01-18,25.440000534057617,25.809999465942383,25.420000076293945,25.68000030517578,2759300
2017-01-19,25.600000381469727,25.639999389648438,25.309999465942383,25.440000534057617,2460600
2017-01-20,25.489999771118164,25.600000381469727,25.3799991607666,25.600000381469727,2922900
2017-01-23,25.610000610351562,25.670000076293945,25.329999923706055,25.440000534057617,1844800
2017-01-24,25.510000228881836,25.770000457763672,25.3799991607666,25.6200008392334,3809500
2017-01-25,25.559999465942383,26.059999465942383,25.549999237060547,25.950000762939453,4044700
2017-01-26,25.969999313354492,26.049999237060547,25.739999771118164,25.989999771118164,3078700
2017-01-27,26.0,26.059999465942383,25.860000610351562,26.059999465942383,3104600
2017-01-30,26.059999465942383,26.059999465942383,25.59000015258789,25.829999923706055,2448500
2017-01-31,25.8700008392334,26.229999542236328,25.770000457763672,26.209999084472656,4814200
2017-02-01,26.09000015258789,26.25,25.790000915527344,25.93000030517578,3624700
2017-02-02,25.90999984741211,26.209999084472656,25.780000686645508,26.190000534057617,3369700
2017-02-03,26.25,26.360000610351562,26.18000030517578,26.299999237060547,2056700
2017-02-06,26.389999389648438,26.43000030517578,26.030000686645508,26.09000015258789,2696900
2017-02-07,26.110000610351562,26.219999313354492,26.079999923706055,26.170000076293945,1937500
2017-02-08,26.100000381469727,26.450000762939453,26.040000915527344,26.420000076293945,2140600
2017-02-09,26.3799991607666,26.56999969482422,26.309999465942383,26.469999313354492,2441500
2017-02-10,26.459999084472656,26.59000015258789,26.40999984741211,26.489999771118164,2013400
2017-02-13,26.479999542236328,26.690000534057617,26.459999084472656,26.670000076293945,4105900
2017-02-14,26.31999969482422,26.469999313354492,25.899999618530273,26.049999237060547,2620400
2017-02-15,25.860000610351562,26.100000381469727,25.760000228881836,26.06999969482422,4074200
2017-02-16,26.040000915527344,26.389999389648438,26.010000228881836,26.3700008392334,1927700
2017-02-17,26.40999984741211,26.520000457763672,26.190000534057617,26.510000228881836,2342200
2017-02-21,26.469999313354492,26.700000762939453,26.389999389648438,26.610000610351562,2217200
2017-02-22,26.600000381469727,26.649999618530273,26.40999984741211,26.56999969482422,2071200
2017-02-23,26.68000030517578,26.979999542236328,26.639999389648438,26.84000015258789,3625800
2017-02-24,26.860000610351562,27.020000457763672,26.739999771118164,27.020000457763672,2578200
2017-02-27,26.989999771118164,27.030000686645508,26.770000457763672,26.790000915527344,3093900
2017-02-28,25.90999984741211,27.43000030517578,25.510000228881836,27.31999969482422,4792700
2017-03-01,27.190000534057617,27.850000381469727,27.049999237060547,27.700000762939453,3461700
2017-03-02,27.559999465942383,27.959999084472656,27.540000915527344,27.770000457763672,2950100
2017-03-03,27.790000915527344,27.920000076293945,27.59000015258789,27.899999618530273,3263100
2017-03-06,27.899999618530273,27.969999313354492,27.75,27.959999084472656,2489000
2017-03-07,28.0,28.079999923706055,27.790000915527344,28.0,3184600
2017-03-08,27.829999923706055,27.850000381469727,27.3700008392334,27.440000534057617,2920100
2017-03-09,27.450000762939453,27.649999618530273,27.299999237060547,27.3700008392334,2603500
2017-03-10,27.5,27.739999771118164,27.440000534057617,27.709999084472656,3190200
2017-03-13,27.690000534057617,27.780000686645508,27.549999237060547,27.610000610351562,2364900
2017-03-14,27.549999237060547,27.600000381469727,27.350000381469727,27.5,2635200
2017-03-15,27.670000076293945,28.18000030517578,27.600000381469727,28.09000015258789,2624300
2017-03-16,27.75,27.969999313354492,27.459999084472656,27.59000015258789,4063900
2017-03-17,27.6299991607666,27.81999969482422,27.579999923706055,27.68000030517578,6295600
2017-03-20,27.760000228881836,27.81999969482422,27.420000076293945,27.450000762939453,2933000
2017-03-21,27.450000762939453,27.790000915527344,27.450000762939453,27.579999923706055,6466000
2017-03-22,27.719999313354492,27.950000762939453,27.510000228881836,27.8799991607666,4599500
2017-03-23,27.90999984741211,28.09000015258789,27.65999984741211,27.75,2982300
2017-03-24,27.799999237060547,27.90999984741211,27.700000762939453,27.8700008392334,2125700
2017-03-27,27.940000534057617,28.040000915527344,27.59000015258789,27.690000534057617,2004000
2017-03-28,27.649999618530273,27.719999313354492,27.459999084472656,27.690000534057617,2801400
2017-03-29,27.719999313354492,28.0,27.579999923706055,27.850000381469727,3482600
2017-03-30,27.790000915527344,27.850000381469727,27.3799991607666,27.510000228881836,2028000
2017-03-31,27.459999084472656,27.75,27.440000534057617,27.56999969482422,2643800
2017-04-03,27.549999237060547,27.559999465942383,27.299999237060547,27.549999237060547,2247700
2017-04-04,27.540000915527344,27.81999969482422,27.489999771118164,27.770000457763672,2132100
2017-04-05,27.760000228881836,27.90999984741211,27.670000076293945,27.84000015258789,2323900
2017-04-06,27.770000457763672,27.93000030517578,27.649999618530273,27.899999618530273,2909800
2017-04-07,27.959999084472656,28.170000076293945,27.829999923706055,27.899999618530273,5284900
2017-04-10,27.889999389648438,28.06999969482422,27.729999542236328,28.0,2995100
2017-04-11,27.969999313354492,28.0,27.760000228881836,27.90999984741211,2883200
2017-04-12,27.93000030517578,28.1200008392334,27.739999771118164,28.040000915527344,2092200
2017-04-13,28.010000228881836,28.190000534057617,27.8700008392334,27.940000534057617,1960000
2017-04-17,27.979999542236328,28.239999771118164,27.940000534057617,28.239999771118164,1895500
2017-04-18,28.260000228881836,28.459999084472656,28.229999542236328,28.299999237060547,3478500
2017-04-19,28.34000015258789,28.399999618530273,27.8799991607666,27.969999313354492,2106800
2017-04-20,27.969999313354492,27.969999313354492,27.68000030517578,27.899999618530273,1938700
2017-04-21,27.969999313354492,28.239999771118164,27.969999313354492,28.1200008392334,3182800
2017-04-24,28.200000762939453,28.389999389648438,28.010000228881836,28.31999969482422,2544300
2017-04-25,28.239999771118164,28.40999984741211,28.219999313354492,28.389999389648438,2443300
2017-04-26,28.3700008392334,28.489999771118164,28.219999313354492,28.329999923706055,2352100
2017-04-27,28.350000381469727,28.860000610351562,28.34000015258789,28.639999389648438,3379400
2017-04-28,28.6200008392334,28.68000030517578,28.440000534057617,28.530000686645508,2269400
2017-05-01,28.579999923706055,28.59000015258789,28.25,28.309999465942383,1931700
2017-05-02,28.350000381469727,28.440000534057617,28.100000381469727,28.190000534057617,2109600
2017-05-03,28.139999389648438,28.280000686645508,28.059999465942383,28.100000381469727,1748300
2017-05-04,28.06999969482422,28.079999923706055,27.760000228881836,27.979999542236328,2826400
2017-05-05,28.09000015258789,28.25,27.709999084472656,28.049999237060547,3052000
2017-05-08,28.040000915527344,28.1200008392334,27.709999084472656,27.8700008392334,3171600
2017-05-09,27.799999237060547,27.850000381469727,27.329999923706055,27.450000762939453,2725500
2017-05-10,27.440000534057617,27.65999984741211,27.3700008392334,27.540000915527344,4105200
2017-05-11,27.559999465942383,27.579999923706055,27.299999237060547,27.420000076293945,2328300
2017-05-12,27.280000686645508,27.40999984741211,27.219999313354492,27.290000915527344,2221700
2017-05-15,27.309999465942383,27.459999084472656,27.290000915527344,27.420000076293945,2732100
2017-05-16,27.420000076293945,27.489999771118164,27.170000076293945,27.190000534057617,2163300
2017-05-17,27.190000534057617,27.31999969482422,26.899999618530273,27.170000076293945,2852000
2017-05-18,27.18000030517578,27.34000015258789,26.8700008392334,27.209999084472656,2542100
2017-05-19,27.260000228881836,27.549999237060547,27.049999237060547,27.479999542236328,9770200
2017-05-22,27.450000762939453,27.729999542236328,27.420000076293945,27.700000762939453,1810600
2017-05-23,27.700000762939453,27.920000076293945,27.68000030517578,27.75,1513800
2017-05-24,27.799999237060547,28.010000228881836,27.780000686645508,27.969999313354492,2298500
2017-05-25,28.0,28.209999084472656,27.90999984741211,28.18000030517578,2027300
2017-05-26,28.190000534057617,28.3700008392334,28.139999389648438,28.329999923706055,2109800
2017-05-30,28.309999465942383,28.450000762939453,28.200000762939453,28.389999389648438,1333500
2017-05-31,28.420000076293945,28.729999542236328,28.399999618530273,28.610000610351562,3581600
2017-06-01,28.610000610351562,28.940000534057617,28.469999313354492,28.93000030517578,2747800
2017-06-02,29.020000457763672,29.079999923706055,28.809999465942383,28.8799991607666,1845100
2017-06-05,28.81999969482422,28.93000030517578,28.520000457763672,28.549999237060547,2170300
2017-06-06,28.59000015258789,28.65999984741211,28.420000076293945,28.5,3510900
2017-06-07,28.559999465942383,28.690000534057617,28.280000686645508,28.31999969482422,2523400
2017-06-08,28.31999969482422,28.31999969482422,27.989999771118164,28.209999084472656,2481200
2017-06-09,28.219999313354492,28.309999465942383,27.979999542236328,28.239999771118164,2228200
2017-06-12,28.239999771118164,28.329999923706055,27.899999618530273,28.110000610351562,2391400
2017-06-13,28.079999923706055,28.219999313354492,28.020000457763672,28.1299991607666,2738200
2017-06-14,28.149999618530273,28.5,28.149999618530273,28.3700008392334,2730700
2017-06-15,28.309999465942383,28.799999237060547,28.280000686645508,28.610000610351562,3360800
2017-06-16,28.59000015258789,28.8799991607666,28.59000015258789,28.8799991607666,3592100
2017-06-19,28.899999618530273,28.959999084472656,28.6299991607666,28.709999084472656,2624700
2017-06-20,28.690000534057617,28.770000457763672,28.260000228881836,28.40999984741211,4119900
2017-06-21,28.3799991607666,28.469999313354492,27.90999984741211,27.979999542236328,2372700
2017-06-22,28.0,28.260000228881836,27.940000534057617,28.09000015258789,3049400
2017-06-23,28.06999969482422,28.18000030517578,27.940000534057617,28.049999237060547,2529300
2017-06-26,28.06999969482422,28.3799991607666,28.040000915527344,28.3799991607666,2761300
2017-06-27,28.229999542236328,28.440000534057617,28.079999923706055,28.18000030517578,3478200
2017-06-28,28.299999237060547,28.31999969482422,27.780000686645508,27.829999923706055,2927400
2017-06-29,27.68000030517578,27.719999313354492,27.350000381469727,27.459999084472656,3909800
2017-06-30,27.469999313354492,27.6200008392334,27.3799991607666,27.3799991607666,3194100
2017-07-03,27.469999313354492,27.850000381469727,27.459999084472656,27.579999923706055,2749700
2017-07-05,27.6299991607666,27.709999084472656,27.389999389648438,27.450000762939453,2501100
2017-07-06,27.3700008392334,27.420000076293945,27.209999084472656,27.280000686645508,2649700
2017-07-07,27.280000686645508,27.399999618530273,27.1200008392334,27.31999969482422,2063800
2017-07-10,27.31999969482422,27.3799991607666,27.239999771118164,27.270000457763672,2413500
2017-07-11,27.309999465942383,27.31999969482422,26.979999542236328,27.15999984741211,2463300
2017-07-12,27.399999618530273,27.6299991607666,27.350000381469727,27.479999542236328,3148300
2017-07-13,27.440000534057617,27.530000686645508,27.219999313354492,27.360000610351562,2517700
2017-07-14,27.540000915527344,27.65999984741211,27.43000030517578,27.6200008392334,2482400
2017-07-17,27.6200008392334,27.790000915527344,27.5,27.770000457763672,2796600
2017-07-18,27.799999237060547,27.860000610351562,27.65999984741211,27.780000686645508,2654200
2017-07-19,27.829999923706055,27.829999923706055,27.559999465942383,27.6299991607666,3415800
2017-07-20,27.780000686645508,28.139999389648438,27.600000381469727,28.049999237060547,3752600
2017-07-21,28.030000686645508,28.170000076293945,27.950000762939453,28.149999618530273,2173800
2017-07-24,28.149999618530273,28.34000015258789,28.030000686645508,28.170000076293945,2890000
2017-07-25,28.219999313354492,28.290000915527344,27.860000610351562,27.920000076293945,1657800
2017-07-26,27.90999984741211,28.110000610351562,27.860000610351562,28.079999923706055,1795900
2017-07-27,28.030000686645508,28.209999084472656,28.030000686645508,28.1299991607666,2772700
2017-07-28,28.1299991607666,28.239999771118164,28.09000015258789,28.139999389648438,1832500
2017-07-31,28.200000762939453,28.229999542236328,28.079999923706055,28.190000534057617,3866500
2017-08-01,28.229999542236328,28.360000610351562,28.139999389648438,28.25,2098000
2017-08-02,28.149999618530273,28.299999237060547,27.84000015258789,28.170000076293945,5069100
2017-08-03,27.639999389648438,28.540000915527344,27.610000610351562,28.469999313354492,2868900
2017-08-04,28.420000076293945,28.610000610351562,28.290000915527344,28.540000915527344,2701100
2017-08-07,28.579999923706055,28.850000381469727,28.559999465942383,28.739999771118164,2867700
2017-08-08,28.68000030517578,29.139999389648438,28.65999984741211,29.049999237060547,4919300
2017-08-09,29.1299991607666,29.450000762939453,29.030000686645508,29.059999465942383,3691400
2017-08-10,29.059999465942383,29.309999465942383,28.920000076293945,29.1299991607666,3019500
2017-08-11,29.010000228881836,29.100000381469727,28.75,28.81999969482422,2026100
2017-08-14,28.8700008392334,29.100000381469727,28.6200008392334,28.799999237060547,3577800
2017-08-15,28.700000762939453,28.860000610351562,28.639999389648438,28.84000015258789,2497900
2017-08-16,28.84000015258789,28.989999771118164,28.770000457763672,28.950000762939453,2789300
2017-08-17,28.93000030517578,29.040000915527344,28.760000228881836,28.770000457763672,2514600
2017-08-18,28.729999542236328,29.239999771118164,28.700000762939453,29.010000228881836,3520600
2017-08-21,29.049999237060547,29.3799991607666,29.049999237060547,29.280000686645508,2396900
2017-08-22,29.31999969482422,29.520000457763672,29.239999771118164,29.510000228881836,2408400
2017-08-23,29.5,29.75,29.399999618530273,29.729999542236328,1606100
2017-08-24,29.700000762939453,29.719999313354492,29.520000457763672,29.639999389648438,2072700
2017-08-25,29.790000915527344,29.8700008392334,29.65999984741211,29.729999542236328,1495800
2017-08-28,29.799999237060547,29.950000762939453,29.65999984741211,29.93000030517578,1949800
2017-08-29,30.0,30.1200008392334,29.790000915527344,29.889999389648438,3252100
2017-08-30,29.809999465942383,29.889999389648438,29.56999969482422,29.65999984741211,2518500
2017-08-31,29.690000534057617,29.709999084472656,29.559999465942383,29.6200008392334,3481200
2017-09-01,29.700000762939453,29.739999771118164,29.510000228881836,29.6299991607666,1941400
2017-09-05,29.719999313354492,29.729999542236328,29.540000915527344,29.6200008392334,2638800
2017-09-06,29.809999465942383,29.809999465942383,29.360000610351562,29.440000534057617,3406800
2017-09-07,29.479999542236328,29.979999542236328,29.469999313354492,29.959999084472656,3179400
2017-09-08,29.860000610351562,30.030000686645508,29.729999542236328,30.010000228881836,3076300
2017-09-11,30.030000686645508,30.450000762939453,29.979999542236328,30.450000762939453,2638700
2017-09-12,30.420000076293945,30.440000534057617,29.860000610351562,29.979999542236328,2970000
2017-09-13,29.959999084472656,30.170000076293945,29.920000076293945,29.940000534057617,3681000
2017-09-14,29.920000076293945,30.190000534057617,29.780000686645508,30.139999389648438,3753100
2017-09-15,30.190000534057617,30.299999237060547,30.100000381469727,30.270000457763672,5332100
2017-09-18,30.290000915527344,30.34000015258789,29.81999969482422,29.979999542236328,2239100
2017-09-19,30.049999237060547,30.06999969482422,29.860000610351562,29.969999313354492,3556700
2017-09-20,30.049999237060547,30.1200008392334,29.610000610351562,29.700000762939453,2274500
2017-09-21,29.68000030517578,29.84000015258789,29.420000076293945,29.489999771118164,2836700
2017-09-22,29.579999923706055,29.579999923706055,29.170000076293945,29.200000762939453,2626000
2017-09-25,29.219999313354492,29.690000534057617,29.170000076293945,29.65999984741211,2800400
2017-09-26,29.56999969482422,29.729999542236328,29.350000381469727,29.639999389648438,3296400
2017-09-27,29.5,29.639999389648438,28.969999313354492,29.079999923706055,3461700
2017-09-28,29.06999969482422,29.239999771118164,28.899999618530273,29.149999618530273,2937100
2017-09-29,29.170000076293945,29.270000457763672,29.06999969482422,29.209999084472656,2771600
2017-10-02,29.25,29.280000686645508,28.889999389648438,28.959999084472656,3035300
2017-10-03,28.979999542236328,28.979999542236328,28.600000381469727,28.780000686645508,2139700
2017-10-04,28.780000686645508,29.010000228881836,28.670000076293945,28.989999771118164,2433000
2017-10-05,28.989999771118164,29.110000610351562,28.809999465942383,29.059999465942383,3088000
2017-10-06,28.920000076293945,28.989999771118164,28.809999465942383,28.8799991607666,2363400
2017-10-09,28.90999984741211,28.979999542236328,28.690000534057617,28.729999542236328,2737800
2017-10-10,28.829999923706055,29.139999389648438,28.729999542236328,29.1200008392334,2294300
2017-10-11,29.149999618530273,29.489999771118164,29.149999618530273,29.309999465942383,2266600
2017-10-12,29.309999465942383,29.770000457763672,29.229999542236328,29.719999313354492,4504500
2017-10-13,29.84000015258789,29.969999313354492,29.350000381469727,29.360000610351562,2650600
2017-10-16,29.260000228881836,29.559999465942383,29.200000762939453,29.459999084472656,2816500
2017-10-17,29.43000030517578,29.549999237060547,29.270000457763672,29.530000686645508,2240900
2017-10-18,29.510000228881836,29.799999237060547,29.479999542236328,29.579999923706055,2165900
2017-10-19,29.610000610351562,29.75,29.469999313354492,29.75,1874100
2017-10-20,29.690000534057617,29.75,29.520000457763672,29.700000762939453,1545300
2017-10-23,29.700000762939453,29.729999542236328,29.510000228881836,29.670000076293945,2624000
2017-10-24,29.68000030517578,29.780000686645508,29.459999084472656,29.59000015258789,3426000
2017-10-25,29.450000762939453,29.489999771118164,29.06999969482422,29.3799991607666,2002000
2017-10-26,29.510000228881836,29.770000457763672,29.450000762939453,29.489999771118164,2390700
2017-10-27,29.3799991607666,29.75,29.290000915527344,29.75,1603700
2017-10-30,29.700000762939453,29.739999771118164,29.420000076293945,29.469999313354492,2565500
2017-10-31,29.420000076293945,29.649999618530273,29.350000381469727,29.579999923706055,2495200
2017-11-01,29.709999084472656,29.770000457763672,29.450000762939453,29.709999084472656,3732900
2017-11-02,29.709999084472656,29.809999465942383,29.440000534057617,29.739999771118164,3326500
2017-11-03,28.56999969482422,29.860000610351562,28.200000762939453,29.59000015258789,3003800
2017-11-06,29.600000381469727,29.8700008392334,29.489999771118164,29.719999313354492,2010600
2017-11-07,29.700000762939453,29.989999771118164,29.690000534057617,29.950000762939453,2565900
2017-11-08,29.920000076293945,30.040000915527344,29.790000915527344,29.950000762939453,2137800
2017-11-09,29.829999923706055,29.920000076293945,29.649999618530273,29.809999465942383,2319000
2017-11-10,29.65999984741211,29.709999084472656,29.329999923706055,29.40999984741211,2403700
2017-11-13,29.420000076293945,29.65999984741211,29.399999618530273,29.6299991607666,2215800
2017-11-14,29.5,29.959999084472656,29.489999771118164,29.950000762939453,3224600
2017-11-15,29.739999771118164,29.850000381469727,29.270000457763672,29.350000381469727,2860100
2017-11-16,29.25,29.309999465942383,28.799999237060547,29.030000686645508,3326500
2017-11-17,28.979999542236328,29.170000076293945,28.90999984741211,29.0,2913100
2017-11-20,29.010000228881836,29.1299991607666,28.84000015258789,29.1200008392334,2122900
2017-11-21,29.200000762939453,29.209999084472656,29.030000686645508,29.09000015258789,1665800
2017-11-22,29.110000610351562,29.209999084472656,29.079999923706055,29.149999618530273,1772700
2017-11-24,29.149999618530273,29.229999542236328,29.020000457763672,29.030000686645508,852500
2017-11-27,29.110000610351562,29.56999969482422,29.049999237060547,29.540000915527344,2607500
2017-11-28,29.56999969482422,29.700000762939453,29.510000228881836,29.579999923706055,1525100
2017-11-29,29.510000228881836,29.920000076293945,29.450000762939453,29.670000076293945,2061500
2017-11-30,29.68000030517578,30.06999969482422,29.68000030517578,30.010000228881836,4487400
2017-12-01,30.170000076293945,30.170000076293945,29.079999923706055,29.530000686645508,3766800
2017-12-04,29.239999771118164,29.5,29.0,29.360000610351562,3757500
2017-12-05,29.360000610351562,29.360000610351562,28.8700008392334,28.90999984741211,2870600
2017-12-06,28.959999084472656,29.190000534057617,28.780000686645508,29.010000228881836,3618000
2017-12-07,28.969999313354492,28.969999313354492,28.65999984741211,28.860000610351562,3001800
2017-12-08,28.829999923706055,28.90999984741211,28.68000030517578,28.90999984741211,3209100
2017-12-11,28.780000686645508,28.8799991607666,28.670000076293945,28.850000381469727,2837900
2017-12-12,28.760000228881836,28.989999771118164,28.3700008392334,28.3799991607666,3065100
2017-12-13,28.450000762939453,28.5,28.219999313354492,28.399999618530273,3999000
2017-12-14,28.360000610351562,28.709999084472656,28.100000381469727,28.6200008392334,3166600
2017-12-15,28.690000534057617,28.950000762939453,28.690000534057617,28.799999237060547,6728800
2017-12-18,28.889999389648438,28.899999618530273,28.389999389648438,28.459999084472656,2806900
2017-12-19,28.479999542236328,28.510000228881836,28.0,28.010000228881836,2330000
2017-12-20,28.010000228881836,28.290000915527344,27.989999771118164,28.020000457763672,2471400
2017-12-21,27.940000534057617,28.020000457763672,27.75,27.770000457763672,2645600
2017-12-22,27.799999237060547,28.1299991607666,27.799999237060547,28.06999969482422,1886600
2017-12-26,28.110000610351562,28.239999771118164,27.969999313354492,28.030000686645508,1348100
2017-12-27,28.09000015258789,28.219999313354492,27.959999084472656,28.149999618530273,1346700
2017-12-28,28.229999542236328,28.3799991607666,28.06999969482422,28.360000610351562,1182100
2017-12-29,28.420000076293945,28.5,28.299999237060547,28.360000610351562,1381000
2018-01-02,28.389999389648438,28.420000076293945,27.959999084472656,28.020000457763672,2553700
2018-01-03,27.899999618530273,28.25,27.790000915527344,27.959999084472656,3318100
2018-01-04,27.940000534057617,28.450000762939453,27.90999984741211,27.989999771118164,4774800
2018-01-05,28.030000686645508,28.260000228881836,27.739999771118164,27.8700008392334,4535100
2018-01-08,28.079999923706055,28.18000030517578,27.790000915527344,28.040000915527344,4733600
2018-01-09,28.06999969482422,28.18000030517578,27.65999984741211,27.760000228881836,2614700
2018-01-10,27.709999084472656,27.709999084472656,27.239999771118164,27.260000228881836,4141600
2018-01-11,27.329999923706055,27.6200008392334,27.219999313354492,27.43000030517578,3610000
2018-01-12,27.350000381469727,27.479999542236328,27.110000610351562,27.3700008392334,3957900
2018-01-16,27.459999084472656,27.6200008392334,27.200000762939453,27.520000457763672,4905900
2018-01-17,27.6200008392334,27.989999771118164,27.56999969482422,27.8799991607666,4922900
2018-01-18,27.920000076293945,28.0,27.56999969482422,27.829999923706055,4415100
2018-01-19,27.93000030517578,28.09000015258789,27.719999313354492,27.799999237060547,3563900
2018-01-22,27.959999084472656,28.09000015258789,27.739999771118164,27.790000915527344,2902200
2018-01-23,27.8799991607666,28.170000076293945,27.700000762939453,28.079999923706055,2774200
2018-01-24,28.030000686645508,28.18000030517578,27.8799991607666,28.139999389648438,4402500
2018-01-25,28.139999389648438,28.40999984741211,28.030000686645508,28.3799991607666,4441800
2018-01-26,28.440000534057617,28.489999771118164,28.170000076293945,28.459999084472656,3052600
2018-01-29,28.34000015258789,28.420000076293945,27.719999313354492,27.729999542236328,4638600
2018-01-30,27.790000915527344,27.989999771118164,27.65999984741211,27.81999969482422,4479500
2018-01-31,27.889999389648438,28.190000534057617,27.75,28.18000030517578,4541000
2018-02-01,28.170000076293945,28.31999969482422,27.670000076293945,27.719999313354492,5210800
2018-02-02,27.600000381469727,27.8700008392334,27.520000457763672,27.549999237060547,4374300
2018-02-05,27.469999313354492,27.790000915527344,26.90999984741211,26.90999984741211,4794200
2018-02-06,26.639999389648438,26.639999389648438,25.850000381469727,26.31999969482422,6675100
2018-02-07,26.309999465942383,26.84000015258789,26.25,26.360000610351562,5097700
2018-02-08,26.31999969482422,26.530000686645508,25.84000015258789,25.850000381469727,5480900
2018-02-09,25.920000076293945,26.719999313354492,25.8799991607666,26.5,4156900
2018-02-12,26.540000915527344,26.889999389648438,26.34000015258789,26.729999542236328,2870900
2018-02-13,26.649999618530273,26.8799991607666,26.420000076293945,26.770000457763672,3354700
2018-02-14,26.360000610351562,26.479999542236328,26.1200008392334,26.190000534057617,2990000
2018-02-15,26.260000228881836,26.760000228881836,26.200000762939453,26.760000228881836,3202800
2018-02-16,26.690000534057617,26.989999771118164,26.639999389648438,26.90999984741211,3285000
2018-02-20,26.809999465942383,27.0,26.649999618530273,26.729999542236328,3638100
2018-02-21,26.780000686645508,26.81999969482422,26.219999313354492,26.229999542236328,3811900
2018-02-22,27.139999389648438,27.520000457763672,26.440000534057617,27.0,5750500
2018-02-23,27.09000015258789,27.760000228881836,26.959999084472656,27.729999542236328,3971300
2018-02-26,27.780000686645508,27.8700008392334,27.670000076293945,27.790000915527344,3515600
2018-02-27,27.850000381469727,27.8799991607666,27.229999542236328,27.25,3911900
2018-02-28,27.329999923706055,27.40999984741211,27.020000457763672,27.049999237060547,5170200
2018-03-01,27.049999237060547,27.31999969482422,26.639999389648438,26.719999313354492,5152500
2018-03-02,26.729999542236328,27.020000457763672,26.469999313354492,26.690000534057617,3971100
2018-03-05,26.670000076293945,27.239999771118164,26.579999923706055,27.149999618530273,4651000
2018-03-06,27.1299991607666,27.139999389648438,26.639999389648438,26.770000457763672,3545100
2018-03-07,26.729999542236328,26.809999465942383,26.530000686645508,26.709999084472656,3239900
2018-03-08,26.850000381469727,27.110000610351562,26.799999237060547,27.09000015258789,4357900
2018-03-09,27.190000534057617,27.190000534057617,26.950000762939453,27.1299991607666,4032900
2018-03-12,27.15999984741211,27.440000534057617,27.139999389648438,27.43000030517578,4252900
2018-03-13,27.479999542236328,27.59000015258789,27.260000228881836,27.309999465942383,3492700
2018-03-14,27.389999389648438,27.549999237060547,26.770000457763672,27.049999237060547,9242800
2018-03-15,27.1299991607666,27.43000030517578,26.469999313354492,26.920000076293945,9482000
2018-03-16,26.889999389648438,27.260000228881836,26.860000610351562,27.149999618530273,13786600
2018-03-19,27.15999984741211,27.18000030517578,26.780000686645508,26.950000762939453,4955400
2018-03-20,26.93000030517578,26.989999771118164,26.600000381469727,26.809999465942383,7629600
2018-03-21,26.799999237060547,27.280000686645508,26.709999084472656,26.84000015258789,6536500
2018-03-22,26.530000686645508,27.0,26.399999618530273,26.729999542236328,7524500
2018-03-23,26.84000015258789,27.139999389648438,26.440000534057617,26.5,5078500
2018-03-26,26.649999618530273,26.920000076293945,26.43000030517578,26.84000015258789,4171600
2018-03-27,26.860000610351562,27.469999313354492,26.760000228881836,27.09000015258789,7689900
2018-03-28,27.200000762939453,27.200000762939453,26.579999923706055,26.950000762939453,5207200
2018-03-29,26.979999542236328,27.489999771118164,26.979999542236328,27.399999618530273,6023700
2018-04-02,27.469999313354492,27.5,26.770000457763672,26.979999542236328,3697200
2018-04-03,26.969999313354492,27.18000030517578,26.790000915527344,27.079999923706055,4728700
2018-04-04,27.030000686645508,27.290000915527344,26.8799991607666,27.200000762939453,4033800
2018-04-05,27.229999542236328,27.540000915527344,26.959999084472656,27.290000915527344,4783000
2018-04-06,27.260000228881836,27.260000228881836,26.739999771118164,26.889999389648438,5287900
2018-04-09,26.93000030517578,27.309999465942383,26.8700008392334,27.1299991607666,3886100
2018-04-10,27.06999969482422,27.219999313354492,27.010000228881836,27.100000381469727,2938600
2018-04-11,27.049999237060547,27.219999313354492,26.780000686645508,26.829999923706055,2973500
2018-04-12,26.899999618530273,26.90999984741211,26.389999389648438,26.530000686645508,3119300
2018-04-13,26.59000015258789,26.780000686645508,26.530000686645508,26.670000076293945,2902400
2018-04-16,26.75,27.1200008392334,26.690000534057617,27.06999969482422,3120700
2018-04-17,27.1200008392334,27.270000457763672,26.979999542236328,27.170000076293945,4225000
2018-04-18,27.170000076293945,27.3700008392334,27.110000610351562,27.139999389648438,2124500
2018-04-19,27.020000457763672,27.15999984741211,26.899999618530273,26.979999542236328,3098400
2018-04-20,27.010000228881836,27.06999969482422,26.6200008392334,26.68000030517578,5112000
2018-04-23,26.25,26.489999771118164,25.760000228881836,25.940000534057617,9942800
2018-04-24,26.049999237060547,26.059999465942383,25.290000915527344,25.360000610351562,11269300
2018-04-25,25.260000228881836,25.459999084472656,24.809999465942383,24.920000076293945,8430600
2018-04-26,25.030000686645508,25.200000762939453,24.889999389648438,25.110000610351562,8207100
2018-04-27,25.059999465942383,25.59000015258789,25.020000457763672,25.469999313354492,8006100
2018-04-30,25.5,25.579999923706055,25.229999542236328,25.329999923706055,5040100
2018-05-01,25.260000228881836,25.469999313354492,25.260000228881836,25.440000534057617,5886300
2018-05-02,25.479999542236328,25.600000381469727,25.34000015258789,25.459999084472656,5013100
2018-05-03,25.420000076293945,25.510000228881836,24.989999771118164,25.3799991607666,6267400
2018-05-04,26.979999542236328,27.079999923706055,26.040000915527344,26.389999389648438,8659000
2018-05-07,26.719999313354492,27.040000915527344,26.479999542236328,26.6299991607666,8590800
2018-05-08,26.479999542236328,26.56999969482422,26.200000762939453,26.549999237060547,10349200
2018-05-09,26.829999923706055,26.889999389648438,26.25,26.270000457763672,6077900
2018-05-10,26.40999984741211,26.68000030517578,26.329999923706055,26.639999389648438,5820000
2018-05-11,26.6299991607666,26.790000915527344,26.559999465942383,26.68000030517578,2331100
2018-05-14,26.760000228881836,26.829999923706055,26.389999389648438,26.489999771118164,4872200
2018-05-15,26.3799991607666,26.489999771118164,25.84000015258789,26.059999465942383,5622300
2018-05-16,25.850000381469727,25.889999389648438,25.440000534057617,25.5,3850500
2018-05-17,25.530000686645508,25.649999618530273,25.229999542236328,25.290000915527344,3179000
2018-05-18,25.360000610351562,25.469999313354492,25.209999084472656,25.329999923706055,3239400
2018-05-21,25.3700008392334,25.399999618530273,25.18000030517578,25.219999313354492,3874900
2018-05-22,25.260000228881836,25.56999969482422,25.229999542236328,25.40999984741211,2824000
2018-05-23,25.450000762939453,25.889999389648438,25.389999389648438,25.860000610351562,4846800
2018-05-24,25.899999618530273,26.200000762939453,25.729999542236328,26.170000076293945,3115400
2018-05-25,26.139999389648438,26.170000076293945,25.959999084472656,25.979999542236328,2693800
2018-05-29,25.920000076293945,26.100000381469727,25.690000534057617,25.84000015258789,4411300
2018-05-30,25.8700008392334,26.280000686645508,25.719999313354492,26.1200008392334,5890700
2018-05-31,26.1299991607666,26.360000610351562,25.969999313354492,26.1299991607666,5086600
2018-06-01,26.1299991607666,26.190000534057617,25.56999969482422,25.65999984741211,4537200
2018-06-04,25.93000030517578,26.040000915527344,25.56999969482422,25.6299991607666,3768900
2018-06-05,25.610000610351562,25.760000228881836,25.510000228881836,25.65999984741211,3974200
2018-06-06,25.65999984741211,25.809999465942383,25.1200008392334,25.209999084472656,2916600
2018-06-07,25.260000228881836,25.559999465942383,25.100000381469727,25.40999984741211,3008000
2018-06-08,25.459999084472656,25.510000228881836,25.149999618530273,25.350000381469727,2999400
2018-06-11,25.350000381469727,25.489999771118164,25.100000381469727,25.219999313354492,2434300
2018-06-12,25.3700008392334,25.959999084472656,25.270000457763672,25.90999984741211,5509200
2018-06-13,25.90999984741211,26.270000457763672,25.610000610351562,25.639999389648438,4327300
2018-06-14,25.649999618530273,26.18000030517578,25.649999618530273,26.18000030517578,3977800
2018-06-15,26.06999969482422,26.100000381469727,25.809999465942383,25.889999389648438,5972500
2018-06-18,25.8799991607666,26.1299991607666,25.8700008392334,26.079999923706055,2893000
2018-06-19,26.030000686645508,26.389999389648438,26.020000457763672,26.3799991607666,2564500
2018-06-20,26.469999313354492,26.479999542236328,26.229999542236328,26.309999465942383,2698500
2018-06-21,26.25,26.559999465942383,26.239999771118164,26.520000457763672,3477100
2018-06-22,26.579999923706055,26.649999618530273,26.479999542236328,26.6200008392334,3397100
2018-06-25,26.65999984741211,27.290000915527344,26.639999389648438,27.190000534057617,4149500
2018-06-26,27.110000610351562,27.540000915527344,27.110000610351562,27.329999923706055,5472300
2018-06-27,27.309999465942383,27.610000610351562,27.190000534057617,27.559999465942383,3143900
2018-06-28,27.84000015258789,28.0,27.520000457763672,27.559999465942383,4000800
2018-06-29,27.559999465942383,27.860000610351562,27.420000076293945,27.709999084472656,3354400
2018-07-02,27.75,27.850000381469727,27.420000076293945,27.56999969482422,3652500
2018-07-03,27.600000381469727,27.799999237060547,27.540000915527344,27.610000610351562,2342600
2018-07-05,27.65999984741211,27.75,27.280000686645508,27.75,3538600
2018-07-06,27.81999969482422,28.020000457763672,27.729999542236328,27.940000534057617,2294300
2018-07-09,27.940000534057617,27.979999542236328,26.84000015258789,26.920000076293945,4217200
2018-07-10,26.809999465942383,27.239999771118164,26.549999237060547,27.110000610351562,4669700
2018-07-11,27.1299991607666,27.540000915527344,27.06999969482422,27.510000228881836,3167800
2018-07-12,27.579999923706055,27.90999984741211,27.510000228881836,27.829999923706055,4647000
2018-07-13,27.790000915527344,27.920000076293945,27.549999237060547,27.760000228881836,1978400
2018-07-16,27.799999237060547,27.84000015258789,27.649999618530273,27.729999542236328,2036500
2018-07-17,27.799999237060547,27.860000610351562,27.6200008392334,27.709999084472656,1630200
2018-07-18,27.75,27.75,27.3700008392334,27.610000610351562,3113900
2018-07-19,27.649999618530273,28.149999618530273,27.649999618530273,28.020000457763672,3368600
2018-07-20,27.959999084472656,27.989999771118164,27.610000610351562,27.760000228881836,2364300
2018-07-23,27.829999923706055,27.979999542236328,27.6200008392334,27.639999389648438,3427700
2018-07-24,27.610000610351562,27.979999542236328,27.260000228881836,27.93000030517578,6294500
2018-07-25,27.920000076293945,28.260000228881836,27.889999389648438,28.100000381469727,3755600
2018-07-26,28.260000228881836,28.540000915527344,28.0,28.170000076293945,3062300
2018-07-27,28.170000076293945,28.350000381469727,28.0,28.15999984741211,2710500
2018-07-30,28.15999984741211,28.170000076293945,27.899999618530273,28.030000686645508,2546800
2018-07-31,28.170000076293945,28.479999542236328,28.030000686645508,28.479999542236328,4365600
2018-08-01,28.31999969482422,28.31999969482422,27.829999923706055,27.93000030517578,3618200
2018-08-02,27.90999984741211,28.200000762939453,27.739999771118164,28.110000610351562,2634800
2018-08-03,28.100000381469727,28.280000686645508,27.799999237060547,27.969999313354492,2751600
2018-08-06,27.950000762939453,28.43000030517578,27.940000534057617,28.270000457763672,3699200
2018-08-07,28.270000457763672,28.34000015258789,28.09000015258789,28.280000686645508,2449400
2018-08-08,28.270000457763672,28.34000015258789,28.079999923706055,28.239999771118164,2127100
2018-08-09,28.229999542236328,28.280000686645508,28.059999465942383,28.200000762939453,1866300
2018-08-10,28.280000686645508,28.43000030517578,28.110000610351562,28.1299991607666,2973300
2018-08-13,28.18000030517578,28.270000457763672,28.049999237060547,28.219999313354492,2091400
2018-08-14,28.260000228881836,28.260000228881836,28.0,28.1299991607666,2538600
2018-08-15,27.8799991607666,28.200000762939453,27.790000915527344,27.950000762939453,2572200
2018-08-16,27.959999084472656,28.290000915527344,27.81999969482422,28.290000915527344,4620600
2018-08-17,28.299999237060547,28.489999771118164,28.260000228881836,28.290000915527344,3546000
2018-08-20,28.329999923706055,28.3799991607666,28.149999618530273,28.350000381469727,2443400
2018-08-21,28.3799991607666,28.3799991607666,28.0,28.059999465942383,2138200
2018-08-22,28.1299991607666,28.15999984741211,27.770000457763672,27.829999923706055,1626000
2018-08-23,27.809999465942383,27.950000762939453,27.610000610351562,27.709999084472656,2074500
2018-08-24,27.75,27.93000030517578,27.579999923706055,27.8799991607666,2553600
2018-08-27,27.93000030517578,27.979999542236328,27.510000228881836,27.68000030517578,1376600
2018-08-28,27.6200008392334,27.670000076293945,27.479999542236328,27.549999237060547,2092500
2018-08-29,27.639999389648438,27.809999465942383,27.520000457763672,27.790000915527344,1886800
2018-08-30,27.809999465942383,27.889999389648438,27.68000030517578,27.770000457763672,2117000
2018-08-31,27.81999969482422,28.0,27.690000534057617,27.790000915527344,2625600
2018-09-04,27.68000030517578,27.940000534057617,27.649999618530273,27.920000076293945,3379600
2018-09-05,28.520000457763672,28.959999084472656,28.200000762939453,28.920000076293945,4729500
2018-09-06,28.860000610351562,29.0,28.729999542236328,28.899999618530273,2953200
2018-09-07,28.709999084472656,28.81999969482422,28.5,28.510000228881836,2139500
2018-09-10,28.65999984741211,28.799999237060547,28.56999969482422,28.729999542236328,1747600
2018-09-11,28.739999771118164,28.860000610351562,28.670000076293945,28.760000228881836,1960500
2018-09-12,28.799999237060547,28.860000610351562,28.530000686645508,28.579999923706055,2080700
2018-09-13,28.549999237060547,28.799999237060547,28.3799991607666,28.780000686645508,3485800
2018-09-14,28.75,29.059999465942383,28.549999237060547,28.920000076293945,4604100
2018-09-17,28.920000076293945,28.920000076293945,28.579999923706055,28.780000686645508,2741900
2018-09-18,28.729999542236328,28.790000915527344,28.530000686645508,28.600000381469727,2625500
2018-09-19,28.639999389648438,28.639999389648438,27.84000015258789,27.90999984741211,2459100
2018-09-20,27.940000534057617,28.059999465942383,27.68000030517578,28.0,2217300
2018-09-21,27.93000030517578,28.229999542236328,27.860000610351562,28.030000686645508,5666100
2018-09-24,28.09000015258789,28.1200008392334,27.780000686645508,27.81999969482422,2411100
2018-09-25,27.260000228881836,27.93000030517578,26.8700008392334,27.649999618530273,11382000
2018-09-26,27.420000076293945,27.520000457763672,27.09000015258789,27.25,57295500
2018-09-27,27.31999969482422,27.540000915527344,27.200000762939453,27.420000076293945,21037200
2018-09-28,27.5,27.760000228881836,27.479999542236328,27.649999618530273,16733300
2018-10-01,27.59000015258789,27.68000030517578,27.43000030517578,27.540000915527344,5079800
2018-10-02,27.719999313354492,27.969999313354492,27.420000076293945,27.90999984741211,10114600
2018-10-03,27.93000030517578,27.979999542236328,27.170000076293945,27.31999969482422,8010300
2018-10-04,27.280000686645508,27.450000762939453,26.969999313354492,27.280000686645508,6112000
2018-10-05,27.280000686645508,27.760000228881836,27.25,27.729999542236328,6178600
2018-10-08,27.8700008392334,28.239999771118164,27.799999237060547,27.950000762939453,5810800
2018-10-09,28.09000015258789,28.290000915527344,27.950000762939453,28.1299991607666,5600400
2018-10-10,28.18000030517578,28.450000762939453,27.850000381469727,27.8799991607666,6935400
2018-10-11,28.010000228881836,28.020000457763672,27.1200008392334,27.149999618530273,5412400
2018-10-12,27.219999313354492,27.420000076293945,27.040000915527344,27.34000015258789,7071300
2018-10-15,27.459999084472656,27.780000686645508,27.309999465942383,27.549999237060547,5247800
2018-10-16,27.520000457763672,27.959999084472656,27.350000381469727,27.75,4029100
2018-10-17,27.709999084472656,27.8799991607666,27.389999389648438,27.559999465942383,3526200
2018-10-18,27.610000610351562,27.920000076293945,27.520000457763672,27.760000228881836,4661700
2018-10-19,27.84000015258789,28.190000534057617,27.729999542236328,28.1200008392334,4859800
2018-10-22,28.1200008392334,28.190000534057617,27.760000228881836,27.809999465942383,4400500
2018-10-23,27.809999465942383,28.010000228881836,27.479999542236328,27.670000076293945,5157300
2018-10-24,27.8700008392334,28.290000915527344,27.729999542236328,27.90999984741211,6188900
2018-10-25,27.790000915527344,27.90999984741211,27.469999313354492,27.75,6621600
2018-10-26,27.84000015258789,27.969999313354492,26.93000030517578,27.170000076293945,5102600
2018-10-29,27.219999313354492,27.59000015258789,27.059999465942383,27.219999313354492,3933200
2018-10-30,27.31999969482422,27.5,27.059999465942383,27.299999237060547,4479300
2018-10-31,27.110000610351562,27.260000228881836,26.739999771118164,27.010000228881836,5600700
2018-11-01,27.049999237060547,27.219999313354492,26.950000762939453,27.190000534057617,3889700
2018-11-02,27.25,27.280000686645508,26.8700008392334,26.959999084472656,4177500
2018-11-05,27.09000015258789,27.520000457763672,26.989999771118164,27.489999771118164,3788000
2018-11-06,27.59000015258789,27.829999923706055,27.489999771118164,27.799999237060547,3969600
2018-11-07,27.989999771118164,28.350000381469727,27.84000015258789,28.31999969482422,6670500
2018-11-08,28.670000076293945,28.670000076293945,27.719999313354492,28.059999465942383,6806200
2018-11-09,27.940000534057617,28.34000015258789,27.940000534057617,28.1299991607666,4999700
2018-11-12,28.190000534057617,28.469999313354492,28.040000915527344,28.100000381469727,3971300
2018-11-13,28.079999923706055,28.280000686645508,27.889999389648438,28.219999313354492,5826300
2018-11-14,27.93000030517578,27.989999771118164,27.3700008392334,27.459999084472656,5102600
2018-11-15,27.329999923706055,27.549999237060547,26.8700008392334,27.549999237060547,6089900
2018-11-16,27.81999969482422,27.93000030517578,27.459999084472656,27.729999542236328,5674100
2018-11-19,27.690000534057617,28.020000457763672,27.56999969482422,27.969999313354492,4004000
2018-11-20,28.010000228881836,28.190000534057617,27.770000457763672,27.850000381469727,3300600
2018-11-21,27.84000015258789,28.010000228881836,27.700000762939453,27.809999465942383,4565000
2018-11-23,27.770000457763672,27.8700008392334,27.540000915527344,27.649999618530273,2193200
2018-11-26,27.739999771118164,27.899999618530273,27.559999465942383,27.809999465942383,4387000
2018-11-27,27.799999237060547,28.040000915527344,27.709999084472656,27.950000762939453,3041000
2018-11-28,27.920000076293945,28.1299991607666,27.739999771118164,28.010000228881836,4747100
2018-11-29,28.010000228881836,28.010000228881836,27.489999771118164,27.739999771118164,5342300
2018-11-30,27.829999923706055,28.020000457763672,27.700000762939453,28.010000228881836,6082900
2018-12-03,28.100000381469727,28.399999618530273,27.93000030517578,28.3700008392334,5462000
2018-12-04,28.399999618530273,28.610000610351562,27.979999542236328,28.049999237060547,6221600
2018-12-06,28.1200008392334,28.229999542236328,27.649999618530273,28.170000076293945,4954300
2018-12-07,28.25,28.6200008392334,28.1299991607666,28.3799991607666,5079200
2018-12-10,28.420000076293945,28.6200008392334,27.90999984741211,28.459999084472656,4129100
2018-12-11,28.579999923706055,28.8700008392334,28.489999771118164,28.780000686645508,5297900
2018-12-12,28.889999389648438,29.200000762939453,28.829999923706055,28.889999389648438,5872000
2018-12-13,28.8799991607666,29.5,28.8799991607666,29.34000015258789,8195700
2018-12-14,29.549999237060547,29.579999923706055,29.209999084472656,29.299999237060547,6420800
2018-12-17,29.389999389648438,29.6299991607666,28.729999542236328,28.90999984741211,9647000
2018-12-18,28.8799991607666,29.1200008392334,28.229999542236328,28.299999237060547,6869100
2018-12-19,28.40999984741211,28.75,28.139999389648438,28.389999389648438,5648000
2018-12-20,28.3799991607666,28.68000030517578,28.040000915527344,28.399999618530273,6270200
2018-12-21,28.40999984741211,29.110000610351562,28.229999542236328,28.3700008392334,9960000
2018-12-24,28.459999084472656,28.559999465942383,27.15999984741211,27.219999313354492,2966600
2018-12-26,27.219999313354492,27.709999084472656,26.809999465942383,27.649999618530273,4880200
2018-12-27,27.600000381469727,28.1200008392334,27.15999984741211,28.09000015258789,5702100
2018-12-28,28.15999984741211,28.329999923706055,27.889999389648438,28.0,3812500
2018-12-31,28.0,28.25,27.770000457763672,28.229999542236328,3579000
2019-01-02,28.15999984741211,28.18000030517578,27.739999771118164,28.0,4027300
2019-01-03,28.040000915527344,28.399999618530273,27.959999084472656,28.15999984741211,7861600
2019-01-04,28.139999389648438,28.709999084472656,28.139999389648438,28.68000030517578,6656200
2019-01-07,28.899999618530273,29.200000762939453,28.6299991607666,28.790000915527344,7845400
2019-01-08,28.8700008392334,29.350000381469727,28.81999969482422,29.34000015258789,4658100
2019-01-09,29.270000457763672,29.43000030517578,28.920000076293945,28.979999542236328,4719600
2019-01-10,29.040000915527344,29.549999237060547,28.979999542236328,29.510000228881836,3436700
2019-01-11,29.479999542236328,29.5,29.219999313354492,29.3799991607666,3755100
2019-01-14,29.239999771118164,29.309999465942383,28.950000762939453,29.200000762939453,5985600
2019-01-15,29.299999237060547,29.719999313354492,29.200000762939453,29.290000915527344,5085300
2019-01-16,29.209999084472656,29.530000686645508,29.209999084472656,29.520000457763672,4743800
2019-01-17,29.479999542236328,29.670000076293945,29.399999618530273,29.540000915527344,3699600
2019-01-18,29.780000686645508,29.81999969482422,29.440000534057617,29.440000534057617,6719800
2019-01-22,29.489999771118164,29.610000610351562,29.079999923706055,29.610000610351562,7518700
2019-01-23,29.6200008392334,29.899999618530273,29.6200008392334,29.8700008392334,4802200
2019-01-24,29.799999237060547,30.170000076293945,29.6200008392334,30.1200008392334,6317600
2019-01-25,30.049999237060547,30.200000762939453,29.729999542236328,29.790000915527344,5605400
2019-01-28,29.790000915527344,30.020000457763672,29.610000610351562,29.860000610351562,6318400
2019-01-29,29.989999771118164,30.06999969482422,29.860000610351562,30.030000686645508,4339000
2019-01-30,29.899999618530273,30.389999389648438,29.899999618530273,30.209999084472656,3672000
2019-01-31,30.200000762939453,30.989999771118164,30.040000915527344,30.920000076293945,6464600
2019-02-01,30.860000610351562,30.959999084472656,30.549999237060547,30.809999465942383,4046400
2019-02-04,30.6200008392334,30.940000534057617,30.399999618530273,30.93000030517578,5069100
2019-02-05,30.81999969482422,30.959999084472656,30.739999771118164,30.829999923706055,6156800
2019-02-06,30.719999313354492,30.81999969482422,30.510000228881836,30.600000381469727,4231300
2019-02-07,30.6299991607666,30.860000610351562,30.469999313354492,30.809999465942383,4006500
2019-02-08,30.809999465942383,30.8799991607666,30.469999313354492,30.850000381469727,4929300
2019-02-11,30.829999923706055,30.940000534057617,30.489999771118164,30.790000915527344,4539600
2019-02-12,30.860000610351562,31.010000228881836,30.649999618530273,30.84000015258789,4621300
2019-02-13,30.760000228881836,30.889999389648438,30.6299991607666,30.760000228881836,3379700
2019-02-14,30.780000686645508,30.979999542236328,30.670000076293945,30.829999923706055,3626600
2019-02-15,30.950000762939453,31.040000915527344,30.739999771118164,30.889999389648438,3797400
2019-02-19,30.93000030517578,31.239999771118164,30.8799991607666,31.209999084472656,4638000
2019-02-20,30.950000762939453,31.059999465942383,30.770000457763672,30.979999542236328,4870300
2019-02-21,30.799999237060547,31.260000228881836,30.68000030517578,31.219999313354492,2875700
2019-02-22,31.280000686645508,31.420000076293945,31.079999923706055,31.399999618530273,3042400
2019-02-25,31.389999389648438,31.40999984741211,30.8799991607666,31.010000228881836,3382400
2019-02-26,31.270000457763672,31.270000457763672,30.90999984741211,30.93000030517578,4009000
2019-02-27,30.90999984741211,31.18000030517578,30.719999313354492,31.15999984741211,6019700
2019-02-28,30.190000534057617,30.219999313354492,29.200000762939453,30.139999389648438,11266700
2019-03-01,30.100000381469727,30.280000686645508,29.829999923706055,30.170000076293945,5962300
2019-03-04,30.170000076293945,30.360000610351562,29.889999389648438,30.34000015258789,4788300
2019-03-05,30.290000915527344,30.360000610351562,30.059999465942383,30.170000076293945,4568800
2019-03-06,30.209999084472656,30.25,29.940000534057617,30.100000381469727,4118000
2019-03-07,30.15999984741211,30.309999465942383,29.920000076293945,30.030000686645508,5644200
2019-03-08,30.079999923706055,30.1200008392334,29.760000228881836,30.030000686645508,3960500
2019-03-11,30.030000686645508,30.43000030517578,30.0,30.43000030517578,4084800
2019-03-12,30.43000030517578,30.729999542236328,30.329999923706055,30.68000030517578,3943900
2019-03-13,30.709999084472656,30.760000228881836,30.399999618530273,30.40999984741211,6378400
2019-03-14,30.420000076293945,30.6200008392334,30.260000228881836,30.40999984741211,5730200
2019-03-15,30.420000076293945,30.809999465942383,30.350000381469727,30.809999465942383,9949200
2019-03-18,30.799999237060547,30.829999923706055,30.3799991607666,30.579999923706055,5015200
2019-03-19,30.479999542236328,30.56999969482422,30.209999084472656,30.270000457763672,3641300
2019-03-20,30.3700008392334,30.530000686645508,30.219999313354492,30.260000228881836,3466400
2019-03-21,30.239999771118164,30.760000228881836,30.18000030517578,30.6200008392334,2916500
2019-03-22,30.719999313354492,30.920000076293945,30.649999618530273,30.719999313354492,3836600
2019-03-25,30.65999984741211,30.8799991607666,30.56999969482422,30.799999237060547,2888500
2019-03-26,30.799999237060547,31.06999969482422,30.770000457763672,30.93000030517578,2445500
2019-03-27,30.969999313354492,31.0,30.489999771118164,30.540000915527344,3800200
2019-03-28,30.549999237060547,30.649999618530273,30.139999389648438,30.329999923706055,4122700
2019-03-29,30.360000610351562,30.780000686645508,30.239999771118164,30.700000762939453,4084500
2019-04-01,30.690000534057617,30.760000228881836,30.440000534057617,30.700000762939453,3133500
2019-04-02,30.809999465942383,30.860000610351562,30.56999969482422,30.780000686645508,3940600
2019-04-03,30.700000762939453,30.889999389648438,30.459999084472656,30.700000762939453,3372000
2019-04-04,30.899999618530273,30.940000534057617,30.420000076293945,30.530000686645508,2680500
2019-04-05,30.6299991607666,30.8700008392334,30.510000228881836,30.8700008392334,3856900
2019-04-08,30.780000686645508,30.799999237060547,30.389999389648438,30.459999084472656,4356900
2019-04-09,30.469999313354492,30.530000686645508,30.18000030517578,30.31999969482422,4005600
2019-04-10,30.3700008392334,30.520000457763672,30.079999923706055,30.200000762939453,4637300
2019-04-11,30.239999771118164,30.3700008392334,30.100000381469727,30.290000915527344,4812800
2019-04-12,30.190000534057617,30.6299991607666,30.020000457763672,30.56999969482422,5162400
2019-04-15,30.690000534057617,30.770000457763672,30.399999618530273,30.5,4584900
2019-04-16,30.3799991607666,30.5,29.979999542236328,30.149999618530273,3432600
2019-04-17,30.139999389648438,30.18000030517578,29.959999084472656,30.010000228881836,3000200
2019-04-18,30.15999984741211,30.459999084472656,30.110000610351562,30.290000915527344,3892500
2019-04-22,30.239999771118164,30.5,30.209999084472656,30.479999542236328,3154700
2019-04-23,30.579999923706055,30.729999542236328,30.399999618530273,30.6200008392334,3940200
2019-04-24,30.670000076293945,30.760000228881836,30.280000686645508,30.290000915527344,6149900
2019-04-25,30.190000534057617,30.6200008392334,30.020000457763672,30.510000228881836,4768600
2019-04-26,30.709999084472656,30.8799991607666,30.459999084472656,30.469999313354492,2843200
2019-04-29,30.360000610351562,30.530000686645508,30.299999237060547,30.450000762939453,2378500
2019-04-30,30.530000686645508,31.040000915527344,30.389999389648438,31.0,4436200
2019-05-01,30.889999389648438,31.09000015258789,30.75,30.780000686645508,6036200
2019-05-02,30.770000457763672,31.030000686645508,30.700000762939453,30.75,5859300
2019-05-03,30.809999465942383,31.15999984741211,30.809999465942383,31.149999618530273,2679400
2019-05-06,31.149999618530273,31.170000076293945,30.940000534057617,31.049999237060547,2891100
2019-05-07,31.030000686645508,31.1200008392334,30.700000762939453,30.809999465942383,4483700
2019-05-08,30.719999313354492,30.84000015258789,30.40999984741211,30.450000762939453,3748200
2019-05-09,30.3799991607666,30.450000762939453,29.139999389648438,29.25,9882700
2019-05-10,29.020000457763672,29.709999084472656,28.760000228881836,29.65999984741211,7523000
2019-05-13,29.510000228881836,30.190000534057617,29.479999542236328,30.15999984741211,6339700
2019-05-14,30.079999923706055,30.139999389648438,29.6299991607666,29.780000686645508,8550200
2019-05-15,29.559999465942383,29.65999984741211,29.3799991607666,29.420000076293945,5835400
2019-05-16,29.399999618530273,29.739999771118164,29.31999969482422,29.600000381469727,4546200
2019-05-17,29.459999084472656,29.920000076293945,29.459999084472656,29.770000457763672,4612500
2019-05-20,29.799999237060547,30.030000686645508,29.549999237060547,29.639999389648438,3895100
2019-05-21,29.639999389648438,29.90999984741211,29.5,29.520000457763672,3804700
2019-05-22,29.540000915527344,29.68000030517578,29.360000610351562,29.549999237060547,6442100
2019-05-23,29.56999969482422,29.610000610351562,29.170000076293945,29.420000076293945,6392600
2019-05-24,29.600000381469727,29.719999313354492,29.3700008392334,29.389999389648438,3848500
2019-05-28,29.489999771118164,29.510000228881836,28.81999969482422,28.81999969482422,6517400
2019-05-29,28.920000076293945,28.93000030517578,28.40999984741211,28.450000762939453,4157400
2019-05-30,28.459999084472656,28.600000381469727,28.200000762939453,28.270000457763672,3999300
2019-05-31,28.290000915527344,28.540000915527344,28.200000762939453,28.440000534057617,5326400
2019-06-03,28.610000610351562,28.739999771118164,28.280000686645508,28.65999984741211,4841700
2019-06-04,28.700000762939453,28.84000015258789,28.149999618530273,28.81999969482422,5360500
2019-06-05,28.959999084472656,29.190000534057617,28.799999237060547,29.040000915527344,5904100
2019-06-06,29.190000534057617,29.40999984741211,29.059999465942383,29.149999618530273,4823300
2019-06-07,29.40999984741211,29.540000915527344,28.790000915527344,28.81999969482422,4009000
2019-06-10,28.829999923706055,28.979999542236328,28.579999923706055,28.920000076293945,3184300
2019-06-11,28.860000610351562,28.920000076293945,28.530000686645508,28.639999389648438,6415600
2019-06-12,28.739999771118164,29.059999465942383,28.670000076293945,28.979999542236328,2896200
2019-06-13,29.559999465942383,29.559999465942383,29.170000076293945,29.260000228881836,4925600
2019-06-14,29.3700008392334,29.739999771118164,29.299999237060547,29.6200008392334,4508700
2019-06-17,29.6200008392334,29.75,29.450000762939453,29.600000381469727,4389200
2019-06-18,29.790000915527344,29.799999237060547,29.34000015258789,29.540000915527344,3700100
2019-06-19,29.360000610351562,30.09000015258789,29.360000610351562,29.979999542236328,3814400
2019-06-20,30.110000610351562,30.239999771118164,29.670000076293945,30.040000915527344,2881000
2019-06-21,30.040000915527344,30.040000915527344,29.579999923706055,29.920000076293945,6042400
2019-06-24,30.0,30.09000015258789,29.670000076293945,29.850000381469727,3363500
2019-06-25,29.829999923706055,29.889999389648438,29.479999542236328,29.510000228881836,4435300
2019-06-26,29.420000076293945,29.459999084472656,28.600000381469727,28.649999618530273,5227400
2019-06-27,28.780000686645508,28.8700008392334,28.459999084472656,28.510000228881836,5255600
2019-06-28,28.469999313354492,28.799999237060547,28.450000762939453,28.6299991607666,5489500
2019-07-01,28.600000381469727,28.65999984741211,28.260000228881836,28.489999771118164,3337600
2019-07-02,29.010000228881836,29.260000228881836,28.770000457763672,29.0,4275100
2019-07-03,29.040000915527344,29.719999313354492,29.030000686645508,29.43000030517578,2772500
2019-07-05,29.18000030517578,29.450000762939453,28.860000610351562,29.440000534057617,3883800
2019-07-08,29.520000457763672,29.540000915527344,28.979999542236328,29.15999984741211,4059200
2019-07-09,29.15999984741211,29.25,28.989999771118164,29.09000015258789,3367500
2019-07-10,29.219999313354492,29.350000381469727,28.93000030517578,29.010000228881836,4321400
2019-07-11,29.0,29.09000015258789,28.68000030517578,29.059999465942383,5126900
2019-07-12,29.049999237060547,29.139999389648438,28.81999969482422,28.8700008392334,3580100
2019-07-15,28.899999618530273,29.0,28.770000457763672,28.989999771118164,3846000
2019-07-16,28.959999084472656,29.06999969482422,28.6200008392334,28.899999618530273,4179200
2019-07-17,29.09000015258789,29.149999618530273,28.959999084472656,29.010000228881836,3019300
2019-07-18,28.93000030517578,29.290000915527344,28.780000686645508,29.25,2646500
2019-07-19,29.200000762939453,29.25,28.6200008392334,28.639999389648438,4040100
2019-07-22,28.739999771118164,28.780000686645508,28.530000686645508,28.68000030517578,3184900
2019-07-23,28.68000030517578,28.790000915527344,28.600000381469727,28.690000534057617,4899000
2019-07-24,28.770000457763672,28.81999969482422,28.34000015258789,28.43000030517578,3576600
2019-07-25,28.290000915527344,28.59000015258789,28.280000686645508,28.549999237060547,3548800
2019-07-26,28.6299991607666,28.920000076293945,28.6299991607666,28.799999237060547,2340900
2019-07-29,28.809999465942383,28.850000381469727,28.520000457763672,28.760000228881836,2081100
2019-07-30,28.68000030517578,29.1299991607666,28.649999618530273,28.84000015258789,4805000
2019-07-31,28.799999237060547,29.229999542236328,28.729999542236328,29.010000228881836,8457700
2019-08-01,29.040000915527344,29.260000228881836,28.81999969482422,29.09000015258789,5254700
2019-08-02,29.149999618530273,29.440000534057617,28.889999389648438,29.329999923706055,4187900
2019-08-05,29.329999923706055,29.479999542236328,28.40999984741211,28.549999237060547,4359000
2019-08-06,28.6299991607666,28.93000030517578,28.239999771118164,28.860000610351562,6017900
2019-08-07,28.850000381469727,28.920000076293945,27.440000534057617,28.059999465942383,8669900
2019-08-08,27.8799991607666,28.040000915527344,27.600000381469727,27.829999923706055,5609200
2019-08-09,27.850000381469727,28.030000686645508,27.59000015258789,27.6200008392334,4311900
2019-08-12,27.600000381469727,27.809999465942383,27.350000381469727,27.760000228881836,5385000
2019-08-13,27.799999237060547,28.079999923706055,27.670000076293945,28.0,5280700
2019-08-14,27.799999237060547,27.989999771118164,27.479999542236328,27.5,5185000
2019-08-15,27.489999771118164,27.940000534057617,27.43000030517578,27.56999969482422,4620700
2019-08-16,27.610000610351562,27.969999313354492,27.59000015258789,27.8700008392334,3940600
2019-08-19,27.93000030517578,28.299999237060547,27.8700008392334,28.110000610351562,2851700
2019-08-20,28.110000610351562,28.15999984741211,27.75,27.829999923706055,2565200
2019-08-21,27.799999237060547,27.959999084472656,27.709999084472656,27.920000076293945,2808500
2019-08-22,27.920000076293945,28.15999984741211,27.850000381469727,28.020000457763672,3054100
2019-08-23,28.1299991607666,28.149999618530273,27.31999969482422,27.420000076293945,2818800
2019-08-26,27.440000534057617,27.59000015258789,27.329999923706055,27.579999923706055,2183500
2019-08-27,27.700000762939453,27.729999542236328,27.270000457763672,27.280000686645508,5153200
2019-08-28,27.290000915527344,27.389999389648438,27.15999984741211,27.309999465942383,3563600
2019-08-29,27.479999542236328,27.780000686645508,27.350000381469727,27.6200008392334,4742100
2019-08-30,27.719999313354492,27.989999771118164,27.68000030517578,27.690000534057617,4347300
2019-09-03,27.6299991607666,28.309999465942383,27.6200008392334,28.290000915527344,5282100
2019-09-04,28.309999465942383,28.399999618530273,27.979999542236328,28.149999618530273,2687000
2019-09-05,27.959999084472656,28.239999771118164,27.920000076293945,27.989999771118164,3999000
2019-09-06,28.270000457763672,28.56999969482422,28.200000762939453,28.5,5483900
2019-09-09,28.389999389648438,28.860000610351562,28.260000228881836,28.780000686645508,4254700
2019-09-10,28.780000686645508,29.360000610351562,28.700000762939453,29.309999465942383,7623800
2019-09-11,29.190000534057617,30.43000030517578,29.190000534057617,30.40999984741211,7663200
2019-09-12,30.5,30.520000457763672,29.790000915527344,29.8799991607666,5511300
2019-09-13,29.709999084472656,30.149999618530273,29.709999084472656,29.850000381469727,3385300
2019-09-16,30.0,30.389999389648438,29.84000015258789,30.34000015258789,3758600
2019-09-17,30.34000015258789,30.34000015258789,29.690000534057617,29.90999984741211,4519300
2019-09-18,30.030000686645508,30.040000915527344,29.6200008392334,29.969999313354492,5544000
2019-09-19,30.059999465942383,30.209999084472656,29.860000610351562,30.040000915527344,3456000
2019-09-20,30.170000076293945,30.420000076293945,30.170000076293945,30.329999923706055,5439200
2019-09-23,30.3700008392334,30.520000457763672,30.270000457763672,30.399999618530273,2840100
2019-09-24,30.450000762939453,30.68000030517578,30.3799991607666,30.450000762939453,4089600
2019-09-25,30.440000534057617,30.690000534057617,30.350000381469727,30.610000610351562,3125300
2019-09-26,30.709999084472656,30.709999084472656,30.09000015258789,30.1200008392334,4808800
2019-09-27,30.170000076293945,30.260000228881836,29.889999389648438,30.0,4955400
2019-09-30,30.059999465942383,30.270000457763672,29.989999771118164,30.18000030517578,5482300
2019-10-01,30.18000030517578,30.31999969482422,29.860000610351562,29.889999389648438,4112100
2019-10-02,29.860000610351562,29.8700008392334,29.100000381469727,29.1200008392334,5012900
2019-10-03,29.149999618530273,29.15999984741211,28.610000610351562,28.899999618530273,9665800
2019-10-04,29.0,29.280000686645508,28.6299991607666,29.25,4380700
2019-10-07,29.149999618530273,29.200000762939453,28.81999969482422,28.829999923706055,2923700
2019-10-08,28.989999771118164,28.989999771118164,28.18000030517578,28.18000030517578,4239600
2019-10-09,28.209999084472656,28.290000915527344,27.8799991607666,28.139999389648438,4512500
2019-10-10,28.1200008392334,28.43000030517578,28.040000915527344,28.15999984741211,5663100
2019-10-11,28.149999618530273,28.459999084472656,28.079999923706055,28.270000457763672,3435200
2019-10-14,28.360000610351562,28.40999984741211,27.8799991607666,27.889999389648438,2876700
2019-10-15,27.899999618530273,28.200000762939453,27.889999389648438,28.18000030517578,5200800
2019-10-16,28.170000076293945,28.649999618530273,28.100000381469727,28.6200008392334,6323200
2019-10-17,28.6200008392334,28.809999465942383,28.43000030517578,28.709999084472656,3738400
2019-10-18,28.639999389648438,28.799999237060547,28.43000030517578,28.639999389648438,3528600
2019-10-21,28.59000015258789,28.790000915527344,28.540000915527344,28.739999771118164,3142900
2019-10-22,28.93000030517578,29.329999923706055,28.799999237060547,29.290000915527344,5306300
2019-10-23,29.350000381469727,29.610000610351562,29.219999313354492,29.600000381469727,4787600
2019-10-24,29.59000015258789,30.229999542236328,29.559999465942383,30.15999984741211,6277300
2019-10-25,30.18000030517578,30.229999542236328,29.489999771118164,29.540000915527344,4688100
2019-10-28,29.3700008392334,29.510000228881836,29.1299991607666,29.139999389648438,3258500
2019-10-29,29.139999389648438,29.229999542236328,28.8799991607666,29.040000915527344,4098100
2019-10-30,29.030000686645508,29.18000030517578,28.850000381469727,29.079999923706055,2671500
2019-10-31,29.149999618530273,29.239999771118164,28.920000076293945,29.06999969482422,2497200
2019-11-01,29.06999969482422,29.15999984741211,28.940000534057617,29.020000457763672,2698600
2019-11-04,28.959999084472656,29.280000686645508,28.799999237060547,28.90999984741211,3807100
2019-11-05,28.889999389648438,29.06999969482422,28.690000534057617,28.739999771118164,4277500
2019-11-06,28.760000228881836,29.1200008392334,28.760000228881836,28.770000457763672,4258100
2019-11-07,28.739999771118164,29.110000610351562,28.170000076293945,29.0,5567100
2019-11-08,28.850000381469727,29.06999969482422,28.6200008392334,28.780000686645508,5554900
2019-11-11,28.709999084472656,28.75,27.530000686645508,27.700000762939453,6151400
2019-11-12,27.719999313354492,27.979999542236328,27.56999969482422,27.940000534057617,3945400
2019-11-13,28.0,28.190000534057617,27.829999923706055,28.09000015258789,3699200
2019-11-14,28.100000381469727,28.280000686645508,26.59000015258789,26.690000534057617,14507800
2019-11-15,25.68000030517578,26.889999389648438,25.09000015258789,25.479999542236328,18684100
2019-11-18,25.6200008392334,25.649999618530273,25.09000015258789,25.15999984741211,7553500
2019-11-19,25.139999389648438,25.360000610351562,24.799999237060547,25.34000015258789,8463600
2019-11-20,25.020000457763672,25.100000381469727,24.3700008392334,24.450000762939453,7025100
2019-11-21,24.290000915527344,24.579999923706055,24.25,24.540000915527344,9359600
2019-11-22,24.5,25.020000457763672,24.31999969482422,24.75,6148400
2019-11-25,24.780000686645508,24.90999984741211,24.6299991607666,24.799999237060547,4667300
2019-11-26,24.719999313354492,24.780000686645508,24.350000381469727,24.489999771118164,6035800
2019-11-27,24.40999984741211,24.670000076293945,24.299999237060547,24.670000076293945,3089200
2019-11-29,24.68000030517578,24.850000381469727,24.520000457763672,24.559999465942383,2116100
2019-12-02,24.540000915527344,24.709999084472656,24.360000610351562,24.389999389648438,3248500
2019-12-03,24.360000610351562,24.579999923706055,24.270000457763672,24.399999618530273,4086700
2019-12-04,24.280000686645508,24.81999969482422,24.280000686645508,24.719999313354492,4275900
2019-12-05,24.670000076293945,24.850000381469727,24.6200008392334,24.790000915527344,3638100
2019-12-06,24.75,25.1299991607666,24.700000762939453,25.020000457763672,4797700
2019-12-09,25.049999237060547,25.15999984741211,24.81999969482422,25.040000915527344,3763200
2019-12-10,25.059999465942383,25.15999984741211,24.860000610351562,24.959999084472656,4253300
2019-12-11,24.899999618530273,25.209999084472656,24.889999389648438,25.110000610351562,4811600
2019-12-12,25.059999465942383,25.329999923706055,24.670000076293945,24.81999969482422,6812000
2019-12-13,24.770000457763672,26.010000228881836,24.770000457763672,25.940000534057617,13385300
2019-12-16,25.920000076293945,26.3700008392334,25.920000076293945,26.350000381469727,7094600
2019-12-17,26.299999237060547,26.829999923706055,26.260000228881836,26.40999984741211,10974200
2019-12-18,26.469999313354492,26.950000762939453,26.450000762939453,26.850000381469727,6808600
2019-12-19,26.739999771118164,26.989999771118164,26.59000015258789,26.780000686645508,8020500
2019-12-20,27.1299991607666,27.25,26.610000610351562,26.729999542236328,15120400
2019-12-23,26.780000686645508,26.969999313354492,26.459999084472656,26.729999542236328,4651700
2019-12-24,26.780000686645508,26.950000762939453,26.739999771118164,26.760000228881836,1963700
2019-12-26,26.829999923706055,27.030000686645508,26.809999465942383,26.90999984741211,1994300
2019-12-27,26.899999618530273,26.989999771118164,26.799999237060547,26.90999984741211,3099700
2019-12-30,26.829999923706055,26.940000534057617,26.6200008392334,26.90999984741211,3557300
2019-12-31,26.90999984741211,27.280000686645508,26.8799991607666,27.270000457763672,3443200
2020-01-02,27.329999923706055,27.34000015258789,26.690000534057617,26.950000762939453,3385800
2020-01-03,26.770000457763672,26.940000534057617,26.729999542236328,26.790000915527344,3405400
2020-01-06,26.770000457763672,27.0,26.68000030517578,26.75,3513900
2020-01-07,26.760000228881836,26.8799991607666,26.3700008392334,26.8700008392334,4252100
2020-01-08,26.920000076293945,26.940000534057617,26.6200008392334,26.639999389648438,5922600
2020-01-09,26.610000610351562,26.610000610351562,26.309999465942383,26.450000762939453,5709400
2020-01-10,26.43000030517578,26.440000534057617,25.899999618530273,26.299999237060547,8430700
2020-01-13,26.299999237060547,26.479999542236328,26.200000762939453,26.280000686645508,4303600
2020-01-14,26.579999923706055,26.81999969482422,26.450000762939453,26.65999984741211,4837200
2020-01-15,26.700000762939453,27.110000610351562,26.65999984741211,27.0,3302800
2020-01-16,27.09000015258789,27.170000076293945,26.780000686645508,27.049999237060547,4761000
2020-01-17,27.059999465942383,27.200000762939453,26.899999618530273,27.049999237060547,4882400
2020-01-21,27.06999969482422,27.170000076293945,26.809999465942383,27.010000228881836,5347700
2020-01-22,27.06999969482422,27.270000457763672,26.170000076293945,26.18000030517578,11147400
2020-01-23,26.149999618530273,26.969999313354492,26.110000610351562,26.93000030517578,5030500
2020-01-24,26.8700008392334,26.8700008392334,26.260000228881836,26.459999084472656,6227400
2020-01-27,26.450000762939453,26.6299991607666,26.139999389648438,26.209999084472656,4298500
2020-01-28,26.280000686645508,26.450000762939453,26.059999465942383,26.309999465942383,4442200
2020-01-29,26.329999923706055,26.65999984741211,26.309999465942383,26.579999923706055,3266400
2020-01-30,26.559999465942383,26.729999542236328,26.43000030517578,26.670000076293945,2631500
2020-01-31,26.6299991607666,26.700000762939453,26.200000762939453,26.479999542236328,5125400
2020-02-03,26.530000686645508,26.760000228881836,26.329999923706055,26.34000015258789,5998600
2020-02-04,26.309999465942383,26.739999771118164,26.229999542236328,26.520000457763672,5840800
2020-02-05,26.530000686645508,26.940000534057617,26.420000076293945,26.75,4011900
2020-02-06,26.75,26.940000534057617,26.56999969482422,26.860000610351562,4190400
2020-02-07,26.90999984741211,26.90999984741211,26.65999984741211,26.719999313354492,4284700
2020-02-10,26.719999313354492,27.399999618530273,26.56999969482422,26.860000610351562,3708700
2020-02-11,26.950000762939453,27.149999618530273,26.90999984741211,27.030000686645508,2051000
2020-02-12,27.030000686645508,27.190000534057617,26.940000534057617,27.1200008392334,2535100
2020-02-13,27.010000228881836,27.25,27.0,27.18000030517578,2565700
2020-02-14,27.299999237060547,27.530000686645508,27.110000610351562,27.18000030517578,3707600
2020-02-18,27.18000030517578,27.3700008392334,26.959999084472656,27.079999923706055,5284800
2020-02-19,26.739999771118164,26.860000610351562,26.239999771118164,26.43000030517578,6321000
2020-02-20,26.329999923706055,26.389999389648438,25.530000686645508,25.719999313354492,9634500
2020-02-21,25.6200008392334,25.780000686645508,25.229999542236328,25.270000457763672,13501900
2020-02-24,25.06999969482422,25.299999237060547,24.739999771118164,25.219999313354492,6522800
2020-02-25,25.229999542236328,25.450000762939453,24.450000762939453,24.489999771118164,6731300
2020-02-26,24.5,24.75,24.040000915527344,24.079999923706055,5898600
2020-02-27,24.110000610351562,25.329999923706055,23.600000381469727,24.15999984741211,12105400
2020-02-28,23.739999771118164,23.790000915527344,22.479999542236328,23.020000457763672,12507100
2020-03-02,23.079999923706055,23.75,22.790000915527344,23.75,7324600
2020-03-03,23.639999389648438,24.18000030517578,22.799999237060547,23.100000381469727,10594000
2020-03-04,23.270000457763672,23.950000762939453,22.959999084472656,23.81999969482422,6441600
2020-03-05,23.43000030517578,23.469999313354492,22.489999771118164,22.670000076293945,9387500
2020-03-06,22.0,22.110000610351562,20.93000030517578,21.549999237060547,11016500
2020-03-09,20.639999389648438,21.549999237060547,17.15999984741211,18.030000686645508,11313700
2020-03-10,18.6299991607666,18.809999465942383,17.420000076293945,18.709999084472656,14277200
2020-03-11,18.1200008392334,18.25,16.969999313354492,17.65999984741211,16227900
2020-03-12,16.34000015258789,16.399999618530273,14.630000114440918,14.869999885559082,13141000
2020-03-13,15.569999694824219,15.739999771118164,14.0,15.550000190734863,11802100
2020-03-16,14.210000038146973,14.449999809265137,12.350000381469727,12.479999542236328,12262400
2020-03-17,12.75,14.65999984741211,12.210000038146973,14.649999618530273,12252300
2020-03-18,13.65999984741211,13.859999656677246,11.670000076293945,12.470000267028809,9909700
2020-03-19,12.350000381469727,12.739999771118164,11.579999923706055,12.229999542236328,6883800
2020-03-20,12.489999771118164,13.729999542236328,11.680000305175781,12.479999542236328,16152100
2020-03-23,12.369999885559082,12.859999656677246,11.930000305175781,12.100000381469727,7790700
2020-03-24,13.100000381469727,13.869999885559082,12.899999618530273,13.630000114440918,6956800
2020-03-25,13.979999542236328,15.75,13.069999694824219,15.130000114440918,10463100
2020-03-26,15.170000076293945,16.229999542236328,15.020000457763672,15.890000343322754,9137700
2020-03-27,15.220000267028809,17.020000457763672,15.079999923706055,16.299999237060547,9872100
2020-03-30,16.399999618530273,16.549999237060547,15.520000457763672,16.229999542236328,7026600
2020-03-31,16.06999969482422,16.219999313354492,15.34000015258789,15.449999809265137,8535100
2020-04-01,14.449999809265137,14.579999923706055,13.649999618530273,14.119999885559082,9715400
2020-04-02,13.8100004196167,14.699999809265137,13.579999923706055,14.130000114440918,18760800
2020-04-03,13.979999542236328,14.170000076293945,13.0600004196167,13.4399995803833,18401700
2020-04-06,14.020000457763672,15.470000267028809,13.850000381469727,15.300000190734863,8633800
2020-04-07,16.459999084472656,16.649999618530273,15.390000343322754,15.470000267028809,10940900
2020-04-08,15.699999809265137,16.899999618530273,15.430000305175781,16.81999969482422,7016400
2020-04-09,17.200000762939453,18.239999771118164,17.200000762939453,17.809999465942383,10495700
2020-04-13,17.8799991607666,17.920000076293945,16.75,16.889999389648438,6616200
2020-04-14,17.25,17.450000762939453,16.799999237060547,17.0,5513700
2020-04-15,16.239999771118164,16.399999618530273,15.729999542236328,15.869999885559082,8433500
2020-04-16,15.899999618530273,16.1299991607666,15.460000038146973,15.789999961853027,5809500
2020-04-17,16.329999923706055,16.899999618530273,16.25,16.530000686645508,7588200
2020-04-20,15.949999809265137,16.350000381469727,15.619999885559082,15.75,6976800
2020-04-21,15.289999961853027,15.800000190734863,15.180000305175781,15.510000228881836,5108900
2020-04-22,15.890000343322754,16.399999618530273,15.3100004196167,16.190000534057617,5985900
2020-04-23,16.25,16.700000762939453,16.209999084472656,16.420000076293945,7125200
2020-04-24,16.520000457763672,16.780000686645508,16.15999984741211,16.68000030517578,5995600
2020-04-27,16.780000686645508,17.399999618530273,16.709999084472656,17.31999969482422,5612700
2020-04-28,17.780000686645508,18.1299991607666,17.270000457763672,17.40999984741211,5048000
2020-04-29,18.030000686645508,18.18000030517578,17.579999923706055,17.690000534057617,4675200
2020-04-30,17.510000228881836,17.540000915527344,16.770000457763672,17.030000686645508,6477500
2020-05-01,16.68000030517578,16.729999542236328,16.170000076293945,16.459999084472656,3554100
2020-05-04,16.270000457763672,16.389999389648438,15.75,16.360000610351562,4730300
2020-05-05,16.600000381469727,16.799999237060547,16.329999923706055,16.389999389648438,3896600
2020-05-06,16.5,16.559999465942383,15.930000305175781,15.979999542236328,6115600
2020-05-07,17.579999923706055,19.1200008392334,17.530000686645508,17.809999465942383,27800200
2020-05-08,18.09000015258789,18.68000030517578,18.09000015258789,18.59000015258789,17847500
2020-05-11,18.389999389648438,18.489999771118164,17.829999923706055,18.18000030517578,9988000
2020-05-12,17.940000534057617,18.260000228881836,17.790000915527344,17.790000915527344,16858200
2020-05-13,17.6299991607666,17.670000076293945,16.6299991607666,16.899999618530273,8421600
2020-05-14,16.65999984741211,17.329999923706055,16.399999618530273,17.280000686645508,14667600
2020-05-15,17.110000610351562,17.229999542236328,16.559999465942383,16.799999237060547,13774200
2020-05-18,17.649999618530273,17.899999618530273,17.399999618530273,17.489999771118164,12625800
2020-05-19,17.350000381469727,17.40999984741211,16.889999389648438,17.040000915527344,7583300
2020-05-20,17.1200008392334,17.299999237060547,16.850000381469727,16.920000076293945,8979000
2020-05-21,16.940000534057617,17.149999618530273,16.700000762939453,16.760000228881836,6678300
2020-05-22,16.780000686645508,16.969999313354492,16.719999313354492,16.920000076293945,6535300
2020-05-26,17.540000915527344,17.829999923706055,17.40999984741211,17.489999771118164,9083700
2020-05-27,18.020000457763672,18.1299991607666,17.43000030517578,17.5,8866200
2020-05-28,17.829999923706055,18.1200008392334,17.540000915527344,18.020000457763672,8638900
2020-05-29,17.8799991607666,18.0,17.360000610351562,17.780000686645508,12805800
2020-06-01,17.780000686645508,18.25,17.709999084472656,18.049999237060547,7148700
2020-06-02,18.030000686645508,18.270000457763672,17.93000030517578,18.100000381469727,10456300
2020-06-03,18.3700008392334,18.68000030517578,18.329999923706055,18.459999084472656,9318100
2020-06-04,18.360000610351562,18.3799991607666,17.829999923706055,18.049999237060547,8684900
2020-06-05,18.579999923706055,18.979999542236328,18.209999084472656,18.25,14693600
2020-06-08,18.399999618530273,19.329999923706055,18.3799991607666,19.09000015258789,16830700
2020-06-09,18.75,18.81999969482422,18.25,18.6299991607666,14122400
2020-06-10,18.719999313354492,18.850000381469727,18.200000762939453,18.389999389648438,10804900
2020-06-11,17.59000015258789,17.93000030517578,17.3799991607666,17.770000457763672,14137600
2020-06-12,18.360000610351562,18.600000381469727,17.729999542236328,18.0,10230400
2020-06-15,17.5,18.600000381469727,17.34000015258789,18.270000457763672,9072700
2020-06-16,18.940000534057617,19.34000015258789,18.329999923706055,18.389999389648438,8157400
2020-06-17,18.5,18.6200008392334,18.15999984741211,18.459999084472656,8001600
2020-06-18,18.280000686645508,18.639999389648438,18.229999542236328,18.350000381469727,9331100
2020-06-19,18.649999618530273,18.649999618530273,17.780000686645508,17.790000915527344,21473000
2020-06-22,17.700000762939453,18.139999389648438,17.59000015258789,18.049999237060547,8487000
2020-06-23,18.270000457763672,18.3700008392334,17.93000030517578,18.18000030517578,6500200
2020-06-24,17.969999313354492,18.540000915527344,17.8799991607666,18.329999923706055,12808300
2020-06-25,18.209999084472656,18.34000015258789,17.889999389648438,18.149999618530273,9782200
2020-06-26,18.030000686645508,18.110000610351562,17.530000686645508,17.700000762939453,14146200
2020-06-29,17.90999984741211,18.6200008392334,17.729999542236328,18.6200008392334,9176000
2020-06-30,18.6299991607666,18.809999465942383,18.389999389648438,18.670000076293945,6321100
2020-07-01,18.700000762939453,19.40999984741211,18.670000076293945,19.270000457763672,10663700
2020-07-02,19.479999542236328,19.770000457763672,19.399999618530273,19.459999084472656,7950000
2020-07-06,19.75,19.950000762939453,19.31999969482422,19.600000381469727,7024500
2020-07-07,19.399999618530273,19.6299991607666,19.239999771118164,19.489999771118164,5533600
2020-07-08,19.459999084472656,19.479999542236328,19.229999542236328,19.329999923706055,5555200
2020-07-09,19.219999313354492,19.229999542236328,18.510000228881836,18.950000762939453,14225000
2020-07-10,19.0,19.350000381469727,18.950000762939453,19.270000457763672,4330200
2020-07-13,19.299999237060547,19.510000228881836,19.1299991607666,19.209999084472656,6914800
2020-07-14,19.229999542236328,19.579999923706055,19.18000030517578,19.280000686645508,11003900
2020-07-15,19.559999465942383,19.860000610351562,19.280000686645508,19.299999237060547,5236900
2020-07-16,19.299999237060547,19.469999313354492,19.049999237060547,19.290000915527344,4771400
2020-07-17,19.3799991607666,19.940000534057617,19.299999237060547,19.860000610351562,7708300
2020-07-20,19.860000610351562,19.979999542236328,19.059999465942383,19.18000030517578,4760100
2020-07-21,19.25,19.420000076293945,19.059999465942383,19.399999618530273,6556600
2020-07-22,19.290000915527344,20.110000610351562,19.209999084472656,20.010000228881836,7282600
2020-07-23,19.959999084472656,20.59000015258789,19.8799991607666,20.209999084472656,5931000
2020-07-24,20.239999771118164,20.350000381469727,19.6200008392334,19.739999771118164,3685900
2020-07-27,19.649999618530273,19.739999771118164,18.860000610351562,19.06999969482422,7229800
2020-07-28,19.010000228881836,19.56999969482422,19.0,19.350000381469727,3973100
2020-07-29,19.420000076293945,19.469999313354492,19.110000610351562,19.43000030517578,4183600
2020-07-30,19.200000762939453,19.219999313354492,18.770000457763672,19.1299991607666,7231600
2020-07-31,19.15999984741211,19.299999237060547,18.399999618530273,19.010000228881836,16893400
2020-08-03,18.940000534057617,19.549999237060547,18.770000457763672,19.31999969482422,5847100
2020-08-04,19.260000228881836,19.920000076293945,19.260000228881836,19.489999771118164,8598400
2020-08-05,19.68000030517578,19.829999923706055,18.899999618530273,19.020000457763672,8041500
2020-08-06,19.049999237060547,20.510000228881836,19.049999237060547,20.270000457763672,11881200
2020-08-07,20.190000534057617,20.700000762939453,20.149999618530273,20.40999984741211,7286400
2020-08-10,20.579999923706055,21.040000915527344,20.489999771118164,20.979999542236328,4454700
2020-08-11,21.219999313354492,21.420000076293945,20.600000381469727,20.610000610351562,5286200
2020-08-12,20.829999923706055,20.950000762939453,20.389999389648438,20.399999618530273,8296900
2020-08-13,20.260000228881836,20.8700008392334,20.260000228881836,20.739999771118164,5698300
2020-08-14,20.639999389648438,20.649999618530273,20.270000457763672,20.540000915527344,4585400
2020-08-17,20.540000915527344,20.84000015258789,20.459999084472656,20.649999618530273,5439000
2020-08-18,20.65999984741211,20.770000457763672,20.110000610351562,20.239999771118164,6967800
2020-08-19,20.139999389648438,20.479999542236328,20.110000610351562,20.25,3552900
2020-08-20,20.1299991607666,20.190000534057617,19.809999465942383,19.81999969482422,5580900
2020-08-21,19.90999984741211,20.079999923706055,19.700000762939453,19.790000915527344,4430200
2020-08-24,19.829999923706055,20.260000228881836,19.809999465942383,20.219999313354492,4113800
2020-08-25,20.389999389648438,20.389999389648438,19.899999618530273,20.010000228881836,3347600
2020-08-26,19.889999389648438,19.889999389648438,19.549999237060547,19.639999389648438,3582100
2020-08-27,19.690000534057617,19.920000076293945,19.610000610351562,19.760000228881836,3315600
2020-08-28,19.850000381469727,19.979999542236328,19.610000610351562,19.950000762939453,2492900
2020-08-31,19.979999542236328,20.1299991607666,19.8799991607666,20.06999969482422,4348200
2020-09-01,19.850000381469727,20.049999237060547,19.739999771118164,20.0,3018800
2020-09-02,19.979999542236328,20.549999237060547,19.8799991607666,20.450000762939453,3410400
2020-09-03,20.59000015258789,20.75,19.959999084472656,20.149999618530273,3829400
2020-09-04,20.229999542236328,20.299999237060547,19.600000381469727,19.8700008392334,3613600
2020-09-08,19.829999923706055,19.940000534057617,19.309999465942383,19.3700008392334,3899600
2020-09-09,19.579999923706055,19.729999542236328,19.389999389648438,19.530000686645508,6291200
2020-09-10,19.459999084472656,19.770000457763672,19.399999618530273,19.450000762939453,3673300
2020-09-11,19.450000762939453,19.559999465942383,19.260000228881836,19.450000762939453,2795600
2020-09-14,19.56999969482422,19.860000610351562,19.420000076293945,19.540000915527344,4468800
2020-09-15,19.579999923706055,19.65999984741211,18.860000610351562,19.010000228881836,4827300
2020-09-16,19.020000457763672,19.770000457763672,19.020000457763672,19.739999771118164,7213100
2020-09-17,19.56999969482422,19.59000015258789,19.1299991607666,19.290000915527344,4768800
2020-09-18,19.239999771118164,19.290000915527344,18.84000015258789,18.93000030517578,10942000
2020-09-21,18.75,19.25,18.670000076293945,18.899999618530273,6933700
2020-09-22,18.84000015258789,19.110000610351562,18.790000915527344,18.90999984741211,3106400
2020-09-23,18.93000030517578,19.1299991607666,18.84000015258789,18.860000610351562,5520600
2020-09-24,18.81999969482422,19.139999389648438,18.600000381469727,18.899999618530273,4206800
2020-09-25,18.75,19.010000228881836,18.670000076293945,18.989999771118164,3570800
2020-09-28,19.170000076293945,19.299999237060547,18.989999771118164,19.020000457763672,3074200
2020-09-29,19.110000610351562,19.260000228881836,18.780000686645508,19.0,2858400
2020-09-30,19.139999389648438,19.489999771118164,19.059999465942383,19.350000381469727,5278800
2020-10-01,19.440000534057617,19.479999542236328,19.190000534057617,19.399999618530273,3313600
2020-10-02,19.200000762939453,19.979999542236328,19.100000381469727,19.93000030517578,5795600
2020-10-05,20.020000457763672,20.239999771118164,19.709999084472656,20.190000534057617,3382600
2020-10-06,20.290000915527344,20.809999465942383,20.09000015258789,20.56999969482422,5278900
2020-10-07,20.700000762939453,20.920000076293945,20.469999313354492,20.649999618530273,3957600
2020-10-08,20.770000457763672,21.360000610351562,20.68000030517578,21.31999969482422,4644100
2020-10-09,21.389999389648438,21.540000915527344,21.209999084472656,21.3700008392334,5488000
2020-10-12,21.399999618530273,21.81999969482422,21.219999313354492,21.610000610351562,5879700
2020-10-13,21.389999389648438,21.59000015258789,20.770000457763672,20.81999969482422,5772200
2020-10-14,20.850000381469727,21.059999465942383,20.610000610351562,20.790000915527344,2740100
2020-10-15,20.59000015258789,20.989999771118164,20.59000015258789,20.920000076293945,2190000
2020-10-16,20.940000534057617,21.1200008392334,20.649999618530273,20.850000381469727,2424100
2020-10-19,20.729999542236328,21.010000228881836,20.729999542236328,20.799999237060547,3288300
2020-10-20,20.920000076293945,21.969999313354492,20.809999465942383,21.34000015258789,5832000
2020-10-21,21.25,21.81999969482422,21.209999084472656,21.530000686645508,5477800
2020-10-22,21.549999237060547,22.139999389648438,21.440000534057617,22.06999969482422,3892600
2020-10-23,22.31999969482422,22.489999771118164,22.010000228881836,22.229999542236328,3794400
2020-10-26,21.850000381469727,22.190000534057617,21.760000228881836,22.1299991607666,4626300
2020-10-27,22.219999313354492,22.459999084472656,22.100000381469727,22.329999923706055,5187200
2020-10-28,21.780000686645508,22.270000457763672,21.25,21.299999237060547,4814800
2020-10-29,21.209999084472656,21.670000076293945,20.889999389648438,21.479999542236328,4505000
2020-10-30,21.489999771118164,21.549999237060547,21.0,21.1299991607666,4946600
2020-11-02,21.420000076293945,21.559999465942383,21.059999465942383,21.469999313354492,5072500
2020-11-03,21.790000915527344,22.18000030517578,21.670000076293945,21.790000915527344,3983200
2020-11-04,21.760000228881836,22.200000762939453,21.489999771118164,21.559999465942383,4028800
2020-11-05,21.850000381469727,23.170000076293945,21.850000381469727,22.670000076293945,6296000
2020-11-06,22.709999084472656,22.90999984741211,22.450000762939453,22.860000610351562,4481400
2020-11-09,24.0,24.399999618530273,23.479999542236328,23.729999542236328,9153600
2020-11-10,23.899999618530273,24.139999389648438,23.760000228881836,24.100000381469727,4763500
2020-11-11,24.1200008392334,24.579999923706055,23.969999313354492,24.06999969482422,5034700
2020-11-12,23.8700008392334,23.8700008392334,23.110000610351562,23.440000534057617,3982400
2020-11-13,23.59000015258789,24.270000457763672,23.549999237060547,24.25,4789200
2020-11-16,24.6200008392334,25.110000610351562,24.600000381469727,25.09000015258789,8801700
2020-11-17,24.719999313354492,25.389999389648438,24.6200008392334,25.170000076293945,8909300
2020-11-18,25.149999618530273,25.170000076293945,23.739999771118164,23.75,6138300
2020-11-19,23.610000610351562,23.780000686645508,23.149999618530273,23.43000030517578,6246600
2020-11-20,23.350000381469727,23.6200008392334,23.280000686645508,23.459999084472656,3871500
2020-11-23,23.559999465942383,24.0,23.540000915527344,23.979999542236328,5901900
2020-11-24,24.290000915527344,24.5,23.889999389648438,24.360000610351562,7894200
2020-11-25,24.420000076293945,24.700000762939453,24.280000686645508,24.510000228881836,3383500
2020-11-27,24.59000015258789,24.700000762939453,24.040000915527344,24.06999969482422,2954200
2020-11-30,24.030000686645508,24.1299991607666,23.079999923706055,23.190000534057617,9171000
2020-12-01,23.3799991607666,23.610000610351562,22.829999923706055,22.829999923706055,7136900
2020-12-02,22.739999771118164,22.959999084472656,22.399999618530273,22.93000030517578,5911600
2020-12-03,22.889999389648438,23.149999618530273,22.75,22.790000915527344,5976400
2020-12-04,22.84000015258789,23.200000762939453,22.739999771118164,22.860000610351562,3553000
2020-12-07,22.760000228881836,23.559999465942383,22.610000610351562,23.139999389648438,5138700
2020-12-08,23.020000457763672,23.100000381469727,22.450000762939453,22.5,4182900
2020-12-09,22.610000610351562,22.700000762939453,22.0,22.229999542236328,15465200
2020-12-10,22.139999389648438,22.31999969482422,21.65999984741211,21.799999237060547,6702200
2020-12-11,21.709999084472656,21.979999542236328,21.600000381469727,21.75,4718800
2020-12-14,22.0,22.049999237060547,21.600000381469727,21.639999389648438,5438800
2020-12-15,21.760000228881836,22.290000915527344,21.600000381469727,22.239999771118164,4828800
2020-12-16,22.270000457763672,22.309999465942383,21.729999542236328,21.8700008392334,4051900
2020-12-17,22.0,22.270000457763672,21.860000610351562,21.8799991607666,4020700
2020-12-18,21.90999984741211,22.030000686645508,21.700000762939453,21.8700008392334,11279100
2020-12-21,21.610000610351562,21.65999984741211,20.969999313354492,21.049999237060547,5876900
2020-12-22,21.049999237060547,21.1299991607666,20.719999313354492,20.81999969482422,4981400
2020-12-23,21.020000457763672,21.6200008392334,21.020000457763672,21.5,4264400
2020-12-24,21.469999313354492,21.59000015258789,21.209999084472656,21.579999923706055,1011200
2020-12-28,21.68000030517578,21.780000686645508,21.40999984741211,21.40999984741211,2874600
2020-12-29,21.549999237060547,21.670000076293945,21.190000534057617,21.299999237060547,3866400
2020-12-30,21.239999771118164,21.549999237060547,21.170000076293945,21.420000076293945,1767000
2020-12-31,21.399999618530273,21.690000534057617,21.25,21.639999389648438,1938100
2021-01-04,21.670000076293945,21.739999771118164,21.18000030517578,21.34000015258789,3968000
2021-01-05,21.40999984741211,21.639999389648438,21.200000762939453,21.56999969482422,3793500
2021-01-06,21.920000076293945,22.190000534057617,21.81999969482422,21.950000762939453,4349800
2021-01-07,21.959999084472656,22.020000457763672,20.8700008392334,20.8799991607666,6661000
2021-01-08,20.940000534057617,20.959999084472656,20.520000457763672,20.709999084472656,7833500
2021-01-11,20.6200008392334,20.8700008392334,20.56999969482422,20.790000915527344,3489900
2021-01-12,20.75,20.979999542236328,20.520000457763672,20.700000762939453,4201900
2021-01-13,20.6200008392334,20.940000534057617,20.549999237060547,20.81999969482422,3229100
2021-01-14,20.81999969482422,20.940000534057617,20.579999923706055,20.850000381469727,3707000
2021-01-15,21.299999237060547,21.520000457763672,21.0,21.459999084472656,5414300
2021-01-19,21.600000381469727,21.790000915527344,21.3799991607666,21.690000534057617,4188600
2021-01-20,21.469999313354492,21.729999542236328,21.280000686645508,21.479999542236328,3790900
2021-01-21,21.520000457763672,21.770000457763672,21.280000686645508,21.690000534057617,3683100
2021-01-22,21.559999465942383,21.59000015258789,21.280000686645508,21.440000534057617,2867100
2021-01-25,21.34000015258789,21.860000610351562,21.25,21.670000076293945,3758700
2021-01-26,21.729999542236328,22.059999465942383,21.540000915527344,21.950000762939453,3550800
2021-01-27,21.6200008392334,21.829999923706055,20.639999389648438,20.860000610351562,5307100
2021-01-28,21.0,21.84000015258789,20.920000076293945,21.579999923706055,4579500
2021-01-29,21.40999984741211,21.68000030517578,20.829999923706055,21.09000015258789,4984300
2021-02-01,21.290000915527344,21.600000381469727,21.100000381469727,21.239999771118164,3126400
2021-02-02,21.43000030517578,21.770000457763672,21.280000686645508,21.5,3703200
2021-02-03,21.450000762939453,21.5,20.979999542236328,21.149999618530273,3410500
2021-02-04,21.100000381469727,21.450000762939453,20.93000030517578,21.43000030517578,4175000
2021-02-05,21.6299991607666,21.6299991607666,21.260000228881836,21.399999618530273,2425100
2021-02-08,21.34000015258789,21.43000030517578,20.940000534057617,21.030000686645508,3873200
2021-02-09,21.100000381469727,21.34000015258789,20.940000534057617,21.280000686645508,4505400
2021-02-10,21.40999984741211,21.559999465942383,21.270000457763672,21.459999084472656,2561000
2021-02-11,21.479999542236328,21.59000015258789,21.18000030517578,21.25,2229500
2021-02-12,21.170000076293945,21.440000534057617,21.100000381469727,21.3799991607666,3053900
2021-02-16,21.389999389648438,21.65999984741211,21.260000228881836,21.540000915527344,5351200
2021-02-17,21.479999542236328,21.6200008392334,20.68000030517578,21.530000686645508,7048200
2021-02-18,21.5,22.100000381469727,21.440000534057617,21.799999237060547,4636000
2021-02-19,21.780000686645508,21.90999984741211,21.420000076293945,21.43000030517578,3970800
2021-02-22,21.18000030517578,21.34000015258789,20.170000076293945,20.670000076293945,7743700
2021-02-23,20.670000076293945,20.940000534057617,20.610000610351562,20.780000686645508,4276100
2021-02-24,20.690000534057617,21.200000762939453,20.510000228881836,20.809999465942383,4136300
2021-02-25,20.799999237060547,21.450000762939453,19.530000686645508,19.75,9452500
2021-02-26,19.530000686645508,19.850000381469727,19.309999465942383,19.440000534057617,10415200
2021-03-01,19.799999237060547,20.030000686645508,19.56999969482422,19.600000381469727,4653700
2021-03-02,19.690000534057617,19.709999084472656,19.510000228881836,19.56999969482422,4403600
2021-03-03,19.459999084472656,19.639999389648438,19.3799991607666,19.450000762939453,4212900
2021-03-04,19.739999771118164,20.40999984741211,19.559999465942383,19.8700008392334,4702800
2021-03-05,20.1200008392334,20.799999237060547,20.049999237060547,20.65999984741211,4830400
2021-03-08,21.040000915527344,21.040000915527344,20.600000381469727,20.809999465942383,5234000
2021-03-09,20.760000228881836,21.049999237060547,20.59000015258789,20.899999618530273,7772000
2021-03-10,20.889999389648438,21.5,20.8799991607666,21.31999969482422,8416700
2021-03-11,21.31999969482422,21.84000015258789,21.190000534057617,21.290000915527344,5218700
2021-03-12,21.350000381469727,22.079999923706055,21.239999771118164,21.969999313354492,6914100
2021-03-15,22.049999237060547,22.59000015258789,21.969999313354492,22.56999969482422,4398600
2021-03-16,22.420000076293945,22.540000915527344,22.1299991607666,22.440000534057617,6174500
2021-03-17,22.420000076293945,22.540000915527344,22.219999313354492,22.270000457763672,4349300
2021-03-18,22.280000686645508,22.34000015258789,21.920000076293945,21.940000534057617,3531900
2021-03-19,22.0,22.530000686645508,21.770000457763672,22.260000228881836,9138800
2021-03-22,22.139999389648438,22.3799991607666,21.790000915527344,21.959999084472656,4076800
2021-03-23,21.899999618530273,22.1299991607666,21.700000762939453,21.8799991607666,4970900
2021-03-24,21.799999237060547,22.18000030517578,21.729999542236328,21.75,3659000
2021-03-25,21.850000381469727,22.40999984741211,21.540000915527344,22.299999237060547,3481100
2021-03-26,22.31999969482422,22.459999084472656,21.760000228881836,21.969999313354492,3745500
2021-03-29,21.889999389648438,22.850000381469727,21.889999389648438,22.649999618530273,4403400
2021-03-30,22.540000915527344,22.809999465942383,22.239999771118164,22.799999237060547,3533100
2021-03-31,22.68000030517578,22.8700008392334,22.450000762939453,22.649999618530273,3533100
2021-04-01,22.649999618530273,22.700000762939453,22.459999084472656,22.649999618530273,1886500
2021-04-05,22.739999771118164,23.059999465942383,22.700000762939453,22.940000534057617,2374300
2021-04-06,22.850000381469727,23.260000228881836,22.799999237060547,23.239999771118164,3248600
2021-04-07,23.350000381469727,23.420000076293945,23.209999084472656,23.360000610351562,3693600
2021-04-08,23.440000534057617,23.479999542236328,23.100000381469727,23.229999542236328,5406400
2021-04-09,23.260000228881836,23.40999984741211,23.1299991607666,23.239999771118164,5558500
2021-04-12,23.270000457763672,23.540000915527344,23.200000762939453,23.34000015258789,6640000
2021-04-13,23.229999542236328,23.739999771118164,23.030000686645508,23.65999984741211,7432400
2021-04-14,23.639999389648438,23.940000534057617,23.5,23.709999084472656,7981300
2021-04-15,23.719999313354492,24.100000381469727,23.670000076293945,24.049999237060547,5350800
2021-04-16,24.209999084472656,24.299999237060547,23.860000610351562,24.059999465942383,7555400
2021-04-19,24.06999969482422,24.09000015258789,23.68000030517578,23.780000686645508,5962100
2021-04-20,23.799999237060547,24.31999969482422,23.709999084472656,24.229999542236328,5103500
2021-04-21,24.280000686645508,24.360000610351562,24.079999923706055,24.290000915527344,5157100
2021-04-22,24.299999237060547,24.420000076293945,24.15999984741211,24.170000076293945,6085500
2021-04-23,24.170000076293945,24.31999969482422,23.940000534057617,24.1299991607666,7151200
2021-04-26,24.200000762939453,24.229999542236328,23.940000534057617,23.989999771118164,4934600
2021-04-27,23.979999542236328,24.030000686645508,23.690000534057617,23.809999465942383,8512500
2021-04-28,23.75,23.940000534057617,23.610000610351562,23.940000534057617,9395300
2021-04-29,24.0,24.760000228881836,23.959999084472656,24.510000228881836,11206200
2021-04-30,24.540000915527344,24.56999969482422,24.209999084472656,24.489999771118164,4514700
2021-05-03,24.520000457763672,24.709999084472656,24.360000610351562,24.420000076293945,2949600
2021-05-04,24.420000076293945,24.6299991607666,24.280000686645508,24.559999465942383,3088700
2021-05-05,24.520000457763672,24.530000686645508,24.059999465942383,24.280000686645508,8980300
2021-05-06,24.299999237060547,24.68000030517578,23.850000381469727,24.3799991607666,4955300
2021-05-07,24.299999237060547,24.729999542236328,23.959999084472656,24.489999771118164,4627800
2021-05-10,24.670000076293945,24.809999465942383,24.450000762939453,24.5,4913300
2021-05-11,24.43000030517578,24.43000030517578,23.790000915527344,23.959999084472656,6200500
2021-05-12,24.1299991607666,24.209999084472656,23.6299991607666,23.649999618530273,9466200
2021-05-13,23.579999923706055,24.510000228881836,23.579999923706055,24.469999313354492,9506800
2021-05-14,24.649999618530273,25.209999084472656,24.469999313354492,25.020000457763672,12058500
2021-05-17,24.899999618530273,25.219999313354492,24.780000686645508,25.030000686645508,7228800
2021-05-18,24.989999771118164,25.010000228881836,24.690000534057617,24.700000762939453,10316200
2021-05-19,24.450000762939453,24.489999771118164,23.969999313354492,24.479999542236328,5121500
2021-05-20,24.479999542236328,24.799999237060547,24.3799991607666,24.700000762939453,4258600
2021-05-21,24.760000228881836,24.850000381469727,24.56999969482422,24.709999084472656,2684100
2021-05-24,24.93000030517578,25.209999084472656,24.799999237060547,25.030000686645508,3446100
2021-05-25,25.0,25.0,24.75,24.940000534057617,3531800
2021-05-26,24.979999542236328,25.139999389648438,24.790000915527344,25.110000610351562,3707700
2021-05-27,25.219999313354492,25.309999465942383,25.040000915527344,25.079999923706055,10274900
2021-05-28,25.190000534057617,25.350000381469727,25.149999618530273,25.299999237060547,3939100
2021-06-01,25.389999389648438,25.399999618530273,24.989999771118164,25.110000610351562,4702300
2021-06-02,25.110000610351562,25.25,24.979999542236328,25.09000015258789,4806400
2021-06-03,24.969999313354492,25.56999969482422,24.799999237060547,25.389999389648438,5022100
2021-06-04,25.40999984741211,25.530000686645508,25.329999923706055,25.399999618530273,4283100
2021-06-07,25.479999542236328,25.59000015258789,25.350000381469727,25.579999923706055,3389700
2021-06-08,25.649999618530273,25.739999771118164,25.399999618530273,25.459999084472656,5474700
2021-06-09,25.549999237060547,25.959999084472656,25.450000762939453,25.770000457763672,5567700
2021-06-10,25.760000228881836,26.040000915527344,25.760000228881836,25.950000762939453,4101400
2021-06-11,25.90999984741211,26.170000076293945,25.84000015258789,26.149999618530273,4538400
2021-06-14,26.170000076293945,26.18000030517578,25.81999969482422,25.979999542236328,6064700
2021-06-15,26.059999465942383,26.139999389648438,25.920000076293945,25.989999771118164,5147400
2021-06-16,25.959999084472656,26.06999969482422,25.290000915527344,25.530000686645508,7250800
2021-06-17,25.760000228881836,25.809999465942383,25.280000686645508,25.34000015258789,7436700
2021-06-18,25.06999969482422,25.34000015258789,24.59000015258789,24.6299991607666,16591000
2021-06-21,24.75,25.020000457763672,24.610000610351562,24.940000534057617,4390300
2021-06-22,24.850000381469727,24.979999542236328,24.690000534057617,24.790000915527344,5162100
2021-06-23,24.729999542236328,24.84000015258789,24.3700008392334,24.700000762939453,5208500
2021-06-24,24.75,24.75,24.389999389648438,24.510000228881836,4206400
2021-06-25,24.510000228881836,24.84000015258789,24.5,24.75,5853700
2021-06-28,24.850000381469727,24.899999618530273,24.540000915527344,24.6299991607666,3234100
2021-06-29,24.6299991607666,24.770000457763672,24.389999389648438,24.489999771118164,5513000
2021-06-30,24.540000915527344,24.690000534057617,24.229999542236328,24.520000457763672,8231600
2021-07-01,24.579999923706055,24.8799991607666,24.290000915527344,24.729999542236328,3951200
2021-07-02,24.760000228881836,24.920000076293945,24.530000686645508,24.90999984741211,5173700
2021-07-06,24.790000915527344,24.899999618530273,24.40999984741211,24.889999389648438,6799000
2021-07-07,24.809999465942383,25.049999237060547,24.649999618530273,25.010000228881836,5929800
2021-07-08,24.690000534057617,25.290000915527344,24.65999984741211,25.260000228881836,12780600
2021-07-09,25.3799991607666,25.510000228881836,25.209999084472656,25.469999313354492,9652000
2021-07-12,25.350000381469727,25.399999618530273,25.1299991607666,25.209999084472656,4972300
2021-07-13,25.110000610351562,25.15999984741211,24.670000076293945,24.68000030517578,3991600
2021-07-14,24.690000534057617,24.940000534057617,24.559999465942383,24.770000457763672,3627200
2021-07-15,24.670000076293945,25.360000610351562,24.670000076293945,25.31999969482422,4640600
2021-07-16,25.3700008392334,25.700000762939453,25.329999923706055,25.59000015258789,4508500
2021-07-19,25.389999389648438,25.510000228881836,24.579999923706055,24.8700008392334,5600000
2021-07-20,24.920000076293945,25.290000915527344,24.850000381469727,25.239999771118164,4873200
2021-07-21,25.3700008392334,25.559999465942383,25.110000610351562,25.170000076293945,2836800
2021-07-22,25.1299991607666,25.280000686645508,24.969999313354492,25.030000686645508,3448400
2021-07-23,25.1299991607666,25.209999084472656,24.940000534057617,25.18000030517578,3064600
2021-07-26,25.200000762939453,25.420000076293945,25.200000762939453,25.350000381469727,3132300
2021-07-27,25.229999542236328,25.700000762939453,25.149999618530273,25.690000534057617,3211100
2021-07-28,25.709999084472656,25.790000915527344,25.469999313354492,25.65999984741211,3128600
2021-07-29,25.75,25.84000015258789,25.540000915527344,25.809999465942383,3253400
2021-07-30,25.790000915527344,26.040000915527344,25.350000381469727,25.459999084472656,6769300
2021-08-02,25.5,25.770000457763672,25.450000762939453,25.549999237060547,4557400
2021-08-03,25.65999984741211,25.889999389648438,25.3799991607666,25.8700008392334,3852400
2021-08-04,25.739999771118164,25.829999923706055,25.280000686645508,25.700000762939453,3747300
2021-08-05,25.81999969482422,26.260000228881836,25.690000534057617,26.239999771118164,6344100
2021-08-06,26.270000457763672,26.920000076293945,26.190000534057617,26.479999542236328,4921500
2021-08-09,26.440000534057617,26.559999465942383,26.270000457763672,26.540000915527344,3778900
2021-08-10,26.540000915527344,26.709999084472656,26.34000015258789,26.6200008392334,5009700
2021-08-11,26.6299991607666,26.84000015258789,26.459999084472656,26.809999465942383,5059600
2021-08-12,26.790000915527344,26.829999923706055,26.530000686645508,26.75,2492700
2021-08-13,26.8700008392334,26.920000076293945,26.649999618530273,26.899999618530273,2225200
2021-08-16,26.860000610351562,27.200000762939453,26.770000457763672,26.790000915527344,4222600
2021-08-17,26.68000030517578,26.860000610351562,26.299999237060547,26.850000381469727,5068900
2021-08-18,26.68000030517578,26.68000030517578,26.290000915527344,26.399999618530273,4811000
2021-08-19,26.309999465942383,26.670000076293945,25.8799991607666,25.920000076293945,8494500
2021-08-20,25.8700008392334,26.3700008392334,25.700000762939453,26.34000015258789,5628300
2021-08-23,26.40999984741211,26.489999771118164,26.09000015258789,26.18000030517578,4007400
2021-08-24,26.280000686645508,26.280000686645508,25.81999969482422,25.84000015258789,3806600
2021-08-25,25.81999969482422,25.90999984741211,25.690000534057617,25.719999313354492,4962200
2021-08-26,25.670000076293945,25.700000762939453,25.309999465942383,25.3700008392334,3942800
2021-08-27,25.459999084472656,25.709999084472656,25.34000015258789,25.6200008392334,3956200
2021-08-30,25.59000015258789,25.6299991607666,25.329999923706055,25.3799991607666,3618200
2021-08-31,25.309999465942383,25.420000076293945,24.84000015258789,25.09000015258789,10819700
2021-09-01,25.170000076293945,25.690000534057617,25.170000076293945,25.510000228881836,5740700
2021-09-02,25.520000457763672,25.790000915527344,25.5,25.770000457763672,4559400
2021-09-03,25.770000457763672,26.010000228881836,25.6200008392334,25.940000534057617,6942900
2021-09-07,26.0,26.1299991607666,25.709999084472656,25.799999237060547,7051200
2021-09-08,25.799999237060547,26.65999984741211,25.700000762939453,26.469999313354492,5135400
2021-09-09,26.450000762939453,26.700000762939453,26.31999969482422,26.559999465942383,6323200
2021-09-10,26.690000534057617,26.700000762939453,26.170000076293945,26.219999313354492,5470000
2021-09-13,26.440000534057617,26.559999465942383,26.010000228881836,26.15999984741211,4736600
2021-09-14,26.170000076293945,26.350000381469727,25.639999389648438,25.65999984741211,4890200
2021-09-15,25.65999984741211,25.65999984741211,25.040000915527344,25.100000381469727,5948500
2021-09-16,25.040000915527344,25.110000610351562,24.6299991607666,24.6299991607666,7032400
2021-09-17,24.479999542236328,24.790000915527344,24.389999389648438,24.43000030517578,11907700
2021-09-20,24.360000610351562,24.8799991607666,24.329999923706055,24.709999084472656,9682400
2021-09-21,24.81999969482422,25.200000762939453,24.799999237060547,24.920000076293945,9581400
2021-09-22,24.989999771118164,25.040000915527344,24.510000228881836,24.559999465942383,7099300
2021-09-23,24.579999923706055,25.290000915527344,24.5,24.799999237060547,9926900
2021-09-24,25.079999923706055,25.510000228881836,25.010000228881836,25.40999984741211,10294800
2021-09-27,25.56999969482422,25.84000015258789,25.350000381469727,25.420000076293945,7895500
2021-09-28,25.299999237060547,25.469999313354492,24.770000457763672,24.950000762939453,9988200
2021-09-29,24.950000762939453,25.43000030517578,24.920000076293945,25.110000610351562,4807600
2021-09-30,25.149999618530273,25.299999237060547,24.579999923706055,24.600000381469727,4725300
2021-10-01,25.190000534057617,25.25,24.719999313354492,24.899999618530273,6295300
2021-10-04,24.809999465942383,25.6200008392334,24.809999465942383,25.489999771118164,6230200
2021-10-05,25.459999084472656,25.959999084472656,25.3799991607666,25.469999313354492,5445000
2021-10-06,25.3700008392334,25.809999465942383,24.90999984741211,25.790000915527344,5392000
2021-10-07,25.809999465942383,26.049999237060547,25.56999969482422,25.56999969482422,5886000
2021-10-08,25.489999771118164,25.719999313354492,25.360000610351562,25.540000915527344,3119100
2021-10-11,25.559999465942383,25.65999984741211,25.43000030517578,25.540000915527344,3452900
2021-10-12,25.6299991607666,26.059999465942383,25.559999465942383,26.040000915527344,5362700
2021-10-13,26.030000686645508,26.110000610351562,25.799999237060547,25.899999618530273,6043000
2021-10-14,26.0,26.56999969482422,25.940000534057617,26.56999969482422,5033300
2021-10-15,26.68000030517578,26.920000076293945,26.489999771118164,26.75,4665800
2021-10-18,26.56999969482422,26.59000015258789,26.18000030517578,26.190000534057617,3230800
2021-10-19,26.3799991607666,26.420000076293945,26.1299991607666,26.15999984741211,3680900
2021-10-20,26.399999618530273,26.739999771118164,26.31999969482422,26.6299991607666,2440100
2021-10-21,26.610000610351562,26.719999313354492,26.469999313354492,26.510000228881836,3389700
2021-10-22,26.559999465942383,26.670000076293945,26.479999542236328,26.540000915527344,5155500
2021-10-25,26.510000228881836,26.860000610351562,26.3700008392334,26.770000457763672,3868000
2021-10-26,26.790000915527344,26.93000030517578,26.65999984741211,26.68000030517578,2946000
2021-10-27,26.670000076293945,26.690000534057617,26.309999465942383,26.309999465942383,3292000
2021-10-28,26.280000686645508,26.399999618530273,26.059999465942383,26.290000915527344,3268400
2021-10-29,26.260000228881836,26.399999618530273,25.829999923706055,26.040000915527344,3794700
2021-11-01,26.1200008392334,26.350000381469727,26.040000915527344,26.290000915527344,3730100
2021-11-02,26.3700008392334,26.3700008392334,25.829999923706055,26.190000534057617,5620500
2021-11-03,26.049999237060547,26.420000076293945,26.010000228881836,26.290000915527344,3350900
2021-11-04,26.440000534057617,26.739999771118164,26.309999465942383,26.5,3364800
2021-11-05,26.709999084472656,26.889999389648438,26.43000030517578,26.670000076293945,3179000
2021-11-08,26.579999923706055,26.719999313354492,26.280000686645508,26.520000457763672,2692900
2021-11-09,26.520000457763672,26.610000610351562,26.40999984741211,26.520000457763672,2569800
2021-11-10,26.510000228881836,26.81999969482422,26.450000762939453,26.579999923706055,3423800
2021-11-11,26.459999084472656,26.799999237060547,26.450000762939453,26.770000457763672,5399700
2021-11-12,26.709999084472656,26.790000915527344,26.229999542236328,26.600000381469727,3447300
2021-11-15,26.780000686645508,26.959999084472656,26.690000534057617,26.950000762939453,2800600
2021-11-16,26.979999542236328,26.979999542236328,26.75,26.780000686645508,2463000
2021-11-17,26.6200008392334,26.709999084472656,26.440000534057617,26.700000762939453,2253300
2021-11-18,26.690000534057617,26.81999969482422,26.360000610351562,26.420000076293945,3041700
2021-11-19,26.309999465942383,26.579999923706055,26.059999465942383,26.549999237060547,3468600
2021-11-22,26.540000915527344,26.700000762939453,26.25,26.6200008392334,4272500
2021-11-23,26.780000686645508,26.860000610351562,26.549999237060547,26.610000610351562,2102900
2021-11-24,26.6200008392334,26.829999923706055,26.530000686645508,26.770000457763672,2025200
2021-11-26,26.40999984741211,26.450000762939453,26.06999969482422,26.229999542236328,3530300
2021-11-29,26.459999084472656,26.65999984741211,26.219999313354492,26.59000015258789,3135700
2021-11-30,26.280000686645508,26.420000076293945,25.899999618530273,25.90999984741211,8311300
2021-12-01,26.290000915527344,26.649999618530273,25.75,25.760000228881836,3412800
2021-12-02,25.8799991607666,26.479999542236328,25.829999923706055,26.219999313354492,3471600
2021-12-03,26.360000610351562,26.969999313354492,26.299999237060547,26.950000762939453,5727200
2021-12-06,27.079999923706055,27.8799991607666,27.010000228881836,27.719999313354492,5129600
2021-12-07,27.75,28.059999465942383,27.670000076293945,27.8799991607666,3736600
2021-12-08,27.8700008392334,27.920000076293945,27.6200008392334,27.6299991607666,3228000
2021-12-09,27.579999923706055,27.780000686645508,27.459999084472656,27.540000915527344,3878500
2021-12-10,27.739999771118164,27.950000762939453,27.56999969482422,27.8700008392334,4072100
2021-12-13,27.889999389648438,28.1299991607666,27.81999969482422,28.0,3413100
2021-12-14,27.969999313354492,28.1299991607666,27.68000030517578,27.81999969482422,5183600
2021-12-15,27.8700008392334,28.139999389648438,27.75,28.09000015258789,3085400
2021-12-16,27.989999771118164,28.3700008392334,27.8700008392334,27.979999542236328,4859500
2021-12-17,27.700000762939453,27.8799991607666,26.75,26.979999542236328,20978300
2021-12-20,26.65999984741211,27.040000915527344,26.209999084472656,27.0,5979500
2021-12-21,27.170000076293945,27.489999771118164,27.100000381469727,27.299999237060547,3918900
2021-12-22,27.239999771118164,27.520000457763672,27.139999389648438,27.479999542236328,2565000
2021-12-23,27.489999771118164,27.649999618530273,27.43000030517578,27.520000457763672,3353500
2021-12-27,27.399999618530273,27.610000610351562,27.360000610351562,27.579999923706055,2132800
2021-12-28,27.540000915527344,27.8799991607666,27.530000686645508,27.850000381469727,2119100
2021-12-29,27.93000030517578,28.049999237060547,27.709999084472656,27.950000762939453,2618600
2021-12-30,27.989999771118164,28.059999465942383,27.739999771118164,27.829999923706055,2815300
2021-12-31,27.770000457763672,28.010000228881836,27.670000076293945,27.90999984741211,3039300
2022-01-03,27.920000076293945,27.959999084472656,27.40999984741211,27.6200008392334,5835900
2022-01-04,27.670000076293945,27.81999969482422,27.440000534057617,27.450000762939453,8767900
2022-01-05,27.420000076293945,27.610000610351562,27.139999389648438,27.389999389648438,6831100
2022-01-06,27.530000686645508,27.709999084472656,27.25,27.649999618530273,5521500
2022-01-07,27.65999984741211,27.950000762939453,27.510000228881836,27.65999984741211,5208400
2022-01-10,27.790000915527344,27.920000076293945,27.510000228881836,27.690000534057617,8316300
2022-01-11,27.670000076293945,27.75,27.200000762939453,27.399999618530273,3063200
2022-01-12,27.3700008392334,27.540000915527344,27.25,27.420000076293945,2423000
2022-01-13,26.920000076293945,27.639999389648438,26.799999237060547,27.549999237060547,5675900
2022-01-14,27.579999923706055,27.649999618530273,27.1200008392334,27.610000610351562,3099700
2022-01-18,27.43000030517578,27.600000381469727,27.1299991607666,27.34000015258789,4735800
2022-01-19,27.40999984741211,27.790000915527344,27.31999969482422,27.350000381469727,3527200
2022-01-20,27.360000610351562,27.489999771118164,27.1200008392334,27.209999084472656,7282800
2022-01-21,27.270000457763672,27.84000015258789,27.229999542236328,27.34000015258789,5908600
2022-01-24,27.149999618530273,27.399999618530273,26.549999237060547,27.15999984741211,6962700
2022-01-25,26.8799991607666,27.5,26.670000076293945,27.280000686645508,4461900
2022-01-26,27.40999984741211,27.770000457763672,27.100000381469727,27.299999237060547,4228200
2022-01-27,27.6200008392334,27.90999984741211,27.209999084472656,27.3700008392334,4395500
2022-01-28,27.299999237060547,27.8700008392334,27.209999084472656,27.860000610351562,4280100
2022-01-31,27.59000015258789,28.3700008392334,27.540000915527344,28.360000610351562,3659500
2022-02-01,28.239999771118164,28.420000076293945,27.809999465942383,28.079999923706055,4490600
2022-02-02,28.09000015258789,28.5,27.989999771118164,28.31999969482422,6498300
2022-02-03,28.290000915527344,28.520000457763672,28.1299991607666,28.149999618530273,4469100
2022-02-04,27.959999084472656,28.110000610351562,27.510000228881836,27.889999389648438,4661700
2022-02-07,27.829999923706055,28.170000076293945,27.780000686645508,28.079999923706055,2828700
2022-02-08,28.239999771118164,28.389999389648438,28.06999969482422,28.190000534057617,2144200
2022-02-09,28.3799991607666,28.459999084472656,28.200000762939453,28.25,2813000
2022-02-10,27.989999771118164,28.219999313354492,27.530000686645508,27.6200008392334,5685000
2022-02-11,27.770000457763672,27.899999618530273,27.200000762939453,27.399999618530273,5032800
2022-02-14,27.489999771118164,27.600000381469727,26.610000610351562,26.90999984741211,3886500
2022-02-15,27.18000030517578,27.3799991607666,26.729999542236328,26.889999389648438,3953100
2022-02-16,26.65999984741211,26.93000030517578,26.549999237060547,26.8799991607666,4993300
2022-02-17,26.829999923706055,26.940000534057617,26.420000076293945,26.809999465942383,7949100
2022-02-18,26.690000534057617,27.020000457763672,26.469999313354492,26.610000610351562,14096300
2022-02-22,27.5,27.610000610351562,26.670000076293945,27.200000762939453,6208300
2022-02-23,27.34000015258789,27.459999084472656,26.479999542236328,26.489999771118164,4061100
2022-02-24,26.229999542236328,26.65999984741211,26.0,26.549999237060547,6657000
2022-02-25,26.860000610351562,27.469999313354492,26.75,27.3799991607666,5303300
2022-02-28,27.100000381469727,27.579999923706055,27.079999923706055,27.350000381469727,6521300
2022-03-01,27.290000915527344,27.520000457763672,26.649999618530273,26.8799991607666,5494400
2022-03-02,26.979999542236328,27.84000015258789,26.8799991607666,27.719999313354492,4961200
2022-03-03,27.809999465942383,28.360000610351562,27.790000915527344,28.239999771118164,4753400
2022-03-04,28.110000610351562,29.0,28.049999237060547,28.989999771118164,5433500
2022-03-07,28.90999984741211,29.049999237060547,28.399999618530273,28.729999542236328,5326400
2022-03-08,28.90999984741211,29.0,28.5,28.540000915527344,4404800
2022-03-09,28.799999237060547,28.899999618530273,28.34000015258789,28.3799991607666,3795400
2022-03-10,28.329999923706055,28.729999542236328,28.219999313354492,28.700000762939453,3712100
2022-03-11,28.670000076293945,28.93000030517578,28.43000030517578,28.450000762939453,2567800
2022-03-14,28.649999618530273,28.8799991607666,28.260000228881836,28.40999984741211,3480800
2022-03-15,28.760000228881836,28.950000762939453,28.56999969482422,28.8799991607666,5337400
2022-03-16,28.8799991607666,28.989999771118164,28.360000610351562,28.8700008392334,5853200
2022-03-17,28.90999984741211,29.260000228881836,28.719999313354492,29.079999923706055,4502100
2022-03-18,29.100000381469727,29.309999465942383,28.84000015258789,29.049999237060547,10395800
2022-03-21,29.229999542236328,29.610000610351562,29.149999618530273,29.469999313354492,3829600
2022-03-22,29.489999771118164,29.6299991607666,29.350000381469727,29.469999313354492,5292800
2022-03-23,29.520000457763672,29.809999465942383,29.309999465942383,29.6200008392334,4102800
2022-03-24,29.6200008392334,29.850000381469727,29.559999465942383,29.780000686645508,3152200
2022-03-25,29.829999923706055,30.43000030517578,29.790000915527344,30.40999984741211,3200400
2022-03-28,30.389999389648438,30.420000076293945,30.1200008392334,30.3799991607666,3370100
2022-03-29,30.420000076293945,30.799999237060547,30.309999465942383,30.799999237060547,4047600
2022-03-30,30.68000030517578,30.969999313354492,30.65999984741211,30.780000686645508,4332400
2022-03-31,30.6299991607666,31.09000015258789,30.440000534057617,30.639999389648438,6440300
2022-04-01,30.670000076293945,31.239999771118164,30.469999313354492,31.149999618530273,4214100
2022-04-04,30.8799991607666,31.020000457763672,30.420000076293945,30.93000030517578,3435000
2022-04-05,30.989999771118164,31.389999389648438,30.989999771118164,31.030000686645508,5203800
2022-04-06,31.15999984741211,31.829999923706055,31.040000915527344,31.770000457763672,5203900
2022-04-07,31.739999771118164,32.15999984741211,31.43000030517578,32.0099983215332,9364500
2022-04-08,32.13999938964844,32.689998626708984,31.969999313354492,32.4900016784668,6152500
2022-04-11,32.540000915527344,32.720001220703125,32.16999816894531,32.22999954223633,5720700
2022-04-12,32.06999969482422,32.54999923706055,31.920000076293945,32.25,4824900
2022-04-13,32.29999923706055,32.459999084472656,31.959999084472656,32.31999969482422,3729300
2022-04-14,32.470001220703125,32.630001068115234,32.31999969482422,32.400001525878906,5403500
2022-04-18,32.4900016784668,32.650001525878906,32.16999816894531,32.279998779296875,3255100
2022-04-19,32.400001525878906,32.529998779296875,32.029998779296875,32.16999816894531,5251600
2022-04-20,32.54999923706055,32.900001525878906,32.45000076293945,32.75,4812800
2022-04-21,32.79999923706055,33.0,32.150001525878906,32.2599983215332,8136800
2022-04-22,32.310001373291016,32.310001373291016,31.809999465942383,31.829999923706055,5314900
2022-04-25,31.8700008392334,31.940000534057617,31.190000534057617,31.75,5219100
2022-04-26,31.780000686645508,32.0,31.280000686645508,31.290000915527344,4444800
2022-04-27,31.34000015258789,31.8700008392334,30.979999542236328,31.329999923706055,6066000
2022-04-28,31.3799991607666,31.59000015258789,31.229999542236328,31.440000534057617,5835200
2022-04-29,31.350000381469727,31.3799991607666,30.559999465942383,30.610000610351562,4372200
2022-05-02,30.670000076293945,30.93000030517578,29.8700008392334,30.219999313354492,7280700
2022-05-03,30.290000915527344,30.979999542236328,29.940000534057617,30.540000915527344,5954100
2022-05-04,30.799999237060547,31.389999389648438,30.690000534057617,31.34000015258789,6346700
2022-05-05,31.270000457763672,31.399999618530273,30.579999923706055,30.940000534057617,5211600
2022-05-06,30.770000457763672,31.09000015258789,30.459999084472656,30.729999542236328,6879600
2022-05-09,30.520000457763672,30.760000228881836,30.209999084472656,30.3799991607666,4673400
2022-05-10,30.440000534057617,31.18000030517578,30.0,30.479999542236328,6354500
2022-05-11,30.549999237060547,31.170000076293945,30.3700008392334,30.399999618530273,6659000
2022-05-12,30.360000610351562,30.450000762939453,29.809999465942383,30.389999389648438,6077300
2022-05-13,30.6299991607666,31.049999237060547,30.40999984741211,31.030000686645508,3939500
2022-05-16,31.09000015258789,31.229999542236328,30.809999465942383,30.969999313354492,4037200
2022-05-17,31.139999389648438,31.3700008392334,30.729999542236328,31.3700008392334,4379400
2022-05-18,31.34000015258789,31.43000030517578,30.600000381469727,30.670000076293945,4447200
2022-05-19,30.489999771118164,30.81999969482422,30.290000915527344,30.65999984741211,3511000
2022-05-20,30.719999313354492,30.760000228881836,30.229999542236328,30.579999923706055,4105800
2022-05-23,30.959999084472656,31.100000381469727,30.690000534057617,30.84000015258789,4598800
2022-05-24,30.8700008392334,31.3799991607666,30.690000534057617,31.309999465942383,2446000
2022-05-25,31.309999465942383,31.850000381469727,31.309999465942383,31.84000015258789,4589400
2022-05-26,31.959999084472656,32.20000076293945,31.889999389648438,31.979999542236328,4165300
2022-05-27,31.850000381469727,32.43000030517578,31.799999237060547,32.41999816894531,3395100
2022-05-31,32.13999938964844,32.34000015258789,31.81999969482422,32.04999923706055,5334600
2022-06-01,32.2400016784668,32.2400016784668,31.6200008392334,32.060001373291016,4849800
2022-06-02,32.119998931884766,32.279998779296875,31.610000610351562,32.099998474121094,6808800
2022-06-03,32.02000045776367,32.16999816894531,31.579999923706055,31.670000076293945,3572300
2022-06-06,31.850000381469727,31.860000610351562,31.459999084472656,31.540000915527344,5118400
2022-06-07,31.399999618530273,32.099998474121094,31.350000381469727,32.06999969482422,3922800
2022-06-08,31.84000015258789,31.8799991607666,31.280000686645508,31.309999465942383,2541900
2022-06-09,31.299999237060547,31.399999618530273,30.59000015258789,30.610000610351562,3171900
2022-06-10,30.25,30.489999771118164,30.0,30.1200008392334,3853400
2022-06-13,29.68000030517578,29.729999542236328,28.520000457763672,28.639999389648438,6889200
2022-06-14,28.75,28.799999237060547,27.110000610351562,27.600000381469727,8627100
2022-06-15,27.850000381469727,28.610000610351562,27.700000762939453,28.1200008392334,5867500
2022-06-16,27.690000534057617,27.709999084472656,27.100000381469727,27.440000534057617,5911400
2022-06-17,27.3700008392334,27.729999542236328,26.959999084472656,27.399999618530273,9509900
2022-06-21,27.549999237060547,27.81999969482422,27.420000076293945,27.75,3946500
2022-06-22,27.5,27.989999771118164,27.450000762939453,27.799999237060547,3525500
2022-06-23,27.8700008392334,28.329999923706055,27.799999237060547,28.25,3733700
2022-06-24,28.3700008392334,29.010000228881836,28.31999969482422,28.850000381469727,5506800
2022-06-27,28.739999771118164,29.100000381469727,28.649999618530273,28.989999771118164,2851600
2022-06-28,29.170000076293945,29.610000610351562,29.049999237060547,29.09000015258789,3983200
2022-06-29,29.139999389648438,29.350000381469727,28.969999313354492,29.1200008392334,2131200
2022-06-30,28.8799991607666,29.709999084472656,28.75,29.579999923706055,4770800
2022-07-01,29.709999084472656,30.59000015258789,29.5,30.5,4242400
2022-07-05,30.360000610351562,30.399999618530273,28.540000915527344,29.09000015258789,5260600
2022-07-06,29.209999084472656,29.639999389648438,28.979999542236328,29.34000015258789,3453900
2022-07-07,29.469999313354492,29.760000228881836,29.290000915527344,29.309999465942383,2866000
2022-07-08,29.3700008392334,29.5,29.049999237060547,29.3700008392334,3253600
2022-07-11,29.329999923706055,29.59000015258789,29.149999618530273,29.530000686645508,1791100
2022-07-12,29.31999969482422,29.950000762939453,29.31999969482422,29.440000534057617,3085600
2022-07-13,29.1299991607666,29.649999618530273,29.020000457763672,29.079999923706055,4276300
2022-07-14,28.530000686645508,29.18000030517578,28.469999313354492,29.1200008392334,4916800
2022-07-15,29.3700008392334,29.639999389648438,28.8799991607666,29.610000610351562,3708900
2022-07-18,29.610000610351562,29.889999389648438,29.489999771118164,29.559999465942383,6019800
2022-07-19,29.799999237060547,29.860000610351562,29.610000610351562,29.75,3932200
2022-07-20,29.709999084472656,29.81999969482422,29.100000381469727,29.3799991607666,3302000
2022-07-21,29.280000686645508,29.329999923706055,29.059999465942383,29.31999969482422,2196900
2022-07-22,29.43000030517578,29.81999969482422,29.43000030517578,29.700000762939453,3040900
2022-07-25,29.639999389648438,30.110000610351562,29.56999969482422,30.100000381469727,2658700
2022-07-26,30.079999923706055,30.540000915527344,30.040000915527344,30.5,2906100
2022-07-27,30.5,30.809999465942383,30.360000610351562,30.549999237060547,4017900
2022-07-28,30.760000228881836,31.549999237060547,30.700000762939453,31.5,2451400
2022-07-29,31.450000762939453,31.850000381469727,31.450000762939453,31.690000534057617,2768600
2022-08-01,31.649999618530273,31.690000534057617,31.31999969482422,31.6299991607666,2988900
2022-08-02,32.0,32.25,31.639999389648438,31.700000762939453,4497700
2022-08-03,31.700000762939453,31.799999237060547,30.65999984741211,31.690000534057617,4484600
2022-08-04,31.690000534057617,31.8799991607666,31.350000381469727,31.389999389648438,2326900
2022-08-05,31.260000228881836,31.510000228881836,30.860000610351562,31.469999313354492,2872700
2022-08-08,31.700000762939453,31.920000076293945,31.399999618530273,31.579999923706055,1634700
2022-08-09,31.739999771118164,32.119998931884766,31.670000076293945,32.08000183105469,2335600
2022-08-10,32.290000915527344,32.34000015258789,31.969999313354492,32.06999969482422,2990900
2022-08-11,31.770000457763672,32.20000076293945,31.239999771118164,31.90999984741211,7321000
2022-08-12,32.09000015258789,32.52000045776367,32.06999969482422,32.5,2986600
2022-08-15,32.400001525878906,32.720001220703125,32.2599983215332,32.689998626708984,1892500
2022-08-16,32.689998626708984,32.91999816894531,32.56999969482422,32.83000183105469,2254400
2022-08-17,32.65999984741211,32.77000045776367,32.279998779296875,32.5099983215332,3184700
2022-08-18,32.43000030517578,32.869998931884766,32.43000030517578,32.59000015258789,3072100
2022-08-19,32.630001068115234,32.7400016784668,32.43000030517578,32.650001525878906,2954100
2022-08-22,32.470001220703125,32.5,31.829999923706055,32.029998779296875,2557100
2022-08-23,32.029998779296875,32.06999969482422,31.75,31.90999984741211,1994800
2022-08-24,32.0099983215332,32.33000183105469,31.799999237060547,32.27000045776367,3385000
2022-08-25,32.34000015258789,32.43000030517578,32.02000045776367,32.369998931884766,2229000
2022-08-26,32.45000076293945,32.5,31.729999542236328,31.75,2505300
2022-08-29,31.559999465942383,32.33000183105469,31.389999389648438,32.09000015258789,2256300
2022-08-30,32.099998474121094,32.20000076293945,31.5,31.649999618530273,2318800
2022-08-31,31.639999389648438,31.889999389648438,31.459999084472656,31.530000686645508,4798700
2022-09-01,31.399999618530273,31.969999313354492,31.34000015258789,31.950000762939453,2882500
2022-09-02,31.989999771118164,32.459999084472656,31.700000762939453,31.780000686645508,4363800
2022-09-06,31.899999618530273,32.099998474121094,31.549999237060547,31.700000762939453,4015100
2022-09-07,31.829999923706055,32.7400016784668,31.790000915527344,32.66999816894531,3260900
2022-09-08,32.59000015258789,32.84000015258789,32.400001525878906,32.70000076293945,2892000
2022-09-09,32.810001373291016,32.95000076293945,32.529998779296875,32.849998474121094,2588900
2022-09-12,32.91999816894531,33.22999954223633,32.84000015258789,33.099998474121094,2754400
2022-09-13,32.65999984741211,32.97999954223633,32.130001068115234,32.349998474121094,3572100
2022-09-14,32.38999938964844,32.900001525878906,32.38999938964844,32.75,4351900
2022-09-15,32.58000183105469,32.58000183105469,31.989999771118164,32.18000030517578,4572500
2022-09-16,32.08000183105469,32.18000030517578,31.829999923706055,32.040000915527344,6438200
2022-09-19,31.899999618530273,32.529998779296875,31.8700008392334,32.459999084472656,3863500
2022-09-20,32.2400016784668,32.34000015258789,31.6299991607666,31.989999771118164,3507500
2022-09-21,32.2599983215332,32.5099983215332,31.790000915527344,31.950000762939453,5919100
2022-09-22,31.81999969482422,31.860000610351562,31.34000015258789,31.65999984741211,3861300
2022-09-23,31.3700008392334,33.5,31.049999237060547,31.559999465942383,4849300
2022-09-26,31.270000457763672,31.56999969482422,30.280000686645508,30.510000228881836,5421900
2022-09-27,30.709999084472656,30.739999771118164,29.739999771118164,29.889999389648438,6819900
2022-09-28,30.260000228881836,30.350000381469727,29.81999969482422,30.149999618530273,4527100
2022-09-29,30.040000915527344,30.09000015258789,28.739999771118164,28.84000015258789,4134400
2022-09-30,28.969999313354492,29.149999618530273,28.06999969482422,28.18000030517578,9062400
2022-10-03,28.770000457763672,29.239999771118164,28.469999313354492,28.84000015258789,4452500
2022-10-04,28.969999313354492,29.520000457763672,28.84000015258789,29.43000030517578,3585300
2022-10-05,28.940000534057617,29.040000915527344,28.489999771118164,28.809999465942383,4766900
2022-10-06,28.700000762939453,28.790000915527344,27.31999969482422,27.34000015258789,7558600
2022-10-07,27.309999465942383,27.3700008392334,26.610000610351562,26.809999465942383,5637800
2022-10-10,26.889999389648438,27.1200008392334,26.6299991607666,26.700000762939453,4483200
2022-10-11,26.610000610351562,26.979999542236328,26.440000534057617,26.600000381469727,4861700
2022-10-12,26.559999465942383,26.56999969482422,25.530000686645508,25.549999237060547,6904200
2022-10-13,25.260000228881836,26.18000030517578,25.030000686645508,26.049999237060547,7318700
2022-10-14,26.280000686645508,26.389999389648438,25.6299991607666,25.8799991607666,5263200
2022-10-17,26.229999542236328,26.649999618530273,26.170000076293945,26.25,4428300
2022-10-18,26.690000534057617,27.0,26.56999969482422,26.959999084472656,6471100
2022-10-19,26.600000381469727,27.1200008392334,26.549999237060547,27.0,6063700
2022-10-20,26.950000762939453,27.040000915527344,26.399999618530273,26.600000381469727,6638100
2022-10-21,26.709999084472656,27.149999618530273,26.510000228881836,27.010000228881836,4455700
2022-10-24,27.229999542236328,27.40999984741211,26.8799991607666,27.209999084472656,4027200
2022-10-25,27.200000762939453,27.81999969482422,27.200000762939453,27.649999618530273,3556000
2022-10-26,27.829999923706055,27.969999313354492,27.549999237060547,27.600000381469727,3132200
2022-10-27,27.889999389648438,28.260000228881836,27.84000015258789,27.989999771118164,2833500
2022-10-28,28.06999969482422,28.81999969482422,28.06999969482422,28.809999465942383,2803400
2022-10-31,28.799999237060547,28.8799991607666,28.43000030517578,28.610000610351562,4470200
2022-11-01,28.739999771118164,29.079999923706055,28.09000015258789,28.350000381469727,5735900
2022-11-02,28.270000457763672,28.81999969482422,28.09000015258789,28.110000610351562,4770400
2022-11-03,27.809999465942383,28.270000457763672,27.610000610351562,28.010000228881836,4054300
2022-11-04,28.049999237060547,28.579999923706055,27.93000030517578,28.479999542236328,4513200
2022-11-07,28.5,28.5,27.40999984741211,27.90999984741211,4032500
2022-11-08,27.979999542236328,28.3799991607666,27.84000015258789,28.149999618530273,3606400
2022-11-09,28.010000228881836,28.299999237060547,27.950000762939453,28.190000534057617,5445100
2022-11-10,29.219999313354492,29.559999465942383,28.739999771118164,29.399999618530273,3656400
2022-11-11,29.3799991607666,29.530000686645508,28.729999542236328,29.1299991607666,4194600
2022-11-14,29.1299991607666,29.59000015258789,29.049999237060547,29.1299991607666,4992700
2022-11-15,29.31999969482422,29.450000762939453,28.709999084472656,29.1299991607666,3022300
2022-11-16,28.969999313354492,29.639999389648438,28.969999313354492,29.440000534057617,2807500
2022-11-17,29.15999984741211,29.219999313354492,28.729999542236328,29.190000534057617,2899100
2022-11-18,29.489999771118164,29.790000915527344,29.360000610351562,29.670000076293945,3843200
2022-11-21,29.670000076293945,30.0,29.489999771118164,29.899999618530273,3138600
2022-11-22,30.0,30.479999542236328,30.0,30.450000762939453,3761500
2022-11-23,30.3799991607666,30.84000015258789,30.360000610351562,30.809999465942383,3541500
2022-11-25,30.889999389648438,31.190000534057617,30.889999389648438,31.040000915527344,1060500
2022-11-28,30.799999237060547,30.969999313354492,30.530000686645508,30.860000610351562,2786000
2022-11-29,30.670000076293945,30.68000030517578,30.34000015258789,30.579999923706055,2455500
2022-11-30,30.440000534057617,31.18000030517578,30.229999542236328,31.110000610351562,5089800
2022-12-01,31.290000915527344,31.520000457763672,30.829999923706055,31.030000686645508,4730100
2022-12-02,30.700000762939453,30.84000015258789,30.299999237060547,30.670000076293945,3420400
2022-12-05,30.399999618530273,30.6200008392334,30.34000015258789,30.450000762939453,2687400
2022-12-06,30.469999313354492,30.850000381469727,30.360000610351562,30.81999969482422,3748500
2022-12-07,30.68000030517578,30.84000015258789,30.3799991607666,30.389999389648438,3493400
2022-12-08,30.399999618530273,30.530000686645508,30.190000534057617,30.350000381469727,3701200
2022-12-09,30.219999313354492,30.68000030517578,30.190000534057617,30.450000762939453,3126500
2022-12-12,30.610000610351562,31.020000457763672,30.309999465942383,31.010000228881836,2884400
2022-12-13,31.360000610351562,31.479999542236328,30.579999923706055,30.90999984741211,5108700
2022-12-14,31.049999237060547,31.34000015258789,30.790000915527344,30.950000762939453,3394800
2022-12-15,30.809999465942383,30.93000030517578,30.440000534057617,30.6299991607666,3841500
2022-12-16,30.360000610351562,30.3700008392334,29.59000015258789,30.010000228881836,6188600
2022-12-19,29.950000762939453,30.290000915527344,29.770000457763672,29.979999542236328,2909700
2022-12-20,29.950000762939453,30.100000381469727,29.790000915527344,29.969999313354492,1830200
2022-12-21,30.09000015258789,30.540000915527344,30.0,30.530000686645508,1909400
2022-12-22,30.450000762939453,30.469999313354492,29.75,30.309999465942383,2176400
2022-12-23,30.25,30.700000762939453,30.190000534057617,30.690000534057617,2126300
2022-12-27,30.739999771118164,31.010000228881836,30.59000015258789,30.920000076293945,1364800
2022-12-28,30.950000762939453,31.149999618530273,30.459999084472656,30.520000457763672,2184800
2022-12-29,30.700000762939453,30.829999923706055,30.420000076293945,30.479999542236328,2984200
2022-12-30,30.450000762939453,30.510000228881836,29.719999313354492,29.989999771118164,2908400
2023-01-03,29.899999618530273,30.139999389648438,29.149999618530273,29.559999465942383,4282600
2023-01-04,29.6299991607666,30.09000015258789,29.530000686645508,29.649999618530273,4386400
2023-01-05,29.43000030517578,29.540000915527344,28.899999618530273,28.979999542236328,3062100
2023-01-06,29.270000457763672,30.170000076293945,29.200000762939453,29.989999771118164,3833600
2023-01-09,29.959999084472656,30.8799991607666,29.8799991607666,30.469999313354492,3574700
2023-01-10,30.420000076293945,30.600000381469727,30.190000534057617,30.559999465942383,1863700
2023-01-11,30.6200008392334,31.18000030517578,30.6200008392334,31.149999618530273,2641500
2023-01-12,31.209999084472656,31.280000686645508,30.84000015258789,31.06999969482422,4116800
2023-01-13,30.8799991607666,31.469999313354492,30.760000228881836,31.309999465942383,4315200
2023-01-17,30.829999923706055,31.270000457763672,30.829999923706055,31.079999923706055,4199400
2023-01-18,31.139999389648438,31.200000762939453,30.31999969482422,30.389999389648438,3725500
2023-01-19,30.350000381469727,30.389999389648438,29.979999542236328,30.280000686645508,2792800
2023-01-20,30.31999969482422,30.3700008392334,29.700000762939453,30.110000610351562,3669100
2023-01-23,29.979999542236328,30.299999237060547,29.84000015258789,30.0,2716900
2023-01-24,29.90999984741211,30.31999969482422,29.510000228881836,30.190000534057617,3016800
2023-01-25,30.030000686645508,30.1299991607666,29.790000915527344,30.040000915527344,3491800
2023-01-26,29.940000534057617,30.059999465942383,29.6299991607666,30.0,4172800
2023-01-27,29.959999084472656,30.049999237060547,29.700000762939453,29.739999771118164,4196300
2023-01-30,29.639999389648438,30.170000076293945,29.579999923706055,29.84000015258789,3517100
2023-01-31,29.959999084472656,30.1299991607666,29.479999542236328,30.1200008392334,3289500
2023-02-01,29.93000030517578,30.270000457763672,29.649999618530273,30.100000381469727,5287800
2023-02-02,30.1200008392334,30.40999984741211,29.6200008392334,29.780000686645508,6111300
2023-02-03,29.639999389648438,29.739999771118164,28.93000030517578,29.200000762939453,5444000
2023-02-06,28.90999984741211,29.459999084472656,28.90999984741211,29.329999923706055,3572300
2023-02-07,29.139999389648438,29.670000076293945,29.06999969482422,29.610000610351562,4192600
2023-02-08,29.479999542236328,29.479999542236328,28.829999923706055,29.040000915527344,2993200
2023-02-09,29.209999084472656,29.299999237060547,28.59000015258789,28.649999618530273,2541000
2023-02-10,28.709999084472656,29.329999923706055,28.639999389648438,29.309999465942383,2614800
2023-02-13,29.3700008392334,29.5,29.299999237060547,29.469999313354492,1941700
2023-02-14,29.489999771118164,29.530000686645508,28.979999542236328,29.280000686645508,2467000
2023-02-15,28.860000610351562,29.15999984741211,28.760000228881836,29.1299991607666,2762100
2023-02-16,28.75,29.170000076293945,28.579999923706055,29.049999237060547,3098000
2023-02-17,29.25,29.360000610351562,28.600000381469727,29.209999084472656,4566900
2023-02-21,29.1200008392334,29.25,28.889999389648438,28.90999984741211,2935100
2023-02-22,28.920000076293945,29.31999969482422,28.790000915527344,28.850000381469727,3012400
2023-02-23,29.0,29.1299991607666,28.690000534057617,28.790000915527344,3449500
2023-02-24,28.530000686645508,28.739999771118164,28.290000915527344,28.56999969482422,3384900
2023-02-27,28.799999237060547,29.059999465942383,28.389999389648438,28.469999313354492,3343300
2023-02-28,28.31999969482422,28.469999313354492,27.809999465942383,27.81999969482422,4461200
2023-03-01,27.770000457763672,27.84000015258789,27.239999771118164,27.360000610351562,4220300
2023-03-02,27.3700008392334,28.010000228881836,27.280000686645508,27.989999771118164,6016300
2023-03-03,28.1299991607666,28.420000076293945,27.780000686645508,28.40999984741211,4985800
2023-03-06,28.43000030517578,28.6299991607666,28.309999465942383,28.520000457763672,3854200
2023-03-07,28.420000076293945,28.760000228881836,27.6200008392334,27.809999465942383,3849000
2023-03-08,27.770000457763672,28.110000610351562,27.75,27.979999542236328,3561200
2023-03-09,28.06999969482422,28.40999984741211,27.68000030517578,27.8799991607666,5010600
2023-03-10,27.940000534057617,28.1200008392334,27.389999389648438,27.559999465942383,6398200
2023-03-13,27.510000228881836,28.709999084472656,27.440000534057617,28.209999084472656,4942000
2023-03-14,28.469999313354492,28.8799991607666,28.3799991607666,28.690000534057617,4695500
2023-03-15,28.489999771118164,29.309999465942383,28.43000030517578,29.09000015258789,5337700
2023-03-16,29.010000228881836,29.520000457763672,28.93000030517578,29.329999923706055,6044100
2023-03-17,29.610000610351562,29.610000610351562,28.920000076293945,29.049999237060547,8686700
2023-03-20,29.149999618530273,29.510000228881836,29.030000686645508,29.149999618530273,5375200
2023-03-21,29.170000076293945,29.309999465942383,27.829999923706055,28.239999771118164,5468700
2023-03-22,28.139999389648438,28.31999969482422,27.639999389648438,27.649999618530273,3832100
2023-03-23,27.540000915527344,27.940000534057617,27.219999313354492,27.31999969482422,5062100
2023-03-24,27.350000381469727,28.360000610351562,27.280000686645508,28.34000015258789,3585600
2023-03-27,28.549999237060547,28.84000015258789,28.360000610351562,28.5,3213200
2023-03-28,28.420000076293945,28.950000762939453,28.350000381469727,28.670000076293945,2276500
2023-03-29,28.829999923706055,29.3799991607666,28.829999923706055,29.299999237060547,4334100
2023-03-30,29.469999313354492,29.649999618530273,29.200000762939453,29.34000015258789,2187400
2023-03-31,29.389999389648438,29.579999923706055,29.219999313354492,29.459999084472656,3914700
2023-04-03,29.329999923706055,29.600000381469727,29.15999984741211,29.350000381469727,2707400
2023-04-04,29.389999389648438,29.479999542236328,29.190000534057617,29.440000534057617,2262000
2023-04-05,29.540000915527344,30.479999542236328,29.540000915527344,30.389999389648438,4321500
2023-04-06,30.5,30.799999237060547,30.290000915527344,30.770000457763672,4792100
2023-04-10,30.610000610351562,30.739999771118164,30.239999771118164,30.68000030517578,2671300
2023-04-11,30.639999389648438,30.780000686645508,30.5,30.6299991607666,2432700
2023-04-12,30.670000076293945,30.940000534057617,30.459999084472656,30.670000076293945,3559100
2023-04-13,30.520000457763672,30.81999969482422,30.079999923706055,30.709999084472656,2201400
2023-04-14,30.579999923706055,30.68000030517578,30.200000762939453,30.399999618530273,2982000
2023-04-17,30.530000686645508,30.670000076293945,30.280000686645508,30.639999389648438,1714400
2023-04-18,30.579999923706055,30.65999984741211,30.15999984741211,30.229999542236328,3189900
2023-04-19,30.299999237060547,30.540000915527344,30.209999084472656,30.510000228881836,2372700
2023-04-20,30.579999923706055,30.610000610351562,30.25,30.489999771118164,2132500
2023-04-21,30.709999084472656,30.790000915527344,30.329999923706055,30.530000686645508,2401700
2023-04-24,30.610000610351562,30.8799991607666,30.31999969482422,30.809999465942383,2642000
2023-04-25,30.799999237060547,30.920000076293945,30.700000762939453,30.829999923706055,2219100
2023-04-26,30.579999923706055,30.75,30.139999389648438,30.350000381469727,3652500
2023-04-27,30.420000076293945,30.8700008392334,30.18000030517578,30.81999969482422,3332400
2023-04-28,30.690000534057617,30.969999313354492,30.209999084472656,30.469999313354492,3674100
2023-05-01,30.3799991607666,31.030000686645508,30.290000915527344,30.68000030517578,2937100
2023-05-02,30.649999618530273,30.670000076293945,29.829999923706055,30.049999237060547,3134100
2023-05-03,30.139999389648438,30.440000534057617,29.920000076293945,29.950000762939453,3510300
2023-05-04,29.889999389648438,30.450000762939453,29.739999771118164,30.200000762939453,3204600
2023-05-05,30.06999969482422,30.559999465942383,30.010000228881836,30.520000457763672,2936900
2023-05-08,30.5,30.700000762939453,30.18000030517578,30.25,3306600
2023-05-09,30.209999084472656,30.420000076293945,30.030000686645508,30.209999084472656,3852900
2023-05-10,30.350000381469727,30.559999465942383,30.079999923706055,30.280000686645508,3529500
2023-05-11,30.329999923706055,30.329999923706055,29.670000076293945,29.90999984741211,4750400
2023-05-12,30.079999923706055,30.34000015258789,29.829999923706055,30.049999237060547,3381100
2023-05-15,30.139999389648438,30.200000762939453,29.420000076293945,29.510000228881836,5047000
2023-05-16,29.549999237060547,29.59000015258789,28.899999618530273,28.940000534057617,4460600
2023-05-17,28.860000610351562,28.940000534057617,28.559999465942383,28.719999313354492,3972300
2023-05-18,28.520000457763672,28.6200008392334,28.110000610351562,28.440000534057617,8559600
2023-05-19,28.59000015258789,28.860000610351562,28.5,28.59000015258789,3883200
2023-05-22,28.510000228881836,28.790000915527344,28.459999084472656,28.549999237060547,5003600
2023-05-23,28.5,28.90999984741211,28.43000030517578,28.860000610351562,5387300
2023-05-24,28.809999465942383,28.93000030517578,28.56999969482422,28.6200008392334,3828400
2023-05-25,28.489999771118164,28.520000457763672,28.0,28.260000228881836,4308600
2023-05-26,28.219999313354492,28.360000610351562,28.040000915527344,28.34000015258789,4770800
2023-05-30,28.360000610351562,28.440000534057617,28.18000030517578,28.18000030517578,3534600
2023-05-31,28.229999542236328,28.360000610351562,27.8799991607666,28.209999084472656,5915400
2023-06-01,28.280000686645508,28.389999389648438,27.889999389648438,28.3799991607666,6403700
2023-06-02,28.219999313354492,28.829999923706055,28.200000762939453,28.600000381469727,4180300
2023-06-05,28.639999389648438,28.989999771118164,28.59000015258789,28.75,3120200
2023-06-06,28.700000762939453,28.860000610351562,28.350000381469727,28.559999465942383,3553100
2023-06-07,28.739999771118164,29.049999237060547,28.450000762939453,28.969999313354492,3048800
2023-06-08,28.889999389648438,29.190000534057617,28.639999389648438,29.139999389648438,4649900
2023-06-09,29.190000534057617,29.219999313354492,28.940000534057617,28.950000762939453,3530000
2023-06-12,29.40999984741211,29.40999984741211,28.989999771118164,29.1200008392334,4271300
2023-06-13,28.84000015258789,29.239999771118164,28.809999465942383,29.190000534057617,2802600
2023-06-14,29.1299991607666,29.399999618530273,28.940000534057617,29.030000686645508,2844000
2023-06-15,29.139999389648438,29.389999389648438,28.950000762939453,29.270000457763672,2666300
2023-06-16,29.280000686645508,29.520000457763672,29.15999984741211,29.18000030517578,6643400
2023-06-20,29.09000015258789,29.239999771118164,28.809999465942383,29.079999923706055,4400800
2023-06-21,29.020000457763672,29.440000534057617,28.610000610351562,29.43000030517578,3650900
2023-06-22,29.520000457763672,29.579999923706055,28.979999542236328,29.110000610351562,2071900
2023-06-23,29.170000076293945,29.280000686645508,28.450000762939453,28.469999313354492,4411400
2023-06-26,28.59000015258789,28.940000534057617,28.420000076293945,28.920000076293945,2349900
2023-06-27,28.920000076293945,29.31999969482422,28.920000076293945,29.209999084472656,3238400
2023-06-28,29.18000030517578,29.18000030517578,28.690000534057617,28.729999542236328,3192500
2023-06-29,28.530000686645508,28.8700008392334,28.40999984741211,28.719999313354492,2504400
2023-06-30,28.81999969482422,29.149999618530273,28.75,29.149999618530273,4383000
2023-07-03,29.059999465942383,29.450000762939453,28.940000534057617,29.450000762939453,1822200
2023-07-05,29.3799991607666,29.940000534057617,29.25,29.6299991607666,3479600
2023-07-06,29.43000030517578,29.5,29.170000076293945,29.459999084472656,3106900
2023-07-07,29.270000457763672,29.579999923706055,29.229999542236328,29.479999542236328,4111700
2023-07-10,29.43000030517578,29.540000915527344,29.270000457763672,29.459999084472656,4116600
2023-07-11,29.59000015258789,29.899999618530273,29.469999313354492,29.8799991607666,3008400
2023-07-12,30.0,30.440000534057617,29.899999618530273,30.360000610351562,2957300
2023-07-13,30.299999237060547,30.489999771118164,30.229999542236328,30.43000030517578,2703500
2023-07-14,30.450000762939453,30.469999313354492,30.06999969482422,30.1200008392334,2975300
2023-07-17,30.079999923706055,30.079999923706055,29.639999389648438,29.68000030517578,4221300
2023-07-18,29.670000076293945,30.020000457763672,29.280000686645508,29.440000534057617,7283000
2023-07-19,29.520000457763672,29.889999389648438,29.489999771118164,29.81999969482422,3816500
2023-07-20,29.8799991607666,30.399999618530273,29.65999984741211,30.3700008392334,2485100
2023-07-21,30.489999771118164,30.93000030517578,30.350000381469727,30.90999984741211,4152300
2023-07-24,30.920000076293945,30.989999771118164,30.68000030517578,30.8700008392334,2343300
2023-07-25,30.850000381469727,31.15999984741211,30.729999542236328,31.100000381469727,3195100
2023-07-26,31.09000015258789,31.440000534057617,30.979999542236328,31.200000762939453,2777800
2023-07-27,31.25,31.3700008392334,30.149999618530273,30.360000610351562,4724700
2023-07-28,30.440000534057617,30.510000228881836,29.889999389648438,30.100000381469727,4280200
2023-07-31,30.229999542236328,30.389999389648438,30.0,30.09000015258789,2853100
2023-08-01,29.719999313354492,29.90999984741211,29.479999542236328,29.489999771118164,12532600
2023-08-02,29.399999618530273,29.799999237060547,29.270000457763672,29.739999771118164,9228200
2023-08-03,29.59000015258789,29.610000610351562,29.200000762939453,29.350000381469727,4733500
2023-08-04,29.479999542236328,29.530000686645508,28.799999237060547,29.030000686645508,4259300
2023-08-07,29.09000015258789,29.25,28.969999313354492,29.0,3977700
2023-08-08,29.010000228881836,29.059999465942383,28.75,28.920000076293945,5389200
2023-08-09,28.8700008392334,29.239999771118164,28.84000015258789,28.989999771118164,3142000
2023-08-10,29.06999969482422,29.209999084472656,28.65999984741211,28.75,2308200
2023-08-11,28.709999084472656,28.979999542236328,28.6299991607666,28.950000762939453,2203000
2023-08-14,28.90999984741211,28.989999771118164,28.549999237060547,28.770000457763672,3321900
2023-08-15,28.600000381469727,28.639999389648438,28.170000076293945,28.25,3610400
2023-08-16,28.1299991607666,28.31999969482422,28.079999923706055,28.110000610351562,3389400
2023-08-17,28.1299991607666,28.360000610351562,27.979999542236328,28.0,4005300
2023-08-18,27.959999084472656,28.280000686645508,27.959999084472656,28.190000534057617,3607400
2023-08-21,28.100000381469727,28.350000381469727,27.940000534057617,28.280000686645508,3669100
2023-08-22,28.309999465942383,28.389999389648438,28.09000015258789,28.260000228881836,2146800
2023-08-23,28.260000228881836,28.3799991607666,27.989999771118164,28.15999984741211,3559900
2023-08-24,28.100000381469727,28.530000686645508,27.84000015258789,27.850000381469727,3347300
2023-08-25,27.989999771118164,28.3799991607666,27.950000762939453,28.219999313354492,2803100
2023-08-28,28.280000686645508,28.459999084472656,28.170000076293945,28.219999313354492,1579800
2023-08-29,28.290000915527344,28.34000015258789,28.040000915527344,28.1299991607666,3006700
2023-08-30,28.1299991607666,28.200000762939453,27.860000610351562,27.920000076293945,2806100
2023-08-31,28.06999969482422,28.1200008392334,27.850000381469727,27.889999389648438,4449600
2023-09-01,28.040000915527344,28.079999923706055,27.399999618530273,27.649999618530273,3785500
2023-09-05,27.600000381469727,27.670000076293945,27.15999984741211,27.329999923706055,3764400
2023-09-06,27.389999389648438,27.549999237060547,27.280000686645508,27.360000610351562,3368000
2023-09-07,27.579999923706055,28.030000686645508,27.520000457763672,27.950000762939453,4084600
2023-09-08,28.030000686645508,28.3799991607666,27.950000762939453,28.290000915527344,4031000
2023-09-11,28.209999084472656,28.469999313354492,28.15999984741211,28.309999465942383,4776100
2023-09-12,28.329999923706055,28.389999389648438,28.100000381469727,28.299999237060547,3551300
2023-09-13,28.350000381469727,28.790000915527344,28.329999923706055,28.639999389648438,4655700
2023-09-14,28.809999465942383,28.989999771118164,28.690000534057617,28.979999542236328,5308100
2023-09-15,28.920000076293945,29.270000457763672,28.850000381469727,29.079999923706055,8456500
2023-09-18,29.049999237060547,29.15999984741211,28.760000228881836,29.149999618530273,5725500
2023-09-19,29.139999389648438,29.290000915527344,28.959999084472656,28.979999542236328,4838000
2023-09-20,29.100000381469727,29.25,28.809999465942383,28.81999969482422,3662100
2023-09-21,28.799999237060547,28.799999237060547,28.3799991607666,28.389999389648438,4918100
2023-09-22,28.299999237060547,28.549999237060547,28.239999771118164,28.299999237060547,2790000
2023-09-25,28.149999618530273,28.329999923706055,28.030000686645508,28.290000915527344,2530800
2023-09-26,28.229999542236328,28.229999542236328,27.270000457763672,27.290000915527344,3681900
2023-09-27,27.299999237060547,27.440000534057617,27.049999237060547,27.149999618530273,5282400
2023-09-28,27.290000915527344,27.290000915527344,26.610000610351562,26.700000762939453,4844000
2023-09-29,26.920000076293945,27.15999984741211,26.700000762939453,26.850000381469727,4214300
2023-10-02,26.649999618530273,26.709999084472656,25.489999771118164,25.75,7172600
2023-10-03,25.579999923706055,26.440000534057617,25.420000076293945,26.350000381469727,6963100
2023-10-04,26.440000534057617,26.559999465942383,25.940000534057617,26.540000915527344,3956500
2023-10-05,26.520000457763672,26.81999969482422,26.389999389648438,26.6200008392334,4371300
2023-10-06,26.260000228881836,26.90999984741211,25.799999237060547,26.8700008392334,5079400
2023-10-09,26.8700008392334,27.299999237060547,26.860000610351562,27.290000915527344,3576700
2023-10-10,27.229999542236328,27.510000228881836,27.110000610351562,27.469999313354492,3255100
2023-10-11,27.549999237060547,27.770000457763672,27.329999923706055,27.75,3409600
2023-10-12,27.639999389648438,27.760000228881836,27.25,27.530000686645508,5048000
2023-10-13,27.760000228881836,27.8799991607666,27.3799991607666,27.56999969482422,5951900
2023-10-16,27.600000381469727,27.81999969482422,27.280000686645508,27.780000686645508,5888200
2023-10-17,27.600000381469727,28.010000228881836,27.579999923706055,27.940000534057617,6732500
2023-10-18,27.920000076293945,28.059999465942383,27.510000228881836,27.68000030517578,5417500
2023-10-19,27.559999465942383,27.889999389648438,27.459999084472656,27.469999313354492,6387400
2023-10-20,27.510000228881836,27.770000457763672,27.139999389648438,27.139999389648438,5241500
2023-10-23,26.81999969482422,27.219999313354492,26.700000762939453,26.799999237060547,3954200
2023-10-24,27.09000015258789,27.360000610351562,27.0,27.31999969482422,4975800
2023-10-25,27.260000228881836,27.530000686645508,27.209999084472656,27.459999084472656,4717800
2023-10-26,27.81999969482422,28.059999465942383,27.139999389648438,27.600000381469727,7106400
2023-10-27,27.440000534057617,27.510000228881836,26.649999618530273,26.690000534057617,5272600
2023-10-30,26.799999237060547,27.100000381469727,26.700000762939453,26.889999389648438,4116300
2023-10-31,27.040000915527344,27.09000015258789,26.610000610351562,26.8799991607666,4969600
2023-11-01,26.920000076293945,27.450000762939453,26.709999084472656,27.31999969482422,4320400
2023-11-02,27.329999923706055,27.860000610351562,27.290000915527344,27.489999771118164,6677100
2023-11-03,27.8700008392334,28.010000228881836,27.3799991607666,27.389999389648438,7074300
2023-11-06,27.389999389648438,27.489999771118164,27.190000534057617,27.239999771118164,6047200
2023-11-07,27.280000686645508,27.299999237060547,26.90999984741211,27.190000534057617,6142600
2023-11-08,27.030000686645508,27.079999923706055,26.540000915527344,26.860000610351562,8021800
2023-11-09,26.959999084472656,27.190000534057617,26.700000762939453,26.760000228881836,5000500
2023-11-10,26.959999084472656,27.15999984741211,26.8799991607666,27.1200008392334,5228400
2023-11-13,27.1200008392334,27.190000534057617,26.649999618530273,26.729999542236328,3980900
2023-11-14,27.329999923706055,27.68000030517578,27.260000228881836,27.670000076293945,4842800
2023-11-15,27.440000534057617,27.8799991607666,27.3799991607666,27.43000030517578,3732600
2023-11-16,27.690000534057617,27.93000030517578,27.6200008392334,27.65999984741211,6325400
2023-11-17,27.8700008392334,27.8799991607666,27.59000015258789,27.799999237060547,3174100
2023-11-20,27.690000534057617,27.75,27.360000610351562,27.59000015258789,3001200
2023-11-21,27.579999923706055,27.700000762939453,27.3799991607666,27.5,2315700
2023-11-22,27.549999237060547,27.829999923706055,27.3799991607666,27.790000915527344,3047500
2023-11-24,27.850000381469727,27.93000030517578,27.68000030517578,27.93000030517578,1260800
2023-11-27,27.920000076293945,28.06999969482422,27.670000076293945,27.950000762939453,4174900
2023-11-28,28.0,28.389999389648438,27.8700008392334,28.149999618530273,2842800
2023-11-29,28.190000534057617,28.280000686645508,27.84000015258789,27.889999389648438,3129600
2023-11-30,28.030000686645508,28.360000610351562,27.829999923706055,28.270000457763672,5842900
2023-12-01,28.31999969482422,28.809999465942383,28.209999084472656,28.790000915527344,5747200
2023-12-04,28.59000015258789,29.09000015258789,28.520000457763672,28.850000381469727,6529600
2023-12-05,28.829999923706055,28.860000610351562,28.40999984741211,28.559999465942383,3948900
2023-12-06,28.709999084472656,28.829999923706055,28.450000762939453,28.780000686645508,4840800
2023-12-07,28.81999969482422,29.139999389648438,28.59000015258789,28.760000228881836,5405500
2023-12-08,28.799999237060547,28.899999618530273,28.5,28.770000457763672,5594400
2023-12-11,28.6200008392334,29.059999465942383,28.6200008392334,29.049999237060547,4078800
2023-12-12,29.1299991607666,29.149999618530273,28.799999237060547,29.010000228881836,3288900
2023-12-13,29.020000457763672,30.229999542236328,28.860000610351562,30.200000762939453,6219600
2023-12-14,30.549999237060547,30.549999237060547,29.639999389648438,29.700000762939453,6284300
2023-12-15,29.200000762939453,29.450000762939453,28.610000610351562,28.860000610351562,9030300
2023-12-18,28.979999542236328,29.1200008392334,28.719999313354492,28.809999465942383,3470200
2023-12-19,28.899999618530273,29.0,28.760000228881836,28.969999313354492,2342800
2023-12-20,28.889999389648438,28.979999542236328,28.290000915527344,28.299999237060547,4627700
2023-12-21,28.3700008392334,28.6299991607666,28.18000030517578,28.299999237060547,2855000
2023-12-22,28.459999084472656,28.709999084472656,28.350000381469727,28.3799991607666,2239300
2023-12-26,28.31999969482422,28.6200008392334,28.270000457763672,28.5,2524100
2023-12-27,28.420000076293945,28.510000228881836,28.270000457763672,28.3799991607666,2196800
2023-12-28,28.350000381469727,28.610000610351562,28.34000015258789,28.559999465942383,1863300
2023-12-29,28.459999084472656,28.579999923706055,28.350000381469727,28.56999969482422,2830700
2024-01-02,28.520000457763672,29.059999465942383,28.399999618530273,29.010000228881836,3902200
2024-01-03,29.020000457763672,29.18000030517578,28.8799991607666,29.1299991607666,3598200
2024-01-04,29.25,29.440000534057617,29.06999969482422,29.079999923706055,3655400
2024-01-05,29.030000686645508,29.329999923706055,28.920000076293945,29.239999771118164,3125500
2024-01-08,29.190000534057617,29.420000076293945,29.1200008392334,29.40999984741211,3560400
2024-01-09,29.239999771118164,29.40999984741211,29.1200008392334,29.229999542236328,2602400
2024-01-10,29.219999313354492,29.459999084472656,29.149999618530273,29.25,4137600
2024-01-11,29.1299991607666,29.139999389648438,28.270000457763672,28.350000381469727,5884600
2024-01-12,28.56999969482422,28.649999618530273,28.31999969482422,28.56999969482422,3150100
2024-01-16,28.40999984741211,28.639999389648438,28.299999237060547,28.530000686645508,4336000
2024-01-17,28.309999465942383,28.639999389648438,27.850000381469727,28.049999237060547,2961000
2024-01-18,27.899999618530273,27.950000762939453,27.549999237060547,27.770000457763672,4218800
2024-01-19,27.899999618530273,27.899999618530273,27.510000228881836,27.770000457763672,4709200
2024-01-22,27.770000457763672,27.920000076293945,27.440000534057617,27.469999313354492,4750500
2024-01-23,27.3799991607666,27.510000228881836,27.1200008392334,27.5,11149000
2024-01-24,27.709999084472656,27.739999771118164,27.09000015258789,27.139999389648438,4599900
2024-01-25,27.450000762939453,27.6299991607666,27.170000076293945,27.520000457763672,5044200
2024-01-26,27.6200008392334,27.719999313354492,27.3799991607666,27.56999969482422,3448700
2024-01-29,27.549999237060547,27.920000076293945,27.43000030517578,27.90999984741211,3611200
2024-01-30,27.770000457763672,28.049999237060547,27.6200008392334,27.969999313354492,5307700
2024-01-31,28.200000762939453,28.280000686645508,27.700000762939453,27.940000534057617,3955700
2024-02-01,27.829999923706055,28.3799991607666,27.68000030517578,28.3799991607666,3491100
2024-02-02,28.09000015258789,28.209999084472656,27.649999618530273,27.950000762939453,2998100
2024-02-05,27.68000030517578,27.889999389648438,27.440000534057617,27.530000686645508,3716700
2024-02-06,27.459999084472656,27.75,27.399999618530273,27.610000610351562,3325300
2024-02-07,27.770000457763672,27.770000457763672,27.450000762939453,27.56999969482422,2628200
2024-02-08,27.420000076293945,27.510000228881836,27.18000030517578,27.43000030517578,2740400
2024-02-09,27.309999465942383,27.600000381469727,27.290000915527344,27.530000686645508,2595100
2024-02-12,27.56999969482422,27.81999969482422,27.440000534057617,27.75,2892300
2024-02-13,27.68000030517578,27.770000457763672,26.950000762939453,27.440000534057617,3961100
2024-02-14,27.290000915527344,27.399999618530273,27.139999389648438,27.350000381469727,3375600
2024-02-15,27.479999542236328,27.889999389648438,27.450000762939453,27.8700008392334,4007500
2024-02-16,27.790000915527344,28.0,27.59000015258789,27.8799991607666,3518600
2024-02-20,27.889999389648438,28.200000762939453,27.56999969482422,27.790000915527344,5225800
2024-02-21,27.989999771118164,28.280000686645508,27.770000457763672,28.280000686645508,5721700
2024-02-22,28.079999923706055,28.09000015258789,27.739999771118164,27.8700008392334,3901300
2024-02-23,28.0,28.149999618530273,27.84000015258789,27.90999984741211,4154900
2024-02-26,27.729999542236328,27.81999969482422,27.270000457763672,27.299999237060547,3435900
2024-02-27,27.399999618530273,27.65999984741211,27.25,27.649999618530273,3803800
2024-02-28,27.59000015258789,27.729999542236328,27.440000534057617,27.479999542236328,3332900
2024-02-29,27.6200008392334,27.75,27.479999542236328,27.5,3380100
2024-03-01,27.459999084472656,27.5,27.059999465942383,27.440000534057617,3062100
2024-03-04,27.270000457763672,27.959999084472656,27.239999771118164,27.940000534057617,3127300
2024-03-05,28.040000915527344,28.549999237060547,27.719999313354492,27.889999389648438,5967300
2024-03-06,28.100000381469727,28.399999618530273,28.030000686645508,28.299999237060547,3912200
2024-03-07,28.559999465942383,28.610000610351562,28.239999771118164,28.309999465942383,2919400
2024-03-08,28.360000610351562,28.479999542236328,28.09000015258789,28.329999923706055,3468000
2024-03-11,28.309999465942383,28.709999084472656,28.309999465942383,28.520000457763672,4272900
2024-03-12,28.3700008392334,28.549999237060547,28.100000381469727,28.1299991607666,3514900
2024-03-13,28.25,28.5,27.989999771118164,28.0,4167700
2024-03-14,27.860000610351562,28.139999389648438,27.6200008392334,27.889999389648438,6003500
2024-03-15,27.690000534057617,28.1200008392334,27.649999618530273,27.8700008392334,9392700
2024-03-18,27.84000015258789,28.149999618530273,27.770000457763672,27.940000534057617,3485300
2024-03-19,28.059999465942383,28.290000915527344,27.969999313354492,28.18000030517578,4344000
2024-03-20,28.079999923706055,28.290000915527344,27.940000534057617,28.100000381469727,4476500
2024-03-21,28.1299991607666,28.290000915527344,27.979999542236328,27.989999771118164,4346900
2024-03-22,28.190000534057617,28.190000534057617,27.799999237060547,27.829999923706055,4073400
2024-03-25,27.93000030517578,27.940000534057617,27.520000457763672,27.600000381469727,4728000
2024-03-26,27.59000015258789,27.610000610351562,27.15999984741211,27.229999542236328,5757600
2024-03-27,27.450000762939453,28.299999237060547,27.420000076293945,28.290000915527344,5656100
2024-03-28,28.290000915527344,28.540000915527344,28.229999542236328,28.489999771118164,4440100
2024-04-01,28.479999542236328,28.540000915527344,28.09000015258789,28.420000076293945,4929300
2024-04-02,28.440000534057617,28.780000686645508,28.40999984741211,28.440000534057617,5008900
2024-04-03,28.5,28.5,28.1200008392334,28.149999618530273,3163600
2024-04-04,28.3700008392334,28.399999618530273,27.899999618530273,28.100000381469727,3393800
2024-04-05,27.940000534057617,28.100000381469727,27.729999542236328,28.049999237060547,5376700
2024-04-08,28.110000610351562,28.309999465942383,27.989999771118164,28.219999313354492,5155500
2024-04-09,28.309999465942383,28.469999313354492,28.18000030517578,28.280000686645508,4468000
2024-04-10,27.729999542236328,27.84000015258789,27.31999969482422,27.3700008392334,4836300
2024-04-11,27.530000686645508,27.770000457763672,27.219999313354492,27.579999923706055,5612100
2024-04-12,27.6200008392334,27.770000457763672,27.309999465942383,27.459999084472656,3683200
2024-04-15,27.59000015258789,27.75,27.239999771118164,27.399999618530273,3613200
2024-04-16,27.309999465942383,27.3700008392334,26.899999618530273,27.219999313354492,9553100
2024-04-17,27.43000030517578,27.780000686645508,27.329999923706055,27.700000762939453,4490500
2024-04-18,27.850000381469727,28.010000228881836,27.65999984741211,27.950000762939453,2506100
2024-04-19,28.079999923706055,28.530000686645508,27.989999771118164,28.530000686645508,3338100
2024-04-22,28.530000686645508,28.950000762939453,28.3799991607666,28.780000686645508,2983000
2024-04-23,28.700000762939453,28.979999542236328,28.649999618530273,28.729999542236328,2588000
2024-04-24,28.510000228881836,29.18000030517578,28.350000381469727,29.06999969482422,4112600
2024-04-25,29.06999969482422,29.43000030517578,28.860000610351562,29.34000015258789,5618700
2024-04-26,29.329999923706055,29.350000381469727,28.84000015258789,28.850000381469727,3335600
2024-04-29,28.959999084472656,29.260000228881836,28.950000762939453,29.219999313354492,3688500
2024-04-30,28.940000534057617,29.280000686645508,28.450000762939453,29.139999389648438,7377800
2024-05-01,29.079999923706055,29.459999084472656,28.969999313354492,29.31999969482422,6046100
2024-05-02,29.43000030517578,29.579999923706055,29.229999542236328,29.399999618530273,6125200
2024-05-03,29.559999465942383,29.670000076293945,29.15999984741211,29.450000762939453,3650900
2024-05-06,29.489999771118164,29.540000915527344,29.25,29.31999969482422,3537600
2024-05-07,29.559999465942383,29.700000762939453,29.350000381469727,29.600000381469727,4601200
2024-05-08,29.549999237060547,29.700000762939453,29.43000030517578,29.459999084472656,5271000
2024-05-09,29.5,29.829999923706055,29.3799991607666,29.790000915527344,4570400
2024-05-10,29.8799991607666,29.8799991607666,29.600000381469727,29.700000762939453,10141800
2024-05-13,29.81999969482422,30.020000457763672,29.610000610351562,29.65999984741211,3031200
2024-05-14,29.81999969482422,29.8700008392334,29.540000915527344,29.68000030517578,3090000
2024-05-15,29.790000915527344,30.0,29.700000762939453,29.760000228881836,3816300
2024-05-16,29.81999969482422,30.149999618530273,29.780000686645508,29.940000534057617,3564500
2024-05-17,29.979999542236328,30.100000381469727,29.81999969482422,30.079999923706055,4755100
2024-05-20,30.170000076293945,30.190000534057617,29.93000030517578,29.989999771118164,4211800
2024-05-21,30.0,30.440000534057617,29.950000762939453,30.40999984741211,6786600
2024-05-22,30.200000762939453,30.399999618530273,30.030000686645508,30.059999465942383,4816400
2024-05-23,29.8700008392334,30.030000686645508,29.31999969482422,29.350000381469727,5126700
2024-05-24,29.43000030517578,29.559999465942383,29.290000915527344,29.510000228881836,4719400
2024-05-28,29.459999084472656,29.860000610351562,29.459999084472656,29.540000915527344,4516700
2024-05-29,29.350000381469727,29.459999084472656,29.229999542236328,29.3799991607666,5212400
2024-05-30,29.559999465942383,29.75,29.450000762939453,29.739999771118164,5157500
2024-05-31,29.799999237060547,30.579999923706055,29.770000457763672,30.510000228881836,6770000
2024-06-03,30.510000228881836,30.84000015258789,30.440000534057617,30.75,5116200
2024-06-04,30.68000030517578,30.920000076293945,30.549999237060547,30.84000015258789,3849700
2024-06-05,30.739999771118164,30.809999465942383,30.40999984741211,30.43000030517578,2639200
2024-06-06,30.309999465942383,30.559999465942383,30.200000762939453,30.25,2274900
2024-06-07,29.889999389648438,30.3700008392334,29.850000381469727,30.170000076293945,5935900
2024-06-10,30.170000076293945,30.5,30.049999237060547,30.43000030517578,3946400
2024-06-11,30.190000534057617,30.850000381469727,30.139999389648438,30.81999969482422,6090300
2024-06-12,31.15999984741211,31.200000762939453,30.6299991607666,30.989999771118164,9721300
2024-06-13,31.0,31.149999618530273,30.6299991607666,30.899999618530273,8317400
2024-06-14,30.649999618530273,30.899999618530273,30.530000686645508,30.850000381469727,5105800
2024-06-17,30.75,30.979999542236328,30.6299991607666,30.690000534057617,3674800
2024-06-18,30.59000015258789,31.020000457763672,30.559999465942383,31.0,4129500
2024-06-20,31.030000686645508,31.350000381469727,30.920000076293945,31.280000686645508,4886100
2024-06-21,31.40999984741211,31.56999969482422,30.93000030517578,31.0,8376300
2024-06-24,31.010000228881836,31.40999984741211,31.010000228881836,31.309999465942383,3018900
2024-06-25,31.25,31.270000457763672,30.190000534057617,30.389999389648438,6235800
2024-06-26,30.25,30.579999923706055,30.149999618530273,30.5,3063700
2024-06-27,30.579999923706055,30.860000610351562,30.520000457763672,30.809999465942383,3297000
2024-06-28,30.90999984741211,31.049999237060547,30.65999984741211,30.979999542236328,6589500
2024-07-01,31.149999618530273,31.18000030517578,30.479999542236328,30.549999237060547,2946500
2024-07-02,30.549999237060547,30.649999618530273,30.450000762939453,30.459999084472656,2806500
2024-07-03,30.450000762939453,30.709999084472656,30.290000915527344,30.329999923706055,1489500
2024-07-05,30.3700008392334,30.639999389648438,30.25,30.489999771118164,5291500
2024-07-08,30.510000228881836,30.530000686645508,30.110000610351562,30.31999969482422,5404000
2024-07-09,30.299999237060547,30.360000610351562,29.6299991607666,29.6299991607666,8258900
2024-07-10,29.739999771118164,29.770000457763672,29.079999923706055,29.59000015258789,9594900
2024-07-11,29.719999313354492,30.110000610351562,29.549999237060547,29.68000030517578,7549500
2024-07-12,29.790000915527344,30.6200008392334,29.709999084472656,30.299999237060547,7825600
2024-07-15,30.100000381469727,30.100000381469727,28.0,28.280000686645508,13737600
2024-07-16,28.40999984741211,28.850000381469727,28.260000228881836,28.56999969482422,10720200
2024-07-17,28.15999984741211,28.889999389648438,28.1299991607666,28.639999389648438,9188500
2024-07-18,28.469999313354492,29.18000030517578,28.469999313354492,28.81999969482422,6864300
2024-07-19,29.010000228881836,29.059999465942383,28.600000381469727,28.969999313354492,3697400
2024-07-22,29.030000686645508,29.18000030517578,28.809999465942383,28.959999084472656,3405200
2024-07-23,28.920000076293945,29.010000228881836,28.690000534057617,28.700000762939453,3132100
2024-07-24,29.0,29.15999984741211,28.709999084472656,29.020000457763672,3221900
2024-07-25,29.149999618530273,29.670000076293945,28.8700008392334,28.8799991607666,4390200
2024-07-26,29.030000686645508,29.440000534057617,28.899999618530273,29.360000610351562,4665000
2024-07-29,29.420000076293945,29.549999237060547,29.0,29.190000534057617,7923000
2024-07-30,29.239999771118164,29.399999618530273,28.3700008392334,28.510000228881836,8242500
2024-07-31,28.5,28.760000228881836,27.690000534057617,27.75,11124400
2024-08-01,27.860000610351562,28.229999542236328,27.75,28.149999618530273,15523500
2024-08-02,27.270000457763672,27.799999237060547,26.690000534057617,27.06999969482422,13867500
2024-08-05,27.260000228881836,27.260000228881836,25.93000030517578,25.93000030517578,10239300
2024-08-06,26.010000228881836,26.15999984741211,25.760000228881836,25.770000457763672,7543000
2024-08-07,25.860000610351562,26.350000381469727,25.600000381469727,25.6299991607666,11057400
2024-08-08,26.559999465942383,26.799999237060547,25.8700008392334,26.280000686645508,13959600
2024-08-09,26.290000915527344,26.559999465942383,25.829999923706055,26.469999313354492,7548500
2024-08-12,26.399999618530273,26.450000762939453,25.690000534057617,26.200000762939453,7408900
2024-08-13,26.049999237060547,26.18000030517578,25.600000381469727,25.8799991607666,10202100
2024-08-14,25.739999771118164,25.90999984741211,25.59000015258789,25.770000457763672,6887000
2024-08-15,25.40999984741211,25.979999542236328,25.40999984741211,25.8700008392334,5142600
2024-08-16,26.0,26.040000915527344,25.760000228881836,25.790000915527344,10634600
2024-08-19,25.780000686645508,26.079999923706055,25.649999618530273,26.040000915527344,5034100
2024-08-20,25.8700008392334,25.979999542236328,25.68000030517578,25.809999465942383,3305200
2024-08-21,25.8799991607666,26.239999771118164,25.799999237060547,26.139999389648438,5879800
2024-08-22,26.139999389648438,26.979999542236328,26.139999389648438,26.940000534057617,10899900
2024-08-23,27.020000457763672,27.049999237060547,26.469999313354492,26.770000457763672,5106300
2024-08-26,26.899999618530273,27.299999237060547,26.8799991607666,27.18000030517578,6154500
2024-08-27,27.18000030517578,27.450000762939453,27.1299991607666,27.219999313354492,8136200
2024-08-28,27.280000686645508,27.40999984741211,26.920000076293945,27.200000762939453,9130600
2024-08-29,27.219999313354492,27.280000686645508,26.850000381469727,27.079999923706055,7115300
2024-08-30,27.229999542236328,27.329999923706055,27.010000228881836,27.299999237060547,5826000
2024-09-03,27.280000686645508,27.739999771118164,27.079999923706055,27.489999771118164,5815200
2024-09-04,27.6200008392334,28.06999969482422,27.579999923706055,27.649999618530273,5238400
2024-09-05,27.940000534057617,27.989999771118164,27.600000381469727,27.760000228881836,4205100
2024-09-06,27.780000686645508,27.889999389648438,27.219999313354492,27.280000686645508,4942600
2024-09-09,27.360000610351562,27.459999084472656,27.079999923706055,27.40999984741211,4720600
2024-09-10,27.399999618530273,27.8700008392334,27.389999389648438,27.549999237060547,7224200
2024-09-11,27.459999084472656,27.989999771118164,27.25,27.950000762939453,6402800
2024-09-12,27.950000762939453,28.06999969482422,27.530000686645508,27.59000015258789,6768500
2024-09-13,27.709999084472656,27.969999313354492,26.31999969482422,27.93000030517578,4545800
2024-09-16,28.020000457763672,28.270000457763672,28.010000228881836,28.209999084472656,2549000
2024-09-17,28.25,28.420000076293945,28.110000610351562,28.31999969482422,4160100
2024-09-18,28.389999389648438,28.389999389648438,27.920000076293945,28.209999084472656,4602200
2024-09-19,28.09000015258789,28.459999084472656,28.0,28.260000228881836,5388800
2024-09-20,28.40999984741211,28.40999984741211,27.920000076293945,28.170000076293945,16768000
2024-09-23,28.350000381469727,28.989999771118164,28.299999237060547,28.93000030517578,5324100
2024-09-24,28.739999771118164,29.190000534057617,28.670000076293945,28.68000030517578,3716900
2024-09-25,28.8700008392334,28.959999084472656,28.40999984741211,28.6200008392334,3694300
2024-09-26,28.6200008392334,29.079999923706055,28.6200008392334,28.940000534057617,3027100
2024-09-27,29.1299991607666,29.219999313354492,29.049999237060547,29.100000381469727,3354900
2024-09-30,29.149999618530273,29.43000030517578,28.889999389648438,29.420000076293945,5233700
2024-10-01,29.350000381469727,29.959999084472656,29.25,29.889999389648438,7137500
2024-10-02,29.56999969482422,30.110000610351562,29.56999969482422,30.049999237060547,6362100
2024-10-03,30.1299991607666,30.3799991607666,29.979999542236328,30.299999237060547,7995600
2024-10-04,30.219999313354492,30.6299991607666,30.139999389648438,30.520000457763672,11837500
2024-10-07,30.360000610351562,30.440000534057617,29.6200008392334,29.639999389648438,14589000
2024-10-08,29.719999313354492,29.84000015258789,29.389999389648438,29.469999313354492,8093300
2024-10-09,29.43000030517578,29.690000534057617,29.329999923706055,29.489999771118164,3916300
2024-10-10,29.56999969482422,29.729999542236328,29.420000076293945,29.489999771118164,5698800
2024-10-11,29.3799991607666,29.59000015258789,29.299999237060547,29.56999969482422,4674900
2024-10-14,29.639999389648438,29.809999465942383,29.489999771118164,29.780000686645508,3199500
2024-10-15,29.989999771118164,30.270000457763672,29.84000015258789,29.959999084472656,3940000
2024-10-16,30.030000686645508,30.270000457763672,29.959999084472656,30.110000610351562,4654500
2024-10-17,30.079999923706055,30.239999771118164,29.770000457763672,30.18000030517578,9458200
2024-10-18,30.209999084472656,30.280000686645508,29.979999542236328,30.110000610351562,4832100
2024-10-21,30.110000610351562,30.25,29.90999984741211,30.09000015258789,4791700
2024-10-22,29.81999969482422,30.09000015258789,29.780000686645508,29.790000915527344,5166800
2024-10-23,29.770000457763672,29.90999984741211,29.40999984741211,29.75,4274400
2024-10-24,29.780000686645508,29.850000381469727,29.389999389648438,29.479999542236328,4401400
2024-10-25,29.75,29.75,29.270000457763672,29.309999465942383,3756400
2024-10-28,29.81999969482422,30.149999618530273,29.40999984741211,29.75,4491100
2024-10-29,29.6299991607666,29.799999237060547,28.979999542236328,29.43000030517578,5048500
2024-10-30,29.56999969482422,29.6299991607666,29.059999465942383,29.260000228881836,3895300
2024-10-31,29.260000228881836,30.06999969482422,29.15999984741211,29.530000686645508,5678800
2024-11-01,29.530000686645508,29.68000030517578,28.56999969482422,28.579999923706055,3986200
2024-11-04,28.639999389648438,29.110000610351562,28.56999969482422,29.020000457763672,5657200
2024-11-05,28.979999542236328,29.75,28.850000381469727,29.549999237060547,5040600
2024-11-06,29.34000015258789,29.450000762939453,28.90999984741211,29.020000457763672,7913200
2024-11-07,29.110000610351562,29.799999237060547,29.040000915527344,29.3700008392334,5099300
2024-11-08,29.399999618530273,30.520000457763672,29.209999084472656,30.389999389648438,5429100
2024-11-11,30.1299991607666,30.59000015258789,29.90999984741211,30.059999465942383,4981500
2024-11-12,30.110000610351562,30.520000457763672,30.020000457763672,30.440000534057617,6007000
2024-11-13,30.610000610351562,31.06999969482422,30.209999084472656,30.40999984741211,6126900
2024-11-14,30.459999084472656,30.56999969482422,29.959999084472656,29.979999542236328,4069800
2024-11-15,29.969999313354492,30.8799991607666,29.969999313354492,30.860000610351562,5826000
2024-11-18,30.889999389648438,31.290000915527344,30.860000610351562,31.149999618530273,4830600
2024-11-19,31.100000381469727,31.450000762939453,30.899999618530273,31.399999618530273,4824900
2024-11-20,31.5,31.690000534057617,31.229999542236328,31.56999969482422,3467000
2024-11-21,31.389999389648438,31.809999465942383,30.920000076293945,31.729999542236328,5115400
2024-11-22,31.81999969482422,32.34000015258789,31.670000076293945,31.93000030517578,4895400
2024-11-25,32.04999923706055,32.61000061035156,31.969999313354492,32.47999954223633,5535200
2024-11-26,32.470001220703125,32.65999984741211,32.279998779296875,32.529998779296875,4398900
2024-11-27,32.7599983215332,32.86000061035156,32.380001068115234,32.65999984741211,3320100
2024-11-29,32.63999938964844,32.849998474121094,32.540000915527344,32.619998931884766,1847100
2024-12-02,32.70000076293945,32.779998779296875,31.989999771118164,31.989999771118164,3169500
2024-12-03,33.0,33.0,32.119998931884766,32.130001068115234,3865400
2024-12-04,32.130001068115234,32.33000183105469,31.959999084472656,32.29999923706055,3068400
2024-12-05,32.380001068115234,32.529998779296875,31.889999389648438,31.989999771118164,3775900
2024-12-06,32.15999984741211,32.2400016784668,31.610000610351562,31.65999984741211,2842500
2024-12-09,31.670000076293945,31.700000762939453,31.290000915527344,31.360000610351562,3582600
2024-12-10,31.360000610351562,31.530000686645508,30.760000228881836,31.3799991607666,4203100
2024-12-11,31.420000076293945,31.610000610351562,31.15999984741211,31.40999984741211,4392500
2024-12-12,31.530000686645508,31.979999542236328,31.530000686645508,31.90999984741211,4164400
2024-12-13,31.920000076293945,32.189998626708984,31.850000381469727,31.940000534057617,4760100
2024-12-16,31.799999237060547,32.630001068115234,31.75,32.06999969482422,4281600
2024-12-17,31.829999923706055,32.16999816894531,31.6200008392334,31.709999084472656,6723000
2024-12-18,31.59000015258789,32.25,31.43000030517578,31.440000534057617,8050400
2024-12-19,31.309999465942383,32.099998474121094,31.270000457763672,31.760000228881836,8330200
2024-12-20,31.760000228881836,32.7400016784668,31.649999618530273,32.540000915527344,14446700
2024-12-23,32.439998626708984,32.5099983215332,31.709999084472656,32.099998474121094,4390800
2024-12-24,31.959999084472656,32.41999816894531,31.959999084472656,32.38999938964844,1444900
2024-12-26,32.31999969482422,32.52000045776367,32.2400016784668,32.369998931884766,2253100
2024-12-27,32.130001068115234,32.4900016784668,32.04999923706055,32.209999084472656,2716800
2024-12-30,32.060001373291016,32.08000183105469,31.56999969482422,31.829999923706055,2725700
2024-12-31,31.809999465942383,32.02000045776367,31.469999313354492,31.729999542236328,2970000
2025-01-02,32.0,32.060001373291016,31.309999465942383,31.489999771118164,3257400
2025-01-03,31.600000381469727,31.809999465942383,31.40999984741211,31.639999389648438,4227900
2025-01-06,31.6200008392334,31.639999389648438,31.020000457763672,31.049999237060547,4165600
2025-01-07,31.079999923706055,31.309999465942383,30.81999969482422,30.8700008392334,3559500
2025-01-08,30.84000015258789,31.190000534057617,30.59000015258789,31.170000076293945,4236400
2025-01-10,31.020000457763672,32.369998931884766,30.860000610351562,31.18000030517578,4826300
2025-01-13,31.110000610351562,31.649999618530273,30.920000076293945,31.610000610351562,3641200
2025-01-14,31.700000762939453,31.959999084472656,31.540000915527344,31.860000610351562,3245000
2025-01-15,32.150001525878906,32.290000915527344,31.59000015258789,31.8700008392334,4164800
2025-01-16,31.739999771118164,32.81999969482422,31.700000762939453,32.79999923706055,4988100
2025-01-17,32.7400016784668,32.810001373291016,32.279998779296875,32.560001373291016,5319200
2025-01-21,32.75,33.119998931884766,32.689998626708984,33.060001373291016,4466300
2025-01-22,33.029998779296875,33.029998779296875,32.380001068115234,32.439998626708984,3884800
2025-01-23,32.41999816894531,32.58000183105469,32.22999954223633,32.439998626708984,3353000
2025-01-24,32.290000915527344,32.47999954223633,32.029998779296875,32.36000061035156,5292600
2025-01-27,32.790000915527344,32.939998626708984,31.760000228881836,32.880001068115234,5249600
2025-01-28,32.75,32.93000030517578,32.130001068115234,32.310001373291016,4020100
2025-01-29,32.380001068115234,32.7400016784668,32.2599983215332,32.29999923706055,3576900
2025-01-30,32.7599983215332,33.0099983215332,32.439998626708984,32.880001068115234,3956300
2025-01-31,32.75,32.90999984741211,32.31999969482422,32.56999969482422,3489800
2025-02-03,32.15999984741211,32.630001068115234,32.0099983215332,32.5099983215332,4392200
2025-02-04,32.209999084472656,32.529998779296875,32.119998931884766,32.150001525878906,2689100
2025-02-05,32.43000030517578,32.470001220703125,32.150001525878906,32.27000045776367,3984500
2025-02-06,32.41999816894531,32.47999954223633,31.959999084472656,32.439998626708984,3004900
2025-02-07,32.380001068115234,32.540000915527344,32.220001220703125,32.400001525878906,2710200
2025-02-10,32.349998474121094,32.40999984741211,32.119998931884766,32.380001068115234,1724000
2025-02-11,32.220001220703125,32.40999984741211,31.959999084472656,32.40999984741211,2679600
2025-02-12,31.989999771118164,32.709999084472656,31.989999771118164,32.58000183105469,3756000
2025-02-13,32.66999816894531,33.5099983215332,32.630001068115234,33.43000030517578,5723500
2025-02-14,33.599998474121094,33.849998474121094,33.380001068115234,33.40999984741211,5219900
2025-02-18,33.5,34.09000015258789,33.40999984741211,33.810001373291016,5587700
2025-02-19,33.709999084472656,34.16999816894531,33.709999084472656,34.09000015258789,5986200
2025-02-20,34.09000015258789,34.119998931884766,33.2599983215332,33.72999954223633,5634600
2025-02-21,33.7400016784668,34.38999938964844,33.529998779296875,34.290000915527344,6019400
2025-02-24,34.369998931884766,34.439998626708984,33.630001068115234,34.20000076293945,4707400
2025-02-25,34.16999816894531,34.380001068115234,33.709999084472656,34.220001220703125,7436600
2025-02-26,34.11000061035156,34.4900016784668,33.90999984741211,34.040000915527344,4414800
2025-02-27,33.790000915527344,34.06999969482422,33.63999938964844,33.7400016784668,4340900
2025-02-28,34.029998779296875,34.43000030517578,33.810001373291016,34.380001068115234,5122600
2025-03-03,34.349998474121094,34.849998474121094,34.22999954223633,34.56999969482422,4382000
2025-03-04,34.61000061035156,34.72999954223633,33.630001068115234,33.689998626708984,5716900
2025-03-05,33.470001220703125,33.9900016784668,33.380001068115234,33.81999969482422,4192500
2025-03-06,33.689998626708984,33.779998779296875,33.2400016784668,33.400001525878906,3134100
2025-03-07,33.349998474121094,34.349998474121094,33.279998779296875,34.2599983215332,5001300
2025-03-10,34.189998626708984,34.97999954223633,34.099998474121094,34.43000030517578,6112300
2025-03-11,34.88999938964844,35.0099983215332,34.27000045776367,34.529998779296875,5649100
2025-03-12,34.36000061035156,34.810001373291016,34.29999923706055,34.54999923706055,4222800
2025-03-13,34.61000061035156,34.86000061035156,34.380001068115234,34.61000061035156,3885300
2025-03-14,34.650001525878906,35.63999938964844,34.650001525878906,35.47999954223633,7118000
2025-03-17,35.540000915527344,35.880001068115234,35.369998931884766,35.59000015258789,5577400
2025-03-18,35.310001373291016,35.70000076293945,35.22999954223633,35.65999984741211,3960700
2025-03-19,35.52000045776367,35.91999816894531,35.380001068115234,35.86000061035156,4406500
2025-03-20,35.83000183105469,35.9900016784668,35.7400016784668,35.959999084472656,3619400
2025-03-21,35.88999938964844,36.189998626708984,35.5099983215332,35.77000045776367,8615300
2025-03-24,35.7400016784668,36.08000183105469,35.47999954223633,35.720001220703125,4210600
2025-03-25,35.650001525878906,35.70000076293945,34.95000076293945,35.22999954223633,5309700
2025-03-26,35.29999923706055,35.66999816894531,35.29999923706055,35.540000915527344,2540700
2025-03-27,35.650001525878906,35.900001525878906,35.5,35.66999816894531,2734700
2025-03-28,35.900001525878906,36.400001525878906,35.810001373291016,36.25,6252200
2025-03-31,36.279998779296875,36.970001220703125,36.08000183105469,36.22999954223633,9318800
2025-04-01,36.31999969482422,36.90999984741211,36.0099983215332,36.79999923706055,10763700
2025-04-02,37.0,37.279998779296875,36.790000915527344,36.93000030517578,5692200
2025-04-03,37.060001373291016,37.70000076293945,37.029998779296875,37.36000061035156,5208000
2025-04-04,37.2599983215332,37.650001525878906,35.7599983215332,36.08000183105469,9470400
2025-04-07,35.63999938964844,36.40999984741211,35.13999938964844,35.5,10268000
2025-04-08,36.189998626708984,36.27000045776367,35.279998779296875,35.54999923706055,11987900
2025-04-09,35.189998626708984,36.91999816894531,34.720001220703125,36.2599983215332,12994600
2025-04-10,36.189998626708984,36.650001525878906,35.52000045776367,36.189998626708984,10449300
2025-04-11,36.040000915527344,36.65999984741211,35.83000183105469,36.58000183105469,8296700
2025-04-14,36.630001068115234,37.27000045776367,36.43000030517578,37.22999954223633,6610600
2025-04-15,37.27000045776367,37.540000915527344,37.09000015258789,37.15999984741211,6008200
2025-04-16,37.22999954223633,37.27000045776367,36.630001068115234,36.779998779296875,5771500
2025-04-17,36.959999084472656,37.599998474121094,36.93000030517578,37.15999984741211,4269200
2025-04-21,36.97999954223633,37.150001525878906,36.150001525878906,36.4900016784668,3160400
2025-04-22,37.0,37.369998931884766,36.79999923706055,37.2599983215332,4173700
2025-04-23,37.13999938964844,37.380001068115234,36.720001220703125,37.34000015258789,5229200
2025-04-24,37.130001068115234,38.099998474121094,37.0099983215332,37.900001525878906,6127800
2025-04-25,37.849998474121094,38.33000183105469,37.709999084472656,38.189998626708984,6872500
2025-04-28,38.04999923706055,38.33000183105469,37.83000183105469,38.2400016784668,5098700
2025-04-29,38.150001525878906,38.41999816894531,37.959999084472656,38.2400016784668,3585600
2025-04-30,38.33000183105469,38.86000061035156,37.7400016784668,38.779998779296875,6391000
2025-05-01,38.70000076293945,39.0,38.36000061035156,38.599998474121094,3640400
2025-05-02,38.79999923706055,39.18000030517578,38.61000061035156,38.9900016784668,3796700
2025-05-05,38.970001220703125,39.040000915527344,38.560001373291016,38.880001068115234,3158600
2025-05-06,38.810001373291016,39.310001373291016,38.75,38.91999816894531,3434400
2025-05-07,38.880001068115234,39.29999923706055,38.86000061035156,39.04999923706055,3933700
2025-05-08,38.81999969482422,38.83000183105469,37.90999984741211,37.95000076293945,5257100
2025-05-09,38.099998474121094,38.119998931884766,37.31999969482422,37.540000915527344,6167100
2025-05-12,37.15999984741211,37.31999969482422,36.58000183105469,36.849998474121094,8022300
2025-05-13,36.88999938964844,37.119998931884766,36.599998474121094,36.65999984741211,4869900
2025-05-14,36.72999954223633,36.72999954223633,36.0,36.56999969482422,7364400
2025-05-15,36.5,37.29999923706055,36.36000061035156,37.22999954223633,4980700
2025-05-16,37.31999969482422,37.61000061035156,37.02000045776367,37.52000045776367,8025900
2025-05-19,37.16999816894531,37.720001220703125,37.16999816894531,37.65999984741211,3369800
2025-05-20,37.63999938964844,37.779998779296875,37.40999984741211,37.459999084472656,4363400
2025-05-21,37.31999969482422,37.540000915527344,37.119998931884766,37.220001220703125,3813700
2025-05-22,37.20000076293945,37.369998931884766,36.70000076293945,37.13999938964844,4244200
2025-05-23,37.369998931884766,37.61000061035156,36.970001220703125,37.56999969482422,3035200
2025-05-27,37.900001525878906,37.95000076293945,37.41999816894531,37.72999954223633,4479100
2025-05-28,37.560001373291016,37.560001373291016,36.9900016784668,37.18000030517578,15079000
2025-05-29,36.84000015258789,37.2599983215332,36.650001525878906,37.11000061035156,7581100
2025-05-30,37.099998474121094,37.349998474121094,36.84000015258789,37.2400016784668,9664100
2025-06-02,37.08000183105469,37.470001220703125,36.900001525878906,37.45000076293945,3789100
2025-06-03,37.540000915527344,37.540000915527344,36.90999984741211,37.439998626708984,4952800
2025-06-04,37.43000030517578,37.560001373291016,36.959999084472656,37.0,4449600
2025-06-05,36.9900016784668,37.13999938964844,36.630001068115234,36.83000183105469,4824900
2025-06-06,36.93000030517578,36.93000030517578,36.349998474121094,36.61000061035156,5541000
2025-06-09,36.470001220703125,36.779998779296875,36.36000061035156,36.540000915527344,4855500
2025-06-10,36.5,36.709999084472656,36.16999816894531,36.25,5199400
2025-06-11,36.20000076293945,36.43000030517578,35.9900016784668,36.029998779296875,5266400
2025-06-12,36.130001068115234,36.40999984741211,35.79999923706055,36.40999984741211,8023400
2025-06-13,36.349998474121094,36.7400016784668,36.22999954223633,36.369998931884766,4896500
2025-06-16,36.59000015258789,36.7400016784668,35.849998474121094,35.970001220703125,4626300
2025-06-17,36.040000915527344,36.09000015258789,35.59000015258789,35.720001220703125,4914800
2025-06-18,35.79999923706055,35.91999816894531,35.52000045776367,35.560001373291016,4437800
2025-06-20,35.63999938964844,36.13999938964844,35.540000915527344,35.7400016784668,6127700
2025-06-23,35.880001068115234,36.310001373291016,35.77000045776367,36.27000045776367,4652900
2025-06-24,36.2400016784668,36.56999969482422,36.15999984741211,36.47999954223633,4427100
2025-06-25,36.400001525878906,36.54999923706055,36.04999923706055,36.29999923706055,6636600
2025-06-26,36.41999816894531,36.619998931884766,36.279998779296875,36.58000183105469,4852000
2025-06-27,36.61000061035156,36.779998779296875,36.290000915527344,36.369998931884766,6990000
2025-06-30,36.06999969482422,36.77000045776367,36.06999969482422,36.7400016784668,6043200
2025-07-01,36.529998779296875,36.79999923706055,36.2599983215332,36.52000045776367,5359100
2025-07-02,36.400001525878906,36.529998779296875,35.63999938964844,35.77000045776367,5284900
2025-07-03,35.720001220703125,36.06999969482422,35.66999816894531,35.939998626708984,3774500
2025-07-07,35.970001220703125,36.25,35.939998626708984,36.2400016784668,4187800
2025-07-08,36.18000030517578,36.18000030517578,35.459999084472656,35.79999923706055,5312800
2025-07-09,35.86000061035156,36.150001525878906,35.59000015258789,36.06999969482422,3887100
2025-07-10,35.83000183105469,36.27000045776367,35.83000183105469,36.220001220703125,3771700
2025-07-11,36.09000015258789,36.31999969482422,35.81999969482422,36.13999938964844,4360000
2025-07-14,36.119998931884766,36.459999084472656,35.939998626708984,36.209999084472656,5069800
2025-07-15,36.06999969482422,36.31999969482422,35.86000061035156,36.040000915527344,2994700
2025-07-16,35.9900016784668,36.13999938964844,35.59000015258789,36.09000015258789,5770100
2025-07-17,35.95000076293945,36.65999984741211,35.939998626708984,36.5,3399400
2025-07-18,36.68000030517578,37.29999923706055,36.59000015258789,37.2400016784668,5778000
2025-07-21,37.2599983215332,37.66999816894531,37.130001068115234,37.41999816894531,4296500
2025-07-22,37.540000915527344,37.97999954223633,37.41999816894531,37.7599983215332,5470900
2025-07-23,37.65999984741211,37.849998474121094,36.97999954223633,37.119998931884766,7368600
2025-07-24,36.709999084472656,37.97999954223633,36.59000015258789,37.84000015258789,11220800
2025-07-25,38.0,38.439998626708984,37.720001220703125,38.36000061035156,5429000
2025-07-28,37.75,38.11000061035156,37.220001220703125,37.29999923706055,11515100
2025-07-29,37.29999923706055,38.310001373291016,37.220001220703125,38.290000915527344,12152600
2025-07-30,38.290000915527344,38.7599983215332,38.25,38.459999084472656,6635500
2025-07-31,38.2599983215332,38.97999954223633,38.150001525878906,38.81999969482422,5662200
2025-08-01,38.95000076293945,39.119998931884766,38.54999923706055,38.810001373291016,5174800
2025-08-04,38.900001525878906,39.34000015258789,38.5,39.15999984741211,3411700
2025-08-05,39.13999938964844,39.38999938964844,38.810001373291016,38.93000030517578,4035900
2025-08-06,39.08000183105469,39.150001525878906,38.56999969482422,38.599998474121094,3916000
2025-08-07,38.529998779296875,39.25,38.5099983215332,38.869998931884766,4968900
2025-08-08,39.040000915527344,39.11000061035156,38.63999938964844,38.83000183105469,3475600
2025-08-11,38.939998626708984,39.0,38.369998931884766,38.56999969482422,5527600
2025-08-12,38.650001525878906,38.66999816894531,38.040000915527344,38.470001220703125,4187500
2025-08-13,38.470001220703125,38.65999984741211,38.31999969482422,38.630001068115234,2937200
2025-08-14,38.650001525878906,38.75,38.290000915527344,38.439998626708984,3438900
2025-08-15,38.380001068115234,38.380001068115234,37.93000030517578,38.119998931884766,4993100
2025-08-18,38.130001068115234,38.209999084472656,37.65999984741211,37.72999954223633,4020100
2025-08-19,37.72999954223633,38.220001220703125,37.70000076293945,38.209999084472656,2555000
2025-08-20,38.38999938964844,38.77000045776367,38.2400016784668,38.5,4496900
2025-08-21,38.2599983215332,38.369998931884766,37.81999969482422,38.0,4251400
2025-08-22,38.189998626708984,38.290000915527344,37.650001525878906,38.04999923706055,5607600
2025-08-25,37.810001373291016,38.029998779296875,37.66999816894531,37.70000076293945,5756000
2025-08-26,37.7599983215332,37.869998931884766,37.47999954223633,37.70000076293945,4053600
2025-08-27,37.7400016784668,37.83000183105469,37.52000045776367,37.72999954223633,3246800
2025-08-28,37.619998931884766,37.72999954223633,37.38999938964844,37.47999954223633,3720400
2025-08-29,37.47999954223633,37.849998474121094,37.45000076293945,37.709999084472656,4846900
2025-09-02,37.650001525878906,38.15999984741211,37.58000183105469,37.939998626708984,4304900
2025-09-03,37.880001068115234,38.02000045776367,37.38999938964844,37.619998931884766,4851900
2025-09-04,37.83000183105469,37.880001068115234,36.599998474121094,37.459999084472656,8438200
2025-09-05,37.66999816894531,37.84000015258789,37.41999816894531,37.779998779296875,5087100
2025-09-08,37.63999938964844,37.7400016784668,37.130001068115234,37.31999969482422,3969500
2025-09-09,37.27000045776367,37.84000015258789,37.25,37.540000915527344,4616400
2025-09-10,37.59000015258789,37.86000061035156,37.459999084472656,37.790000915527344,3530700
2025-09-11,37.880001068115234,38.27000045776367,37.66999816894531,38.2400016784668,4668100
2025-09-12,38.150001525878906,38.630001068115234,38.150001525878906,38.2400016784668,4280800
2025-09-15,38.34000015258789,38.560001373291016,38.220001220703125,38.290000915527344,3695700
2025-09-16,38.16999816894531,38.4900016784668,37.59000015258789,37.650001525878906,4280900
2025-09-17,37.86000061035156,38.279998779296875,37.72999954223633,38.04999923706055,4726300
2025-09-18,37.66999816894531,38.349998474121094,37.66999816894531,38.06999969482422,4597400
2025-09-19,38.18000030517578,38.290000915527344,37.869998931884766,38.02000045776367,6883400
2025-09-22,38.11000061035156,38.400001525878906,37.9900016784668,38.16999816894531,4002900
2025-09-23,38.09000015258789,38.79999923706055,38.029998779296875,38.79999923706055,4762500
2025-09-24,39.0,39.119998931884766,38.619998931884766,39.0099983215332,7797900
2025-09-25,39.189998626708984,39.20000076293945,38.220001220703125,38.310001373291016,9051900
2025-09-26,38.45000076293945,38.900001525878906,38.400001525878906,38.810001373291016,5463300
2025-09-29,38.84000015258789,40.5,38.22999954223633,39.130001068115234,6527800
2025-09-30,39.150001525878906,39.43000030517578,38.150001525878906,38.79999923706055,13642800
2025-10-01,38.93000030517578,38.93000030517578,38.130001068115234,38.16999816894531,6650300
2025-10-02,38.099998474121094,38.47999954223633,38.02000045776367,38.290000915527344,6407100
2025-10-03,38.43000030517578,39.119998931884766,38.31999969482422,38.86000061035156,6228000
2025-10-06,38.93000030517578,39.5099983215332,38.77000045776367,39.459999084472656,5405500
2025-10-07,39.599998474121094,39.66999816894531,39.220001220703125,39.43000030517578,4389500
2025-10-08,39.630001068115234,39.72999954223633,39.380001068115234,39.560001373291016,3598900
2025-10-09,39.790000915527344,39.79999923706055,39.04999923706055,39.11000061035156,4120900
2025-10-10,39.38999938964844,39.650001525878906,39.13999938964844,39.2400016784668,3087800
2025-10-13,39.11000061035156,39.52000045776367,38.939998626708984,39.189998626708984,4274900
2025-10-14,39.29999923706055,39.65999984741211,39.13999938964844,39.4900016784668,4604800
2025-10-15,39.52000045776367,40.099998474121094,39.5099983215332,39.86000061035156,5295900
2025-10-16,39.849998474121094,40.16999816894531,39.540000915527344,39.66999816894531,5385100
2025-10-17,39.7599983215332,39.88999938964844,39.459999084472656,39.63999938964844,3476600
2025-10-20,39.790000915527344,40.2599983215332,39.790000915527344,40.220001220703125,4227500
2025-10-21,40.290000915527344,40.290000915527344,39.720001220703125,40.029998779296875,4157300
2025-10-22,40.0,40.189998626708984,39.72999954223633,40.04999923706055,4319900
2025-10-23,40.4900016784668,40.4900016784668,39.310001373291016,39.599998474121094,6901700
2025-10-24,39.70000076293945,39.88999938964844,39.369998931884766,39.529998779296875,5426800
2025-10-27,39.650001525878906,39.7400016784668,39.150001525878906,39.7400016784668,5024800
2025-10-28,39.75,39.900001525878906,39.40999984741211,39.52000045776367,5436600
2025-10-29,39.52000045776367,39.63999938964844,38.88999938964844,38.95000076293945,5074500
2025-10-30,39.040000915527344,39.38999938964844,38.880001068115234,38.90999984741211,3346300
2025-10-31,38.68000030517578,38.77000045776367,38.2400016784668,38.2400016784668,5805900
2025-11-03,38.119998931884766,38.4900016784668,37.810001373291016,38.41999816894531,6962800
2025-11-04,38.61000061035156,38.83000183105469,38.27000045776367,38.7400016784668,4933900
2025-11-05,38.7400016784668,39.02000045776367,38.47999954223633,38.86000061035156,6229300
2025-11-06,38.83000183105469,39.40999984741211,38.79999923706055,38.9900016784668,4214800
2025-11-07,39.06999969482422,39.459999084472656,39.029998779296875,39.40999984741211,4178400
2025-11-10,39.18000030517578,39.72999954223633,39.15999984741211,39.47999954223633,3566000
2025-11-11,39.54999923706055,39.72999954223633,39.150001525878906,39.689998626708984,3031200
2025-11-12,39.70000076293945,39.81999969482422,39.52000045776367,39.58000183105469,2938200
2025-11-13,39.43000030517578,39.86000061035156,39.20000076293945,39.58000183105469,4002600
2025-11-14,39.58000183105469,39.93000030517578,39.2599983215332,39.7400016784668,5429200
2025-11-17,39.88999938964844,40.310001373291016,39.79999923706055,40.18000030517578,4864800
2025-11-18,40.310001373291016,40.38999938964844,39.939998626708984,39.9900016784668,4924300
2025-11-19,39.93000030517578,40.130001068115234,39.52000045776367,39.61000061035156,4030400
2025-11-20,39.599998474121094,39.9900016784668,39.459999084472656,39.59000015258789,8094700
2025-11-21,39.720001220703125,39.900001525878906,39.470001220703125,39.560001373291016,5498000
2025-11-24,39.47999954223633,39.810001373291016,39.13999938964844,39.720001220703125,5630600
2025-11-25,39.77000045776367,39.93000030517578,39.27000045776367,39.40999984741211,4075400
2025-11-26,39.47999954223633,39.9900016784668,39.47999954223633,39.95000076293945,2629600
2025-11-28,39.95000076293945,40.130001068115234,39.88999938964844,39.97999954223633,1403000
2025-12-01,39.869998931884766,39.939998626708984,39.099998474121094,39.130001068115234,3879200
2025-12-02,39.279998779296875,39.31999969482422,38.33000183105469,38.349998474121094,5604400
2025-12-03,38.38999938964844,38.560001373291016,38.06999969482422,38.380001068115234,4012000
2025-12-04,38.79999923706055,38.86000061035156,38.290000915527344,38.540000915527344,6057700
