date,open,high,low,close,volume
2010-01-04,26.290000915527344,26.690000534057617,26.139999389648438,26.6299991607666,2455900
2010-01-05,26.649999618530273,26.649999618530273,26.3799991607666,26.440000534057617,2476800
2010-01-06,26.389999389648438,26.43000030517578,26.079999923706055,26.190000534057617,4039300
2010-01-07,25.770000457763672,26.15999984741211,25.65999984741211,25.770000457763672,5244600
2010-01-08,25.860000610351562,26.100000381469727,25.68000030517578,26.049999237060547,4277500
2010-01-11,26.239999771118164,26.479999542236328,26.110000610351562,26.34000015258789,1914400
2010-01-12,26.31999969482422,26.549999237060547,26.190000534057617,26.520000457763672,3142600
2010-01-13,26.59000015258789,27.1299991607666,26.59000015258789,27.040000915527344,3150100
2010-01-14,26.969999313354492,27.25,26.850000381469727,27.209999084472656,2054300
2010-01-15,27.260000228881836,27.270000457763672,26.809999465942383,26.920000076293945,2076400
2010-01-19,26.959999084472656,27.610000610351562,26.920000076293945,27.3700008392334,2826200
2010-01-20,27.350000381469727,27.350000381469727,26.760000228881836,27.139999389648438,2683700
2010-01-21,27.110000610351562,27.18000030517578,26.25,26.579999923706055,3961000
2010-01-22,26.469999313354492,26.799999237060547,26.020000457763672,26.65999984741211,4321500
2010-01-25,26.790000915527344,27.34000015258789,26.68000030517578,27.110000610351562,5285000
2010-01-26,27.860000610351562,28.0,27.34000015258789,27.440000534057617,5530700
2010-01-27,27.3700008392334,27.639999389648438,27.040000915527344,27.260000228881836,4885100
2010-01-28,27.239999771118164,27.760000228881836,27.239999771118164,27.280000686645508,3374300
2010-01-29,27.40999984741211,27.610000610351562,27.229999542236328,27.260000228881836,4136700
2010-02-01,27.459999084472656,27.780000686645508,27.079999923706055,27.75,3682900
2010-02-02,27.799999237060547,28.610000610351562,27.65999984741211,28.549999237060547,6012600
2010-02-03,28.510000228881836,28.59000015258789,28.030000686645508,28.31999969482422,3801100
2010-02-04,28.260000228881836,28.260000228881836,27.420000076293945,27.420000076293945,4607500
2010-02-05,27.3700008392334,27.399999618530273,26.649999618530273,27.010000228881836,5637600
2010-02-08,27.030000686645508,27.190000534057617,26.81999969482422,26.950000762939453,2811300
2010-02-09,27.18000030517578,27.399999618530273,27.0,27.15999984741211,2167600
2010-02-10,27.309999465942383,27.31999969482422,26.68000030517578,27.190000534057617,5655300
2010-02-11,27.18000030517578,27.56999969482422,26.950000762939453,27.520000457763672,4093800
2010-02-12,27.389999389648438,27.389999389648438,27.020000457763672,27.350000381469727,2583700
2010-02-16,27.65999984741211,27.65999984741211,27.309999465942383,27.56999969482422,3328800
2010-02-17,27.729999542236328,27.780000686645508,27.059999465942383,27.59000015258789,5869000
2010-02-18,27.579999923706055,27.899999618530273,27.5,27.860000610351562,2931200
2010-02-19,27.8700008392334,28.190000534057617,27.600000381469727,28.139999389648438,3862400
2010-02-22,28.239999771118164,28.239999771118164,27.760000228881836,27.889999389648438,3256200
2010-02-23,27.81999969482422,27.969999313354492,27.56999969482422,27.75,5407100
2010-02-24,27.770000457763672,28.040000915527344,27.760000228881836,27.889999389648438,2652500
2010-02-25,27.700000762939453,28.079999923706055,27.579999923706055,28.079999923706055,3168400
2010-02-26,28.079999923706055,28.190000534057617,27.889999389648438,28.040000915527344,4036700
2010-03-01,27.969999313354492,28.25,27.75,28.06999969482422,3116800
2010-03-02,28.200000762939453,28.5,28.079999923706055,28.459999084472656,2366300
2010-03-03,28.5,28.5,27.969999313354492,28.0,3090300
2010-03-04,28.15999984741211,28.15999984741211,27.90999984741211,27.989999771118164,2659400
2010-03-05,28.020000457763672,28.40999984741211,27.979999542236328,28.40999984741211,2715900
2010-03-08,28.40999984741211,28.450000762939453,28.049999237060547,28.06999969482422,2470000
2010-03-09,28.020000457763672,28.15999984741211,27.899999618530273,27.989999771118164,2907900
2010-03-10,27.950000762939453,28.190000534057617,27.8799991607666,28.049999237060547,2364600
2010-03-11,27.950000762939453,28.1200008392334,27.799999237060547,28.079999923706055,1678400
2010-03-12,28.170000076293945,28.25,27.799999237060547,27.93000030517578,2337200
2010-03-15,27.899999618530273,27.899999618530273,27.610000610351562,27.75,2755000
2010-03-16,28.420000076293945,28.450000762939453,27.93000030517578,28.360000610351562,4210300
2010-03-17,28.56999969482422,28.579999923706055,28.18000030517578,28.200000762939453,3088500
2010-03-18,28.3700008392334,28.6200008392334,28.190000534057617,28.56999969482422,2756600
2010-03-19,28.68000030517578,29.110000610351562,28.270000457763672,28.68000030517578,5468600
2010-03-22,28.6200008392334,29.309999465942383,28.5,29.290000915527344,4848800
2010-03-23,29.43000030517578,29.43000030517578,28.899999618530273,29.209999084472656,2345700
2010-03-24,29.270000457763672,29.299999237060547,28.65999984741211,28.719999313354492,2158600
2010-03-25,28.889999389648438,28.899999618530273,28.549999237060547,28.600000381469727,2623700
2010-03-26,28.6299991607666,28.719999313354492,28.299999237060547,28.59000015258789,2554700
2010-03-29,28.760000228881836,28.93000030517578,28.6200008392334,28.84000015258789,2064800
2010-03-30,28.93000030517578,29.329999923706055,28.860000610351562,29.280000686645508,2740800
2010-03-31,29.270000457763672,29.270000457763672,28.75,28.920000076293945,2407300
2010-04-01,28.989999771118164,29.1299991607666,28.420000076293945,28.59000015258789,3680900
2010-04-05,28.6299991607666,29.020000457763672,28.530000686645508,28.920000076293945,2339700
2010-04-06,28.920000076293945,29.139999389648438,28.799999237060547,29.030000686645508,1739100
2010-04-07,28.93000030517578,29.06999969482422,28.770000457763672,29.040000915527344,3151200
2010-04-08,29.579999923706055,29.579999923706055,29.100000381469727,29.18000030517578,3767300
2010-04-09,29.260000228881836,29.479999542236328,29.18000030517578,29.469999313354492,2018500
2010-04-12,29.489999771118164,29.510000228881836,29.270000457763672,29.34000015258789,1839500
2010-04-13,29.239999771118164,29.5,28.950000762939453,29.459999084472656,2778000
2010-04-14,29.489999771118164,29.5,29.020000457763672,29.200000762939453,2764000
2010-04-15,29.190000534057617,29.5,29.09000015258789,29.489999771118164,2217200
2010-04-16,29.5,29.920000076293945,29.360000610351562,29.8799991607666,5991800
2010-04-19,29.889999389648438,29.989999771118164,29.579999923706055,29.81999969482422,4306600
2010-04-20,29.969999313354492,30.489999771118164,29.8799991607666,30.3799991607666,4190100
2010-04-21,30.43000030517578,30.59000015258789,29.979999542236328,30.360000610351562,5969000
2010-04-22,31.290000915527344,31.790000915527344,30.760000228881836,31.40999984741211,8444500
2010-04-23,31.5,31.56999969482422,30.790000915527344,31.1299991607666,4950700
2010-04-26,31.100000381469727,31.440000534057617,30.829999923706055,31.229999542236328,4282000
2010-04-27,31.0,31.389999389648438,30.770000457763672,30.860000610351562,3571100
2010-04-28,30.90999984741211,31.149999618530273,30.68000030517578,30.790000915527344,3087400
2010-04-29,30.969999313354492,31.639999389648438,30.93000030517578,31.360000610351562,3960900
2010-04-30,31.420000076293945,31.600000381469727,30.850000381469727,30.850000381469727,3380600
2010-05-03,31.030000686645508,31.360000610351562,30.90999984741211,31.280000686645508,2472400
2010-05-04,31.049999237060547,31.18000030517578,30.719999313354492,30.969999313354492,2849000
2010-05-05,30.530000686645508,31.200000762939453,30.530000686645508,31.030000686645508,3670000
2010-05-06,30.8700008392334,31.43000030517578,28.950000762939453,30.75,6056700
2010-05-07,30.559999465942383,30.610000610351562,29.389999389648438,29.90999984741211,6272400
2010-05-10,30.920000076293945,31.31999969482422,30.56999969482422,31.059999465942383,3938600
2010-05-11,30.6299991607666,31.5,30.610000610351562,31.219999313354492,4061600
2010-05-12,31.270000457763672,31.84000015258789,31.010000228881836,31.790000915527344,3151800
2010-05-13,31.920000076293945,31.959999084472656,31.579999923706055,31.600000381469727,3951400
2010-05-14,31.489999771118164,31.559999465942383,31.049999237060547,31.309999465942383,3599400
2010-05-17,31.34000015258789,31.709999084472656,30.940000534057617,31.399999618530273,3794200
2010-05-18,31.719999313354492,31.959999084472656,31.079999923706055,31.290000915527344,4524100
2010-05-19,31.139999389648438,31.579999923706055,31.0,31.420000076293945,4002900
2010-05-20,31.030000686645508,31.260000228881836,30.59000015258789,30.68000030517578,6419500
2010-05-21,30.06999969482422,30.979999542236328,30.049999237060547,30.829999923706055,6502200
2010-05-24,30.799999237060547,31.06999969482422,30.420000076293945,30.700000762939453,5126100
2010-05-25,30.100000381469727,30.299999237060547,29.5,30.270000457763672,6030800
2010-05-26,30.479999542236328,30.979999542236328,30.31999969482422,30.440000534057617,4960700
2010-05-27,30.8799991607666,31.59000015258789,30.850000381469727,31.56999969482422,4144900
2010-05-28,31.540000915527344,31.700000762939453,30.920000076293945,31.280000686645508,4896100
2010-06-01,31.030000686645508,31.440000534057617,30.729999542236328,30.809999465942383,4095800
2010-06-02,30.8700008392334,31.760000228881836,30.729999542236328,31.729999542236328,3892500
2010-06-03,31.780000686645508,32.4900016784668,31.760000228881836,32.08000183105469,5639400
2010-06-04,31.530000686645508,31.709999084472656,30.65999984741211,30.770000457763672,5450900
2010-06-07,30.829999923706055,31.270000457763672,30.5,30.770000457763672,5558500
2010-06-08,30.920000076293945,30.940000534057617,30.309999465942383,30.6200008392334,5167200
2010-06-09,30.780000686645508,31.559999465942383,30.75,30.940000534057617,3999500
2010-06-10,31.450000762939453,31.780000686645508,31.290000915527344,31.690000534057617,2948900
2010-06-11,31.450000762939453,31.979999542236328,31.360000610351562,31.920000076293945,2844300
2010-06-14,31.969999313354492,32.459999084472656,31.969999313354492,32.209999084472656,3515200
2010-06-15,32.4900016784668,32.5,32.209999084472656,32.459999084472656,3005800
2010-06-16,32.43000030517578,32.970001220703125,32.33000183105469,32.7599983215332,4602300
2010-06-17,33.189998626708984,33.27000045776367,32.619998931884766,32.880001068115234,4944100
2010-06-18,32.869998931884766,33.029998779296875,32.5,32.560001373291016,2585500
2010-06-21,32.79999923706055,32.9900016784668,32.290000915527344,32.41999816894531,3169400
2010-06-22,32.5,32.650001525878906,31.899999618530273,31.959999084472656,3383300
2010-06-23,31.81999969482422,32.04999923706055,31.510000228881836,31.8700008392334,3311100
2010-06-24,31.829999923706055,31.93000030517578,31.450000762939453,31.59000015258789,2939900
2010-06-25,31.559999465942383,32.0,31.43000030517578,31.8700008392334,4407200
2010-06-28,32.0099983215332,32.66999816894531,31.639999389648438,32.529998779296875,5044900
2010-06-29,32.209999084472656,32.209999084472656,31.600000381469727,31.719999313354492,8525900
2010-06-30,31.75,32.36000061035156,31.459999084472656,31.75,7255800
2010-07-01,31.6299991607666,31.639999389648438,30.309999465942383,30.93000030517578,8348400
2010-07-02,30.950000762939453,31.170000076293945,30.729999542236328,30.920000076293945,3452100
2010-07-06,31.40999984741211,31.690000534057617,31.1200008392334,31.34000015258789,3323100
2010-07-07,31.3799991607666,31.829999923706055,31.020000457763672,31.780000686645508,4547200
2010-07-08,31.969999313354492,32.06999969482422,31.729999542236328,31.920000076293945,2920400
2010-07-09,31.989999771118164,32.0099983215332,31.719999313354492,31.84000015258789,2059400
2010-07-12,31.780000686645508,31.81999969482422,31.579999923706055,31.75,2904600
2010-07-13,31.969999313354492,32.540000915527344,31.969999313354492,32.33000183105469,2302900
2010-07-14,32.310001373291016,32.86000061035156,32.04999923706055,32.790000915527344,2991100
2010-07-15,32.720001220703125,32.93000030517578,32.5,32.72999954223633,3572900
2010-07-16,32.56999969482422,32.7400016784668,32.099998474121094,32.13999938964844,2719400
2010-07-19,32.18000030517578,32.27000045776367,31.799999237060547,31.989999771118164,2045400
2010-07-20,31.75,32.27000045776367,31.610000610351562,32.2599983215332,2252300
2010-07-21,32.349998474121094,32.439998626708984,31.850000381469727,32.0099983215332,3194300
2010-07-22,32.45000076293945,32.459999084472656,29.530000686645508,29.6299991607666,16978100
2010-07-23,29.670000076293945,30.719999313354492,28.950000762939453,30.530000686645508,18031700
2010-07-26,30.610000610351562,30.899999618530273,29.950000762939453,30.5,8848700
2010-07-27,30.610000610351562,30.6299991607666,27.81999969482422,29.139999389648438,19241200
2010-07-28,29.170000076293945,29.209999084472656,28.139999389648438,28.93000030517578,8381800
2010-07-29,29.309999465942383,29.59000015258789,28.6299991607666,28.979999542236328,6359500
2010-07-30,28.649999618530273,30.200000762939453,28.530000686645508,29.969999313354492,10124300
2010-08-02,30.280000686645508,30.790000915527344,30.190000534057617,30.579999923706055,5920700
2010-08-03,30.600000381469727,30.600000381469727,29.93000030517578,29.979999542236328,3742300
2010-08-04,30.030000686645508,30.40999984741211,29.950000762939453,30.360000610351562,3213900
2010-08-05,30.079999923706055,30.3700008392334,29.899999618530273,30.34000015258789,3031700
2010-08-06,30.149999618530273,30.329999923706055,29.829999923706055,30.239999771118164,3252800
2010-08-09,30.260000228881836,30.360000610351562,29.889999389648438,30.049999237060547,2534600
2010-08-10,29.899999618530273,30.09000015258789,29.649999618530273,29.969999313354492,2854200
2010-08-11,29.540000915527344,29.540000915527344,29.049999237060547,29.1200008392334,3260300
2010-08-12,28.75,29.229999542236328,28.59000015258789,29.149999618530273,2301500
2010-08-13,29.010000228881836,29.1299991607666,28.690000534057617,29.040000915527344,1619700
2010-08-16,28.75,29.030000686645508,28.510000228881836,28.709999084472656,2586000
2010-08-17,28.950000762939453,29.559999465942383,28.729999542236328,29.489999771118164,2908500
2010-08-18,29.450000762939453,29.760000228881836,29.15999984741211,29.459999084472656,2603700
2010-08-19,29.299999237060547,29.40999984741211,28.75,29.170000076293945,2647100
2010-08-20,28.8700008392334,29.059999465942383,28.719999313354492,28.920000076293945,2571100
2010-08-23,29.0,29.229999542236328,28.520000457763672,28.540000915527344,2903500
2010-08-24,28.299999237060547,28.299999237060547,27.790000915527344,27.8700008392334,2736100
2010-08-25,27.700000762939453,28.06999969482422,27.5,27.920000076293945,2871800
2010-08-26,28.0,28.059999465942383,27.5,27.639999389648438,2269300
2010-08-27,27.75,27.75,27.09000015258789,27.729999542236328,3040100
2010-08-30,27.360000610351562,27.899999618530273,27.329999923706055,27.6200008392334,3629600
2010-08-31,27.440000534057617,27.690000534057617,27.209999084472656,27.280000686645508,2544700
2010-09-01,27.459999084472656,28.280000686645508,27.459999084472656,27.969999313354492,2825800
2010-09-02,27.989999771118164,28.270000457763672,27.860000610351562,28.079999923706055,2729600
2010-09-03,28.18000030517578,28.760000228881836,27.90999984741211,28.079999923706055,3637800
2010-09-07,27.989999771118164,28.200000762939453,27.739999771118164,28.030000686645508,2118200
2010-09-08,27.940000534057617,28.18000030517578,27.940000534057617,28.049999237060547,1581600
2010-09-09,28.239999771118164,28.360000610351562,28.1299991607666,28.25,1311300
2010-09-10,28.280000686645508,28.510000228881836,28.149999618530273,28.469999313354492,1613100
2010-09-13,28.700000762939453,28.790000915527344,28.3799991607666,28.5,1718200
2010-09-14,28.3799991607666,29.139999389648438,28.3799991607666,29.09000015258789,2814700
2010-09-15,29.040000915527344,30.56999969482422,28.950000762939453,30.25,5616000
2010-09-16,30.18000030517578,30.229999542236328,29.829999923706055,30.1299991607666,3481000
2010-09-17,30.260000228881836,30.5,30.049999237060547,30.18000030517578,2755400
2010-09-20,30.200000762939453,30.690000534057617,30.139999389648438,30.639999389648438,2027000
2010-09-21,30.639999389648438,30.84000015258789,30.43000030517578,30.790000915527344,2772600
2010-09-22,30.700000762939453,30.729999542236328,30.34000015258789,30.420000076293945,3857000
2010-09-23,30.239999771118164,30.90999984741211,30.049999237060547,30.34000015258789,3445800
2010-09-24,30.610000610351562,31.3700008392334,30.610000610351562,31.350000381469727,2270500
2010-09-27,31.200000762939453,31.81999969482422,30.530000686645508,30.950000762939453,4630300
2010-09-28,31.09000015258789,31.209999084472656,30.610000610351562,31.170000076293945,2811000
2010-09-29,31.040000915527344,31.1299991607666,30.709999084472656,30.760000228881836,3081100
2010-09-30,30.90999984741211,31.139999389648438,30.260000228881836,30.65999984741211,3907500
2010-10-01,30.850000381469727,30.969999313354492,30.399999618530273,30.850000381469727,3298300
2010-10-04,30.809999465942383,30.969999313354492,30.549999237060547,30.739999771118164,3112900
2010-10-05,30.809999465942383,31.670000076293945,30.809999465942383,31.5,3300800
2010-10-06,31.420000076293945,31.420000076293945,31.020000457763672,31.34000015258789,2642000
2010-10-07,31.579999923706055,32.099998474121094,31.489999771118164,31.690000534057617,4443100
2010-10-08,31.649999618530273,31.84000015258789,31.489999771118164,31.670000076293945,2138500
2010-10-11,31.760000228881836,32.15999984741211,31.739999771118164,31.790000915527344,1929100
2010-10-12,31.68000030517578,32.119998931884766,31.68000030517578,32.060001373291016,2549500
2010-10-13,32.150001525878906,32.400001525878906,32.060001373291016,32.369998931884766,1826400
2010-10-14,32.38999938964844,32.5,32.04999923706055,32.310001373291016,2336000
2010-10-15,32.5,32.599998474121094,32.18000030517578,32.290000915527344,2340500
2010-10-18,32.34000015258789,32.529998779296875,32.189998626708984,32.34000015258789,2562300
2010-10-19,32.029998779296875,32.029998779296875,31.3799991607666,31.559999465942383,2378500
2010-10-20,31.65999984741211,31.979999542236328,31.649999618530273,31.84000015258789,1974600
2010-10-21,32.02000045776367,32.5099983215332,31.780000686645508,32.36000061035156,3590100
2010-10-22,32.33000183105469,32.45000076293945,32.040000915527344,32.060001373291016,2109500
2010-10-25,32.189998626708984,32.81999969482422,32.0099983215332,32.029998779296875,3468900
2010-10-26,31.940000534057617,33.13999938964844,31.709999084472656,32.43000030517578,4875000
2010-10-27,32.939998626708984,33.439998626708984,32.630001068115234,33.220001220703125,4384700
2010-10-28,33.439998626708984,33.83000183105469,32.939998626708984,33.40999984741211,3152600
2010-10-29,33.310001373291016,33.349998474121094,32.70000076293945,32.83000183105469,3299100
2010-11-01,32.91999816894531,33.36000061035156,32.4900016784668,32.790000915527344,4261400
2010-11-02,33.029998779296875,33.22999954223633,31.100000381469727,31.950000762939453,7579600
2010-11-03,32.06999969482422,32.16999816894531,31.5,31.68000030517578,4135200
2010-11-04,31.950000762939453,32.099998474121094,31.81999969482422,31.959999084472656,3911700
2010-11-05,31.90999984741211,32.08000183105469,31.639999389648438,31.68000030517578,2586700
2010-11-08,31.510000228881836,31.690000534057617,31.329999923706055,31.450000762939453,2890300
2010-11-09,31.479999542236328,31.489999771118164,30.729999542236328,30.829999923706055,3959100
2010-11-10,30.739999771118164,31.489999771118164,30.6200008392334,31.469999313354492,3667800
2010-11-11,31.329999923706055,31.65999984741211,31.059999465942383,31.6299991607666,2014600
2010-11-12,31.510000228881836,31.56999969482422,31.190000534057617,31.31999969482422,1727700
2010-11-15,31.31999969482422,31.579999923706055,31.190000534057617,31.40999984741211,2081300
2010-11-16,31.110000610351562,31.350000381469727,30.770000457763672,30.989999771118164,2288600
2010-11-17,31.0,31.049999237060547,30.700000762939453,30.770000457763672,1715600
2010-11-18,30.889999389648438,31.520000457763672,30.700000762939453,31.440000534057617,4653700
2010-11-19,31.420000076293945,31.469999313354492,30.989999771118164,31.020000457763672,3547300
2010-11-22,30.940000534057617,31.229999542236328,30.940000534057617,31.110000610351562,3927100
2010-11-23,30.850000381469727,31.049999237060547,30.690000534057617,30.950000762939453,2376900
2010-11-24,31.010000228881836,31.219999313354492,30.739999771118164,30.940000534057617,1657500
2010-11-26,30.690000534057617,30.90999984741211,30.510000228881836,30.889999389648438,611300
2010-11-29,30.690000534057617,31.06999969482422,30.559999465942383,30.860000610351562,3589700
2010-11-30,30.610000610351562,30.959999084472656,30.559999465942383,30.850000381469727,3506400
2010-12-01,31.15999984741211,31.639999389648438,31.06999969482422,31.549999237060547,3372000
2010-12-02,31.540000915527344,31.93000030517578,31.43000030517578,31.8799991607666,2294100
2010-12-03,31.760000228881836,32.20000076293945,31.6299991607666,32.13999938964844,2521700
2010-12-06,32.13999938964844,32.290000915527344,31.959999084472656,32.18000030517578,2095800
2010-12-07,32.400001525878906,32.5,32.18000030517578,32.279998779296875,2471000
2010-12-08,32.290000915527344,32.310001373291016,31.579999923706055,31.719999313354492,2421200
2010-12-09,31.90999984741211,32.11000061035156,31.579999923706055,31.709999084472656,1337600
2010-12-10,31.729999542236328,32.11000061035156,31.68000030517578,32.11000061035156,1873500
2010-12-13,32.150001525878906,32.16999816894531,31.270000457763672,31.420000076293945,3071500
2010-12-14,31.670000076293945,32.09000015258789,31.59000015258789,31.940000534057617,2895000
2010-12-15,31.899999618530273,32.45000076293945,31.8799991607666,32.27000045776367,4239900
2010-12-16,32.349998474121094,32.75,31.899999618530273,32.68000030517578,3014000
2010-12-17,32.7599983215332,33.45000076293945,32.52000045776367,33.18000030517578,3874200
2010-12-20,33.380001068115234,33.470001220703125,33.18000030517578,33.380001068115234,1933700
2010-12-21,33.36000061035156,33.7599983215332,33.36000061035156,33.7400016784668,3743000
2010-12-22,33.70000076293945,34.5,33.66999816894531,34.13999938964844,3020500
2010-12-23,34.08000183105469,34.5,34.06999969482422,34.400001525878906,2254100
2010-12-27,34.25,34.45000076293945,34.119998931884766,34.29999923706055,1988700
2010-12-28,34.349998474121094,34.470001220703125,34.11000061035156,34.189998626708984,1160200
2010-12-29,34.27000045776367,34.720001220703125,34.220001220703125,34.63999938964844,1551800
2010-12-30,34.59000015258789,34.59000015258789,34.13999938964844,34.220001220703125,1538500
2010-12-31,34.119998931884766,34.27000045776367,34.060001373291016,34.119998931884766,1096500
2011-01-03,34.2599983215332,34.880001068115234,34.25,34.31999969482422,2607800
2011-01-04,34.43000030517578,34.47999954223633,33.90999984741211,33.939998626708984,2066300
2011-01-05,33.93000030517578,34.4900016784668,33.91999816894531,34.459999084472656,3705900
2011-01-06,34.400001525878906,35.02000045776367,34.34000015258789,34.86000061035156,3344200
2011-01-07,34.81999969482422,35.0,34.63999938964844,34.93000030517578,2971000
2011-01-10,34.86000061035156,34.91999816894531,34.560001373291016,34.72999954223633,2206900
2011-01-11,34.83000183105469,35.2400016784668,34.75,35.06999969482422,1931700
2011-01-12,35.209999084472656,35.25,34.7599983215332,34.86000061035156,1728600
2011-01-13,34.900001525878906,35.380001068115234,34.7400016784668,35.380001068115234,2058400
2011-01-14,35.279998779296875,35.45000076293945,34.939998626708984,35.43000030517578,2547600
2011-01-18,35.439998626708984,36.2599983215332,35.400001525878906,36.16999816894531,4899100
2011-01-19,36.08000183105469,36.150001525878906,35.38999938964844,35.54999923706055,2099900
2011-01-20,35.619998931884766,35.790000915527344,35.040000915527344,35.720001220703125,2324600
2011-01-21,35.869998931884766,36.29999923706055,35.720001220703125,36.099998474121094,5801200
2011-01-24,36.029998779296875,36.41999816894531,36.029998779296875,36.290000915527344,2464900
2011-01-25,36.189998626708984,36.310001373291016,35.75,35.95000076293945,2613600
2011-01-26,36.08000183105469,36.689998626708984,36.0099983215332,36.38999938964844,2804500
2011-01-27,36.5099983215332,37.08000183105469,36.47999954223633,36.81999969482422,3558200
2011-01-28,36.900001525878906,37.0,35.95000076293945,36.0,1931100
2011-01-31,36.13999938964844,36.380001068115234,35.84000015258789,35.86000061035156,2035100
2011-02-01,36.11000061035156,36.79999923706055,36.11000061035156,36.290000915527344,4903200
2011-02-02,35.58000183105469,36.290000915527344,35.310001373291016,35.52000045776367,3929500
2011-02-03,35.720001220703125,35.86000061035156,34.56999969482422,35.38999938964844,4873000
2011-02-04,35.380001068115234,36.709999084472656,34.400001525878906,36.560001373291016,4428100
2011-02-07,36.790000915527344,37.08000183105469,36.41999816894531,36.47999954223633,2523900
2011-02-08,35.810001373291016,36.7400016784668,35.810001373291016,36.560001373291016,2206500
2011-02-09,36.45000076293945,36.70000076293945,36.29999923706055,36.66999816894531,1700000
2011-02-10,36.58000183105469,36.709999084472656,36.29999923706055,36.709999084472656,1595800
2011-02-11,36.540000915527344,36.75,36.400001525878906,36.65999984741211,1695500
2011-02-14,36.56999969482422,36.88999938964844,36.52000045776367,36.869998931884766,1829600
2011-02-15,36.68000030517578,36.880001068115234,36.41999816894531,36.599998474121094,1608900
2011-02-16,36.599998474121094,36.650001525878906,35.9900016784668,36.369998931884766,2331400
2011-02-17,36.380001068115234,37.5099983215332,35.4900016784668,37.43000030517578,3588500
2011-02-18,37.349998474121094,37.79999923706055,37.2599983215332,37.790000915527344,2326900
2011-02-22,37.2599983215332,37.79999923706055,37.029998779296875,37.400001525878906,2634300
2011-02-23,37.29999923706055,37.29999923706055,36.619998931884766,36.84000015258789,2384300
2011-02-24,36.95000076293945,36.970001220703125,36.34000015258789,36.72999954223633,1796100
2011-02-25,36.869998931884766,37.43000030517578,36.7400016784668,37.38999938964844,1322400
2011-02-28,37.5099983215332,37.95000076293945,37.5099983215332,37.90999984741211,2546100
2011-03-01,37.90999984741211,37.9900016784668,37.29999923706055,37.310001373291016,2060000
2011-03-02,37.34000015258789,37.599998474121094,37.099998474121094,37.15999984741211,2330500
2011-03-03,37.47999954223633,37.779998779296875,37.290000915527344,37.61000061035156,2246400
2011-03-04,37.66999816894531,37.720001220703125,37.20000076293945,37.66999816894531,2064600
2011-03-07,37.81999969482422,37.970001220703125,37.08000183105469,37.29999923706055,2032900
2011-03-08,37.279998779296875,37.709999084472656,37.150001525878906,37.54999923706055,1282600
2011-03-09,37.40999984741211,38.83000183105469,37.220001220703125,38.45000076293945,3535600
2011-03-10,38.130001068115234,38.130001068115234,37.470001220703125,37.540000915527344,1572700
2011-03-11,37.2599983215332,37.7400016784668,36.869998931884766,37.02000045776367,2184500
2011-03-14,36.66999816894531,37.09000015258789,36.5,36.619998931884766,1906200
2011-03-15,36.150001525878906,36.709999084472656,35.97999954223633,36.439998626708984,3518800
2011-03-16,36.279998779296875,36.91999816894531,35.95000076293945,36.599998474121094,4613900
2011-03-17,36.959999084472656,37.119998931884766,36.52000045776367,36.619998931884766,2515900
2011-03-18,36.959999084472656,37.54999923706055,36.86000061035156,37.29999923706055,2980800
2011-03-21,37.61000061035156,38.459999084472656,37.5099983215332,37.849998474121094,2708100
2011-03-22,37.900001525878906,38.45000076293945,37.900001525878906,38.29999923706055,2660600
2011-03-23,38.02000045776367,38.29999923706055,37.83000183105469,38.150001525878906,2394200
2011-03-24,38.29999923706055,39.20000076293945,38.220001220703125,39.060001373291016,2518000
2011-03-25,39.06999969482422,39.47999954223633,39.06999969482422,39.290000915527344,2379300
2011-03-28,39.34000015258789,39.4900016784668,39.06999969482422,39.380001068115234,1990400
2011-03-29,39.29999923706055,39.849998474121094,39.25,39.72999954223633,1710800
2011-03-30,39.900001525878906,39.900001525878906,39.369998931884766,39.459999084472656,2184900
2011-03-31,39.380001068115234,39.619998931884766,39.290000915527344,39.560001373291016,1515700
2011-04-01,39.75,40.560001373291016,39.70000076293945,40.349998474121094,4156500
2011-04-04,40.529998779296875,40.880001068115234,40.2599983215332,40.56999969482422,2112800
2011-04-05,40.41999816894531,40.709999084472656,40.2400016784668,40.58000183105469,2236500
2011-04-06,40.75,40.790000915527344,39.630001068115234,40.56999969482422,2608700
2011-04-07,40.209999084472656,40.630001068115234,40.06999969482422,40.58000183105469,1831900
2011-04-08,40.86000061035156,40.90999984741211,40.060001373291016,40.20000076293945,2541000
2011-04-11,40.290000915527344,40.459999084472656,40.040000915527344,40.13999938964844,2097400
2011-04-12,40.0099983215332,40.189998626708984,39.470001220703125,39.599998474121094,2775500
2011-04-13,39.779998779296875,39.970001220703125,39.38999938964844,39.650001525878906,1832200
2011-04-14,39.47999954223633,39.7400016784668,39.150001525878906,39.63999938964844,2028100
2011-04-15,39.810001373291016,39.93000030517578,39.5,39.59000015258789,2685400
2011-04-18,39.310001373291016,39.75,38.86000061035156,39.5,2477600
2011-04-19,39.5,39.81999969482422,39.45000076293945,39.77000045776367,1869800
2011-04-20,40.13999938964844,40.66999816894531,40.060001373291016,40.4900016784668,1536500
2011-04-21,40.54999923706055,40.599998474121094,40.27000045776367,40.54999923706055,1402800
2011-04-25,40.470001220703125,40.970001220703125,40.150001525878906,40.959999084472656,2629800
2011-04-26,41.209999084472656,41.529998779296875,40.810001373291016,41.08000183105469,1900000
2011-04-27,41.09000015258789,42.119998931884766,41.09000015258789,42.029998779296875,3182000
2011-04-28,42.18000030517578,42.5,40.22999954223633,41.0,5874400
2011-04-29,41.15999984741211,41.15999984741211,39.77000045776367,40.63999938964844,4500000
2011-05-02,40.7599983215332,41.22999954223633,40.459999084472656,41.16999816894531,4350500
2011-05-03,41.16999816894531,41.58000183105469,40.79999923706055,41.150001525878906,2324500
2011-05-04,41.099998474121094,41.11000061035156,40.630001068115234,40.7599983215332,2743500
2011-05-05,40.61000061035156,41.380001068115234,40.38999938964844,41.029998779296875,2363400
2011-05-06,41.310001373291016,41.849998474121094,41.29999923706055,41.470001220703125,1860200
2011-05-09,41.45000076293945,42.459999084472656,41.369998931884766,42.220001220703125,2335800
2011-05-10,42.2599983215332,42.41999816894531,41.959999084472656,42.310001373291016,2074200
2011-05-11,42.31999969482422,42.5,41.97999954223633,42.209999084472656,1972500
2011-05-12,42.0099983215332,42.4900016784668,41.77000045776367,42.439998626708984,2089400
2011-05-13,42.38999938964844,42.5,41.79999923706055,42.040000915527344,1351800
2011-05-16,41.90999984741211,42.45000076293945,41.79999923706055,42.27000045776367,1906100
2011-05-17,42.06999969482422,42.09000015258789,41.349998474121094,42.040000915527344,2485300
2011-05-18,42.0099983215332,42.0099983215332,41.70000076293945,41.84000015258789,2803200
2011-05-19,42.04999923706055,42.13999938964844,41.599998474121094,41.83000183105469,2644900
2011-05-20,41.75,41.77000045776367,41.4900016784668,41.59000015258789,1667100
2011-05-23,41.13999938964844,41.47999954223633,40.90999984741211,41.349998474121094,2167200
2011-05-24,41.36000061035156,41.36000061035156,40.900001525878906,40.90999984741211,2035200
2011-05-25,40.900001525878906,41.619998931884766,40.900001525878906,41.52000045776367,2202500
2011-05-26,41.5099983215332,41.58000183105469,41.040000915527344,41.43000030517578,1416900
2011-05-27,41.2599983215332,41.40999984741211,40.56999969482422,41.060001373291016,2430200
2011-05-31,41.36000061035156,41.5099983215332,40.970001220703125,41.220001220703125,2189400
2011-06-01,41.09000015258789,41.400001525878906,40.70000076293945,40.709999084472656,1635800
2011-06-02,40.68000030517578,40.810001373291016,40.150001525878906,40.75,1682900
2011-06-03,40.25,40.5,40.150001525878906,40.349998474121094,1957700
2011-06-06,40.220001220703125,40.59000015258789,40.18000030517578,40.45000076293945,1747200
2011-06-07,40.63999938964844,41.029998779296875,40.2400016784668,40.90999984741211,2631700
2011-06-08,40.7599983215332,41.02000045776367,40.599998474121094,40.970001220703125,2485800
2011-06-09,40.970001220703125,41.689998626708984,40.779998779296875,41.540000915527344,2498600
2011-06-10,41.459999084472656,41.470001220703125,40.81999969482422,41.119998931884766,2951000
2011-06-13,41.130001068115234,41.20000076293945,40.7400016784668,40.79999923706055,1808000
2011-06-14,41.08000183105469,41.36000061035156,40.81999969482422,41.2400016784668,2133300
2011-06-15,41.04999923706055,41.43000030517578,40.90999984741211,41.040000915527344,2211700
2011-06-16,41.11000061035156,41.11000061035156,40.470001220703125,41.060001373291016,2474900
2011-06-17,41.27000045776367,41.459999084472656,40.95000076293945,41.0,2009900
2011-06-20,40.9900016784668,41.43000030517578,40.9900016784668,41.38999938964844,1187100
2011-06-21,41.400001525878906,41.720001220703125,41.369998931884766,41.58000183105469,1632500
2011-06-22,41.56999969482422,41.65999984741211,41.209999084472656,41.22999954223633,1467400
2011-06-23,41.099998474121094,41.380001068115234,40.40999984741211,41.310001373291016,2394100
2011-06-24,41.25,41.34000015258789,40.04999923706055,40.13999938964844,2953900
2011-06-27,39.959999084472656,40.84000015258789,39.79999923706055,40.650001525878906,2654500
2011-06-28,40.689998626708984,41.45000076293945,40.689998626708984,41.400001525878906,1771900
2011-06-29,41.599998474121094,41.61000061035156,41.06999969482422,41.09000015258789,2821400
2011-06-30,41.279998779296875,41.650001525878906,41.22999954223633,41.400001525878906,2034000
2011-07-01,41.369998931884766,42.130001068115234,41.18000030517578,42.119998931884766,3024100
2011-07-05,42.02000045776367,42.36000061035156,41.91999816894531,42.279998779296875,1310800
2011-07-06,42.189998626708984,43.27000045776367,42.08000183105469,43.09000015258789,2480600
2011-07-07,43.36000061035156,43.470001220703125,42.84000015258789,43.04999923706055,1326300
2011-07-08,42.68000030517578,42.77000045776367,42.36000061035156,42.650001525878906,1509200
2011-07-11,42.29999923706055,42.650001525878906,42.11000061035156,42.310001373291016,1450400
2011-07-12,42.27000045776367,42.84000015258789,42.20000076293945,42.279998779296875,1684100
2011-07-13,42.5,42.779998779296875,42.20000076293945,42.31999969482422,877000
2011-07-14,42.47999954223633,42.9900016784668,42.150001525878906,42.220001220703125,1404600
2011-07-15,42.36000061035156,42.36000061035156,41.7400016784668,41.9900016784668,1235100
2011-07-18,41.16999816894531,41.689998626708984,40.72999954223633,41.20000076293945,1759800
2011-07-19,41.38999938964844,41.880001068115234,41.220001220703125,41.849998474121094,1707000
2011-07-20,41.91999816894531,41.93000030517578,41.58000183105469,41.75,1194500
2011-07-21,39.75,39.90999984741211,37.619998931884766,39.2599983215332,16958600
2011-07-22,39.88999938964844,40.779998779296875,39.58000183105469,40.52000045776367,5589200
2011-07-25,40.33000183105469,40.58000183105469,40.060001373291016,40.349998474121094,2825900
2011-07-26,40.2599983215332,40.290000915527344,39.86000061035156,39.93000030517578,2142700
2011-07-27,39.77000045776367,40.11000061035156,38.95000076293945,39.0099983215332,3377600
2011-07-28,41.869998931884766,42.06999969482422,37.63999938964844,38.720001220703125,10974600
2011-07-29,38.25,38.849998474121094,37.970001220703125,38.310001373291016,6162200
2011-08-01,38.349998474121094,39.310001373291016,36.880001068115234,37.72999954223633,6439700
2011-08-02,37.720001220703125,37.88999938964844,37.439998626708984,37.72999954223633,5937500
2011-08-03,37.849998474121094,38.209999084472656,37.38999938964844,38.15999984741211,4564400
2011-08-04,37.61000061035156,37.810001373291016,36.2599983215332,36.2599983215332,4367900
2011-08-05,36.86000061035156,37.279998779296875,35.650001525878906,36.810001373291016,4519600
2011-08-08,36.31999969482422,36.529998779296875,34.61000061035156,34.630001068115234,4277200
2011-08-09,35.119998931884766,36.709999084472656,34.33000183105469,36.630001068115234,7094700
2011-08-10,36.060001373291016,36.33000183105469,35.150001525878906,35.2400016784668,4815200
2011-08-11,35.720001220703125,38.0,35.5,37.439998626708984,3937800
2011-08-12,37.849998474121094,38.34000015258789,37.2400016784668,38.29999923706055,3838800
2011-08-15,38.810001373291016,38.900001525878906,38.189998626708984,38.88999938964844,2849800
2011-08-16,38.61000061035156,38.720001220703125,37.900001525878906,38.5,3827400
2011-08-17,38.540000915527344,38.95000076293945,38.310001373291016,38.689998626708984,2140000
2011-08-18,37.630001068115234,38.130001068115234,37.20000076293945,37.689998626708984,5549900
2011-08-19,37.29999923706055,37.95000076293945,37.099998474121094,37.540000915527344,3897400
2011-08-22,38.220001220703125,38.2400016784668,37.27000045776367,37.38999938964844,3964900
2011-08-23,37.41999816894531,38.290000915527344,37.209999084472656,38.2599983215332,3492700
2011-08-24,38.130001068115234,38.43000030517578,37.47999954223633,38.189998626708984,3106200
2011-08-25,38.27000045776367,38.47999954223633,37.47999954223633,37.58000183105469,2771800
2011-08-26,37.40999984741211,38.75,36.7400016784668,38.47999954223633,2738700
2011-08-29,38.790000915527344,39.31999969482422,38.790000915527344,39.22999954223633,1516900
2011-08-30,38.93000030517578,39.529998779296875,38.779998779296875,39.27000045776367,2645200
2011-08-31,39.66999816894531,40.0,39.279998779296875,39.58000183105469,2562300
2011-09-01,39.47999954223633,40.369998931884766,39.27000045776367,39.47999954223633,2773400
2011-09-02,38.84000015258789,39.599998474121094,38.75,38.810001373291016,1987900
2011-09-06,37.869998931884766,39.09000015258789,37.45000076293945,39.06999969482422,3023400
2011-09-07,39.38999938964844,40.0,39.04999923706055,39.970001220703125,1514600
2011-09-08,39.880001068115234,40.310001373291016,39.56999969482422,39.7400016784668,2043300
2011-09-09,39.36000061035156,39.36000061035156,38.25,38.400001525878906,2776300
2011-09-12,37.709999084472656,38.16999816894531,37.34000015258789,38.08000183105469,2708100
2011-09-13,38.08000183105469,38.63999938964844,37.880001068115234,38.52000045776367,1959700
2011-09-14,38.70000076293945,39.58000183105469,38.04999923706055,39.16999816894531,1985600
2011-09-15,39.58000183105469,39.630001068115234,37.61000061035156,38.58000183105469,4256300
2011-09-16,38.779998779296875,39.93000030517578,38.77000045776367,39.310001373291016,4420900
2011-09-19,38.75,39.58000183105469,38.7400016784668,39.40999984741211,2454500
2011-09-20,39.70000076293945,40.369998931884766,39.33000183105469,39.689998626708984,2135300
2011-09-21,39.7599983215332,39.95000076293945,38.349998474121094,38.369998931884766,1830600
2011-09-22,37.290000915527344,38.209999084472656,37.20000076293945,38.0,3813000
2011-09-23,37.65999984741211,38.150001525878906,37.400001525878906,37.7599983215332,2363900
2011-09-26,37.95000076293945,38.959999084472656,37.279998779296875,38.90999984741211,3041400
2011-09-27,39.88999938964844,40.029998779296875,39.0099983215332,39.15999984741211,2759000
2011-09-28,39.220001220703125,39.349998474121094,38.56999969482422,38.599998474121094,2239800
2011-09-29,39.130001068115234,39.52000045776367,37.369998931884766,37.720001220703125,3563100
2011-09-30,37.470001220703125,38.290000915527344,37.150001525878906,37.27000045776367,3282600
2011-10-03,37.0099983215332,37.59000015258789,35.720001220703125,35.7400016784668,5382100
2011-10-04,35.25,36.2599983215332,34.779998779296875,35.91999816894531,5200000
2011-10-05,35.91999816894531,36.90999984741211,35.810001373291016,36.380001068115234,4209000
2011-10-06,36.65999984741211,36.65999984741211,34.7400016784668,36.099998474121094,5640800
2011-10-07,36.209999084472656,36.41999816894531,35.33000183105469,35.779998779296875,3512900
2011-10-10,36.31999969482422,37.189998626708984,36.279998779296875,37.08000183105469,1911400
2011-10-11,36.7400016784668,37.130001068115234,36.650001525878906,37.0099983215332,1283700
2011-10-12,37.22999954223633,37.900001525878906,36.90999984741211,37.619998931884766,3340100
2011-10-13,37.529998779296875,37.97999954223633,37.36000061035156,37.939998626708984,2155000
2011-10-14,38.290000915527344,38.470001220703125,37.97999954223633,38.18000030517578,1525200
2011-10-17,37.900001525878906,38.25,37.81999969482422,37.88999938964844,1209400
2011-10-18,37.810001373291016,38.689998626708984,37.400001525878906,38.36000061035156,1654200
2011-10-19,38.40999984741211,38.810001373291016,38.029998779296875,38.189998626708984,1712900
2011-10-20,38.38999938964844,38.810001373291016,38.029998779296875,38.75,2544000
2011-10-21,39.16999816894531,39.720001220703125,39.04999923706055,39.709999084472656,1627800
2011-10-24,39.84000015258789,40.650001525878906,39.709999084472656,40.650001525878906,1734700
2011-10-25,40.2599983215332,40.650001525878906,39.54999923706055,39.599998474121094,1897900
2011-10-26,40.27000045776367,41.119998931884766,40.27000045776367,40.900001525878906,3778100
2011-10-27,40.95000076293945,42.150001525878906,40.95000076293945,41.97999954223633,3019600
2011-10-28,42.31999969482422,42.31999969482422,41.310001373291016,42.08000183105469,1890300
2011-10-31,41.81999969482422,41.959999084472656,40.720001220703125,40.79999923706055,2971700
2011-11-01,39.5099983215332,40.689998626708984,38.40999984741211,40.040000915527344,2762300
2011-11-02,40.5099983215332,40.70000076293945,39.619998931884766,39.869998931884766,1972600
2011-11-03,40.209999084472656,40.47999954223633,39.75,39.91999816894531,3183200
2011-11-04,39.66999816894531,39.79999923706055,38.95000076293945,39.220001220703125,2672300
2011-11-07,39.349998474121094,39.72999954223633,38.939998626708984,39.720001220703125,1509400
2011-11-08,39.79999923706055,39.79999923706055,39.09000015258789,39.58000183105469,1444300
2011-11-09,38.529998779296875,38.970001220703125,37.97999954223633,38.22999954223633,3302200
2011-11-10,38.66999816894531,38.90999984741211,38.09000015258789,38.72999954223633,1895100
2011-11-11,39.20000076293945,40.06999969482422,39.18000030517578,39.66999816894531,1874800
2011-11-14,39.459999084472656,39.720001220703125,39.16999816894531,39.189998626708984,1538500
2011-11-15,38.9900016784668,39.459999084472656,38.70000076293945,39.349998474121094,1953400
2011-11-16,39.06999969482422,39.06999969482422,38.04999923706055,38.08000183105469,1791300
2011-11-17,38.029998779296875,38.18000030517578,37.36000061035156,37.52000045776367,1962500
2011-11-18,37.779998779296875,37.84000015258789,37.25,37.279998779296875,1981000
2011-11-21,36.900001525878906,36.9900016784668,36.2599983215332,36.720001220703125,2266500
2011-11-22,36.56999969482422,37.15999984741211,36.36000061035156,36.630001068115234,2546400
2011-11-23,36.369998931884766,36.66999816894531,36.06999969482422,36.369998931884766,1410500
2011-11-25,36.380001068115234,36.5099983215332,35.75,35.97999954223633,1317100
2011-11-28,36.86000061035156,37.09000015258789,36.2400016784668,36.439998626708984,1670100
2011-11-29,36.65999984741211,36.7400016784668,36.150001525878906,36.380001068115234,2799000
2011-11-30,37.310001373291016,37.560001373291016,36.790000915527344,37.150001525878906,3386400
2011-12-01,37.02000045776367,37.470001220703125,36.959999084472656,37.2400016784668,2250400
2011-12-02,37.599998474121094,37.650001525878906,36.849998474121094,37.0099983215332,2119800
2011-12-05,37.5,37.560001373291016,36.36000061035156,36.61000061035156,3056200
2011-12-06,36.75,36.93000030517578,36.439998626708984,36.439998626708984,2323400
2011-12-07,36.31999969482422,36.779998779296875,36.220001220703125,36.59000015258789,2931500
2011-12-08,36.47999954223633,36.619998931884766,36.220001220703125,36.279998779296875,2666200
2011-12-09,36.380001068115234,36.70000076293945,36.220001220703125,36.369998931884766,2085300
2011-12-12,36.150001525878906,36.27000045776367,35.72999954223633,35.84000015258789,2248200
2011-12-13,36.060001373291016,36.5,35.77000045776367,35.86000061035156,4220000
2011-12-14,35.630001068115234,35.95000076293945,35.560001373291016,35.56999969482422,2847600
2011-12-15,35.86000061035156,36.310001373291016,35.720001220703125,35.79999923706055,1831400
2011-12-16,36.56999969482422,36.9900016784668,36.31999969482422,36.75,5807900
2011-12-19,36.66999816894531,36.900001525878906,36.29999923706055,36.470001220703125,2717700
2011-12-20,36.86000061035156,37.290000915527344,36.7400016784668,37.099998474121094,2501900
2011-12-21,37.150001525878906,37.29999923706055,36.779998779296875,37.040000915527344,1538200
2011-12-22,37.040000915527344,37.33000183105469,36.959999084472656,37.08000183105469,1550900
2011-12-23,37.310001373291016,37.459999084472656,37.119998931884766,37.41999816894531,1338700
2011-12-27,37.31999969482422,37.790000915527344,37.25,37.709999084472656,885200
2011-12-28,37.72999954223633,37.7599983215332,36.79999923706055,36.83000183105469,1306900
2011-12-29,36.869998931884766,37.400001525878906,36.810001373291016,37.33000183105469,893600
2011-12-30,37.279998779296875,37.439998626708984,37.16999816894531,37.189998626708984,839400
2012-01-03,37.77000045776367,38.380001068115234,37.68000030517578,38.06999969482422,1938000
2012-01-04,38.060001373291016,38.31999969482422,37.75,38.20000076293945,1603000
2012-01-05,37.88999938964844,38.4900016784668,37.81999969482422,38.4900016784668,2376000
2012-01-06,38.5,38.720001220703125,38.25,38.59000015258789,1775100
2012-01-09,38.58000183105469,38.720001220703125,38.150001525878906,38.56999969482422,1222700
2012-01-10,38.849998474121094,39.15999984741211,38.68000030517578,39.0099983215332,1535300
2012-01-11,38.88999938964844,38.91999816894531,38.45000076293945,38.61000061035156,1130800
2012-01-12,38.779998779296875,38.93000030517578,38.56999969482422,38.84000015258789,1248100
2012-01-13,38.41999816894531,38.540000915527344,37.68000030517578,37.79999923706055,2481300
2012-01-17,38.29999923706055,38.56999969482422,38.099998474121094,38.29999923706055,1531300
2012-01-18,38.459999084472656,39.040000915527344,38.189998626708984,39.040000915527344,1616000
2012-01-19,38.939998626708984,39.459999084472656,38.72999954223633,39.400001525878906,1675100
2012-01-20,39.470001220703125,40.119998931884766,39.349998474121094,40.09000015258789,2798400
2012-01-23,39.9900016784668,40.220001220703125,39.459999084472656,39.79999923706055,2544300
2012-01-24,39.630001068115234,39.75,39.470001220703125,39.54999923706055,1936900
2012-01-25,39.45000076293945,39.810001373291016,39.02000045776367,39.720001220703125,2231800
2012-01-26,38.880001068115234,39.33000183105469,37.529998779296875,39.0,6379700
2012-01-27,38.90999984741211,39.650001525878906,38.560001373291016,38.97999954223633,3142600
2012-01-30,38.880001068115234,39.0,38.560001373291016,38.81999969482422,3913100
2012-01-31,39.02000045776367,39.68000030517578,38.86000061035156,38.970001220703125,2775600
2012-02-01,39.22999954223633,39.900001525878906,39.130001068115234,39.810001373291016,2389200
2012-02-02,39.58000183105469,39.790000915527344,38.93000030517578,39.34000015258789,2611700
2012-02-03,39.54999923706055,39.720001220703125,39.08000183105469,39.22999954223633,2692100
2012-02-06,39.099998474121094,39.31999969482422,38.849998474121094,38.97999954223633,2548000
2012-02-07,38.849998474121094,38.970001220703125,38.459999084472656,38.869998931884766,2037800
2012-02-08,38.97999954223633,39.52000045776367,38.72999954223633,39.349998474121094,2135300
2012-02-09,39.33000183105469,39.33000183105469,38.95000076293945,38.970001220703125,1483600
2012-02-10,38.810001373291016,38.880001068115234,38.380001068115234,38.599998474121094,1855400
2012-02-13,37.68000030517578,38.04999923706055,36.90999984741211,37.209999084472656,8235000
2012-02-14,37.13999938964844,37.79999923706055,37.13999938964844,37.54999923706055,4704100
2012-02-15,37.58000183105469,37.720001220703125,36.63999938964844,36.709999084472656,3655400
2012-02-16,36.650001525878906,36.9900016784668,36.61000061035156,36.959999084472656,2789800
2012-02-17,37.040000915527344,37.150001525878906,36.560001373291016,36.68000030517578,3168100
2012-02-21,36.70000076293945,36.7599983215332,36.11000061035156,36.189998626708984,3091000
2012-02-22,36.279998779296875,36.84000015258789,36.220001220703125,36.79999923706055,4185800
2012-02-23,36.88999938964844,37.45000076293945,36.88999938964844,37.439998626708984,2907200
2012-02-24,37.380001068115234,37.75,37.130001068115234,37.70000076293945,2312500
2012-02-27,37.470001220703125,37.84000015258789,37.45000076293945,37.70000076293945,2284200
2012-02-28,37.709999084472656,37.869998931884766,37.58000183105469,37.70000076293945,1985800
2012-02-29,37.65999984741211,37.790000915527344,37.31999969482422,37.369998931884766,2770600
2012-03-01,37.189998626708984,37.619998931884766,37.189998626708984,37.29999923706055,2821500
2012-03-02,37.220001220703125,37.29999923706055,36.560001373291016,36.59000015258789,2262500
2012-03-05,36.540000915527344,36.880001068115234,36.459999084472656,36.54999923706055,2289400
2012-03-06,36.36000061035156,36.810001373291016,36.20000076293945,36.279998779296875,3321300
2012-03-07,36.400001525878906,36.90999984741211,36.310001373291016,36.849998474121094,1638900
2012-03-08,37.0,37.5099983215332,36.90999984741211,37.45000076293945,3583900
2012-03-09,37.45000076293945,37.95000076293945,37.380001068115234,37.86000061035156,3661500
2012-03-12,37.790000915527344,38.04999923706055,37.70000076293945,37.7400016784668,1948200
2012-03-13,37.97999954223633,38.099998474121094,37.650001525878906,38.02000045776367,3130600
2012-03-14,37.880001068115234,38.5099983215332,37.81999969482422,38.2400016784668,3182500
2012-03-15,38.2400016784668,38.25,37.810001373291016,37.90999984741211,2487700
2012-03-16,38.060001373291016,38.540000915527344,38.060001373291016,38.31999969482422,3077500
2012-03-19,38.220001220703125,38.68000030517578,38.119998931884766,38.560001373291016,2628500
2012-03-20,38.29999923706055,38.849998474121094,38.29999923706055,38.810001373291016,3602800
2012-03-21,38.689998626708984,38.790000915527344,38.52000045776367,38.560001373291016,2665800
2012-03-22,38.279998779296875,38.7400016784668,38.2599983215332,38.290000915527344,2283300
2012-03-23,38.13999938964844,39.20000076293945,38.13999938964844,38.959999084472656,2965500
2012-03-26,39.150001525878906,39.599998474121094,39.0099983215332,39.599998474121094,2328100
2012-03-27,39.68000030517578,39.70000076293945,39.38999938964844,39.47999954223633,2265900
2012-03-28,39.470001220703125,39.66999816894531,38.95000076293945,39.08000183105469,1812800
2012-03-29,38.84000015258789,39.27000045776367,38.83000183105469,39.20000076293945,1860700
2012-03-30,39.4900016784668,39.7599983215332,39.150001525878906,39.65999984741211,2769300
2012-04-02,39.70000076293945,39.7400016784668,39.029998779296875,39.189998626708984,2359400
2012-04-03,39.130001068115234,39.220001220703125,38.459999084472656,38.68000030517578,2894800
2012-04-04,38.400001525878906,38.790000915527344,38.29999923706055,38.47999954223633,2198700
2012-04-05,38.279998779296875,38.540000915527344,38.20000076293945,38.220001220703125,2421900
2012-04-09,38.099998474121094,38.70000076293945,37.650001525878906,38.439998626708984,2507400
2012-04-10,38.459999084472656,38.86000061035156,38.25,38.38999938964844,3277700
2012-04-11,38.720001220703125,38.849998474121094,38.52000045776367,38.779998779296875,2632900
2012-04-12,39.0,39.4900016784668,38.779998779296875,38.810001373291016,3371600
2012-04-13,38.029998779296875,38.34000015258789,37.4900016784668,37.529998779296875,3816300
2012-04-16,37.619998931884766,37.72999954223633,37.38999938964844,37.47999954223633,2757300
2012-04-17,37.70000076293945,38.380001068115234,37.599998474121094,38.220001220703125,2317000
2012-04-18,38.11000061035156,38.20000076293945,37.40999984741211,37.45000076293945,3737000
2012-04-19,37.540000915527344,37.7400016784668,37.22999954223633,37.47999954223633,2585400
2012-04-20,37.709999084472656,37.900001525878906,37.52000045776367,37.75,2240500
2012-04-23,36.79999923706055,37.68000030517578,36.279998779296875,37.4900016784668,2768900
2012-04-24,37.41999816894531,37.720001220703125,37.22999954223633,37.5,2520300
2012-04-25,37.70000076293945,38.16999816894531,37.5099983215332,37.849998474121094,2965800
2012-04-26,37.869998931884766,37.869998931884766,36.869998931884766,36.970001220703125,4175200
2012-04-27,37.150001525878906,37.20000076293945,36.599998474121094,36.900001525878906,3167000
2012-04-30,36.849998474121094,37.33000183105469,36.810001373291016,37.209999084472656,2093400
2012-05-01,37.060001373291016,37.58000183105469,36.900001525878906,37.29999923706055,4151300
2012-05-02,37.25,37.5099983215332,37.13999938964844,37.209999084472656,2158700
2012-05-03,37.15999984741211,37.189998626708984,36.439998626708984,36.54999923706055,3201400
2012-05-04,36.540000915527344,36.619998931884766,36.150001525878906,36.16999816894531,2117100
2012-05-07,36.11000061035156,36.310001373291016,35.88999938964844,35.95000076293945,3622400
2012-05-08,35.68000030517578,36.220001220703125,35.47999954223633,36.15999984741211,4819800
2012-05-09,35.91999816894531,36.25,35.59000015258789,36.0099983215332,2492400
2012-05-10,36.36000061035156,37.119998931884766,36.279998779296875,36.58000183105469,4883100
2012-05-11,36.45000076293945,37.029998779296875,36.45000076293945,36.619998931884766,1847100
2012-05-14,36.36000061035156,36.869998931884766,36.2400016784668,36.650001525878906,1931800
2012-05-15,36.540000915527344,36.88999938964844,36.349998474121094,36.400001525878906,1947600
2012-05-16,36.540000915527344,37.0099983215332,36.47999954223633,36.70000076293945,3174600
2012-05-17,36.52000045776367,36.7599983215332,36.439998626708984,36.439998626708984,2473900
2012-05-18,36.45000076293945,36.65999984741211,35.939998626708984,35.9900016784668,3549300
2012-05-21,35.97999954223633,36.41999816894531,35.970001220703125,36.08000183105469,1959600
2012-05-22,36.68000030517578,36.72999954223633,36.09000015258789,36.25,2029100
2012-05-23,36.13999938964844,36.5,35.97999954223633,36.310001373291016,2000000
2012-05-24,36.310001373291016,36.560001373291016,36.119998931884766,36.459999084472656,1441200
2012-05-25,36.529998779296875,36.9900016784668,36.439998626708984,36.900001525878906,1442500
2012-05-29,37.0,37.099998474121094,36.38999938964844,36.5099983215332,2286200
2012-05-30,36.36000061035156,37.060001373291016,36.220001220703125,36.849998474121094,3984400
2012-05-31,36.79999923706055,37.2599983215332,36.540000915527344,36.9900016784668,3966500
2012-06-01,36.650001525878906,36.83000183105469,36.2599983215332,36.279998779296875,2200800
2012-06-04,36.2400016784668,36.45000076293945,36.02000045776367,36.40999984741211,2551700
2012-06-05,36.279998779296875,36.810001373291016,36.04999923706055,36.75,1654800
2012-06-06,36.90999984741211,37.31999969482422,36.58000183105469,37.290000915527344,1627000
2012-06-07,37.529998779296875,37.58000183105469,36.939998626708984,36.97999954223633,1834100
2012-06-08,36.88999938964844,37.27000045776367,36.88999938964844,37.060001373291016,1281700
2012-06-11,37.290000915527344,37.290000915527344,36.459999084472656,36.459999084472656,1550400
2012-06-12,36.470001220703125,37.02000045776367,36.209999084472656,37.0,2301700
2012-06-13,36.900001525878906,37.060001373291016,36.349998474121094,36.45000076293945,2026700
2012-06-14,36.7599983215332,37.119998931884766,36.68000030517578,36.959999084472656,1575700
2012-06-15,37.150001525878906,37.29999923706055,36.900001525878906,37.290000915527344,2612100
2012-06-18,37.189998626708984,38.029998779296875,37.119998931884766,37.810001373291016,1682400
2012-06-19,37.86000061035156,38.529998779296875,37.779998779296875,38.040000915527344,2137600
2012-06-20,37.91999816894531,38.13999938964844,37.619998931884766,37.959999084472656,1302100
2012-06-21,38.04999923706055,38.189998626708984,37.61000061035156,37.689998626708984,1609400
2012-06-22,37.90999984741211,38.06999969482422,37.58000183105469,37.93000030517578,1729700
2012-06-25,37.58000183105469,37.849998474121094,37.43000030517578,37.75,2837600
2012-06-26,37.810001373291016,38.0,37.56999969482422,37.709999084472656,1814200
2012-06-27,37.65999984741211,38.20000076293945,37.58000183105469,38.130001068115234,1708900
2012-06-28,37.95000076293945,38.810001373291016,37.5,38.7400016784668,2590600
2012-06-29,39.08000183105469,39.349998474121094,38.91999816894531,39.349998474121094,2043900
2012-07-02,39.529998779296875,39.869998931884766,39.400001525878906,39.849998474121094,2006400
2012-07-03,39.849998474121094,39.880001068115234,39.56999969482422,39.779998779296875,958600
2012-07-05,39.54999923706055,39.75,39.310001373291016,39.459999084472656,1223500
2012-07-06,39.130001068115234,39.43000030517578,38.689998626708984,38.7599983215332,2013700
2012-07-09,38.630001068115234,39.040000915527344,38.630001068115234,38.900001525878906,1534200
2012-07-10,39.060001373291016,39.220001220703125,38.720001220703125,38.939998626708984,2601600
2012-07-11,38.91999816894531,39.5,38.91999816894531,39.290000915527344,2321900
2012-07-12,39.2599983215332,39.380001068115234,38.779998779296875,39.15999984741211,2093400
2012-07-13,39.220001220703125,39.810001373291016,38.91999816894531,39.63999938964844,1706300
2012-07-16,39.54999923706055,39.54999923706055,39.290000915527344,39.40999984741211,1248800
2012-07-17,39.5099983215332,39.91999816894531,39.189998626708984,39.790000915527344,1892600
2012-07-18,39.790000915527344,40.36000061035156,39.470001220703125,39.75,2910600
2012-07-19,39.72999954223633,39.97999954223633,39.56999969482422,39.72999954223633,1437400
2012-07-20,39.400001525878906,39.59000015258789,39.040000915527344,39.209999084472656,1786500
2012-07-23,38.95000076293945,38.9900016784668,38.459999084472656,38.650001525878906,1916600
2012-07-24,38.779998779296875,38.79999923706055,37.970001220703125,38.20000076293945,1436600
2012-07-25,38.380001068115234,38.400001525878906,37.81999969482422,37.95000076293945,1626700
2012-07-26,38.18000030517578,38.650001525878906,36.90999984741211,37.959999084472656,6481200
2012-07-27,38.0,38.93000030517578,37.93000030517578,38.65999984741211,5499200
2012-07-30,38.720001220703125,38.7599983215332,38.290000915527344,38.529998779296875,2362000
2012-07-31,39.47999954223633,40.20000076293945,39.060001373291016,39.70000076293945,9032400
2012-08-01,39.88999938964844,40.11000061035156,39.310001373291016,39.34000015258789,3731500
2012-08-02,39.06999969482422,39.279998779296875,38.47999954223633,38.869998931884766,3675100
2012-08-03,39.29999923706055,39.7599983215332,39.290000915527344,39.38999938964844,4161200
2012-08-06,39.400001525878906,39.65999984741211,39.20000076293945,39.220001220703125,2265900
2012-08-07,39.25,39.599998474121094,39.20000076293945,39.34000015258789,2559900
2012-08-08,39.18000030517578,39.18000030517578,38.63999938964844,38.70000076293945,3481800
2012-08-09,38.45000076293945,39.36000061035156,38.45000076293945,38.689998626708984,3223400
2012-08-10,38.70000076293945,38.7400016784668,38.25,38.689998626708984,1735100
2012-08-13,38.59000015258789,38.689998626708984,38.150001525878906,38.59000015258789,1628900
2012-08-14,38.689998626708984,38.77000045776367,38.18000030517578,38.290000915527344,2322900
2012-08-15,38.36000061035156,38.5099983215332,37.93000030517578,38.02000045776367,2724800
2012-08-16,37.5099983215332,37.70000076293945,37.16999816894531,37.58000183105469,5691500
2012-08-17,37.22999954223633,37.7400016784668,36.90999984741211,37.540000915527344,5940000
2012-08-20,37.400001525878906,37.81999969482422,37.380001068115234,37.709999084472656,2482400
2012-08-21,37.68000030517578,38.060001373291016,37.5,37.560001373291016,2310800
2012-08-22,37.58000183105469,38.06999969482422,37.41999816894531,37.91999816894531,2870600
2012-08-23,37.81999969482422,38.150001525878906,37.7599983215332,37.97999954223633,2100800
2012-08-24,37.88999938964844,38.2599983215332,37.81999969482422,38.099998474121094,2098700
2012-08-27,38.11000061035156,38.15999984741211,37.81999969482422,37.939998626708984,2307800
2012-08-28,37.77000045776367,37.810001373291016,36.72999954223633,37.5,4694200
2012-08-29,37.630001068115234,37.75,37.40999984741211,37.650001525878906,2324900
2012-08-30,37.58000183105469,38.16999816894531,37.439998626708984,38.099998474121094,2373200
2012-08-31,38.18000030517578,38.970001220703125,37.97999954223633,38.52000045776367,2988600
2012-09-04,38.52000045776367,39.0,38.2599983215332,38.779998779296875,2333800
2012-09-05,38.70000076293945,38.790000915527344,38.09000015258789,38.18000030517578,3852700
2012-09-06,38.33000183105469,38.84000015258789,38.310001373291016,38.63999938964844,2491000
2012-09-07,38.65999984741211,38.7599983215332,38.040000915527344,38.18000030517578,2691700
2012-09-10,38.369998931884766,38.369998931884766,38.0099983215332,38.029998779296875,1985700
2012-09-11,37.52000045776367,37.810001373291016,37.27000045776367,37.77000045776367,3996500
2012-09-12,37.7400016784668,38.599998474121094,37.52000045776367,37.900001525878906,2490400
2012-09-13,37.84000015258789,38.13999938964844,37.470001220703125,38.060001373291016,3505100
2012-09-14,38.029998779296875,38.189998626708984,37.119998931884766,37.36000061035156,6323200
2012-09-17,37.470001220703125,38.029998779296875,37.40999984741211,38.02000045776367,3196200
2012-09-18,37.849998474121094,38.34000015258789,37.56999969482422,38.310001373291016,3014200
2012-09-19,38.2599983215332,38.5,38.16999816894531,38.16999816894531,2559300
2012-09-20,38.0,38.369998931884766,37.650001525878906,38.33000183105469,2258900
2012-09-21,38.459999084472656,39.040000915527344,38.439998626708984,38.970001220703125,3339100
2012-09-24,38.86000061035156,39.45000076293945,38.65999984741211,39.36000061035156,3135000
2012-09-25,39.36000061035156,39.380001068115234,38.70000076293945,38.849998474121094,3363500
2012-09-26,38.900001525878906,39.150001525878906,38.59000015258789,38.650001525878906,2684900
2012-09-27,38.70000076293945,39.060001373291016,38.4900016784668,39.02000045776367,2086100
2012-09-28,38.95000076293945,39.04999923706055,38.63999938964844,38.709999084472656,2983700
2012-10-01,38.790000915527344,39.06999969482422,38.689998626708984,38.9900016784668,2001500
2012-10-02,39.029998779296875,39.29999923706055,38.7599983215332,39.029998779296875,2337400
2012-10-03,39.04999923706055,39.220001220703125,38.86000061035156,39.060001373291016,2072400
2012-10-04,39.22999954223633,39.70000076293945,39.13999938964844,39.36000061035156,2978700
2012-10-05,39.439998626708984,39.849998474121094,39.290000915527344,39.52000045776367,3017100
2012-10-08,39.470001220703125,39.869998931884766,39.349998474121094,39.779998779296875,1206000
2012-10-09,39.720001220703125,39.880001068115234,39.22999954223633,39.68000030517578,2042900
2012-10-10,39.560001373291016,39.61000061035156,39.150001525878906,39.38999938964844,1753300
2012-10-11,39.5099983215332,39.70000076293945,39.34000015258789,39.470001220703125,1702700
2012-10-12,39.5099983215332,39.720001220703125,39.380001068115234,39.5,1762200
2012-10-15,39.5,39.93000030517578,39.369998931884766,39.90999984741211,1963900
2012-10-16,40.0,40.849998474121094,39.90999984741211,40.75,3565300
2012-10-17,40.83000183105469,40.95000076293945,40.369998931884766,40.529998779296875,2506500
2012-10-18,40.43000030517578,40.849998474121094,40.380001068115234,40.68000030517578,1552200
2012-10-19,40.61000061035156,40.63999938964844,40.11000061035156,40.279998779296875,2335900
2012-10-22,40.189998626708984,40.560001373291016,39.900001525878906,40.43000030517578,1544400
2012-10-23,40.0,40.130001068115234,39.7599983215332,39.93000030517578,2957000
2012-10-24,39.970001220703125,40.15999984741211,39.630001068115234,39.65999984741211,1661800
2012-10-25,39.97999954223633,40.36000061035156,39.40999984741211,39.7599983215332,2351900
2012-10-26,39.790000915527344,39.900001525878906,39.220001220703125,39.34000015258789,2596300
2012-10-31,39.619998931884766,39.88999938964844,39.279998779296875,39.439998626708984,3317600
2012-11-01,39.54999923706055,41.119998931884766,39.5099983215332,40.91999816894531,4492300
2012-11-02,41.0,41.22999954223633,40.47999954223633,40.5,2077400
2012-11-05,40.279998779296875,40.58000183105469,40.119998931884766,40.2599983215332,1598100
2012-11-06,40.25,40.619998931884766,40.0,40.36000061035156,1893000
2012-11-07,40.130001068115234,40.970001220703125,39.650001525878906,40.7599983215332,3220200
2012-11-08,40.650001525878906,40.849998474121094,39.93000030517578,40.33000183105469,2930400
2012-11-09,40.25,40.81999969482422,40.029998779296875,40.470001220703125,2405500
2012-11-12,40.599998474121094,40.599998474121094,39.91999816894531,40.060001373291016,1815100
2012-11-13,40.0,40.9900016784668,39.900001525878906,40.709999084472656,2856100
2012-11-14,40.34000015258789,40.939998626708984,40.119998931884766,40.209999084472656,2114000
2012-11-15,40.150001525878906,40.36000061035156,39.900001525878906,40.15999984741211,2237500
2012-11-16,40.22999954223633,40.459999084472656,39.939998626708984,40.2599983215332,2304800
2012-11-19,40.47999954223633,40.790000915527344,40.369998931884766,40.689998626708984,1414800
2012-11-20,40.619998931884766,40.79999923706055,40.400001525878906,40.79999923706055,1960700
2012-11-21,40.779998779296875,40.90999984741211,40.689998626708984,40.849998474121094,1650100
2012-11-23,40.849998474121094,41.4900016784668,40.81999969482422,41.380001068115234,1370500
2012-11-26,41.349998474121094,41.4900016784668,41.150001525878906,41.45000076293945,2611200
2012-11-27,41.18000030517578,41.5099983215332,41.08000183105469,41.220001220703125,2337700
2012-11-28,41.15999984741211,41.290000915527344,40.84000015258789,41.20000076293945,2302100
2012-11-29,41.4900016784668,41.779998779296875,41.34000015258789,41.52000045776367,2530000
2012-11-30,41.560001373291016,42.2400016784668,41.470001220703125,42.220001220703125,3277300
2012-12-03,42.2599983215332,42.59000015258789,42.189998626708984,42.40999984741211,2844200
2012-12-04,42.33000183105469,42.849998474121094,42.33000183105469,42.75,3092100
2012-12-05,42.75,42.75,42.02000045776367,42.2599983215332,2845600
2012-12-06,42.33000183105469,42.720001220703125,42.20000076293945,42.560001373291016,3122200
2012-12-07,42.779998779296875,42.790000915527344,42.150001525878906,42.27000045776367,2496800
2012-12-10,42.310001373291016,42.5,42.13999938964844,42.22999954223633,2517700
2012-12-11,42.459999084472656,43.18000030517578,42.38999938964844,43.119998931884766,4727000
2012-12-12,43.20000076293945,43.25,42.31999969482422,42.709999084472656,6062300
2012-12-13,42.779998779296875,43.150001525878906,42.54999923706055,42.849998474121094,2750300
2012-12-14,42.709999084472656,43.380001068115234,42.619998931884766,43.36000061035156,2732300
2012-12-17,43.36000061035156,43.779998779296875,43.27000045776367,43.779998779296875,3104700
2012-12-18,43.7599983215332,44.02000045776367,43.54999923706055,43.90999984741211,1986200
2012-12-19,43.900001525878906,43.959999084472656,43.459999084472656,43.650001525878906,2288500
2012-12-20,43.75,43.810001373291016,43.470001220703125,43.79999923706055,2320400
2012-12-21,43.439998626708984,43.93000030517578,43.439998626708984,43.63999938964844,4012300
2012-12-24,43.52000045776367,43.68000030517578,43.209999084472656,43.459999084472656,643200
2012-12-26,43.5,43.61000061035156,42.95000076293945,43.119998931884766,1276800
2012-12-27,43.18000030517578,43.34000015258789,42.7599983215332,43.22999954223633,1554200
2012-12-28,43.119998931884766,43.34000015258789,42.79999923706055,42.81999969482422,1039500
2012-12-31,42.7400016784668,43.220001220703125,42.630001068115234,43.18000030517578,1295200
2013-01-02,43.59000015258789,43.7400016784668,43.220001220703125,43.4900016784668,1972400
2013-01-03,43.540000915527344,43.54999923706055,43.20000076293945,43.400001525878906,2026700
2013-01-04,43.220001220703125,43.720001220703125,43.0099983215332,43.689998626708984,2461500
2013-01-07,43.70000076293945,43.88999938964844,43.5,43.83000183105469,1803600
2013-01-08,43.7599983215332,44.099998474121094,43.72999954223633,43.77000045776367,1533000
2013-01-09,43.810001373291016,43.9900016784668,43.58000183105469,43.77000045776367,1513300
2013-01-10,43.95000076293945,43.9900016784668,43.689998626708984,43.88999938964844,1579900
2013-01-11,43.91999816894531,44.0,43.5099983215332,43.84000015258789,1414800
2013-01-14,43.9900016784668,44.369998931884766,43.79999923706055,44.290000915527344,1367400
2013-01-15,44.279998779296875,45.16999816894531,44.20000076293945,45.06999969482422,2429500
2013-01-16,45.11000061035156,45.310001373291016,44.88999938964844,45.02000045776367,1780300
2013-01-17,45.27000045776367,45.68000030517578,45.209999084472656,45.52000045776367,1419900
2013-01-18,45.470001220703125,45.849998474121094,45.279998779296875,45.849998474121094,1809700
2013-01-22,45.900001525878906,45.90999984741211,45.310001373291016,45.619998931884766,1467800
2013-01-23,45.66999816894531,46.59000015258789,45.599998474121094,46.18000030517578,3324400
2013-01-24,45.91999816894531,46.150001525878906,44.72999954223633,45.720001220703125,3580300
2013-01-25,45.779998779296875,45.84000015258789,44.869998931884766,45.029998779296875,2906200
2013-01-28,45.060001373291016,45.209999084472656,44.869998931884766,45.11000061035156,2041900
2013-01-29,45.130001068115234,45.77000045776367,45.02000045776367,45.540000915527344,2363500
2013-01-30,45.619998931884766,45.97999954223633,45.5,45.58000183105469,2208300
2013-01-31,45.52000045776367,45.560001373291016,45.16999816894531,45.369998931884766,2837600
2013-02-01,45.400001525878906,46.77000045776367,45.400001525878906,46.529998779296875,3978600
2013-02-04,46.349998474121094,46.61000061035156,45.9900016784668,46.040000915527344,2611500
2013-02-05,46.189998626708984,46.459999084472656,46.029998779296875,46.279998779296875,1950900
2013-02-06,46.18000030517578,46.470001220703125,46.16999816894531,46.470001220703125,3034800
2013-02-07,46.47999954223633,46.619998931884766,45.9900016784668,46.400001525878906,2420000
2013-02-08,46.52000045776367,46.900001525878906,46.459999084472656,46.88999938964844,1232800
2013-02-11,46.849998474121094,47.0,46.5,46.7599983215332,1115900
2013-02-12,46.70000076293945,47.04999923706055,46.599998474121094,46.959999084472656,1318800
2013-02-13,46.7400016784668,46.900001525878906,46.599998474121094,46.63999938964844,2645300
2013-02-14,46.66999816894531,46.9900016784668,46.599998474121094,46.77000045776367,1941900
2013-02-15,46.77000045776367,47.09000015258789,46.5099983215332,46.599998474121094,2962100
2013-02-19,46.66999816894531,47.2400016784668,46.619998931884766,47.220001220703125,1831500
2013-02-20,47.220001220703125,47.38999938964844,46.59000015258789,46.61000061035156,1970300
2013-02-21,46.47999954223633,46.619998931884766,46.15999984741211,46.47999954223633,1432400
2013-02-22,46.47999954223633,47.029998779296875,46.380001068115234,46.95000076293945,1003700
2013-02-25,47.099998474121094,47.25,46.18000030517578,46.18000030517578,1794900
2013-02-26,46.380001068115234,46.619998931884766,46.08000183105469,46.56999969482422,1373600
2013-02-27,46.65999984741211,47.209999084472656,46.58000183105469,47.029998779296875,855100
2013-02-28,46.959999084472656,47.5099983215332,46.810001373291016,47.20000076293945,2253700
2013-03-01,47.220001220703125,48.13999938964844,46.88999938964844,47.97999954223633,2135900
2013-03-04,47.83000183105469,48.25,47.65999984741211,48.25,2132800
2013-03-05,48.040000915527344,48.400001525878906,47.959999084472656,48.27000045776367,1646800
2013-03-06,48.439998626708984,48.79999923706055,48.27000045776367,48.47999954223633,1494700
2013-03-07,48.439998626708984,48.650001525878906,47.68000030517578,48.08000183105469,1785900
2013-03-08,48.27000045776367,48.5099983215332,47.970001220703125,48.47999954223633,1426400
2013-03-11,48.36000061035156,48.7400016784668,48.290000915527344,48.54999923706055,1495100
2013-03-12,48.52000045776367,48.849998474121094,48.439998626708984,48.650001525878906,1222600
2013-03-13,48.709999084472656,48.900001525878906,48.56999969482422,48.86000061035156,859200
2013-03-14,49.0,49.38999938964844,48.90999984741211,49.290000915527344,1810900
2013-03-15,49.13999938964844,49.2400016784668,48.81999969482422,48.88999938964844,2025400
2013-03-18,48.31999969482422,48.66999816894531,48.15999984741211,48.29999923706055,2602100
2013-03-19,51.38999938964844,52.150001525878906,49.91999816894531,50.060001373291016,17071100
2013-03-20,50.310001373291016,50.45000076293945,49.720001220703125,50.2400016784668,3203700
2013-03-21,50.11000061035156,50.540000915527344,49.560001373291016,49.790000915527344,2285000
2013-03-22,49.79999923706055,49.91999816894531,49.599998474121094,49.81999969482422,2917300
2013-03-25,49.95000076293945,50.95000076293945,49.84000015258789,50.59000015258789,3248100
2013-03-26,50.86000061035156,51.209999084472656,50.470001220703125,50.720001220703125,2428300
2013-03-27,50.5099983215332,50.900001525878906,50.33000183105469,50.709999084472656,2027900
2013-03-28,50.959999084472656,51.56999969482422,50.790000915527344,51.45000076293945,2835600
2013-04-01,51.380001068115234,51.65999984741211,51.290000915527344,51.63999938964844,1429400
2013-04-02,51.91999816894531,53.36000061035156,51.849998474121094,52.40999984741211,4047700
2013-04-03,52.56999969482422,52.83000183105469,51.310001373291016,51.689998626708984,4837400
2013-04-04,51.689998626708984,52.83000183105469,51.66999816894531,51.81999969482422,2840100
2013-04-05,51.43000030517578,52.119998931884766,51.40999984741211,52.08000183105469,1596400
2013-04-08,52.18000030517578,52.70000076293945,51.689998626708984,52.630001068115234,2294600
2013-04-09,52.75,53.150001525878906,52.4900016784668,52.91999816894531,3118200
2013-04-10,53.93000030517578,54.0,53.08000183105469,53.29999923706055,3148400
2013-04-11,53.279998779296875,54.15999984741211,53.25,53.810001373291016,2354400
2013-04-12,53.779998779296875,54.33000183105469,53.68000030517578,54.18000030517578,1269300
2013-04-15,54.13999938964844,54.349998474121094,53.84000015258789,54.040000915527344,2243200
2013-04-16,54.47999954223633,54.9900016784668,54.119998931884766,54.95000076293945,2050600
2013-04-17,54.779998779296875,55.189998626708984,54.45000076293945,55.060001373291016,3176700
2013-04-18,55.060001373291016,56.06999969482422,55.02000045776367,55.439998626708984,4273900
2013-04-19,55.61000061035156,55.9900016784668,55.2400016784668,55.91999816894531,2023400
2013-04-22,56.41999816894531,56.439998626708984,55.650001525878906,56.20000076293945,2571100
2013-04-23,56.38999938964844,56.90999984741211,55.939998626708984,56.29999923706055,2419400
2013-04-24,56.33000183105469,56.599998474121094,55.630001068115234,55.81999969482422,3091300
2013-04-25,55.81999969482422,56.0,53.130001068115234,53.40999984741211,7988800
2013-04-26,53.0,53.599998474121094,52.779998779296875,53.2599983215332,5365100
2013-04-29,53.33000183105469,54.279998779296875,53.25,54.060001373291016,3329100
2013-04-30,54.06999969482422,54.130001068115234,53.599998474121094,54.119998931884766,2064900
2013-05-01,54.060001373291016,54.400001525878906,53.7599983215332,53.84000015258789,2418000
2013-05-02,53.849998474121094,54.86000061035156,53.77000045776367,54.849998474121094,2157900
2013-05-03,55.0099983215332,55.08000183105469,54.41999816894531,54.56999969482422,1850800
2013-05-06,54.4900016784668,54.709999084472656,54.34000015258789,54.400001525878906,1401200
2013-05-07,54.59000015258789,55.040000915527344,54.369998931884766,54.97999954223633,2142100
2013-05-08,55.029998779296875,55.209999084472656,54.619998931884766,55.099998474121094,2598700
2013-05-09,54.90999984741211,55.09000015258789,54.4900016784668,54.810001373291016,1708200
2013-05-10,54.97999954223633,55.0,54.630001068115234,54.84000015258789,1324800
2013-05-13,54.68000030517578,54.880001068115234,54.45000076293945,54.47999954223633,2022800
2013-05-14,54.470001220703125,54.9900016784668,54.25,54.959999084472656,2369200
2013-05-15,55.0,55.47999954223633,54.650001525878906,55.0099983215332,2859300
2013-05-16,54.63999938964844,55.060001373291016,54.290000915527344,54.400001525878906,1766600
2013-05-17,54.439998626708984,55.06999969482422,54.18000030517578,54.9900016784668,2180100
2013-05-20,55.0099983215332,55.22999954223633,54.709999084472656,54.81999969482422,1712700
2013-05-21,54.77000045776367,54.939998626708984,54.400001525878906,54.650001525878906,1698200
2013-05-22,54.720001220703125,55.11000061035156,54.369998931884766,54.459999084472656,2471600
2013-05-23,54.31999969482422,54.79999923706055,54.04999923706055,54.58000183105469,1816000
2013-05-24,54.36000061035156,54.560001373291016,54.040000915527344,54.439998626708984,1935100
2013-05-28,54.77000045776367,55.20000076293945,54.040000915527344,54.369998931884766,2759300
2013-05-29,54.16999816894531,54.5,53.220001220703125,53.900001525878906,2679200
2013-05-30,54.0,55.02000045776367,53.900001525878906,54.720001220703125,1743800
2013-05-31,54.4900016784668,54.720001220703125,54.08000183105469,54.08000183105469,2534700
2013-06-03,54.0099983215332,54.13999938964844,52.380001068115234,52.68000030517578,3582100
2013-06-04,52.72999954223633,53.400001525878906,52.689998626708984,53.2599983215332,2779700
2013-06-05,53.040000915527344,53.369998931884766,52.84000015258789,52.900001525878906,3433100
2013-06-06,52.810001373291016,53.08000183105469,52.439998626708984,52.54999923706055,3420300
2013-06-07,52.70000076293945,53.25,52.70000076293945,52.939998626708984,3489200
2013-06-10,53.130001068115234,53.84000015258789,52.970001220703125,53.709999084472656,2497500
2013-06-11,53.959999084472656,55.18000030517578,53.939998626708984,54.810001373291016,3596200
2013-06-12,55.02000045776367,55.349998474121094,54.720001220703125,54.75,3673500
2013-06-13,54.61000061035156,54.689998626708984,54.040000915527344,54.560001373291016,2551400
2013-06-14,54.439998626708984,55.209999084472656,54.400001525878906,54.93000030517578,1985300
2013-06-17,55.130001068115234,55.68000030517578,55.04999923706055,55.65999984741211,2929400
2013-06-18,55.68000030517578,55.97999954223633,55.38999938964844,55.86000061035156,1805600
2013-06-19,55.779998779296875,56.38999938964844,55.38999938964844,55.560001373291016,2227200
2013-06-20,55.470001220703125,55.61000061035156,54.0099983215332,54.13999938964844,3015200
2013-06-21,54.2400016784668,54.93000030517578,54.150001525878906,54.34000015258789,2668500
2013-06-24,54.02000045776367,54.310001373291016,53.25,53.61000061035156,2936800
2013-06-25,53.7400016784668,53.77000045776367,53.060001373291016,53.54999923706055,2846600
2013-06-26,53.779998779296875,55.290000915527344,53.779998779296875,55.040000915527344,2503200
2013-06-27,55.369998931884766,55.7599983215332,55.099998474121094,55.310001373291016,2446300
2013-06-28,55.5,56.33000183105469,55.029998779296875,55.83000183105469,3350300
2013-07-01,56.11000061035156,56.22999954223633,54.970001220703125,55.0099983215332,2845300
2013-07-02,55.040000915527344,55.31999969482422,54.65999984741211,54.83000183105469,2008500
2013-07-03,54.5,55.2400016784668,54.400001525878906,55.09000015258789,1157000
2013-07-05,55.5099983215332,55.65999984741211,54.900001525878906,55.560001373291016,1629300
2013-07-08,55.83000183105469,56.29999923706055,55.59000015258789,56.279998779296875,1481200
2013-07-09,56.470001220703125,56.84000015258789,55.810001373291016,55.90999984741211,2101000
2013-07-10,55.95000076293945,56.599998474121094,55.90999984741211,56.54999923706055,1551500
2013-07-11,57.08000183105469,58.150001525878906,57.08000183105469,58.099998474121094,2337200
2013-07-12,58.02000045776367,58.41999816894531,57.68000030517578,58.38999938964844,1359100
2013-07-15,58.56999969482422,58.81999969482422,58.06999969482422,58.2400016784668,1693300
2013-07-16,58.33000183105469,58.61000061035156,58.13999938964844,58.279998779296875,2045900
2013-07-17,58.380001068115234,58.68000030517578,58.16999816894531,58.470001220703125,1137300
2013-07-18,58.58000183105469,58.95000076293945,58.040000915527344,58.310001373291016,2058500
2013-07-19,58.25,58.900001525878906,58.130001068115234,58.810001373291016,1552000
2013-07-22,58.7400016784668,59.099998474121094,58.599998474121094,58.9900016784668,1237800
2013-07-23,58.970001220703125,59.0,57.599998474121094,57.630001068115234,4014200
2013-07-24,58.31999969482422,59.29999923706055,56.58000183105469,56.77000045776367,3089500
2013-07-25,56.20000076293945,57.689998626708984,55.79999923706055,57.61000061035156,2869300
2013-07-26,57.40999984741211,58.58000183105469,57.279998779296875,58.470001220703125,1714300
2013-07-29,58.369998931884766,58.779998779296875,58.16999816894531,58.38999938964844,1440900
2013-07-30,58.84000015258789,58.88999938964844,58.09000015258789,58.22999954223633,2487500
2013-07-31,58.540000915527344,58.970001220703125,58.0,58.27000045776367,1848600
2013-08-01,58.38999938964844,59.119998931884766,58.369998931884766,58.79999923706055,1746200
2013-08-02,58.75,58.79999923706055,58.25,58.47999954223633,1560100
2013-08-05,58.380001068115234,59.09000015258789,58.290000915527344,59.029998779296875,1129300
2013-08-06,59.029998779296875,59.029998779296875,58.36000061035156,58.65999984741211,1060800
2013-08-07,58.310001373291016,59.16999816894531,58.209999084472656,58.7400016784668,1414300
2013-08-08,59.36000061035156,59.66999816894531,58.88999938964844,59.61000061035156,1578900
2013-08-09,59.459999084472656,59.75,59.2400016784668,59.4900016784668,1223200
2013-08-12,58.900001525878906,59.2400016784668,58.45000076293945,58.66999816894531,1544100
2013-08-13,58.70000076293945,58.970001220703125,57.97999954223633,58.13999938964844,2300100
2013-08-14,58.13999938964844,58.59000015258789,58.0,58.029998779296875,1784600
2013-08-15,57.709999084472656,57.779998779296875,56.790000915527344,57.27000045776367,2153200
2013-08-16,57.0,57.189998626708984,56.529998779296875,56.529998779296875,2227200
2013-08-19,56.540000915527344,57.09000015258789,56.5,56.849998474121094,2008100
2013-08-20,56.91999816894531,57.61000061035156,56.790000915527344,57.45000076293945,1888100
2013-08-21,57.2599983215332,57.540000915527344,56.939998626708984,57.06999969482422,1515700
2013-08-22,57.220001220703125,57.65999984741211,57.13999938964844,57.43000030517578,1602600
2013-08-23,57.40999984741211,57.630001068115234,57.099998474121094,57.45000076293945,1493600
2013-08-26,57.40999984741211,57.779998779296875,57.31999969482422,57.439998626708984,820100
2013-08-27,57.040000915527344,57.119998931884766,56.59000015258789,56.869998931884766,1368300
2013-08-28,56.81999969482422,57.130001068115234,56.2400016784668,56.959999084472656,1282700
2013-08-29,56.869998931884766,57.33000183105469,56.65999984741211,57.150001525878906,766800
2013-08-30,57.189998626708984,57.38999938964844,56.63999938964844,56.91999816894531,871700
2013-09-03,57.459999084472656,57.880001068115234,57.209999084472656,57.38999938964844,1054500
2013-09-04,57.630001068115234,58.29999923706055,57.59000015258789,58.130001068115234,981100
2013-09-05,58.0,58.33000183105469,57.880001068115234,58.150001525878906,890600
2013-09-06,58.20000076293945,58.630001068115234,57.470001220703125,58.2400016784668,885800
2013-09-09,58.310001373291016,58.790000915527344,58.150001525878906,58.65999984741211,940800
2013-09-10,59.0,59.5,58.88999938964844,59.369998931884766,1080300
2013-09-11,59.43000030517578,60.4900016784668,59.40999984741211,60.4900016784668,2026200
2013-09-12,60.41999816894531,61.02000045776367,60.369998931884766,60.459999084472656,1430900
2013-09-13,60.630001068115234,60.779998779296875,60.09000015258789,60.279998779296875,1274100
2013-09-16,60.79999923706055,61.2599983215332,60.65999984741211,60.95000076293945,1012900
2013-09-17,61.0,61.59000015258789,60.93000030517578,61.59000015258789,933100
2013-09-18,61.630001068115234,61.709999084472656,60.810001373291016,61.4900016784668,1137200
2013-09-19,61.849998474121094,62.439998626708984,61.779998779296875,62.22999954223633,1217700
2013-09-20,62.22999954223633,62.29999923706055,61.47999954223633,61.650001525878906,1631000
2013-09-23,61.68000030517578,61.83000183105469,61.279998779296875,61.56999969482422,813100
2013-09-24,61.72999954223633,61.900001525878906,60.84000015258789,60.90999984741211,1332800
2013-09-25,60.83000183105469,61.33000183105469,60.83000183105469,61.0099983215332,1044900
2013-09-26,60.970001220703125,61.439998626708984,60.689998626708984,61.15999984741211,869600
2013-09-27,60.90999984741211,61.349998474121094,60.72999954223633,61.279998779296875,688300
2013-09-30,60.900001525878906,61.27000045776367,60.689998626708984,61.099998474121094,1040200
2013-10-01,61.18000030517578,62.5,61.099998474121094,62.47999954223633,1117700
2013-10-02,62.18000030517578,62.29999923706055,61.58000183105469,62.20000076293945,1196800
2013-10-03,62.060001373291016,62.34000015258789,61.18000030517578,61.41999816894531,2136200
2013-10-04,61.59000015258789,62.540000915527344,61.41999816894531,62.470001220703125,1327400
2013-10-07,62.27000045776367,62.36000061035156,61.880001068115234,61.970001220703125,742500
2013-10-08,61.97999954223633,62.45000076293945,61.06999969482422,61.189998626708984,1777200
2013-10-09,61.290000915527344,61.47999954223633,60.779998779296875,61.27000045776367,1638400
2013-10-10,61.79999923706055,62.47999954223633,61.63999938964844,62.43000030517578,1209100
2013-10-11,62.47999954223633,62.880001068115234,62.380001068115234,62.650001525878906,1234500
2013-10-14,62.459999084472656,63.13999938964844,62.18000030517578,63.11000061035156,1068100
2013-10-15,63.04999923706055,63.279998779296875,62.630001068115234,62.810001373291016,855600
2013-10-16,63.029998779296875,63.7599983215332,62.939998626708984,63.75,1016100
2013-10-17,63.77000045776367,64.80000305175781,63.650001525878906,64.62000274658203,1674900
2013-10-18,64.9800033569336,65.05999755859375,64.33000183105469,64.61000061035156,1112000
2013-10-21,64.56999969482422,64.63999938964844,63.619998931884766,63.869998931884766,1819800
2013-10-22,64.18000030517578,64.55999755859375,63.529998779296875,63.7599983215332,1582000
2013-10-23,63.630001068115234,64.0,63.2400016784668,63.83000183105469,1229900
2013-10-24,64.19999694824219,64.94000244140625,64.19999694824219,64.63999938964844,1090600
2013-10-25,64.83999633789062,65.30999755859375,64.55000305175781,65.23999786376953,1074000
2013-10-28,65.16000366210938,65.37999725341797,64.52999877929688,65.19999694824219,1442000
2013-10-29,65.37999725341797,65.80000305175781,65.11000061035156,65.80000305175781,1334100
2013-10-30,65.94999694824219,65.95999908447266,64.87000274658203,65.22000122070312,1677800
2013-10-31,65.05000305175781,65.9800033569336,64.62000274658203,65.33000183105469,1838200
2013-11-01,65.55000305175781,66.37999725341797,65.16000366210938,66.37999725341797,2300900
2013-11-04,66.5,67.0999984741211,66.25,67.08999633789062,2724400
2013-11-05,67.08999633789062,67.79000091552734,66.80000305175781,66.87000274658203,2041600
2013-11-06,67.16999816894531,67.4000015258789,66.55999755859375,67.16000366210938,1410100
2013-11-07,67.41000366210938,67.4800033569336,66.58999633789062,66.7300033569336,1523600
2013-11-08,66.91999816894531,68.0199966430664,66.75,68.0,1504500
2013-11-11,68.08000183105469,68.3499984741211,67.66000366210938,68.11000061035156,1020400
2013-11-12,68.18000030517578,68.44000244140625,67.81999969482422,68.29000091552734,1347300
2013-11-13,67.9000015258789,68.48999786376953,67.72000122070312,68.48999786376953,1245800
2013-11-14,68.33999633789062,69.36000061035156,68.26000213623047,69.22000122070312,1378100
2013-11-15,69.12000274658203,69.61000061035156,68.9000015258789,69.5,1408000
2013-11-18,69.98999786376953,70.0,68.94000244140625,69.1500015258789,1464300
2013-11-19,69.01000213623047,69.48999786376953,68.66999816894531,68.87000274658203,1513200
2013-11-20,68.87999725341797,69.62000274658203,68.80000305175781,69.33999633789062,1294300
2013-11-21,69.30000305175781,70.04000091552734,69.27999877929688,69.79000091552734,1137100
2013-11-22,69.80999755859375,70.19000244140625,69.79000091552734,70.0199966430664,1310300
2013-11-25,69.80000305175781,70.75,69.80000305175781,70.41999816894531,1077700
2013-11-26,70.7699966430664,71.16000366210938,70.29000091552734,70.61000061035156,1528500
2013-11-27,70.58999633789062,70.91000366210938,70.16000366210938,70.5,862600
2013-11-29,70.69999694824219,70.87999725341797,70.38999938964844,70.52999877929688,396100
2013-12-02,70.79000091552734,71.37999725341797,70.62999725341797,70.88999938964844,1091800
2013-12-03,70.54000091552734,70.72000122070312,70.02999877929688,70.56999969482422,1787900
2013-12-04,70.3499984741211,70.81999969482422,68.77999877929688,69.45999908447266,2574900
2013-12-05,69.23999786376953,69.61000061035156,68.87999725341797,69.13999938964844,2130300
2013-12-06,69.87999725341797,70.36000061035156,69.5999984741211,70.29000091552734,1299100
2013-12-09,70.47000122070312,71.20999908447266,70.25,70.62999725341797,1460400
2013-12-10,70.11000061035156,70.13999938964844,68.75,69.7699966430664,3159700
2013-12-11,69.66999816894531,69.9800033569336,68.73999786376953,68.80000305175781,1972000
2013-12-12,69.19999694824219,69.55999755859375,68.69000244140625,68.7699966430664,2192600
2013-12-13,68.80999755859375,68.95999908447266,67.73999786376953,68.44999694824219,1849400
2013-12-16,68.83999633789062,69.13999938964844,68.13999938964844,68.44999694824219,1753800
2013-12-17,68.72000122070312,68.76000213623047,68.04000091552734,68.3499984741211,1700300
2013-12-18,68.5999984741211,69.66999816894531,68.16000366210938,69.61000061035156,1727100
2013-12-19,69.37000274658203,69.75,69.16999816894531,69.62999725341797,1964900
2013-12-20,69.61000061035156,70.23999786376953,69.55999755859375,69.81999969482422,2221000
2013-12-23,70.12999725341797,70.2699966430664,69.7699966430664,70.02999877929688,1124700
2013-12-24,70.01000213623047,70.41999816894531,69.94000244140625,70.13999938964844,417900
2013-12-26,70.25,70.62999725341797,70.01000213623047,70.30000305175781,640500
2013-12-27,70.44999694824219,70.44999694824219,69.83000183105469,70.20999908447266,897700
2013-12-30,70.25,70.5199966430664,70.01000213623047,70.37999725341797,642200
2013-12-31,70.5199966430664,70.63999938964844,70.08999633789062,70.30999755859375,627100
2014-01-02,70.11000061035156,70.2300033569336,69.4800033569336,69.88999938964844,1148400
2014-01-03,69.88999938964844,70.20999908447266,69.80999755859375,69.94000244140625,1101300
2014-01-06,70.33999633789062,70.54000091552734,69.3499984741211,69.69000244140625,1301400
2014-01-07,69.81999969482422,70.91999816894531,69.81999969482422,70.44999694824219,1531600
2014-01-08,70.33000183105469,71.41000366210938,70.27999877929688,71.13999938964844,2084000
2014-01-09,71.44999694824219,71.91999816894531,71.0999984741211,71.37999725341797,1610000
2014-01-10,71.48999786376953,71.55000305175781,71.04000091552734,71.33999633789062,1582600
2014-01-13,71.41999816894531,71.75,70.37999725341797,70.61000061035156,1806500
2014-01-14,70.66000366210938,70.95999908447266,69.61000061035156,70.54000091552734,2427300
2014-01-15,70.73999786376953,70.73999786376953,70.02999877929688,70.55000305175781,1251500
2014-01-16,70.5999984741211,70.68000030517578,70.26000213623047,70.5,1082200
2014-01-17,70.68000030517578,70.94000244140625,70.31999969482422,70.52999877929688,1545100
2014-01-21,70.87999725341797,71.16999816894531,70.2699966430664,70.5199966430664,1368000
2014-01-22,70.80000305175781,70.87000274658203,69.80000305175781,70.27999877929688,1845400
2014-01-23,70.0,70.87999725341797,69.22000122070312,69.63999938964844,2110900
2014-01-24,69.2699966430664,69.83000183105469,67.25,67.25,3513300
2014-01-27,67.04000091552734,67.51000213623047,66.63999938964844,66.80999755859375,2836200
2014-01-28,66.73999786376953,67.88999938964844,66.69000244140625,67.72000122070312,1897300
2014-01-29,66.66999816894531,67.91999816894531,66.66999816894531,67.26000213623047,1906900
2014-01-30,67.6500015258789,68.1500015258789,67.6500015258789,67.7699966430664,1437200
2014-01-31,66.5999984741211,67.48999786376953,66.12999725341797,67.22000122070312,3733500
2014-02-03,67.12999725341797,67.12999725341797,65.0999984741211,65.16999816894531,3542200
2014-02-04,65.37999725341797,65.68000030517578,64.86000061035156,65.01000213623047,1865000
2014-02-05,64.81999969482422,65.12000274658203,64.27999877929688,64.72000122070312,2421400
2014-02-06,64.86000061035156,65.61000061035156,64.4000015258789,65.51000213623047,1553900
2014-02-07,65.87999725341797,66.58999633789062,65.69999694824219,66.54000091552734,1551300
2014-02-10,66.45999908447266,66.4800033569336,65.72000122070312,66.37000274658203,2913600
2014-02-11,66.2300033569336,67.88999938964844,66.19000244140625,67.55999755859375,2487800
2014-02-12,67.80999755859375,68.81999969482422,67.58000183105469,67.73999786376953,1965400
2014-02-13,67.37000274658203,68.19000244140625,66.87999725341797,67.88999938964844,1286200
2014-02-14,67.7300033569336,68.36000061035156,67.5999984741211,68.0,1110500
2014-02-18,68.05999755859375,68.95999908447266,67.98999786376953,68.5,1544800
2014-02-19,68.12000274658203,69.0199966430664,67.9800033569336,68.11000061035156,1937400
2014-02-20,68.4000015258789,68.6500015258789,67.56999969482422,68.38999938964844,1469800
2014-02-21,68.41999816894531,69.1500015258789,68.16000366210938,68.4000015258789,1113100
2014-02-24,68.30999755859375,69.22000122070312,68.30999755859375,68.58000183105469,1363100
2014-02-25,68.38999938964844,68.98999786376953,68.23999786376953,68.72000122070312,1497200
2014-02-26,68.87000274658203,69.16999816894531,67.95999908447266,68.26000213623047,1539100
2014-02-27,68.01000213623047,68.30999755859375,67.6500015258789,68.01000213623047,1401600
2014-02-28,68.16999816894531,68.37999725341797,67.47000122070312,67.8499984741211,1681800
2014-03-03,67.11000061035156,67.69000244140625,66.97000122070312,67.5,1389800
2014-03-04,68.02999877929688,68.94000244140625,67.97000122070312,68.76000213623047,2309100
2014-03-05,69.0,69.1500015258789,68.69999694824219,68.88999938964844,1426900
2014-03-06,69.0,69.44999694824219,68.75,68.75,1495300
2014-03-07,69.25,69.2699966430664,68.55999755859375,68.94000244140625,1783400
2014-03-10,68.91000366210938,69.6500015258789,68.75,69.0999984741211,1232100
2014-03-11,69.11000061035156,69.47000122070312,68.16999816894531,68.33999633789062,1562700
2014-03-12,67.76000213623047,67.8499984741211,66.97000122070312,67.68000030517578,1944500
2014-03-13,68.01000213623047,68.20999908447266,67.55000305175781,67.79000091552734,1897100
2014-03-14,67.66000366210938,67.94999694824219,67.4000015258789,67.56999969482422,1672800
2014-03-17,67.7300033569336,68.18000030517578,67.63999938964844,68.08000183105469,1444600
2014-03-18,68.08000183105469,68.43000030517578,67.77999877929688,67.8499984741211,1604600
2014-03-19,68.05000305175781,68.0999984741211,66.58999633789062,66.87000274658203,1337700
2014-03-20,66.73999786376953,66.9000015258789,66.26000213623047,66.4800033569336,1526300
2014-03-21,66.55000305175781,66.62999725341797,64.55999755859375,64.81999969482422,3534800
2014-03-24,65.29000091552734,65.48999786376953,63.529998779296875,64.31999969482422,2792900
2014-03-25,64.61000061035156,65.30999755859375,63.97999954223633,64.55999755859375,1948600
2014-03-26,64.91999816894531,65.58999633789062,64.77999877929688,64.8499984741211,2186700
2014-03-27,64.80999755859375,64.81999969482422,63.720001220703125,64.11000061035156,2184400
2014-03-28,64.25,65.02999877929688,64.19999694824219,64.81999969482422,1672000
2014-03-31,65.30000305175781,65.63999938964844,65.05999755859375,65.58999633789062,1479300
2014-04-01,65.5999984741211,65.91999816894531,65.31999969482422,65.91000366210938,1747300
2014-04-02,65.75,66.37000274658203,65.55000305175781,65.58000183105469,1836200
2014-04-03,65.80999755859375,65.91000366210938,65.37999725341797,65.80000305175781,2173400
2014-04-04,65.98999786376953,66.33999633789062,64.8499984741211,65.05000305175781,1965800
2014-04-07,64.94000244140625,65.08000183105469,63.61000061035156,64.18000030517578,3037900
2014-04-08,64.13999938964844,64.4800033569336,63.400001525878906,64.16999816894531,1907300
2014-04-09,64.7699966430664,65.70999908447266,64.63999938964844,65.63999938964844,2409100
2014-04-10,65.91000366210938,66.18000030517578,64.73999786376953,65.0,2105700
2014-04-11,64.52999877929688,65.25,63.86000061035156,64.16999816894531,2587400
2014-04-14,64.44000244140625,64.68000030517578,63.849998474121094,64.51000213623047,1432200
2014-04-15,64.55999755859375,64.91000366210938,63.22999954223633,64.22000122070312,2011100
2014-04-16,64.87000274658203,65.13999938964844,64.30000305175781,64.94999694824219,1392900
2014-04-17,64.75,65.08999633789062,64.4800033569336,64.68000030517578,1049600
2014-04-21,64.20999908447266,65.1500015258789,64.20999908447266,64.80000305175781,1224700
2014-04-22,64.80000305175781,65.48999786376953,64.66000366210938,64.68000030517578,1602800
2014-04-23,64.80000305175781,65.19000244140625,64.5,64.83999633789062,1399800
2014-04-24,66.0,66.80999755859375,63.7599983215332,64.88999938964844,3612700
2014-04-25,64.52999877929688,64.79000091552734,62.54999923706055,62.83000183105469,2935500
2014-04-28,63.25,63.68000030517578,62.689998626708984,63.45000076293945,1667000
2014-04-29,63.70000076293945,64.30000305175781,63.560001373291016,63.9900016784668,1758500
2014-04-30,63.75,65.29000091552734,63.59000015258789,65.18000030517578,3099900
2014-05-01,64.76000213623047,65.16999816894531,63.849998474121094,64.87000274658203,2151100
2014-05-02,64.88999938964844,64.88999938964844,64.1500015258789,64.2699966430664,1797000
2014-05-05,64.0,65.30000305175781,63.880001068115234,65.0999984741211,1767300
2014-05-06,64.70999908447266,65.0,64.56999969482422,64.7699966430664,1445800
2014-05-07,64.87000274658203,64.95999908447266,64.26000213623047,64.54000091552734,1946700
2014-05-08,64.38999938964844,65.26000213623047,64.19000244140625,64.4000015258789,1586500
2014-05-09,64.5199966430664,65.75,64.0199966430664,65.58000183105469,2715800
2014-05-12,65.9800033569336,66.72000122070312,65.87000274658203,66.66999816894531,1719600
2014-05-13,66.55000305175781,67.0,66.05000305175781,66.8499984741211,2622500
2014-05-14,66.86000061035156,67.41999816894531,66.69999694824219,67.30000305175781,1976800
2014-05-15,66.88999938964844,67.51000213623047,66.69000244140625,67.5,1934900
2014-05-16,67.36000061035156,68.33999633789062,67.30999755859375,68.30999755859375,2558300
2014-05-19,68.52999877929688,69.5,68.30999755859375,69.41999816894531,3277700
2014-05-20,69.41000366210938,69.87999725341797,68.79000091552734,69.79000091552734,1907700
2014-05-21,69.79000091552734,70.80999755859375,69.79000091552734,70.70999908447266,2327400
2014-05-22,70.77999877929688,71.66000366210938,70.58000183105469,71.3499984741211,1772200
2014-05-23,71.55000305175781,71.70999908447266,71.1500015258789,71.63999938964844,1155100
2014-05-27,71.76000213623047,72.41000366210938,71.70999908447266,72.4000015258789,1521100
2014-05-28,72.36000061035156,72.83999633789062,72.08999633789062,72.68000030517578,2384800
2014-05-29,72.69000244140625,73.41999816894531,72.69000244140625,73.27999877929688,1611700
2014-05-30,73.33999633789062,73.56999969482422,72.72000122070312,73.18000030517578,3909700
2014-06-02,73.30999755859375,73.79000091552734,73.08000183105469,73.20999908447266,1602100
2014-06-03,72.94999694824219,73.19999694824219,72.66999816894531,73.08999633789062,1717700
2014-06-04,73.11000061035156,73.66999816894531,72.8499984741211,73.66000366210938,1734200
2014-06-05,73.51000213623047,73.80999755859375,72.52999877929688,72.79000091552734,2691600
2014-06-06,72.95999908447266,72.95999908447266,72.05000305175781,72.5,2388400
2014-06-09,72.4000015258789,72.83999633789062,72.11000061035156,72.33999633789062,1581400
2014-06-10,72.16999816894531,72.56999969482422,71.68000030517578,72.01000213623047,1796700
2014-06-11,71.87999725341797,72.05999755859375,71.47000122070312,71.91999816894531,1324000
2014-06-12,71.79000091552734,72.05000305175781,71.0999984741211,71.45999908447266,1509300
2014-06-13,71.44999694824219,71.9000015258789,71.0,71.77999877929688,1269700
2014-06-16,71.61000061035156,72.0999984741211,71.2300033569336,71.5199966430664,1259600
2014-06-17,71.37000274658203,71.93000030517578,71.18000030517578,71.73999786376953,951600
2014-06-18,71.6500015258789,72.23999786376953,71.18000030517578,72.0999984741211,1052400
2014-06-19,72.18000030517578,72.41999816894531,71.63999938964844,71.93000030517578,1256900
2014-06-20,72.16999816894531,72.45999908447266,71.91000366210938,72.26000213623047,2560100
2014-06-23,72.47000122070312,72.7699966430664,72.2699966430664,72.4800033569336,969600
2014-06-24,72.18000030517578,72.73999786376953,71.91000366210938,72.55000305175781,1413800
2014-06-25,72.58000183105469,73.11000061035156,72.4000015258789,72.73999786376953,1029400
2014-06-26,72.73999786376953,72.8499984741211,72.38999938964844,72.72000122070312,931700
2014-06-27,72.58999633789062,73.25,72.43000030517578,72.87000274658203,1121200
2014-06-30,72.98999786376953,72.98999786376953,72.4000015258789,72.66000366210938,1103300
2014-07-01,72.66999816894531,73.26000213623047,72.58999633789062,72.9800033569336,1096400
2014-07-02,72.83000183105469,73.18000030517578,72.72000122070312,73.05000305175781,1272900
2014-07-03,73.33000183105469,73.41999816894531,73.05000305175781,73.2300033569336,943900
2014-07-07,73.19999694824219,73.2300033569336,72.66000366210938,73.01000213623047,892300
2014-07-08,73.0,73.06999969482422,72.5999984741211,72.87000274658203,1273300
2014-07-09,73.0999984741211,73.26000213623047,72.66999816894531,72.9800033569336,729500
2014-07-10,72.54000091552734,73.13999938964844,72.01000213623047,72.91999816894531,764100
2014-07-11,72.94000244140625,73.0999984741211,72.43000030517578,72.9800033569336,527000
2014-07-14,73.31999969482422,73.5,72.8499984741211,73.0999984741211,664800
2014-07-15,72.80000305175781,73.08999633789062,72.44999694824219,72.69999694824219,1672200
2014-07-16,72.98999786376953,72.98999786376953,72.4000015258789,72.97000122070312,1446600
2014-07-17,72.77999877929688,73.55000305175781,72.48999786376953,72.69999694824219,1274300
2014-07-18,72.8499984741211,73.30000305175781,72.55999755859375,73.05999755859375,1431500
2014-07-21,72.91999816894531,73.0,72.37999725341797,72.73999786376953,1055100
2014-07-22,73.05999755859375,73.87999725341797,73.0199966430664,73.72000122070312,1257000
2014-07-23,73.73999786376953,74.27999877929688,73.62000274658203,74.05999755859375,1931100
2014-07-24,77.05000305175781,79.12999725341797,75.62000274658203,76.37000274658203,4459400
2014-07-25,76.41000366210938,77.05999755859375,76.20999908447266,76.79000091552734,2049700
2014-07-28,76.75,77.72000122070312,76.56999969482422,77.4000015258789,3131700
2014-07-29,77.38999938964844,77.98999786376953,77.25,77.62000274658203,1534000
2014-07-30,77.98999786376953,78.45999908447266,77.69000244140625,77.94999694824219,1270800
2014-07-31,77.66999816894531,78.04000091552734,76.72000122070312,76.91000366210938,2099000
2014-08-01,76.95999908447266,77.83000183105469,76.7300033569336,77.30000305175781,1629000
2014-08-04,77.27999877929688,77.91999816894531,76.54000091552734,77.79000091552734,3296300
2014-08-05,77.2699966430664,77.77999877929688,76.83999633789062,77.05000305175781,1668600
2014-08-06,76.66999816894531,76.87000274658203,75.48999786376953,76.02999877929688,2228300
2014-08-07,76.37000274658203,76.45999908447266,74.86000061035156,74.95999908447266,2009400
2014-08-08,75.0,75.56999969482422,74.66000366210938,75.43000030517578,1353100
2014-08-11,75.7699966430664,76.38999938964844,75.52999877929688,75.88999938964844,1267100
2014-08-12,75.94000244140625,76.12000274658203,75.5999984741211,75.81999969482422,1084400
2014-08-13,76.16999816894531,76.48999786376953,75.94000244140625,76.13999938964844,1170200
2014-08-14,76.05999755859375,76.63999938964844,76.04000091552734,76.62000274658203,1043800
2014-08-15,76.79000091552734,77.0,76.0999984741211,76.33000183105469,1594700
2014-08-18,76.52999877929688,76.98999786376953,76.36000061035156,76.5999984741211,698400
2014-08-19,76.68000030517578,77.0999984741211,76.62999725341797,76.93000030517578,715800
2014-08-20,76.93000030517578,77.0199966430664,76.58000183105469,76.86000061035156,718600
2014-08-21,77.05999755859375,77.37000274658203,76.87999725341797,76.93000030517578,758900
2014-08-22,77.05000305175781,77.29000091552734,76.43000030517578,76.5999984741211,681100
2014-08-25,77.02999877929688,77.29000091552734,76.66999816894531,76.91999816894531,454600
2014-08-26,76.8499984741211,76.91000366210938,76.3499984741211,76.72000122070312,616000
2014-08-27,76.97000122070312,76.97000122070312,76.0,76.37000274658203,774400
2014-08-28,76.30999755859375,76.91999816894531,76.08999633789062,76.72000122070312,580800
2014-08-29,77.0,77.41000366210938,76.80000305175781,77.38999938964844,992100
2014-09-02,77.51000213623047,77.69000244140625,77.05000305175781,77.1500015258789,1112300
2014-09-03,77.51000213623047,77.6500015258789,77.19000244140625,77.36000061035156,665300
2014-09-04,77.31999969482422,77.94000244140625,77.08000183105469,77.3499984741211,840100
2014-09-05,77.18000030517578,78.26000213623047,76.9800033569336,78.13999938964844,1240700
2014-09-08,77.91999816894531,78.5999984741211,77.81999969482422,78.33000183105469,1086200
2014-09-09,78.22000122070312,78.33000183105469,77.83000183105469,78.0,1084300
2014-09-10,78.1500015258789,78.33999633789062,77.81999969482422,77.95999908447266,913900
2014-09-11,77.5199966430664,77.72000122070312,76.7300033569336,77.3499984741211,1787000
2014-09-12,77.3499984741211,77.5999984741211,76.61000061035156,77.0999984741211,1330000
2014-09-15,76.98999786376953,77.0999984741211,76.55000305175781,76.83999633789062,994400
2014-09-16,76.47000122070312,77.44000244140625,75.70999908447266,77.11000061035156,1988500
2014-09-17,77.25,77.29000091552734,76.19000244140625,76.52999877929688,1691100
2014-09-18,76.80999755859375,77.2300033569336,76.69999694824219,77.12999725341797,1121100
2014-09-19,77.47000122070312,78.12000274658203,77.31999969482422,77.33000183105469,3064600
2014-09-22,77.3499984741211,77.55999755859375,76.75,77.18000030517578,1283500
2014-09-23,76.72000122070312,77.1500015258789,76.43000030517578,76.79000091552734,1196200
2014-09-24,76.91999816894531,78.12000274658203,76.68000030517578,78.04000091552734,1749800
2014-09-25,77.70999908447266,78.0199966430664,77.08999633789062,77.48999786376953,1738200
2014-09-26,77.41000366210938,77.66999816894531,76.86000061035156,77.41999816894531,910100
2014-09-29,77.05000305175781,77.83999633789062,76.94999694824219,77.62999725341797,973100
2014-09-30,77.6500015258789,78.0199966430664,77.19000244140625,77.30000305175781,1373500
2014-10-01,78.20999908447266,78.20999908447266,76.44000244140625,76.69000244140625,1491700
2014-10-02,76.61000061035156,77.25,76.36000061035156,76.87000274658203,1470500
2014-10-03,77.11000061035156,78.20999908447266,77.11000061035156,77.88999938964844,1578700
2014-10-06,78.06999969482422,78.58000183105469,77.0199966430664,77.5199966430664,1328900
2014-10-07,77.19999694824219,77.23999786376953,76.4800033569336,76.5,1070400
2014-10-08,76.37000274658203,77.9800033569336,76.33000183105469,77.88999938964844,1419600
2014-10-09,77.88999938964844,78.45999908447266,77.13999938964844,77.19999694824219,1499000
2014-10-10,77.3499984741211,78.11000061035156,76.86000061035156,76.9000015258789,1407500
2014-10-13,76.94000244140625,77.19000244140625,75.75,75.83999633789062,1534800
2014-10-14,76.25,77.33999633789062,75.66000366210938,76.62999725341797,1645400
2014-10-15,75.79000091552734,76.41000366210938,74.51000213623047,76.0199966430664,2385600
2014-10-16,75.37999725341797,75.87000274658203,74.31999969482422,75.0199966430664,2415300
2014-10-17,75.47000122070312,76.18000030517578,75.31999969482422,75.83999633789062,1590300
2014-10-20,75.87000274658203,76.0199966430664,75.11000061035156,75.48999786376953,2599200
2014-10-21,76.19999694824219,76.86000061035156,76.0199966430664,76.62000274658203,3045500
2014-10-22,76.9000015258789,77.19999694824219,76.58999633789062,76.62999725341797,1946400
2014-10-23,77.31999969482422,77.9000015258789,77.18000030517578,77.44000244140625,1979100
2014-10-24,77.70999908447266,78.33000183105469,77.43000030517578,78.27999877929688,1425500
2014-10-27,78.33999633789062,79.98999786376953,78.29000091552734,79.44999694824219,3260900
2014-10-28,79.9800033569336,79.98999786376953,78.94000244140625,79.6500015258789,2253400
2014-10-29,79.58000183105469,80.19000244140625,79.26000213623047,79.73999786376953,2529800
2014-10-30,81.68000030517578,85.12000274658203,81.68000030517578,84.83999633789062,5081400
2014-10-31,85.05999755859375,85.98999786376953,84.7699966430664,85.41000366210938,3248200
2014-11-03,85.80999755859375,86.95999908447266,85.58000183105469,86.9000015258789,2569200
2014-11-04,86.62999725341797,88.22000122070312,86.5,88.19000244140625,2796600
2014-11-05,88.83000183105469,89.2300033569336,87.61000061035156,87.80999755859375,2050300
2014-11-06,87.95999908447266,88.11000061035156,86.81999969482422,87.4000015258789,2317200
2014-11-07,87.80000305175781,87.80000305175781,86.48999786376953,86.7300033569336,2199300
2014-11-10,87.0199966430664,87.86000061035156,86.5199966430664,87.70999908447266,1297200
2014-11-11,87.70999908447266,88.44000244140625,87.63999938964844,87.93000030517578,1214500
2014-11-12,87.94999694824219,88.77999877929688,87.54000091552734,88.70999908447266,1323400
2014-11-13,88.54000091552734,89.4800033569336,88.54000091552734,89.08000183105469,1563500
2014-11-14,88.87000274658203,89.23999786376953,88.33999633789062,88.83000183105469,1635000
2014-11-17,88.83000183105469,89.69999694824219,88.56999969482422,89.01000213623047,1624500
2014-11-18,89.0,89.97000122070312,88.66999816894531,89.76000213623047,1611200
2014-11-19,89.44000244140625,89.94000244140625,88.88999938964844,89.31999969482422,2207300
2014-11-20,89.19000244140625,89.30999755859375,88.33999633789062,88.9000015258789,1411700
2014-11-21,89.0,89.02999877929688,88.0999984741211,88.73999786376953,1635700
2014-11-24,89.20999908447266,90.0999984741211,89.20999908447266,90.04000091552734,1309500
2014-11-25,90.04000091552734,90.44999694824219,89.51000213623047,90.31999969482422,1205400
2014-11-26,90.22000122070312,90.80000305175781,89.5,90.08999633789062,974900
2014-11-28,90.48999786376953,91.58999633789062,90.45999908447266,91.05000305175781,758300
2014-12-01,90.63999938964844,91.4000015258789,90.27999877929688,90.83999633789062,1586400
2014-12-02,90.93000030517578,92.51000213623047,90.87000274658203,92.04000091552734,1769800
2014-12-03,91.98999786376953,92.38999938964844,91.72000122070312,91.98999786376953,1533000
2014-12-04,91.87000274658203,92.6500015258789,91.68000030517578,91.94999694824219,1444900
2014-12-05,92.37999725341797,92.55999755859375,91.86000061035156,92.20999908447266,740100
2014-12-08,92.01000213623047,92.83999633789062,91.97000122070312,92.55999755859375,1507400
2014-12-09,91.44999694824219,92.25,90.7699966430664,92.08999633789062,1409100
2014-12-10,91.91999816894531,92.27999877929688,90.80999755859375,90.91999816894531,1242800
2014-12-11,91.93000030517578,92.83999633789062,91.5199966430664,92.55000305175781,1767700
2014-12-12,91.87999725341797,92.52999877929688,90.91999816894531,90.9800033569336,1691500
2014-12-15,91.55000305175781,91.72000122070312,89.9800033569336,90.69000244140625,2351700
2014-12-16,90.19000244140625,91.1500015258789,89.26000213623047,89.43000030517578,2243400
2014-12-17,89.81999969482422,91.0199966430664,89.48999786376953,90.55999755859375,1956700
2014-12-18,91.12000274658203,91.38999938964844,90.43000030517578,91.27999877929688,2160700
2014-12-19,92.04000091552734,92.55999755859375,91.12000274658203,91.68000030517578,2886900
2014-12-22,92.26000213623047,92.55999755859375,91.4800033569336,91.94000244140625,1566900
2014-12-23,92.4000015258789,92.6500015258789,90.69000244140625,91.41999816894531,1175800
2014-12-24,91.6500015258789,92.26000213623047,91.45999908447266,91.5999984741211,432100
2014-12-26,91.54000091552734,92.20999908447266,91.30000305175781,91.51000213623047,393300
2014-12-29,91.26000213623047,91.88999938964844,91.18000030517578,91.62999725341797,752400
2014-12-30,91.47000122070312,91.66999816894531,91.08000183105469,91.27999877929688,1088600
2014-12-31,91.56999969482422,91.93000030517578,90.08999633789062,90.16000366210938,979000
2015-01-02,90.61000061035156,91.31999969482422,89.81999969482422,90.45999908447266,1124600
2015-01-05,90.06999969482422,90.73999786376953,89.63999938964844,89.69000244140625,1631200
2015-01-06,90.13999938964844,91.41999816894531,89.5199966430664,90.18000030517578,1761600
2015-01-07,90.9800033569336,92.4000015258789,90.43000030517578,91.9800033569336,1608900
2015-01-08,91.73999786376953,92.7699966430664,91.16000366210938,92.19000244140625,2396900
2015-01-09,92.44000244140625,93.2699966430664,92.31999969482422,93.0,1553700
2015-01-12,93.7699966430664,94.3499984741211,90.55000305175781,90.93000030517578,3524600
2015-01-13,91.87000274658203,93.41999816894531,90.93000030517578,91.63999938964844,3463900
2015-01-14,91.41999816894531,92.87000274658203,90.58999633789062,92.0999984741211,2000000
2015-01-15,92.1500015258789,92.4000015258789,91.0999984741211,91.4000015258789,1362000
2015-01-16,91.13999938964844,92.45999908447266,90.3499984741211,92.41999816894531,1541700
2015-01-20,93.01000213623047,93.41999816894531,91.38999938964844,92.44000244140625,1177100
2015-01-21,92.37999725341797,93.0,91.9000015258789,92.77999877929688,1531500
2015-01-22,93.2300033569336,94.2300033569336,91.94999694824219,94.1500015258789,1641100
2015-01-23,94.37999725341797,95.16000366210938,94.30000305175781,94.7300033569336,1853800
2015-01-26,94.8499984741211,95.87000274658203,94.30000305175781,95.8499984741211,2097500
2015-01-27,95.16999816894531,96.48999786376953,94.70999908447266,95.91999816894531,2734000
2015-01-28,98.80000305175781,100.19999694824219,95.26000213623047,96.37000274658203,5424200
2015-01-29,96.87000274658203,97.12999725341797,94.88999938964844,96.33999633789062,3327400
2015-01-30,96.18000030517578,96.5,94.9800033569336,95.05000305175781,2346800
2015-02-02,95.56999969482422,95.7699966430664,93.5999984741211,95.1500015258789,1697600
2015-02-03,95.66999816894531,95.83000183105469,94.2699966430664,95.63999938964844,2081300
2015-02-04,95.62000274658203,96.44999694824219,95.2300033569336,95.87000274658203,1777600
2015-02-05,96.2699966430664,96.66999816894531,95.9800033569336,96.33999633789062,1055700
2015-02-06,96.94999694824219,98.2300033569336,96.58999633789062,97.04000091552734,2015500
2015-02-09,96.97000122070312,96.97000122070312,95.08000183105469,95.55999755859375,1645200
2015-02-10,96.33999633789062,97.01000213623047,95.7699966430664,96.91000366210938,2247800
2015-02-11,97.01000213623047,99.08000183105469,96.93000030517578,98.73999786376953,3137400
2015-02-12,98.83000183105469,99.8499984741211,98.2300033569336,99.83000183105469,2224600
2015-02-13,99.68000030517578,100.36000061035156,99.01000213623047,100.33999633789062,2063300
2015-02-17,100.20999908447266,100.8499984741211,99.68000030517578,100.5999984741211,2196900
2015-02-18,100.20999908447266,100.91999816894531,99.61000061035156,100.66000366210938,1680400
2015-02-19,100.5199966430664,101.02999877929688,100.08999633789062,101.01000213623047,1420900
2015-02-20,101.0199966430664,102.0,100.18000030517578,101.9800033569336,1442600
2015-02-23,101.9800033569336,102.88999938964844,101.79000091552734,102.76000213623047,1107800
2015-02-24,102.76000213623047,103.13999938964844,102.29000091552734,102.97000122070312,1169200
2015-02-25,102.97000122070312,103.70999908447266,102.75,103.29000091552734,1064500
2015-02-26,102.93000030517578,103.63999938964844,102.62000274658203,102.9800033569336,1711900
2015-02-27,103.08000183105469,103.30999755859375,102.48999786376953,102.76000213623047,1329300
2015-03-02,102.56999969482422,103.25,102.44000244140625,103.0999984741211,1948300
2015-03-03,103.41000366210938,103.97000122070312,102.5,103.04000091552734,1995400
2015-03-04,102.52999877929688,103.6500015258789,102.12999725341797,103.4800033569336,1832600
2015-03-05,103.73999786376953,103.91999816894531,103.16999816894531,103.63999938964844,1208400
2015-03-06,103.19000244140625,103.58999633789062,102.0,102.26000213623047,1549300
2015-03-09,102.47000122070312,103.58000183105469,102.01000213623047,103.33999633789062,1295300
2015-03-10,102.62000274658203,103.5199966430664,102.22000122070312,102.93000030517578,1911700
2015-03-11,103.4000015258789,104.0999984741211,102.94999694824219,103.83999633789062,1719900
2015-03-12,104.0,105.5199966430664,103.94999694824219,105.37999725341797,1448200
2015-03-13,105.26000213623047,106.37999725341797,105.12000274658203,106.1500015258789,1746900
2015-03-16,108.12999725341797,110.19999694824219,106.97000122070312,110.12999725341797,3548800
2015-03-17,109.94000244140625,110.70999908447266,109.2699966430664,110.36000061035156,1786700
2015-03-18,110.44999694824219,112.27999877929688,109.81999969482422,111.69999694824219,2044000
2015-03-19,111.87999725341797,112.5,111.06999969482422,112.37000274658203,1422200
2015-03-20,112.9800033569336,114.5,112.83999633789062,113.45999908447266,4380900
2015-03-23,113.73999786376953,114.52999877929688,113.12999725341797,113.63999938964844,1920900
2015-03-24,113.63999938964844,114.7300033569336,113.36000061035156,113.88999938964844,1913500
2015-03-25,113.9000015258789,114.5999984741211,111.80000305175781,112.13999938964844,2066900
2015-03-26,111.5,113.05000305175781,110.54000091552734,112.08999633789062,2411800
2015-03-27,112.33000183105469,113.58000183105469,112.20999908447266,113.19000244140625,1881900
2015-03-30,113.69999694824219,114.0,113.37000274658203,113.48999786376953,2179900
2015-03-31,113.41999816894531,114.2699966430664,113.41999816894531,113.66999816894531,2254200
2015-04-01,113.93000030517578,113.93000030517578,111.41000366210938,112.02999877929688,2171900
2015-04-02,112.16000366210938,112.58999633789062,111.58000183105469,112.38999938964844,2049400
2015-04-06,111.98999786376953,113.12999725341797,111.79000091552734,112.54000091552734,1869200
2015-04-07,112.91000366210938,113.48999786376953,112.44999694824219,112.68000030517578,1189900
2015-04-08,112.7699966430664,113.5,112.43000030517578,113.23999786376953,2048900
2015-04-09,113.30999755859375,114.27999877929688,112.63999938964844,113.5,2425500
2015-04-10,113.4000015258789,115.55000305175781,113.22000122070312,115.3499984741211,1879600
2015-04-13,115.30999755859375,115.87999725341797,113.66000366210938,113.98999786376953,1826900
2015-04-14,114.33999633789062,114.44999694824219,112.69999694824219,114.0,1032000
2015-04-15,114.19999694824219,114.33000183105469,112.77999877929688,113.62000274658203,1328000
2015-04-16,113.41000366210938,114.05999755859375,112.52999877929688,113.83000183105469,1055600
2015-04-17,113.20999908447266,113.70999908447266,112.05000305175781,112.61000061035156,2296800
2015-04-20,112.95999908447266,113.55999755859375,112.88999938964844,113.19000244140625,1413000
2015-04-21,113.88999938964844,114.48999786376953,113.23999786376953,113.88999938964844,1176800
2015-04-22,113.8499984741211,114.41000366210938,113.37000274658203,113.80999755859375,1145300
2015-04-23,113.80999755859375,116.18000030517578,113.56999969482422,115.19999694824219,2152100
2015-04-24,115.0999984741211,115.9800033569336,114.19000244140625,115.4800033569336,849200
2015-04-27,115.87999725341797,115.87999725341797,113.8499984741211,114.11000061035156,1562800
2015-04-28,114.0,114.62000274658203,112.61000061035156,113.95999908447266,1339900
2015-04-29,113.69000244140625,113.98999786376953,112.12000274658203,112.44000244140625,2200100
2015-04-30,117.38999938964844,120.68000030517578,113.02999877929688,114.30000305175781,5198100
2015-05-01,115.12000274658203,115.31999969482422,113.83000183105469,114.61000061035156,2903800
2015-05-04,114.66999816894531,116.27999877929688,114.51000213623047,115.25,2195200
2015-05-05,115.62000274658203,115.75,114.4000015258789,114.69999694824219,1844000
2015-05-06,114.9000015258789,115.12999725341797,113.51000213623047,114.05999755859375,1703600
2015-05-07,114.27999877929688,115.06999969482422,113.79000091552734,114.06999969482422,1706800
2015-05-08,114.54000091552734,116.0,114.52999877929688,115.30000305175781,2486100
2015-05-11,115.13999938964844,115.80999755859375,114.75,114.91000366210938,1592300
2015-05-12,114.5,115.44999694824219,114.2699966430664,115.05000305175781,1988900
2015-05-13,115.47000122070312,115.8499984741211,114.16999816894531,114.30000305175781,1533400
2015-05-14,114.4000015258789,114.83999633789062,114.0,114.66000366210938,2416800
2015-05-15,114.86000061035156,115.06999969482422,113.75,114.18000030517578,1947800
2015-05-18,113.36000061035156,113.62000274658203,112.55999755859375,113.30999755859375,2804100
2015-05-19,113.54000091552734,115.58000183105469,113.41999816894531,115.11000061035156,1902400
2015-05-20,115.0999984741211,115.51000213623047,114.69999694824219,114.70999908447266,1885300
2015-05-21,114.5,114.80999755859375,113.87000274658203,113.94000244140625,2319300
2015-05-22,113.76000213623047,114.33999633789062,113.52999877929688,113.80000305175781,1498400
2015-05-26,113.87999725341797,114.44999694824219,112.80999755859375,113.0,1560000
2015-05-27,112.91000366210938,113.81999969482422,112.7699966430664,113.58999633789062,1250300
2015-05-28,113.1500015258789,114.05999755859375,112.93000030517578,113.0999984741211,1360800
2015-05-29,113.22000122070312,114.4000015258789,112.55999755859375,112.55999755859375,4702600
2015-06-01,112.80999755859375,113.76000213623047,111.83000183105469,113.26000213623047,1359500
2015-06-02,112.55000305175781,113.33999633789062,112.01000213623047,112.4800033569336,1403100
2015-06-03,112.3499984741211,113.16000366210938,112.19000244140625,112.37999725341797,1452800
2015-06-04,111.47000122070312,112.5999984741211,111.0999984741211,111.48999786376953,1562500
2015-06-05,111.20999908447266,111.6500015258789,110.25,111.5,1382000
2015-06-08,111.30999755859375,111.80999755859375,110.20999908447266,110.22000122070312,1335500
2015-06-09,110.73999786376953,110.73999786376953,108.61000061035156,109.12000274658203,1917900
2015-06-10,109.04000091552734,109.19000244140625,108.27999877929688,108.75,1980200
2015-06-11,108.91999816894531,111.13999938964844,108.80000305175781,110.41000366210938,1906300
2015-06-12,111.0,111.0,109.80999755859375,110.1500015258789,1163100
2015-06-15,109.7699966430664,112.33000183105469,109.0,110.62999725341797,2277600
2015-06-16,110.68000030517578,112.08999633789062,110.16999816894531,111.18000030517578,1671200
2015-06-17,111.37999725341797,112.12999725341797,110.87000274658203,111.51000213623047,1597600
2015-06-18,111.5,112.62999725341797,110.72000122070312,111.91999816894531,1329800
2015-06-19,111.72000122070312,112.30999755859375,111.33999633789062,111.47000122070312,4169800
2015-06-22,112.58000183105469,113.19000244140625,111.6500015258789,111.79000091552734,902800
2015-06-23,112.18000030517578,112.47000122070312,111.58000183105469,111.80999755859375,1035500
2015-06-24,111.5,111.5999984741211,109.56999969482422,109.5999984741211,1558200
2015-06-25,109.48999786376953,109.69999694824219,107.30999755859375,107.61000061035156,3239100
2015-06-26,108.06999969482422,108.55999755859375,107.31999969482422,107.83999633789062,1622900
2015-06-29,106.80999755859375,107.62000274658203,105.77999877929688,106.0999984741211,1730600
2015-06-30,106.30000305175781,107.30999755859375,106.1500015258789,106.33999633789062,1958600
2015-07-01,107.16999816894531,108.06999969482422,106.87000274658203,107.70999908447266,1896900
2015-07-02,107.70999908447266,108.31999969482422,107.02999877929688,107.0999984741211,1269000
2015-07-06,106.47000122070312,108.56999969482422,106.0,108.02999877929688,1634600
2015-07-07,108.73999786376953,108.79000091552734,107.01000213623047,108.62999725341797,1298500
2015-07-08,107.54000091552734,108.55999755859375,107.38999938964844,107.83000183105469,1174200
2015-07-09,108.97000122070312,109.1500015258789,108.08000183105469,108.86000061035156,2158700
2015-07-10,109.73999786376953,109.9800033569336,109.2699966430664,109.45999908447266,1170500
2015-07-13,110.5199966430664,110.6500015258789,109.36000061035156,110.06999969482422,1010200
2015-07-14,109.98999786376953,110.69000244140625,109.2300033569336,110.4000015258789,1505700
2015-07-15,110.66999816894531,110.93000030517578,109.5,110.52999877929688,947200
2015-07-16,111.0,111.93000030517578,109.93000030517578,111.87999725341797,1736300
2015-07-17,111.8499984741211,113.66000366210938,111.0999984741211,113.19999694824219,1931900
2015-07-20,113.2300033569336,115.0,113.18000030517578,114.76000213623047,1975900
2015-07-21,114.6500015258789,114.94000244140625,113.5,114.0999984741211,1466000
2015-07-22,114.01000213623047,115.41000366210938,113.87000274658203,114.94999694824219,2397200
2015-07-23,110.62000274658203,114.0199966430664,109.5199966430664,110.12000274658203,4172000
2015-07-24,109.7699966430664,110.13999938964844,108.44999694824219,108.7300033569336,2145300
2015-07-27,108.12999725341797,108.29000091552734,106.80000305175781,107.37000274658203,2690000
2015-07-28,107.80000305175781,108.22000122070312,106.7699966430664,108.0,1796600
2015-07-29,107.79000091552734,109.08000183105469,107.06999969482422,107.77999877929688,2402700
2015-07-30,107.48999786376953,107.48999786376953,104.30999755859375,104.47000122070312,3974200
2015-07-31,104.58000183105469,106.25,104.12999725341797,105.75,2718800
2015-08-03,105.75,106.6500015258789,105.13999938964844,105.81999969482422,1741500
2015-08-04,106.16000366210938,106.95999908447266,105.7699966430664,106.20999908447266,2189900
2015-08-05,106.6500015258789,107.5,106.41999816894531,107.25,1667800
2015-08-06,107.37000274658203,107.8499984741211,104.55999755859375,104.75,1776200
2015-08-07,104.51000213623047,104.6500015258789,102.87999725341797,104.36000061035156,2696100
2015-08-10,105.04000091552734,106.26000213623047,104.44999694824219,104.6500015258789,1423000
2015-08-11,104.23999786376953,105.0,103.4800033569336,104.51000213623047,1647100
2015-08-12,104.19000244140625,105.83999633789062,102.44999694824219,104.37999725341797,1855300
2015-08-13,104.7300033569336,105.29000091552734,102.29000091552734,103.87999725341797,1667000
2015-08-14,103.9800033569336,104.19000244140625,103.41000366210938,103.94000244140625,1040600
2015-08-17,103.75,104.68000030517578,102.79000091552734,104.62000274658203,987900
2015-08-18,104.36000061035156,105.87000274658203,104.36000061035156,104.94999694824219,1091100
2015-08-19,104.5199966430664,107.0199966430664,103.8499984741211,106.13999938964844,2161900
2015-08-20,105.0999984741211,105.69999694824219,103.33999633789062,103.37000274658203,1792900
2015-08-21,102.4800033569336,103.48999786376953,101.33999633789062,101.80000305175781,2746200
2015-08-24,93.0,98.52999877929688,91.4800033569336,98.52999877929688,4569800
2015-08-25,100.62000274658203,100.87999725341797,97.31999969482422,97.41000366210938,2699900
2015-08-26,99.38999938964844,100.86000061035156,97.05000305175781,100.61000061035156,2741300
2015-08-27,101.47000122070312,101.79000091552734,99.4000015258789,101.1500015258789,4173800
2015-08-28,101.33999633789062,101.48999786376953,100.30999755859375,100.87000274658203,1693500
2015-08-31,100.87000274658203,101.83999633789062,95.61000061035156,100.04000091552734,1496300
2015-09-01,97.55000305175781,100.86000061035156,97.55000305175781,99.2699966430664,2533400
2015-09-02,101.7699966430664,101.7699966430664,99.0999984741211,100.27999877929688,1695600
2015-09-03,100.9000015258789,101.48999786376953,99.62000274658203,100.0,1580100
2015-09-04,100.66000366210938,101.4000015258789,98.36000061035156,98.98999786376953,2526600
2015-09-08,100.80000305175781,101.18000030517578,99.79000091552734,101.05000305175781,1844800
2015-09-09,101.13999938964844,103.45999908447266,100.55000305175781,100.75,1588400
2015-09-10,100.6500015258789,102.87999725341797,100.36000061035156,102.02999877929688,1782300
2015-09-11,101.87999725341797,104.4000015258789,101.81999969482422,104.33999633789062,1994700
2015-09-14,104.81999969482422,105.4800033569336,103.79000091552734,104.62000274658203,1762400
2015-09-15,104.72000122070312,105.80999755859375,104.20999908447266,105.55999755859375,1481600
2015-09-16,105.51000213623047,106.44999694824219,104.81999969482422,106.29000091552734,1538900
2015-09-17,106.44000244140625,108.18000030517578,105.62999725341797,106.77999877929688,1631800
2015-09-18,105.91000366210938,106.91999816894531,105.30000305175781,106.0999984741211,2222300
2015-09-21,106.58000183105469,107.36000061035156,104.76000213623047,105.27999877929688,1459700
2015-09-22,104.33999633789062,104.5,102.66000366210938,103.2699966430664,2487100
2015-09-23,103.19999694824219,103.66999816894531,102.27999877929688,102.81999969482422,2217800
2015-09-24,102.43000030517578,102.56999969482422,100.58999633789062,101.97000122070312,1616000
2015-09-25,102.38999938964844,102.47000122070312,99.38999938964844,99.83999633789062,1768400
2015-09-28,99.33999633789062,99.6500015258789,96.11000061035156,96.19000244140625,3379100
2015-09-29,96.19000244140625,96.80999755859375,94.41000366210938,95.05000305175781,2988500
2015-09-30,96.08000183105469,96.68000030517578,94.06999969482422,94.98999786376953,2381200
2015-10-01,94.98999786376953,95.11000061035156,93.19999694824219,94.51000213623047,3193100
2015-10-02,92.33999633789062,94.9800033569336,90.81999969482422,94.91000366210938,3488900
2015-10-05,95.33999633789062,95.83000183105469,94.01000213623047,94.98999786376953,2542000
2015-10-06,95.47000122070312,95.9000015258789,92.2699966430664,93.02999877929688,3778000
2015-10-07,93.3499984741211,93.7300033569336,92.26000213623047,92.94000244140625,2645500
2015-10-08,93.05999755859375,93.87999725341797,91.7699966430664,93.54000091552734,2198700
2015-10-09,93.2300033569336,93.69000244140625,92.33000183105469,92.83999633789062,2815900
2015-10-12,93.0199966430664,93.75,92.80000305175781,93.72000122070312,1920500
2015-10-13,93.87999725341797,95.19000244140625,93.80000305175781,94.1500015258789,3040800
2015-10-14,94.0,94.9800033569336,92.73999786376953,93.02999877929688,2190400
2015-10-15,93.16000366210938,94.30000305175781,92.11000061035156,94.06999969482422,2959600
2015-10-16,94.62000274658203,95.31999969482422,94.33999633789062,95.05999755859375,1680200
2015-10-19,94.97000122070312,95.54000091552734,94.16999816894531,94.79000091552734,1561100
2015-10-20,94.62000274658203,95.05000305175781,92.87000274658203,93.18000030517578,2668100
2015-10-21,93.44999694824219,93.83000183105469,91.69000244140625,92.70999908447266,2795500
2015-10-22,92.87999725341797,93.69000244140625,91.79000091552734,92.80000305175781,3423200
2015-10-23,93.6500015258789,94.29000091552734,92.4000015258789,93.12999725341797,2597000
2015-10-26,93.05999755859375,94.16000366210938,92.83999633789062,93.62999725341797,2502000
2015-10-27,93.93000030517578,102.63999938964844,92.98999786376953,97.54000091552734,9731300
2015-10-28,97.68000030517578,98.18000030517578,96.20999908447266,97.5,3478500
2015-10-29,97.2699966430664,97.54000091552734,93.0199966430664,96.81999969482422,5179700
2015-10-30,97.2699966430664,98.48999786376953,96.4000015258789,96.51000213623047,3115100
2015-11-02,97.51000213623047,98.05000305175781,96.55999755859375,97.83000183105469,2434200
2015-11-03,97.44000244140625,98.16999816894531,96.7699966430664,97.66999816894531,1670100
2015-11-04,97.66999816894531,97.94999694824219,96.69000244140625,97.47000122070312,1871000
2015-11-05,97.80000305175781,98.41000366210938,97.37999725341797,97.88999938964844,2012400
2015-11-06,98.01000213623047,98.70999908447266,96.52999877929688,97.61000061035156,1601400
2015-11-09,97.33000183105469,97.91000366210938,96.37999725341797,97.4000015258789,1699100
2015-11-10,97.5,99.05000305175781,97.18000030517578,98.87000274658203,1815300
2015-11-11,99.41000366210938,99.63999938964844,98.1500015258789,98.23999786376953,1512500
2015-11-12,96.29000091552734,98.37999725341797,96.29000091552734,96.91000366210938,1914300
2015-11-13,96.58999633789062,97.62999725341797,96.22000122070312,96.58999633789062,1728200
2015-11-16,96.86000061035156,98.06999969482422,96.54000091552734,97.30000305175781,1829000
2015-11-17,97.7300033569336,99.52999877929688,97.33000183105469,99.16999816894531,2315600
2015-11-18,99.06999969482422,100.44000244140625,98.87000274658203,100.30999755859375,1988700
2015-11-19,100.33000183105469,100.86000061035156,99.04000091552734,99.19000244140625,2044100
2015-11-20,99.5999984741211,99.91999816894531,98.63999938964844,99.0999984741211,2299700
2015-11-23,99.0,99.0,98.47000122070312,98.7300033569336,1062400
2015-11-24,98.16000366210938,98.62000274658203,97.75,98.5,1628200
2015-11-25,99.0,99.22000122070312,97.83000183105469,98.93000030517578,2090700
2015-11-27,99.0199966430664,99.69999694824219,98.47000122070312,98.98999786376953,775400
2015-11-30,99.08000183105469,99.48999786376953,98.62999725341797,98.63999938964844,1579800
2015-12-01,98.83999633789062,99.83000183105469,98.80999755859375,99.5,1823400
2015-12-02,99.83000183105469,100.01000213623047,98.51000213623047,98.8499984741211,1468000
2015-12-03,99.01000213623047,99.20999908447266,98.02999877929688,98.70999908447266,2629000
2015-12-04,99.12000274658203,100.4000015258789,98.54000091552734,99.88999938964844,1697100
2015-12-07,99.91999816894531,100.4000015258789,99.33999633789062,99.9800033569336,1265100
2015-12-08,99.6500015258789,100.58000183105469,99.33000183105469,100.47000122070312,1716200
2015-12-09,99.52999877929688,101.01000213623047,99.37000274658203,100.66999816894531,3365700
2015-12-10,100.93000030517578,102.41999816894531,100.62000274658203,101.94999694824219,2678700
2015-12-11,101.48999786376953,102.80999755859375,101.29000091552734,102.08000183105469,2028300
2015-12-14,102.19999694824219,102.75,101.33000183105469,102.52999877929688,2361600
2015-12-15,103.0199966430664,103.48999786376953,101.33999633789062,101.69000244140625,2229700
2015-12-16,102.0999984741211,102.44000244140625,100.44000244140625,101.58999633789062,1993700
2015-12-17,101.69000244140625,102.88999938964844,101.44000244140625,102.33999633789062,2791700
2015-12-18,102.12999725341797,102.61000061035156,101.23999786376953,101.87999725341797,4466700
2015-12-21,102.16999816894531,102.91999816894531,101.61000061035156,102.88999938964844,1669300
2015-12-22,103.0,103.44000244140625,102.19999694824219,103.16000366210938,1087900
2015-12-23,103.1500015258789,104.23999786376953,102.80000305175781,103.94000244140625,1244500
2015-12-24,103.70999908447266,104.19000244140625,103.5199966430664,103.94999694824219,435400
2015-12-28,103.8499984741211,104.56999969482422,103.4800033569336,104.19000244140625,804400
2015-12-29,104.69000244140625,105.3499984741211,104.27999877929688,104.7699966430664,828300
2015-12-30,104.94000244140625,105.80999755859375,104.79000091552734,105.0199966430664,1043900
2015-12-31,104.47000122070312,105.12000274658203,103.68000030517578,103.70999908447266,1107600
2016-01-04,102.30999755859375,102.63999938964844,101.29000091552734,101.87000274658203,2327000
2016-01-05,102.19999694824219,103.4000015258789,101.58999633789062,103.36000061035156,2049900
2016-01-06,101.45999908447266,102.63999938964844,101.30999755859375,101.77999877929688,2267300
2016-01-07,100.87000274658203,101.1500015258789,98.48999786376953,98.52999877929688,3658700
2016-01-08,99.16000366210938,99.51000213623047,97.80000305175781,97.95999908447266,1837100
2016-01-11,95.51000213623047,96.0,93.80999755859375,94.05999755859375,5985800
2016-01-12,94.44999694824219,95.51000213623047,93.77999877929688,94.18000030517578,3620400
2016-01-13,94.30999755859375,94.8499984741211,92.94000244140625,93.13999938964844,4002700
2016-01-14,92.79000091552734,94.23999786376953,92.41999816894531,93.72000122070312,2789400
2016-01-15,93.23999786376953,93.52999877929688,91.43000030517578,92.7699966430664,3212400
2016-01-19,93.29000091552734,93.33999633789062,91.58999633789062,92.54000091552734,3424200
2016-01-20,91.79000091552734,92.25,89.68000030517578,90.9000015258789,4490400
2016-01-21,90.9000015258789,91.83000183105469,89.79000091552734,90.56999969482422,2196700
2016-01-22,91.88999938964844,92.08000183105469,90.83999633789062,91.0,1985800
2016-01-25,91.98999786376953,92.2300033569336,91.05000305175781,91.2699966430664,2439400
2016-01-26,91.41000366210938,91.58999633789062,90.61000061035156,91.26000213623047,1327500
2016-01-27,91.29000091552734,91.5199966430664,89.7300033569336,90.18000030517578,2844500
2016-01-28,90.5,90.7300033569336,87.08999633789062,87.29000091552734,6053000
2016-01-29,87.55000305175781,89.5999984741211,87.27999877929688,89.55999755859375,3764800
2016-02-01,89.11000061035156,89.37999725341797,87.66000366210938,89.0,3036300
2016-02-02,88.5999984741211,89.88999938964844,87.94999694824219,88.13999938964844,2849600
2016-02-03,88.33999633789062,88.55000305175781,86.87000274658203,87.98999786376953,3997400
2016-02-04,80.51000213623047,87.97000122070312,80.5,84.4000015258789,8039400
2016-02-05,84.0,86.12999725341797,82.66000366210938,84.69999694824219,4853500
2016-02-08,83.88999938964844,84.23999786376953,82.72000122070312,83.62000274658203,4596600
2016-02-09,82.69000244140625,85.04000091552734,82.62000274658203,84.75,2809000
2016-02-10,85.44000244140625,86.3499984741211,85.22000122070312,85.5999984741211,2708300
2016-02-11,84.25,85.08999633789062,84.19000244140625,84.55000305175781,2758400
2016-02-12,84.5999984741211,85.61000061035156,84.48999786376953,85.61000061035156,1880400
2016-02-16,86.11000061035156,86.2300033569336,85.0,85.61000061035156,2234400
2016-02-17,86.05999755859375,87.83000183105469,85.72000122070312,87.48999786376953,3574700
2016-02-18,87.02999877929688,87.48999786376953,86.58999633789062,86.69000244140625,2225800
2016-02-19,86.73999786376953,87.05000305175781,86.27999877929688,86.83999633789062,1653600
2016-02-22,86.86000061035156,87.88999938964844,86.83000183105469,87.69999694824219,2193800
2016-02-23,87.69000244140625,88.19000244140625,86.86000061035156,87.3499984741211,1675800
2016-02-24,86.5199966430664,87.27999877929688,85.80000305175781,87.08000183105469,2737300
2016-02-25,87.55000305175781,88.02999877929688,86.87999725341797,87.5999984741211,1264500
2016-02-26,87.8499984741211,88.56999969482422,87.47000122070312,87.54000091552734,1160700
2016-02-29,87.37000274658203,87.51000213623047,86.44000244140625,86.62000274658203,2595900
2016-03-01,86.80000305175781,87.7300033569336,86.47000122070312,87.43000030517578,1942000
2016-03-02,87.43000030517578,87.95999908447266,87.04000091552734,87.62999725341797,1628200
2016-03-03,87.62999725341797,88.33999633789062,87.12999725341797,88.22000122070312,1908000
2016-03-04,88.16999816894531,88.47000122070312,87.77999877929688,88.0,1666700
2016-03-07,87.36000061035156,88.25,87.19000244140625,88.0999984741211,1757300
2016-03-08,88.33000183105469,88.33999633789062,87.13999938964844,87.81999969482422,1834800
2016-03-09,87.79000091552734,88.01000213623047,87.37000274658203,87.56999969482422,1817700
2016-03-10,88.01000213623047,88.16000366210938,85.80999755859375,86.18000030517578,3419100
2016-03-11,87.0199966430664,89.63999938964844,86.55999755859375,89.55000305175781,3536400
2016-03-14,89.05999755859375,89.7699966430664,87.87999725341797,87.95999908447266,1453500
2016-03-15,87.5,88.12999725341797,86.11000061035156,86.30000305175781,2220400
2016-03-16,86.29000091552734,87.33999633789062,85.94000244140625,87.06999969482422,1399200
2016-03-17,87.06999969482422,87.47000122070312,85.7300033569336,85.87999725341797,3023200
2016-03-18,86.12000274658203,87.77999877929688,85.41000366210938,87.4800033569336,3676000
2016-03-21,87.58000183105469,87.83999633789062,86.80000305175781,87.12999725341797,1626400
2016-03-22,87.2699966430664,87.52999877929688,86.62000274658203,87.16000366210938,1687800
2016-03-23,87.5,87.83999633789062,87.08999633789062,87.2699966430664,1327800
2016-03-24,86.86000061035156,87.2300033569336,85.94999694824219,86.16999816894531,2449700
2016-03-28,87.04000091552734,87.4000015258789,85.70999908447266,86.4800033569336,1463800
2016-03-29,86.55000305175781,86.86000061035156,85.7300033569336,86.41999816894531,1413400
2016-03-30,86.5,87.44999694824219,86.41999816894531,87.08999633789062,1659900
2016-03-31,87.12999725341797,87.73999786376953,86.30000305175781,86.55000305175781,1716200
2016-04-01,86.61000061035156,86.8499984741211,86.0,86.51000213623047,2033000
2016-04-04,86.73999786376953,88.0999984741211,86.61000061035156,87.16000366210938,2271600
2016-04-05,86.37000274658203,87.01000213623047,85.58000183105469,85.69000244140625,2548800
2016-04-06,85.76000213623047,87.5999984741211,85.72000122070312,87.54000091552734,2816600
2016-04-07,87.30000305175781,88.0,86.5999984741211,86.66000366210938,2218700
2016-04-08,86.75,86.88999938964844,85.12000274658203,85.30999755859375,2483600
2016-04-11,85.16000366210938,85.54000091552734,84.36000061035156,84.44000244140625,1869800
2016-04-12,84.61000061035156,85.1500015258789,84.05000305175781,84.9000015258789,1735100
2016-04-13,85.33000183105469,85.77999877929688,84.6500015258789,85.16999816894531,1929400
2016-04-14,84.69999694824219,87.13999938964844,84.62999725341797,86.69999694824219,2126500
2016-04-15,86.5999984741211,87.87999725341797,86.48999786376953,87.83000183105469,2362400
2016-04-18,88.04000091552734,88.72000122070312,87.63999938964844,88.66000366210938,1746800
2016-04-19,89.41000366210938,90.23999786376953,89.22000122070312,89.48999786376953,2041500
2016-04-20,89.91999816894531,91.97000122070312,89.63999938964844,91.86000061035156,3145300
2016-04-21,91.62999725341797,92.4800033569336,91.5199966430664,91.83000183105469,2346000
2016-04-22,92.02999877929688,92.41999816894531,91.1500015258789,91.88999938964844,1940900
2016-04-25,91.75,91.98999786376953,90.9800033569336,91.51000213623047,2236900
2016-04-26,91.7300033569336,92.0,91.12999725341797,91.27999877929688,1126700
2016-04-27,91.31999969482422,91.6500015258789,90.29000091552734,90.63999938964844,1707700
2016-04-28,89.61000061035156,89.61000061035156,86.18000030517578,86.41999816894531,5342200
2016-04-29,86.12999725341797,86.48999786376953,84.37000274658203,85.0999984741211,3904800
2016-05-02,85.19000244140625,85.37000274658203,84.51000213623047,85.2300033569336,1621400
2016-05-03,84.93000030517578,86.06999969482422,84.43000030517578,85.4800033569336,1950900
2016-05-04,84.9800033569336,85.30000305175781,84.0,84.29000091552734,2256100
2016-05-05,77.94999694824219,79.68000030517578,76.81999969482422,78.0,11877900
2016-05-06,77.95999908447266,78.1500015258789,75.3499984741211,76.5199966430664,6821300
2016-05-09,76.43000030517578,78.4800033569336,76.2699966430664,77.37000274658203,3961400
2016-05-10,77.77999877929688,78.29000091552734,76.4000015258789,76.68000030517578,3683600
2016-05-11,76.4800033569336,76.81999969482422,75.5,75.76000213623047,3441100
2016-05-12,75.91999816894531,75.91999816894531,74.62999725341797,74.77999877929688,3469300
2016-05-13,74.70999908447266,75.06999969482422,73.54000091552734,73.66000366210938,2377500
2016-05-16,73.76000213623047,74.66999816894531,73.7300033569336,74.58999633789062,2991700
2016-05-17,74.4000015258789,75.05999755859375,74.05999755859375,74.52999877929688,2971400
2016-05-18,74.19999694824219,75.2699966430664,74.08000183105469,75.1500015258789,3243600
2016-05-19,74.45999908447266,75.30999755859375,74.33999633789062,75.05000305175781,3018700
2016-05-20,75.13999938964844,75.33000183105469,74.36000061035156,74.81999969482422,2544900
2016-05-23,75.0,75.05000305175781,73.91000366210938,73.94000244140625,1730500
2016-05-24,74.37000274658203,74.58999633789062,73.88999938964844,74.33999633789062,1949100
2016-05-25,74.58999633789062,74.75,73.87000274658203,74.04000091552734,1666400
2016-05-26,74.04000091552734,74.06999969482422,73.30999755859375,73.69000244140625,1460600
2016-05-27,73.77999877929688,74.11000061035156,73.62000274658203,74.02999877929688,1945900
2016-05-31,74.19999694824219,75.05000305175781,73.88999938964844,74.9800033569336,4431200
2016-06-01,74.76000213623047,75.94000244140625,74.58999633789062,75.63999938964844,2851500
2016-06-02,75.80999755859375,77.2300033569336,75.66000366210938,77.08000183105469,3043700
2016-06-03,76.69999694824219,77.0,76.2699966430664,76.54000091552734,1912200
2016-06-06,76.30000305175781,76.6500015258789,75.94999694824219,76.44999694824219,1492300
2016-06-07,76.38999938964844,76.54000091552734,75.91999816894531,76.22000122070312,1679100
2016-06-08,76.30999755859375,76.63999938964844,75.87000274658203,76.25,2048100
2016-06-09,76.22000122070312,76.41999816894531,75.9000015258789,76.16999816894531,3146200
2016-06-10,75.87000274658203,77.23999786376953,75.37000274658203,76.45999908447266,2818100
2016-06-13,76.44000244140625,77.18000030517578,76.20999908447266,76.41000366210938,2851100
2016-06-14,76.08000183105469,76.44999694824219,74.95999908447266,75.51000213623047,2961500
2016-06-15,75.94999694824219,76.7300033569336,75.87000274658203,76.12000274658203,2394900
2016-06-16,75.66999816894531,76.25,75.05000305175781,76.0,2111400
2016-06-17,76.01000213623047,76.33000183105469,75.16000366210938,75.69999694824219,3057000
2016-06-20,76.25,77.22000122070312,76.12999725341797,76.37000274658203,2448100
2016-06-21,76.48999786376953,76.77999877929688,76.05000305175781,76.56999969482422,1277300
2016-06-22,76.56999969482422,77.4800033569336,76.06999969482422,77.12999725341797,1935200
2016-06-23,77.66000366210938,77.7699966430664,77.02999877929688,77.55000305175781,2647000
2016-06-24,75.08000183105469,75.8499984741211,75.04000091552734,75.44000244140625,4480600
2016-06-27,75.13999938964844,75.18000030517578,73.44000244140625,73.8499984741211,2212200
2016-06-28,74.31999969482422,75.44999694824219,74.05999755859375,75.31999969482422,2811300
2016-06-29,76.08000183105469,77.5,76.02999877929688,77.26000213623047,1926800
2016-06-30,77.61000061035156,79.33000183105469,77.43000030517578,79.31999969482422,3196300
2016-07-01,79.29000091552734,80.43000030517578,79.11000061035156,80.16000366210938,2763300
2016-07-05,79.86000061035156,80.69000244140625,79.38999938964844,80.36000061035156,2377200
2016-07-06,79.94000244140625,81.55000305175781,79.5999984741211,81.19000244140625,2457700
2016-07-07,81.08999633789062,81.52999877929688,80.52999877929688,80.98999786376953,2508900
2016-07-08,81.70999908447266,82.08000183105469,81.25,81.91999816894531,1597500
2016-07-11,81.97000122070312,82.5999984741211,81.8499984741211,82.18000030517578,1429300
2016-07-12,82.25,84.41000366210938,82.23999786376953,84.18000030517578,2838400
2016-07-13,84.52999877929688,85.3499984741211,84.33000183105469,84.93000030517578,2492100
2016-07-14,85.3499984741211,86.12000274658203,85.26000213623047,85.94999694824219,2035700
2016-07-15,86.26000213623047,86.5199966430664,84.91999816894531,85.55000305175781,2384000
2016-07-18,85.7300033569336,86.12000274658203,85.55000305175781,86.02999877929688,1113600
2016-07-19,85.76000213623047,86.1500015258789,85.0999984741211,85.91999816894531,1978400
2016-07-20,86.38999938964844,87.05000305175781,86.01000213623047,86.63999938964844,1248800
2016-07-21,86.37999725341797,86.9000015258789,85.52999877929688,85.80999755859375,1666600
2016-07-22,86.01000213623047,86.20999908447266,85.19000244140625,85.86000061035156,1331500
2016-07-25,85.9000015258789,85.93000030517578,85.01000213623047,85.41000366210938,1858200
2016-07-26,85.27999877929688,86.04000091552734,84.62000274658203,85.70999908447266,1646100
2016-07-27,85.70999908447266,85.80000305175781,84.66000366210938,85.41999816894531,1839800
2016-07-28,85.05000305175781,85.05999755859375,84.23999786376953,84.81999969482422,2434600
2016-07-29,84.33999633789062,85.37999725341797,84.12000274658203,85.19000244140625,1935900
2016-08-01,85.27999877929688,86.31999969482422,85.11000061035156,85.54000091552734,2930400
2016-08-02,88.63999938964844,90.54000091552734,87.58000183105469,89.43000030517578,5179200
2016-08-03,89.33999633789062,89.88999938964844,88.37000274658203,89.88999938964844,2565200
2016-08-04,89.70999908447266,89.80999755859375,88.44000244140625,88.9800033569336,1897400
2016-08-05,89.37000274658203,90.4800033569336,89.25,89.3499984741211,1527200
2016-08-08,89.70999908447266,89.70999908447266,88.47000122070312,88.66999816894531,1596300
2016-08-09,88.77999877929688,89.36000061035156,88.37000274658203,88.62000274658203,1491700
2016-08-10,88.79000091552734,88.83000183105469,87.66000366210938,87.9000015258789,1621800
2016-08-11,87.97000122070312,89.05000305175781,87.47000122070312,88.94999694824219,1669300
2016-08-12,89.13999938964844,89.19000244140625,88.33000183105469,88.91000366210938,1319300
2016-08-15,88.94999694824219,89.41000366210938,88.63999938964844,89.38999938964844,1797000
2016-08-16,88.98999786376953,90.12000274658203,88.98999786376953,89.45999908447266,1555400
2016-08-17,89.29000091552734,89.5199966430664,88.36000061035156,88.94000244140625,1496100
2016-08-18,88.54000091552734,88.98999786376953,88.11000061035156,88.97000122070312,1444700
2016-08-19,88.52999877929688,89.0,88.26000213623047,88.8499984741211,2089400
2016-08-22,88.80000305175781,88.93000030517578,88.47000122070312,88.75,1011800
2016-08-23,89.13999938964844,89.2300033569336,88.83000183105469,88.98999786376953,638100
2016-08-24,88.9000015258789,89.08999633789062,88.0999984741211,88.38999938964844,1338100
2016-08-25,88.1500015258789,88.26000213623047,85.38999938964844,85.51000213623047,3351500
2016-08-26,85.66999816894531,86.56999969482422,85.1500015258789,85.75,1872100
2016-08-29,85.81999969482422,86.44999694824219,85.30999755859375,86.30999755859375,1352400
2016-08-30,86.30999755859375,86.87000274658203,85.68000030517578,86.04000091552734,1736800
2016-08-31,86.12999725341797,87.08000183105469,85.7300033569336,86.97000122070312,2682000
2016-09-01,87.01000213623047,87.72000122070312,86.58000183105469,87.1500015258789,1331100
2016-09-02,87.55000305175781,87.87000274658203,87.25,87.44000244140625,1217400
2016-09-06,87.30000305175781,87.80000305175781,87.0,87.62999725341797,1652300
2016-09-07,87.5999984741211,88.44000244140625,87.44999694824219,87.75,1513600
2016-09-08,87.4000015258789,87.66999816894531,87.13999938964844,87.2699966430664,2195200
2016-09-09,86.62999725341797,86.81999969482422,85.22000122070312,85.30999755859375,2470500
2016-09-12,85.01000213623047,87.13999938964844,84.94999694824219,86.94999694824219,2380700
2016-09-13,86.19999694824219,86.55000305175781,84.9800033569336,85.25,2722600
2016-09-14,85.37999725341797,85.4800033569336,83.41999816894531,83.8499984741211,5896200
2016-09-15,83.54000091552734,84.54000091552734,83.05999755859375,84.19999694824219,2435200
2016-09-16,83.95999908447266,84.38999938964844,83.01000213623047,84.11000061035156,3459900
2016-09-19,83.91000366210938,84.95999908447266,83.06999969482422,83.26000213623047,2335400
2016-09-20,83.6500015258789,83.68000030517578,82.06999969482422,82.08000183105469,2484400
2016-09-21,82.19999694824219,83.1500015258789,81.79000091552734,83.0199966430664,2813200
2016-09-22,83.26000213623047,83.94999694824219,83.05000305175781,83.58999633789062,2270400
2016-09-23,83.55000305175781,83.77999877929688,82.97000122070312,83.33000183105469,1829200
2016-09-26,83.06999969482422,83.55999755859375,82.66999816894531,82.72000122070312,1340000
2016-09-27,82.75,83.73999786376953,82.45999908447266,83.25,1583500
2016-09-28,83.25,83.30000305175781,82.45999908447266,83.19999694824219,1310000
2016-09-29,82.91999816894531,83.27999877929688,81.25,81.25,1625300
2016-09-30,81.29000091552734,81.63999938964844,79.33999633789062,80.77999877929688,3001800
2016-10-03,80.68000030517578,80.94000244140625,79.98999786376953,80.12000274658203,1562500
2016-10-04,81.26000213623047,81.72000122070312,80.25,80.52999877929688,1681000
2016-10-05,80.70999908447266,80.86000061035156,79.87999725341797,80.02999877929688,1745300
2016-10-06,79.58000183105469,80.29000091552734,78.9000015258789,80.13999938964844,2249100
2016-10-07,80.43000030517578,80.55000305175781,78.69999694824219,79.38999938964844,1837100
2016-10-10,79.06999969482422,80.01000213623047,78.77999877929688,79.63999938964844,1281800
2016-10-11,79.5999984741211,80.04000091552734,79.26000213623047,79.61000061035156,2409000
2016-10-12,79.69000244140625,81.05000305175781,79.41999816894531,80.61000061035156,2367600
2016-10-13,80.27999877929688,80.93000030517578,79.93000030517578,80.37999725341797,2494000
2016-10-14,80.48999786376953,80.87999725341797,79.79000091552734,79.79000091552734,1285800
2016-10-17,79.75,79.91000366210938,79.2300033569336,79.73999786376953,2186800
2016-10-18,80.45999908447266,81.23999786376953,80.16999816894531,81.08999633789062,1914200
2016-10-19,81.19999694824219,81.19999694824219,80.3499984741211,80.3499984741211,1645100
2016-10-20,80.27999877929688,81.7699966430664,80.2300033569336,80.73999786376953,2312900
2016-10-21,80.16000366210938,80.52999877929688,79.93000030517578,80.0199966430664,1210400
2016-10-24,80.33999633789062,80.87999725341797,79.94000244140625,80.04000091552734,1308300
2016-10-25,79.5999984741211,80.55999755859375,79.44999694824219,80.38999938964844,1688700
2016-10-26,80.01000213623047,80.23999786376953,79.0999984741211,79.37000274658203,2134600
2016-10-27,79.55999755859375,79.83999633789062,79.11000061035156,79.5,1595100
2016-10-28,69.12999725341797,71.41000366210938,68.37999725341797,69.13999938964844,9767100
2016-10-31,69.51000213623047,70.94000244140625,69.51000213623047,70.31999969482422,4437000
2016-11-01,69.8499984741211,71.18000030517578,69.6500015258789,69.79000091552734,4264200
2016-11-02,70.2699966430664,76.69000244140625,70.18000030517578,75.95999908447266,6161100
2016-11-03,75.87000274658203,77.47000122070312,71.20999908447266,72.31999969482422,7258600
2016-11-04,71.69000244140625,73.31999969482422,70.2699966430664,70.47000122070312,4999800
2016-11-07,71.5199966430664,72.33999633789062,70.98999786376953,71.93000030517578,3629500
2016-11-08,71.02999877929688,71.16000366210938,68.70999908447266,69.02999877929688,4787000
2016-11-09,72.9800033569336,76.1500015258789,71.75,75.61000061035156,5516300
2016-11-10,77.08999633789062,80.80000305175781,77.08999633789062,79.58999633789062,4612200
2016-11-11,79.41000366210938,79.8499984741211,77.23999786376953,78.91999816894531,5221500
2016-11-14,82.16000366210938,82.58000183105469,79.37999725341797,81.33000183105469,4404200
2016-11-15,81.5,81.66000366210938,78.83999633789062,79.52999877929688,4285600
2016-11-16,79.16000366210938,80.20999908447266,78.66000366210938,78.86000061035156,2962300
2016-11-17,78.19999694824219,80.25,77.70999908447266,80.16000366210938,3045700
2016-11-18,79.91000366210938,79.91000366210938,78.91000366210938,79.20999908447266,3644000
2016-11-21,78.62000274658203,79.33999633789062,77.83999633789062,78.44999694824219,2607500
2016-11-22,78.7699966430664,78.7699966430664,77.7699966430664,78.41000366210938,1910400
2016-11-23,78.06999969482422,78.9000015258789,77.76000213623047,78.69999694824219,1324600
2016-11-25,79.06999969482422,80.4800033569336,78.3499984741211,78.56999969482422,1159000
2016-11-28,78.61000061035156,79.58000183105469,77.80999755859375,79.05000305175781,2124600
2016-11-29,78.6500015258789,79.36000061035156,77.52999877929688,77.62999725341797,2493700
2016-11-30,77.72000122070312,78.91999816894531,77.44999694824219,77.98999786376953,5158900
2016-12-01,77.87999725341797,78.69999694824219,77.61000061035156,77.80000305175781,1505600
2016-12-02,78.1500015258789,79.58000183105469,77.66000366210938,78.80000305175781,1733300
2016-12-05,78.88999938964844,79.9800033569336,78.51000213623047,79.54000091552734,2611200
2016-12-06,79.9000015258789,80.0999984741211,78.54000091552734,78.87000274658203,2374800
2016-12-07,78.19000244140625,78.19000244140625,73.86000061035156,76.37999725341797,4493500
2016-12-08,76.23999786376953,77.63999938964844,75.68000030517578,76.87999725341797,2567200
2016-12-09,77.19000244140625,79.22000122070312,77.0199966430664,78.9000015258789,1790900
2016-12-12,78.37000274658203,78.97000122070312,77.27999877929688,78.06999969482422,1730300
2016-12-13,78.37999725341797,79.16999816894531,78.16999816894531,79.04000091552734,1329600
2016-12-14,78.94999694824219,79.4000015258789,76.58999633789062,77.05000305175781,2282100
2016-12-15,76.80000305175781,76.83000183105469,75.45999908447266,76.66999816894531,2174600
2016-12-16,76.94000244140625,77.58000183105469,76.5,77.37999725341797,3635100
2016-12-19,77.55000305175781,78.6500015258789,77.37999725341797,78.41999816894531,1816300
2016-12-20,78.69999694824219,80.05999755859375,78.55999755859375,79.30000305175781,2934200
2016-12-21,78.95999908447266,79.58000183105469,78.61000061035156,78.8499984741211,1355800
2016-12-22,78.95999908447266,78.95999908447266,77.33000183105469,77.80999755859375,1881800
2016-12-23,78.04000091552734,78.93000030517578,77.88999938964844,78.55999755859375,596600
2016-12-27,78.41999816894531,79.2699966430664,78.30000305175781,78.81999969482422,655200
2016-12-28,78.86000061035156,79.22000122070312,78.20999908447266,78.3499984741211,862100
2016-12-29,78.61000061035156,80.23999786376953,78.58999633789062,79.33999633789062,1014800
2016-12-30,79.3499984741211,79.48999786376953,77.95999908447266,78.19000244140625,1409000
2017-01-03,78.51000213623047,83.0999984741211,78.30999755859375,82.61000061035156,4134200
2017-01-04,82.5999984741211,85.13999938964844,82.47000122070312,84.66000366210938,2561900
2017-01-05,84.37999725341797,84.83000183105469,82.62000274658203,83.68000030517578,2136200
2017-01-06,83.52999877929688,85.77999877929688,83.52999877929688,84.80000305175781,2132000
2017-01-09,84.5999984741211,86.06999969482422,84.5999984741211,85.4800033569336,2081600
2017-01-10,85.0999984741211,86.13999938964844,84.30000305175781,84.83000183105469,1860900
2017-01-11,85.1500015258789,86.31999969482422,79.94000244140625,81.52999877929688,3994900
2017-01-12,82.27999877929688,84.94000244140625,81.94999694824219,83.86000061035156,2771200
2017-01-13,84.08000183105469,85.12000274658203,83.51000213623047,84.62000274658203,1397900
2017-01-17,84.91999816894531,86.47000122070312,84.08999633789062,85.98999786376953,2103000
2017-01-18,85.94999694824219,86.18000030517578,85.19000244140625,85.51000213623047,2094000
2017-01-19,85.27999877929688,85.77999877929688,84.81999969482422,85.47000122070312,1574500
2017-01-20,85.86000061035156,86.2699966430664,83.20999908447266,83.75,3780100
2017-01-23,83.72000122070312,85.0999984741211,83.30999755859375,84.87999725341797,1420100
2017-01-24,84.69999694824219,85.19000244140625,84.05999755859375,84.41000366210938,1513500
2017-01-25,84.9000015258789,85.91999816894531,84.58000183105469,85.83000183105469,1858200
2017-01-26,81.04000091552734,85.19999694824219,81.04000091552734,83.38999938964844,3482900
2017-01-27,83.68000030517578,83.68000030517578,82.06999969482422,82.43000030517578,1865400
2017-01-30,82.55000305175781,83.75,80.81999969482422,83.62000274658203,2650000
2017-01-31,86.62000274658203,87.83999633789062,83.0,87.27999877929688,5827300
2017-02-01,87.70999908447266,88.69999694824219,86.08999633789062,88.61000061035156,3362000
2017-02-02,88.05000305175781,88.77999877929688,86.56999969482422,88.05000305175781,3836300
2017-02-03,88.56999969482422,89.61000061035156,87.73999786376953,89.27999877929688,2990300
2017-02-06,89.16999816894531,91.6500015258789,88.93000030517578,89.9800033569336,2869800
2017-02-07,89.8499984741211,91.63999938964844,89.70999908447266,90.33000183105469,2108500
2017-02-08,90.18000030517578,91.11000061035156,89.68000030517578,91.06999969482422,1469800
2017-02-09,91.06999969482422,91.77999877929688,90.16000366210938,91.6500015258789,1630300
2017-02-10,91.54000091552734,91.75,90.2699966430664,91.16999816894531,1527300
2017-02-13,91.52999877929688,94.5,89.41999816894531,90.4800033569336,3037800
2017-02-14,90.0,91.08999633789062,89.7300033569336,90.81999969482422,2066300
2017-02-15,90.6500015258789,91.47000122070312,89.66000366210938,91.18000030517578,1944700
2017-02-16,91.0,91.54000091552734,89.0,90.31999969482422,2282900
2017-02-17,90.23999786376953,90.87999725341797,89.72000122070312,90.76000213623047,1441200
2017-02-21,90.73999786376953,91.1500015258789,89.55999755859375,91.01000213623047,2061200
2017-02-22,91.19000244140625,92.19999694824219,91.01000213623047,91.33999633789062,1152900
2017-02-23,91.44999694824219,92.4000015258789,90.95999908447266,91.61000061035156,2169800
2017-02-24,91.51000213623047,92.16000366210938,90.52999877929688,92.16000366210938,1001700
2017-02-27,92.30999755859375,92.73999786376953,91.30000305175781,91.7300033569336,1139600
2017-02-28,91.9000015258789,91.93000030517578,90.9800033569336,91.51000213623047,1915500
2017-03-01,92.19000244140625,92.80999755859375,91.69000244140625,92.2300033569336,1393700
2017-03-02,91.88999938964844,92.7300033569336,91.44999694824219,91.94000244140625,1438400
2017-03-03,92.22000122070312,92.66999816894531,91.47000122070312,92.2300033569336,1405300
2017-03-06,91.58000183105469,91.87000274658203,89.73999786376953,89.98999786376953,1808000
2017-03-07,89.2300033569336,89.80000305175781,87.91999816894531,88.4800033569336,2612100
2017-03-08,88.31999969482422,89.97000122070312,88.31999969482422,89.08000183105469,1847600
2017-03-09,89.4000015258789,89.4000015258789,88.08000183105469,88.61000061035156,1125700
2017-03-10,88.98999786376953,89.0,87.76000213623047,88.30999755859375,1545600
2017-03-13,88.76000213623047,89.25,88.22000122070312,89.13999938964844,1673900
2017-03-14,88.95999908447266,89.19999694824219,88.04000091552734,88.80999755859375,1243500
2017-03-15,88.8499984741211,89.56999969482422,88.13999938964844,89.4800033569336,1800400
2017-03-16,89.58000183105469,89.76000213623047,87.88999938964844,88.0,1520000
2017-03-17,87.91000366210938,88.33000183105469,86.87999725341797,87.52999877929688,2296100
2017-03-20,87.6500015258789,87.88999938964844,86.25,86.91000366210938,1618700
2017-03-21,87.0,87.29000091552734,85.7699966430664,85.91000366210938,1988800
2017-03-22,86.12000274658203,86.27999877929688,85.22000122070312,85.87999725341797,1189700
2017-03-23,85.86000061035156,86.75,85.79000091552734,85.98999786376953,1440200
2017-03-24,85.98999786376953,86.83000183105469,85.72000122070312,86.55999755859375,1241000
2017-03-27,86.13999938964844,87.55000305175781,86.12000274658203,87.4800033569336,1558600
2017-03-28,87.12000274658203,87.97000122070312,87.12000274658203,87.5,1199900
2017-03-29,87.4000015258789,89.7699966430664,87.4000015258789,89.51000213623047,2280700
2017-03-30,89.3499984741211,89.87999725341797,89.02999877929688,89.13999938964844,1395000
2017-03-31,88.87000274658203,89.6500015258789,88.47000122070312,88.5,1793100
2017-04-03,88.41000366210938,88.62999725341797,86.80000305175781,87.33000183105469,1379300
2017-04-04,87.05999755859375,87.98999786376953,86.70999908447266,86.93000030517578,1372300
2017-04-05,87.44000244140625,88.26000213623047,86.98999786376953,87.18000030517578,1187100
2017-04-06,87.26000213623047,87.69000244140625,86.8499984741211,87.63999938964844,1586000
2017-04-07,87.56999969482422,88.06999969482422,87.29000091552734,87.62000274658203,933400
2017-04-10,87.75,89.25,87.58999633789062,88.44000244140625,1007800
2017-04-11,88.27999877929688,88.3499984741211,86.81999969482422,87.87000274658203,1449600
2017-04-12,87.1500015258789,87.58999633789062,86.13999938964844,86.81999969482422,1887700
2017-04-13,86.63999938964844,87.29000091552734,86.36000061035156,86.66999816894531,787500
2017-04-17,86.63999938964844,86.72000122070312,86.20999908447266,86.63999938964844,1284400
2017-04-18,83.16999816894531,83.44000244140625,81.12999725341797,82.55999755859375,4384100
2017-04-19,82.63999938964844,83.08999633789062,81.62000274658203,81.8499984741211,1904900
2017-04-20,82.2300033569336,82.93000030517578,81.62000274658203,82.37000274658203,2058600
2017-04-21,82.19999694824219,82.29000091552734,81.11000061035156,81.26000213623047,1138900
2017-04-24,82.02999877929688,82.11000061035156,80.80999755859375,80.94000244140625,2300100
2017-04-25,80.81999969482422,81.56999969482422,79.4000015258789,81.48999786376953,1988100
2017-04-26,81.5,82.16999816894531,81.19999694824219,81.25,1219400
2017-04-27,81.37999725341797,82.19000244140625,81.30000305175781,82.12000274658203,1671200
2017-04-28,82.16999816894531,82.4000015258789,81.61000061035156,82.05000305175781,1476200
2017-05-01,82.31999969482422,83.01000213623047,81.86000061035156,82.48999786376953,1708800
2017-05-02,82.76000213623047,82.91999816894531,81.06999969482422,82.66000366210938,1825600
2017-05-03,82.44999694824219,83.11000061035156,81.5999984741211,82.66999816894531,2920300
2017-05-04,83.5,87.97000122070312,83.5,86.52999877929688,3767600
2017-05-05,86.66000366210938,86.97000122070312,85.54000091552734,85.88999938964844,1707300
2017-05-08,86.20999908447266,86.9800033569336,86.0199966430664,86.58999633789062,1791300
2017-05-09,86.69999694824219,88.20999908447266,86.66999816894531,87.54000091552734,1923600
2017-05-10,87.56999969482422,88.70999908447266,87.55999755859375,88.13999938964844,1297300
2017-05-11,87.83999633789062,88.94000244140625,87.80000305175781,88.86000061035156,2145800
2017-05-12,88.61000061035156,88.97000122070312,88.44000244140625,88.75,1202100
2017-05-15,88.48999786376953,90.98999786376953,88.47000122070312,89.91999816894531,2107500
2017-05-16,89.83999633789062,89.83999633789062,88.56999969482422,89.12000274658203,1273200
2017-05-17,89.12000274658203,89.12000274658203,86.12999725341797,86.27999877929688,1797000
2017-05-18,86.26000213623047,87.66000366210938,86.12000274658203,86.69000244140625,1152100
2017-05-19,87.62000274658203,89.79000091552734,87.05000305175781,89.16000366210938,1812800
2017-05-22,89.0,90.19999694824219,89.0,89.4800033569336,1343300
2017-05-23,89.7300033569336,89.8499984741211,89.02999877929688,89.19000244140625,1709800
2017-05-24,89.37999725341797,90.31999969482422,88.55000305175781,89.97000122070312,1260500
2017-05-25,90.0,91.43000030517578,89.83000183105469,91.11000061035156,1047100
2017-05-26,91.19000244140625,91.5,90.91000366210938,91.0,891900
2017-05-30,90.66000366210938,91.38999938964844,90.52999877929688,91.02999877929688,1248400
2017-05-31,91.33000183105469,91.79000091552734,90.75,91.7699966430664,1870200
2017-06-01,91.70999908447266,93.30000305175781,91.44000244140625,93.13999938964844,1326900
2017-06-02,93.5,93.83999633789062,92.70999908447266,93.58000183105469,1285000
2017-06-05,93.19999694824219,93.56999969482422,92.51000213623047,93.31999969482422,1050800
2017-06-06,93.19000244140625,93.19999694824219,91.45999908447266,91.69000244140625,1377400
2017-06-07,91.94999694824219,92.2300033569336,91.44999694824219,91.93000030517578,1182800
2017-06-08,91.93000030517578,92.19000244140625,91.20999908447266,91.56999969482422,1113600
2017-06-09,91.27999877929688,92.30999755859375,91.02999877929688,92.0999984741211,1157100
2017-06-12,91.88999938964844,92.62999725341797,91.88999938964844,92.36000061035156,816500
2017-06-13,92.51000213623047,93.0,92.02999877929688,93.0,636400
2017-06-14,93.0,94.58999633789062,92.9000015258789,93.9000015258789,901900
2017-06-15,93.5,95.18000030517578,92.75,94.43000030517578,1733300
2017-06-16,94.54000091552734,94.55999755859375,91.73999786376953,92.52999877929688,1880600
2017-06-19,92.61000061035156,94.0199966430664,91.76000213623047,93.75,1072900
2017-06-20,93.75,93.9000015258789,92.80999755859375,93.25,1089100
2017-06-21,93.33999633789062,95.6500015258789,92.94999694824219,95.62000274658203,1092700
2017-06-22,95.69999694824219,97.66999816894531,95.5,96.37000274658203,1730000
2017-06-23,96.5,96.80999755859375,95.30000305175781,95.81999969482422,1624100
2017-06-26,96.19999694824219,96.72000122070312,95.62999725341797,95.98999786376953,1171100
2017-06-27,95.91999816894531,96.69999694824219,95.0999984741211,95.52999877929688,1253100
2017-06-28,96.16999816894531,97.11000061035156,96.06999969482422,96.37999725341797,897600
2017-06-29,96.68000030517578,97.8499984741211,95.38999938964844,95.76000213623047,1053300
2017-06-30,94.94000244140625,95.2300033569336,93.3499984741211,94.52999877929688,1236100
2017-07-03,94.86000061035156,95.36000061035156,94.4000015258789,94.69999694824219,527400
2017-07-05,94.91000366210938,95.68000030517578,94.25,95.22000122070312,908900
2017-07-06,94.69000244140625,95.19000244140625,92.23999786376953,92.51000213623047,951100
2017-07-07,93.04000091552734,94.26000213623047,92.73999786376953,93.91000366210938,1158700
2017-07-10,93.6500015258789,94.54000091552734,92.27999877929688,92.48999786376953,1255300
2017-07-11,92.6500015258789,92.6500015258789,91.1500015258789,92.18000030517578,911500
2017-07-12,92.83999633789062,93.69999694824219,92.61000061035156,93.20999908447266,655100
2017-07-13,93.55000305175781,93.79000091552734,92.31999969482422,92.86000061035156,788800
2017-07-14,93.05999755859375,93.41999816894531,92.52999877929688,92.95999908447266,859000
2017-07-17,93.05000305175781,93.37000274658203,92.55000305175781,92.70999908447266,1017700
2017-07-18,92.68000030517578,92.68000030517578,90.97000122070312,91.37000274658203,1299300
2017-07-19,91.55999755859375,91.66999816894531,90.30000305175781,91.16999816894531,1331600
2017-07-20,91.19999694824219,92.3499984741211,90.62000274658203,91.94999694824219,1136400
2017-07-21,91.81999969482422,92.08000183105469,91.44000244140625,91.62000274658203,604400
2017-07-24,91.63999938964844,93.66000366210938,91.33999633789062,93.12999725341797,1273700
2017-07-25,93.4000015258789,95.11000061035156,92.5999984741211,94.6500015258789,1413500
2017-07-26,94.2699966430664,94.7300033569336,93.41000366210938,94.20999908447266,1366100
2017-07-27,93.48999786376953,93.66999816894531,91.86000061035156,92.77999877929688,1493300
2017-07-28,93.0,94.16999816894531,92.37999725341797,93.97000122070312,869200
2017-07-31,94.30000305175781,94.41999816894531,93.25,93.81999969482422,1062100
2017-08-01,94.11000061035156,94.16999816894531,92.66000366210938,92.9800033569336,1256100
2017-08-02,92.19000244140625,92.19000244140625,89.08999633789062,91.2699966430664,2300500
2017-08-03,84.11000061035156,85.33000183105469,80.51000213623047,81.70999908447266,7434700
2017-08-04,81.70999908447266,81.97000122070312,79.58000183105469,80.83000183105469,2882900
2017-08-07,80.80000305175781,81.02999877929688,79.23999786376953,80.58000183105469,2287100
2017-08-08,80.91000366210938,82.33999633789062,80.12999725341797,80.33000183105469,1742000
2017-08-09,79.86000061035156,79.94999694824219,78.5999984741211,79.80000305175781,2620100
2017-08-10,79.43000030517578,80.02999877929688,78.12999725341797,78.87999725341797,2417100
2017-08-11,78.83000183105469,80.30999755859375,78.7300033569336,80.0199966430664,2214800
2017-08-14,80.30999755859375,80.52999877929688,79.66000366210938,80.08000183105469,2032900
2017-08-15,80.25,80.43000030517578,79.77999877929688,80.0,2126700
2017-08-16,80.29000091552734,80.58000183105469,79.52999877929688,80.02999877929688,1599800
2017-08-17,79.68000030517578,81.33999633789062,79.68000030517578,79.94000244140625,1727400
2017-08-18,79.69000244140625,79.88999938964844,78.45999908447266,78.5999984741211,2091900
2017-08-21,78.43000030517578,78.58999633789062,77.9000015258789,78.04000091552734,1455100
2017-08-22,78.23999786376953,79.45999908447266,78.08999633789062,79.2300033569336,1373000
2017-08-23,78.9800033569336,79.0,77.95999908447266,78.13999938964844,1455700
2017-08-24,78.33000183105469,78.9000015258789,77.86000061035156,78.4000015258789,1191100
2017-08-25,78.38999938964844,78.94999694824219,77.97000122070312,78.0999984741211,1154300
2017-08-28,78.37999725341797,78.87999725341797,77.69000244140625,78.66000366210938,1210900
2017-08-29,78.16000366210938,79.08000183105469,77.83999633789062,78.55999755859375,1279600
2017-08-30,78.43000030517578,78.52999877929688,77.79000091552734,78.33000183105469,1267000
2017-08-31,78.6500015258789,80.5,78.45999908447266,80.25,1301200
2017-09-01,80.45999908447266,80.61000061035156,79.22000122070312,80.23999786376953,1248400
2017-09-05,79.80999755859375,80.77999877929688,79.05000305175781,79.69000244140625,1123800
2017-09-06,80.0,80.94000244140625,79.83999633789062,80.72000122070312,1308300
2017-09-07,80.81999969482422,83.02999877929688,80.6500015258789,82.55999755859375,1825300
2017-09-08,82.54000091552734,83.94000244140625,82.33000183105469,82.5,1936800
2017-09-11,83.33000183105469,84.55999755859375,82.88999938964844,84.38999938964844,1230800
2017-09-12,84.19000244140625,84.80999755859375,83.11000061035156,83.9000015258789,1809600
2017-09-13,83.76000213623047,84.33999633789062,83.05999755859375,84.31999969482422,1310900
2017-09-14,82.31999969482422,82.31999969482422,80.44000244140625,80.69000244140625,2872100
2017-09-15,80.47000122070312,81.7300033569336,80.0199966430664,81.5999984741211,2732300
2017-09-18,81.80000305175781,82.02999877929688,80.54000091552734,80.66999816894531,1350600
2017-09-19,80.52999877929688,81.04000091552734,79.12999725341797,79.27999877929688,1648500
2017-09-20,79.47000122070312,80.08999633789062,78.33999633789062,79.5,1325000
2017-09-21,79.48999786376953,80.94000244140625,79.19999694824219,80.37999725341797,1035900
2017-09-22,80.52999877929688,81.19999694824219,80.33000183105469,81.05000305175781,835900
2017-09-25,80.2300033569336,81.36000061035156,80.13999938964844,80.9800033569336,717100
2017-09-26,81.41000366210938,82.6500015258789,81.33000183105469,82.0,1018500
2017-09-27,82.16999816894531,82.80000305175781,81.0199966430664,82.43000030517578,960900
2017-09-28,81.8499984741211,81.87999725341797,80.2699966430664,80.98999786376953,1120300
2017-09-29,81.70999908447266,83.83999633789062,81.41999816894531,82.75,1629400
2017-10-02,82.97000122070312,83.62999725341797,82.37999725341797,83.30000305175781,1933000
2017-10-03,83.33000183105469,83.7300033569336,82.5199966430664,82.87999725341797,1141700
2017-10-04,82.76000213623047,84.13999938964844,82.55999755859375,82.73999786376953,2206900
2017-10-05,84.16000366210938,85.29000091552734,83.83000183105469,84.12000274658203,2136200
2017-10-06,84.2300033569336,84.5,80.04000091552734,80.4800033569336,2919900
2017-10-09,80.20999908447266,80.48999786376953,77.87000274658203,78.3499984741211,2644100
2017-10-10,79.48999786376953,80.4000015258789,79.01000213623047,79.55000305175781,1620300
2017-10-11,79.44999694824219,80.5,79.25,80.31999969482422,1004600
2017-10-12,80.37000274658203,81.30000305175781,80.37000274658203,80.80000305175781,1195300
2017-10-13,80.41999816894531,81.41000366210938,77.7699966430664,79.44000244140625,2469300
2017-10-16,79.0199966430664,81.04000091552734,78.4000015258789,79.0,2545500
2017-10-17,78.88999938964844,80.5199966430664,78.4000015258789,79.94999694824219,1043900
2017-10-18,80.12999725341797,81.66000366210938,80.12999725341797,80.48999786376953,1699300
2017-10-19,80.81999969482422,82.55000305175781,80.73999786376953,82.19999694824219,1436400
2017-10-20,82.56999969482422,83.7699966430664,82.3499984741211,83.20999908447266,1296800
2017-10-23,83.16999816894531,83.43000030517578,81.7699966430664,82.52999877929688,1115700
2017-10-24,82.69000244140625,82.9800033569336,80.63999938964844,81.8499984741211,1166000
2017-10-25,82.0,82.5199966430664,81.41000366210938,82.22000122070312,1428600
2017-10-26,83.97000122070312,85.80000305175781,77.47000122070312,78.7699966430664,4756200
2017-10-27,78.58999633789062,78.7699966430664,75.66000366210938,76.37999725341797,4690500
2017-10-30,76.01000213623047,77.77999877929688,76.01000213623047,76.93000030517578,2164900
2017-10-31,76.8499984741211,78.98999786376953,75.45999908447266,76.94999694824219,3132800
2017-11-01,77.4800033569336,77.5,76.30999755859375,76.62000274658203,2545700
2017-11-02,77.0199966430664,78.93000030517578,71.9000015258789,73.2300033569336,3840200
2017-11-03,73.33999633789062,75.30000305175781,73.31999969482422,74.80000305175781,2726000
2017-11-06,74.80000305175781,75.19999694824219,73.19000244140625,74.86000061035156,3478300
2017-11-07,74.91999816894531,75.7300033569336,74.55999755859375,74.91000366210938,1776800
2017-11-08,74.87000274658203,75.41000366210938,73.3499984741211,75.01000213623047,1710100
2017-11-09,75.06999969482422,76.62999725341797,74.9000015258789,75.2699966430664,2576800
2017-11-10,75.05000305175781,76.68000030517578,74.05000305175781,75.0,3005700
2017-11-13,74.69000244140625,77.0,74.30999755859375,75.4000015258789,2892600
2017-11-14,75.0999984741211,75.4800033569336,74.44999694824219,75.4000015258789,1863300
2017-11-15,75.31999969482422,77.66000366210938,74.5999984741211,77.52999877929688,2731000
2017-11-16,77.72000122070312,80.70999908447266,77.41000366210938,80.30999755859375,2986800
2017-11-17,79.6500015258789,80.02999877929688,77.58000183105469,78.83999633789062,2196700
2017-11-20,78.30000305175781,78.76000213623047,76.4800033569336,77.45999908447266,1688200
2017-11-21,77.83000183105469,79.56999969482422,77.56999969482422,79.45999908447266,1598700
2017-11-22,79.9800033569336,81.98999786376953,79.58000183105469,81.4000015258789,1927000
2017-11-24,81.9000015258789,81.9800033569336,80.22000122070312,81.2300033569336,701800
2017-11-27,81.06999969482422,81.77999877929688,80.6500015258789,81.12000274658203,1181100
2017-11-28,81.4000015258789,83.19000244140625,80.6500015258789,83.1500015258789,1549800
2017-11-29,83.55999755859375,85.62999725341797,83.05000305175781,84.66000366210938,2380900
2017-11-30,85.0,86.0999984741211,83.88999938964844,84.81999969482422,1808300
2017-12-01,83.9800033569336,85.25,81.20999908447266,84.94999694824219,3188400
2017-12-04,85.7300033569336,88.19999694824219,85.44000244140625,87.41999816894531,2131900
2017-12-05,87.48999786376953,87.55999755859375,85.06999969482422,85.88999938964844,1906100
2017-12-06,86.19999694824219,86.79000091552734,85.37000274658203,85.98999786376953,1524800
2017-12-07,86.2699966430664,86.83999633789062,85.43000030517578,85.93000030517578,1763700
2017-12-08,86.05999755859375,86.83000183105469,85.01000213623047,86.69999694824219,1734100
2017-12-11,87.05000305175781,87.5,86.29000091552734,86.7699966430664,1345800
2017-12-12,87.37000274658203,87.87000274658203,86.79000091552734,87.81999969482422,1398000
2017-12-13,87.54000091552734,89.23999786376953,87.36000061035156,88.4800033569336,1391600
2017-12-14,88.3499984741211,90.80000305175781,88.20999908447266,89.30999755859375,2920700
2017-12-15,90.97000122070312,94.05999755859375,90.77999877929688,93.16999816894531,4153400
2017-12-18,92.83999633789062,92.94999694824219,91.76000213623047,92.4000015258789,1880300
2017-12-19,92.66999816894531,94.44000244140625,92.33000183105469,93.79000091552734,2013600
2017-12-20,93.66999816894531,94.23999786376953,92.95999908447266,93.73999786376953,1442000
2017-12-21,93.75,94.16000366210938,92.44999694824219,92.98999786376953,1405400
2017-12-22,93.41000366210938,93.41000366210938,91.5,92.45999908447266,1331700
2017-12-26,92.4800033569336,93.87999725341797,91.91000366210938,93.25,734200
2017-12-27,93.18000030517578,93.19999694824219,92.0,92.5999984741211,734800
2017-12-28,92.87999725341797,92.93000030517578,91.75,92.58999633789062,1152500
2017-12-29,92.88999938964844,93.5999984741211,91.76000213623047,91.81999969482422,777800
2018-01-02,92.1500015258789,94.06999969482422,92.12000274658203,94.04000091552734,1138200
2018-01-03,93.4000015258789,94.7300033569336,92.47000122070312,94.38999938964844,1034800
2018-01-04,94.63999938964844,94.83000183105469,92.86000061035156,94.18000030517578,1781300
2018-01-05,93.7699966430664,95.62999725341797,93.7699966430664,95.31999969482422,1342300
2018-01-08,95.11000061035156,97.80999755859375,94.80999755859375,96.9000015258789,1731000
2018-01-09,96.94999694824219,97.86000061035156,95.91000366210938,97.5199966430664,1783500
2018-01-10,96.54000091552734,97.30999755859375,94.75,97.20999908447266,1070100
2018-01-11,97.4000015258789,98.13999938964844,96.5199966430664,98.13999938964844,780700
2018-01-12,98.5,99.0,97.55000305175781,99.0,1469300
2018-01-16,99.0999984741211,100.66999816894531,98.97000122070312,99.55000305175781,1869700
2018-01-17,99.7699966430664,101.8499984741211,99.7699966430664,101.30000305175781,1864700
2018-01-18,101.52999877929688,101.63999938964844,99.75,100.86000061035156,1895800
2018-01-19,100.87000274658203,101.58000183105469,99.62999725341797,100.05999755859375,1371400
2018-01-22,100.27999877929688,102.7300033569336,99.66000366210938,102.66000366210938,1313400
2018-01-23,103.0,103.66999816894531,102.0999984741211,102.80999755859375,1371500
2018-01-24,103.29000091552734,104.95999908447266,102.9000015258789,104.62000274658203,2111700
2018-01-25,104.66999816894531,104.66999816894531,103.44000244140625,104.37000274658203,992700
2018-01-26,104.55999755859375,105.7300033569336,104.11000061035156,105.4800033569336,1453300
2018-01-29,105.13999938964844,106.2699966430664,104.87000274658203,105.08999633789062,1423000
2018-01-30,102.0,103.6500015258789,100.02999877929688,102.45999908447266,3113900
2018-01-31,102.9800033569336,103.04000091552734,99.05999755859375,99.66999816894531,2458600
2018-02-01,97.73999786376953,99.80999755859375,95.7300033569336,99.29000091552734,2786600
2018-02-02,99.08999633789062,99.08999633789062,95.91000366210938,96.0199966430664,1660300
2018-02-05,95.62000274658203,96.5199966430664,91.69000244140625,91.9000015258789,2278500
2018-02-06,92.58000183105469,93.37000274658203,86.94000244140625,91.54000091552734,4575000
2018-02-07,91.5999984741211,95.33999633789062,91.0999984741211,94.22000122070312,2509500
2018-02-08,94.55999755859375,95.55999755859375,91.45999908447266,91.55000305175781,1742100
2018-02-09,92.54000091552734,92.54000091552734,85.80000305175781,89.19000244140625,3670800
2018-02-12,89.8499984741211,91.54000091552734,88.76000213623047,89.44999694824219,2157400
2018-02-13,101.66999816894531,102.0,95.94000244140625,97.7699966430664,9725800
2018-02-14,97.25,98.19000244140625,95.5999984741211,96.4000015258789,3976900
2018-02-15,96.93000030517578,97.62000274658203,94.51000213623047,97.5999984741211,2884000
2018-02-16,96.7300033569336,100.05999755859375,96.55000305175781,99.4000015258789,2787800
2018-02-20,98.9800033569336,100.05000305175781,98.5199966430664,99.94000244140625,1683700
2018-02-21,99.81999969482422,99.95999908447266,98.33999633789062,98.56999969482422,2815500
2018-02-22,98.75,99.19000244140625,96.6500015258789,97.12000274658203,3416700
2018-02-23,97.56999969482422,98.48999786376953,96.66999816894531,98.41999816894531,1127600
2018-02-26,98.58999633789062,100.95999908447266,98.0999984741211,100.58000183105469,1551100
2018-02-27,101.01000213623047,101.55999755859375,93.16000366210938,97.63999938964844,4738300
2018-02-28,97.94000244140625,99.75,95.1500015258789,95.16000366210938,1432300
2018-03-01,94.83999633789062,95.33999633789062,92.51000213623047,93.30000305175781,2177800
2018-03-02,92.69999694824219,94.58000183105469,92.55999755859375,93.95999908447266,1489900
2018-03-05,93.01000213623047,95.26000213623047,92.83999633789062,94.9000015258789,1317600
2018-03-06,95.48999786376953,95.52999877929688,94.08000183105469,94.69999694824219,1338200
2018-03-07,93.77999877929688,95.88999938964844,93.12000274658203,95.5999984741211,1025400
2018-03-08,96.26000213623047,98.02999877929688,95.20999908447266,96.23999786376953,1148300
2018-03-09,96.88999938964844,99.05000305175781,96.76000213623047,99.0,1037900
2018-03-12,99.20999908447266,101.0199966430664,98.97000122070312,100.29000091552734,1586700
2018-03-13,100.44000244140625,101.38999938964844,100.33999633789062,100.5999984741211,1509000
2018-03-14,100.87999725341797,101.12000274658203,98.1500015258789,98.58000183105469,1287900
2018-03-15,99.05000305175781,99.25,97.33000183105469,97.36000061035156,1251200
2018-03-16,97.43000030517578,98.2300033569336,96.45999908447266,96.61000061035156,1597500
2018-03-19,96.33999633789062,96.33999633789062,92.81999969482422,93.0,1127200
2018-03-20,92.95999908447266,93.19000244140625,88.1500015258789,89.19000244140625,2602400
2018-03-21,89.44999694824219,91.45999908447266,89.2699966430664,89.5,1714500
2018-03-22,88.4000015258789,88.4000015258789,84.66000366210938,85.0,4618900
2018-03-23,85.33999633789062,86.45999908447266,83.80999755859375,84.02999877929688,1629600
2018-03-26,84.88999938964844,85.08000183105469,82.87999725341797,84.94999694824219,1649200
2018-03-27,84.93000030517578,85.20999908447266,83.37999725341797,84.01000213623047,1454600
2018-03-28,84.44999694824219,85.75,84.12999725341797,85.11000061035156,1969600
2018-03-29,85.12999725341797,86.62000274658203,85.04000091552734,86.20999908447266,1528100
2018-04-02,86.0999984741211,86.58999633789062,81.81999969482422,82.66999816894531,1957700
2018-04-03,83.19000244140625,84.01000213623047,81.58000183105469,83.93000030517578,1318200
2018-04-04,82.76000213623047,86.68000030517578,82.72000122070312,86.25,1485600
2018-04-05,85.5999984741211,88.56999969482422,85.13999938964844,87.37999725341797,3188200
2018-04-06,86.29000091552734,87.08000183105469,84.62000274658203,85.41000366210938,1592700
2018-04-09,85.80999755859375,87.69000244140625,85.33999633789062,86.79000091552734,1119600
2018-04-10,87.62000274658203,89.47000122070312,87.3499984741211,88.91000366210938,1161700
2018-04-11,87.94999694824219,89.9000015258789,87.81999969482422,89.08999633789062,724700
2018-04-12,89.55000305175781,89.83999633789062,87.88999938964844,88.19000244140625,649400
2018-04-13,88.38999938964844,88.77999877929688,86.11000061035156,86.81999969482422,1235700
2018-04-16,86.81999969482422,89.66999816894531,84.19000244140625,88.7699966430664,5103500
2018-04-17,89.5,91.38999938964844,89.44000244140625,91.04000091552734,2832600
2018-04-18,91.66999816894531,94.22000122070312,91.4000015258789,92.75,2130100
2018-04-19,92.58999633789062,92.58999633789062,90.27999877929688,91.69000244140625,1075500
2018-04-20,92.0,92.0199966430664,89.12000274658203,89.87000274658203,886700
2018-04-23,90.1500015258789,90.81999969482422,89.83999633789062,90.73999786376953,959900
2018-04-24,91.4000015258789,91.9800033569336,89.38999938964844,90.13999938964844,994200
2018-04-25,89.91999816894531,91.45999908447266,89.30000305175781,91.43000030517578,722400
2018-04-26,91.8499984741211,92.81999969482422,91.12000274658203,92.08000183105469,1059300
2018-04-27,91.93000030517578,93.25,91.7300033569336,93.06999969482422,1080600
2018-04-30,93.27999877929688,93.27999877929688,90.52999877929688,90.58000183105469,1108200
2018-05-01,90.44999694824219,90.69000244140625,87.69000244140625,89.19999694824219,1672700
2018-05-02,88.55999755859375,95.0,87.05000305175781,92.18000030517578,3502300
2018-05-03,89.25,89.48999786376953,85.2699966430664,85.37000274658203,3482500
2018-05-04,84.51000213623047,87.30000305175781,83.48999786376953,86.37000274658203,1962400
2018-05-07,86.44999694824219,87.4800033569336,84.5999984741211,84.69000244140625,1285200
2018-05-08,84.58000183105469,85.47000122070312,83.7699966430664,84.69000244140625,1593300
2018-05-09,84.81999969482422,85.61000061035156,84.27999877929688,84.72000122070312,2054200
2018-05-10,85.41000366210938,87.83000183105469,85.41000366210938,85.52999877929688,1996500
2018-05-11,85.5999984741211,87.5,84.63999938964844,86.87999725341797,1853300
2018-05-14,87.43000030517578,88.4800033569336,86.91000366210938,87.27999877929688,1015000
2018-05-15,86.5999984741211,87.4800033569336,85.43000030517578,85.66999816894531,1028200
2018-05-16,85.93000030517578,86.7300033569336,85.30999755859375,85.98999786376953,1017400
2018-05-17,85.94000244140625,87.86000061035156,85.33000183105469,87.06999969482422,1531700
2018-05-18,86.83999633789062,87.02999877929688,84.69999694824219,84.7699966430664,1309300
2018-05-21,85.2300033569336,85.61000061035156,84.04000091552734,84.33999633789062,972500
2018-05-22,84.58999633789062,85.73999786376953,84.26000213623047,84.51000213623047,1058200
2018-05-23,83.87999725341797,84.62999725341797,83.3499984741211,83.95999908447266,923500
2018-05-24,83.55999755859375,85.2300033569336,82.33999633789062,84.08999633789062,1224100
2018-05-25,84.45999908447266,86.12999725341797,83.98999786376953,85.48999786376953,786200
2018-05-29,84.56999969482422,84.8499984741211,82.0999984741211,82.56999969482422,1390600
2018-05-30,82.81999969482422,84.58000183105469,82.48999786376953,84.12999725341797,910900
2018-05-31,84.43000030517578,84.43000030517578,81.97000122070312,82.13999938964844,1352600
2018-06-01,82.66000366210938,83.62999725341797,82.13999938964844,83.33999633789062,1020500
2018-06-04,82.87000274658203,85.23999786376953,82.73999786376953,84.31999969482422,1037800
2018-06-05,84.4000015258789,85.44999694824219,84.06999969482422,84.79000091552734,976800
2018-06-06,84.87000274658203,87.19000244140625,84.83999633789062,87.1500015258789,1080100
2018-06-07,87.33999633789062,87.70999908447266,86.43000030517578,86.5999984741211,1261000
2018-06-08,86.5999984741211,87.08999633789062,85.12999725341797,86.08999633789062,1198700
2018-06-11,86.25,87.86000061035156,86.12999725341797,87.27999877929688,1595200
2018-06-12,87.44000244140625,88.05000305175781,86.25,88.04000091552734,1014100
2018-06-13,88.61000061035156,91.88999938964844,88.55000305175781,90.66000366210938,2459200
2018-06-14,90.8499984741211,93.81999969482422,90.41000366210938,93.3499984741211,1903500
2018-06-15,92.9000015258789,94.87999725341797,92.0,94.8499984741211,2042700
2018-06-18,94.2699966430664,94.41000366210938,91.30999755859375,91.56999969482422,1265200
2018-06-19,90.93000030517578,92.18000030517578,90.38999938964844,92.16999816894531,1159100
2018-06-20,92.02999877929688,93.58000183105469,91.69000244140625,93.2300033569336,640300
2018-06-21,93.66999816894531,93.95999908447266,92.86000061035156,93.20999908447266,962800
2018-06-22,93.3499984741211,94.33999633789062,92.87000274658203,93.5,974300
2018-06-25,93.1500015258789,93.80999755859375,91.3499984741211,92.22000122070312,670900
2018-06-26,91.91000366210938,92.33000183105469,90.2300033569336,90.38999938964844,959700
2018-06-27,90.36000061035156,91.52999877929688,89.5199966430664,89.81999969482422,811700
2018-06-28,83.23999786376953,86.76000213623047,82.13999938964844,86.0999984741211,5020200
2018-06-29,86.16000366210938,86.55999755859375,84.37999725341797,85.2699966430664,1401800
2018-07-02,84.80000305175781,85.73999786376953,83.58999633789062,85.72000122070312,1260100
2018-07-03,85.98999786376953,87.13999938964844,85.02999877929688,86.68000030517578,619700
2018-07-05,86.36000061035156,87.2699966430664,85.9000015258789,87.19999694824219,871600
2018-07-06,87.61000061035156,88.13999938964844,86.83000183105469,87.97000122070312,1014800
2018-07-09,88.30000305175781,89.55000305175781,87.97000122070312,88.25,1436200
2018-07-10,88.94000244140625,89.01000213623047,87.87999725341797,88.13999938964844,843300
2018-07-11,87.11000061035156,87.37999725341797,85.62000274658203,87.13999938964844,1250900
2018-07-12,87.76000213623047,87.98999786376953,86.19000244140625,86.80000305175781,1482100
2018-07-13,86.97000122070312,88.66999816894531,86.45999908447266,87.91000366210938,1157600
2018-07-16,88.23999786376953,88.23999786376953,86.77999877929688,86.9000015258789,926600
2018-07-17,86.66999816894531,87.58000183105469,86.44999694824219,86.81999969482422,1097300
2018-07-18,86.8499984741211,87.54000091552734,86.08000183105469,86.33000183105469,813600
2018-07-19,86.26000213623047,86.37999725341797,83.51000213623047,85.55999755859375,2193700
2018-07-20,84.77999877929688,85.52999877929688,83.30999755859375,84.69999694824219,1217000
2018-07-23,84.72000122070312,85.72000122070312,84.69999694824219,84.75,670600
2018-07-24,84.8499984741211,85.58000183105469,83.79000091552734,83.93000030517578,920500
2018-07-25,84.2300033569336,85.19999694824219,83.75,84.7699966430664,1263700
2018-07-26,84.83000183105469,85.25,82.9800033569336,83.23999786376953,1634400
2018-07-27,83.20999908447266,84.37000274658203,82.13999938964844,82.91999816894531,1276900
2018-07-30,83.11000061035156,84.48999786376953,82.55000305175781,82.91000366210938,1668500
2018-07-31,83.20999908447266,83.48999786376953,81.77999877929688,81.83000183105469,1500200
2018-08-01,81.66999816894531,82.83999633789062,79.45999908447266,79.48999786376953,2357800
2018-08-02,78.0,79.66999816894531,77.27999877929688,78.9800033569336,3712200
2018-08-03,78.9800033569336,81.33999633789062,78.22000122070312,80.97000122070312,1937500
2018-08-06,80.25,82.72000122070312,80.06999969482422,82.13999938964844,1966800
2018-08-07,82.01000213623047,84.80999755859375,81.5199966430664,83.44000244140625,1581600
2018-08-08,83.23999786376953,83.55999755859375,81.4800033569336,82.66000366210938,1446700
2018-08-09,82.72000122070312,84.5199966430664,82.3499984741211,83.23999786376953,1316400
2018-08-10,83.0,83.08000183105469,81.6500015258789,81.9800033569336,1255000
2018-08-13,82.0,83.2699966430664,81.9000015258789,83.05999755859375,1243500
2018-08-14,83.1500015258789,85.12999725341797,83.12000274658203,84.43000030517578,1182500
2018-08-15,83.94000244140625,85.1500015258789,83.01000213623047,85.12000274658203,1377100
2018-08-16,85.9800033569336,87.29000091552734,84.7699966430664,86.81999969482422,1811900
2018-08-17,86.37999725341797,88.47000122070312,86.37999725341797,87.72000122070312,1298900
2018-08-20,87.70999908447266,88.66000366210938,87.70999908447266,88.2699966430664,868000
2018-08-21,88.3499984741211,88.83000183105469,87.93000030517578,87.98999786376953,769500
2018-08-22,87.93000030517578,88.37999725341797,87.02999877929688,88.1500015258789,550400
2018-08-23,88.2300033569336,88.58999633789062,87.5199966430664,88.27999877929688,836000
2018-08-24,88.5999984741211,88.9800033569336,87.91999816894531,88.33000183105469,626700
2018-08-27,88.62999725341797,89.6500015258789,88.2300033569336,88.45999908447266,786700
2018-08-28,88.80999755859375,88.97000122070312,87.9000015258789,88.87000274658203,578900
2018-08-29,88.66999816894531,89.43000030517578,87.77999877929688,89.26000213623047,792300
2018-08-30,88.9000015258789,90.38999938964844,88.31999969482422,90.05999755859375,1446400
2018-08-31,89.69999694824219,90.04000091552734,89.16999816894531,89.97000122070312,886000
2018-09-04,89.52999877929688,89.5999984741211,88.01000213623047,89.16999816894531,1021100
2018-09-05,88.63999938964844,89.54000091552734,88.30000305175781,89.44000244140625,1063200
2018-09-06,89.61000061035156,89.91999816894531,87.5999984741211,88.37999725341797,1342200
2018-09-07,88.30000305175781,89.26000213623047,87.79000091552734,88.63999938964844,974100
2018-09-10,88.70999908447266,89.4800033569336,88.19999694824219,88.33000183105469,1013700
2018-09-11,87.25,87.80999755859375,83.95999908447266,84.0999984741211,2498700
2018-09-12,83.7300033569336,85.43000030517578,83.38999938964844,85.20999908447266,1310100
2018-09-13,85.72000122070312,86.2699966430664,85.1500015258789,85.93000030517578,1096100
2018-09-14,86.19000244140625,87.37999725341797,85.63999938964844,85.83999633789062,1166900
2018-09-17,86.0199966430664,87.38999938964844,85.36000061035156,86.76000213623047,1010500
2018-09-18,86.55999755859375,88.05999755859375,86.31999969482422,87.33000183105469,1009500
2018-09-19,87.44999694824219,89.88999938964844,87.12999725341797,89.38999938964844,1393000
2018-09-20,89.79000091552734,91.44999694824219,89.79000091552734,91.05999755859375,1082900
2018-09-21,91.16000366210938,91.69999694824219,89.62000274658203,90.12999725341797,1853200
2018-09-24,89.62999725341797,90.19000244140625,88.44000244140625,89.56999969482422,966700
2018-09-25,89.68000030517578,90.58000183105469,89.43000030517578,89.5199966430664,975300
2018-09-26,89.61000061035156,91.4800033569336,89.61000061035156,90.30999755859375,1301700
2018-09-27,90.33999633789062,91.48999786376953,90.33999633789062,91.1500015258789,948800
2018-09-28,91.12000274658203,92.51000213623047,90.52999877929688,92.22000122070312,1128400
2018-10-01,92.75,93.94000244140625,92.30000305175781,92.79000091552734,1232500
2018-10-02,92.51000213623047,93.16000366210938,91.38999938964844,91.4000015258789,1197600
2018-10-03,92.05000305175781,92.70999908447266,90.83000183105469,91.02999877929688,1405100
2018-10-04,91.36000061035156,92.56999969482422,90.80999755859375,91.04000091552734,1300400
2018-10-05,91.01000213623047,92.19000244140625,89.91000366210938,90.58000183105469,1178600
2018-10-08,90.5999984741211,92.25,90.5999984741211,91.29000091552734,1163400
2018-10-09,91.48999786376953,91.80000305175781,90.44000244140625,90.91999816894531,1157900
2018-10-10,91.05000305175781,92.83000183105469,90.80999755859375,90.83999633789062,1781600
2018-10-11,90.52999877929688,90.79000091552734,86.87000274658203,87.30999755859375,1590200
2018-10-12,88.25,88.77999877929688,86.76000213623047,88.4800033569336,1147900
2018-10-15,88.06999969482422,90.54000091552734,88.06999969482422,89.54000091552734,956700
2018-10-16,90.02999877929688,93.22000122070312,89.48999786376953,92.56999969482422,2020200
2018-10-17,92.7699966430664,94.56999969482422,92.5,93.76000213623047,1470300
2018-10-18,93.95999908447266,94.27999877929688,92.54000091552734,93.37999725341797,881100
2018-10-19,93.29000091552734,94.8499984741211,92.44000244140625,92.80000305175781,1100500
2018-10-22,92.95999908447266,93.5,89.6500015258789,90.22000122070312,1244600
2018-10-23,88.94999694824219,90.73999786376953,87.48999786376953,90.27999877929688,940400
2018-10-24,89.83999633789062,90.19000244140625,84.33000183105469,84.48999786376953,2792500
2018-10-25,84.62999725341797,87.30000305175781,83.58000183105469,85.72000122070312,2680800
2018-10-26,84.94000244140625,86.12000274658203,83.06999969482422,84.72000122070312,1017200
2018-10-29,85.91000366210938,87.7300033569336,84.87999725341797,85.98999786376953,777100
2018-10-30,86.33999633789062,87.68000030517578,85.80999755859375,87.61000061035156,1095600
2018-10-31,88.01000213623047,89.22000122070312,87.12999725341797,88.0,961900
2018-11-01,88.44000244140625,91.16999816894531,88.38999938964844,90.91999816894531,927800
2018-11-02,91.70999908447266,91.9800033569336,88.05999755859375,88.56999969482422,989500
2018-11-05,89.16999816894531,89.56999969482422,88.25,88.55999755859375,1162800
2018-11-06,83.5,85.94000244140625,80.27999877929688,84.0,4966200
2018-11-07,84.4000015258789,87.37000274658203,84.4000015258789,86.54000091552734,1975100
2018-11-08,85.87000274658203,90.0199966430664,84.87000274658203,89.16999816894531,2154800
2018-11-09,88.87999725341797,90.30999755859375,87.63999938964844,88.86000061035156,1129200
2018-11-12,88.3499984741211,90.33000183105469,87.9800033569336,89.91999816894531,954700
2018-11-13,90.02999877929688,92.58999633789062,89.75,91.30999755859375,1683600
2018-11-14,91.5199966430664,92.44000244140625,89.20999908447266,89.58000183105469,1178400
2018-11-15,88.66000366210938,89.18000030517578,86.08000183105469,89.1500015258789,1200400
2018-11-16,88.30999755859375,89.12000274658203,87.44999694824219,88.75,1175400
2018-11-19,89.0999984741211,91.37000274658203,88.1500015258789,90.81999969482422,2033000
2018-11-20,90.05000305175781,91.52999877929688,87.95999908447266,88.87000274658203,2098900
2018-11-21,88.5199966430664,89.30000305175781,87.0999984741211,87.43000030517578,1252900
2018-11-23,87.18000030517578,88.0,86.45999908447266,87.66000366210938,361400
2018-11-26,88.62999725341797,89.2300033569336,88.0199966430664,88.94000244140625,928300
2018-11-27,88.88999938964844,89.75,88.3499984741211,89.62999725341797,1327100
2018-11-28,89.69999694824219,91.2699966430664,89.05000305175781,91.23999786376953,1018900
2018-11-29,90.88999938964844,91.20999908447266,89.87999725341797,90.5,805000
2018-11-30,90.68000030517578,90.87000274658203,87.66999816894531,88.9000015258789,1934500
2018-12-03,88.9800033569336,89.68000030517578,88.05000305175781,89.0199966430664,1270200
2018-12-04,88.5999984741211,90.26000213623047,87.41000366210938,87.61000061035156,2102800
2018-12-06,86.98999786376953,86.98999786376953,83.33000183105469,85.9800033569336,1582600
2018-12-07,85.54000091552734,86.26000213623047,84.0,84.31999969482422,934700
2018-12-10,84.41999816894531,84.41999816894531,80.44999694824219,83.55000305175781,1193900
2018-12-11,84.38999938964844,84.77999877929688,81.6500015258789,82.4800033569336,1297900
2018-12-12,83.08000183105469,84.9800033569336,83.06999969482422,83.22000122070312,1175800
2018-12-13,82.93000030517578,83.33999633789062,81.27999877929688,81.88999938964844,1140800
2018-12-14,80.77999877929688,81.33000183105469,78.7699966430664,78.97000122070312,1567900
2018-12-17,78.12000274658203,78.55000305175781,76.5,77.0,1472600
2018-12-18,77.45999908447266,78.5999984741211,75.41999816894531,76.23999786376953,1327200
2018-12-19,76.48999786376953,78.66999816894531,75.66000366210938,76.30999755859375,1639100
2018-12-20,75.8499984741211,77.0199966430664,72.13999938964844,73.22000122070312,2130700
2018-12-21,73.20999908447266,75.55999755859375,71.55000305175781,71.9800033569336,2573600
2018-12-24,71.97000122070312,72.70999908447266,70.62999725341797,70.76000213623047,523900
2018-12-26,70.9000015258789,73.12999725341797,69.36000061035156,73.04000091552734,1049200
2018-12-27,72.2300033569336,73.52999877929688,70.38999938964844,73.52999877929688,1213200
2018-12-28,73.9000015258789,75.08000183105469,72.80999755859375,73.95999908447266,1543000
2018-12-31,74.08999633789062,75.08000183105469,73.36000061035156,74.4000015258789,1028400
2019-01-02,73.73999786376953,74.7699966430664,73.11000061035156,74.44999694824219,1149700
2019-01-03,74.08999633789062,74.70999908447266,72.91000366210938,73.37000274658203,1499400
2019-01-04,73.66000366210938,74.36000061035156,72.55000305175781,74.22000122070312,2417700
2019-01-07,74.43000030517578,76.23999786376953,73.81999969482422,74.75,1608300
2019-01-08,75.0999984741211,75.93000030517578,74.11000061035156,75.55000305175781,1689500
2019-01-09,75.91999816894531,76.9000015258789,75.58999633789062,76.31999969482422,1151400
2019-01-10,75.94999694824219,76.33000183105469,74.77999877929688,76.0,1623100
2019-01-11,75.63999938964844,76.62000274658203,74.87999725341797,76.55999755859375,978600
2019-01-14,76.02999877929688,77.62000274658203,76.01000213623047,76.86000061035156,1466200
2019-01-15,76.98999786376953,77.73999786376953,76.38999938964844,77.26000213623047,1667400
2019-01-16,77.25,77.7699966430664,76.66999816894531,77.30000305175781,988900
2019-01-17,77.79000091552734,78.12999725341797,76.0,76.08000183105469,1369700
2019-01-18,76.81999969482422,79.94999694824219,76.5,79.86000061035156,2245600
2019-01-22,79.25,79.91000366210938,78.22000122070312,79.70999908447266,1400200
2019-01-23,79.80999755859375,79.9800033569336,77.66999816894531,79.36000061035156,1044000
2019-01-24,79.30000305175781,79.94999694824219,78.30000305175781,78.69999694824219,670000
2019-01-25,79.20999908447266,80.52999877929688,78.97000122070312,79.66000366210938,924200
2019-01-28,79.47000122070312,80.30999755859375,78.87999725341797,80.12000274658203,838800
2019-01-29,80.04000091552734,80.11000061035156,78.5199966430664,79.54000091552734,1040900
2019-01-30,79.7300033569336,80.13999938964844,78.33000183105469,78.52999877929688,1833000
2019-01-31,80.4800033569336,85.86000061035156,80.4800033569336,83.37000274658203,4542200
2019-02-01,81.81999969482422,83.81999969482422,79.69999694824219,83.76000213623047,4283300
2019-02-04,83.75,85.0,83.2699966430664,84.44999694824219,1872000
2019-02-05,84.75,86.3499984741211,84.4800033569336,85.7699966430664,1594600
2019-02-06,85.41999816894531,87.2699966430664,85.19000244140625,86.63999938964844,1132700
2019-02-07,86.80000305175781,87.52999877929688,85.4800033569336,85.80000305175781,1470700
2019-02-08,85.30000305175781,85.44999694824219,83.69999694824219,84.30999755859375,1519900
2019-02-11,84.25,84.3499984741211,83.29000091552734,83.63999938964844,1304800
2019-02-12,84.13999938964844,85.83000183105469,84.06999969482422,85.79000091552734,1024800
2019-02-13,85.91000366210938,86.7699966430664,85.48999786376953,86.41000366210938,752200
2019-02-14,86.0199966430664,86.97000122070312,85.5199966430664,86.44999694824219,735800
2019-02-15,86.69999694824219,87.3499984741211,85.9000015258789,86.66000366210938,920500
2019-02-19,86.4000015258789,87.31999969482422,86.0,86.8499984741211,1546000
2019-02-20,86.19000244140625,87.12999725341797,85.43000030517578,86.33000183105469,728300
2019-02-21,86.3499984741211,86.4000015258789,84.52999877929688,84.9800033569336,722400
2019-02-22,85.38999938964844,85.87999725341797,84.9000015258789,85.66999816894531,827900
2019-02-25,86.30000305175781,86.56999969482422,84.63999938964844,84.66999816894531,746100
2019-02-26,84.80000305175781,84.9800033569336,83.87999725341797,83.91999816894531,825100
2019-02-27,83.66999816894531,83.87000274658203,82.44999694824219,82.79000091552734,1896300
2019-02-28,82.86000061035156,83.95999908447266,82.56999969482422,83.30000305175781,1832300
2019-03-01,83.70999908447266,84.2699966430664,82.19999694824219,82.9800033569336,902600
2019-03-04,83.01000213623047,83.44000244140625,79.83000183105469,80.4800033569336,1260600
2019-03-05,80.69999694824219,80.69999694824219,79.43000030517578,79.66000366210938,2123500
2019-03-06,79.62999725341797,79.62999725341797,76.52999877929688,76.62999725341797,3413200
2019-03-07,77.0199966430664,77.51000213623047,76.0199966430664,76.33000183105469,2734200
2019-03-08,75.80999755859375,76.94000244140625,75.52999877929688,76.41000366210938,1426200
2019-03-11,76.5199966430664,78.05000305175781,76.08000183105469,77.94999694824219,1336200
2019-03-12,78.0999984741211,79.12000274658203,78.0999984741211,78.41999816894531,1387600
2019-03-13,79.04000091552734,80.26000213623047,78.68000030517578,79.79000091552734,1050000
2019-03-14,79.62000274658203,80.26000213623047,79.06999969482422,79.51000213623047,1288400
2019-03-15,79.48999786376953,80.58999633789062,79.48999786376953,80.18000030517578,2009300
2019-03-18,80.48999786376953,81.30000305175781,80.19999694824219,80.38999938964844,830100
2019-03-19,80.48999786376953,81.69999694824219,80.37999725341797,81.06999969482422,871200
2019-03-20,80.88999938964844,80.88999938964844,79.26000213623047,79.2699966430664,1103200
2019-03-21,79.0,80.43000030517578,79.0,80.36000061035156,919600
2019-03-22,80.13999938964844,80.37999725341797,78.66999816894531,78.7699966430664,978800
2019-03-25,78.7699966430664,78.7699966430664,76.87000274658203,77.0999984741211,1670400
2019-03-26,77.55999755859375,77.93000030517578,76.05000305175781,76.55999755859375,1667200
2019-03-27,76.36000061035156,76.87000274658203,75.6500015258789,76.5,1339200
2019-03-28,77.05000305175781,77.93000030517578,76.69000244140625,77.88999938964844,1111500
2019-03-29,78.30999755859375,79.63999938964844,78.01000213623047,79.5199966430664,1249800
2019-04-01,80.04000091552734,80.25,79.0,79.08999633789062,1413000
2019-04-02,76.87999725341797,77.05000305175781,74.41000366210938,74.48999786376953,2275800
2019-04-03,75.06999969482422,76.26000213623047,74.12999725341797,75.05000305175781,1977300
2019-04-04,75.2699966430664,76.12000274658203,74.27999877929688,75.97000122070312,1523100
2019-04-05,76.37000274658203,78.16999816894531,76.16000366210938,77.2699966430664,1383900
2019-04-08,77.0999984741211,78.38999938964844,76.5,78.12000274658203,1717300
2019-04-09,77.72000122070312,78.04000091552734,76.5,77.43000030517578,957100
2019-04-10,75.3499984741211,75.44999694824219,72.1500015258789,74.0,3073600
2019-04-11,74.51000213623047,75.2699966430664,73.45999908447266,74.18000030517578,1603600
2019-04-12,74.58000183105469,76.23999786376953,74.4800033569336,74.73999786376953,1552800
2019-04-15,75.05999755859375,76.16000366210938,74.5999984741211,76.11000061035156,871000
2019-04-16,76.29000091552734,76.9000015258789,74.43000030517578,75.3499984741211,1547500
2019-04-17,75.58999633789062,75.79000091552734,71.62999725341797,72.30000305175781,1587300
2019-04-18,72.30000305175781,72.77999877929688,71.27999877929688,72.44999694824219,1431900
2019-04-22,72.43000030517578,72.97000122070312,70.55000305175781,71.05999755859375,1270400
2019-04-23,71.19999694824219,73.98999786376953,70.91000366210938,73.43000030517578,1908800
2019-04-24,73.61000061035156,74.66000366210938,73.33999633789062,74.08999633789062,1207700
2019-04-25,73.83000183105469,73.86000061035156,72.62999725341797,73.72000122070312,1006700
2019-04-26,74.08999633789062,74.8499984741211,73.55000305175781,74.05000305175781,815000
2019-04-29,74.02999877929688,74.77999877929688,73.75,74.51000213623047,719000
2019-04-30,74.80000305175781,75.05999755859375,73.61000061035156,74.76000213623047,1052500
2019-05-01,75.12999725341797,75.25,73.04000091552734,73.38999938964844,2035500
2019-05-02,75.5199966430664,78.7699966430664,75.30000305175781,77.05999755859375,3064500
2019-05-03,77.9800033569336,79.58999633789062,77.63999938964844,79.13999938964844,2090500
2019-05-06,78.12999725341797,78.55999755859375,75.62000274658203,78.30999755859375,1204600
2019-05-07,77.61000061035156,79.05999755859375,76.7699966430664,77.45999908447266,1727900
2019-05-08,77.83999633789062,79.55999755859375,76.51000213623047,78.72000122070312,1826600
2019-05-09,77.7300033569336,79.79000091552734,77.16999816894531,79.18000030517578,1774000
2019-05-10,78.9000015258789,79.51000213623047,76.12999725341797,77.47000122070312,1336100
2019-05-13,76.04000091552734,76.2699966430664,74.66999816894531,75.68000030517578,1087000
2019-05-14,75.94000244140625,78.93000030517578,75.47000122070312,76.69000244140625,1605100
2019-05-15,76.29000091552734,77.95999908447266,75.18000030517578,77.86000061035156,1333300
2019-05-16,77.83999633789062,78.75,77.36000061035156,77.58999633789062,1382000
2019-05-17,76.83999633789062,78.83000183105469,76.43000030517578,77.7300033569336,1199600
2019-05-20,77.08000183105469,79.66999816894531,77.05000305175781,79.2300033569336,1605900
2019-05-21,79.77999877929688,81.26000213623047,79.47000122070312,80.56999969482422,1910900
2019-05-22,80.47000122070312,82.08000183105469,80.16000366210938,81.80000305175781,1672000
2019-05-23,81.16000366210938,81.66999816894531,79.94999694824219,80.44000244140625,1187400
2019-05-24,80.44000244140625,81.29000091552734,79.94000244140625,80.68000030517578,809300
2019-05-28,80.56999969482422,81.69000244140625,80.56999969482422,80.88999938964844,1900300
2019-05-29,80.52999877929688,80.58000183105469,78.19000244140625,78.3499984741211,2047000
2019-05-30,78.3499984741211,78.93000030517578,77.45999908447266,78.31999969482422,802800
2019-05-31,77.55000305175781,78.3499984741211,77.06999969482422,77.86000061035156,841900
2019-06-03,78.12000274658203,81.06999969482422,78.12000274658203,80.37000274658203,1357500
2019-06-04,81.29000091552734,82.87999725341797,81.0,82.20999908447266,1891500
2019-06-05,82.86000061035156,83.19000244140625,81.0199966430664,81.6500015258789,1145400
2019-06-06,81.55000305175781,82.45999908447266,81.54000091552734,81.75,1412900
2019-06-07,82.33000183105469,83.66999816894531,81.95999908447266,83.4800033569336,1232200
2019-06-10,83.62999725341797,85.4800033569336,83.58000183105469,84.7699966430664,1418000
2019-06-11,85.0,85.2699966430664,84.44999694824219,84.72000122070312,1253900
2019-06-12,84.66999816894531,85.41000366210938,84.2699966430664,85.37999725341797,1136000
2019-06-13,85.5999984741211,86.68000030517578,85.30999755859375,86.44000244140625,1022700
2019-06-14,86.69999694824219,86.98999786376953,84.83999633789062,85.05000305175781,1003800
2019-06-17,85.45999908447266,85.61000061035156,84.38999938964844,85.33999633789062,1058800
2019-06-18,85.94000244140625,87.0999984741211,85.13999938964844,85.44999694824219,915500
2019-06-19,85.73999786376953,86.79000091552734,85.52999877929688,86.05999755859375,1377300
2019-06-20,86.97000122070312,86.97000122070312,84.36000061035156,85.55999755859375,1880400
2019-06-21,85.37999725341797,85.48999786376953,84.25,84.45999908447266,2403100
2019-06-24,84.5999984741211,85.13999938964844,82.88999938964844,83.5199966430664,2042900
2019-06-25,83.87000274658203,85.1500015258789,83.12000274658203,84.27999877929688,1699400
2019-06-26,84.3499984741211,84.83999633789062,83.25,83.77999877929688,1067600
2019-06-27,84.38999938964844,86.52999877929688,83.9000015258789,85.62999725341797,1137500
2019-06-28,85.83000183105469,86.26000213623047,85.05999755859375,85.26000213623047,1565400
2019-07-01,85.77999877929688,85.91000366210938,84.6500015258789,85.58999633789062,1193700
2019-07-02,85.58999633789062,86.05000305175781,84.5199966430664,85.45999908447266,1043700
2019-07-03,86.11000061035156,88.77999877929688,86.08000183105469,87.58999633789062,1066500
2019-07-05,87.4000015258789,88.86000061035156,86.58000183105469,87.97000122070312,710400
2019-07-08,87.62000274658203,88.05999755859375,86.54000091552734,87.83000183105469,968700
2019-07-09,87.41999816894531,88.75,87.16999816894531,88.2300033569336,1121500
2019-07-10,88.83000183105469,89.7699966430664,88.0999984741211,89.30000305175781,1542400
2019-07-11,91.76000213623047,94.19999694824219,89.79000091552734,90.52999877929688,2191200
2019-07-12,90.4000015258789,91.30000305175781,88.87000274658203,89.8499984741211,1495000
2019-07-15,90.01000213623047,90.4000015258789,88.95999908447266,89.93000030517578,810000
2019-07-16,89.87000274658203,89.9000015258789,88.76000213623047,89.0,942800
2019-07-17,88.38999938964844,88.5199966430664,84.62000274658203,85.45999908447266,2198400
2019-07-18,85.4800033569336,87.0,84.55000305175781,86.76000213623047,1189500
2019-07-19,86.63999938964844,86.63999938964844,85.08999633789062,85.5199966430664,928300
2019-07-22,85.8499984741211,86.18000030517578,84.93000030517578,85.05000305175781,840300
2019-07-23,85.2699966430664,86.16000366210938,84.7699966430664,85.80999755859375,812500
2019-07-24,86.01000213623047,87.04000091552734,85.5999984741211,86.88999938964844,757400
2019-07-25,87.2300033569336,87.62000274658203,85.54000091552734,85.93000030517578,595900
2019-07-26,86.26000213623047,86.69000244140625,85.58999633789062,86.12000274658203,723400
2019-07-29,86.11000061035156,87.26000213623047,86.0999984741211,87.2300033569336,803000
2019-07-30,86.5,89.01000213623047,85.4800033569336,88.72000122070312,1414300
2019-07-31,88.72000122070312,88.7300033569336,85.52999877929688,87.1500015258789,1503100
2019-08-01,90.87999725341797,94.75,90.58000183105469,91.69999694824219,3230300
2019-08-02,91.94999694824219,92.88999938964844,88.69999694824219,90.44000244140625,1252700
2019-08-05,89.58000183105469,90.86000061035156,87.81999969482422,88.69999694824219,1392200
2019-08-06,89.30000305175781,90.98999786376953,82.6500015258789,84.11000061035156,4485000
2019-08-07,83.77999877929688,86.04000091552734,81.80000305175781,85.8499984741211,1998900
2019-08-08,85.80000305175781,88.38999938964844,85.4800033569336,87.88999938964844,1446000
2019-08-09,87.94000244140625,88.16999816894531,86.54000091552734,87.44999694824219,898800
2019-08-12,87.37000274658203,87.87000274658203,86.55000305175781,87.37999725341797,906700
2019-08-13,87.61000061035156,89.95999908447266,86.94999694824219,89.26000213623047,1411500
2019-08-14,88.4800033569336,88.4800033569336,86.13999938964844,86.33999633789062,1368800
2019-08-15,86.43000030517578,86.87999725341797,85.33999633789062,85.97000122070312,1098500
2019-08-16,86.1500015258789,87.9000015258789,85.33999633789062,87.33999633789062,811800
2019-08-19,88.20999908447266,88.97000122070312,87.62999725341797,87.75,904000
2019-08-20,88.04000091552734,88.61000061035156,86.22000122070312,86.30000305175781,1017800
2019-08-21,86.44000244140625,87.58000183105469,86.2300033569336,86.31999969482422,1033200
2019-08-22,86.55999755859375,87.12000274658203,85.33000183105469,85.55000305175781,1008300
2019-08-23,85.45999908447266,86.4000015258789,83.0999984741211,83.54000091552734,1177000
2019-08-26,84.41000366210938,85.91999816894531,84.0999984741211,85.9000015258789,1183900
2019-08-27,85.94000244140625,86.58999633789062,81.19999694824219,81.27999877929688,1848300
2019-08-28,81.02999877929688,82.02999877929688,80.41000366210938,81.01000213623047,1918000
2019-08-29,81.83000183105469,82.7699966430664,81.12999725341797,81.91000366210938,1179400
2019-08-30,82.30000305175781,82.48999786376953,81.61000061035156,82.2699966430664,1091700
2019-09-03,81.87000274658203,84.5,81.55999755859375,84.04000091552734,1613400
2019-09-04,84.36000061035156,85.44999694824219,84.33999633789062,85.18000030517578,848400
2019-09-05,86.29000091552734,87.16999816894531,85.79000091552734,86.04000091552734,935200
2019-09-06,86.12000274658203,86.61000061035156,85.55999755859375,86.31999969482422,963900
2019-09-09,86.30999755859375,87.56999969482422,86.16000366210938,87.12999725341797,1231500
2019-09-10,86.45999908447266,86.81999969482422,84.2300033569336,85.87999725341797,1895200
2019-09-11,86.05000305175781,88.45999908447266,85.33000183105469,87.79000091552734,1026100
2019-09-12,87.87999725341797,88.2300033569336,84.5199966430664,84.63999938964844,1118900
2019-09-13,85.19000244140625,86.33000183105469,82.94999694824219,83.41999816894531,1262200
2019-09-16,82.68000030517578,83.88999938964844,82.37000274658203,83.79000091552734,1120900
2019-09-17,84.16999816894531,84.55999755859375,83.1500015258789,83.18000030517578,1049900
2019-09-18,83.27999877929688,83.27999877929688,81.91000366210938,83.0,1392700
2019-09-19,83.25,85.19999694824219,82.8499984741211,84.62999725341797,1315100
2019-09-20,84.94999694824219,86.45999908447266,84.76000213623047,85.12000274658203,2180200
2019-09-23,84.87000274658203,85.26000213623047,83.29000091552734,83.8499984741211,920100
2019-09-24,84.2300033569336,85.12999725341797,82.5199966430664,82.69999694824219,910300
2019-09-25,82.16999816894531,84.06999969482422,82.16999816894531,83.2300033569336,881900
2019-09-26,83.43000030517578,83.87000274658203,80.86000061035156,82.0,943300
2019-09-27,82.33000183105469,82.36000061035156,80.43000030517578,80.94000244140625,1400300
2019-09-30,81.0,83.41000366210938,81.0,82.33000183105469,1141900
2019-10-01,82.4800033569336,84.20999908447266,82.06999969482422,82.12000274658203,1298200
2019-10-02,81.31999969482422,81.77999877929688,80.44999694824219,80.9800033569336,1366400
2019-10-03,80.80999755859375,81.56999969482422,79.75,81.33999633789062,760500
2019-10-04,81.30000305175781,81.87999725341797,80.2699966430664,81.8499984741211,767300
2019-10-07,81.38999938964844,82.69000244140625,80.73999786376953,81.86000061035156,1212300
2019-10-08,81.26000213623047,81.87000274658203,80.12999725341797,80.16999816894531,1345000
2019-10-09,80.83000183105469,81.18000030517578,80.29000091552734,80.37000274658203,657500
2019-10-10,80.55000305175781,81.56999969482422,79.83999633789062,80.81999969482422,741800
2019-10-11,81.80000305175781,83.1500015258789,81.16000366210938,81.95999908447266,958100
2019-10-14,81.79000091552734,82.1500015258789,81.37999725341797,81.58000183105469,506000
2019-10-15,82.20999908447266,83.61000061035156,81.86000061035156,83.19999694824219,777800
2019-10-16,84.11000061035156,88.69000244140625,84.0199966430664,86.05000305175781,2691700
2019-10-17,86.11000061035156,89.83000183105469,86.11000061035156,89.5,3243000
2019-10-18,89.51000213623047,90.0,88.33999633789062,89.63999938964844,1550400
2019-10-21,88.19999694824219,89.0,84.37000274658203,86.66000366210938,2337600
2019-10-22,86.80999755859375,87.11000061035156,85.58999633789062,86.05999755859375,847100
2019-10-23,85.7300033569336,86.02999877929688,84.80999755859375,85.6500015258789,778800
2019-10-24,85.95999908447266,86.29000091552734,84.83999633789062,85.9800033569336,732800
2019-10-25,85.91000366210938,87.22000122070312,85.30999755859375,86.80000305175781,416400
2019-10-28,87.19999694824219,88.19999694824219,86.80000305175781,87.38999938964844,450400
2019-10-29,87.41999816894531,88.87999725341797,87.12999725341797,88.87000274658203,927500
2019-10-30,88.0,88.0,84.83000183105469,85.8499984741211,1382200
2019-10-31,85.44999694824219,85.7699966430664,84.5199966430664,85.37999725341797,957100
2019-11-01,85.91999816894531,87.41999816894531,85.54000091552734,86.87000274658203,1232000
2019-11-04,87.19999694824219,87.7300033569336,85.45999908447266,87.5,883300
2019-11-05,87.9000015258789,88.77999877929688,83.80000305175781,86.12999725341797,2029600
2019-11-06,86.63999938964844,86.94999694824219,84.58000183105469,84.70999908447266,1454000
2019-11-07,86.33999633789062,87.7699966430664,83.86000061035156,84.08000183105469,1941700
2019-11-08,83.62999725341797,86.1500015258789,83.05999755859375,86.06999969482422,983700
2019-11-11,84.83999633789062,85.0999984741211,82.0999984741211,84.04000091552734,1846200
2019-11-12,84.5,86.48999786376953,84.11000061035156,85.54000091552734,1105700
2019-11-13,85.13999938964844,86.7300033569336,84.7300033569336,86.08999633789062,712000
2019-11-14,86.83999633789062,87.12000274658203,85.79000091552734,86.12999725341797,1002400
2019-11-15,86.0,87.73999786376953,85.44999694824219,87.30000305175781,1100000
2019-11-18,87.04000091552734,88.19999694824219,87.04000091552734,87.7699966430664,676500
2019-11-19,87.56999969482422,88.13999938964844,87.0,87.80999755859375,640900
2019-11-20,87.44000244140625,88.3499984741211,86.87999725341797,87.55000305175781,1176200
2019-11-21,87.56999969482422,88.70999908447266,87.01000213623047,88.30999755859375,992800
2019-11-22,89.0999984741211,90.5199966430664,88.66999816894531,90.26000213623047,1194300
2019-11-25,90.5199966430664,90.80999755859375,89.87000274658203,90.63999938964844,890000
2019-11-26,90.72000122070312,90.72000122070312,86.79000091552734,87.8499984741211,1885200
2019-11-27,87.5,88.55000305175781,86.87999725341797,88.51000213623047,629700
2019-11-29,87.95999908447266,88.75,87.77999877929688,87.91000366210938,355800
2019-12-02,87.87000274658203,88.5999984741211,86.94000244140625,87.83000183105469,1109600
2019-12-03,87.19000244140625,87.55999755859375,86.54000091552734,87.43000030517578,902100
2019-12-04,87.63999938964844,88.97000122070312,87.55999755859375,88.36000061035156,743000
2019-12-05,88.08999633789062,88.88999938964844,87.2300033569336,87.81999969482422,997200
2019-12-06,88.25,89.20999908447266,87.88999938964844,88.23999786376953,723000
2019-12-09,88.23999786376953,88.23999786376953,86.27999877929688,86.38999938964844,1076200
2019-12-10,86.37000274658203,87.05000305175781,84.9000015258789,86.76000213623047,1767800
2019-12-11,86.43000030517578,87.04000091552734,85.93000030517578,86.66000366210938,984400
2019-12-12,87.0999984741211,87.80999755859375,86.12999725341797,86.79000091552734,507500
2019-12-13,86.80999755859375,87.61000061035156,84.76000213623047,84.8499984741211,977000
2019-12-16,85.43000030517578,86.66000366210938,85.04000091552734,85.95999908447266,970800
2019-12-17,85.95999908447266,86.08999633789062,82.9800033569336,83.1500015258789,1947200
2019-12-18,82.66999816894531,84.8499984741211,82.56999969482422,83.55000305175781,1527600
2019-12-19,83.58000183105469,84.20999908447266,83.11000061035156,83.80000305175781,1444200
2019-12-20,84.5199966430664,85.76000213623047,83.80000305175781,85.66999816894531,1666800
2019-12-23,86.0199966430664,86.11000061035156,84.9800033569336,85.5999984741211,865400
2019-12-24,86.04000091552734,86.30000305175781,85.27999877929688,85.41999816894531,283400
2019-12-26,85.54000091552734,85.66999816894531,84.94000244140625,85.05000305175781,487200
2019-12-27,85.12999725341797,85.48999786376953,84.83000183105469,84.91000366210938,388400
2019-12-30,84.94999694824219,85.2300033569336,83.58000183105469,83.63999938964844,592400
2019-12-31,83.37999725341797,85.02999877929688,83.22000122070312,85.0199966430664,1002000
2020-01-02,85.63999938964844,85.80000305175781,84.33999633789062,85.08000183105469,817600
2020-01-03,83.80999755859375,85.06999969482422,83.2699966430664,84.01000213623047,801500
2020-01-06,83.68000030517578,85.30999755859375,83.01000213623047,85.23999786376953,765000
2020-01-07,84.76000213623047,85.25,84.19000244140625,84.62999725341797,845300
2020-01-08,84.55999755859375,85.81999969482422,84.52999877929688,85.44999694824219,1182000
2020-01-09,85.62000274658203,86.7300033569336,84.81999969482422,86.66000366210938,795400
2020-01-10,87.04000091552734,87.38999938964844,86.5999984741211,87.04000091552734,965100
2020-01-13,86.97000122070312,87.25,85.5,86.1500015258789,1026200
2020-01-14,86.5999984741211,88.9800033569336,86.0199966430664,88.83000183105469,1921800
2020-01-15,88.79000091552734,91.63999938964844,88.68000030517578,91.37000274658203,1434900
2020-01-16,91.9000015258789,91.9000015258789,90.54000091552734,91.45999908447266,1205000
2020-01-17,91.0,91.58000183105469,90.41000366210938,91.05999755859375,1455500
2020-01-21,90.81999969482422,91.37000274658203,90.19999694824219,91.25,1205600
2020-01-22,91.56999969482422,92.41999816894531,91.16999816894531,92.02999877929688,1551600
2020-01-23,92.19000244140625,92.19000244140625,90.66999816894531,91.16000366210938,1552900
2020-01-24,91.54000091552734,91.54000091552734,86.08000183105469,88.91999816894531,2306800
2020-01-27,87.94000244140625,88.25,86.52999877929688,87.5199966430664,1622700
2020-01-28,88.29000091552734,89.69999694824219,87.83000183105469,89.11000061035156,1144800
2020-01-29,89.48999786376953,90.8499984741211,89.19999694824219,89.86000061035156,1691200
2020-01-30,89.33000183105469,92.36000061035156,86.9000015258789,88.87999725341797,2138300
2020-01-31,89.29000091552734,89.29000091552734,85.2699966430664,85.55999755859375,1217800
2020-02-03,85.94000244140625,86.91999816894531,85.23999786376953,85.69999694824219,1014600
2020-02-04,87.1500015258789,89.13999938964844,87.01000213623047,88.08999633789062,1498600
2020-02-05,89.12999725341797,92.47000122070312,89.12999725341797,91.44000244140625,1608200
2020-02-06,92.12000274658203,93.76000213623047,91.55000305175781,92.4800033569336,1246100
2020-02-07,93.9000015258789,94.72000122070312,91.76000213623047,91.94000244140625,1467200
2020-02-10,91.69999694824219,94.18000030517578,91.36000061035156,93.5999984741211,1371600
2020-02-11,94.33000183105469,94.61000061035156,92.72000122070312,94.56999969482422,1156100
2020-02-12,95.0,97.5,94.04000091552734,95.77999877929688,1315100
2020-02-13,94.91999816894531,95.4800033569336,94.41999816894531,94.5199966430664,1155600
2020-02-14,94.16000366210938,94.73999786376953,90.2300033569336,94.36000061035156,1602200
2020-02-18,94.29000091552734,94.88999938964844,93.13999938964844,94.30999755859375,1566000
2020-02-19,94.58999633789062,95.19999694824219,93.83999633789062,95.12999725341797,915800
2020-02-20,95.0,96.98999786376953,93.94999694824219,96.52999877929688,1808100
2020-02-21,96.1500015258789,97.38999938964844,95.30000305175781,97.0,1213700
2020-02-24,94.72000122070312,96.04000091552734,94.0,94.93000030517578,1541700
2020-02-25,95.36000061035156,95.7699966430664,92.77999877929688,92.93000030517578,2239400
2020-02-26,93.80000305175781,95.01000213623047,93.13999938964844,93.70999908447266,1907100
2020-02-27,92.05000305175781,92.94000244140625,86.55999755859375,86.58999633789062,2568100
2020-02-28,83.55000305175781,85.0,81.47000122070312,84.31999969482422,3827500
2020-03-02,84.52999877929688,88.31999969482422,83.88999938964844,87.16000366210938,4528000
2020-03-03,87.41999816894531,88.94999694824219,84.44999694824219,85.87000274658203,2190400
2020-03-04,89.30000305175781,90.43000030517578,87.98999786376953,90.37999725341797,1411300
2020-03-05,88.0,90.08000183105469,85.25,86.97000122070312,1365800
2020-03-06,84.29000091552734,86.2300033569336,83.38999938964844,85.80999755859375,1760100
2020-03-09,79.69000244140625,85.83000183105469,77.55999755859375,83.2699966430664,3673000
2020-03-10,85.3499984741211,86.2699966430664,80.88999938964844,86.06999969482422,2214400
2020-03-11,84.08000183105469,86.12000274658203,83.05000305175781,84.95999908447266,2384900
2020-03-12,80.45999908447266,84.27999877929688,79.08999633789062,80.48999786376953,7108200
2020-03-13,83.69999694824219,90.16999816894531,80.66000366210938,90.0,2835300
2020-03-16,76.0,87.41999816894531,76.0,80.5,2777400
2020-03-17,82.79000091552734,89.7300033569336,82.19999694824219,89.5,3792400
2020-03-18,84.9000015258789,90.76000213623047,78.13999938964844,84.97000122070312,3229200
2020-03-19,83.08999633789062,86.73999786376953,80.37000274658203,86.0,2189100
2020-03-20,86.83999633789062,87.62999725341797,79.31999969482422,80.61000061035156,3203800
2020-03-23,80.29000091552734,80.29000091552734,72.05999755859375,73.93000030517578,2234800
2020-03-24,77.70999908447266,80.62000274658203,76.16000366210938,79.8499984741211,1951800
2020-03-25,79.54000091552734,81.47000122070312,75.11000061035156,75.3499984741211,2284100
2020-03-26,75.87000274658203,85.18000030517578,75.5999984741211,84.16000366210938,3263800
2020-03-27,80.94000244140625,84.05999755859375,80.18000030517578,81.77999877929688,1600500
2020-03-30,83.52999877929688,88.55000305175781,82.44000244140625,88.0999984741211,1770200
2020-03-31,88.23999786376953,90.7300033569336,87.11000061035156,88.5,2074700
2020-04-01,88.20999908447266,88.70999908447266,84.19000244140625,86.2300033569336,1336300
2020-04-02,84.63999938964844,86.52999877929688,80.0,83.88999938964844,2570500
2020-04-03,83.2699966430664,84.62999725341797,80.38999938964844,81.33999633789062,1517200
2020-04-06,85.31999969482422,86.83000183105469,83.06999969482422,86.29000091552734,1514800
2020-04-07,88.87000274658203,89.43000030517578,86.62000274658203,87.19999694824219,1311100
2020-04-08,86.94000244140625,89.12999725341797,85.16000366210938,88.33000183105469,1729500
2020-04-09,88.18000030517578,89.41000366210938,86.66000366210938,87.80999755859375,1348700
2020-04-13,87.55999755859375,87.55999755859375,84.22000122070312,85.44999694824219,2118700
2020-04-14,87.58999633789062,89.9000015258789,87.06999969482422,89.41999816894531,985300
2020-04-15,87.94000244140625,89.70999908447266,85.58999633789062,88.33000183105469,967600
2020-04-16,88.26000213623047,89.26000213623047,85.54000091552734,86.27999877929688,1674000
2020-04-17,88.76000213623047,89.88999938964844,87.27999877929688,89.19000244140625,1669500
2020-04-20,87.98999786376953,90.11000061035156,87.0999984741211,89.62000274658203,1032000
2020-04-21,88.44000244140625,88.62000274658203,84.43000030517578,85.56999969482422,1257800
2020-04-22,86.9800033569336,88.12999725341797,86.19000244140625,86.5,911000
2020-04-23,87.38999938964844,89.13999938964844,86.87999725341797,87.26000213623047,1036400
2020-04-24,87.43000030517578,89.44999694824219,85.73999786376953,88.69999694824219,1325800
2020-04-27,89.58999633789062,91.3499984741211,88.76000213623047,90.77999877929688,1913100
2020-04-28,92.0,92.08000183105469,89.23999786376953,89.52999877929688,1457100
2020-04-29,90.04000091552734,91.27999877929688,88.3499984741211,89.33999633789062,1879900
2020-04-30,88.70999908447266,91.02999877929688,88.61000061035156,89.66000366210938,1683700
2020-05-01,88.3499984741211,88.3499984741211,85.11000061035156,86.37999725341797,1120800
2020-05-04,85.97000122070312,87.05000305175781,85.30999755859375,86.41999816894531,1354000
2020-05-05,87.5,89.44999694824219,85.61000061035156,87.97000122070312,1349600
2020-05-06,88.3499984741211,88.55999755859375,85.19999694824219,85.5,1362800
2020-05-07,86.5999984741211,89.83000183105469,86.5999984741211,88.73999786376953,1755300
2020-05-08,90.54000091552734,92.4000015258789,87.08999633789062,88.08999633789062,1175300
2020-05-11,89.06999969482422,91.86000061035156,88.5199966430664,90.63999938964844,1264200
2020-05-12,91.45999908447266,91.98999786376953,88.52999877929688,88.58000183105469,1141900
2020-05-13,88.16999816894531,89.0,83.66999816894531,84.1500015258789,1520700
2020-05-14,83.01000213623047,84.1500015258789,81.51000213623047,84.02999877929688,1488200
2020-05-15,83.36000061035156,85.81999969482422,83.05000305175781,85.75,1694200
2020-05-18,88.02999877929688,90.0,87.8499984741211,89.19999694824219,1066800
2020-05-19,88.80999755859375,90.38999938964844,88.5,89.62999725341797,983700
2020-05-20,90.0,95.12999725341797,89.0199966430664,92.7300033569336,2352700
2020-05-21,92.16999816894531,93.2699966430664,91.19000244140625,92.25,1076900
2020-05-22,92.16000366210938,93.69000244140625,92.16000366210938,93.13999938964844,1027100
2020-05-26,95.0,95.0,90.58999633789062,90.77999877929688,1024800
2020-05-27,90.95999908447266,93.44999694824219,90.75,93.33000183105469,1166100
2020-05-28,94.36000061035156,96.48999786376953,93.83000183105469,94.4000015258789,1312700
2020-05-29,94.69999694824219,95.5999984741211,93.61000061035156,95.33999633789062,1582100
2020-06-01,94.83999633789062,95.87000274658203,94.83999633789062,95.1500015258789,1012600
2020-06-02,94.8499984741211,98.73999786376953,94.30999755859375,98.66000366210938,2078000
2020-06-03,99.08000183105469,99.98999786376953,98.6500015258789,99.48999786376953,1168000
2020-06-04,98.6500015258789,99.98999786376953,98.19999694824219,99.44999694824219,1473400
2020-06-05,99.56999969482422,102.20999908447266,98.51000213623047,98.97000122070312,1474000
2020-06-08,97.98999786376953,102.98999786376953,97.76000213623047,102.30000305175781,1357100
2020-06-09,101.0,101.5999984741211,99.55000305175781,99.9000015258789,953600
2020-06-10,100.37999725341797,100.58000183105469,96.93000030517578,96.94999694824219,905000
2020-06-11,95.79000091552734,95.79000091552734,92.56999969482422,93.51000213623047,1305200
2020-06-12,95.4800033569336,95.63999938964844,92.62000274658203,94.87000274658203,1545600
2020-06-15,93.44000244140625,96.51000213623047,92.9000015258789,96.20999908447266,1151000
2020-06-16,98.48999786376953,99.5199966430664,96.62999725341797,99.11000061035156,1157300
2020-06-17,99.5199966430664,100.4800033569336,98.62000274658203,100.1500015258789,1166200
2020-06-18,99.68000030517578,100.83000183105469,98.73999786376953,100.25,856400
2020-06-19,101.73999786376953,103.37000274658203,101.05000305175781,102.1500015258789,1739700
2020-06-22,101.79000091552734,101.86000061035156,100.12999725341797,101.7300033569336,936400
2020-06-23,102.2699966430664,102.80000305175781,100.8499984741211,101.5,2404400
2020-06-24,100.73999786376953,101.45999908447266,98.0,98.83999633789062,1394400
2020-06-25,98.54000091552734,100.87999725341797,98.4800033569336,100.66999816894531,985000
2020-06-26,100.47000122070312,100.94999694824219,98.19999694824219,99.18000030517578,2830100
2020-06-29,99.61000061035156,100.62000274658203,98.43000030517578,98.98999786376953,1103100
2020-06-30,98.69999694824219,101.19999694824219,98.56999969482422,100.7699966430664,1036400
2020-07-01,100.94999694824219,101.47000122070312,99.12999725341797,99.44999694824219,1001100
2020-07-02,100.19999694824219,101.62000274658203,99.72000122070312,100.08999633789062,734000
2020-07-06,100.91000366210938,101.45999908447266,99.91000366210938,100.72000122070312,975100
2020-07-07,99.91000366210938,100.43000030517578,97.91000366210938,98.30000305175781,1022100
2020-07-08,98.3499984741211,98.76000213623047,95.9000015258789,97.20999908447266,934600
2020-07-09,97.20999908447266,97.2699966430664,94.76000213623047,96.38999938964844,758400
2020-07-10,95.9800033569336,97.58000183105469,95.4800033569336,97.05000305175781,816800
2020-07-13,97.27999877929688,98.83000183105469,97.05999755859375,97.2699966430664,1198500
2020-07-14,96.8499984741211,99.47000122070312,96.8499984741211,99.33000183105469,781500
2020-07-15,100.43000030517578,102.41999816894531,99.01000213623047,101.9000015258789,1087500
2020-07-16,101.81999969482422,103.33000183105469,101.05000305175781,102.73999786376953,955500
2020-07-17,103.30999755859375,105.08000183105469,102.79000091552734,104.44999694824219,2771300
2020-07-20,104.4000015258789,104.87000274658203,101.68000030517578,102.19000244140625,739500
2020-07-21,102.2699966430664,104.25,102.20999908447266,104.1500015258789,1126000
2020-07-22,103.8499984741211,104.30000305175781,102.62000274658203,103.80999755859375,715300
2020-07-23,103.76000213623047,104.93000030517578,103.62999725341797,104.02999877929688,635200
2020-07-24,104.41999816894531,104.87999725341797,103.41000366210938,103.76000213623047,668500
2020-07-27,103.37999725341797,104.37000274658203,102.54000091552734,104.0,564600
2020-07-28,104.0,104.54000091552734,101.93000030517578,102.11000061035156,670200
2020-07-29,102.5999984741211,103.81999969482422,101.30000305175781,103.30999755859375,623000
2020-07-30,102.16999816894531,102.48999786376953,101.11000061035156,102.16999816894531,645700
2020-07-31,102.01000213623047,102.0199966430664,98.69000244140625,100.19000244140625,844600
2020-08-03,100.80999755859375,104.86000061035156,100.80999755859375,104.4800033569336,1202400
2020-08-04,104.0,105.20999908447266,102.9800033569336,104.69999694824219,1123000
2020-08-05,104.0,106.44999694824219,103.11000061035156,103.5,1448700
2020-08-06,103.70999908447266,103.80999755859375,100.94999694824219,101.61000061035156,831100
2020-08-07,101.25,102.19999694824219,100.52999877929688,102.0999984741211,739600
2020-08-10,102.26000213623047,103.73999786376953,101.6500015258789,103.04000091552734,745100
2020-08-11,103.44999694824219,103.9000015258789,101.05999755859375,101.37999725341797,788500
2020-08-12,101.8499984741211,104.0999984741211,101.8499984741211,103.55000305175781,629900
2020-08-13,103.11000061035156,103.11000061035156,101.3499984741211,102.7300033569336,554900
2020-08-14,101.94000244140625,104.25,101.5999984741211,103.75,684600
2020-08-17,104.20999908447266,104.27999877929688,103.0999984741211,103.41999816894531,531800
2020-08-18,104.0,104.4000015258789,102.41999816894531,102.83999633789062,763700
2020-08-19,102.5,103.01000213623047,101.62999725341797,101.70999908447266,512300
2020-08-20,101.72000122070312,102.19999694824219,99.04000091552734,99.04000091552734,998400
2020-08-21,99.0,99.0199966430664,97.16999816894531,98.1500015258789,1041200
2020-08-24,99.30999755859375,99.30999755859375,96.2699966430664,97.56999969482422,867400
2020-08-25,97.93000030517578,98.27999877929688,97.0199966430664,98.27999877929688,811200
2020-08-26,97.91999816894531,98.01000213623047,96.30999755859375,97.66000366210938,776000
2020-08-27,97.72000122070312,98.97000122070312,96.33000183105469,98.12999725341797,651100
2020-08-28,98.0,98.55999755859375,97.23999786376953,97.55000305175781,687600
2020-08-31,96.97000122070312,97.93000030517578,96.95999908447266,97.02999877929688,950000
2020-09-01,97.44999694824219,97.75,93.16999816894531,94.30000305175781,1055600
2020-09-02,94.3499984741211,98.79000091552734,94.3499984741211,98.29000091552734,1688200
2020-09-03,98.7699966430664,100.08999633789062,96.69000244140625,97.58000183105469,1312800
2020-09-04,97.5,97.66000366210938,95.48999786376953,96.5999984741211,731200
2020-09-08,96.51000213623047,96.72000122070312,94.9000015258789,95.36000061035156,997400
2020-09-09,95.83000183105469,96.8499984741211,94.81999969482422,96.19999694824219,801800
2020-09-10,96.41000366210938,96.7699966430664,94.2300033569336,94.2699966430664,1134900
2020-09-11,94.8499984741211,94.9000015258789,92.83999633789062,94.08000183105469,677800
2020-09-14,94.5,95.06999969482422,92.63999938964844,94.5999984741211,1131600
2020-09-15,94.87999725341797,96.08000183105469,94.33000183105469,94.9000015258789,919600
2020-09-16,95.61000061035156,97.95999908447266,94.98999786376953,96.79000091552734,1033900
2020-09-17,95.66999816894531,96.91999816894531,94.66999816894531,96.80999755859375,722300
2020-09-18,96.62000274658203,97.37999725341797,95.97000122070312,96.83000183105469,1585100
2020-09-21,95.7300033569336,96.12999725341797,94.0199966430664,95.81999969482422,696000
2020-09-22,95.69000244140625,96.12999725341797,94.80999755859375,95.26000213623047,651300
2020-09-23,95.62000274658203,96.0,94.05000305175781,94.13999938964844,601100
2020-09-24,94.19000244140625,95.94000244140625,92.0,94.66000366210938,1070300
2020-09-25,94.19999694824219,97.06999969482422,94.19999694824219,96.80000305175781,822100
2020-09-28,97.75,98.76000213623047,96.79000091552734,97.58000183105469,680800
2020-09-29,97.47000122070312,97.58000183105469,95.91999816894531,96.16000366210938,691200
2020-09-30,96.18000030517578,97.8499984741211,95.69000244140625,96.91999816894531,1042700
2020-10-01,97.31999969482422,97.62999725341797,94.7300033569336,95.36000061035156,730600
2020-10-02,94.05000305175781,96.55000305175781,93.95999908447266,95.37999725341797,644500
2020-10-05,95.7699966430664,97.01000213623047,94.80000305175781,96.38999938964844,711300
2020-10-06,97.1500015258789,97.72000122070312,95.45999908447266,95.62999725341797,859500
2020-10-07,96.0199966430664,96.44999694824219,95.55999755859375,95.58999633789062,727900
2020-10-08,96.0999984741211,98.9800033569336,95.81999969482422,98.48999786376953,1009400
2020-10-09,98.9000015258789,98.98999786376953,96.56999969482422,96.86000061035156,759900
2020-10-12,97.37999725341797,97.5999984741211,96.44999694824219,96.86000061035156,816400
2020-10-13,96.18000030517578,97.55000305175781,95.58999633789062,97.2699966430664,703300
2020-10-14,97.04000091552734,99.30999755859375,97.04000091552734,98.44000244140625,737300
2020-10-15,97.88999938964844,100.61000061035156,97.25,99.3499984741211,1270600
2020-10-16,99.5999984741211,100.61000061035156,98.9000015258789,99.5199966430664,1200600
2020-10-19,99.52999877929688,100.72000122070312,97.18000030517578,97.80000305175781,527400
2020-10-20,98.16999816894531,99.0,97.4000015258789,97.98999786376953,726100
2020-10-21,97.75,100.22000122070312,97.7300033569336,97.7300033569336,829500
2020-10-22,97.9000015258789,98.91999816894531,97.22000122070312,98.72000122070312,619400
2020-10-23,99.30000305175781,99.69999694824219,98.54000091552734,99.37999725341797,537900
2020-10-26,98.56999969482422,98.75,97.06999969482422,98.37000274658203,846300
2020-10-27,98.55000305175781,99.7699966430664,97.58000183105469,97.6500015258789,745900
2020-10-28,96.22000122070312,97.44999694824219,95.62999725341797,95.69999694824219,1842600
2020-10-29,95.01000213623047,95.4000015258789,92.23999786376953,94.58999633789062,1297300
2020-10-30,94.08000183105469,96.4800033569336,94.02999877929688,96.06999969482422,1218700
2020-11-02,97.36000061035156,99.62000274658203,95.70999908447266,98.94000244140625,1519300
2020-11-03,100.13999938964844,102.98999786376953,100.13999938964844,102.1500015258789,1215700
2020-11-04,103.0,107.37000274658203,102.77999877929688,104.98999786376953,1722500
2020-11-05,106.0999984741211,109.62000274658203,104.01000213623047,105.41999816894531,1360900
2020-11-06,105.26000213623047,106.44000244140625,103.7699966430664,103.94999694824219,909600
2020-11-09,108.41999816894531,109.6500015258789,104.0999984741211,106.26000213623047,1079800
2020-11-10,106.94999694824219,111.01000213623047,106.5,110.08000183105469,1121800
2020-11-11,110.41000366210938,111.25,107.04000091552734,107.33000183105469,879400
2020-11-12,106.70999908447266,107.51000213623047,105.1500015258789,106.0999984741211,775000
2020-11-13,106.27999877929688,109.02999877929688,106.27999877929688,108.12000274658203,705800
2020-11-16,109.08000183105469,110.55999755859375,107.7699966430664,109.01000213623047,997200
2020-11-17,106.0,108.08000183105469,104.30999755859375,104.88999938964844,2333100
2020-11-18,105.62999725341797,107.75,103.38999938964844,103.44000244140625,898400
2020-11-19,102.6500015258789,102.91000366210938,100.4000015258789,101.9000015258789,1481100
2020-11-20,101.44000244140625,101.77999877929688,99.73999786376953,100.45999908447266,949200
2020-11-23,101.27999877929688,101.83999633789062,100.08000183105469,100.4800033569336,1474200
2020-11-24,101.0,103.80000305175781,100.30999755859375,103.0999984741211,1212300
2020-11-25,103.38999938964844,103.94000244140625,101.48999786376953,103.11000061035156,760300
2020-11-27,103.29000091552734,103.80999755859375,102.54000091552734,103.19999694824219,309800
2020-11-30,103.72000122070312,104.5199966430664,102.47000122070312,103.11000061035156,1223200
2020-12-01,103.8499984741211,104.43000030517578,101.88999938964844,102.19000244140625,999100
2020-12-02,102.55000305175781,103.69000244140625,102.12999725341797,103.12000274658203,700300
2020-12-03,102.73999786376953,103.11000061035156,100.88999938964844,101.5,772700
2020-12-04,101.70999908447266,102.98999786376953,100.41000366210938,102.9800033569336,873100
2020-12-07,103.0,103.30000305175781,99.13999938964844,99.48999786376953,1197400
2020-12-08,99.0199966430664,100.98999786376953,98.37000274658203,100.43000030517578,979500
2020-12-09,100.4800033569336,101.47000122070312,100.01000213623047,101.11000061035156,967900
2020-12-10,100.48999786376953,101.56999969482422,99.29000091552734,99.37000274658203,886200
2020-12-11,98.8499984741211,99.37999725341797,97.58000183105469,98.05999755859375,782500
2020-12-14,99.06999969482422,99.06999969482422,97.08999633789062,97.12000274658203,1025200
2020-12-15,97.55999755859375,99.33999633789062,97.55999755859375,99.02999877929688,919900
2020-12-16,99.11000061035156,99.11000061035156,98.01000213623047,98.37000274658203,757200
2020-12-17,98.91000366210938,99.08999633789062,97.45999908447266,98.73999786376953,1064100
2020-12-18,98.76000213623047,99.8499984741211,97.51000213623047,98.61000061035156,1682200
2020-12-21,97.31999969482422,97.83999633789062,95.7699966430664,97.66999816894531,1074200
2020-12-22,97.62000274658203,98.37999725341797,96.45999908447266,96.72000122070312,915700
2020-12-23,97.04000091552734,98.08000183105469,96.66999816894531,97.23999786376953,752300
2020-12-24,97.33000183105469,97.58000183105469,96.08000183105469,96.97000122070312,295800
2020-12-28,97.70999908447266,98.19999694824219,96.37000274658203,96.80000305175781,521900
2020-12-29,97.63999938964844,98.26000213623047,96.31999969482422,97.12000274658203,1061500
2020-12-30,97.20999908447266,97.55999755859375,96.4000015258789,96.95999908447266,648900
2020-12-31,96.75,97.97000122070312,96.08000183105469,97.76000213623047,523600
2021-01-04,97.8499984741211,97.94999694824219,95.06999969482422,96.5,1753300
2021-01-05,96.7300033569336,98.87999725341797,94.88999938964844,97.76000213623047,1800200
2021-01-06,100.16000366210938,107.1500015258789,100.16000366210938,106.16999816894531,2844800
2021-01-07,106.55000305175781,110.38999938964844,106.23999786376953,110.12999725341797,2068400
2021-01-08,110.06999969482422,112.4800033569336,109.54000091552734,110.02999877929688,1801000
2021-01-11,109.16999816894531,110.48999786376953,106.0999984741211,107.3499984741211,1582700
2021-01-12,107.48999786376953,107.7699966430664,106.1500015258789,106.5199966430664,1441900
2021-01-13,106.31999969482422,106.5199966430664,105.4000015258789,105.62000274658203,940300
2021-01-14,105.68000030517578,106.66000366210938,105.3499984741211,105.63999938964844,948300
2021-01-15,105.5999984741211,107.88999938964844,104.52999877929688,106.80000305175781,3229200
2021-01-19,107.48999786376953,107.88999938964844,103.23999786376953,103.5,1368000
2021-01-20,103.19000244140625,104.38999938964844,102.7699966430664,103.79000091552734,1297900
2021-01-21,103.66999816894531,105.41000366210938,102.7300033569336,104.91000366210938,1218600
2021-01-22,104.66000366210938,108.72000122070312,104.66000366210938,107.76000213623047,1595400
2021-01-25,107.08999633789062,107.5199966430664,106.0,106.87000274658203,693100
2021-01-26,107.66999816894531,109.62000274658203,106.94000244140625,108.83999633789062,813900
2021-01-27,107.91000366210938,109.76000213623047,106.61000061035156,106.83999633789062,1013900
2021-01-28,107.37999725341797,109.6500015258789,106.81999969482422,106.9000015258789,1017400
2021-01-29,106.80999755859375,107.62000274658203,103.80000305175781,104.19999694824219,1157900
2021-02-01,104.86000061035156,107.37999725341797,104.80999755859375,106.88999938964844,1399300
2021-02-02,108.0999984741211,110.0,105.54000091552734,105.62000274658203,1241100
2021-02-03,105.18000030517578,106.08000183105469,103.4000015258789,105.52999877929688,1339900
2021-02-04,106.13999938964844,112.87999725341797,106.13999938964844,111.91999816894531,1976300
2021-02-05,112.19999694824219,112.33000183105469,108.08000183105469,109.69000244140625,1832500
2021-02-08,109.69999694824219,110.41999816894531,107.69999694824219,108.48999786376953,1105200
2021-02-09,108.12999725341797,108.83999633789062,106.25,107.43000030517578,926200
2021-02-10,108.25,108.25,106.04000091552734,106.2699966430664,1370400
2021-02-11,106.62999725341797,106.72000122070312,104.22000122070312,104.52999877929688,1030100
2021-02-12,103.75,105.44999694824219,103.61000061035156,105.18000030517578,897500
2021-02-16,105.62000274658203,105.62000274658203,103.08000183105469,103.37000274658203,808000
2021-02-17,102.70999908447266,105.69999694824219,102.68000030517578,105.30999755859375,849700
2021-02-18,104.72000122070312,105.7300033569336,104.30999755859375,105.26000213623047,728300
2021-02-19,105.61000061035156,106.31999969482422,105.0,105.87000274658203,890200
2021-02-22,105.27999877929688,106.62000274658203,104.05000305175781,106.12000274658203,731900
2021-02-23,106.76000213623047,108.0,104.5,106.47000122070312,887900
2021-02-24,106.12999725341797,107.3499984741211,104.69999694824219,105.19999694824219,1003200
2021-02-25,105.86000061035156,106.81999969482422,102.54000091552734,102.8499984741211,1037800
2021-02-26,102.95999908447266,103.4000015258789,100.70999908447266,101.22000122070312,1333100
2021-03-01,101.91999816894531,103.86000061035156,101.91999816894531,103.16999816894531,1158400
2021-03-02,103.22000122070312,104.36000061035156,102.62999725341797,104.25,742800
2021-03-03,104.12999725341797,104.94000244140625,103.31999969482422,103.33999633789062,784600
2021-03-04,102.69999694824219,104.8499984741211,101.8499984741211,102.98999786376953,828900
2021-03-05,103.7300033569336,105.44999694824219,101.83999633789062,104.83000183105469,1145700
2021-03-08,105.58999633789062,109.16000366210938,105.56999969482422,107.51000213623047,1149900
2021-03-09,107.79000091552734,111.13999938964844,107.72000122070312,110.12999725341797,1599100
2021-03-10,110.0,113.56999969482422,109.72000122070312,111.83000183105469,1880200
2021-03-11,110.68000030517578,111.43000030517578,108.5199966430664,109.86000061035156,1314200
2021-03-12,110.7699966430664,113.38999938964844,110.0,112.91999816894531,1067900
2021-03-15,113.13999938964844,114.08000183105469,112.08999633789062,113.86000061035156,659300
2021-03-16,113.62000274658203,113.7300033569336,111.81999969482422,112.86000061035156,939500
2021-03-17,113.5,114.62999725341797,112.69999694824219,114.0,796200
2021-03-18,113.70999908447266,116.69999694824219,113.27999877929688,115.62999725341797,891500
2021-03-19,115.3499984741211,117.12000274658203,115.02999877929688,115.91999816894531,2448100
2021-03-22,115.87000274658203,116.41999816894531,114.19000244140625,116.3499984741211,697500
2021-03-23,116.0,116.33000183105469,113.18000030517578,113.7699966430664,836600
2021-03-24,113.66000366210938,116.8499984741211,113.43000030517578,115.37000274658203,1358300
2021-03-25,115.37999725341797,117.63999938964844,114.11000061035156,117.33999633789062,608800
2021-03-26,118.0,118.8499984741211,117.23999786376953,118.7300033569336,705900
2021-03-29,118.1500015258789,119.80999755859375,117.77999877929688,119.05000305175781,629500
2021-03-30,119.05999755859375,120.54000091552734,118.6500015258789,119.05999755859375,839400
2021-03-31,118.69999694824219,119.51000213623047,117.86000061035156,118.06999969482422,1348700
2021-04-01,117.94000244140625,118.0,114.72000122070312,116.88999938964844,1142200
2021-04-05,117.26000213623047,118.08999633789062,115.1500015258789,117.01000213623047,997300
2021-04-06,117.01000213623047,117.93000030517578,115.7699966430664,115.98999786376953,795800
2021-04-07,116.44000244140625,117.13999938964844,115.43000030517578,116.4800033569336,765800
2021-04-08,116.26000213623047,116.51000213623047,114.80000305175781,115.44999694824219,595600
2021-04-09,115.91999816894531,116.94000244140625,115.58000183105469,116.80999755859375,704400
2021-04-12,116.55999755859375,118.51000213623047,116.4000015258789,117.54000091552734,1030200
2021-04-13,116.88999938964844,117.2699966430664,116.26000213623047,117.12000274658203,1213100
2021-04-14,116.94000244140625,118.37999725341797,116.81999969482422,118.0,1051000
2021-04-15,118.44000244140625,119.54000091552734,118.02999877929688,119.04000091552734,1197700
2021-04-16,119.5,119.91000366210938,118.66999816894531,119.69000244140625,1217700
2021-04-19,120.0,120.80000305175781,118.91999816894531,119.5,1092600
2021-04-20,119.30000305175781,120.94000244140625,119.06999969482422,120.5,677600
2021-04-21,121.0,121.66000366210938,120.31999969482422,121.16000366210938,519400
2021-04-22,121.4800033569336,121.4800033569336,119.8499984741211,120.88999938964844,759100
2021-04-23,120.86000061035156,121.81999969482422,120.2300033569336,121.6500015258789,545700
2021-04-26,121.77999877929688,121.77999877929688,119.51000213623047,119.7300033569336,482700
2021-04-27,119.30000305175781,119.7699966430664,117.77999877929688,118.80000305175781,1217200
2021-04-28,119.12000274658203,119.69000244140625,118.13999938964844,119.33000183105469,996900
2021-04-29,120.41999816894531,121.38999938964844,119.20999908447266,121.25,807300
2021-04-30,121.05999755859375,122.08999633789062,120.4800033569336,120.80000305175781,967000
2021-05-03,121.5199966430664,124.27999877929688,121.51000213623047,123.79000091552734,1302500
2021-05-04,123.94999694824219,125.86000061035156,122.98999786376953,125.8499984741211,1279900
2021-05-05,120.61000061035156,121.55000305175781,115.91000366210938,118.81999969482422,4029400
2021-05-06,117.4000015258789,118.18000030517578,114.06999969482422,117.62999725341797,1650700
2021-05-07,118.1500015258789,121.37000274658203,117.26000213623047,120.86000061035156,1257000
2021-05-10,120.5199966430664,124.8499984741211,120.43000030517578,123.25,978300
2021-05-11,122.87000274658203,123.33000183105469,119.51000213623047,120.0999984741211,1032700
2021-05-12,120.04000091552734,120.66000366210938,119.08999633789062,120.08999633789062,1017200
2021-05-13,120.23999786376953,120.87999725341797,119.13999938964844,119.45999908447266,1098500
2021-05-14,119.36000061035156,119.36000061035156,116.41000366210938,116.5199966430664,2472300
2021-05-17,116.30999755859375,118.81999969482422,113.87000274658203,118.11000061035156,1144000
2021-05-18,117.41000366210938,118.23999786376953,115.27999877929688,116.94999694824219,1274800
2021-05-19,116.70999908447266,118.93000030517578,115.36000061035156,118.73999786376953,1363500
2021-05-20,118.51000213623047,120.63999938964844,118.26000213623047,120.04000091552734,1061800
2021-05-21,120.69999694824219,122.30999755859375,120.05000305175781,120.06999969482422,806100
2021-05-24,120.4800033569336,120.80999755859375,118.37999725341797,118.5199966430664,669800
2021-05-25,118.12000274658203,118.55000305175781,114.5999984741211,114.98999786376953,1519500
2021-05-26,114.94000244140625,115.51000213623047,112.68000030517578,114.68000030517578,1425600
2021-05-27,115.4000015258789,115.44000244140625,113.79000091552734,115.01000213623047,2019400
2021-05-28,115.73999786376953,116.0,114.30000305175781,114.73999786376953,921300
2021-06-01,114.54000091552734,114.68000030517578,113.47000122070312,114.31999969482422,799100
2021-06-02,115.25,115.86000061035156,114.13999938964844,115.12000274658203,988500
2021-06-03,115.11000061035156,117.25,114.95999908447266,116.80000305175781,1047800
2021-06-04,116.9000015258789,117.20999908447266,115.94999694824219,116.91999816894531,694600
2021-06-07,117.38999938964844,119.1500015258789,116.66999816894531,118.26000213623047,780900
2021-06-08,118.88999938964844,118.94000244140625,116.5,117.9000015258789,656600
2021-06-09,118.12000274658203,118.91000366210938,117.30000305175781,117.4000015258789,664100
2021-06-10,117.98999786376953,121.12000274658203,117.58000183105469,120.94000244140625,841600
2021-06-11,120.70999908447266,121.31999969482422,119.0199966430664,119.83999633789062,596900
2021-06-14,119.83000183105469,119.83000183105469,117.75,118.7300033569336,635500
2021-06-15,119.11000061035156,119.27999877929688,118.30000305175781,119.02999877929688,474600
2021-06-16,119.29000091552734,119.44999694824219,117.79000091552734,118.36000061035156,566200
2021-06-17,118.52999877929688,118.7300033569336,116.91999816894531,118.11000061035156,597800
2021-06-18,117.2300033569336,117.2300033569336,114.30999755859375,114.41999816894531,1189400
2021-06-21,114.69999694824219,116.73999786376953,114.37999725341797,116.62000274658203,800200
2021-06-22,116.19000244140625,117.33999633789062,115.95999908447266,116.69000244140625,873600
2021-06-23,116.47000122070312,116.66999816894531,115.48999786376953,115.80999755859375,639500
2021-06-24,116.45999908447266,116.45999908447266,115.02999877929688,115.4800033569336,826800
2021-06-25,115.4800033569336,116.77999877929688,114.9800033569336,116.33999633789062,2753400
2021-06-28,116.2699966430664,116.2699966430664,114.26000213623047,114.73999786376953,909700
2021-06-29,115.12000274658203,115.83999633789062,114.36000061035156,114.44000244140625,894600
2021-06-30,114.62000274658203,115.0999984741211,113.62000274658203,114.48999786376953,782500
2021-07-01,114.9000015258789,117.02999877929688,114.9000015258789,116.44000244140625,1184700
2021-07-02,116.18000030517578,116.91999816894531,115.05000305175781,116.62000274658203,776100
2021-07-06,116.04000091552734,116.12999725341797,112.66000366210938,115.41999816894531,956900
2021-07-07,114.94999694824219,116.12000274658203,114.62000274658203,115.04000091552734,812900
2021-07-08,114.16000366210938,114.83999633789062,113.26000213623047,114.44000244140625,639600
2021-07-09,115.29000091552734,115.81999969482422,114.73999786376953,115.12999725341797,577300
2021-07-12,114.69999694824219,116.25,114.26000213623047,115.55000305175781,644500
2021-07-13,115.29000091552734,115.81999969482422,114.13999938964844,114.20999908447266,846700
2021-07-14,114.0199966430664,114.33000183105469,113.27999877929688,113.55999755859375,595700
2021-07-15,112.79000091552734,114.02999877929688,112.79000091552734,113.16000366210938,757100
2021-07-16,113.37999725341797,113.7699966430664,112.5999984741211,112.87999725341797,416700
2021-07-19,112.08999633789062,113.30999755859375,111.33999633789062,112.5999984741211,823700
2021-07-20,118.5,119.80000305175781,116.3499984741211,116.48999786376953,2124400
2021-07-21,116.80999755859375,118.41999816894531,116.69000244140625,118.22000122070312,1620500
2021-07-22,118.22000122070312,120.05000305175781,117.61000061035156,119.83999633789062,959100
2021-07-23,120.05000305175781,122.55999755859375,119.91000366210938,121.30999755859375,956700
2021-07-26,121.4800033569336,122.48999786376953,120.30999755859375,120.79000091552734,624800
2021-07-27,120.41999816894531,121.76000213623047,119.7300033569336,121.41000366210938,552100
2021-07-28,121.4000015258789,121.66000366210938,120.33000183105469,121.33999633789062,553700
2021-07-29,122.0,122.9800033569336,121.08999633789062,122.70999908447266,590300
2021-07-30,122.80999755859375,123.23999786376953,122.01000213623047,122.16999816894531,780800
2021-08-02,122.27999877929688,123.30999755859375,121.2300033569336,122.7300033569336,816300
2021-08-03,122.83999633789062,124.33000183105469,122.41999816894531,123.70999908447266,875200
2021-08-04,123.76000213623047,128.8699951171875,123.58000183105469,125.55000305175781,1708400
2021-08-05,125.69999694824219,126.08999633789062,119.5,121.88999938964844,1988900
2021-08-06,121.94999694824219,122.05000305175781,119.62999725341797,120.63999938964844,1116600
2021-08-09,120.63999938964844,121.88999938964844,119.19999694824219,120.2300033569336,627200
2021-08-10,119.87000274658203,120.0199966430664,117.31999969482422,118.97000122070312,989700
2021-08-11,119.41000366210938,120.02999877929688,118.08000183105469,119.23999786376953,955500
2021-08-12,119.55000305175781,120.5199966430664,118.2300033569336,120.04000091552734,790000
2021-08-13,119.75,120.22000122070312,118.27999877929688,119.56999969482422,854900
2021-08-16,119.69999694824219,120.91999816894531,119.25,120.06999969482422,573600
2021-08-17,119.98999786376953,121.18000030517578,119.41999816894531,120.94000244140625,779700
2021-08-18,120.93000030517578,121.06999969482422,118.55000305175781,118.58000183105469,550100
2021-08-19,117.94000244140625,120.6500015258789,117.76000213623047,119.26000213623047,712900
2021-08-20,118.97000122070312,119.95999908447266,118.62999725341797,119.54000091552734,458300
2021-08-23,120.16000366210938,120.23999786376953,118.98999786376953,119.68000030517578,445900
2021-08-24,119.5,119.5,117.8499984741211,118.0,878600
2021-08-25,117.83000183105469,118.86000061035156,116.5199966430664,118.08999633789062,898600
2021-08-26,118.05999755859375,118.06999969482422,115.80999755859375,116.80999755859375,856500
2021-08-27,117.69000244140625,120.29000091552734,117.19000244140625,119.88999938964844,819900
2021-08-30,119.56999969482422,120.48999786376953,119.3499984741211,119.5199966430664,383000
2021-08-31,119.30000305175781,122.8499984741211,119.30000305175781,122.20999908447266,818100
2021-09-01,122.1500015258789,122.81999969482422,119.83999633789062,122.68000030517578,681900
2021-09-02,122.9800033569336,125.0,122.9800033569336,124.9800033569336,668000
2021-09-03,125.01000213623047,125.55999755859375,124.91000366210938,125.13999938964844,549600
2021-09-07,125.13999938964844,125.44999694824219,123.25,124.20999908447266,510100
2021-09-08,124.18000030517578,125.2699966430664,123.5199966430664,124.30999755859375,422200
2021-09-09,123.91000366210938,124.98999786376953,123.55999755859375,123.5999984741211,489900
2021-09-10,123.5,123.98999786376953,121.88999938964844,122.80999755859375,687900
2021-09-13,123.30999755859375,123.80999755859375,122.58000183105469,123.63999938964844,626500
2021-09-14,124.0,124.47000122070312,122.70999908447266,123.08999633789062,470900
2021-09-15,122.66000366210938,125.87999725341797,121.9000015258789,125.80000305175781,699300
2021-09-16,126.25,126.97000122070312,124.19999694824219,124.2300033569336,682100
2021-09-17,123.77999877929688,124.93000030517578,122.9800033569336,123.47000122070312,1696500
2021-09-20,122.73999786376953,123.08999633789062,120.51000213623047,121.97000122070312,871000
2021-09-21,122.72000122070312,123.56999969482422,120.98999786376953,121.5,800600
2021-09-22,122.16000366210938,123.33000183105469,121.7300033569336,122.08999633789062,830800
2021-09-23,122.44999694824219,123.6500015258789,122.0999984741211,122.55000305175781,801300
2021-09-24,122.62999725341797,123.04000091552734,121.93000030517578,122.30000305175781,416200
2021-09-27,122.12000274658203,123.33000183105469,122.08000183105469,122.62999725341797,614100
2021-09-28,122.88999938964844,122.95999908447266,121.1500015258789,121.29000091552734,834700
2021-09-29,121.4000015258789,123.06999969482422,121.4000015258789,122.5,725500
2021-09-30,123.2300033569336,123.83999633789062,119.44000244140625,119.44999694824219,1038800
2021-10-01,119.86000061035156,120.87000274658203,118.58999633789062,119.80999755859375,1011900
2021-10-04,120.0,121.4800033569336,117.48999786376953,118.33000183105469,926000
2021-10-05,118.4800033569336,120.19999694824219,117.77999877929688,118.61000061035156,730000
2021-10-06,117.79000091552734,118.48999786376953,114.73999786376953,116.9000015258789,919900
2021-10-07,117.25,119.3499984741211,117.02999877929688,118.56999969482422,679900
2021-10-08,118.52999877929688,119.87999725341797,118.13999938964844,119.37000274658203,665100
2021-10-11,119.72000122070312,123.75,119.52999877929688,122.4000015258789,1414500
2021-10-12,121.83999633789062,122.04000091552734,118.69000244140625,119.7300033569336,1062100
2021-10-13,119.0199966430664,119.16999816894531,115.95999908447266,118.83999633789062,1011000
2021-10-14,119.66999816894531,120.70999908447266,118.52999877929688,120.11000061035156,711100
2021-10-15,120.62999725341797,121.66999816894531,119.80999755859375,119.86000061035156,986000
2021-10-18,119.0999984741211,119.93000030517578,117.80000305175781,118.37999725341797,587700
2021-10-19,119.0999984741211,120.37999725341797,118.73999786376953,119.83999633789062,505300
2021-10-20,119.7300033569336,123.27999877929688,119.7300033569336,122.25,623300
2021-10-21,122.69000244140625,123.12000274658203,121.94999694824219,122.70999908447266,449300
2021-10-22,122.94000244140625,123.66999816894531,122.69999694824219,123.31999969482422,364100
2021-10-25,123.3499984741211,123.95999908447266,122.41000366210938,122.5999984741211,407000
2021-10-26,123.04000091552734,123.68000030517578,122.0,122.95999908447266,374200
2021-10-27,122.55999755859375,122.55999755859375,119.54000091552734,119.55000305175781,582500
2021-10-28,119.98999786376953,121.05000305175781,119.68000030517578,120.69999694824219,515900
2021-10-29,120.05000305175781,122.18000030517578,119.62000274658203,122.0199966430664,633400
2021-11-01,122.41999816894531,123.75,122.19999694824219,122.80999755859375,691600
2021-11-02,124.48999786376953,126.4800033569336,122.73999786376953,125.19999694824219,1210600
2021-11-03,124.81999969482422,128.6199951171875,124.58000183105469,128.2899932861328,1138000
2021-11-04,126.0,128.08999633789062,123.19999694824219,126.77999877929688,974200
2021-11-05,126.54000091552734,129.5399932861328,126.16999816894531,127.56999969482422,762800
2021-11-08,127.37999725341797,128.0,125.76000213623047,125.9800033569336,974200
2021-11-09,125.62999725341797,126.37999725341797,124.52999877929688,124.66999816894531,940300
2021-11-10,125.02999877929688,126.13999938964844,124.93000030517578,125.68000030517578,601900
2021-11-11,125.0999984741211,125.88999938964844,123.87000274658203,125.69000244140625,529700
2021-11-12,126.2300033569336,127.13999938964844,124.80999755859375,125.33999633789062,737300
2021-11-15,125.33999633789062,125.68000030517578,124.0199966430664,124.41999816894531,663500
2021-11-16,124.3499984741211,125.33000183105469,123.80999755859375,123.86000061035156,849700
2021-11-17,123.80999755859375,125.08999633789062,123.06999969482422,124.66999816894531,1298100
2021-11-18,125.02999877929688,125.02999877929688,123.7300033569336,124.48999786376953,592700
2021-11-19,125.48999786376953,126.1500015258789,120.38999938964844,120.5199966430664,1533800
2021-11-22,120.33999633789062,122.58999633789062,119.79000091552734,121.12000274658203,1033000
2021-11-23,121.2699966430664,124.23999786376953,120.98999786376953,123.66000366210938,1288800
2021-11-24,123.2300033569336,124.95999908447266,122.79000091552734,123.44000244140625,577000
2021-11-26,121.91999816894531,123.63999938964844,119.93000030517578,120.2300033569336,613700
2021-11-29,120.75,121.62999725341797,119.63999938964844,120.2300033569336,896300
2021-11-30,119.6500015258789,120.0199966430664,115.41000366210938,115.75,3201300
2021-12-01,116.41999816894531,117.13999938964844,114.02999877929688,114.08000183105469,1198300
2021-12-02,114.51000213623047,116.52999877929688,113.68000030517578,115.80000305175781,1349000
2021-12-03,116.87999725341797,118.80999755859375,115.79000091552734,116.76000213623047,1251200
2021-12-06,118.44999694824219,120.58000183105469,117.7699966430664,118.9000015258789,1116200
2021-12-07,119.33999633789062,120.63999938964844,118.45999908447266,119.5199966430664,846700
2021-12-08,120.41000366210938,121.48999786376953,119.44000244140625,120.8499984741211,868000
2021-12-09,120.31999969482422,122.36000061035156,119.83999633789062,121.69000244140625,1025200
2021-12-10,122.30000305175781,123.5,121.75,123.12999725341797,1229100
2021-12-13,123.12999725341797,123.51000213623047,121.0,122.5199966430664,541700
2021-12-14,122.2300033569336,125.1500015258789,122.2300033569336,123.30000305175781,999300
2021-12-15,123.16999816894531,124.05000305175781,122.47000122070312,123.7699966430664,776700
2021-12-16,124.33000183105469,125.98999786376953,123.5199966430664,123.9800033569336,840300
2021-12-17,124.66000366210938,126.36000061035156,123.61000061035156,125.18000030517578,1434700
2021-12-20,124.70999908447266,126.29000091552734,123.20999908447266,126.01000213623047,766200
2021-12-21,126.83999633789062,129.5,126.75,127.61000061035156,1325000
2021-12-22,127.3499984741211,128.66000366210938,126.61000061035156,127.80999755859375,602700
2021-12-23,128.3000030517578,129.9199981689453,127.75,129.52999877929688,717800
2021-12-27,129.9199981689453,132.14999389648438,129.60000610351562,131.89999389648438,497700
2021-12-28,131.75999450683594,132.85000610351562,131.5,132.36000061035156,602200
2021-12-29,132.36000061035156,133.6699981689453,132.19000244140625,133.33999633789062,787700
2021-12-30,134.0,135.25999450683594,133.35000610351562,133.77000427246094,540100
2021-12-31,133.8300018310547,134.1699981689453,132.83999633789062,132.88999938964844,581000
2022-01-03,132.5800018310547,132.9199981689453,130.8699951171875,132.6199951171875,977800
2022-01-04,132.77999877929688,133.27999877929688,130.5399932861328,131.36000061035156,1111400
2022-01-05,131.69000244140625,135.10000610351562,131.69000244140625,132.5,913700
2022-01-06,132.6699981689453,133.0,130.16000366210938,130.4499969482422,668300
2022-01-07,131.11000061035156,133.47999572753906,128.89999389648438,133.1199951171875,1106600
2022-01-10,131.3000030517578,134.77000427246094,130.0500030517578,134.63999938964844,1197300
2022-01-11,135.0,136.9499969482422,134.8000030517578,136.4499969482422,1572800
2022-01-12,135.83999633789062,135.8699951171875,133.8300018310547,135.7100067138672,937300
2022-01-13,135.5,136.25999450683594,134.57000732421875,134.88999938964844,883600
2022-01-14,134.75,136.30999755859375,133.3300018310547,136.1999969482422,926900
2022-01-18,135.92999267578125,135.9499969482422,132.8000030517578,133.80999755859375,888400
2022-01-19,133.8000030517578,135.22999572753906,132.1199951171875,132.38999938964844,894000
2022-01-20,132.4600067138672,134.97999572753906,132.3699951171875,132.8800048828125,635700
2022-01-21,133.6199951171875,134.11000061035156,131.0,131.52000427246094,715900
2022-01-24,130.0800018310547,132.0,127.94000244140625,131.5500030517578,1353900
2022-01-25,130.60000610351562,131.75,127.9800033569336,131.05999755859375,699900
2022-01-26,130.75,132.30999755859375,129.10000610351562,130.5500030517578,813700
2022-01-27,131.02999877929688,135.10000610351562,131.02999877929688,134.69000244140625,1266200
2022-01-28,134.5500030517578,136.8800048828125,132.75,136.8000030517578,858900
2022-01-31,135.85000610351562,136.6300048828125,134.47999572753906,136.1999969482422,1102900
2022-02-01,135.94000244140625,137.69000244140625,135.35000610351562,137.66000366210938,1853800
2022-02-02,134.3300018310547,137.99000549316406,132.0,136.0800018310547,1849900
2022-02-03,137.08999633789062,139.32000732421875,135.25,137.8800048828125,1114400
2022-02-04,136.22000122070312,137.7899932861328,134.6300048828125,136.61000061035156,1357600
2022-02-07,137.02000427246094,140.24000549316406,135.38999938964844,139.41000366210938,1737700
2022-02-08,139.57000732421875,142.97999572753906,138.9199981689453,142.24000549316406,2163100
2022-02-09,142.47999572753906,143.55999755859375,141.02999877929688,142.9199981689453,1506100
2022-02-10,142.07000732421875,143.61000061035156,140.8800048828125,141.5399932861328,1359200
2022-02-11,141.67999267578125,141.97000122070312,140.1699981689453,140.24000549316406,1250100
2022-02-14,140.0,140.92999267578125,137.6999969482422,140.17999267578125,1248200
2022-02-15,141.5500030517578,144.10000610351562,140.83999633789062,141.47999572753906,1066600
2022-02-16,140.99000549316406,143.02999877929688,140.77000427246094,142.72999572753906,1433000
2022-02-17,142.10000610351562,143.3300018310547,141.38999938964844,142.11000061035156,1344000
2022-02-18,142.10000610351562,144.22000122070312,141.00999450683594,141.5,1099300
2022-02-22,141.63999938964844,142.0,139.14999389648438,140.55999755859375,985400
2022-02-23,141.22999572753906,141.72999572753906,139.22000122070312,139.47000122070312,1095200
2022-02-24,137.57000732421875,137.92999267578125,134.6999969482422,137.86000061035156,1807900
2022-02-25,139.22999572753906,142.35000610351562,139.22999572753906,141.9199981689453,1082000
2022-02-28,139.30999755859375,142.7100067138672,138.38999938964844,142.52999877929688,1241200
2022-03-01,142.44000244140625,143.3300018310547,140.33999633789062,141.97000122070312,952600
2022-03-02,142.64999389648438,144.11000061035156,142.17999267578125,143.0,1008200
2022-03-03,143.6199951171875,145.72999572753906,143.47000122070312,145.47000122070312,721100
2022-03-04,143.5,147.50999450683594,143.08999633789062,147.3000030517578,1059400
2022-03-07,146.88999938964844,148.4199981689453,144.7899932861328,144.83999633789062,1411500
2022-03-08,144.42999267578125,146.49000549316406,143.1300048828125,144.41000366210938,1282600
2022-03-09,146.4499969482422,147.1699981689453,145.0,145.8300018310547,1458300
2022-03-10,145.10000610351562,147.64999389648438,144.39999389648438,146.1699981689453,1311400
2022-03-11,146.08999633789062,147.52999877929688,144.4600067138672,144.55999755859375,1041300
2022-03-14,145.99000549316406,146.35000610351562,143.19000244140625,146.14999389648438,1033500
2022-03-15,146.97000122070312,151.5500030517578,146.52999877929688,151.38999938964844,1843000
2022-03-16,151.67999267578125,153.0500030517578,148.32000732421875,150.5,1002200
2022-03-17,150.02999877929688,152.39999389648438,149.69000244140625,152.1999969482422,1291300
2022-03-18,152.2100067138672,152.4499969482422,150.11000061035156,152.0,2036700
2022-03-21,152.60000610351562,155.75999450683594,152.4499969482422,153.17999267578125,1049300
2022-03-22,153.80999755859375,154.6699981689453,151.61000061035156,152.11000061035156,1057600
2022-03-23,152.00999450683594,152.55999755859375,150.5399932861328,151.52999877929688,1038300
2022-03-24,152.47999572753906,152.8699951171875,151.2899932861328,152.61000061035156,696800
2022-03-25,152.83999633789062,155.33999633789062,152.7100067138672,154.69000244140625,760600
2022-03-28,154.0500030517578,154.8000030517578,152.50999450683594,154.72999572753906,676500
2022-03-29,155.10000610351562,155.35000610351562,153.3800048828125,155.0399932861328,869700
2022-03-30,155.42999267578125,156.25,153.89999389648438,155.13999938964844,751700
2022-03-31,154.64999389648438,156.94000244140625,154.05999755859375,154.7100067138672,1052400
2022-04-01,154.92999267578125,157.4600067138672,154.07000732421875,156.52000427246094,822800
2022-04-04,156.00999450683594,156.00999450683594,153.8300018310547,154.75,994300
2022-04-05,154.6199951171875,157.75999450683594,154.6199951171875,155.75999450683594,707600
2022-04-06,155.4600067138672,158.8800048828125,155.4600067138672,158.13999938964844,922100
2022-04-07,158.1300048828125,163.80999755859375,157.52000427246094,162.9199981689453,1653500
2022-04-08,163.52000427246094,166.89999389648438,163.0399932861328,165.44000244140625,2019600
2022-04-11,165.6999969482422,166.4199981689453,161.97999572753906,162.64999389648438,1420700
2022-04-12,161.19000244140625,163.14999389648438,159.50999450683594,162.6199951171875,1100800
2022-04-13,162.6300048828125,164.14999389648438,161.3699951171875,162.9600067138672,1075400
2022-04-14,163.2899932861328,164.3000030517578,160.49000549316406,161.2100067138672,2988800
2022-04-18,160.33999633789062,162.72000122070312,160.33999633789062,161.89999389648438,940300
2022-04-19,162.3800048828125,163.4600067138672,161.61000061035156,162.85000610351562,905700
2022-04-20,163.64999389648438,166.47000122070312,163.64999389648438,165.72999572753906,924300
2022-04-21,165.69000244140625,167.19000244140625,164.11000061035156,165.02000427246094,928800
2022-04-22,163.5,163.57000732421875,158.8000030517578,159.0,1301500
2022-04-25,158.36000061035156,158.86000061035156,155.44000244140625,158.47000122070312,1444400
2022-04-26,157.9199981689453,161.69000244140625,157.08999633789062,157.25,1409200
2022-04-27,157.39999389648438,159.24000549316406,155.3800048828125,157.4600067138672,915300
2022-04-28,157.82000732421875,158.9199981689453,157.0399932861328,157.75,1060800
2022-04-29,156.9600067138672,157.2100067138672,150.7100067138672,151.2899932861328,2057100
2022-05-02,152.27000427246094,152.89999389648438,147.85000610351562,148.97000122070312,2102600
2022-05-03,149.38999938964844,151.75,149.1999969482422,150.75999450683594,1766300
2022-05-04,153.63999938964844,157.1699981689453,149.99000549316406,156.7899932861328,2816100
2022-05-05,154.8699951171875,156.55999755859375,153.4199981689453,155.19000244140625,1543100
2022-05-06,154.39999389648438,159.1699981689453,154.02999877929688,159.00999450683594,1880100
2022-05-09,158.25999450683594,159.5800018310547,156.61000061035156,157.32000732421875,1936800
2022-05-10,157.9499969482422,160.8699951171875,157.41000366210938,159.64999389648438,1779100
2022-05-11,159.75,164.61000061035156,159.16000366210938,161.3000030517578,1904200
2022-05-12,148.69000244140625,151.72999572753906,145.6300048828125,151.61000061035156,5495900
2022-05-13,151.8800048828125,154.0500030517578,150.16000366210938,152.88999938964844,1974500
2022-05-16,153.82000732421875,156.55999755859375,153.2899932861328,154.5500030517578,1613800
2022-05-17,155.6699981689453,157.49000549316406,152.66000366210938,156.92999267578125,1987300
2022-05-18,156.92999267578125,157.55999755859375,150.77999877929688,151.11000061035156,2040500
2022-05-19,149.42999267578125,150.42999267578125,146.8300018310547,149.3800048828125,1373700
2022-05-20,149.58999633789062,151.67999267578125,148.0800018310547,150.17999267578125,2256100
2022-05-23,151.91000366210938,153.92999267578125,150.72000122070312,152.6999969482422,975700
2022-05-24,153.0,153.7100067138672,150.08999633789062,153.0800018310547,1002000
2022-05-25,152.69000244140625,155.00999450683594,151.85000610351562,154.27000427246094,1424300
2022-05-26,157.1699981689453,158.1199951171875,155.47000122070312,155.8000030517578,1601500
2022-05-27,155.52999877929688,157.0399932861328,154.5500030517578,156.86000061035156,1650200
2022-05-31,156.0,156.3800048828125,153.72999572753906,154.7899932861328,4329600
2022-06-01,156.47000122070312,156.88999938964844,145.3699951171875,150.00999450683594,2730400
2022-06-02,149.9199981689453,150.32000732421875,145.61000061035156,148.2100067138672,1409500
2022-06-03,147.64999389648438,148.91000366210938,146.8000030517578,147.02999877929688,875500
2022-06-06,147.19000244140625,147.91000366210938,146.16000366210938,146.88999938964844,796600
2022-06-07,147.74000549316406,149.72999572753906,146.39999389648438,149.55999755859375,1039900
2022-06-08,148.83999633789062,148.83999633789062,146.1300048828125,146.4199981689453,847600
2022-06-09,145.38999938964844,146.75999450683594,143.88999938964844,143.9600067138672,938800
2022-06-10,142.5399932861328,145.94000244140625,142.22999572753906,144.4499969482422,1164200
2022-06-13,142.22999572753906,143.85000610351562,140.99000549316406,141.52000427246094,1437900
2022-06-14,141.50999450683594,142.6300048828125,140.10000610351562,141.2100067138672,1220700
2022-06-15,141.27999877929688,144.19000244140625,141.08999633789062,142.30999755859375,1309500
2022-06-16,140.80999755859375,142.0500030517578,138.8300018310547,140.9600067138672,1136100
2022-06-17,141.52999877929688,142.75999450683594,139.8699951171875,140.67999267578125,2942100
2022-06-21,140.6699981689453,144.4199981689453,140.0500030517578,143.25999450683594,1210600
2022-06-22,142.80999755859375,145.5399932861328,142.60000610351562,145.02000427246094,969900
2022-06-23,145.91000366210938,146.38999938964844,143.6300048828125,144.60000610351562,1028800
2022-06-24,145.57000732421875,149.00999450683594,143.1999969482422,148.4600067138672,4123400
2022-06-27,148.30999755859375,149.72000122070312,147.80999755859375,149.22000122070312,1138400
2022-06-28,148.89999389648438,150.0,143.14999389648438,143.19000244140625,1731800
2022-06-29,143.88999938964844,144.4499969482422,142.83999633789062,143.5800018310547,1220300
2022-06-30,142.2899932861328,143.47999572753906,140.80999755859375,141.47999572753906,1299400
2022-07-01,141.85000610351562,143.47000122070312,139.3000030517578,143.13999938964844,985400
2022-07-05,142.25,142.5800018310547,138.24000549316406,140.7100067138672,1030100
2022-07-06,140.2899932861328,141.72999572753906,139.5399932861328,139.83999633789062,1525100
2022-07-07,140.4499969482422,141.9199981689453,140.07000732421875,140.7899932861328,942100
2022-07-08,141.0,144.0500030517578,140.7100067138672,142.5500030517578,987900
2022-07-11,140.80999755859375,142.47000122070312,139.5500030517578,141.32000732421875,1086900
2022-07-12,141.1699981689453,143.80999755859375,140.60000610351562,141.3800048828125,812600
2022-07-13,140.13999938964844,141.1699981689453,139.02999877929688,139.11000061035156,836000
2022-07-14,137.05999755859375,139.9600067138672,136.33999633789062,139.52999877929688,1279000
2022-07-15,141.52999877929688,142.27999877929688,139.88999938964844,142.22000122070312,977100
2022-07-18,142.36000061035156,142.72999572753906,139.80999755859375,140.39999389648438,763700
2022-07-19,141.80999755859375,143.39999389648438,141.08999633789062,143.08999633789062,648300
2022-07-20,143.05999755859375,143.05999755859375,140.50999450683594,141.49000549316406,514200
2022-07-21,141.3800048828125,142.22999572753906,139.6199951171875,142.13999938964844,810400
2022-07-22,143.47000122070312,143.88999938964844,141.4600067138672,142.5,675300
2022-07-25,143.08999633789062,145.75999450683594,142.8800048828125,144.14999389648438,600000
2022-07-26,144.57000732421875,145.3699951171875,143.85000610351562,145.1999969482422,696500
2022-07-27,144.41000366210938,145.4600067138672,142.5399932861328,145.07000732421875,802000
2022-07-28,144.88999938964844,146.0399932861328,143.19000244140625,145.57000732421875,639200
2022-07-29,145.33999633789062,146.27000427246094,144.77000427246094,145.92999267578125,682200
2022-08-01,145.5,147.52999877929688,144.9499969482422,145.92999267578125,1077900
2022-08-02,146.30999755859375,146.7100067138672,142.47999572753906,142.80999755859375,1387200
2022-08-03,143.0399932861328,144.6300048828125,137.08999633789062,139.0,2622100
2022-08-04,141.30999755859375,146.39999389648438,139.05999755859375,139.27000427246094,1576200
2022-08-05,138.77999877929688,141.32000732421875,138.77999877929688,141.30999755859375,982500
2022-08-08,141.5500030517578,142.27999877929688,140.36000061035156,140.6199951171875,1127100
2022-08-09,141.6699981689453,145.86000061035156,141.3800048828125,144.72000122070312,1395900
2022-08-10,145.41000366210938,146.7899932861328,144.74000549316406,145.5800018310547,772200
2022-08-11,144.8000030517578,148.30999755859375,144.07000732421875,148.22000122070312,1138400
2022-08-12,148.16000366210938,150.6199951171875,147.77000427246094,150.5,880900
2022-08-15,149.69000244140625,151.47999572753906,148.25,150.82000732421875,1021900
2022-08-16,150.47000122070312,152.99000549316406,149.99000549316406,152.66000366210938,966000
2022-08-17,152.0,153.35000610351562,149.42999267578125,149.52999877929688,852700
2022-08-18,149.9199981689453,150.47000122070312,147.77000427246094,149.91000366210938,552900
2022-08-19,150.52000427246094,152.5500030517578,150.05999755859375,152.02999877929688,902000
2022-08-22,151.5,152.0,148.6699981689453,148.99000549316406,568900
2022-08-23,148.5500030517578,149.24000549316406,147.66000366210938,148.02000427246094,552800
2022-08-24,148.3800048828125,148.74000549316406,147.1300048828125,148.22999572753906,455200
2022-08-25,148.27000427246094,150.52000427246094,147.8000030517578,150.4199981689453,747100
2022-08-26,150.4600067138672,150.97000122070312,146.02999877929688,146.19000244140625,766700
2022-08-29,145.00999450683594,148.7899932861328,144.39999389648438,147.49000549316406,892600
2022-08-30,146.8800048828125,147.75999450683594,145.14999389648438,145.42999267578125,859700
2022-08-31,145.6300048828125,147.61000061035156,145.55999755859375,146.55999755859375,1079100
2022-09-01,146.55999755859375,147.7100067138672,145.36000061035156,147.61000061035156,659000
2022-09-02,148.0500030517578,150.3800048828125,147.11000061035156,147.7100067138672,698400
2022-09-06,148.0399932861328,149.02000427246094,145.5,146.02000427246094,861600
2022-09-07,145.89999389648438,148.22000122070312,144.97000122070312,147.83999633789062,662400
2022-09-08,147.52999877929688,148.77999877929688,146.89999389648438,147.5399932861328,752900
2022-09-09,147.5399932861328,148.02000427246094,146.6300048828125,147.27000427246094,854700
2022-09-12,148.05999755859375,149.50999450683594,147.14999389648438,147.7100067138672,825300
2022-09-13,146.33999633789062,146.6199951171875,140.38999938964844,140.97999572753906,1274400
2022-09-14,140.9600067138672,141.8699951171875,139.02999877929688,140.11000061035156,1072000
2022-09-15,140.89999389648438,140.92999267578125,139.3699951171875,139.80999755859375,1103900
2022-09-16,139.67999267578125,141.0800018310547,139.1199951171875,140.5500030517578,2818200
2022-09-19,139.52999877929688,140.6999969482422,139.05999755859375,140.3699951171875,1735000
2022-09-20,139.67999267578125,140.22999572753906,138.14999389648438,138.89999389648438,898000
2022-09-21,139.92999267578125,142.25999450683594,139.11000061035156,139.1199951171875,977000
2022-09-22,139.08999633789062,140.97000122070312,138.67999267578125,140.00999450683594,707800
2022-09-23,139.32000732421875,139.4600067138672,135.36000061035156,137.1999969482422,1095100
2022-09-26,136.36000061035156,137.27999877929688,135.6999969482422,136.35000610351562,1271300
2022-09-27,137.02000427246094,138.00999450683594,135.1699981689453,135.44000244140625,1058100
2022-09-28,137.11000061035156,139.1999969482422,135.8300018310547,138.41000366210938,1078000
2022-09-29,138.39999389648438,138.39999389648438,135.25999450683594,136.07000732421875,1123000
2022-09-30,136.60000610351562,137.49000549316406,135.13999938964844,135.3300018310547,1337600
2022-10-03,136.27000427246094,139.75,135.80999755859375,139.30999755859375,1016400
2022-10-04,140.02000427246094,142.85000610351562,139.57000732421875,142.72999572753906,1074400
2022-10-05,141.83999633789062,143.52000427246094,141.10000610351562,142.4499969482422,728000
2022-10-06,142.13999938964844,142.3800048828125,139.6199951171875,139.91000366210938,938800
2022-10-07,138.8000030517578,139.27000427246094,136.8699951171875,137.35000610351562,1034600
2022-10-10,137.67999267578125,139.1300048828125,137.10000610351562,137.6199951171875,1024900
2022-10-11,139.3699951171875,143.25999450683594,139.3699951171875,141.7100067138672,1582600
2022-10-12,142.74000549316406,143.2899932861328,138.83999633789062,138.94000244140625,1418700
2022-10-13,136.85000610351562,142.57000732421875,136.07000732421875,142.0500030517578,1007100
2022-10-14,143.30999755859375,143.6999969482422,139.75999450683594,140.60000610351562,731100
2022-10-17,141.4499969482422,143.47999572753906,141.4499969482422,142.3800048828125,961700
2022-10-18,144.22000122070312,145.25,143.14999389648438,143.99000549316406,836500
2022-10-19,143.89999389648438,144.83999633789062,141.82000732421875,142.99000549316406,569800
2022-10-20,143.3300018310547,143.3300018310547,141.5800018310547,142.77000427246094,877600
2022-10-21,142.47000122070312,148.38999938964844,142.47000122070312,147.72999572753906,1538300
2022-10-24,149.19000244140625,150.72999572753906,148.11000061035156,150.10000610351562,1177100
2022-10-25,149.0399932861328,152.88999938964844,148.80999755859375,152.77000427246094,1078100
2022-10-26,153.97000122070312,155.35000610351562,153.47000122070312,154.69000244140625,909800
2022-10-27,155.35000610351562,158.11000061035156,155.35000610351562,155.89999389648438,985700
2022-10-28,156.30999755859375,159.39999389648438,156.07000732421875,159.30999755859375,848200
2022-10-31,158.3800048828125,159.4499969482422,156.41000366210938,157.22000122070312,1045500
2022-11-01,157.3699951171875,157.5500030517578,154.74000549316406,156.32000732421875,1154000
2022-11-02,155.97000122070312,158.24000549316406,154.77000427246094,154.80999755859375,1196000
2022-11-03,152.99000549316406,159.52000427246094,150.85000610351562,157.83999633789062,1748600
2022-11-04,159.97000122070312,167.2899932861328,159.3000030517578,161.63999938964844,2719300
2022-11-07,161.94000244140625,163.61000061035156,160.5500030517578,162.00999450683594,1393600
2022-11-08,154.91000366210938,160.14999389648438,154.91000366210938,159.66000366210938,8144900
2022-11-09,159.66000366210938,162.38999938964844,157.80999755859375,158.19000244140625,1980700
2022-11-10,161.1999969482422,161.33999633789062,153.77999877929688,155.0,4479300
2022-11-11,155.52000427246094,155.85000610351562,147.10000610351562,153.00999450683594,2944500
2022-11-14,153.0,156.83999633789062,153.0,154.72999572753906,2006800
2022-11-15,154.82000732421875,156.27000427246094,151.6999969482422,152.77999877929688,1641300
2022-11-16,153.72000122070312,156.67999267578125,153.72000122070312,155.8000030517578,1213700
2022-11-17,155.0,158.97999572753906,154.91000366210938,158.9199981689453,1658900
2022-11-18,160.0,162.0,159.11000061035156,162.0,1579700
2022-11-21,162.0,163.1699981689453,159.82000732421875,160.3000030517578,1405200
2022-11-22,162.4199981689453,165.49000549316406,161.99000549316406,164.7100067138672,1268800
2022-11-23,164.92999267578125,166.25,164.16000366210938,165.52999877929688,916100
2022-11-25,166.5800018310547,167.9199981689453,165.9600067138672,167.6999969482422,915000
2022-11-28,167.1300048828125,168.60000610351562,166.89999389648438,167.1699981689453,1674100
2022-11-29,167.02999877929688,168.60000610351562,166.47000122070312,167.89999389648438,1680400
2022-11-30,167.17999267578125,171.24000549316406,166.8000030517578,170.69000244140625,2275800
2022-12-01,170.99000549316406,172.1699981689453,169.7899932861328,171.6300048828125,1144800
2022-12-02,171.41000366210938,174.6300048828125,171.19000244140625,173.99000549316406,1529900
2022-12-05,173.1699981689453,173.1699981689453,170.88999938964844,171.27999877929688,1336700
2022-12-06,171.36000061035156,172.0,168.5399932861328,169.32000732421875,953500
2022-12-07,170.00999450683594,171.77999877929688,169.75999450683594,170.2899932861328,1224400
2022-12-08,171.02000427246094,171.69000244140625,169.6300048828125,170.4600067138672,882200
2022-12-09,165.50999450683594,166.92999267578125,164.52000427246094,165.3300018310547,2979500
2022-12-12,165.99000549316406,167.1999969482422,165.0399932861328,167.1999969482422,1401700
2022-12-13,167.9199981689453,167.9199981689453,164.22999572753906,165.02999877929688,1735500
2022-12-14,165.47000122070312,166.39999389648438,164.25,165.27000427246094,2024500
2022-12-15,164.33999633789062,165.7899932861328,163.74000549316406,165.60000610351562,1848000
2022-12-16,165.0500030517578,167.07000732421875,164.4600067138672,166.7899932861328,2909900
2022-12-19,167.02000427246094,168.75,166.36000061035156,167.22000122070312,1476500
2022-12-20,167.5500030517578,168.61000061035156,167.0500030517578,167.3800048828125,1078800
2022-12-21,168.25,169.8300018310547,167.02999877929688,169.32000732421875,1159100
2022-12-22,169.3300018310547,171.05999755859375,168.0800018310547,169.27000427246094,962400
2022-12-23,169.2100067138672,170.44000244140625,168.83999633789062,170.00999450683594,528000
2022-12-27,170.0,170.30999755859375,168.7899932861328,169.0,740300
2022-12-28,169.55999755859375,169.92999267578125,167.1199951171875,167.36000061035156,804700
2022-12-29,168.0,168.5399932861328,165.85000610351562,166.0500030517578,1480000
2022-12-30,166.0399932861328,166.22999572753906,164.25,165.7100067138672,1209700
2023-01-03,164.74000549316406,164.99000549316406,162.83999633789062,164.2899932861328,1940900
2023-01-04,164.72000122070312,164.91000366210938,161.85000610351562,162.8699951171875,1912200
2023-01-05,162.47000122070312,163.41000366210938,161.22000122070312,163.0800018310547,1610100
2023-01-06,164.6300048828125,166.4600067138672,163.85000610351562,165.7100067138672,1216400
2023-01-09,166.2100067138672,167.72000122070312,164.94000244140625,164.97000122070312,1323500
2023-01-10,165.82000732421875,167.9499969482422,164.89999389648438,167.25999450683594,1126600
2023-01-11,167.6999969482422,168.83999633789062,164.75999450683594,165.38999938964844,1225800
2023-01-12,165.25999450683594,165.97000122070312,164.1199951171875,164.89999389648438,1041600
2023-01-13,164.32000732421875,166.00999450683594,164.16000366210938,164.27999877929688,1390700
2023-01-17,164.27999877929688,165.33999633789062,163.72999572753906,164.16000366210938,1264600
2023-01-18,164.00999450683594,164.52000427246094,162.9199981689453,162.9499969482422,1139800
2023-01-19,162.9600067138672,164.5,162.30999755859375,162.94000244140625,1358000
2023-01-20,163.8800048828125,164.32000732421875,161.27000427246094,162.2100067138672,1612900
2023-01-23,162.6999969482422,163.55999755859375,161.47999572753906,161.72000122070312,1107600
2023-01-24,161.13999938964844,162.0399932861328,157.63999938964844,161.42999267578125,1087800
2023-01-25,161.27000427246094,163.47999572753906,161.22999572753906,163.4600067138672,1110300
2023-01-26,163.72999572753906,165.1999969482422,162.8000030517578,164.91000366210938,1067300
2023-01-27,165.61000061035156,166.66000366210938,163.6699981689453,164.16000366210938,1626500
2023-01-30,164.4600067138672,166.27999877929688,164.38999938964844,165.30999755859375,1175700
2023-01-31,167.1699981689453,169.1699981689453,165.8800048828125,168.9600067138672,2114600
2023-02-01,168.14999389648438,168.5800018310547,160.1999969482422,161.0500030517578,2352100
2023-02-02,161.5,161.82000732421875,157.72000122070312,158.47000122070312,2643100
2023-02-03,159.35000610351562,159.72000122070312,155.89999389648438,156.72999572753906,1501500
2023-02-06,157.22000122070312,157.58999633789062,154.1699981689453,154.49000549316406,1560000
2023-02-07,154.22999572753906,157.2899932861328,153.00999450683594,156.7899932861328,1511600
2023-02-08,156.4600067138672,158.49000549316406,155.7899932861328,157.85000610351562,1009500
2023-02-09,157.6999969482422,158.11000061035156,154.9499969482422,155.02000427246094,1057700
2023-02-10,155.72999572753906,159.19000244140625,155.4499969482422,159.02999877929688,1313600
2023-02-13,158.88999938964844,159.9199981689453,158.14999389648438,158.61000061035156,1419500
2023-02-14,159.27999877929688,160.22000122070312,157.00999450683594,157.36000061035156,1100700
2023-02-15,156.61000061035156,159.25999450683594,156.0,158.80999755859375,1483600
2023-02-16,158.14999389648438,160.85000610351562,157.4600067138672,160.47000122070312,1609300
2023-02-17,160.6999969482422,163.58999633789062,159.9600067138672,161.49000549316406,1991200
2023-02-21,160.8000030517578,161.9199981689453,160.1699981689453,160.83999633789062,1239400
2023-02-22,160.99000549316406,161.61000061035156,159.25,160.1300048828125,945300
2023-02-23,159.85000610351562,161.30999755859375,158.49000549316406,159.5,848500
2023-02-24,159.19000244140625,159.6999969482422,155.33999633789062,158.57000732421875,1101200
2023-02-27,158.86000061035156,159.3300018310547,155.58999633789062,156.6300048828125,1010200
2023-02-28,156.0,156.6199951171875,154.75999450683594,155.55999755859375,1852900
2023-03-01,155.07000732421875,156.8699951171875,154.52000427246094,156.50999450683594,965500
2023-03-02,156.49000549316406,156.77999877929688,154.72000122070312,154.89999389648438,1360500
2023-03-03,155.5399932861328,156.42999267578125,153.64999389648438,156.14999389648438,1315900
2023-03-06,155.50999450683594,156.8800048828125,154.63999938964844,156.4600067138672,1143900
2023-03-07,156.80999755859375,157.13999938964844,153.1199951171875,153.2100067138672,1400200
2023-03-08,153.47000122070312,153.6699981689453,150.60000610351562,151.86000061035156,1544500
2023-03-09,152.5800018310547,152.7899932861328,149.14999389648438,150.0,1381600
2023-03-10,150.25999450683594,152.6699981689453,149.08999633789062,149.60000610351562,1071800
2023-03-13,148.80999755859375,151.83999633789062,148.05999755859375,148.3699951171875,1363000
2023-03-14,149.36000061035156,150.5800018310547,147.47999572753906,149.2899932861328,1005500
2023-03-15,148.08999633789062,150.0800018310547,147.47999572753906,149.61000061035156,1404200
2023-03-16,149.2899932861328,152.52999877929688,149.07000732421875,152.0500030517578,1131000
2023-03-17,151.86000061035156,152.5500030517578,150.39999389648438,152.02000427246094,2946200
2023-03-20,152.91000366210938,154.41000366210938,152.8699951171875,153.86000061035156,1031400
2023-03-21,154.67999267578125,156.5399932861328,154.5,156.0399932861328,1173100
2023-03-22,156.30999755859375,156.91000366210938,153.41000366210938,153.44000244140625,722100
2023-03-23,153.3800048828125,153.6699981689453,150.5399932861328,150.92999267578125,830600
2023-03-24,150.85000610351562,156.58999633789062,150.25,156.41000366210938,1179800
2023-03-27,157.49000549316406,158.44000244140625,156.08999633789062,156.69000244140625,814700
2023-03-28,156.72999572753906,158.5500030517578,156.72999572753906,158.0,852800
2023-03-29,158.61000061035156,159.22999572753906,157.63999938964844,158.97000122070312,638100
2023-03-30,159.5800018310547,159.72000122070312,158.0,159.33999633789062,495100
2023-03-31,160.32000732421875,161.0,158.91000366210938,160.11000061035156,1310300
2023-04-03,161.0,163.22000122070312,160.50999450683594,162.27999877929688,1024300
2023-04-04,162.10000610351562,163.1199951171875,161.02000427246094,162.97000122070312,847000
2023-04-05,163.97000122070312,167.9199981689453,163.66000366210938,167.36000061035156,1451300
2023-04-06,168.0,168.82000732421875,165.88999938964844,166.35000610351562,870200
2023-04-10,165.85000610351562,167.4600067138672,165.7899932861328,166.3800048828125,641400
2023-04-11,167.33999633789062,167.33999633789062,166.08999633789062,166.5500030517578,676500
2023-04-12,166.0,166.64999389648438,164.38999938964844,165.4199981689453,798100
2023-04-13,165.72999572753906,167.44000244140625,165.44000244140625,167.3800048828125,703600
2023-04-14,167.19000244140625,167.6999969482422,166.52999877929688,167.1300048828125,781800
2023-04-17,167.05999755859375,167.39999389648438,165.99000549316406,167.3800048828125,724200
2023-04-18,167.49000549316406,168.0,166.1999969482422,167.41000366210938,730300
2023-04-19,167.47000122070312,167.5500030517578,163.97999572753906,164.47999572753906,1086500
2023-04-20,164.36000061035156,166.07000732421875,163.97999572753906,165.9600067138672,1223700
2023-04-21,167.0,167.82000732421875,165.77999877929688,166.72999572753906,788200
2023-04-24,166.77999877929688,168.2100067138672,166.3699951171875,167.7100067138672,504200
2023-04-25,167.91000366210938,168.6300048828125,167.2100067138672,168.08999633789062,565200
2023-04-26,167.0399932861328,167.92999267578125,165.22999572753906,165.49000549316406,885700
2023-04-27,164.99000549316406,167.60000610351562,164.99000549316406,167.41000366210938,636600
2023-04-28,167.08999633789062,167.7899932861328,165.6199951171875,166.85000610351562,988700
2023-05-01,167.17999267578125,167.41000366210938,164.77999877929688,166.7899932861328,1509300
2023-05-02,168.5,171.08999633789062,166.44000244140625,169.16000366210938,1776700
2023-05-03,169.6999969482422,170.6300048828125,166.25999450683594,166.88999938964844,1390500
2023-05-04,166.8300018310547,167.89999389648438,165.7899932861328,166.58999633789062,958400
2023-05-05,167.5500030517578,169.3800048828125,165.0399932861328,167.99000549316406,1012900
2023-05-08,167.5500030517578,168.8800048828125,166.77999877929688,168.2100067138672,750800
2023-05-09,169.52000427246094,173.63999938964844,168.13999938964844,168.25,1190400
2023-05-10,168.2899932861328,169.60000610351562,167.02999877929688,169.5,822900
2023-05-11,168.9199981689453,172.14999389648438,168.9199981689453,171.44000244140625,1165600
2023-05-12,171.8300018310547,171.8699951171875,169.6699981689453,170.99000549316406,2355300
2023-05-15,170.9499969482422,173.58999633789062,170.58999633789062,173.33999633789062,1810200
2023-05-16,173.3800048828125,174.77999877929688,172.94000244140625,174.60000610351562,1374200
2023-05-17,174.97999572753906,175.35000610351562,173.25999450683594,174.7899932861328,1784200
2023-05-18,174.24000549316406,175.22000122070312,171.36000061035156,174.82000732421875,1648600
2023-05-19,175.1300048828125,176.6199951171875,173.10000610351562,173.38999938964844,1772100
2023-05-22,173.94000244140625,173.94000244140625,169.80999755859375,172.25,1651900
2023-05-23,171.7100067138672,172.2100067138672,169.66000366210938,171.25999450683594,1348700
2023-05-24,171.50999450683594,172.13999938964844,170.6699981689453,171.05999755859375,1579000
2023-05-25,170.07000732421875,170.92999267578125,168.22999572753906,170.1699981689453,1914700
2023-05-26,169.91000366210938,171.25,168.19000244140625,168.41000366210938,1018300
2023-05-30,167.42999267578125,168.4600067138672,164.74000549316406,166.00999450683594,1639900
2023-05-31,163.9600067138672,170.80999755859375,163.3699951171875,170.14999389648438,5084900
2023-06-01,170.57000732421875,173.27000427246094,170.17999267578125,172.58999633789062,1539500
2023-06-02,172.9600067138672,175.33999633789062,172.3699951171875,174.52000427246094,1865100
2023-06-05,174.89999389648438,175.64999389648438,173.69000244140625,174.69000244140625,1175200
2023-06-06,175.02999877929688,175.63999938964844,173.02000427246094,174.3699951171875,992900
2023-06-07,174.10000610351562,175.41000366210938,173.02000427246094,173.5800018310547,1054800
2023-06-08,173.8699951171875,176.67999267578125,172.27999877929688,176.4499969482422,1066000
2023-06-09,176.6199951171875,178.27000427246094,175.99000549316406,178.22000122070312,793800
2023-06-12,178.16000366210938,179.3800048828125,177.22000122070312,179.32000732421875,843600
2023-06-13,178.44000244140625,180.55999755859375,178.14999389648438,179.7899932861328,1273200
2023-06-14,179.1699981689453,180.2899932861328,177.16000366210938,179.0500030517578,1097100
2023-06-15,179.5800018310547,182.1999969482422,178.5500030517578,181.88999938964844,1154100
2023-06-16,181.1999969482422,183.44000244140625,180.52999877929688,183.00999450683594,2001100
2023-06-20,183.17999267578125,185.0399932861328,183.00999450683594,184.49000549316406,1414200
2023-06-21,185.47000122070312,186.7899932861328,185.0,185.8300018310547,1766700
2023-06-22,186.1999969482422,187.8800048828125,185.11000061035156,187.8699951171875,1690700
2023-06-23,188.19000244140625,188.75,186.85000610351562,187.6699981689453,2244500
2023-06-26,187.39999389648438,188.27999877929688,186.44000244140625,187.75999450683594,1555400
2023-06-27,185.0399932861328,189.10000610351562,183.6699981689453,188.77999877929688,1412700
2023-06-28,188.77000427246094,190.25999450683594,188.69000244140625,189.72000122070312,1062400
2023-06-29,189.47999572753906,191.75999450683594,189.16000366210938,190.52000427246094,809300
2023-06-30,191.2100067138672,193.44000244140625,190.00999450683594,192.42999267578125,1447200
2023-07-03,191.24000549316406,191.2899932861328,189.1699981689453,190.9199981689453,844300
2023-07-05,191.38999938964844,191.80999755859375,189.9499969482422,190.64999389648438,1158100
2023-07-06,190.44000244140625,192.27999877929688,190.1300048828125,192.19000244140625,1526900
2023-07-07,191.4499969482422,192.94000244140625,190.4499969482422,190.86000061035156,1803700
2023-07-10,191.4199981689453,192.89999389648438,191.0500030517578,192.8300018310547,891200
2023-07-11,192.8699951171875,193.8300018310547,192.10000610351562,193.22000122070312,671300
2023-07-12,192.0399932861328,193.3000030517578,190.4600067138672,190.8000030517578,1288300
2023-07-13,190.89999389648438,192.80999755859375,190.89999389648438,191.27999877929688,1325300
2023-07-14,191.9499969482422,192.50999450683594,191.02000427246094,191.4199981689453,776300
2023-07-17,191.61000061035156,192.4199981689453,191.08999633789062,192.13999938964844,727200
2023-07-18,192.3300018310547,193.39999389648438,192.05999755859375,192.38999938964844,925400
2023-07-19,192.41000366210938,192.7899932861328,189.11000061035156,191.94000244140625,1155700
2023-07-20,193.0800018310547,193.8300018310547,191.75999450683594,193.41000366210938,838900
2023-07-21,193.5,194.7899932861328,192.3800048828125,192.58999633789062,1284200
2023-07-24,193.0,193.5500030517578,190.92999267578125,191.4499969482422,1120600
2023-07-25,190.86000061035156,192.07000732421875,190.05999755859375,191.88999938964844,1186700
2023-07-26,190.91000366210938,191.52999877929688,186.8699951171875,187.7100067138672,1635700
2023-07-27,187.80999755859375,189.08999633789062,186.74000549316406,187.3300018310547,1409100
2023-07-28,188.02000427246094,188.02000427246094,185.8800048828125,186.55999755859375,1104800
2023-07-31,187.52999877929688,187.52999877929688,184.0399932861328,186.89999389648438,1527500
2023-08-01,187.50999450683594,189.3300018310547,186.8800048828125,189.10000610351562,1528800
2023-08-02,187.8800048828125,192.69000244140625,186.97000122070312,191.42999267578125,1891000
2023-08-03,192.5,194.3699951171875,190.7100067138672,191.36000061035156,1640900
2023-08-04,187.19000244140625,188.50999450683594,184.0,185.3300018310547,9042300
2023-08-07,186.25,187.58999633789062,185.22000122070312,186.5800018310547,4504300
2023-08-08,186.19000244140625,188.91000366210938,184.92999267578125,185.3699951171875,4106700
2023-08-09,186.0,186.85000610351562,184.85000610351562,185.7100067138672,3870500
2023-08-10,185.41000366210938,188.8300018310547,185.02000427246094,187.02999877929688,4037400
2023-08-11,187.08999633789062,187.85000610351562,186.3300018310547,187.3699951171875,3044400
2023-08-14,188.0800018310547,188.80999755859375,186.99000549316406,187.6300048828125,2726700
2023-08-15,188.07000732421875,188.39999389648438,185.3000030517578,185.44000244140625,1470600
2023-08-16,185.88999938964844,186.3800048828125,183.27999877929688,183.99000549316406,2195000
2023-08-17,183.14999389648438,184.22000122070312,179.11000061035156,180.0,2302500
2023-08-18,179.77999877929688,181.75999450683594,179.47000122070312,180.39999389648438,1174600
2023-08-21,180.66000366210938,181.3300018310547,179.75999450683594,180.97999572753906,1030400
2023-08-22,180.77000427246094,181.0500030517578,177.9199981689453,177.9600067138672,1123400
2023-08-23,178.5399932861328,178.8000030517578,177.14999389648438,177.77000427246094,1488200
2023-08-24,177.8000030517578,179.6699981689453,177.8000030517578,178.77000427246094,1314800
2023-08-25,179.08999633789062,180.00999450683594,178.6300048828125,179.47999572753906,1192700
2023-08-28,179.75,180.66000366210938,179.6699981689453,180.38999938964844,904000
2023-08-29,180.92999267578125,180.92999267578125,179.24000549316406,179.97999572753906,806100
2023-08-30,180.49000549316406,180.64999389648438,178.02999877929688,178.89999389648438,720500
2023-08-31,179.49000549316406,179.49000549316406,175.67999267578125,175.97999572753906,1682900
2023-09-01,176.52000427246094,177.0800018310547,174.22000122070312,174.9600067138672,1585900
2023-09-05,175.0,175.0,172.32000732421875,172.8699951171875,1609900
2023-09-06,172.9199981689453,175.19000244140625,171.64999389648438,174.6699981689453,1596600
2023-09-07,176.1199951171875,178.42999267578125,175.8300018310547,178.17999267578125,1694100
2023-09-08,177.6199951171875,179.5,177.1199951171875,177.6999969482422,1188500
2023-09-11,178.33999633789062,179.0,177.25999450683594,177.72999572753906,1045200
2023-09-12,176.7899932861328,179.02999877929688,172.41000366210938,178.47999572753906,1024500
2023-09-13,178.74000549316406,178.99000549316406,176.0,176.69000244140625,727600
2023-09-14,177.36000061035156,178.1999969482422,175.5,176.99000549316406,776900
2023-09-15,176.05999755859375,178.94000244140625,175.64999389648438,178.2899932861328,3892300
2023-09-18,178.52000427246094,179.10000610351562,177.0,179.02999877929688,1105100
2023-09-19,180.52000427246094,180.97999572753906,178.4499969482422,179.74000549316406,1120100
2023-09-20,180.47000122070312,184.11000061035156,179.6999969482422,182.77999877929688,1654600
2023-09-21,184.1300048828125,185.97000122070312,182.02000427246094,184.92999267578125,1810500
2023-09-22,184.17999267578125,186.94000244140625,183.88999938964844,185.9499969482422,1085500
2023-09-25,185.0,187.7899932861328,184.50999450683594,187.22000122070312,937800
2023-09-26,187.1300048828125,187.8000030517578,185.11000061035156,185.77000427246094,1013600
2023-09-27,185.75,186.25,183.32000732421875,185.16000366210938,782400
2023-09-28,185.5800018310547,185.5800018310547,182.64999389648438,182.86000061035156,1045800
2023-09-29,182.86000061035156,183.05999755859375,179.3300018310547,179.97000122070312,1259500
2023-10-02,179.97000122070312,180.8699951171875,178.2100067138672,179.0800018310547,1202700
2023-10-03,178.67999267578125,180.99000549316406,178.4600067138672,180.27000427246094,810800
2023-10-04,180.38999938964844,183.02999877929688,180.10000610351562,182.66000366210938,1025800
2023-10-05,183.61000061035156,185.8800048828125,183.07000732421875,185.0399932861328,1432500
2023-10-06,184.72999572753906,185.0500030517578,182.85000610351562,183.85000610351562,1020500
2023-10-09,183.60000610351562,186.67999267578125,182.6199951171875,186.19000244140625,891900
2023-10-10,185.0800018310547,188.97999572753906,185.0800018310547,187.97000122070312,1290400
2023-10-11,187.72999572753906,188.33999633789062,185.0399932861328,188.02999877929688,1166100
2023-10-12,188.39999389648438,188.9600067138672,187.1300048828125,187.57000732421875,1114000
2023-10-13,188.44000244140625,190.22999572753906,187.3000030517578,188.97999572753906,1039600
2023-10-16,189.47999572753906,189.75999450683594,186.75999450683594,186.86000061035156,1228000
2023-10-17,186.69000244140625,188.8000030517578,186.17999267578125,187.4499969482422,1046900
2023-10-18,188.58999633789062,190.0399932861328,187.6999969482422,189.5500030517578,1149700
2023-10-19,189.6199951171875,191.02000427246094,188.00999450683594,189.88999938964844,1195800
2023-10-20,190.57000732421875,190.57000732421875,188.02999877929688,188.75,1122400
2023-10-23,187.49000549316406,189.17999267578125,187.00999450683594,188.82000732421875,987200
2023-10-24,188.91000366210938,190.3800048828125,188.17999267578125,189.00999450683594,964100
2023-10-25,190.13999938964844,191.4600067138672,188.41000366210938,189.1199951171875,1099500
2023-10-26,188.3699951171875,190.47000122070312,187.88999938964844,188.60000610351562,1144100
2023-10-27,188.07000732421875,188.91000366210938,186.94000244140625,187.63999938964844,922700
2023-10-30,188.0,188.0,183.72999572753906,185.41000366210938,1276700
2023-10-31,185.86000061035156,186.14999389648438,182.75,185.14999389648438,1725800
2023-11-01,185.14999389648438,188.72999572753906,184.9499969482422,187.22999572753906,1588000
2023-11-02,186.10000610351562,194.0,184.0,192.17999267578125,2572700
2023-11-03,194.83999633789062,198.97999572753906,193.7100067138672,195.1699981689453,1568600
2023-11-06,196.14999389648438,198.92999267578125,193.8300018310547,196.8800048828125,1423000
2023-11-07,198.58999633789062,198.58999633789062,195.80999755859375,196.07000732421875,1141000
2023-11-08,196.9600067138672,198.0500030517578,196.0399932861328,196.7899932861328,893500
2023-11-09,196.75,198.22999572753906,195.2100067138672,196.82000732421875,882500
2023-11-10,195.75,198.97999572753906,195.3000030517578,197.57000732421875,2681700
2023-11-13,197.60000610351562,199.66000366210938,196.6300048828125,198.8699951171875,2986100
2023-11-14,197.6300048828125,198.4600067138672,194.0,194.3699951171875,3241100
2023-11-15,193.9600067138672,195.7899932861328,191.11000061035156,193.22000122070312,2737200
2023-11-16,194.5800018310547,197.08999633789062,194.22999572753906,196.91000366210938,1207500
2023-11-17,197.2100067138672,198.02999877929688,194.49000549316406,195.0,1261200
2023-11-20,194.55999755859375,196.36000061035156,194.55999755859375,195.94000244140625,804800
2023-11-21,197.86000061035156,199.66000366210938,197.36000061035156,198.8300018310547,1215000
2023-11-22,199.36000061035156,200.5500030517578,198.35000610351562,199.67999267578125,999100
2023-11-24,201.1699981689453,201.47999572753906,199.47999572753906,201.3000030517578,552900
2023-11-27,202.22000122070312,203.75,200.75999450683594,201.77999877929688,1139100
2023-11-28,202.0,203.3699951171875,200.7899932861328,201.3000030517578,1224200
2023-11-29,200.6999969482422,201.36000061035156,199.0,199.52000427246094,1664900
2023-11-30,199.38999938964844,203.64999389648438,199.35000610351562,203.3699951171875,6174500
2023-12-01,203.49000549316406,205.8300018310547,202.47000122070312,204.08999633789062,1254700
2023-12-04,204.3000030517578,204.94000244140625,202.67999267578125,203.75999450683594,1246800
2023-12-05,204.0800018310547,204.57000732421875,202.50999450683594,203.72999572753906,981300
2023-12-06,203.11000061035156,203.42999267578125,198.7100067138672,200.6699981689453,1550400
2023-12-07,200.77999877929688,201.38999938964844,199.44000244140625,200.2100067138672,1130800
2023-12-08,200.5,201.9199981689453,199.5500030517578,201.75,1441800
2023-12-11,202.47000122070312,203.3800048828125,201.27000427246094,202.85000610351562,804800
2023-12-12,202.14999389648438,204.97000122070312,202.10000610351562,203.9499969482422,831500
2023-12-13,203.9199981689453,205.72000122070312,202.75,203.72000122070312,1298600
2023-12-14,199.67999267578125,201.80999755859375,195.8300018310547,201.5,3627700
2023-12-15,199.13999938964844,200.6199951171875,196.6300048828125,200.3300018310547,3210000
2023-12-18,201.75999450683594,201.8000030517578,199.3699951171875,200.07000732421875,1076800
2023-12-19,200.07000732421875,202.05999755859375,199.75,201.8800048828125,1010000
2023-12-20,202.69000244140625,203.08999633789062,199.75,199.7899932861328,1141300
2023-12-21,200.58999633789062,202.67999267578125,199.82000732421875,202.27000427246094,765000
2023-12-22,202.97999572753906,203.77999877929688,202.25999450683594,203.0399932861328,642500
2023-12-26,202.6999969482422,204.60000610351562,202.42999267578125,204.08999633789062,734000
2023-12-27,203.66000366210938,204.2899932861328,203.27000427246094,204.22999572753906,799000
2023-12-28,204.99000549316406,205.44000244140625,203.22999572753906,203.49000549316406,775500
2023-12-29,204.27999877929688,205.52999877929688,203.58999633789062,205.3800048828125,1086400
2024-01-02,205.0,208.6999969482422,204.52999877929688,208.5399932861328,1248000
2024-01-03,211.2899932861328,212.8300018310547,209.36000061035156,210.3300018310547,1140400
2024-01-04,208.8300018310547,211.5,207.6300048828125,210.6699981689453,1139900
2024-01-05,211.5800018310547,212.11000061035156,210.32000732421875,211.36000061035156,1075500
2024-01-08,212.0,212.4499969482422,208.5800018310547,210.3800048828125,1138600
2024-01-09,210.57000732421875,213.67999267578125,209.32000732421875,213.6199951171875,1254600
2024-01-10,214.02000427246094,216.1699981689453,213.00999450683594,216.1300048828125,1605200
2024-01-11,217.0,219.4199981689453,216.6300048828125,218.92999267578125,1463700
2024-01-12,219.38999938964844,220.1199951171875,218.2899932861328,219.42999267578125,1309300
2024-01-16,219.7100067138672,220.74000549316406,218.02999877929688,219.0,1352400
2024-01-17,219.0,221.1300048828125,218.22999572753906,218.7100067138672,2151700
2024-01-18,218.61000061035156,221.10000610351562,216.89999389648438,220.7899932861328,1045400
2024-01-19,221.00999450683594,221.30999755859375,218.05999755859375,218.27999877929688,1401100
2024-01-22,218.27999877929688,219.8699951171875,217.9600067138672,218.16000366210938,1175100
2024-01-23,217.2100067138672,218.74000549316406,216.4600067138672,217.85000610351562,890900
2024-01-24,218.47999572753906,218.82000732421875,217.1199951171875,217.3800048828125,977100
2024-01-25,218.1199951171875,218.89999389648438,215.3000030517578,218.83999633789062,1063900
2024-01-26,219.17999267578125,219.8000030517578,217.1699981689453,217.67999267578125,972800
2024-01-29,217.9600067138672,218.4499969482422,216.80999755859375,218.44000244140625,916400
2024-01-30,219.99000549316406,220.80999755859375,217.94000244140625,220.52999877929688,1529900
2024-01-31,228.0,235.05999755859375,228.0,232.67999267578125,3511700
2024-02-01,232.64999389648438,237.02999877929688,228.61000061035156,236.9199981689453,2071900
2024-02-02,237.22999572753906,237.47000122070312,234.1699981689453,234.99000549316406,1267200
2024-02-05,237.3300018310547,237.6699981689453,233.5500030517578,234.2100067138672,1209800
2024-02-06,236.35000610351562,237.42999267578125,233.24000549316406,235.00999450683594,2251000
2024-02-07,235.9199981689453,239.3800048828125,235.63999938964844,237.6699981689453,1662200
2024-02-08,233.5,233.9499969482422,228.32000732421875,230.32000732421875,2744900
2024-02-09,230.67999267578125,231.64999389648438,228.77000427246094,230.69000244140625,1590400
2024-02-12,229.8800048828125,231.14999389648438,228.41000366210938,229.97999572753906,1282800
2024-02-13,231.91000366210938,232.0399932861328,229.38999938964844,231.19000244140625,1462700
2024-02-14,231.19000244140625,231.97000122070312,229.64999389648438,231.5800018310547,1197400
2024-02-15,232.0,234.63999938964844,231.83999633789062,233.0800018310547,1119900
2024-02-16,233.8000030517578,234.16000366210938,231.1199951171875,231.72000122070312,1076500
2024-02-20,231.72000122070312,234.4600067138672,231.24000549316406,232.36000061035156,1547600
2024-02-21,233.9199981689453,234.35000610351562,232.08999633789062,233.47000122070312,1109700
2024-02-22,233.2100067138672,236.52000427246094,232.8300018310547,234.39999389648438,1269200
2024-02-23,235.33999633789062,238.07000732421875,234.49000549316406,237.27000427246094,975200
2024-02-26,239.0399932861328,239.86000061035156,237.61000061035156,238.33999633789062,1553500
2024-02-27,237.25999450683594,237.77000427246094,234.77999877929688,236.50999450683594,1222100
2024-02-28,236.94000244140625,236.94000244140625,233.8800048828125,236.1300048828125,1065400
2024-02-29,236.0800018310547,236.61000061035156,234.72000122070312,235.60000610351562,1646200
2024-03-01,236.75999450683594,238.61000061035156,235.3300018310547,237.02999877929688,1190000
2024-03-04,237.47999572753906,240.44000244140625,235.67999267578125,235.8000030517578,1326000
2024-03-05,236.22000122070312,236.4499969482422,234.44000244140625,235.30999755859375,1422500
2024-03-06,235.5399932861328,236.5399932861328,234.5399932861328,234.67999267578125,1209000
2024-03-07,236.11000061035156,238.30999755859375,234.69000244140625,237.6300048828125,1341600
2024-03-08,237.2899932861328,238.4199981689453,236.6999969482422,237.47000122070312,877400
2024-03-11,236.63999938964844,238.1999969482422,236.57000732421875,237.67999267578125,849000
2024-03-12,237.66000366210938,238.1999969482422,236.17999267578125,237.44000244140625,666600
2024-03-13,238.49000549316406,239.0399932861328,234.22999572753906,234.77000427246094,1447400
2024-03-14,235.92999267578125,237.89999389648438,234.99000549316406,237.67999267578125,1280200
2024-03-15,235.25999450683594,238.33999633789062,234.38999938964844,238.22999572753906,2150200
2024-03-18,238.1199951171875,240.86000061035156,237.33999633789062,239.30999755859375,1122400
2024-03-19,240.2100067138672,242.60000610351562,239.25,242.35000610351562,1165700
2024-03-20,242.52000427246094,243.8300018310547,241.75999450683594,241.8699951171875,967400
2024-03-21,241.89999389648438,243.63999938964844,240.3300018310547,242.3300018310547,801300
2024-03-22,242.9199981689453,243.58999633789062,241.97999572753906,242.5,720800
2024-03-25,242.5,243.30999755859375,241.6300048828125,242.05999755859375,703300
2024-03-26,242.05999755859375,244.05999755859375,241.60000610351562,242.8000030517578,829200
2024-03-27,243.97999572753906,244.67999267578125,242.86000061035156,244.63999938964844,674300
2024-03-28,244.63999938964844,244.63999938964844,239.7899932861328,242.99000549316406,1574300
2024-04-01,242.3800048828125,243.33999633789062,240.25,243.0,635000
2024-04-02,242.5,244.52000427246094,241.6699981689453,243.08999633789062,961400
2024-04-03,243.74000549316406,246.75,242.41000366210938,245.8000030517578,1125200
2024-04-04,246.64999389648438,246.64999389648438,241.89999389648438,242.0399932861328,1026900
2024-04-05,242.72000122070312,243.82000732421875,241.8800048828125,243.22000122070312,744600
2024-04-08,242.1999969482422,242.75,240.35000610351562,240.36000061035156,813200
2024-04-09,241.22000122070312,241.22000122070312,236.80999755859375,238.57000732421875,807600
2024-04-10,238.2899932861328,240.42999267578125,237.6199951171875,237.8000030517578,712200
2024-04-11,238.44000244140625,238.44000244140625,235.27000427246094,235.63999938964844,810700
2024-04-12,235.0,236.24000549316406,233.10000610351562,234.0,822300
2024-04-15,236.35000610351562,236.82000732421875,234.1699981689453,234.2100067138672,986000
2024-04-16,237.47999572753906,239.77000427246094,236.6199951171875,238.25999450683594,1981500
2024-04-17,239.22000122070312,239.25999450683594,236.24000549316406,238.6199951171875,1028600
2024-04-18,239.39999389648438,239.39999389648438,235.38999938964844,237.3000030517578,1443300
2024-04-19,238.67999267578125,239.91000366210938,236.97999572753906,239.1300048828125,1411200
2024-04-22,236.0,239.00999450683594,234.72999572753906,236.85000610351562,2287100
2024-04-23,237.42999267578125,238.72000122070312,236.25,237.69000244140625,1430900
2024-04-24,237.58999633789062,238.7899932861328,235.83999633789062,237.9499969482422,926800
2024-04-25,239.02999877929688,241.0500030517578,238.25,239.75999450683594,831200
2024-04-26,240.0399932861328,241.36000061035156,238.10000610351562,240.8800048828125,972800
2024-04-29,240.0,240.86000061035156,238.2100067138672,239.92999267578125,912000
2024-04-30,239.77999877929688,240.25999450683594,238.0,239.0500030517578,1589300
2024-05-01,229.14999389648438,231.5500030517578,224.8000030517578,229.1999969482422,3291600
2024-05-02,228.49000549316406,228.7899932861328,224.32000732421875,224.74000549316406,2042100
2024-05-03,223.6300048828125,224.86000061035156,222.1999969482422,223.9499969482422,2222000
2024-05-06,225.42999267578125,226.08999633789062,223.19000244140625,224.0399932861328,1582700
2024-05-07,224.30999755859375,226.88999938964844,224.30999755859375,226.74000549316406,1899100
2024-05-08,227.72000122070312,228.25,223.6199951171875,224.11000061035156,2401800
2024-05-09,223.9499969482422,225.5,223.77999877929688,224.08999633789062,927600
2024-05-10,224.4199981689453,225.6699981689453,224.02000427246094,224.60000610351562,943900
2024-05-13,224.72999572753906,226.17999267578125,222.5800018310547,222.9199981689453,1060600
2024-05-14,223.17999267578125,223.7100067138672,220.67999267578125,221.94000244140625,1522200
2024-05-15,221.69000244140625,223.5399932861328,221.22999572753906,221.80999755859375,898800
2024-05-16,222.50999450683594,223.32000732421875,220.8699951171875,221.85000610351562,1045200
2024-05-17,222.74000549316406,222.8000030517578,221.02999877929688,222.1199951171875,1001900
2024-05-20,222.3800048828125,222.5399932861328,219.77999877929688,221.0,888200
2024-05-21,221.3000030517578,221.3000030517578,216.4600067138672,217.0800018310547,1420200
2024-05-22,216.85000610351562,217.82000732421875,216.1999969482422,216.75,1180000
2024-05-23,218.5,220.8300018310547,218.5,219.82000732421875,1555500
2024-05-24,219.94000244140625,220.6699981689453,217.86000061035156,218.88999938964844,1029800
2024-05-28,218.05999755859375,218.05999755859375,215.11000061035156,216.2100067138672,1400800
2024-05-29,215.8300018310547,219.25999450683594,214.77000427246094,219.05999755859375,1774000
2024-05-30,219.91000366210938,222.4499969482422,218.32000732421875,220.52999877929688,2127900
2024-05-31,220.72000122070312,226.63999938964844,220.72000122070312,226.57000732421875,3835600
2024-06-03,224.72000122070312,230.97999572753906,224.72000122070312,230.50999450683594,2028300
2024-06-04,230.13999938964844,231.25,228.11000061035156,230.6699981689453,1001000
2024-06-05,231.72999572753906,232.36000061035156,230.11000061035156,231.77000427246094,1782000
2024-06-06,231.72000122070312,236.7100067138672,230.75999450683594,236.6699981689453,2246500
2024-06-07,237.2899932861328,238.0800018310547,234.69000244140625,235.47000122070312,1064200
2024-06-10,235.27000427246094,235.27000427246094,231.7899932861328,234.57000732421875,1568000
2024-06-11,233.9499969482422,234.3699951171875,231.5,232.6199951171875,1159700
2024-06-12,232.1699981689453,232.1699981689453,227.36000061035156,230.13999938964844,1336100
2024-06-13,229.6300048828125,232.6199951171875,227.55999755859375,232.22999572753906,863700
2024-06-14,231.94000244140625,232.6699981689453,230.77999877929688,232.52999877929688,919700
2024-06-17,232.24000549316406,235.07000732421875,231.36000061035156,234.6999969482422,1011800
2024-06-18,235.75999450683594,237.80999755859375,234.57000732421875,237.1999969482422,1349700
2024-06-20,237.1699981689453,237.91000366210938,235.5399932861328,235.67999267578125,1230800
2024-06-21,236.58999633789062,238.42999267578125,234.38999938964844,236.67999267578125,5382400
2024-06-24,238.99000549316406,241.22000122070312,237.91000366210938,239.36000061035156,1059800
2024-06-25,240.39999389648438,240.42999267578125,237.9600067138672,238.3300018310547,1039200
2024-06-26,237.60000610351562,238.3000030517578,235.86000061035156,237.27999877929688,1229600
2024-06-27,229.0,232.16000366210938,223.47000122070312,227.9600067138672,4208900
2024-06-28,227.8699951171875,227.8699951171875,224.35000610351562,225.3000030517578,2859200
2024-07-01,226.41000366210938,226.97999572753906,222.35000610351562,223.52999877929688,1723100
2024-07-02,223.6999969482422,223.7899932861328,219.55999755859375,222.50999450683594,1455300
2024-07-03,223.0,223.97999572753906,220.97999572753906,222.5,648200
2024-07-05,222.39999389648438,222.72999572753906,219.19000244140625,222.67999267578125,830600
2024-07-08,222.67999267578125,224.2899932861328,222.07000732421875,223.69000244140625,767700
2024-07-09,225.50999450683594,225.50999450683594,221.72999572753906,222.3699951171875,851900
2024-07-10,222.6300048828125,223.32000732421875,221.22999572753906,222.4199981689453,706400
2024-07-11,221.72000122070312,222.49000549316406,219.5399932861328,222.0,943600
2024-07-12,222.75999450683594,224.08999633789062,221.80999755859375,222.60000610351562,791100
2024-07-15,222.47999572753906,225.52000427246094,222.02000427246094,222.1999969482422,1873900
2024-07-16,222.1199951171875,225.75,221.52000427246094,225.3800048828125,1614300
2024-07-17,225.3800048828125,226.7100067138672,224.32000732421875,225.16000366210938,709800
2024-07-18,224.5800018310547,226.9499969482422,223.42999267578125,223.7100067138672,1336000
2024-07-19,225.77999877929688,225.99000549316406,223.27999877929688,223.60000610351562,1357100
2024-07-22,224.92999267578125,226.05999755859375,223.55999755859375,224.72000122070312,936800
2024-07-23,225.2899932861328,226.08999633789062,223.67999267578125,224.25999450683594,680600
2024-07-24,225.35000610351562,226.4199981689453,222.75999450683594,225.97999572753906,847100
2024-07-25,226.22000122070312,230.24000549316406,226.16000366210938,227.11000061035156,986700
2024-07-26,227.38999938964844,228.94000244140625,226.47000122070312,227.6199951171875,1310300
2024-07-29,227.77000427246094,229.08999633789062,227.07000732421875,227.17999267578125,1434900
2024-07-30,226.6999969482422,233.07000732421875,226.08999633789062,231.02999877929688,1780400
2024-07-31,238.55999755859375,244.22999572753906,235.9199981689453,237.8800048828125,2541600
2024-08-01,240.10000610351562,245.5,238.92999267578125,244.4600067138672,2039500
2024-08-02,240.0,247.66000366210938,235.72999572753906,247.57000732421875,3292400
2024-08-05,246.50999450683594,246.92999267578125,238.17999267578125,241.25,2354000
2024-08-06,241.89999389648438,243.61000061035156,239.44000244140625,239.82000732421875,1186800
2024-08-07,239.9600067138672,243.85000610351562,239.41000366210938,241.10000610351562,1051500
2024-08-08,239.52000427246094,240.0,234.2899932861328,237.0,1747200
2024-08-09,238.1699981689453,238.22000122070312,235.4199981689453,237.77000427246094,1258800
2024-08-12,237.19000244140625,240.10000610351562,236.27000427246094,237.77000427246094,913100
2024-08-13,237.75,239.22999572753906,236.07000732421875,236.30999755859375,1043000
2024-08-14,236.75,238.86000061035156,235.0,237.75,1159000
2024-08-15,238.07000732421875,238.5500030517578,234.9499969482422,236.6699981689453,1108900
2024-08-16,236.8000030517578,238.2100067138672,235.3800048828125,238.11000061035156,1013200
2024-08-19,237.8800048828125,238.9600067138672,237.50999450683594,238.85000610351562,788200
2024-08-20,239.1300048828125,239.49000549316406,237.75,238.41000366210938,697900
2024-08-21,238.75999450683594,240.41000366210938,238.42999267578125,239.33999633789062,775100
2024-08-22,240.10000610351562,240.83999633789062,239.1999969482422,240.58999633789062,736300
2024-08-23,240.9199981689453,241.17999267578125,237.22999572753906,237.74000549316406,1170800
2024-08-26,235.52000427246094,237.0,233.32000732421875,234.44000244140625,1471200
2024-08-27,235.22000122070312,236.74000549316406,232.0399932861328,233.5,1304100
2024-08-28,233.75999450683594,236.6999969482422,233.52000427246094,236.4499969482422,878800
2024-08-29,236.4499969482422,238.38999938964844,235.39999389648438,237.60000610351562,829700
2024-08-30,237.25,239.8000030517578,236.88999938964844,239.57000732421875,1229100
2024-09-03,240.5500030517578,244.82000732421875,239.92999267578125,243.72000122070312,1408900
2024-09-04,244.3800048828125,244.60000610351562,238.0500030517578,243.39999389648438,968500
2024-09-05,237.8699951171875,238.50999450683594,231.9199981689453,236.24000549316406,2468400
2024-09-06,236.36000061035156,237.4600067138672,233.25999450683594,234.97000122070312,1831600
2024-09-09,236.67999267578125,238.3300018310547,235.2100067138672,236.52999877929688,1477100
2024-09-10,236.33999633789062,239.44000244140625,235.4600067138672,237.52999877929688,1615000
2024-09-11,236.22999572753906,237.49000549316406,233.75,236.22000122070312,1374900
2024-09-12,235.5800018310547,238.0800018310547,235.5,237.64999389648438,1133400
2024-09-13,237.64999389648438,240.8000030517578,236.8800048828125,239.8800048828125,1238500
2024-09-16,242.0,243.8800048828125,240.9499969482422,241.24000549316406,1153900
2024-09-17,241.00999450683594,242.05999755859375,233.82000732421875,234.52999877929688,2096200
2024-09-18,230.49000549316406,231.5800018310547,227.1999969482422,228.47999572753906,2404600
2024-09-19,228.4499969482422,229.50999450683594,224.7100067138672,226.55999755859375,2204100
2024-09-20,230.27000427246094,232.49000549316406,224.72000122070312,228.11000061035156,6647200
2024-09-23,228.52999877929688,230.9499969482422,227.27000427246094,228.3300018310547,1067300
2024-09-24,226.49000549316406,227.8300018310547,222.0399932861328,225.35000610351562,2454800
2024-09-25,226.64999389648438,226.64999389648438,221.17999267578125,223.42999267578125,1737600
2024-09-26,222.10000610351562,225.60000610351562,222.10000610351562,223.8800048828125,1206400
2024-09-27,223.5,225.24000549316406,223.1300048828125,224.9199981689453,1082500
2024-09-30,225.25,225.4600067138672,223.6699981689453,225.0800018310547,1333600
2024-10-01,225.1300048828125,225.5,223.19000244140625,224.22999572753906,1338900
2024-10-02,223.52000427246094,223.60000610351562,221.38999938964844,221.63999938964844,1812500
2024-10-03,221.6300048828125,222.39999389648438,220.13999938964844,220.9600067138672,1460400
2024-10-04,220.22000122070312,221.14999389648438,219.35000610351562,219.94000244140625,1638100
2024-10-07,219.2100067138672,220.5,218.64999389648438,219.5,1414600
2024-10-08,220.55999755859375,221.3300018310547,219.69000244140625,220.80999755859375,1598800
2024-10-09,221.61000061035156,222.39999389648438,220.02999877929688,221.16000366210938,1295000
2024-10-10,221.91000366210938,222.6999969482422,220.82000732421875,222.1999969482422,1352900
2024-10-11,223.0,224.7100067138672,222.27000427246094,222.55999755859375,938000
2024-10-14,222.97000122070312,226.02999877929688,221.9499969482422,224.80999755859375,1767700
2024-10-15,224.72999572753906,236.41000366210938,224.72999572753906,233.1199951171875,3260000
2024-10-16,231.52999877929688,236.88999938964844,230.8300018310547,236.57000732421875,1701000
2024-10-17,234.42999267578125,236.6999969482422,233.5800018310547,235.63999938964844,1231800
2024-10-18,236.41000366210938,238.16000366210938,234.83999633789062,237.42999267578125,1210100
2024-10-21,238.0,239.11000061035156,236.00999450683594,236.5399932861328,848300
2024-10-22,235.8000030517578,235.8000030517578,233.67999267578125,234.1699981689453,1020800
2024-10-23,233.72999572753906,234.99000549316406,233.05999755859375,234.52000427246094,755000
2024-10-24,234.24000549316406,236.9499969482422,233.63999938964844,235.16000366210938,866900
2024-10-25,234.47000122070312,235.13999938964844,233.33999633789062,234.47000122070312,1009600
2024-10-28,235.00999450683594,235.5,233.41000366210938,233.57000732421875,835400
2024-10-29,233.02000427246094,234.72999572753906,231.64999389648438,231.77000427246094,966400
2024-10-30,231.27999877929688,231.6999969482422,228.57000732421875,229.47999572753906,1205500
2024-10-31,228.85000610351562,231.60000610351562,227.9499969482422,228.0800018310547,1264000
2024-11-01,230.6699981689453,237.8699951171875,230.35000610351562,234.27000427246094,1619700
2024-11-04,235.2100067138672,236.42999267578125,233.24000549316406,233.88999938964844,1036900
2024-11-05,234.80999755859375,236.72999572753906,231.9199981689453,233.99000549316406,1721300
2024-11-06,236.8000030517578,247.38999938964844,236.8000030517578,245.3800048828125,2215400
2024-11-07,249.0399932861328,250.8000030517578,246.32000732421875,247.75999450683594,1600300
2024-11-08,249.19000244140625,251.0,246.25,248.41000366210938,1376000
2024-11-11,249.0,251.52000427246094,248.41000366210938,249.08999633789062,1246200
2024-11-12,248.5,251.55999755859375,248.0500030517578,248.7899932861328,1279300
2024-11-13,248.99000549316406,251.10000610351562,247.9600067138672,249.97000122070312,1255500
2024-11-14,248.39999389648438,249.10000610351562,243.14999389648438,243.41000366210938,1463900
2024-11-15,242.4499969482422,243.94000244140625,237.47999572753906,240.24000549316406,1844700
2024-11-18,239.6300048828125,244.2899932861328,239.25,242.8699951171875,1246500
2024-11-19,242.16000366210938,243.92999267578125,240.5,240.97999572753906,820200
2024-11-20,240.9499969482422,243.63999938964844,240.52999877929688,243.1999969482422,785100
2024-11-21,242.97000122070312,245.8300018310547,241.44000244140625,245.69000244140625,1000900
2024-11-22,246.1199951171875,247.5500030517578,244.64999389648438,245.02000427246094,952400
2024-11-25,244.3699951171875,246.3300018310547,243.77000427246094,244.22999572753906,1484700
2024-11-26,246.0500030517578,248.50999450683594,243.22999572753906,248.4499969482422,978000
2024-11-27,246.5399932861328,251.49000549316406,246.5399932861328,249.69000244140625,906600
2024-11-29,250.0800018310547,253.27000427246094,249.72000122070312,251.5500030517578,1103300
2024-12-02,251.02000427246094,251.02000427246094,248.55999755859375,249.8699951171875,950700
2024-12-03,251.74000549316406,252.39999389648438,249.8300018310547,250.0500030517578,1233600
2024-12-04,251.58999633789062,252.94000244140625,247.94000244140625,248.33999633789062,1002400
2024-12-05,247.0,249.08999633789062,243.89999389648438,244.30999755859375,1337100
2024-12-06,244.13999938964844,245.14999389648438,242.07000732421875,243.41000366210938,1199800
2024-12-09,243.2899932861328,243.4600067138672,238.30999755859375,240.50999450683594,1203100
2024-12-10,240.7899932861328,240.7899932861328,235.85000610351562,237.00999450683594,1543000
2024-12-11,236.80999755859375,237.0,229.27000427246094,231.88999938964844,1714900
2024-12-12,232.6699981689453,234.6300048828125,231.0399932861328,232.1199951171875,973000
2024-12-13,232.47999572753906,233.50999450683594,229.7100067138672,232.24000549316406,780800
2024-12-16,232.91000366210938,234.8800048828125,228.19000244140625,229.82000732421875,1630500
2024-12-17,228.47000122070312,229.44000244140625,225.77999877929688,227.63999938964844,1172400
2024-12-18,227.88999938964844,229.22999572753906,226.42999267578125,226.99000549316406,1008700
2024-12-19,225.33999633789062,227.00999450683594,224.38999938964844,226.27000427246094,1729800
2024-12-20,227.72000122070312,229.4199981689453,225.52999877929688,227.69000244140625,1953500
2024-12-23,227.27999877929688,227.99000549316406,224.75,227.63999938964844,940800
2024-12-24,226.97000122070312,228.72000122070312,226.52000427246094,227.5399932861328,394700
2024-12-26,226.72999572753906,228.41000366210938,226.41000366210938,226.58999633789062,705400
2024-12-27,225.50999450683594,227.9199981689453,225.50999450683594,226.92999267578125,909200
2024-12-30,225.1999969482422,226.02999877929688,224.1199951171875,224.7100067138672,880500
2024-12-31,224.9600067138672,227.24000549316406,223.9199981689453,224.67999267578125,821900
2025-01-02,225.8800048828125,226.77000427246094,223.9199981689453,224.74000549316406,736700
2025-01-03,225.8800048828125,232.25,225.75,229.1999969482422,1718600
2025-01-06,229.25999450683594,231.36000061035156,227.9499969482422,228.8800048828125,1005800
2025-01-07,229.36000061035156,235.11000061035156,229.36000061035156,234.24000549316406,1734800
2025-01-08,234.99000549316406,238.3699951171875,234.33999633789062,237.8300018310547,1735700
2025-01-10,237.07000732421875,239.2899932861328,235.75999450683594,236.19000244140625,1359700
2025-01-13,236.41000366210938,236.77999877929688,233.61000061035156,236.08999633789062,873100
2025-01-14,237.69000244140625,240.64999389648438,235.77000427246094,240.0500030517578,1377000
2025-01-15,241.0,241.13999938964844,236.3699951171875,237.6699981689453,1186500
2025-01-16,237.64999389648438,240.9199981689453,236.67999267578125,240.88999938964844,862800
2025-01-17,240.89999389648438,243.8300018310547,239.22999572753906,242.0500030517578,1493000
2025-01-21,243.5800018310547,245.36000061035156,242.47999572753906,245.07000732421875,1207300
2025-01-22,244.50999450683594,248.0399932861328,243.14999389648438,246.9600067138672,1800600
2025-01-23,248.5,249.08999633789062,246.02000427246094,247.94000244140625,1171800
2025-01-24,248.7100067138672,249.19000244140625,247.17999267578125,248.47999572753906,672300
2025-01-27,250.36000061035156,256.80999755859375,249.82000732421875,254.88999938964844,1507100
2025-01-28,254.8000030517578,256.6300048828125,254.5,255.10000610351562,1150600
2025-01-29,257.04998779296875,257.7900085449219,255.67999267578125,255.94000244140625,1147400
2025-01-30,256.4100036621094,261.25,256.4100036621094,258.4599914550781,1229900
2025-01-31,257.8900146484375,258.4599914550781,253.3800048828125,254.2100067138672,1917000
2025-02-03,253.67999267578125,255.94000244140625,252.9199981689453,254.42999267578125,1213300
2025-02-04,251.72000122070312,254.75,251.22999572753906,251.57000732421875,1859900
2025-02-05,254.3300018310547,262.260009765625,248.66000366210938,253.27999877929688,2786800
2025-02-06,250.38999938964844,251.3300018310547,245.97999572753906,246.1300048828125,1726000
2025-02-07,245.5800018310547,249.47000122070312,244.75,247.8800048828125,3815500
2025-02-10,248.11000061035156,248.7100067138672,245.8800048828125,246.3800048828125,1504600
2025-02-11,246.35000610351562,247.5399932861328,243.52000427246094,246.75,1076600
2025-02-12,246.75,247.69000244140625,243.02000427246094,243.58999633789062,2548500
2025-02-13,244.1699981689453,244.80999755859375,240.97000122070312,244.52999877929688,1819100
2025-02-14,244.0,246.32000732421875,242.58999633789062,242.6300048828125,1277900
2025-02-18,240.86000061035156,243.3300018310547,237.7100067138672,241.44000244140625,1285000
2025-02-19,241.55999755859375,246.49000549316406,240.10000610351562,245.4199981689453,1558600
2025-02-20,245.0,245.24000549316406,242.14999389648438,243.4600067138672,1188500
2025-02-21,241.4499969482422,243.49000549316406,240.72000122070312,241.42999267578125,1060800
2025-02-24,242.1699981689453,246.11000061035156,241.47999572753906,244.24000549316406,1068400
2025-02-25,245.00999450683594,250.75,244.97000122070312,250.52999877929688,1737300
2025-02-26,249.33999633789062,253.47000122070312,248.85000610351562,250.64999389648438,1406600
2025-02-27,251.0800018310547,252.1999969482422,248.11000061035156,249.00999450683594,1655000
2025-02-28,250.64999389648438,253.57000732421875,248.6300048828125,253.5399932861328,2163900
2025-03-03,253.5399932861328,258.07000732421875,252.9600067138672,255.3800048828125,1368100
2025-03-04,255.8000030517578,257.92999267578125,252.5500030517578,253.27999877929688,1707500
2025-03-05,252.02000427246094,255.16000366210938,250.5800018310547,251.52999877929688,1520500
2025-03-06,249.41000366210938,253.9499969482422,248.58999633789062,253.77000427246094,1476900
2025-03-07,253.30999755859375,257.989990234375,252.11000061035156,254.5800018310547,2250600
2025-03-10,254.27000427246094,262.55999755859375,254.17999267578125,261.55999755859375,2307400
2025-03-11,262.9200134277344,263.70001220703125,256.54998779296875,260.6700134277344,2532700
2025-03-12,259.45001220703125,259.9800109863281,251.94000244140625,254.0,1833900
2025-03-13,254.77999877929688,256.3699951171875,253.27999877929688,256.010009765625,1038600
2025-03-14,255.58999633789062,258.4599914550781,252.49000549316406,258.07000732421875,925100
2025-03-17,257.2699890136719,261.8399963378906,255.75999450683594,260.9599914550781,1240300
2025-03-18,260.92999267578125,265.44000244140625,260.2300109863281,264.1400146484375,1745500
2025-03-19,264.04998779296875,267.489990234375,262.7300109863281,265.80999755859375,1479200
2025-03-20,266.30999755859375,267.9200134277344,264.3299865722656,267.8399963378906,1496800
2025-03-21,268.1000061035156,271.0799865722656,266.3800048828125,267.42999267578125,6526600
2025-03-24,268.2799987792969,269.8500061035156,266.70001220703125,267.5,1056800
2025-03-25,269.510009765625,270.7799987792969,265.5899963378906,268.4800109863281,1448900
2025-03-26,269.2099914550781,271.8599853515625,267.8999938964844,271.3900146484375,1036200
2025-03-27,273.07000732421875,274.92999267578125,271.1700134277344,273.9700012207031,1015500
2025-03-28,274.79998779296875,275.57000732421875,273.3999938964844,275.2099914550781,1153800
2025-03-31,276.0,280.70001220703125,275.6000061035156,278.0899963378906,1916700
2025-04-01,279.0199890136719,280.0,275.75,277.4100036621094,1322300
2025-04-02,277.0899963378906,279.79998779296875,276.44000244140625,279.510009765625,1406600
2025-04-03,281.70001220703125,291.8299865722656,280.0299987792969,289.3599853515625,3339400
2025-04-04,291.29998779296875,296.6499938964844,276.010009765625,278.3900146484375,4404500
2025-04-07,272.42999267578125,280.3500061035156,267.3999938964844,274.55999755859375,2766400
2025-04-08,280.5299987792969,281.2699890136719,272.2200012207031,274.7300109863281,2426400
2025-04-09,271.70001220703125,282.6300048828125,269.3699951171875,273.8900146484375,4241500
2025-04-10,274.5400085449219,282.2799987792969,272.70001220703125,279.1499938964844,2280500
2025-04-11,277.8399963378906,286.510009765625,277.510009765625,284.3299865722656,1509200
2025-04-14,283.1700134277344,285.5,280.0,284.2900085449219,1215000
2025-04-15,286.3399963378906,286.3399963378906,282.2099914550781,284.5400085449219,1124600
2025-04-16,286.5299987792969,287.19000244140625,283.0,284.44000244140625,1398400
2025-04-17,283.010009765625,287.8399963378906,281.6499938964844,286.739990234375,1618800
2025-04-21,289.3299865722656,289.3299865722656,277.94000244140625,281.1600036621094,1895400
2025-04-22,281.80999755859375,286.3500061035156,280.1499938964844,286.2699890136719,2165800
2025-04-23,284.7900085449219,284.989990234375,275.1600036621094,284.7099914550781,1992200
2025-04-24,283.80999755859375,284.6499938964844,280.5,282.3900146484375,1928200
2025-04-25,283.010009765625,286.1499938964844,279.8699951171875,285.8999938964844,1815800
2025-04-28,287.0,288.19000244140625,285.1099853515625,287.75,1334100
2025-04-29,288.42999267578125,290.6700134277344,285.4200134277344,290.1700134277344,1250200
2025-04-30,291.7799987792969,293.2799987792969,288.8699951171875,292.6700134277344,1620200
2025-05-01,289.7200012207031,292.45001220703125,286.760009765625,290.42999267578125,1259300
2025-05-02,292.6300048828125,293.8999938964844,290.20001220703125,292.1199951171875,1046800
2025-05-05,293.6300048828125,294.20001220703125,291.0799865722656,291.9700012207031,1385600
2025-05-06,292.2900085449219,293.79998779296875,290.04998779296875,290.80999755859375,1364100
2025-05-07,295.55999755859375,309.3500061035156,293.4200134277344,304.5799865722656,2515200
2025-05-08,301.0,303.1300048828125,282.9800109863281,283.7699890136719,4123800
2025-05-09,285.9200134277344,289.239990234375,282.80999755859375,283.0,2786000
2025-05-12,275.9700012207031,278.69000244140625,271.0,278.3800048828125,3769300
2025-05-13,278.5,280.19000244140625,276.17999267578125,279.0,1980000
2025-05-14,280.2900085449219,283.0899963378906,278.3299865722656,279.1499938964844,1493800
2025-05-15,280.0,286.3500061035156,278.8699951171875,285.9700012207031,1507700
2025-05-16,285.760009765625,290.5400085449219,285.4800109863281,290.2200012207031,1355600
2025-05-19,291.42999267578125,294.04998779296875,290.739990234375,292.6300048828125,1553500
2025-05-20,293.5799865722656,296.95001220703125,291.3299865722656,292.92999267578125,1540200
2025-05-21,291.3299865722656,293.6099853515625,291.1300048828125,291.3599853515625,947200
2025-05-22,290.94000244140625,292.8699951171875,288.54998779296875,290.1099853515625,1057900
2025-05-23,292.32000732421875,293.4200134277344,289.2300109863281,292.3500061035156,1356400
2025-05-27,293.0,294.17999267578125,292.25,293.3900146484375,1241500
2025-05-28,291.6099853515625,293.760009765625,288.8900146484375,289.19000244140625,983300
2025-05-29,288.0,291.0799865722656,285.9800109863281,290.69000244140625,919400
2025-05-30,290.8699951171875,295.25,290.0299987792969,291.239990234375,3890000
2025-06-02,290.2900085449219,292.20001220703125,288.510009765625,292.07000732421875,1150700
2025-06-03,295.5199890136719,296.70001220703125,288.20001220703125,291.54998779296875,1368100
2025-06-04,291.30999755859375,292.3500061035156,288.739990234375,289.0199890136719,811400
2025-06-05,289.2200012207031,289.67999267578125,286.5799865722656,288.4100036621094,1190100
2025-06-06,285.8900146484375,289.75,285.239990234375,288.94000244140625,1302600
2025-06-09,286.67999267578125,287.6099853515625,282.1600036621094,283.95001220703125,1120500
2025-06-10,283.3399963378906,285.57000732421875,281.57000732421875,284.239990234375,1239400
2025-06-11,284.07000732421875,288.0799865722656,284.07000732421875,286.6400146484375,1171300
2025-06-12,288.44000244140625,295.19000244140625,287.3999938964844,295.0400085449219,1418100
2025-06-13,295.0899963378906,296.94000244140625,293.2099914550781,295.5400085449219,966900
2025-06-16,294.54998779296875,296.0799865722656,290.3800048828125,292.5,1064300
2025-06-17,292.25,295.32000732421875,292.25,293.20001220703125,971500
2025-06-18,292.69000244140625,298.1400146484375,292.69000244140625,296.75,1167500
2025-06-20,296.57000732421875,297.5,292.92999267578125,293.6600036621094,3544200
2025-06-23,295.7900085449219,297.2900085449219,290.8699951171875,293.1300048828125,1516700
2025-06-24,292.6199951171875,294.42999267578125,287.42999267578125,294.1199951171875,1190400
2025-06-25,294.5,294.94000244140625,291.489990234375,292.32000732421875,885000
2025-06-26,294.44000244140625,299.6600036621094,293.4700012207031,296.5799865722656,1661300
2025-06-27,296.010009765625,300.2799987792969,295.6400146484375,299.4200134277344,2171800
2025-06-30,300.45001220703125,301.8699951171875,297.7099914550781,299.8500061035156,1299000
2025-07-01,300.4200134277344,302.5299987792969,292.17999267578125,295.3299865722656,2064500
2025-07-02,293.75,297.6300048828125,289.0299987792969,291.1700134277344,1220200
2025-07-03,292.5199890136719,296.2300109863281,290.8800048828125,296.2300109863281,615000
2025-07-07,296.8399963378906,302.7099914550781,295.7099914550781,302.5,1597800
2025-07-08,300.6099853515625,303.17999267578125,297.8800048828125,298.0299987792969,1168900
2025-07-09,299.0899963378906,300.3699951171875,295.010009765625,300.1600036621094,762300
2025-07-10,299.95001220703125,301.2200012207031,295.0,297.32000732421875,1073400
2025-07-11,295.510009765625,296.82000732421875,293.54998779296875,295.2099914550781,970800
2025-07-14,294.6099853515625,298.4100036621094,294.6099853515625,297.05999755859375,918700
2025-07-15,296.260009765625,298.44000244140625,293.94000244140625,294.6499938964844,916400
2025-07-16,297.19000244140625,298.2099914550781,293.80999755859375,297.8299865722656,1323700
2025-07-17,295.80999755859375,297.0799865722656,291.19000244140625,294.3800048828125,803600
2025-07-18,294.1099853515625,295.4800109863281,291.8999938964844,292.8699951171875,1049500
2025-07-21,291.6600036621094,294.6300048828125,289.4700012207031,292.6700134277344,789400
2025-07-22,292.6700134277344,296.489990234375,290.9599914550781,292.9700012207031,868300
2025-07-23,293.30999755859375,293.989990234375,290.8399963378906,293.44000244140625,936300
2025-07-24,292.29998779296875,294.45001220703125,289.489990234375,290.45001220703125,902900
2025-07-25,290.8900146484375,293.1499938964844,289.3999938964844,290.3599853515625,785300
2025-07-28,290.94000244140625,290.94000244140625,284.1000061035156,286.20001220703125,997900
2025-07-29,285.489990234375,290.8800048828125,285.07000732421875,289.7699890136719,1092600
2025-07-30,288.5400085449219,292.2699890136719,288.5400085449219,291.79998779296875,649700
2025-07-31,290.8699951171875,292.0,281.8399963378906,286.0799865722656,1226600
2025-08-01,288.489990234375,290.0799865722656,285.0199890136719,288.3500061035156,1140200
2025-08-04,287.7900085449219,293.6400146484375,287.75,293.6400146484375,1000300
2025-08-05,291.32000732421875,294.8800048828125,290.989990234375,292.3500061035156,1498300
2025-08-06,282.1099853515625,287.2699890136719,273.42999267578125,283.7799987792969,2379400
2025-08-07,281.19000244140625,283.9700012207031,275.1400146484375,278.3999938964844,1732300
2025-08-08,279.0299987792969,285.989990234375,279.0299987792969,285.1300048828125,1106200
2025-08-11,286.25,292.760009765625,285.05999755859375,290.70001220703125,1839200
2025-08-12,286.55999755859375,290.260009765625,278.20001220703125,289.1499938964844,1935500
2025-08-13,291.2900085449219,293.57000732421875,289.0899963378906,291.0400085449219,1353600
2025-08-14,288.69000244140625,297.42999267578125,288.69000244140625,294.8699951171875,1248000
2025-08-15,295.9599914550781,297.6300048828125,292.79998779296875,292.82000732421875,1109000
2025-08-18,293.5299987792969,295.5799865722656,290.2200012207031,290.3500061035156,1185600
2025-08-19,289.9800109863281,295.75,288.32000732421875,294.7099914550781,913500
2025-08-20,296.55999755859375,303.8699951171875,296.0,303.69000244140625,1071700
2025-08-21,303.8699951171875,306.2799987792969,302.4200134277344,303.2300109863281,2276800
2025-08-22,304.5899963378906,305.2699890136719,291.4800109863281,292.6000061035156,1706500
2025-08-25,292.55999755859375,293.80999755859375,287.7900085449219,288.29998779296875,1281700
2025-08-26,288.6700134277344,289.8900146484375,287.2900085449219,289.70001220703125,1413700
2025-08-27,290.67999267578125,292.4700012207031,288.69000244140625,290.55999755859375,880200
2025-08-28,289.8299865722656,290.7799987792969,287.8399963378906,289.8900146484375,1058400
2025-08-29,291.0,292.0199890136719,289.29998779296875,291.6099853515625,1123300
2025-09-02,291.9700012207031,297.1600036621094,290.989990234375,294.8500061035156,1452100
2025-09-03,295.0199890136719,296.0,292.739990234375,295.1400146484375,1225300
2025-09-04,295.6000061035156,298.0899963378906,291.19000244140625,292.70001220703125,1246200
2025-09-05,290.8500061035156,293.7900085449219,290.04998779296875,292.5,1012900
2025-09-08,292.7699890136719,298.29998779296875,290.6700134277344,297.8599853515625,2794200
2025-09-09,298.5799865722656,300.25,296.2900085449219,298.6700134277344,1720400
2025-09-10,297.5,301.17999267578125,295.2200012207031,296.32000732421875,1378300
2025-09-11,297.32000732421875,303.6199951171875,295.67999267578125,302.79998779296875,1429000
2025-09-12,302.2200012207031,307.510009765625,301.989990234375,302.5199890136719,1189400
2025-09-15,301.3999938964844,303.29998779296875,291.32000732421875,291.3999938964844,2330500
2025-09-16,291.54998779296875,292.9200134277344,287.29998779296875,290.0,1792800
2025-09-17,292.1700134277344,293.0299987792969,287.6300048828125,289.0799865722656,1761600
2025-09-18,287.6099853515625,291.25,285.760009765625,290.8399963378906,1321700
2025-09-19,291.54998779296875,293.7099914550781,289.510009765625,290.0199890136719,7226400
2025-09-22,290.0199890136719,292.29998779296875,285.8299865722656,288.7900085449219,1097300
2025-09-23,290.3999938964844,302.92999267578125,290.0,302.3999938964844,1328600
2025-09-24,301.70001220703125,309.6400146484375,301.20001220703125,308.3599853515625,1549300
2025-09-25,310.0,310.0,289.80999755859375,298.82000732421875,1988200
2025-09-26,301.1700134277344,307.30999755859375,299.25,307.0,1598800
2025-09-29,306.04998779296875,309.5799865722656,305.5400085449219,308.07000732421875,1030800
2025-09-30,307.8800048828125,312.7300109863281,306.6000061035156,312.5299987792969,1473600
2025-10-01,313.2799987792969,315.2300109863281,309.9200134277344,311.7699890136719,1517600
2025-10-02,308.260009765625,311.79998779296875,304.6499938964844,308.57000732421875,919400
2025-10-03,307.8699951171875,308.5400085449219,296.0799865722656,302.760009765625,1253400
2025-10-06,299.7099914550781,305.6700134277344,299.260009765625,305.29998779296875,1117600
2025-10-07,304.1300048828125,308.7799987792969,301.3599853515625,308.7099914550781,875900
2025-10-08,308.82000732421875,310.8399963378906,305.6499938964844,310.6099853515625,676900
2025-10-09,310.5400085449219,314.260009765625,307.8699951171875,314.1199951171875,929500
2025-10-10,316.5799865722656,319.67999267578125,314.7099914550781,318.0,1455400
2025-10-13,313.5799865722656,319.8699951171875,313.5799865722656,317.0,1512800
2025-10-14,318.95001220703125,319.3900146484375,314.5,317.92999267578125,727400
2025-10-15,316.25,320.3699951171875,316.25,319.6099853515625,799700
2025-10-16,319.6499938964844,321.8699951171875,318.1000061035156,319.3999938964844,1399200
2025-10-17,319.75,325.70001220703125,319.3699951171875,324.69000244140625,1177600
2025-10-20,325.30999755859375,329.5799865722656,323.3599853515625,327.3900146484375,1051000
2025-10-21,326.70001220703125,328.8900146484375,324.3500061035156,328.82000732421875,972200
2025-10-22,329.19000244140625,331.7300109863281,326.4200134277344,330.79998779296875,908000
2025-10-23,330.29998779296875,331.94000244140625,327.5899963378906,328.55999755859375,1197400
2025-10-24,328.989990234375,334.3399963378906,327.17999267578125,332.7099914550781,911800
2025-10-27,333.42999267578125,336.07000732421875,330.92999267578125,336.04998779296875,859000
2025-10-28,335.5400085449219,337.82000732421875,332.5299987792969,335.6400146484375,1166000
2025-10-29,336.6000061035156,338.2200012207031,331.3999938964844,333.1700134277344,1472800
2025-10-30,343.20001220703125,350.4599914550781,340.1700134277344,341.2099914550781,1353600
2025-10-31,339.9200134277344,343.6000061035156,337.0199890136719,337.80999755859375,1279500
2025-11-03,338.260009765625,341.29998779296875,335.1700134277344,340.92999267578125,1774600
2025-11-04,338.260009765625,347.4100036621094,335.9100036621094,344.5299987792969,1837900
2025-11-05,353.75,361.3800048828125,341.989990234375,354.0,3702700
2025-11-06,352.260009765625,362.0,349.05999755859375,360.239990234375,1954900
2025-11-07,363.1499938964844,364.3599853515625,358.2900085449219,360.70001220703125,1302500
2025-11-10,356.82000732421875,366.0,354.4100036621094,364.6499938964844,1390500
2025-11-11,363.6400146484375,366.1700134277344,362.44000244140625,365.0799865722656,855100
2025-11-12,364.0,366.05999755859375,360.1400146484375,363.4200134277344,1812400
2025-11-13,362.8800048828125,365.6700134277344,361.0400085449219,365.45001220703125,1314900
2025-11-14,368.0799865722656,369.0,361.3900146484375,361.94000244140625,1960500
2025-11-17,362.1000061035156,365.92999267578125,361.239990234375,365.0,1542600
2025-11-18,366.6400146484375,366.8699951171875,360.5400085449219,361.6400146484375,2045800
2025-11-19,360.80999755859375,364.0199890136719,357.54998779296875,360.7300109863281,1217000
2025-11-20,360.57000732421875,363.6300048828125,359.2300109863281,362.07000732421875,975700
2025-11-21,362.20001220703125,369.3800048828125,361.010009765625,365.67999267578125,1521200
2025-11-24,365.67999267578125,372.7799987792969,362.05999755859375,372.2200012207031,2847500
2025-11-25,374.010009765625,377.5400085449219,372.6499938964844,374.75,1563900
2025-11-26,375.010009765625,376.9800109863281,368.4200134277344,368.5299987792969,1246900
2025-11-28,368.55999755859375,370.510009765625,367.30999755859375,368.92999267578125,656100
2025-12-01,368.95001220703125,369.79998779296875,359.8500061035156,360.1199951171875,1434400
2025-12-02,360.1199951171875,360.1199951171875,348.2900085449219,350.6700134277344,2377800
2025-12-03,352.1400146484375,352.1400146484375,333.3900146484375,335.30999755859375,3445700
2025-12-04,335.30999755859375,338.1000061035156,334.0,337.6300048828125,1283000
