date,open,high,low,close,volume
2010-01-04,24.218835830688477,24.632553100585938,24.218835830688477,24.382144927978516,1422205
2010-01-05,24.42569351196289,24.561786651611328,24.289602279663086,24.5508975982666,1400345
2010-01-06,24.496461868286133,24.768644332885742,24.452911376953125,24.648883819580078,927869
2010-01-07,24.561786651611328,24.567228317260742,24.213390350341797,24.31682014465332,1297841
2010-01-08,24.213390350341797,24.31682014465332,23.990201950073242,24.109962463378906,1314190
2010-01-11,24.240610122680664,24.567228317260742,24.001089096069336,24.088186264038086,1464456
2010-01-12,23.97386932373047,23.97386932373047,23.636363983154297,23.7724552154541,965160
2010-01-13,23.881328582763672,23.962982177734375,23.532934188842773,23.946651458740234,884148
2010-01-14,23.90310287475586,24.207948684692383,23.767011642456055,24.169841766357422,1035150
2010-01-15,24.071855545043945,24.131736755371094,23.516603469848633,23.767011642456055,1482092
2010-01-19,23.718019485473633,24.120849609375,23.712575912475586,24.115406036376953,1330172
2010-01-20,23.875885009765625,23.913990020751953,23.636363983154297,23.788785934448242,1658260
2010-01-21,23.75612449645996,24.077299118041992,23.440391540527344,23.55470848083496,1751947
2010-01-22,23.37506866455078,23.451278686523438,22.928688049316406,22.950462341308594,1374995
2010-01-25,23.15732192993164,23.50571632385254,23.026674270629883,23.347850799560547,2009678
2010-01-26,23.21175765991211,23.625476837158203,23.075666427612305,23.24441909790039,1505605
2010-01-27,23.24986457824707,23.380512237548828,22.86336326599121,23.33696174621582,2560043
2010-01-28,24.921066284179688,24.921066284179688,23.658138275146484,24.158954620361328,6358408
2010-01-29,24.37670135498047,24.37670135498047,23.68535614013672,23.962982177734375,3993638
2010-02-01,24.213390350341797,24.567228317260742,24.197059631347656,24.39303207397461,2299006
2010-02-02,24.833967208862305,25.204137802124023,24.333152770996094,25.149700164794922,2906134
2010-02-03,25.057157516479492,25.20958137512207,24.926511764526367,24.99183464050293,1696286
2010-02-04,24.71965217590332,24.71965217590332,23.516603469848633,23.53837776184082,4337157
2010-02-05,23.494829177856445,23.587371826171875,22.825258255004883,23.347850799560547,2763399
2010-02-08,23.385955810546875,23.500272750854492,23.053892135620117,23.06477928161621,1569717
2010-02-09,23.424060821533203,23.652694702148438,23.151878356933594,23.418617248535156,1408795
2010-02-10,23.3696231842041,23.3696231842041,22.749046325683594,23.0865535736084,1452149
2010-02-11,23.004898071289062,23.309743881225586,22.75993537902832,23.30430030822754,1675528
2010-02-12,23.03211784362793,23.434947967529297,22.896026611328125,23.407730102539062,1607742
2010-02-16,23.728906631469727,24.213390350341797,23.625476837158203,24.082744598388672,2496299
2010-02-17,24.120849609375,24.256940841674805,24.04463768005371,24.077299118041992,3945509
2010-02-18,24.006532669067383,24.251497268676758,23.91943359375,24.197059631347656,1269918
2010-02-19,24.071855545043945,24.616222381591797,24.039194107055664,24.561786651611328,1789789
2010-02-22,24.725095748901367,24.79041862487793,24.071855545043945,24.207948684692383,1940607
2010-02-23,24.169841766357422,24.278715133666992,23.750680923461914,23.7724552154541,1707308
2010-02-24,23.881328582763672,24.099075317382812,23.73979377746582,23.97931480407715,1677548
2010-02-25,23.696243286132812,24.006532669067383,23.42950439453125,23.946651458740234,1711533
2010-02-26,24.001089096069336,24.082744598388672,23.7724552154541,23.821447372436523,1404570
2010-03-01,23.952096939086914,24.469242095947266,23.952096939086914,24.452911376953125,1563287
2010-03-02,24.670658111572266,25.02449607849121,24.632553100585938,24.904735565185547,2728312
2010-03-03,24.964616775512695,25.19325065612793,24.964616775512695,25.149700164794922,1907908
2010-03-04,25.11703872680664,25.302122116088867,24.921066284179688,25.0462703704834,1956038
2010-03-05,25.236799240112305,25.819271087646484,25.198694229125977,25.764833450317383,2289821
2010-03-08,25.688623428344727,25.786609649658203,25.55797576904297,25.639629364013672,2088669
2010-03-09,25.547088623046875,25.80838394165039,25.46543312072754,25.786609649658203,2136247
2010-03-10,24.19161605834961,24.948284149169922,24.115406036376953,24.322265625,7370779
2010-03-11,23.952096939086914,24.093631744384766,23.75612449645996,23.854110717773438,18732991
2010-03-12,23.990201950073242,24.077299118041992,23.761568069458008,23.897659301757812,6330853
2010-03-15,23.892215728759766,23.924877166748047,23.200870513916016,23.679912567138672,4540513
2010-03-16,23.728906631469727,23.816003799438477,23.59281349182129,23.788785934448242,3123635
2010-03-17,23.81056022644043,23.952096939086914,23.652694702148438,23.745237350463867,2660527
2010-03-18,23.68535614013672,23.79422950744629,23.03211784362793,23.277082443237305,5611117
2010-03-19,22.710941314697266,23.380512237548828,22.44964599609375,22.710941314697266,5675779
2010-03-22,22.563962936401367,22.569406509399414,22.242786407470703,22.498638153076172,3989413
2010-03-23,22.52585792541504,22.781709671020508,22.34077262878418,22.716384887695312,2520731
2010-03-24,22.640174865722656,22.732715606689453,22.471420288085938,22.59662437438965,2345665
2010-03-25,22.689167022705078,22.808927536010742,22.182907104492188,22.21556854248047,4452704
2010-03-26,22.313554763793945,22.313554763793945,21.65487289428711,21.932498931884766,5092899
2010-03-29,22.03048324584961,22.460533142089844,21.932498931884766,22.43331527709961,2987697
2010-03-30,22.39521026611328,22.455089569091797,22.21556854248047,22.37887954711914,2496667
2010-03-31,22.335329055786133,22.536745071411133,22.19379425048828,22.318998336791992,6395883
2010-04-01,22.514970779418945,22.961349487304688,22.44964599609375,22.90691375732422,3700637
2010-04-05,22.917800903320312,23.560152053833008,22.917800903320312,23.560152053833008,3480380
2010-04-06,23.41317367553711,23.761568069458008,23.364181518554688,23.620033264160156,3596295
2010-04-07,23.527490615844727,23.701688766479492,23.37506866455078,23.63092041015625,4683064
2010-04-08,23.527490615844727,23.696243286132812,23.28252601623535,23.64725112915039,2123572
2010-04-09,24.414806365966797,24.48557472229004,23.90310287475586,24.39303207397461,4350200
2010-04-12,24.333152770996094,24.5508975982666,24.333152770996094,24.44746971130371,3753175
2010-04-13,24.403919219970703,24.529123306274414,24.180728912353516,24.322265625,3365384
2010-04-14,24.322265625,24.540010452270508,24.30048942565918,24.42569351196289,2467642
2010-04-15,24.33859634399414,24.491018295288086,24.278715133666992,24.311376571655273,2163802
2010-04-16,24.24605369567871,24.289602279663086,23.61458969116211,23.821447372436523,2561880
2010-04-19,23.674468994140625,23.783342361450195,23.41317367553711,23.77789878845215,1486684
2010-04-20,23.859554290771484,23.990201950073242,23.750680923461914,23.941207885742188,1791994
2010-04-21,23.913990020751953,23.930320739746094,23.581926345825195,23.767011642456055,1437269
2010-04-22,23.728906631469727,24.273271560668945,23.52204704284668,24.148067474365234,2679999
2010-04-23,24.093631744384766,24.861186981201172,23.97931480407715,24.82308006286621,3619809
2010-04-26,24.82308006286621,25.073488235473633,24.768644332885742,24.833967208862305,3225956
2010-04-27,24.648883819580078,24.676101684570312,23.73979377746582,23.832334518432617,2314804
2010-04-28,24.888404846191406,24.888404846191406,23.73434829711914,24.202503204345703,2841655
2010-04-29,24.420249938964844,24.48557472229004,23.55470848083496,23.837778091430664,2348972
2010-04-30,23.88677215576172,24.033750534057617,23.625476837158203,23.674468994140625,1997370
2010-05-03,23.870441436767578,24.33859634399414,23.718019485473633,24.224279403686523,2123021
2010-05-04,23.86499786376953,24.088186264038086,23.652694702148438,23.892215728759766,1904418
2010-05-05,23.473054885864258,23.64725112915039,23.004898071289062,23.037561416625977,2624338
2010-05-06,22.917800903320312,23.021230697631836,20.83832359313965,22.139358520507812,3530163
2010-05-07,22.112138748168945,22.297224044799805,21.382688522338867,21.65487289428711,2846248
2010-05-10,22.318998336791992,22.983125686645508,22.313554763793945,22.928688049316406,4084570
2010-05-11,22.694610595703125,23.478498458862305,22.689167022705078,22.934131622314453,4174766
2010-05-12,22.97223663330078,23.516603469848633,22.97223663330078,23.35873794555664,2028599
2010-05-13,23.277082443237305,23.57648277282715,23.146434783935547,23.217201232910156,1407877
2010-05-14,23.10288429260254,23.10288429260254,22.61295509338379,23.01578712463379,2839084
2010-05-17,23.130102157592773,23.22808837890625,22.166576385498047,22.422428131103516,2953712
2010-05-18,22.57485008239746,22.90691375732422,21.959716796875,22.05225944519043,3594274
2010-05-19,21.83451271057129,22.046815872192383,21.23571014404297,21.54055404663086,3565433
2010-05-20,21.01251983642578,21.01251983642578,20.495372772216797,20.52259063720703,3194727
2010-05-21,20.14153480529785,20.892759323120117,19.940120697021484,20.876428604125977,3368507
2010-05-24,20.805660247802734,20.930866241455078,20.195972442626953,20.239521026611328,2166007
2010-05-25,19.662492752075195,20.087099075317383,19.488296508789062,20.0544376373291,3547982
2010-05-26,20.36472511291504,20.70767593383789,20.239521026611328,20.3483943939209,3699718
2010-05-27,20.827436447143555,21.208492279052734,20.479042053222656,21.170385360717773,3010108
2010-05-28,21.333696365356445,21.551443099975586,21.05607032775879,21.333696365356445,3888562
2010-06-01,21.1268367767334,21.404464721679688,20.571584701538086,20.593358993530273,2871966
2010-06-02,20.696788787841797,21.5296688079834,20.528034210205078,21.5296688079834,3632851
2010-06-03,21.491561889648438,22.248231887817383,21.458900451660156,22.199237823486328,3315418
2010-06-04,21.736526489257812,22.144800186157227,20.626020431518555,20.740337371826172,8324549
2010-06-07,20.936309814453125,21.257484436035156,20.680456161499023,20.713119506835938,3196196
2010-06-08,20.718563079833984,21.099618911743164,20.495372772216797,21.03429412841797,2992289
2010-06-09,21.154056549072266,21.475231170654297,20.789329528808594,20.865541458129883,2635360
2010-06-10,21.475231170654297,22.03592872619629,21.257484436035156,22.008710861206055,2309109
2010-06-11,21.61676597595215,22.17746353149414,21.56233024597168,22.166576385498047,2267225
2010-06-14,22.39521026611328,22.70549774169922,22.155689239501953,22.210124969482422,2384242
2010-06-15,22.280893325805664,22.59662437438965,22.264562606811523,22.547632217407227,2714168
2010-06-16,22.346216201782227,22.781709671020508,22.291780471801758,22.602069854736328,2012985
2010-06-17,22.72727394104004,22.732715606689453,22.1066951751709,22.318998336791992,2696165
2010-06-18,22.253673553466797,22.32444190979004,22.0141544342041,22.30266761779785,3037663
2010-06-21,22.553075790405273,22.585737228393555,21.845399856567383,22.003265380859375,2252713
2010-06-22,21.99782371520996,22.05225944519043,20.968971252441406,21.094175338745117,4326319
2010-06-23,21.045181274414062,21.05607032775879,20.620576858520508,20.849210739135742,2564268
2010-06-24,20.65868377685547,20.85465431213379,20.462711334228516,20.604246139526367,2154250
2010-06-25,20.642351150512695,20.772998809814453,20.41371726989746,20.72400665283203,2166558
2010-06-28,20.7784423828125,20.79477310180664,20.41371726989746,20.566139221191406,1264591
2010-06-29,20.299400329589844,20.299400329589844,19.575395584106445,19.733261108398438,3238264
2010-06-30,19.63527488708496,20.097986221313477,19.613500595092773,19.673381805419922,2793526
2010-07-01,19.63527488708496,19.667936325073242,18.845943450927734,19.27599334716797,3604929
2010-07-02,19.352205276489258,19.591726303100586,19.18345069885254,19.243331909179688,2258592
2010-07-06,19.471965789794922,19.755035400390625,19.32498550415039,19.531845092773438,1947955
2010-07-07,19.531845092773438,20.299400329589844,19.531845092773438,20.299400329589844,1944465
2010-07-08,20.451824188232422,20.587915420532227,20.119760513305664,20.326618194580078,2048439
2010-07-09,20.321176528930664,20.36472511291504,20.027217864990234,20.179641723632812,2267409
2010-07-12,20.048992156982422,20.244964599609375,19.83669090270996,20.087099075317383,1158045
2010-07-13,20.359281539916992,20.41371726989746,20.09254264831543,20.212303161621094,1551347
2010-07-14,20.097986221313477,20.326618194580078,19.912900924682617,20.157865524291992,1572656
2010-07-15,20.12520408630371,20.440935134887695,19.880239486694336,20.370168685913086,1862351
2010-07-16,20.244964599609375,20.244964599609375,19.54273223876953,19.591726303100586,2501994
2010-07-19,19.716930389404297,19.863908767700195,19.54273223876953,19.809471130371094,1106793
2010-07-20,19.56450653076172,20.43549346923828,19.537288665771484,20.402830123901367,3015803
2010-07-21,20.446380615234375,20.462711334228516,19.934675216674805,20.043548583984375,2631870
2010-07-22,20.244964599609375,20.685901641845703,20.244964599609375,20.577028274536133,1788136
2010-07-23,20.39738655090332,20.555252075195312,20.0544376373291,20.239521026611328,3651956
2010-07-26,20.250408172607422,20.571584701538086,20.185083389282227,20.533477783203125,2438066
2010-07-27,20.587915420532227,20.59880256652832,20.195972442626953,20.353837966918945,2335929
2010-07-28,20.27218246459961,20.609689712524414,20.16330909729004,20.58247184753418,3363731
2010-07-29,20.702232360839844,20.702232360839844,19.61894416809082,20.065324783325195,3779076
2010-07-30,19.814916610717773,19.989112854003906,19.548175811767578,19.96733856201172,3904911
2010-08-02,20.266738891601562,21.001632690429688,20.244964599609375,20.974414825439453,4090999
2010-08-03,20.974414825439453,21.115949630737305,20.65868377685547,21.01251983642578,2969511
2010-08-04,20.88731575012207,21.03973960876465,20.696788787841797,20.974414825439453,2374139
2010-08-05,20.81654930114746,21.502450942993164,20.811105728149414,21.41535186767578,3553309
2010-08-06,21.208492279052734,21.3282527923584,20.898204803466797,21.208492279052734,2477011
2010-08-09,21.382688522338867,21.39357566833496,21.115949630737305,21.262929916381836,1443147
2010-08-10,21.094175338745117,21.257484436035156,20.827436447143555,21.08873176574707,3273167
2010-08-11,20.685901641845703,20.70767593383789,20.250408172607422,20.266738891601562,2611112
2010-08-12,19.912900924682617,20.027217864990234,19.678823471069336,19.733261108398438,3413881
2010-08-13,19.63527488708496,19.896570205688477,19.58083724975586,19.678823471069336,2375608
2010-08-16,19.520957946777344,19.60261344909668,19.352205276489258,19.433860778808594,2568493
2010-08-17,19.61894416809082,19.61894416809082,19.335874557495117,19.45563316345215,3924383
2010-08-18,19.461078643798828,19.461078643798828,19.134458541870117,19.25421905517578,3008455
2010-08-19,19.18345069885254,19.188894271850586,18.492107391357422,18.649972915649414,3882500
2010-08-20,18.4703311920166,18.508438110351562,18.100162506103516,18.25802993774414,3706515
2010-08-23,18.317909240722656,18.568317413330078,18.301578521728516,18.415895462036133,2617174
2010-08-24,18.170930862426758,18.25802993774414,17.93140983581543,17.958627700805664,2415839
2010-08-25,17.789875030517578,17.94774055480957,17.544910430908203,17.887861251831055,3234406
2010-08-26,17.909635543823242,18.00762176513672,17.64289665222168,17.71366310119629,2613133
2010-08-27,17.89874839782715,18.1872615814209,17.55035400390625,18.16548728942871,3020947
2010-08-30,18.111051559448242,18.247142791748047,17.882417678833008,17.882417678833008,2052848
2010-08-31,17.757213592529297,18.02395248413086,17.637451171875,17.746326446533203,10290874
2010-09-01,18.029396057128906,18.541099548339844,18.018508911132812,18.497549057006836,3919607
2010-09-02,18.524768829345703,18.56287384033203,18.25802993774414,18.535655975341797,2790219
2010-09-03,18.688077926635742,18.84050178527832,18.58464813232422,18.769733428955078,1497339
2010-09-07,18.633642196655273,18.649972915649414,18.45400047302246,18.508438110351562,2171334
2010-09-08,18.51388168334961,18.698965072631836,18.372346878051758,18.42133903503418,2197052
2010-09-09,18.70985221862793,18.85683250427246,18.6717472076416,18.780620574951172,3131901
2010-09-10,18.813283920288086,18.85683250427246,18.67719078063965,18.737070083618164,2212850
2010-09-13,18.922155380249023,19.00381088256836,18.758846282958984,18.85683250427246,3076424
2010-09-14,18.85683250427246,18.992923736572266,18.71529769897461,18.845943450927734,1857574
2010-09-15,18.780620574951172,18.851388931274414,18.568317413330078,18.824169158935547,1676997
2010-09-16,18.769733428955078,18.845943450927734,18.56287384033203,18.726184844970703,1891375
2010-09-17,18.807838439941406,18.807838439941406,18.34512710571289,18.448556900024414,6705417
2010-09-20,18.464887619018555,18.622753143310547,18.219924926757812,18.58464813232422,2868108
2010-09-21,18.524768829345703,18.5900936126709,17.942296981811523,18.062057495117188,4365263
2010-09-22,18.0947208404541,18.361459732055664,18.00217628479004,18.05661392211914,2403531
2010-09-23,17.91507911682129,18.013065338134766,17.729995727539062,17.795318603515625,2320866
2010-09-24,18.013065338134766,18.410451889038086,17.980403900146484,18.3886775970459,2112550
2010-09-27,18.377790451049805,18.508438110351562,18.225366592407227,18.399564743041992,1370218
2010-09-28,18.524768829345703,18.775177001953125,18.268917083740234,18.720739364624023,3361526
2010-09-29,19.3685359954834,19.8530216217041,18.998367309570312,19.58628273010254,5594032
2010-09-30,19.71148681640625,19.940120697021484,19.41752815246582,19.629831314086914,2391407
2010-10-01,19.863908767700195,19.934675216674805,19.673381805419922,19.820358276367188,2329867
2010-10-04,19.804027557373047,19.87479591369629,19.60261344909668,19.71148681640625,1794933
2010-10-05,19.9455623626709,20.12520408630371,19.869352340698242,20.03810691833496,2517425
2010-10-06,19.978225708007812,20.468154907226562,19.978225708007812,20.34295082092285,3585457
2010-10-07,20.462711334228516,20.462711334228516,20.103429794311523,20.23407745361328,2179784
2010-10-08,20.244964599609375,20.391942977905273,20.10887336730957,20.299400329589844,3698065
2010-10-11,20.353837966918945,20.41371726989746,20.201414108276367,20.31028938293457,2673202
2010-10-12,20.201414108276367,20.266738891601562,19.912900924682617,20.223190307617188,1995533
2010-10-13,20.370168685913086,20.7784423828125,20.370168685913086,20.729450225830078,3272064
2010-10-14,20.713119506835938,20.92542266845703,20.577028274536133,20.63690757751465,1955487
2010-10-15,20.83832359313965,20.90909194946289,20.48992919921875,20.664125442504883,1808343
2010-10-18,20.609689712524414,20.876428604125977,20.555252075195312,20.87098503112793,1994798
2010-10-19,20.52259063720703,20.729450225830078,20.332063674926758,20.61513328552246,2653730
2010-10-20,20.65323829650879,20.843767166137695,20.555252075195312,20.685901641845703,1745334
2010-10-21,20.740337371826172,20.81654930114746,20.206859588623047,20.3483943939209,1890089
2010-10-22,20.391942977905273,20.50625991821289,20.185083389282227,20.370168685913086,1306474
2010-10-25,20.517147064208984,20.751224517822266,20.332063674926758,20.39738655090332,1553184
2010-10-26,20.31028938293457,20.31028938293457,20.130647659301758,20.228633880615234,1567512
2010-10-27,19.918344497680664,20.119760513305664,19.74414825439453,20.01633071899414,2139738
2010-10-28,20.201414108276367,20.315731048583984,19.934675216674805,20.283069610595703,2126695
2010-10-29,20.212303161621094,20.45726776123047,20.081655502319336,20.38105583190918,1947955
2010-11-01,20.593358993530273,20.76211166381836,20.09254264831543,20.239521026611328,2091608
2010-11-02,20.451824188232422,20.67501449584961,20.321176528930664,20.65323829650879,1616744
2010-11-03,20.680456161499023,20.729450225830078,20.185083389282227,20.549808502197266,2141024
2010-11-04,20.81654930114746,21.170385360717773,20.80021858215332,21.132280349731445,1850961
2010-11-05,21.1268367767334,21.203048706054688,20.81654930114746,20.881872177124023,1944832
2010-11-08,20.79477310180664,20.990745544433594,20.642351150512695,20.985301971435547,2238568
2010-11-09,21.785520553588867,23.652694702148438,21.785520553588867,22.05225944519043,6764385
2010-11-10,22.10125160217285,22.389766693115234,21.899837493896484,22.351659774780273,2950589
2010-11-11,22.248231887817383,22.841590881347656,22.248231887817383,22.672836303710938,3581415
2010-11-12,22.536745071411133,22.580293655395508,22.079477310180664,22.221012115478516,3183888
2010-11-15,22.291780471801758,22.498638153076172,22.041372299194336,22.090364456176758,1619316
2010-11-16,21.801851272583008,21.916168212890625,21.5296688079834,21.622209548950195,2597151
2010-11-17,21.66575813293457,21.954273223876953,21.513336181640625,21.921611785888672,2259694
2010-11-18,22.139358520507812,22.248231887817383,22.03048324584961,22.10125160217285,1354236
2010-11-19,22.03048324584961,22.335329055786133,21.747413635253906,22.329885482788086,1712819
2010-11-22,22.182907104492188,22.362548828125,21.954273223876953,22.335329055786133,1560532
2010-11-23,22.003265380859375,22.03592872619629,21.714752197265625,21.774633407592773,1270286
2010-11-24,21.954273223876953,22.182907104492188,21.921611785888672,22.150245666503906,1086586
2010-11-26,21.94338607788086,22.08492088317871,21.774633407592773,21.888948440551758,488642
2010-11-29,21.72563934326172,22.03048324584961,21.518781661987305,21.959716796875,1008146
2010-11-30,21.714752197265625,22.123027801513672,21.638540267944336,22.03048324584961,2277329
2010-12-01,22.35710334777832,22.61840057373047,22.172019958496094,22.531301498413086,2325091
2010-12-02,22.536745071411133,23.222646713256836,22.509525299072266,23.1409912109375,2585394
2010-12-03,23.01578712463379,23.35873794555664,22.966793060302734,23.293413162231445,2060563
2010-12-06,23.788785934448242,23.854110717773438,23.391399383544922,23.462167739868164,3556065
2010-12-07,23.75612449645996,23.88677215576172,23.364181518554688,23.478498458862305,2459192
2010-12-08,23.53837776184082,23.68535614013672,23.15732192993164,23.37506866455078,1423675
2010-12-09,23.451278686523438,23.467609405517578,23.075666427612305,23.35329246520996,1735965
2010-12-10,23.402286529541016,23.543821334838867,23.293413162231445,23.434947967529297,1306291
2010-12-13,23.532934188842773,23.761568069458008,23.511159896850586,23.511159896850586,1413388
2010-12-14,23.587371826171875,23.73434829711914,23.451278686523438,23.59281349182129,1377566
2010-12-15,23.50571632385254,23.636363983154297,23.407730102539062,23.560152053833008,1554653
2010-12-16,23.57648277282715,23.816003799438477,23.467609405517578,23.745237350463867,2535427
2010-12-17,23.690799713134766,23.984758377075195,23.527490615844727,23.97931480407715,2941037
2010-12-20,24.131736755371094,24.256940841674805,23.88677215576172,24.06641387939453,2155536
2010-12-21,24.169841766357422,24.621665954589844,24.02830696105957,24.48557472229004,2098956
2010-12-22,24.496461868286133,24.572673797607422,24.213390350341797,24.2678279876709,1822671
2010-12-23,24.278715133666992,24.523679733276367,24.207948684692383,24.523679733276367,1184314
2010-12-27,24.37670135498047,24.436580657958984,24.333152770996094,24.349483489990234,854756
2010-12-28,24.37670135498047,24.398475646972656,24.197059631347656,24.39303207397461,773928
2010-12-29,24.420249938964844,24.480131149291992,24.333152770996094,24.403919219970703,1142981
2010-12-30,24.344039916992188,24.491018295288086,24.2678279876709,24.44202423095703,1070971
2010-12-31,24.382144927978516,24.50190544128418,24.344039916992188,24.40936279296875,1015126
2011-01-03,24.53456687927246,24.692432403564453,24.278715133666992,24.44746971130371,2606887
2011-01-04,24.7523136138916,25.078933715820312,24.30593490600586,24.51823616027832,4477320
2011-01-05,24.44202423095703,24.80674934387207,24.414806365966797,24.71965217590332,3255531
2011-01-06,24.768644332885742,24.795862197875977,24.529123306274414,24.697877883911133,1933810
2011-01-07,24.68154525756836,25.111595153808594,24.654327392578125,24.833967208862305,2325091
2011-01-10,24.779531478881836,25.111595153808594,24.64344024658203,25.013608932495117,2056154
2011-01-11,24.926511764526367,25.215024948120117,24.730539321899414,25.106151580810547,1843797
2011-01-12,25.2476863861084,25.345672607421875,25.00816535949707,25.182363510131836,1923339
2011-01-13,25.182363510131836,25.427326202392578,25.019052505493164,25.307567596435547,1860881
2011-01-14,25.231355667114258,25.579750061035156,25.122482299804688,25.579750061035156,1805587
2011-01-18,25.48176383972168,25.69951057434082,25.307567596435547,25.62329864501953,1812384
2011-01-19,25.639629364013672,25.677734375,25.18780517578125,25.2476863861084,1645768
2011-01-20,25.057157516479492,25.057157516479492,24.567228317260742,24.763200759887695,2579332
2011-01-21,24.97550392150879,25.08437728881836,24.7523136138916,24.97550392150879,2285412
2011-01-24,24.942842483520508,25.127925872802734,24.872074127197266,24.948284149169922,1617846
2011-01-25,24.888404846191406,24.888404846191406,24.35492706298828,24.578115463256836,3124553
2011-01-26,24.605335235595703,25.06260108947754,24.5508975982666,24.97550392150879,3174703
2011-01-27,25.253129959106445,25.93903160095215,24.9537296295166,25.4491024017334,4325768
2011-01-28,25.432771682739258,25.677734375,25.204137802124023,25.340229034423828,2451660
2011-01-31,25.35655975341797,26.281980514526367,25.323898315429688,26.232988357543945,2274390
2011-02-01,26.483396530151367,26.673925399780273,26.330974578857422,26.64670753479004,2078014
2011-02-02,26.47795295715332,26.668481826782227,26.363636016845703,26.439847946166992,2537999
2011-02-03,26.287424087524414,26.690256118774414,26.167665481567383,26.6303768157959,1535181
2011-02-04,26.657594680786133,26.80457305908203,26.140445709228516,26.33641815185547,1789422
2011-02-07,26.42351722717285,26.75013542175293,26.33641815185547,26.341861724853516,1135817
2011-02-08,26.36907958984375,26.418073654174805,25.928144454956055,26.178552627563477,1514607
2011-02-09,26.102340698242188,26.102340698242188,25.432771682739258,25.476320266723633,1404019
2011-02-10,25.285791397094727,26.5106143951416,25.26401710510254,26.499727249145508,3428393
2011-02-11,26.325531005859375,26.488840103149414,26.075122833251953,26.281980514526367,1986716
2011-02-14,26.22210121154785,26.36907958984375,26.167665481567383,26.330974578857422,1394834
2011-02-15,26.178552627563477,26.271093368530273,25.857376098632812,25.998910903930664,1851329
2011-02-16,26.069679260253906,26.145889282226562,25.928144454956055,25.960805892944336,2264654
2011-02-17,25.922700881958008,26.211214065551758,25.84648895263672,25.851932525634766,2846432
2011-02-18,25.890037536621094,25.998910903930664,25.71584129333496,25.928144454956055,3017824
2011-02-22,25.80838394165039,26.363636016845703,25.49809455871582,25.666847229003906,2276043
2011-02-23,25.596080780029297,26.543277740478516,25.596080780029297,26.325531005859375,2712882
2011-02-24,26.396297454833984,26.597713470458984,25.900924682617188,26.009798049926758,1543264
2011-02-25,26.140445709228516,26.559608459472656,26.015241622924805,26.521501541137695,1277266
2011-02-28,26.619487762451172,26.853565216064453,26.271093368530273,26.837234497070312,1874475
2011-03-01,27.04409408569336,27.087642669677734,26.086009979248047,26.162221908569336,2030987
2011-03-02,26.11322784423828,26.211214065551758,25.792051315307617,26.09689712524414,1455639
2011-03-03,26.298311233520508,26.347305297851562,26.091453552246094,26.292869567871094,1302984
2011-03-04,26.211214065551758,26.292869567871094,25.66140365600586,25.884593963623047,1798423
2011-03-07,26.02068519592285,26.167665481567383,25.503538131713867,25.612411499023438,1541794
2011-03-08,25.655960083007812,25.69951057434082,25.291236877441406,25.51442527770996,1469416
2011-03-09,25.492650985717773,25.655960083007812,25.302122116088867,25.508981704711914,1519750
2011-03-10,25.160587310791016,25.215024948120117,24.164398193359375,24.19161605834961,2343094
2011-03-11,24.158954620361328,24.387588500976562,23.990201950073242,24.30048942565918,3727824
2011-03-14,24.13718032836914,24.42569351196289,23.783342361450195,24.311376571655273,3743622
2011-03-15,23.75612449645996,24.599891662597656,23.50571632385254,24.40936279296875,3263798
2011-03-16,24.452911376953125,24.84485626220703,23.892215728759766,24.180728912353516,2205686
2011-03-17,24.68699073791504,25.17691993713379,24.599891662597656,25.08437728881836,1848206
2011-03-18,25.432771682739258,26.684812545776367,25.307567596435547,25.51442527770996,4877602
2011-03-21,25.813827514648438,26.091453552246094,25.639629364013672,25.982580184936523,1123877
2011-03-22,26.02068519592285,26.11322784423828,25.884593963623047,25.93358612060547,928971
2011-03-23,25.890037536621094,25.966249465942383,25.710397720336914,25.857376098632812,950280
2011-03-24,26.037017822265625,26.401742935180664,25.830158233642578,26.379966735839844,1577432
2011-03-25,26.46162223815918,26.853565216064453,26.341861724853516,26.782798767089844,1322089
2011-03-28,26.799129486083984,26.864452362060547,26.02613067626953,26.037017822265625,1476948
2011-03-29,26.118671417236328,26.483396530151367,25.89548110961914,26.450735092163086,1494951
2011-03-30,26.635818481445312,26.95155143737793,26.499727249145508,26.908002853393555,1741843
2011-03-31,26.89167022705078,27.212846755981445,26.89167022705078,27.163854598999023,1777481
2011-04-01,27.218290328979492,27.51224708557129,27.2074031829834,27.310832977294922,1660832
2011-04-04,27.436037063598633,27.485029220581055,27.283615112304688,27.359825134277344,1002267
2011-04-05,27.212846755981445,27.501361846923828,27.13663673400879,27.327163696289062,816547
2011-04-06,27.506805419921875,27.724550247192383,27.29450225830078,27.354381561279297,1285533
2011-04-07,27.283615112304688,27.485029220581055,26.956995010375977,27.338050842285156,1354236
2011-04-08,27.485029220581055,27.528579711914062,26.82634735107422,26.89711570739746,1726596
2011-04-11,26.87533950805664,26.989656448364258,26.26020622253418,26.418073654174805,2296250
2011-04-12,26.200326919555664,26.2275447845459,25.340229034423828,25.383777618408203,1790708
2011-04-13,25.57430648803711,25.851932525634766,25.421884536743164,25.508981704711914,1197173
2011-04-14,25.378334045410156,25.530757904052734,25.13336944580078,25.49809455871582,1554286
2011-04-15,25.55253028869629,25.66140365600586,25.35655975341797,25.585193634033203,1149595
2011-04-18,25.198694229125977,25.24224281311035,24.86663055419922,25.02449607849121,1069318
2011-04-19,25.02449607849121,25.31300926208496,24.997278213500977,25.253129959106445,1015494
2011-04-20,25.655960083007812,25.944475173950195,25.48176383972168,25.917255401611328,1708410
2011-04-21,25.93358612060547,26.091453552246094,25.596080780029297,25.672292709350586,1222340
2011-04-25,25.69406509399414,25.69406509399414,25.340229034423828,25.60696792602539,1076666
2011-04-26,25.73761558532715,25.786609649658203,25.547088623046875,25.73761558532715,1269551
2011-04-27,25.857376098632812,26.162221908569336,25.351116180419922,26.086009979248047,2207339
2011-04-28,26.015241622924805,27.2074031829834,25.95536231994629,27.13663673400879,3070178
2011-04-29,27.218290328979492,28.660860061645508,27.180185317993164,28.644529342651367,3674000
2011-05-02,28.83505630493164,29.107240676879883,28.443113327026367,28.67719078063965,2529182
2011-05-03,28.541099548339844,28.92759895324707,28.45944595336914,28.74795913696289,2758072
2011-05-04,28.65541648864746,28.666303634643555,27.708219528198242,28.051170349121094,2076912
2011-05-05,27.80620574951172,27.871530532836914,27.02776336669922,27.40337562561035,2598069
2011-05-06,27.795318603515625,28.432226181030273,27.31627655029297,27.778987884521484,1786115
2011-05-09,27.8388671875,28.31246566772461,27.80620574951172,28.236255645751953,1436350
2011-05-10,28.307022094726562,28.35057258605957,28.051170349121094,28.236255645751953,1433779
2011-05-11,28.14915657043457,28.236255645751953,26.84267807006836,27.27272605895996,1533711
2011-05-12,27.27272605895996,27.664670944213867,26.89167022705078,27.599346160888672,2443761
2011-05-13,27.577571868896484,27.991289138793945,27.174741744995117,27.430593490600586,1987818
2011-05-16,27.289058685302734,27.56668472290039,26.8590087890625,26.946107864379883,1592495
2011-05-17,26.799129486083984,27.299945831298828,26.6303768157959,27.267284393310547,1956038
2011-05-18,27.2618408203125,28.154600143432617,27.2074031829834,27.45781135559082,2451477
2011-05-19,27.64289665222168,27.833423614501953,27.33260726928711,27.555797576904297,1520669
2011-05-20,27.501361846923828,27.925966262817383,27.13663673400879,27.795318603515625,1936749
2011-05-23,27.245508193969727,27.419706344604492,27.071311950683594,27.15296745300293,1242731
2011-05-24,27.299945831298828,28.013065338134766,27.299945831298828,27.735437393188477,1703450
2011-05-25,27.555797576904297,28.73162841796875,27.555797576904297,28.628198623657227,2386998
2011-05-26,28.464887619018555,28.949373245239258,28.198148727416992,28.8731632232666,2138819
2011-05-27,29.0201416015625,29.390310287475586,28.85683250427246,29.03647232055664,1819365
2011-05-31,29.395753860473633,29.531845092773438,29.041915893554688,29.49374008178711,2908522
2011-06-01,29.444747924804688,29.515514373779297,28.25802993774414,28.361459732055664,1988369
2011-06-02,28.464887619018555,29.156232833862305,28.25802993774414,28.905824661254883,2492442
2011-06-03,28.432226181030273,29.227001190185547,28.236255645751953,28.91126823425293,2131655
2011-06-06,28.845943450927734,28.884050369262695,27.909635543823242,27.94774055480957,1633828
2011-06-07,28.40500831604004,28.45944595336914,27.860641479492188,28.040283203125,1483010
2011-06-08,28.067501068115234,28.40500831604004,27.980403900146484,28.1872615814209,1447923
2011-06-09,28.31246566772461,29.21611213684082,28.285247802734375,28.938486099243164,2742274
2011-06-10,28.69352149963379,29.101795196533203,28.535655975341797,28.60642433166504,2935526
2011-06-13,28.628198623657227,28.628198623657227,27.212846755981445,27.463254928588867,3074036
2011-06-14,27.849754333496094,28.100162506103516,27.71366310119629,28.062057495117188,1756907
2011-06-15,27.686445236206055,27.991289138793945,27.25639533996582,27.49591636657715,2167293
2011-06-16,27.55035400390625,27.795318603515625,27.0604248046875,27.38159942626953,2058359
2011-06-17,27.637451171875,27.6918888092041,27.16929817199707,27.38704490661621,2709208
2011-06-20,27.234621047973633,27.430593490600586,26.995101928710938,27.267284393310547,1959895
2011-06-21,27.555797576904297,27.762657165527344,27.485029220581055,27.6918888092041,2008025
2011-06-22,27.65922737121582,27.96951675415039,27.479585647583008,27.561241149902344,1501748
2011-06-23,27.109418869018555,27.163854598999023,26.456178665161133,27.11486053466797,2160128
2011-06-24,27.191072463989258,27.327163696289062,26.60315704345703,26.77191162109375,4262942
2011-06-27,26.78824234008789,27.2074031829834,26.608600616455078,27.065868377685547,1756356
2011-06-28,27.22373390197754,27.866085052490234,27.174741744995117,27.860641479492188,1414857
2011-06-29,27.942296981811523,28.704408645629883,27.904191970825195,28.4703311920166,2249039
2011-06-30,28.611867904663086,28.824169158935547,28.45944595336914,28.5900936126709,1787217
2011-07-01,28.53021240234375,29.12901496887207,28.247142791748047,29.08002281188965,1304270
2011-07-05,29.047359466552734,29.58628273010254,29.03647232055664,29.101795196533203,2364403
2011-07-06,29.08002281188965,29.172563552856445,28.73162841796875,29.031028747558594,1258345
2011-07-07,29.412084579467773,29.700599670410156,29.25421905517578,29.640718460083008,2101895
2011-07-08,29.188894271850586,29.68971061706543,29.178007125854492,29.673381805419922,2445414
2011-07-11,29.537288665771484,29.90745735168457,29.150789260864258,29.29232406616211,4001170
2011-07-12,29.09090805053711,29.76592254638672,28.982036590576172,29.395753860473633,2851391
2011-07-13,29.591726303100586,30.07621192932129,29.450191497802734,29.989112854003906,4193136
2011-07-14,30.174196243286133,30.61513328552246,29.531845092773438,29.793140411376953,3583987
2011-07-15,30.462711334228516,31.839956283569336,30.462711334228516,31.301034927368164,4680860
2011-07-18,31.507892608642578,32.19923782348633,30.958084106445312,32.150245666503906,5561518
2011-07-19,32.49863815307617,32.928688049316406,32.237342834472656,32.71638488769531,4645957
2011-07-20,32.77626419067383,33.12466049194336,32.53129959106445,32.9395751953125,3058972
2011-07-21,33.130104064941406,33.718017578125,33.11921691894531,33.59281539916992,2964000
2011-07-22,33.60914611816406,34.27871322631836,33.44583511352539,34.2025032043457,2348788
2011-07-25,33.73979187011719,34.52912521362305,33.64725112915039,34.060970306396484,2882437
2011-07-26,33.99020004272461,34.20794677734375,33.72346115112305,34.044639587402344,2231220
2011-07-27,33.76700973510742,33.84866714477539,33.22808837890625,33.32062911987305,4194055
2011-07-28,33.4349479675293,35.176918029785156,33.20631408691406,34.79586410522461,6785143
2011-07-29,34.077301025390625,35.0190544128418,33.315189361572266,34.55634307861328,4191483
2011-08-01,35.13881301879883,35.476318359375,34.38758850097656,34.8176383972168,3536776
2011-08-02,34.52912521362305,35.1007080078125,33.331520080566406,33.369625091552734,3718639
2011-08-03,33.3424072265625,33.53293228149414,32.23189926147461,32.86880874633789,6167176
2011-08-04,32.41154098510742,32.41154098510742,30.283069610595703,30.38105583190918,6429316
2011-08-05,31.05607032775879,31.333696365356445,28.323352813720703,29.379423141479492,9123644
2011-08-08,28.43766975402832,28.45944595336914,26.053348541259766,26.211214065551758,6257557
2011-08-09,26.75558090209961,28.551986694335938,26.26020622253418,28.524768829345703,6194731
2011-08-10,27.71366310119629,29.156232833862305,27.555797576904297,27.708219528198242,4437457
2011-08-11,27.844310760498047,29.749591827392578,27.561241149902344,29.30865478515625,5125230
2011-08-12,29.760478973388672,30.326618194580078,29.428415298461914,29.798585891723633,3009741
2011-08-15,30.10887336730957,31.551443099975586,30.10887336730957,31.46978759765625,3458336
2011-08-16,30.952640533447266,31.132280349731445,30.315731048583984,30.685901641845703,3871478
2011-08-17,30.941753387451172,31.551443099975586,30.577028274536133,30.734893798828125,2477562
2011-08-18,29.613500595092773,29.809471130371094,28.971149444580078,29.433860778808594,5319217
2011-08-19,28.900381088256836,29.575395584106445,28.279804229736328,28.426782608032227,3608235
2011-08-22,29.352205276489258,29.499183654785156,28.013065338134766,28.230810165405273,2459008
2011-08-23,28.361459732055664,29.461078643798828,28.045726776123047,29.433860778808594,3228528
2011-08-24,29.259662628173828,29.885683059692383,29.178007125854492,29.716930389404297,2967122
2011-08-25,29.87479591369629,30.27218246459961,28.758846282958984,28.83505630493164,2588700
2011-08-26,28.69352149963379,29.700599670410156,28.051170349121094,29.684268951416016,1602415
2011-08-29,30.1469783782959,31.05607032775879,30.03266143798828,31.017963409423828,2075994
2011-08-30,30.87098503112793,31.79640769958496,30.685901641845703,31.638540267944336,2503096
2011-08-31,31.736526489257812,32.661949157714844,31.736526489257812,32.56396484375,3623483
2011-09-01,32.70549774169922,33.805118560791016,32.54218673706055,32.60206985473633,3213648
2011-09-02,31.736526489257812,31.97604751586914,31.099618911743164,31.638540267944336,2105569
2011-09-06,30.538921356201172,31.948829650878906,30.261295318603516,31.861730575561523,2644729
2011-09-07,32.43331527709961,33.821449279785156,32.43331527709961,33.7996711730957,3300354
2011-09-08,33.456722259521484,34.109962463378906,33.24441909790039,33.37506866455078,3402124
2011-09-09,32.798038482666016,33.22808837890625,31.899837493896484,32.133914947509766,3259389
2011-09-12,31.682090759277344,32.49863815307617,30.78388786315918,31.638540267944336,3791384
2011-09-13,31.839956283569336,32.42787170410156,31.366357803344727,32.2427864074707,2330602
2011-09-14,32.42787170410156,32.99401092529297,31.731082916259766,32.51496887207031,4419455
2011-09-15,33.03211975097656,33.5166015625,32.68916702270508,33.053890228271484,3290618
2011-09-16,33.16276550292969,33.728904724121094,32.99401092529297,33.603702545166016,4301519
2011-09-19,32.85247802734375,34.36037063598633,32.275447845458984,34.08818817138672,4227672
2011-09-20,34.30049133300781,35.1932487487793,33.620033264160156,33.674468994140625,2810243
2011-09-21,33.57648468017578,35.91181182861328,32.92324447631836,32.96134948730469,7378862
2011-09-22,31.731082916259766,32.1611328125,30.566139221191406,31.170385360717773,4173480
2011-09-23,30.974414825439453,31.676647186279297,29.667936325073242,29.896570205688477,4251737
2011-09-26,30.821992874145508,31.25204086303711,29.444747924804688,31.170385360717773,4151804
2011-09-27,32.06858825683594,32.86880874633789,31.442569732666016,31.66575813293457,3176540
2011-09-28,31.888948440551758,32.678279876708984,30.43549346923828,30.479042053222656,3647364
2011-09-29,31.25204086303711,31.442569732666016,29.3685359954834,30.206859588623047,3667203
2011-09-30,29.678823471069336,29.863908767700195,29.014698028564453,29.047359466552734,4048381
2011-10-03,28.85683250427246,29.259662628173828,28.067501068115234,28.0947208404541,3938528
2011-10-04,27.62112045288086,29.09635353088379,26.96788215637207,29.063690185546875,4592500
2011-10-05,29.1671199798584,30.332063674926758,28.486663818359375,30.304845809936523,3258838
2011-10-06,30.12520408630371,30.985301971435547,29.52640151977539,30.821992874145508,2988432
2011-10-07,30.9798583984375,31.148611068725586,30.103429794311523,30.375612258911133,2100610
2011-10-10,31.028850555419922,32.10669708251953,31.028850555419922,31.894393920898438,2024374
2011-10-11,31.584104537963867,32.35710525512695,31.3282527923584,31.736526489257812,2106855
2011-10-12,32.19379425048828,32.798038482666016,31.986934661865234,32.00870895385742,2373037
2011-10-13,31.894393920898438,33.35873794555664,31.154056549072266,32.97768020629883,3662427
2011-10-14,33.24986267089844,34.34403991699219,32.74360275268555,34.31682205200195,3271697
2011-10-17,34.311378479003906,35.362003326416016,34.120849609375,34.51823425292969,3924934
2011-10-18,34.452911376953125,36.24932098388672,33.83233642578125,35.7866096496582,3291537
2011-10-19,35.67229080200195,36.52150344848633,35.28034973144531,35.47087478637695,3261410
2011-10-20,35.34022903442383,36.16766357421875,34.95372772216797,35.9716911315918,3400103
2011-10-21,36.38541030883789,37.234622955322266,36.28742599487305,36.799129486083984,2877844
2011-10-24,37.14752197265625,37.321720123291016,36.75558090209961,37.207401275634766,1843797
2011-10-25,37.24551010131836,37.2618408203125,35.835601806640625,35.939029693603516,2556186
2011-10-26,36.73925018310547,36.89167022705078,35.77027893066406,36.55416488647461,3984453
2011-10-27,38.65541458129883,39.79314041137695,33.44583511352539,35.02994155883789,13466680
2011-10-28,34.534568786621094,36.58682632446289,34.45835494995117,35.890037536621094,5320319
2011-10-31,35.579750061035156,35.579750061035156,34.54001235961914,34.567230224609375,3188481
2011-11-01,33.49482727050781,33.83233642578125,32.96134948730469,33.418617248535156,5054138
2011-11-02,34.26238250732422,34.36037063598633,33.48394012451172,34.01742172241211,3106734
2011-11-03,34.28960418701172,34.8992919921875,34.02286148071289,34.752315521240234,2729415
2011-11-04,34.51823425292969,34.823081970214844,34.05552673339844,34.54001235961914,3075689
2011-11-07,34.52912521362305,34.87751770019531,33.75067901611328,34.44202423095703,1786115
2011-11-08,34.61077880859375,35.41099548339844,34.12629318237305,35.32389831542969,2986044
2011-11-09,34.31682205200195,34.6978759765625,33.527488708496094,33.68535614013672,2780483
2011-11-10,34.452911376953125,34.855743408203125,33.658138275146484,34.22972106933594,2662364
2011-11-11,34.69243240356445,35.3021240234375,34.47468566894531,35.291236877441406,2205319
2011-11-14,34.70331954956055,34.79042053222656,34.07185745239258,34.54001235961914,2781953
2011-11-15,34.28416061401367,34.6978759765625,33.94120788574219,34.19161605834961,3302191
2011-11-16,33.81056213378906,34.14262390136719,32.8579216003418,32.92324447631836,4507814
2011-11-17,32.808929443359375,33.369625091552734,31.981491088867188,32.237342834472656,5122842
2011-11-18,32.37887954711914,32.68916702270508,31.981491088867188,32.12302780151367,2713800
2011-11-21,31.480674743652344,31.769189834594727,30.669570922851562,31.099618911743164,3299803
2011-11-22,30.990745544433594,31.513336181640625,30.83832359313965,31.1812744140625,3566168
2011-11-23,30.560697555541992,30.892759323120117,30.25585174560547,30.375612258911133,3325889
2011-11-25,30.25585174560547,30.642351150512695,30.087099075317383,30.130647659301758,1009248
2011-11-28,31.023408889770508,31.32280921936035,30.789329528808594,31.028850555419922,2609642
2011-11-29,31.099618911743164,32.117584228515625,31.099618911743164,31.970603942871094,3178010
2011-11-30,32.999454498291016,33.77245330810547,32.77626419067383,33.75612258911133,5130190
2011-12-01,33.53837966918945,34.235164642333984,33.39139938354492,33.40773010253906,3060442
2011-12-02,33.77245330810547,33.90310287475586,33.09199905395508,33.14643478393555,2509893
2011-12-05,33.788787841796875,34.0010871887207,32.95590591430664,33.168209075927734,2662548
2011-12-06,33.27164077758789,33.402286529541016,32.553077697753906,32.56396484375,3669775
2011-12-07,32.525856018066406,32.80348587036133,31.480674743652344,31.660316467285156,4527654
2011-12-08,33.09199905395508,33.09199905395508,30.718563079833984,30.88731575012207,6895180
2011-12-09,31.21393585205078,31.480674743652344,30.713119506835938,30.8328800201416,3913729
2011-12-12,31.028850555419922,31.170385360717773,29.52640151977539,30.321176528930664,4603706
2011-12-13,30.402830123901367,31.224822998046875,29.569950103759766,29.809471130371094,4122595
2011-12-14,29.553619384765625,29.60261344909668,28.753402709960938,29.139902114868164,3956347
2011-12-15,29.575395584106445,29.629831314086914,28.98748016357422,29.16167640686035,3769524
2011-12-16,29.553619384765625,29.678823471069336,29.014698028564453,29.58083724975586,3522631
2011-12-19,29.771366119384766,29.771366119384766,28.91126823425293,29.014698028564453,2310211
2011-12-20,29.52640151977539,30.103429794311523,29.439302444458008,29.847578048706055,2268328
2011-12-21,29.684268951416016,30.446380615234375,29.461078643798828,30.375612258911133,2761195
2011-12-22,30.38105583190918,30.54436683654785,30.021774291992188,30.195972442626953,2124674
2011-12-23,30.332063674926758,30.47359848022461,30.021774291992188,30.468154907226562,1202500
2011-12-27,30.538921356201172,30.65868377685547,30.250408172607422,30.451824188232422,992347
2011-12-28,30.36472511291504,30.446380615234375,29.63527488708496,29.755035400390625,1461701
2011-12-29,29.929231643676758,30.201414108276367,29.78225326538086,30.03266143798828,952117
2011-12-30,29.956451416015625,30.03810691833496,29.809471130371094,29.825803756713867,1190927
2012-01-03,30.479042053222656,30.69134521484375,29.482852935791016,29.678823471069336,4036440
2012-01-04,29.608057022094727,30.45726776123047,29.395753860473633,30.370168685913086,4176603
2012-01-05,30.206859588623047,30.729450225830078,29.885683059692383,30.54436683654785,3202258
2012-01-06,30.69134521484375,30.789329528808594,30.299400329589844,30.370168685913086,1794565
2012-01-09,30.3483943939209,30.446380615234375,29.678823471069336,29.74414825439453,2063502
2012-01-10,29.994556427001953,30.34295082092285,29.118127822875977,29.2215576171875,4229141
2012-01-11,29.03647232055664,29.03647232055664,27.490474700927734,27.71366310119629,8241884
2012-01-12,27.653783798217773,28.018508911132812,26.652149200439453,26.761022567749023,6686129
2012-01-13,26.281980514526367,26.706586837768555,26.200326919555664,26.565052032470703,4828922
2012-01-17,26.722917556762695,26.886228561401367,26.358192443847656,26.467065811157227,3182235
2012-01-18,26.46162223815918,26.635818481445312,26.26020622253418,26.521501541137695,3969022
2012-01-19,26.565052032470703,26.565052032470703,25.841045379638672,25.93358612060547,5044402
2012-01-20,25.890037536621094,26.075122833251953,25.06260108947754,25.204137802124023,6026646
2012-01-23,25.911813735961914,27.446924209594727,25.857376098632812,27.289058685302734,9376048
2012-01-24,26.82634735107422,27.212846755981445,26.521501541137695,27.054981231689453,6417192
2012-01-25,27.0604248046875,27.82253646850586,26.396297454833984,27.740882873535156,5534330
2012-01-26,28.25802993774414,28.27436065673828,26.02068519592285,26.31464385986328,5389574
2012-01-27,26.216657638549805,26.657594680786133,25.977136611938477,26.55416488647461,3616686
2012-01-30,26.015241622924805,27.049537658691406,25.98802375793457,27.022319793701172,4212792
2012-01-31,27.321720123291016,27.91507911682129,27.29450225830078,27.501361846923828,5008213
2012-02-01,27.740882873535156,27.773544311523438,26.902559280395508,27.2074031829834,3966818
2012-02-02,27.18562889099121,27.42514991760254,26.848121643066406,27.25639533996582,2873435
2012-02-03,27.577571868896484,27.599346160888672,27.07675552368164,27.180185317993164,3546329
2012-02-06,27.071311950683594,27.681001663208008,26.995101928710938,27.65922737121582,4141700
2012-02-07,27.64289665222168,27.817092895507812,27.305389404296875,27.593902587890625,2931668
2012-02-08,27.670114517211914,27.719106674194336,26.973325729370117,27.163854598999023,4918751
2012-02-09,27.212846755981445,27.615678787231445,26.946107864379883,27.4088191986084,3817102
2012-02-10,27.267284393310547,27.267284393310547,26.467065811157227,26.67936897277832,3979861
2012-02-13,26.869897842407227,27.11486053466797,26.401742935180664,26.64670753479004,2155720
2012-02-14,26.57049560546875,27.038650512695312,26.55416488647461,26.962438583374023,3588580
2012-02-15,27.016874313354492,27.397930145263672,26.902559280395508,27.392488479614258,3852189
2012-02-16,27.419706344604492,27.991289138793945,27.218290328979492,27.920522689819336,3559004
2012-02-17,28.3886775970459,29.471965789794922,28.170930862426758,28.660860061645508,4411004
2012-02-21,28.807838439941406,28.845943450927734,28.426782608032227,28.69352149963379,3442354
2012-02-22,28.69352149963379,28.976591110229492,28.252586364746094,28.644529342651367,3523182
2012-02-23,28.644529342651367,30.424604415893555,28.339683532714844,29.504627227783203,6343896
2012-02-24,29.461078643798828,29.575395584106445,29.27599334716797,29.41752815246582,2948752
2012-02-27,29.390310287475586,29.76592254638672,29.32498550415039,29.662492752075195,2755500
2012-02-28,29.629831314086914,29.629831314086914,28.824169158935547,29.139902114868164,2207339
2012-02-29,29.172563552856445,29.25421905517578,28.5900936126709,28.862274169921875,2099507
2012-03-01,28.949373245239258,29.461078643798828,28.916711807250977,29.34131622314453,1929034
2012-03-02,29.23788833618164,29.390310287475586,28.807838439941406,28.922155380249023,2075259
2012-03-05,28.742515563964844,28.96570587158203,28.029396057128906,28.67719078063965,3511058
2012-03-06,28.301578521728516,28.33424186706543,27.757213592529297,28.045726776123047,2920830
2012-03-07,28.116493225097656,28.263473510742188,27.882417678833008,28.100162506103516,3450070
2012-03-08,28.307022094726562,28.889493942260742,28.27436065673828,28.737070083618164,1876679
2012-03-09,28.758846282958984,28.94392967224121,28.160043716430664,28.241697311401367,2959040
2012-03-12,28.16548728942871,28.323352813720703,27.452367782592773,27.490474700927734,3529796
2012-03-13,27.64289665222168,27.795318603515625,27.191072463989258,27.670114517211914,2899521
2012-03-14,27.653783798217773,27.69733238220215,27.087642669677734,27.15296745300293,3516385
2012-03-15,27.120304107666016,27.4088191986084,26.864452362060547,27.289058685302734,3297415
2012-03-16,27.218290328979492,27.452367782592773,27.11486053466797,27.31627655029297,3723783
2012-03-19,27.245508193969727,27.96951675415039,27.245508193969727,27.789875030517578,2431270
2012-03-20,27.572128295898438,27.953184127807617,27.468698501586914,27.762657165527344,2748887
2012-03-21,27.65922737121582,27.800762176513672,27.196516036987305,27.523136138916016,2263184
2012-03-22,27.191072463989258,27.229177474975586,26.35274887084961,26.565052032470703,2133492
2012-03-23,26.483396530151367,27.054981231689453,26.38541030883789,26.902559280395508,2031906
2012-03-26,27.11486053466797,27.27272605895996,26.853565216064453,27.22373390197754,1666159
2012-03-27,27.13663673400879,27.370712280273438,26.87533950805664,26.880783081054688,2017393
2012-03-28,26.78824234008789,26.864452362060547,26.22210121154785,26.35274887084961,1674058
2012-03-29,26.118671417236328,26.271093368530273,25.59063720703125,25.873706817626953,3123084
2012-03-30,26.091453552246094,26.35274887084961,25.977136611938477,26.24387550354004,1918195
2012-04-02,26.22210121154785,27.2074031829834,26.069679260253906,26.908002853393555,2285963
2012-04-03,26.815460205078125,26.962438583374023,26.597713470458984,26.95155143737793,3056952
2012-04-04,26.581382751464844,26.87533950805664,26.51605987548828,26.77191162109375,3060626
2012-04-05,26.78824234008789,27.109418869018555,26.548721313476562,26.73380470275879,2464703
2012-04-09,26.2275447845459,26.60315704345703,26.140445709228516,26.467065811157227,2046051
2012-04-10,26.36907958984375,26.42351722717285,25.650516510009766,25.835601806640625,3583252
2012-04-11,26.09689712524414,26.216657638549805,24.926511764526367,25.073488235473633,4130311
2012-04-12,25.078933715820312,25.579750061035156,25.06260108947754,25.367446899414062,2723720
2012-04-13,25.33478546142578,25.459989547729492,25.057157516479492,25.138813018798828,2211564
2012-04-16,25.253129959106445,25.37289047241211,24.599891662597656,24.676101684570312,3089467
2012-04-17,24.91562271118164,25.307567596435547,24.801305770874023,25.24224281311035,2773135
2012-04-18,25.078933715820312,25.149700164794922,24.872074127197266,25.02449607849121,3083956
2012-04-19,25.051715850830078,25.628742218017578,24.99183464050293,25.579750061035156,2783974
2012-04-20,25.672292709350586,26.02068519592285,25.340229034423828,25.405553817749023,3267656
2012-04-23,25.051715850830078,25.568862915039062,24.84485626220703,25.291236877441406,2661629
2012-04-24,25.37289047241211,25.4491024017334,25.111595153808594,25.2476863861084,1336050
2012-04-25,25.476320266723633,25.906368255615234,25.29667854309082,25.80838394165039,3946611
2012-04-26,25.215024948120117,26.46162223815918,24.893848419189453,25.873706817626953,4788141
2012-04-27,25.890037536621094,26.08056640625,25.519868850708008,26.037017822265625,3807917
2012-04-30,26.379966735839844,27.2618408203125,26.183996200561523,27.120304107666016,4831861
2012-05-01,27.245508193969727,28.138269424438477,26.918888092041016,28.040283203125,5004355
2012-05-02,27.632009506225586,27.632009506225586,26.869897842407227,27.038650512695312,4251553
2012-05-03,27.011432647705078,27.327163696289062,26.810016632080078,26.89711570739746,3276841
2012-05-04,26.652149200439453,26.76646614074707,26.320087432861328,26.668481826782227,2889234
2012-05-07,26.581382751464844,26.84267807006836,26.145889282226562,26.69569969177246,2216524
2012-05-08,26.4289608001709,27.022319793701172,26.216657638549805,26.946107864379883,3538246
2012-05-09,26.4289608001709,27.343494415283203,26.173107147216797,27.158409118652344,4978637
2012-05-10,27.343494415283203,27.528579711914062,26.978769302368164,27.13119125366211,3262696
2012-05-11,26.864452362060547,27.860641479492188,26.831790924072266,27.218290328979492,2896214
2012-05-14,26.9134464263916,27.022319793701172,26.467065811157227,26.543277740478516,2470765
2012-05-15,26.5106143951416,26.565052032470703,25.20958137512207,25.29667854309082,3450070
2012-05-16,25.432771682739258,26.20577049255371,25.367446899414062,25.44365882873535,4312541
2012-05-17,25.470876693725586,25.51442527770996,25.00816535949707,25.04082679748535,4223447
2012-05-18,25.182363510131836,25.49809455871582,24.926511764526367,25.02449607849121,3190318
2012-05-21,25.106151580810547,25.49809455871582,24.84485626220703,25.470876693725586,1981572
2012-05-22,25.470876693725586,25.879150390625,25.08437728881836,25.28034782409668,2907053
2012-05-23,25.0462703704834,25.69951057434082,24.61077880859375,25.650516510009766,2166190
2012-05-24,25.71584129333496,25.792051315307617,24.99183464050293,25.35655975341797,2324356
2012-05-25,25.351116180419922,25.617855072021484,25.31845474243164,25.530757904052734,1685815
2012-05-29,25.726728439331055,26.075122833251953,25.672292709350586,25.89548110961914,2916972
2012-05-30,25.66140365600586,25.66140365600586,24.632553100585938,24.670658111572266,2754765
2012-05-31,24.66521453857422,25.492650985717773,24.06641387939453,25.2476863861084,4219589
2012-06-01,24.839412689208984,24.888404846191406,24.30048942565918,24.344039916992188,2949120
2012-06-04,24.436580657958984,24.561786651611328,23.783342361450195,23.952096939086914,5101533
2012-06-05,23.881328582763672,24.40936279296875,23.837778091430664,24.256940841674805,2548286
2012-06-06,24.507349014282227,25.06804656982422,24.46380043029785,25.06260108947754,2159761
2012-06-07,25.33478546142578,25.66140365600586,24.82308006286621,24.893848419189453,2621399
2012-06-08,24.741426467895508,25.127925872802734,24.469242095947266,25.127925872802734,2811896
2012-06-11,25.416439056396484,25.487207412719727,24.768644332885742,24.795862197875977,2407756
2012-06-12,24.817636489868164,25.33478546142578,24.763200759887695,25.17691993713379,2450742
2012-06-13,25.06804656982422,25.345672607421875,24.714208602905273,24.82852554321289,1990022
2012-06-14,24.8992919921875,26.173107147216797,24.79041862487793,25.857376098632812,3708903
2012-06-15,25.884593963623047,26.58682632446289,25.64507293701172,26.450735092163086,3232936
2012-06-18,26.341861724853516,26.597713470458984,25.993467330932617,26.521501541137695,4160621
2012-06-19,26.619487762451172,27.36526870727539,26.608600616455078,27.087642669677734,3490484
2012-06-20,27.120304107666016,27.882417678833008,27.103973388671875,27.62656593322754,5531574
2012-06-21,27.93140983581543,28.160043716430664,27.2618408203125,27.45781135559082,6865788
2012-06-22,27.729995727539062,27.96951675415039,27.212846755981445,27.844310760498047,4370958
2012-06-25,27.76810073852539,27.844310760498047,27.125749588012695,27.833423614501953,4139496
2012-06-26,27.871530532836914,28.394121170043945,27.800762176513672,28.154600143432617,5133129
2012-06-27,28.32879638671875,29.41752815246582,28.078388214111328,29.303211212158203,5494467
2012-06-28,29.101795196533203,29.51007080078125,28.796951293945312,29.433860778808594,3994005
2012-06-29,29.842134475708008,30.048992156982422,28.905824661254883,29.194339752197266,4747543
2012-07-02,29.482852935791016,29.482852935791016,28.73162841796875,29.281436920166016,3720660
2012-07-03,29.488296508789062,29.940120697021484,29.319543838500977,29.716930389404297,2719495
2012-07-05,29.597169876098633,30.070768356323242,29.537288665771484,29.72781753540039,2963265
2012-07-06,29.194339752197266,29.667936325073242,29.107240676879883,29.3685359954834,3502792
2012-07-09,29.38486671447754,29.749591827392578,29.259662628173828,29.70604133605957,2347870
2012-07-10,29.776809692382812,29.96189308166504,28.775177001953125,28.976591110229492,3455397
2012-07-11,29.150789260864258,29.34676170349121,28.73162841796875,29.03647232055664,3407268
2012-07-12,28.737070083618164,28.971149444580078,28.415895462036133,28.845943450927734,4124800
2012-07-13,28.96570587158203,30.01633071899414,28.938486099243164,29.972782135009766,3177275
2012-07-16,29.831247329711914,30.370168685913086,29.771366119384766,30.059879302978516,3919056
2012-07-17,30.12520408630371,30.440935134887695,29.776809692382812,30.424604415893555,2481052
2012-07-18,30.299400329589844,30.696788787841797,30.185083389282227,30.386499404907227,2504015
2012-07-19,30.43549346923828,30.511703491210938,30.043548583984375,30.16330909729004,3952306
2012-07-20,30.081655502319336,30.789329528808594,29.6516056060791,30.772998809814453,2990820
2012-07-23,30.244964599609375,30.734893798828125,30.10887336730957,30.6314640045166,2547919
2012-07-24,30.669570922851562,30.930866241455078,29.804027557373047,30.1469783782959,2477378
2012-07-25,30.212303161621094,30.484485626220703,29.379423141479492,29.76592254638672,3677858
2012-07-26,30.402830123901367,31.07240104675293,30.03810691833496,30.353837966918945,3959837
2012-07-27,30.41371726989746,31.110506057739258,30.157865524291992,31.023408889770508,2977961
2012-07-30,31.028850555419922,31.769189834594727,30.990745544433594,31.3282527923584,3151006
2012-07-31,31.355470657348633,31.355470657348633,30.69134521484375,30.702232360839844,2335562
2012-08-01,30.767555236816406,30.85465431213379,30.223190307617188,30.440935134887695,1844532
2012-08-02,30.097986221313477,30.097986221313477,28.851388931274414,29.047359466552734,3778893
2012-08-03,29.553619384765625,29.902013778686523,29.373979568481445,29.504627227783203,2243712
2012-08-06,29.640718460083008,30.168752670288086,29.569950103759766,30.005443572998047,2414185
2012-08-07,30.130647659301758,30.892759323120117,30.130647659301758,30.67501449584961,2769094
2012-08-08,30.41916275024414,30.533477783203125,30.168752670288086,30.370168685913086,1706757
2012-08-09,30.223190307617188,31.404464721679688,30.12520408630371,30.94719696044922,2681102
2012-08-10,30.67501449584961,30.67501449584961,30.114316940307617,30.332063674926758,2148739
2012-08-13,30.21774673461914,30.647794723510742,30.09254264831543,30.223190307617188,1038272
2012-08-14,30.337507247924805,30.446380615234375,29.89112663269043,29.978225708007812,1512586
2012-08-15,30.01633071899414,30.10887336730957,29.755035400390625,30.03810691833496,2082423
2012-08-16,29.96189308166504,30.642351150512695,29.940120697021484,30.52259063720703,2045132
2012-08-17,30.7784423828125,31.023408889770508,30.61513328552246,30.729450225830078,2290923
2012-08-20,30.941753387451172,31.001632690429688,30.430049896240234,30.740337371826172,1773807
2012-08-21,30.827436447143555,31.371801376342773,30.685901641845703,30.81654930114746,2618092
2012-08-22,30.767555236816406,30.767555236816406,30.315731048583984,30.626020431518555,1599843
2012-08-23,30.52259063720703,30.549808502197266,29.58628273010254,29.63527488708496,1827080
2012-08-24,29.499183654785156,29.60261344909668,29.27599334716797,29.390310287475586,2588700
2012-08-27,29.515514373779297,29.537288665771484,29.210670471191406,29.40119743347168,1767194
2012-08-28,29.390310287475586,29.428415298461914,28.96570587158203,29.11268424987793,2069381
2012-08-29,29.123571395874023,29.21611213684082,28.80239486694336,29.069133758544922,1773807
2012-08-30,28.905824661254883,29.232444763183594,28.682634353637695,29.14534568786621,2129818
2012-08-31,29.303211212158203,29.575395584106445,29.058246612548828,29.373979568481445,1798974
2012-09-04,29.259662628173828,29.27599334716797,28.682634353637695,29.025585174560547,2164721
2012-09-05,29.063690185546875,29.085464477539062,28.753402709960938,28.98748016357422,1512035
2012-09-06,29.286880493164062,29.847578048706055,29.21611213684082,29.6516056060791,1418531
2012-09-07,29.678823471069336,30.059879302978516,29.662492752075195,30.027217864990234,1153452
2012-09-10,30.136091232299805,30.391942977905273,29.87479591369629,29.89112663269043,1559246
2012-09-11,30.021774291992188,31.01251983642578,29.972782135009766,30.936309814453125,3374018
2012-09-12,31.023408889770508,31.480674743652344,30.805660247802734,31.366357803344727,2352646
2012-09-13,31.43712615966797,31.682090759277344,30.821992874145508,31.442569732666016,1979000
2012-09-14,31.507892608642578,32.26456069946289,31.507892608642578,32.2536735534668,2329132
2012-09-17,32.15568923950195,32.36799240112305,31.54055404663086,31.61676597595215,1798423
2012-09-18,31.61676597595215,31.763744354248047,31.110506057739258,31.366357803344727,1718881
2012-09-19,31.34458351135254,31.377246856689453,30.90909194946289,31.099618911743164,1383445
2012-09-20,30.860097885131836,31.1812744140625,30.67501449584961,31.170385360717773,1507259
2012-09-21,31.41535186767578,31.780075073242188,31.279260635375977,31.709308624267578,2243161
2012-09-24,31.513336181640625,31.643985748291016,31.431682586669922,31.518781661987305,1649259
2012-09-25,31.513336181640625,31.57866096496582,31.061513900756836,31.077844619750977,1286635
2012-09-26,31.066957473754883,31.442569732666016,30.81654930114746,31.001632690429688,1161535
2012-09-27,31.279260635375977,32.26456069946289,31.21393585205078,32.03048324584961,2141024
2012-09-28,31.85084342956543,32.275447845458984,31.660316467285156,32.117584228515625,1633277
2012-10-01,32.35710525512695,32.98856735229492,32.291778564453125,32.68372344970703,3594642
2012-10-02,32.6456184387207,32.814369201660156,32.18290710449219,32.47142028808594,1645768
2012-10-03,32.40065383911133,32.438758850097656,31.584104537963867,31.747413635253906,1697755
2012-10-04,31.965160369873047,32.71638488769531,31.899837493896484,32.591182708740234,3407268
2012-10-05,32.765377044677734,32.9395751953125,32.37887954711914,32.56940841674805,1878516
2012-10-08,32.3353271484375,32.912357330322266,32.29722213745117,32.68916702270508,1533528
2012-10-09,32.77626419067383,33.12466049194336,32.70549774169922,32.928688049316406,1450863
2012-10-10,32.90691375732422,32.94501876831055,32.291778564453125,32.493194580078125,1263489
2012-10-11,32.77082061767578,33.402286529541016,32.58573913574219,33.11921691894531,1976061
2012-10-12,33.13554763793945,33.3424072265625,32.640174865722656,32.83614730834961,1130122
2012-10-15,32.77082061767578,33.113773345947266,32.32988739013672,32.60206985473633,1567328
2012-10-16,32.77082061767578,33.01034164428711,32.694610595703125,32.94501876831055,1066562
2012-10-17,33.17365264892578,33.418617248535156,33.00489807128906,33.24441909790039,1193683
2012-10-18,33.1409912109375,33.38051223754883,32.99401092529297,33.331520080566406,889108
2012-10-19,33.315189361572266,33.53293228149414,32.5367431640625,32.75448989868164,1986899
2012-10-22,32.814369201660156,32.85247802734375,31.916168212890625,32.19379425048828,2645831
2012-10-23,31.605878829956055,31.85084342956543,31.273815155029297,31.627653121948242,2016842
2012-10-24,31.758302688598633,32.41154098510742,31.426237106323242,31.56233024597168,3025539
2012-10-25,31.937942504882812,33.40773010253906,31.801851272583008,33.053890228271484,3835289
2012-10-26,33.015785217285156,34.093631744384766,32.9395751953125,33.979312896728516,2949304
2012-10-31,33.87044143676758,33.89765930175781,32.8579216003418,33.00489807128906,3808652
2012-11-01,32.749046325683594,33.66902542114258,32.66739273071289,33.26619338989258,1521587
2012-11-02,33.6254768371582,33.70168685913086,32.8470344543457,32.950462341308594,1879067
2012-11-05,32.694610595703125,33.51115798950195,32.694610595703125,33.3424072265625,1478418
2012-11-06,33.505714416503906,34.09907531738281,33.46760940551758,33.73434829711914,1471621
2012-11-07,33.238975524902344,33.238975524902344,32.308109283447266,32.553077697753906,2555818
2012-11-08,32.60206985473633,32.825260162353516,31.99782371520996,32.003265380859375,1215727
2012-11-09,31.823625564575195,32.30266571044922,31.622209548950195,31.92705535888672,1773072
2012-11-12,32.00870895385742,32.221012115478516,31.801851272583008,32.16657638549805,1064909
2012-11-13,31.894393920898438,33.238975524902344,31.780075073242188,32.72182846069336,2430351
2012-11-14,32.77626419067383,33.10288619995117,32.48230743408203,32.77082061767578,2376160
2012-11-15,32.781707763671875,33.03211975097656,32.41154098510742,32.591182708740234,2086832
2012-11-16,32.60206985473633,32.966793060302734,32.21012496948242,32.77626419067383,1991859
2012-11-19,33.29341125488281,33.560150146484375,33.0484504699707,33.440391540527344,2071034
2012-11-20,33.255306243896484,33.42950439453125,33.037559509277344,33.33696365356445,1590658
2012-11-21,33.369625091552734,33.79423141479492,33.28252410888672,33.707130432128906,1376648
2012-11-23,33.8377799987793,34.15351104736328,33.66358184814453,34.15351104736328,444554
2012-11-26,33.71257400512695,33.88132858276367,33.24986267089844,33.35873794555664,2214871
2012-11-27,33.298858642578125,33.37506866455078,32.86880874633789,32.91780090332031,2256203
2012-11-28,32.65106201171875,33.66902542114258,32.55851745605469,33.65269470214844,2220933
2012-11-29,33.78334045410156,34.060970306396484,32.896026611328125,32.95590591430664,3224302
2012-11-30,33.0212287902832,33.32607650756836,32.52041244506836,32.694610595703125,3614849
2012-12-03,32.98856735229492,33.24441909790039,32.29722213745117,32.32444381713867,2632972
2012-12-04,32.02503967285156,32.221012115478516,31.442569732666016,31.458900451660156,4703639
2012-12-05,31.68753433227539,32.291778564453125,31.431682586669922,31.986934661865234,3452642
2012-12-06,31.99782371520996,32.1611328125,31.807294845581055,32.06314468383789,2623052
2012-12-07,32.17746353149414,32.21556854248047,31.970603942871094,32.02503967285156,1490542
2012-12-10,31.899837493896484,31.981491088867188,30.865541458129883,31.426237106323242,3696411
2012-12-11,31.43712615966797,31.785520553588867,31.246597290039062,31.61676597595215,1947587
2012-12-12,31.64942741394043,32.3353271484375,31.600435256958008,31.682090759277344,1496788
2012-12-13,31.682090759277344,31.682090759277344,30.974414825439453,31.007076263427734,1775828
2012-12-14,30.729450225830078,31.077844619750977,30.729450225830078,30.849210739135742,1789973
2012-12-17,30.876428604125977,31.208492279052734,30.8328800201416,31.1812744140625,3588396
2012-12-18,31.224822998046875,31.839956283569336,31.148611068725586,31.70386505126953,2338685
2012-12-19,32.0413703918457,32.0413703918457,31.028850555419922,31.03429412841797,2391407
2012-12-20,31.203048706054688,32.765377044677734,31.203048706054688,32.21012496948242,7132887
2012-12-21,31.660316467285156,32.87425231933594,31.63309669494629,32.71638488769531,5198343
2012-12-24,32.36799240112305,32.46597671508789,31.878061294555664,32.237342834472656,1180456
2012-12-26,32.36799240112305,32.42787170410156,31.948829650878906,32.11214065551758,1783543
2012-12-27,32.09580612182617,32.14480209350586,31.535112380981445,31.910724639892578,2095833
2012-12-28,31.692977905273438,31.948829650878906,31.589548110961914,31.643985748291016,1683611
2012-12-31,31.502450942993164,32.11214065551758,31.05607032775879,32.10669708251953,3225956
2013-01-02,32.710941314697266,32.72182846069336,30.958084106445312,31.747413635253906,5232143
2013-01-03,31.556886672973633,32.43331527709961,31.3282527923584,32.150245666503906,2447251
2013-01-04,32.2427864074707,33.053890228271484,32.117584228515625,32.89058303833008,2406470
2013-01-07,32.83070373535156,33.17365264892578,32.547630310058594,32.92324447631836,3103795
2013-01-08,32.85247802734375,32.90691375732422,31.9052791595459,31.94338607788086,3240468
2013-01-09,31.99237823486328,32.01415252685547,30.941753387451172,31.132280349731445,3597948
2013-01-10,31.279260635375977,31.480674743652344,30.958084106445312,31.4099063873291,2337031
2013-01-11,31.54055404663086,31.81818199157715,31.48611831665039,31.801851272583008,2058542
2013-01-14,31.790964126586914,32.13935852050781,31.682090759277344,31.85084342956543,1945199
2013-01-15,31.643985748291016,32.09036636352539,31.556886672973633,32.09036636352539,1713737
2013-01-16,31.970603942871094,32.18290710449219,31.442569732666016,31.932498931884766,2126879
2013-01-17,31.81818199157715,32.2536735534668,31.660316467285156,32.150245666503906,3116287
2013-01-18,32.035926818847656,32.406097412109375,31.8127384185791,32.389766693115234,2003983
2013-01-22,32.40065383911133,32.99401092529297,32.16657638549805,32.896026611328125,3266737
2013-01-23,32.80348587036133,32.80348587036133,32.12847137451172,32.4550895690918,2967490
2013-01-24,32.73271560668945,33.98475646972656,32.553077697753906,33.07566833496094,4178257
2013-01-25,33.298858642578125,33.84866714477539,33.168209075927734,33.72346115112305,2600274
2013-01-28,33.58192825317383,33.6254768371582,32.7381591796875,32.765377044677734,3029764
2013-01-29,32.77082061767578,32.98856735229492,32.373435974121094,32.879695892333984,3785322
2013-01-30,32.95590591430664,33.38051223754883,32.81981658935547,33.0212287902832,3171764
2013-01-31,32.912357330322266,32.983123779296875,32.27000427246094,32.34077453613281,3698983
2013-02-01,32.56396484375,32.56396484375,32.057701110839844,32.41698455810547,5089592
2013-02-04,32.2536735534668,32.623844146728516,32.06858825683594,32.58029556274414,4376836
2013-02-05,32.72182846069336,33.77790069580078,32.68916702270508,33.68535614013672,3712944
2013-02-06,33.46760940551758,33.83233642578125,33.30974578857422,33.821449279785156,2995596
2013-02-07,33.75067901611328,33.96842575073242,33.5166015625,33.6363639831543,2647852
2013-02-08,33.745235443115234,33.761566162109375,33.39139938354492,33.658138275146484,2378731
2013-02-11,33.620033264160156,33.620033264160156,33.09199905395508,33.40773010253906,1200480
2013-02-12,33.46760940551758,33.53293228149414,32.999454498291016,33.03211975097656,2012801
2013-02-13,33.053890228271484,33.27708053588867,32.90691375732422,33.0484504699707,1690591
2013-02-14,32.99401092529297,33.26619338989258,32.86880874633789,32.93413162231445,2504933
2013-02-15,32.91780090332031,32.928688049316406,32.13935852050781,32.31899642944336,2059828
2013-02-19,32.43331527709961,33.053890228271484,32.43331527709961,33.053890228271484,1675528
2013-02-20,33.12466049194336,33.12466049194336,32.221012115478516,32.27000427246094,1683427
2013-02-21,32.26456069946289,32.41698455810547,31.747413635253906,32.21012496948242,1675160
2013-02-22,32.373435974121094,32.97223663330078,32.2536735534668,32.966793060302734,2076729
2013-02-25,33.13554763793945,33.35873794555664,32.04681396484375,32.04681396484375,2333909
2013-02-26,32.188350677490234,32.51496887207031,31.497005462646484,32.493194580078125,2566656
2013-02-27,32.406097412109375,33.641807556152344,32.37887954711914,33.53837966918945,3029764
2013-02-28,33.49482727050781,34.507347106933594,33.34785079956055,34.34403991699219,3289332
2013-03-01,34.093631744384766,34.81219482421875,33.95753860473633,34.79586410522461,3649384
2013-03-04,34.71965026855469,34.89384841918945,33.77790069580078,34.120849609375,4327054
2013-03-05,34.36037063598633,34.6162223815918,34.311378479003906,34.349483489990234,2942874
2013-03-06,34.512794494628906,34.71420669555664,34.26238250732422,34.485572814941406,2513567
2013-03-07,34.54545593261719,36.020687103271484,34.44746780395508,35.77027893066406,3869089
2013-03-08,35.83015823364258,35.84648895263672,35.13336944580078,35.52531433105469,2537264
2013-03-11,35.465431213378906,35.579750061035156,34.9809455871582,35.45998764038086,5779937
2013-03-12,35.51987075805664,35.64507293701172,35.1932487487793,35.60696792602539,1928850
2013-03-13,35.5960807800293,35.87370681762695,35.378334045410156,35.57430648803711,3111327
2013-03-14,35.62874221801758,36.97332763671875,35.5851936340332,36.918888092041016,4239980
2013-03-15,36.75013732910156,37.19651412963867,36.06423568725586,36.309200286865234,4263310
2013-03-18,35.88459396362305,36.52150344848633,35.868263244628906,36.194881439208984,1891743
2013-03-19,36.30375671386719,36.630374908447266,35.79205322265625,36.52150344848633,3774117
2013-03-20,36.73380661010742,36.799129486083984,36.12955856323242,36.581382751464844,1998472
2013-03-21,36.40174102783203,36.761024475097656,36.140445709228516,36.309200286865234,1973857
2013-03-22,36.4833984375,36.63581848144531,36.30375671386719,36.412628173828125,2114571
2013-03-25,36.472511291503906,37.25639724731445,36.428958892822266,36.53239059448242,2331888
2013-03-26,36.684810638427734,37.1420783996582,36.4833984375,37.11486053466797,1815323
2013-03-27,36.87533950805664,37.207401275634766,36.494285583496094,37.08219909667969,1892845
2013-03-28,37.08219909667969,37.24006652832031,36.82634735107422,36.88078308105469,2043846
2013-04-01,36.984214782714844,37.16385269165039,36.20576858520508,36.848121643066406,1538488
2013-04-02,36.97332763671875,37.13119125366211,36.445289611816406,36.61948776245117,1807057
2013-04-03,36.543277740478516,36.581382751464844,35.35655975341797,35.563419342041016,2819060
2013-04-04,35.75939178466797,36.00979995727539,35.465431213378906,35.748504638671875,1818079
2013-04-05,35.378334045410156,36.918888092041016,35.378334045410156,36.71202850341797,2666773
2013-04-08,36.62493133544922,37.708221435546875,36.40718460083008,37.70277786254883,3725620
2013-04-09,37.68644332885742,38.143714904785156,37.234622955322266,37.778987884521484,2827327
2013-04-10,37.95318603515625,38.12738037109375,37.68100357055664,38.067501068115234,3026458
2013-04-11,38.154598236083984,38.36145782470703,37.78443145751953,37.849754333496094,1565491
2013-04-12,37.56668472290039,37.67555618286133,36.869895935058594,37.51224899291992,2255652
2013-04-15,37.33260726928711,37.38704299926758,35.688621520996094,35.704952239990234,3768973
2013-04-16,36.14588928222656,36.472511291503906,35.79205322265625,36.379966735839844,2269430
2013-04-17,36.140445709228516,36.26565170288086,35.22591018676758,35.9716911315918,3381182
2013-04-18,36.107784271240234,36.88078308105469,35.69950866699219,36.445289611816406,3002760
2013-04-19,36.55416488647461,36.597713470458984,36.107784271240234,36.28742599487305,3534204
2013-04-22,36.379966735839844,36.53783416748047,35.890037536621094,36.38541030883789,2061298
2013-04-23,36.526947021484375,36.92433166503906,36.211212158203125,36.902557373046875,3105449
2013-04-24,37.087642669677734,37.72999572753906,36.918888092041016,37.33260726928711,3383387
2013-04-25,38.78606414794922,41.14861297607422,38.78606414794922,40.261295318603516,7153278
2013-04-26,40.25585174560547,40.55525207519531,39.989112854003906,40.201416015625,2763215
2013-04-29,40.50625991821289,41.8671760559082,40.50625991821289,41.23571014404297,3015068
2013-04-30,41.20304870605469,41.29014587402344,40.63690948486328,40.89276123046875,3016538
2013-05-01,40.71311950683594,41.3826904296875,40.348392486572266,41.279258728027344,3851271
2013-05-02,41.371803283691406,41.58954620361328,40.076210021972656,40.500816345214844,3579027
2013-05-03,41.39902114868164,41.698421478271484,40.680458068847656,40.8982048034668,3726722
2013-05-06,40.83287811279297,41.64942932128906,40.82743453979492,41.1812744140625,2371934
2013-05-07,41.33369445800781,41.61676788330078,40.805660247802734,41.24659729003906,3561025
2013-05-08,41.257484436035156,41.36091613769531,40.74033737182617,41.04518127441406,4212241
2013-05-09,41.24659729003906,41.556884765625,40.79477310180664,41.46978759765625,2789485
2013-05-10,41.21393585205078,41.31736373901367,40.77299880981445,41.26837158203125,1731924
2013-05-13,41.1812744140625,41.43168258666992,40.587913513183594,40.77299880981445,1944648
2013-05-14,40.91453552246094,41.69297790527344,40.789329528808594,41.660316467285156,1864739
2013-05-15,41.43712615966797,42.67283630371094,41.30647659301758,42.11214065551758,2817223
2013-05-16,41.899837493896484,42.39521026611328,41.50789260864258,41.6766471862793,2470765
2013-05-17,41.714752197265625,43.081111907958984,41.714752197265625,43.02667236328125,2680367
2013-05-20,43.11921691894531,44.4039192199707,43.10832977294922,44.32770919799805,4380143
2013-05-21,44.27327346801758,44.708763122558594,43.97386932373047,44.093631744384766,3884888
2013-05-22,43.962982177734375,44.40936279296875,43.1409912109375,43.49482727050781,3153394
2013-05-23,43.168209075927734,43.788787841796875,42.56396484375,43.473052978515625,2064421
2013-05-24,43.21175765991211,43.97386932373047,42.94501876831055,43.86499786376953,2099691
2013-05-28,44.38758850097656,44.757755279541016,43.8268928527832,44.0010871887207,1839021
2013-05-29,43.745235443115234,44.15895462036133,43.64725112915039,43.87044143676758,1795300
2013-05-30,43.91943359375,44.534568786621094,43.67991256713867,44.311378479003906,1981756
2013-05-31,44.55634307861328,45.362003326416016,43.47849655151367,43.48394012451172,4333667
2013-06-03,43.543819427490234,44.235164642333984,43.168209075927734,43.4240608215332,2479766
2013-06-04,43.34785079956055,43.78334045410156,42.65106201171875,43.097442626953125,1920032
2013-06-05,42.966793060302734,43.200870513916016,42.15568923950195,42.188350677490234,2791873
2013-06-06,42.389766693115234,43.168209075927734,41.8780632019043,42.661949157714844,3543389
2013-06-07,42.896026611328125,44.322265625,42.77082061767578,44.322265625,2213585
2013-06-10,44.91562271118164,44.9809455871582,44.093631744384766,44.54001235961914,1920767
2013-06-11,44.03375244140625,44.16984176635742,43.473052978515625,43.76700973510742,1622255
2013-06-12,44.15895462036133,44.15895462036133,42.966793060302734,42.99401092529297,1935647
2013-06-13,42.80348587036133,43.61458969116211,42.75993347167969,43.56559753417969,1800444
2013-06-14,43.603702545166016,43.728904724121094,43.113773345947266,43.38051223754883,1317496
2013-06-17,43.571041107177734,44.507347106933594,43.12466049194336,44.469242095947266,1964488
2013-06-18,44.48012924194336,45.579750061035156,44.2133903503418,45.54164505004883,2665120
2013-06-19,45.465431213378906,45.72672653198242,44.823081970214844,44.855743408203125,1566594
2013-06-20,44.197059631347656,44.25694274902344,42.85247802734375,43.11921691894531,2402061
2013-06-21,43.418617248535156,43.658138275146484,42.81981658935547,43.36418151855469,2345482
2013-06-24,42.841590881347656,44.235164642333984,42.117584228515625,43.71257400512695,2666406
2013-06-25,44.28960418701172,44.34403991699219,43.57648468017578,43.84866714477539,2343277
2013-06-26,44.00653076171875,44.57267379760742,43.63092041015625,44.10451889038086,2280636
2013-06-27,44.148067474365234,44.64344024658203,43.995643615722656,44.093631744384766,1503033
2013-06-28,43.892215728759766,44.0119743347168,43.02667236328125,43.20631408691406,5720234
2013-07-01,43.440391540527344,44.0283088684082,43.3424072265625,43.39684295654297,2282105
2013-07-02,43.41317367553711,43.92487716674805,43.20631408691406,43.38051223754883,2176845
2013-07-03,43.24986267089844,43.50027084350586,42.77082061767578,43.37506866455078,1179721
2013-07-05,43.8268928527832,43.8268928527832,43.19542694091797,43.5166015625,1782074
2013-07-08,43.7996711730957,44.686988830566406,43.72346115112305,44.25694274902344,2552879
2013-07-09,44.436580657958984,44.93195343017578,44.251495361328125,44.30049133300781,2391590
2013-07-10,44.496463775634766,44.73053741455078,44.0119743347168,44.52912521362305,1717044
2013-07-11,45.06804656982422,45.835601806640625,44.725093841552734,44.91562271118164,2583189
2013-07-12,44.8176383972168,45.08437728881836,44.48012924194336,44.735984802246094,1918747
2013-07-15,44.654327392578125,44.88296127319336,43.7996711730957,43.81056213378906,2402061
2013-07-16,43.79423141479492,44.28960418701172,43.603702545166016,44.148067474365234,2144146
2013-07-17,44.436580657958984,45.07893371582031,44.26238250732422,44.512794494628906,2032641
2013-07-18,44.801307678222656,46.107784271240234,44.801307678222656,45.868263244628906,1894498
2013-07-19,46.02613067626953,46.02613067626953,45.073490142822266,45.465431213378906,1974591
2013-07-22,45.34022903442383,45.5851936340332,44.83396911621094,44.92106628417969,1691326
2013-07-23,44.93739700317383,45.23679733276367,44.741424560546875,44.784976959228516,1832959
2013-07-24,44.708763122558594,44.71420669555664,43.97386932373047,44.36037063598633,2492625
2013-07-25,44.637996673583984,46.761024475097656,43.99020004272461,46.55416488647461,5688454
2013-07-26,46.194881439208984,47.049537658691406,45.84648895263672,46.40718460083008,2895112
2013-07-29,46.271095275878906,46.50517272949219,45.9716911315918,46.00979995727539,5152234
2013-07-30,46.14588928222656,46.73380661010742,46.00979995727539,46.66303634643555,3960756
2013-07-31,46.935218811035156,47.99129104614258,46.744693756103516,47.087642669677734,4254492
2013-08-01,47.60478973388672,48.029396057128906,47.27817153930664,47.47958755493164,2222586
2013-08-02,47.44148254394531,47.71910858154297,47.02231979370117,47.289058685302734,1779135
2013-08-05,47.250953674316406,47.272727966308594,46.75013732910156,46.92433166503906,1880170
2013-08-06,46.98965835571289,47.359825134277344,46.254764556884766,46.46162033081055,1660648
2013-08-07,46.3745231628418,46.445289611816406,45.476318359375,45.68317794799805,2393060
2013-08-08,45.906368255615234,46.281982421875,45.30756759643555,46.21665954589844,2368077
2013-08-09,46.11322784423828,46.34730529785156,45.9880256652832,46.069679260253906,1524526
2013-08-12,45.939029693603516,46.1731071472168,45.313011169433594,45.487205505371094,1846185
2013-08-13,45.35111618041992,45.890037536621094,45.04627227783203,45.851932525634766,2299740
2013-08-14,45.45454406738281,46.156776428222656,45.42188262939453,45.819271087646484,1791626
2013-08-15,45.55797576904297,45.85737609863281,45.11703872680664,45.748504638671875,1653484
2013-08-16,45.530757904052734,46.18399429321289,45.30756759643555,45.52531433105469,1446086
2013-08-19,45.650516510009766,46.35274887084961,45.02994155883789,45.07893371582031,1926095
2013-08-20,45.28579330444336,46.069679260253906,44.97550582885742,45.54164505004883,1531140
2013-08-21,45.61241149902344,45.72672653198242,45.13881301879883,45.247684478759766,948994
2013-08-22,45.47087478637695,46.869895935058594,45.41099548339844,46.60315704345703,1367463
2013-08-23,46.4833984375,46.597713470458984,46.037017822265625,46.43440246582031,1127367
2013-08-26,46.630374908447266,46.82090377807617,46.28742599487305,46.445289611816406,1084932
2013-08-27,45.86281967163086,46.23299026489258,45.86281967163086,45.98257827758789,1622071
2013-08-28,45.906368255615234,47.29994583129883,45.906368255615234,47.09308624267578,1264407
2013-08-29,46.92433166503906,47.016876220703125,46.45073318481445,46.62493133544922,1215176
2013-08-30,46.61948776245117,46.73380661010742,46.271095275878906,46.66303634643555,1680671
2013-09-03,47.3434944152832,47.58301544189453,47.02776336669922,47.272727966308594,1962651
2013-09-04,47.071311950683594,47.08219909667969,46.36907958984375,46.72291946411133,1460048
2013-09-05,46.70658874511719,47.033206939697266,46.31464385986328,46.341861724853516,1076298
2013-09-06,46.42351531982422,46.66303634643555,45.781166076660156,46.12955856323242,1633460
2013-09-09,46.439849853515625,46.92433166503906,46.40718460083008,46.87533950805664,1268265
2013-09-10,47.03865051269531,47.03865051269531,46.31464385986328,46.67937088012695,841346
2013-09-11,46.744693756103516,47.5449104309082,46.50517272949219,47.51224899291992,1262570
2013-09-12,47.446922302246094,47.827980041503906,47.07675552368164,47.47958755493164,1704001
2013-09-13,47.64289474487305,48.73162841796875,47.136634826660156,47.96951675415039,2657221
2013-09-16,48.557430267333984,48.992923736572266,48.10560607910156,48.43222427368164,1697388
2013-09-17,48.43767166137695,49.2215576171875,48.34512710571289,48.992923736572266,1112120
2013-09-18,49.063690185546875,50.22319030761719,48.889495849609375,50.21774673461914,2178315
2013-09-19,50.48992919921875,51.39902114868164,49.9183464050293,50.38650131225586,2558757
2013-09-20,50.332061767578125,50.593360900878906,49.4229736328125,49.67338180541992,3630279
2013-09-23,49.39030838012695,49.88568115234375,49.145347595214844,49.700599670410156,1323191
2013-09-24,49.64616012573242,49.79314041137695,49.118125915527344,49.18889617919922,1546938
2013-09-25,49.297767639160156,49.858463287353516,48.742515563964844,48.88404846191406,2970245
2013-09-26,48.992923736572266,49.88024139404297,48.81328201293945,49.76047897338867,2100610
2013-09-27,49.48829650878906,49.7169303894043,48.791507720947266,49.194339752197266,1399427
2013-09-30,48.443115234375,48.720741271972656,48.07294464111328,48.29613494873047,2295883
2013-10-01,48.43222427368164,48.78062057495117,47.96951675415039,48.37778854370117,2394897
2013-10-02,48.29613494873047,48.30702209472656,47.22373580932617,47.3543815612793,2890152
2013-10-03,47.207401275634766,47.53402328491211,46.64126205444336,47.00598907470703,1904785
2013-10-04,47.174739837646484,47.9586296081543,46.91344451904297,47.67011260986328,1916175
2013-10-07,46.956993103027344,47.577571868896484,46.40174102783203,46.815460205078125,3325154
2013-10-08,46.96788024902344,47.18018341064453,46.38541030883789,46.396297454833984,2619378
2013-10-09,46.39085388183594,47.55035400390625,46.13500213623047,47.234622955322266,4060689
2013-10-10,48.05661392211914,48.775177001953125,47.523136138916016,48.35057067871094,2561697
2013-10-11,48.18726348876953,48.878604888916016,48.00217819213867,48.42133712768555,1171455
2013-10-14,48.20903778076172,48.878604888916016,48.03483963012695,48.85683059692383,1162821
2013-10-15,48.63908386230469,48.93304443359375,47.98584747314453,48.4158935546875,1741660
2013-10-16,48.9003791809082,49.858463287353516,48.829612731933594,49.406639099121094,1584229
2013-10-17,49.21611404418945,49.700599670410156,48.22536849975586,48.75340270996094,1748089
2013-10-18,49.05280303955078,49.18889617919922,48.36145782470703,48.78606414794922,1348542
2013-10-21,48.878604888916016,48.992923736572266,48.27436065673828,48.60097885131836,1301515
2013-10-22,48.51388168334961,48.960262298583984,48.013065338134766,48.30702209472656,2873252
2013-10-23,47.96951675415039,48.19270324707031,47.158409118652344,47.915077209472656,3069260
2013-10-24,48.74795913696289,48.74795913696289,47.19651412963867,47.338050842285156,4455092
2013-10-25,47.60478973388672,48.00762176513672,46.81001663208008,47.795318603515625,4156029
2013-10-28,47.68644332885742,48.34512710571289,47.561241149902344,47.62112045288086,2290555
2013-10-29,47.8388671875,48.214481353759766,47.33260726928711,47.58845901489258,2507689
2013-10-30,47.7572135925293,48.46488952636719,46.396297454833984,47.016876220703125,2808589
2013-10-31,47.120304107666016,47.1420783996582,46.292869567871094,46.60315704345703,2001412
2013-11-01,46.66303634643555,47.11486053466797,45.87370681762695,46.53783416748047,2889785
2013-11-04,46.782798767089844,46.984214782714844,46.34730529785156,46.869895935058594,2087751
2013-11-05,46.80457305908203,46.80457305908203,45.9880256652832,45.9880256652832,2284126
2013-11-06,46.40174102783203,46.67392349243164,45.13881301879883,45.1823616027832,4073548
2013-11-07,45.3021240234375,45.416439056396484,43.94120788574219,44.11540603637695,4490914
2013-11-08,44.077301025390625,45.55797576904297,44.077301025390625,45.38922119140625,4131780
2013-11-11,45.231353759765625,45.45454406738281,44.888404846191406,45.345672607421875,1778767
2013-11-12,45.71583938598633,46.28742599487305,45.51987075805664,46.00979995727539,3844290
2013-11-13,45.9880256652832,46.271095275878906,45.37289047241211,46.18399429321289,2660895
2013-11-14,46.28742599487305,46.695701599121094,45.547088623046875,46.39085388183594,2577678
2013-11-15,46.40718460083008,46.782798767089844,45.85737609863281,46.33097457885742,3561208
2013-11-18,46.60315704345703,46.71747589111328,45.666847229003906,45.75394821166992,3137596
2013-11-19,45.75394821166992,46.16766357421875,45.345672607421875,45.764835357666016,2888866
2013-11-20,46.41807174682617,46.6575927734375,45.98257827758789,46.26020812988281,2274941
2013-11-21,46.559608459472656,47.80620574951172,46.40174102783203,47.724552154541016,2533958
2013-11-22,47.90419387817383,47.90419387817383,46.886226654052734,47.71366500854492,1773624
2013-11-25,47.7463264465332,47.93141174316406,47.18018341064453,47.648338317871094,3191788
2013-11-26,47.626564025878906,47.87152862548828,47.16929626464844,47.25639724731445,1525445
2013-11-27,47.087642669677734,47.22917938232422,46.50517272949219,46.67937088012695,1147390
2013-11-29,46.65214920043945,46.96788024902344,46.156776428222656,46.33097457885742,1004104
2013-12-02,46.325531005859375,46.60315704345703,45.75939178466797,46.05879211425781,2055052
2013-12-03,45.72672653198242,45.9716911315918,45.313011169433594,45.3946647644043,3009557
2013-12-04,45.345672607421875,45.57430648803711,44.96461486816406,45.465431213378906,1901295
2013-12-05,45.449100494384766,46.935218811035156,45.20413589477539,46.82634735107422,3511058
2013-12-06,47.4632568359375,47.81709289550781,46.43440246582031,46.63581848144531,2996698
2013-12-09,47.087642669677734,47.73543930053711,46.59226989746094,47.724552154541016,2533590
2013-12-10,47.67011260986328,48.24714279174805,47.27817153930664,47.9586296081543,3131350
2013-12-11,47.87152862548828,48.02395248413086,46.744693756103516,47.05498123168945,4881276
2013-12-12,47.09852981567383,47.62112045288086,46.96788024902344,47.446922302246094,2354667
2013-12-13,47.52857971191406,47.77354431152344,46.96788024902344,47.68644332885742,1918563
2013-12-16,47.593902587890625,47.778987884521484,46.80457305908203,47.446922302246094,2872150
2013-12-17,47.37071228027344,47.45781326293945,46.33641815185547,46.72835922241211,2776993
2013-12-18,46.72835922241211,46.72835922241211,44.670658111572266,46.07512283325195,7885690
2013-12-19,46.02613067626953,47.57212829589844,45.91725540161133,47.506805419921875,4594888
2013-12-20,47.84431076049805,48.51388168334961,47.68100357055664,48.301578521728516,4045625
2013-12-23,48.50843811035156,49.248775482177734,48.37778854370117,48.742515563964844,2707371
2013-12-24,49.23788833618164,49.23788833618164,48.590091705322266,49.16712188720703,487356
2013-12-26,49.063690185546875,49.54817581176758,49.063690185546875,49.150787353515625,1359380
2013-12-27,49.06913375854492,49.34675979614258,48.85683059692383,49.1126823425293,769519
2013-12-30,49.38486862182617,49.64072036743164,48.79695129394531,48.87316131591797,1068950
2013-12-31,48.80239486694336,49.18889617919922,48.64997482299805,48.87316131591797,1366361
2014-01-02,48.9276008605957,49.096351623535156,47.96951675415039,48.301578521728516,1483929
2014-01-03,48.19270324707031,48.36145782470703,47.3434944152832,47.67555618286133,1330355
2014-01-06,47.80076217651367,48.17093276977539,47.27817153930664,47.78987503051758,1993696
2014-01-07,47.915077209472656,49.09090805053711,47.75177001953125,47.82253646850586,2450558
2014-01-08,47.593902587890625,48.17093276977539,47.474143981933594,48.1328239440918,2754030
2014-01-09,48.18181610107422,48.443115234375,46.65214920043945,46.815460205078125,2573086
2014-01-10,46.956993103027344,47.033206939697266,46.43440246582031,46.82634735107422,1708410
2014-01-13,46.83723449707031,47.22373580932617,45.86281967163086,45.91725540161133,2245549
2014-01-14,46.1731071472168,47.06586837768555,46.1731071472168,47.0604248046875,2093445
2014-01-15,47.234622955322266,47.5449104309082,46.89711380004883,47.40337371826172,1928850
2014-01-16,47.53402328491211,48.57920455932617,47.321720123291016,48.486663818359375,3538429
2014-01-17,49.194339752197266,49.194339752197266,47.57212829589844,47.69733428955078,2285963
2014-01-21,47.811649322509766,49.335872650146484,47.811649322509766,49.3032112121582,1860697
2014-01-22,50.0925407409668,50.95808410644531,49.76047897338867,50.212303161621094,2731068
2014-01-23,50.157867431640625,50.6859016418457,49.586280822753906,50.010887145996094,2328949
2014-01-24,49.9074592590332,49.96733856201172,49.080020904541016,49.37397766113281,1856656
2014-01-27,49.18345260620117,49.3140983581543,47.996734619140625,48.64997482299805,1656239
2014-01-28,48.742515563964844,49.755035400390625,48.7370719909668,49.586280822753906,1670752
2014-01-29,49.40119934082031,49.86935043334961,48.65541458129883,49.134456634521484,2776626
2014-01-30,49.09090805053711,49.41753005981445,48.62275314331055,48.992923736572266,1918012
2014-01-31,48.829612731933594,50.59880065917969,48.67174530029297,50.52259063720703,4436906
2014-02-03,50.517147064208984,50.903648376464844,49.87479782104492,50.15242385864258,3306233
2014-02-04,50.517147064208984,52.525856018066406,50.430049896240234,52.057701110839844,4614177
2014-02-05,52.06858825683594,52.188350677490234,50.40283203125,51.23026657104492,6002214
2014-02-06,51.48611831665039,51.72563934326172,50.81654739379883,51.28470230102539,3186644
2014-02-07,51.30647659301758,51.79640579223633,50.25585174560547,51.30647659301758,3066504
2014-02-10,51.056068420410156,51.50244903564453,50.2830696105957,51.40446472167969,4541248
2014-02-11,51.65487289428711,52.172019958496094,51.442569732666016,52.11214065551758,2598988
2014-02-12,52.29722213745117,53.081111907958984,51.75830078125,51.861732482910156,3799100
2014-02-13,51.01251983642578,52.97768020629883,50.62602233886719,52.06314468383789,6095166
2014-02-14,52.36799240112305,53.20631408691406,52.11214065551758,53.168209075927734,3143291
2014-02-18,53.21175765991211,54.57811737060547,53.21175765991211,54.56178665161133,3795977
2014-02-19,54.34403991699219,55.49809646606445,54.251495361328125,54.44202423095703,3298150
2014-02-20,54.436580657958984,54.67610168457031,53.821449279785156,54.452911376953125,4770505
2014-02-21,54.49101638793945,55.09526443481445,54.20794677734375,54.87751770019531,2623787
2014-02-24,55.13336944580078,55.688621520996094,54.83396911621094,55.41099548339844,3166804
2014-02-25,55.30756759643555,55.617855072021484,54.735984802246094,55.11703872680664,2841104
2014-02-26,54.77953338623047,55.1823616027832,53.73979187011719,54.48012924194336,2810794
2014-02-27,54.349483489990234,55.127925872802734,54.311378479003906,55.06804656982422,2326928
2014-02-28,55.16603088378906,55.890037536621094,55.127925872802734,55.68317794799805,2256203
2014-03-03,55.231353759765625,55.96624755859375,54.57811737060547,54.82852554321289,2199256
2014-03-04,55.36744689941406,55.677734375,54.6978759765625,55.50898361206055,1696102
2014-03-05,55.56886291503906,55.5960807800293,54.46379852294922,54.654327392578125,3044093
2014-03-06,54.74686813354492,54.86663055419922,53.88132858276367,54.534568786621094,2437699
2014-03-07,54.670658111572266,54.801307678222656,54.452911376953125,54.79042053222656,3041154
2014-03-10,54.81219482421875,55.432769775390625,54.420249938964844,55.416439056396484,1645952
2014-03-11,55.313011169433594,55.71039581298828,54.56178665161133,54.79586410522461,1561817
2014-03-12,54.20794677734375,54.96461486816406,54.01742172241211,54.85029983520508,1562920
2014-03-13,54.85029983520508,55.35655975341797,54.54545593261719,54.959171295166016,1751947
2014-03-14,55.002723693847656,55.748504638671875,54.801307678222656,55.71583938598633,1654219
2014-03-17,55.9880256652832,56.271095275878906,55.547088623046875,56.07512283325195,2181805
2014-03-18,56.091453552246094,57.00598907470703,55.87370681762695,56.7773551940918,1648708
2014-03-19,56.701141357421875,56.90800094604492,55.69950866699219,56.14588928222656,1803016
2014-03-20,55.91181182861328,56.45073318481445,55.62329864501953,56.28742599487305,1769398
2014-03-21,56.69025421142578,56.69025421142578,55.781166076660156,56.22754669189453,3363731
2014-03-24,56.439849853515625,56.782798767089844,55.71583938598633,55.7866096496582,1541978
2014-03-25,56.053348541259766,56.24932098388672,53.859554290771484,53.93576431274414,4852068
2014-03-26,54.251495361328125,54.311378479003906,51.82906723022461,51.87261962890625,7164667
2014-03-27,51.87261962890625,53.015785217285156,51.36091613769531,52.71638488769531,4420006
2014-03-28,53.18998336791992,53.64725112915039,52.476863861083984,53.6363639831543,2794261
2014-03-31,53.78334045410156,53.87044143676758,52.661949157714844,52.78715133666992,2250509
2014-04-01,52.640174865722656,53.71257400512695,52.13935852050781,53.70168685913086,2241691
2014-04-02,53.86499786376953,55.1823616027832,53.63092041015625,55.13881301879883,3587294
2014-04-03,55.41099548339844,56.29831314086914,55.00816345214844,56.15133285522461,4306847
2014-04-04,56.59226989746094,56.614044189453125,55.69406509399414,56.178550720214844,3490116
2014-04-07,55.82471466064453,56.630374908447266,54.35492706298828,55.20413589477539,4726417
2014-04-08,55.08437728881836,56.02613067626953,54.496463775634766,55.98257827758789,4306479
2014-04-09,55.9880256652832,57.13119125366211,55.802940368652344,57.071311950683594,3967920
2014-04-10,56.918888092041016,57.103973388671875,55.634185791015625,55.802940368652344,3316704
2014-04-11,55.704952239990234,56.26565170288086,55.15514373779297,55.54164505004883,2237282
2014-04-14,55.60696792602539,56.15133285522461,55.20413589477539,55.579750061035156,1594149
2014-04-15,55.748504638671875,56.124114990234375,55.11703872680664,55.9989128112793,1944281
2014-04-16,56.55416488647461,56.559608459472656,55.634185791015625,56.379966735839844,2317376
2014-04-17,56.24387741088867,57.22373580932617,56.24387741088867,57.00598907470703,3335074
2014-04-21,56.92433166503906,57.561241149902344,56.39085388183594,57.47958755493164,3151006
2014-04-22,57.70277786254883,57.849754333496094,57.120304107666016,57.16929626464844,2400041
2014-04-23,57.16929626464844,57.87152862548828,57.16385269165039,57.474143981933594,2557288
2014-04-24,59.67882537841797,60.680458068847656,58.69352340698242,58.88404846191406,4303356
2014-04-25,58.791507720947266,58.791507720947266,57.16385269165039,57.29450225830078,2324724
2014-04-28,58.11104965209961,58.16548538208008,57.02776336669922,58.083831787109375,2481971
2014-04-29,58.49210739135742,59.2215576171875,58.42133712768555,59.0201416015625,2174641
2014-04-30,58.6173095703125,59.42841720581055,58.1219367980957,59.33042907714844,2775891
2014-05-01,59.37942123413086,59.83668899536133,58.35057067871094,59.47196578979492,4299131
2014-05-02,59.47196578979492,60.51170349121094,58.889495849609375,59.79314041137695,2965653
2014-05-05,59.4229736328125,59.98366928100586,59.03647232055664,59.37942123413086,1841225
2014-05-06,59.118125915527344,60.141536712646484,58.829612731933594,58.922157287597656,1706573
2014-05-07,59.42841720581055,59.68971252441406,58.44855880737305,59.18889617919922,2045500
2014-05-08,58.9384880065918,59.37942123413086,57.778987884521484,57.85519790649414,2422819
2014-05-09,57.99129104614258,58.18181610107422,56.82634735107422,57.18018341064453,7472916
2014-05-12,57.29450225830078,57.83342361450195,56.90800094604492,57.22917938232422,1669282
2014-05-13,57.305389404296875,57.71366500854492,56.695701599121094,56.88078308105469,1697939
2014-05-14,57.13119125366211,57.5557975769043,56.79368591308594,56.92977523803711,1426431
2014-05-15,56.799129486083984,56.799129486083984,55.56886291503906,56.12955856323242,2656302
2014-05-16,56.08056640625,56.124114990234375,55.503536224365234,55.83015823364258,1804118
2014-05-19,55.819271087646484,56.32008743286133,55.514427185058594,56.107784271240234,1607191
2014-05-20,56.08600997924805,56.47795486450195,55.93358612060547,56.13500213623047,1555939
2014-05-21,56.281982421875,56.89711380004883,56.1622200012207,56.71747589111328,1431023
2014-05-22,56.5650520324707,56.7664680480957,56.04790496826172,56.06423568725586,1541059
2014-05-23,56.27653884887695,56.3745231628418,55.547088623046875,55.62874221801758,2675591
2014-05-27,55.85737609863281,56.77191162109375,55.5960807800293,56.630374908447266,1895233
2014-05-28,56.761024475097656,57.16385269165039,56.32008743286133,56.79368591308594,1733577
2014-05-29,56.83723449707031,57.321720123291016,56.271095275878906,57.14752197265625,1555572
2014-05-30,56.89711380004883,58.26347351074219,56.494285583496094,58.18181610107422,3287679
2014-06-02,58.10560607910156,58.21992492675781,57.000545501708984,57.289058685302734,3119410
2014-06-03,57.25639724731445,58.013065338134766,57.11486053466797,57.811649322509766,1591026
2014-06-04,57.92596435546875,58.18726348876953,57.158409118652344,57.964073181152344,3004414
2014-06-05,57.97496032714844,58.116493225097656,57.59934616088867,58.00762176513672,2488033
2014-06-06,58.24714279174805,58.356014251708984,57.762657165527344,57.915077209472656,1318415
2014-06-09,57.80620574951172,58.07838821411133,56.87533950805664,57.01143264770508,1758376
2014-06-10,56.744693756103516,57.43603515625,55.60696792602539,55.87370681762695,3727640
2014-06-11,55.85737609863281,56.40174102783203,55.68317794799805,55.9880256652832,1919114
2014-06-12,56.14588928222656,57.16385269165039,55.86281967163086,56.956993103027344,3360424
2014-06-13,56.956993103027344,57.65922546386719,56.82634735107422,57.62112045288086,3555881
2014-06-16,57.52857971191406,57.9477424621582,57.39793014526367,57.93685531616211,2234894
2014-06-17,57.8388671875,58.470333099365234,57.7572135925293,58.43767166137695,2847534
2014-06-18,58.43767166137695,58.9384880065918,58.24714279174805,58.85138702392578,3011210
2014-06-19,58.95481872558594,59.232444763183594,58.590091705322266,59.04191589355469,2601559
2014-06-20,59.335872650146484,59.6243896484375,58.557430267333984,59.6243896484375,4679941
2014-06-23,59.48829650878906,59.86391067504883,59.118125915527344,59.35764694213867,3093692
2014-06-24,59.450191497802734,59.68971252441406,58.43222427368164,58.60097885131836,2684776
2014-06-25,58.470333099365234,59.21611404418945,58.116493225097656,58.18726348876953,1885313
2014-06-26,58.34512710571289,58.79695129394531,58.02395248413086,58.79695129394531,2252346
2014-06-27,58.606422424316406,58.878604888916016,57.82253646850586,58.25802993774414,3066872
2014-06-30,58.24714279174805,58.27436065673828,57.87697219848633,58.19270324707031,1973673
2014-07-01,58.08927536010742,58.63364028930664,57.59934616088867,58.116493225097656,2060012
2014-07-02,58.040283203125,58.36690139770508,57.811649322509766,58.03483963012695,1376648
2014-07-03,58.00217819213867,58.18726348876953,57.5449104309082,57.76810073852539,1142614
2014-07-07,57.408817291259766,57.62112045288086,56.581382751464844,57.06586837768555,2666589
2014-07-08,56.96788024902344,57.3434944152832,56.510616302490234,57.33260726928711,2018312
2014-07-09,57.27817153930664,57.691890716552734,56.92433166503906,57.56668472290039,1769950
2014-07-10,56.815460205078125,56.96788024902344,55.868263244628906,55.91181182861328,3098835
2014-07-11,55.86281967163086,56.01524353027344,55.05171585083008,55.47087478637695,2931117
2014-07-14,55.71583938598633,56.396297454833984,55.59063720703125,56.06423568725586,2269614
2014-07-15,56.292869567871094,56.396297454833984,55.79205322265625,55.88459396362305,2792056
2014-07-16,55.94991683959961,56.42351531982422,55.93358612060547,56.32008743286133,2541122
2014-07-17,56.32008743286133,56.32008743286133,53.946651458740234,54.02286148071289,4772526
2014-07-18,54.08818817138672,54.8067512512207,54.08818817138672,54.74686813354492,2622869
2014-07-21,54.708763122558594,54.708763122558594,54.077301025390625,54.10451889038086,2444863
2014-07-22,54.16984176635742,54.365814208984375,53.30974578857422,53.85411071777344,8130746
2014-07-23,54.164398193359375,54.507347106933594,53.79423141479492,54.39303207397461,2902827
2014-07-24,53.34785079956055,57.408817291259766,52.89058303833008,56.71202850341797,6964251
2014-07-25,55.5960807800293,55.879150390625,54.0283088684082,54.51823425292969,5263740
2014-07-28,54.54001235961914,54.741424560546875,53.892215728759766,53.96842575073242,2679448
2014-07-29,53.75067901611328,54.120849609375,53.369625091552734,53.527488708496094,2237650
2014-07-30,53.61458969116211,53.88132858276367,52.389766693115234,52.460533142089844,2549205
2014-07-31,52.19379425048828,52.19379425048828,51.039737701416016,51.0723991394043,3027743
2014-08-01,50.854652404785156,52.0413703918457,50.63690948486328,51.60588073730469,3115736
2014-08-04,51.85084533691406,52.60206985473633,51.57866287231445,52.31355667114258,2716372
2014-08-05,52.237342834472656,52.623844146728516,51.257484436035156,51.74197006225586,2432372
2014-08-06,51.72563934326172,52.221012115478516,51.355472564697266,51.64942932128906,1493297
2014-08-07,51.79096221923828,52.117584228515625,50.62057876586914,50.91453552246094,1756539
2014-08-08,51.29014587402344,51.970603942871094,50.97441482543945,51.801849365234375,1913236
2014-08-11,52.21556854248047,52.460533142089844,50.881874084472656,51.1812744140625,3412228
2014-08-12,51.0996208190918,51.2738151550293,50.446380615234375,50.647796630859375,2838900
2014-08-13,50.702232360839844,51.38813400268555,50.4953727722168,51.19760513305664,2224423
2014-08-14,51.355472564697266,51.68753433227539,50.95808410644531,51.110504150390625,1424594
2014-08-15,51.36635971069336,51.74197006225586,50.92542266845703,51.50789260864258,1736149
2014-08-18,51.513336181640625,51.82362365722656,51.12683868408203,51.6766471862793,1624827
2014-08-19,51.785518646240234,52.04681396484375,51.46978759765625,51.63309860229492,1505422
2014-08-20,51.43712615966797,51.78007507324219,51.0887336730957,51.660316467285156,994001
2014-08-21,51.56232833862305,51.81818389892578,51.00163269042969,51.69297790527344,1690959
2014-08-22,51.627655029296875,51.96516036987305,51.13228225708008,51.73652648925781,1639155
2014-08-25,52.351661682128906,52.83070373535156,51.89439392089844,52.678279876708984,1459313
2014-08-26,52.8470344543457,53.91399002075195,52.58573913574219,53.418617248535156,3036194
2014-08-27,53.418617248535156,53.77790069580078,53.01034164428711,53.168209075927734,1573942
2014-08-28,53.130104064941406,53.6254768371582,52.814369201660156,53.3424072265625,1431390
2014-08-29,53.21175765991211,53.95753860473633,53.10832977294922,53.92487716674805,1365993
2014-09-02,53.92487716674805,54.0010871887207,52.7381591796875,53.113773345947266,1687285
2014-09-03,53.24986267089844,53.369625091552734,52.48775100708008,52.52041244506836,1350746
2014-09-04,52.607513427734375,52.87425231933594,52.00870895385742,52.204681396484375,1782257
2014-09-05,52.204681396484375,52.678279876708984,51.78007507324219,52.49863815307617,1411000
2014-09-08,52.52041244506836,52.52041244506836,51.513336181640625,51.79096221923828,1219952
2014-09-09,51.97604751586914,53.17365264892578,51.8671760559082,52.204681396484375,2143412
2014-09-10,52.259117126464844,52.39521026611328,51.600433349609375,52.03048324584961,1389874
2014-09-11,51.49156188964844,52.28089141845703,51.0887336730957,52.18290710449219,2900623
2014-09-12,51.8780632019043,52.035926818847656,51.295589447021484,51.393577575683594,1650177
2014-09-15,51.40446472167969,52.476863861083984,51.170387268066406,51.89439392089844,1679753
2014-09-16,51.627655029296875,52.406097412109375,51.627655029296875,52.07403564453125,2379650
2014-09-17,52.50408172607422,53.26074981689453,52.291778564453125,52.66739273071289,3710924
2014-09-18,52.61295700073242,52.99401092529297,51.56232833862305,51.60588073730469,1940239
2014-09-19,51.74197006225586,51.95427322387695,50.84376525878906,50.881874084472656,2832287
2014-09-22,50.881874084472656,50.952640533447266,49.74959182739258,49.989112854003906,2316641
2014-09-23,49.972782135009766,50.44093704223633,49.82035827636719,49.84757614135742,2656302
2014-09-24,49.722373962402344,50.18508529663086,48.86771774291992,49.74959182739258,1753968
2014-09-25,49.77680969238281,49.78225326538086,49.05824661254883,49.53184509277344,2625073
2014-09-26,49.37397766113281,50.74578094482422,49.265106201171875,50.141536712646484,2718944
2014-09-29,49.667938232421875,50.60969161987305,49.48829650878906,50.53892135620117,2056338
2014-09-30,50.61513137817383,50.919979095458984,49.59172439575195,49.83124542236328,2645647
2014-10-01,49.98366928100586,50.277626037597656,48.85683059692383,48.93304443359375,2564452
2014-10-02,48.46488952636719,49.395755767822266,47.92596435546875,49.05280303955078,2519813
2014-10-03,49.1290168762207,49.34675979614258,48.50843811035156,49.18889617919922,1487235
2014-10-06,49.17256546020508,49.406639099121094,48.41045379638672,48.6173095703125,1731373
2014-10-07,48.16548538208008,48.9384880065918,47.67555618286133,47.67555618286133,2411797
2014-10-08,47.637451171875,48.22536849975586,46.646705627441406,48.17093276977539,3321112
2014-10-09,47.93685531616211,47.93685531616211,45.88459396362305,45.89548110961914,3974901
2014-10-10,45.764835357666016,46.1731071472168,44.469242095947266,44.65977096557617,4727703
2014-10-13,44.65977096557617,45.073490142822266,42.29722213745117,42.35710525512695,4776016
2014-10-14,42.61295700073242,43.658138275146484,42.204681396484375,42.6565055847168,4416515
2014-10-15,41.8780632019043,44.768646240234375,41.480674743652344,44.741424560546875,5346405
2014-10-16,43.571041107177734,47.071311950683594,43.571041107177734,46.41807174682617,5115127
2014-10-17,46.97332763671875,47.539466857910156,44.79042053222656,45.41099548339844,3843923
2014-10-20,45.329341888427734,45.94991683959961,44.46379852294922,45.23679733276367,2540755
2014-10-21,45.86281967163086,46.581382751464844,45.69406509399414,46.412628173828125,3047216
2014-10-22,46.40718460083008,47.00598907470703,45.05171585083008,45.12248229980469,2847901
2014-10-23,45.45454406738281,48.470333099365234,45.01361083984375,47.71366500854492,4394655
2014-10-24,48.79695129394531,49.009254455566406,47.24551010131836,48.39411926269531,3933384
2014-10-27,47.68100357055664,47.78987503051758,46.254764556884766,47.16929626464844,3608052
2014-10-28,47.46870040893555,49.537288665771484,47.04409408569336,49.352203369140625,3778893
2014-10-29,49.923789978027344,50.4844856262207,48.69352340698242,49.031028747558594,4052238
2014-10-30,48.829612731933594,49.18889617919922,48.02395248413086,48.49755096435547,1736149
2014-10-31,48.56287384033203,51.28470230102539,48.09471893310547,51.192161560058594,4429742
2014-11-03,51.25204086303711,51.932498931884766,49.83668899536133,50.01633071899414,2611847
2014-11-04,49.34675979614258,50.63690948486328,48.78606414794922,50.604244232177734,3814714
2014-11-05,50.93086624145508,53.07022476196289,50.56069564819336,52.825260162353516,5334281
2014-11-06,52.70005416870117,54.35492706298828,52.23189926147461,54.30049133300781,5641060
2014-11-07,54.14262390136719,54.79042053222656,53.39684295654297,53.69624328613281,4079977
2014-11-10,53.89765930175781,54.420249938964844,51.83451461791992,52.14480209350586,3422882
2014-11-11,51.959716796875,52.6565055847168,51.50789260864258,52.41698455810547,2263184
2014-11-12,51.6657600402832,52.172019958496094,51.18671798706055,51.30647659301758,2280819
2014-11-13,51.03429412841797,51.371803283691406,49.40119934082031,49.85301971435547,3672530
2014-11-14,49.956451416015625,50.81654739379883,49.71148681640625,50.62602233886719,2166190
2014-11-17,50.479042053222656,51.13228225708008,50.13608932495117,50.65868377685547,2898419
2014-11-18,50.40827560424805,51.32825469970703,49.684268951416016,50.94175338745117,3546880
2014-11-19,51.25204086303711,52.44964599609375,50.936309814453125,52.22645568847656,3990331
2014-11-20,52.02503967285156,53.44583511352539,51.948829650878906,52.39521026611328,2742641
2014-11-21,53.19542694091797,53.34785079956055,51.3826904296875,51.72563934326172,3270779
2014-11-24,51.497005462646484,51.79096221923828,50.83287811279297,51.4643440246582,2842023
2014-11-25,51.513336181640625,51.81818389892578,50.46815490722656,50.89276123046875,2888499
2014-11-26,50.79477310180664,50.94175338745117,50.201416015625,50.32661819458008,2197419
2014-11-28,48.69352340698242,50.865543365478516,47.99129104614258,49.52640151977539,3049787
2014-12-01,48.99836730957031,49.9074592590332,48.5247688293457,49.798583984375,2828245
2014-12-02,49.06913375854492,49.71148681640625,48.54654312133789,48.58464813232422,4004660
2014-12-03,49.047359466552734,49.433860778808594,48.79695129394531,49.02558517456055,2639034
2014-12-04,48.46488952636719,48.91671371459961,47.408817291259766,47.41426086425781,3209239
2014-12-05,47.41970443725586,47.81709289550781,46.22209930419922,47.43059158325195,3545594
2014-12-08,44.34403991699219,46.58682632446289,43.5166015625,43.83233642578125,5876747
2014-12-09,43.75612258911133,44.42569351196289,42.78715133666992,43.40773010253906,4083651
2014-12-10,43.658138275146484,43.658138275146484,42.06314468383789,42.188350677490234,3051441
2014-12-11,42.221012115478516,44.00653076171875,42.117584228515625,42.640174865722656,3496913
2014-12-12,42.4550895690918,43.71257400512695,42.15568923950195,43.02667236328125,2981267
2014-12-15,43.47849655151367,44.07185745239258,42.34077453613281,42.438758850097656,2993575
2014-12-16,41.785518646240234,44.42569351196289,41.65487289428711,42.2536735534668,2703880
2014-12-17,42.49863815307617,44.02286148071289,42.406097412109375,43.505714416503906,3218424
2014-12-18,44.523681640625,44.92106628417969,43.11921691894531,44.910179138183594,3844841
2014-12-19,45.547088623046875,45.59063720703125,42.46597671508789,43.87044143676758,6387249
2014-12-22,43.1409912109375,43.200870513916016,41.682090759277344,42.27000427246094,4749564
2014-12-23,42.607513427734375,42.93413162231445,42.22645568847656,42.68372344970703,2552144
2014-12-24,42.41698455810547,42.607513427734375,41.87261962890625,42.15568923950195,983530
2014-12-26,42.39521026611328,42.678279876708984,41.023406982421875,41.295589447021484,2849738
2014-12-29,41.513336181640625,42.117584228515625,41.42079544067383,41.76374435424805,2237099
2014-12-30,41.57866287231445,42.34621810913086,40.8709831237793,41.03429412841797,2321050
2014-12-31,40.8873176574707,41.93794250488281,40.4844856262207,41.208492279052734,1842511
2015-01-02,41.458900451660156,42.70549774169922,40.97441482543945,42.19923782348633,4219038
2015-01-05,42.19923782348633,42.19923782348633,39.81491470336914,39.94556427001953,3342789
2015-01-06,39.86391067504883,40.40283203125,39.24333190917969,39.48829650878906,3724334
2015-01-07,39.94556427001953,40.25585174560547,39.23788833618164,39.54273223876953,2507321
2015-01-08,39.787696838378906,41.31736373901367,39.44474792480469,41.12683868408203,2774237
2015-01-09,41.0996208190918,41.67120361328125,40.6859016418457,41.41535186767578,2434944
2015-01-12,40.79477310180664,40.79477310180664,39.38486862182617,39.5155143737793,2578781
2015-01-13,39.7060432434082,40.28851318359375,39.118125915527344,39.537288665771484,1688570
2015-01-14,39.281436920166016,39.96189498901367,38.829612731933594,39.858463287353516,2565922
2015-01-15,40.56069564819336,40.57158279418945,39.433860778808594,39.482852935791016,2340889
2015-01-16,39.569950103759766,41.241153717041016,39.569950103759766,41.14861297607422,2048071
2015-01-20,40.17964172363281,40.566139221191406,39.57539367675781,40.315731048583984,2504382
2015-01-21,40.77299880981445,41.916168212890625,40.391944885253906,41.78007507324219,2664752
2015-01-22,41.916168212890625,42.30266571044922,40.39738845825195,41.295589447021484,2492258
2015-01-23,41.279258728027344,41.643985748291016,40.82743453979492,40.86009979248047,1299126
2015-01-26,40.82743453979492,41.545997619628906,40.430049896240234,41.0723991394043,1520669
2015-01-27,40.952640533447266,41.58954620361328,40.46815490722656,40.8982048034668,1711349
2015-01-28,40.52803421020508,41.02885055541992,39.68971252441406,40.103431701660156,3119042
2015-01-29,40.32661819458008,40.65868377685547,38.97114944458008,40.13064956665039,2305802
2015-01-30,39.67338180541992,41.01251983642578,39.194339752197266,40.52259063720703,2574188
2015-02-02,41.0723991394043,41.40446472167969,40.11975860595703,41.137725830078125,2422636
2015-02-03,41.78007507324219,42.23189926147461,40.968971252441406,41.8399543762207,3266186
2015-02-04,41.0887336730957,41.6766471862793,40.00544357299805,40.55525207519531,4820472
2015-02-05,41.32825469970703,43.45127868652344,41.32825469970703,42.12847137451172,5401699
2015-02-06,42.912357330322266,43.19542694091797,41.899837493896484,42.97223663330078,4485587
2015-02-09,43.00489807128906,43.83233642578125,42.83070373535156,43.51115798950195,5107044
2015-02-10,43.53293228149414,44.768646240234375,42.77626419067383,44.583560943603516,4760402
2015-02-11,43.8268928527832,45.13336944580078,43.37506866455078,44.523681640625,3807183
2015-02-12,44.9809455871582,45.05171585083008,43.66358184814453,43.95753860473633,2433658
2015-02-13,44.45835494995117,44.54001235961914,43.554710388183594,44.19161605834961,2105018
2015-02-17,43.88677215576172,44.654327392578125,43.75612258911133,44.4148063659668,2895847
2015-02-18,44.03375244140625,44.84485626220703,43.7996711730957,44.148067474365234,3285291
2015-02-19,42.61840057373047,45.247684478759766,42.61840057373047,44.40936279296875,2153148
2015-02-20,44.42569351196289,45.06260299682617,43.78334045410156,44.164398193359375,2701125
2015-02-23,43.59825897216797,44.485572814941406,43.44583511352539,43.63092041015625,2402245
2015-02-24,43.908546447753906,44.57811737060547,43.4349479675293,44.507347106933594,2765787
2015-02-25,44.61077880859375,45.432769775390625,44.2025032043457,45.416439056396484,2484359
2015-02-26,45.10615158081055,45.28579330444336,43.2335319519043,43.418617248535156,3190318
2015-02-27,43.70168685913086,43.761566162109375,43.255306243896484,43.44583511352539,1963753
2015-03-02,43.543819427490234,44.333152770996094,43.34785079956055,43.91399002075195,2724087
2015-03-03,43.88132858276367,45.32389831542969,43.77245330810547,44.76320266723633,3270044
2015-03-04,44.84485626220703,44.87751770019531,43.39139938354492,44.0119743347168,2155536
2015-03-05,43.821449279785156,44.0119743347168,43.24986267089844,43.84866714477539,1876863
2015-03-06,43.353294372558594,43.79423141479492,43.11921691894531,43.29341125488281,1410265
2015-03-09,43.0212287902832,43.15732192993164,41.92705535888672,41.92705535888672,2619195
2015-03-10,41.67120361328125,41.948829650878906,41.23571014404297,41.4752311706543,2208074
2015-03-11,41.50244903564453,42.389766693115234,41.14316940307617,42.21012496948242,3006802
2015-03-12,42.31899642944336,42.47142028808594,41.49156188964844,41.513336181640625,2375608
2015-03-13,41.154056549072266,41.53511047363281,40.6967887878418,41.497005462646484,2141391
2015-03-16,41.16494369506836,42.12302780151367,41.0996208190918,42.10669708251953,1838286
2015-03-17,42.06314468383789,42.57484817504883,41.8780632019043,42.150245666503906,2015005
2015-03-18,41.79096221923828,43.26074981689453,41.6657600402832,43.015785217285156,2276043
2015-03-19,42.29722213745117,42.841590881347656,42.13935852050781,42.694610595703125,1422389
2015-03-20,42.99401092529297,43.674468994140625,42.912357330322266,42.96134948730469,3238447
2015-03-23,43.097442626953125,43.48394012451172,42.8470344543457,42.85247802734375,1310883
2015-03-24,43.015785217285156,43.53837966918945,42.83070373535156,43.36418151855469,1324293
2015-03-25,43.66358184814453,44.46379852294922,43.26619338989258,44.14262390136719,1827999
2015-03-26,44.735984802246094,44.96461486816406,43.33696365356445,43.51115798950195,1607008
2015-03-27,43.16276550292969,43.88677215576172,42.89058303833008,43.587371826171875,1600394
2015-03-30,43.93576431274414,45.089820861816406,43.77245330810547,45.0190544128418,1979184
2015-03-31,44.52912521362305,45.416439056396484,44.27871322631836,45.111595153808594,2451109
2015-04-01,45.378334045410156,45.939029693603516,44.8067512512207,45.073490142822266,2184560
2015-04-02,44.8176383972168,46.13500213623047,44.621665954589844,46.05879211425781,2351911
2015-04-06,46.21665954589844,46.48884201049805,45.748504638671875,45.84104537963867,1862534
2015-04-07,46.004356384277344,46.23299026489258,45.764835357666016,45.84104537963867,1795300
2015-04-08,45.890037536621094,46.06423568725586,45.35111618041992,45.38922119140625,2330235
2015-04-09,45.62874221801758,46.51605987548828,45.127925872802734,46.33097457885742,3260859
2015-04-10,46.439849853515625,46.53239059448242,45.62874221801758,46.08600997924805,2018128
2015-04-13,46.23299026489258,46.40174102783203,45.274906158447266,45.313011169433594,1695735
2015-04-14,45.617855072021484,46.27653884887695,45.465431213378906,46.053348541259766,2049357
2015-04-15,46.46706771850586,47.95318603515625,46.03157424926758,47.86064147949219,2786178
2015-04-16,47.593902587890625,48.5247688293457,47.3434944152832,47.48503112792969,3105816
2015-04-17,47.01143264770508,47.65922546386719,46.89711380004883,47.56668472290039,2226995
2015-04-20,47.36526870727539,47.51224899291992,46.61948776245117,47.1420783996582,2250141
2015-04-21,47.36526870727539,47.539466857910156,46.85356521606445,47.05498123168945,2283391
2015-04-22,47.3543815612793,47.77354431152344,46.89167022705078,47.51769256591797,2244447
2015-04-23,48.356014251708984,49.450191497802734,47.55035400390625,47.65378189086914,5582827
2015-04-24,47.78443145751953,48.31246566772461,46.71202850341797,47.136634826660156,2514853
2015-04-27,47.21284866333008,47.474143981933594,46.54872131347656,46.86445236206055,2589068
2015-04-28,46.82634735107422,47.626564025878906,46.59226989746094,47.61567687988281,2067727
2015-04-29,47.48503112792969,48.704410552978516,47.24551010131836,48.66630554199219,2230669
2015-04-30,48.8187255859375,49.76592254638672,47.778987884521484,48.960262298583984,2696349
2015-05-01,49.07457733154297,49.37942123413086,48.73162841796875,48.98203659057617,3004414
2015-05-04,48.99836730957031,49.335872650146484,48.688079833984375,48.82416915893555,1672589
2015-05-05,49.30865478515625,49.956451416015625,48.47577667236328,48.50843811035156,2146167
2015-05-06,48.889495849609375,48.98748016357422,48.01850891113281,48.24169921875,1425145
2015-05-07,48.01850891113281,48.09471893310547,47.523136138916016,47.9477424621582,1735965
2015-05-08,48.573760986328125,49.49374008178711,47.58845901489258,49.45563507080078,2075994
2015-05-11,49.53184509277344,49.55906295776367,48.20903778076172,48.922157287597656,2318661
2015-05-12,49.10723876953125,50.51170349121094,48.76973342895508,50.05443572998047,3678776
2015-05-13,50.00544357299805,50.043548583984375,48.75340270996094,48.96570587158203,2306354
2015-05-14,49.05824661254883,49.68971252441406,48.557430267333984,49.42841720581055,1949424
2015-05-15,49.09090805053711,49.42841720581055,48.45944595336914,49.34675979614258,1808159
2015-05-18,49.118125915527344,49.32498550415039,48.56831741333008,48.7370719909668,3310090
2015-05-19,48.36690139770508,48.66630554199219,47.58845901489258,47.980403900146484,3782567
2015-05-20,48.25802993774414,48.25802993774414,47.37071228027344,47.92596435546875,2064972
2015-05-21,48.24169921875,48.50843811035156,47.7572135925293,48.198150634765625,1666894
2015-05-22,47.708221435546875,48.454002380371094,47.65378189086914,48.12738037109375,914826
2015-05-26,47.62112045288086,48.067501068115234,47.08219909667969,47.3434944152832,1500645
2015-05-27,47.28361511230469,47.778987884521484,46.90800094604492,47.68644332885742,1301331
2015-05-28,47.446922302246094,47.53402328491211,46.53783416748047,46.61948776245117,1909194
2015-05-29,46.84267807006836,47.120304107666016,45.99346923828125,46.309200286865234,2954815
2015-06-01,46.28742599487305,46.428958892822266,46.05879211425781,46.238433837890625,1465742
2015-06-02,46.20576858520508,46.70658874511719,45.7866096496582,46.30375671386719,2402612
2015-06-03,46.238433837890625,46.51605987548828,45.66140365600586,46.30375671386719,1856840
2015-06-04,45.939029693603516,46.26565170288086,45.666847229003906,45.71583938598633,1491277
2015-06-05,45.36744689941406,46.54872131347656,45.329341888427734,45.75394821166992,1708961
2015-06-08,45.71583938598633,46.194881439208984,45.291236877441406,45.748504638671875,1759662
2015-06-09,46.15133285522461,47.56668472290039,46.15133285522461,46.85356521606445,2401694
2015-06-10,47.40337371826172,47.47958755493164,46.358192443847656,46.695701599121094,1524159
2015-06-11,46.646705627441406,46.815460205078125,46.26020812988281,46.38541030883789,2038335
2015-06-12,46.11322784423828,46.18943786621094,45.764835357666016,45.906368255615234,1034415
2015-06-15,45.64507293701172,46.06423568725586,45.3946647644043,45.819271087646484,1317496
2015-06-16,45.82471466064453,46.35274887084961,45.64507293701172,46.07512283325195,1165025
2015-06-17,46.46706771850586,46.80457305908203,45.99346923828125,46.18399429321289,2382222
2015-06-18,46.292869567871094,46.62493133544922,44.74686813354492,44.93739700317383,3108939
2015-06-19,44.670658111572266,45.057159423828125,44.19161605834961,44.54001235961914,4153641
2015-06-22,44.725093841552734,45.160587310791016,44.01742172241211,44.735984802246094,2603764
2015-06-23,44.69243240356445,45.89548110961914,44.56178665161133,45.802940368652344,2767624
2015-06-24,45.835601806640625,46.281982421875,45.432769775390625,45.69406509399414,1762602
2015-06-25,45.666847229003906,45.666847229003906,45.01361083984375,45.215023040771484,3659120
2015-06-26,45.002723693847656,45.247684478759766,44.54001235961914,44.63255310058594,7454730
2015-06-29,44.218833923339844,44.97550582885742,44.120849609375,44.24605178833008,2431270
2015-06-30,44.61077880859375,44.93739700317383,44.12629318237305,44.27871322631836,1557225
2015-07-01,44.295047760009766,44.45835494995117,43.39139938354492,43.66358184814453,2151678
2015-07-02,43.75612258911133,44.19161605834961,43.57648468017578,43.6363639831543,1762602
2015-07-06,43.09199905395508,43.369625091552734,42.422428131103516,42.509525299072266,2517792
2015-07-07,42.67283630371094,42.90691375732422,41.78007507324219,42.727272033691406,3559555
2015-07-08,42.6565055847168,42.912357330322266,41.8780632019043,42.003265380859375,2882069
2015-07-09,42.749046325683594,43.24441909790039,42.18290710449219,42.21012496948242,2999821
2015-07-10,42.36799240112305,42.71638488769531,41.611324310302734,41.67120361328125,2472969
2015-07-13,41.8399543762207,42.34077453613281,41.643985748291016,42.259117126464844,3455764
2015-07-14,42.23189926147461,42.87425231933594,42.1611328125,42.798038482666016,1520485
2015-07-15,42.63473129272461,42.950462341308594,41.42079544067383,41.55144119262695,2752377
2015-07-16,41.85084533691406,42.019596099853516,41.46978759765625,41.76374435424805,2658139
2015-07-17,41.57866287231445,41.79096221923828,40.854652404785156,40.95808410644531,2423187
2015-07-20,40.751224517822266,40.96352767944336,39.59172439575195,39.667938232421875,3106367
2015-07-21,40.010887145996094,40.201416015625,39.76047897338867,40.010887145996094,2335194
2015-07-22,39.62982940673828,40.38650131225586,39.35764694213867,39.39030838012695,3405614
2015-07-23,38.84049987792969,41.91072463989258,38.84049987792969,41.51877975463867,7503594
2015-07-24,40.95808410644531,41.594993591308594,39.940120697021484,40.43549346923828,5572907
2015-07-27,39.96733856201172,42.34077453613281,39.499183654785156,41.23571014404297,5718765
2015-07-28,41.50789260864258,42.781707763671875,40.903648376464844,42.29722213745117,4126453
2015-07-29,42.21012496948242,42.87425231933594,41.78007507324219,42.32988739013672,2953345
2015-07-30,42.084922790527344,42.460533142089844,41.5841064453125,42.14480209350586,2703513
2015-07-31,41.82906723022461,42.591182708740234,41.75830078125,41.83451461791992,2173171
2015-08-03,41.339141845703125,41.79096221923828,40.69134521484375,40.789329528808594,3452274
2015-08-04,41.121395111083984,41.154056549072266,40.32117462158203,40.65868377685547,2756235
2015-08-05,41.224822998046875,41.83451461791992,40.446380615234375,40.52259063720703,2525508
2015-08-06,40.19597244262695,41.5841064453125,39.80402755737305,41.26837158203125,2658690
2015-08-07,41.04518127441406,41.64942932128906,40.2830696105957,40.43549346923828,2343828
2015-08-10,40.72400665283203,41.81273651123047,40.59880065917969,41.747413635253906,1694265
2015-08-11,40.767555236816406,41.643985748291016,40.0,41.43168258666992,2241875
2015-08-12,41.39902114868164,42.8579216003418,41.039737701416016,42.83070373535156,2311497
2015-08-13,42.39521026611328,43.11921691894531,41.883506774902344,42.6565055847168,2061665
2015-08-14,42.63473129272461,43.2335319519043,42.351661682128906,42.591182708740234,1526180
2015-08-17,42.10669708251953,42.93413162231445,41.76374435424805,42.71638488769531,1149962
2015-08-18,42.308109283447266,42.950462341308594,41.8780632019043,42.26456069946289,1714840
2015-08-19,41.845401763916016,42.117584228515625,40.549808502197266,41.056068420410156,1959161
2015-08-20,40.99618911743164,41.3826904296875,40.39738845825195,40.39738845825195,1662669
2015-08-21,40.26673889160156,41.18671798706055,39.84757614135742,40.41916275024414,2408123
2015-08-24,38.405006408691406,40.63690948486328,38.23625564575195,38.61186599731445,3414248
2015-08-25,40.228633880615234,40.413719177246094,38.742515563964844,38.74795913696289,2807120
2015-08-26,39.66249465942383,40.500816345214844,38.862274169921875,40.46815490722656,2752561
2015-08-27,41.25204086303711,42.351661682128906,40.903648376464844,41.88895034790039,4754707
2015-08-28,41.70386505126953,43.09199905395508,41.43168258666992,42.30266571044922,2824020
2015-08-31,41.98149108886719,42.77082061767578,41.24659729003906,42.362548828125,2288718
2015-09-01,40.95808410644531,42.19379425048828,40.82743453979492,41.077842712402344,3463296
2015-09-02,41.529666900634766,42.14480209350586,40.228633880615234,41.039737701416016,2166558
2015-09-03,41.21937942504883,42.0522575378418,40.446380615234375,40.865543365478516,2742090
2015-09-04,40.52803421020508,40.63146209716797,39.76047897338867,39.825801849365234,2640504
2015-09-08,40.201416015625,40.821990966796875,39.77680969238281,40.72945022583008,2028048
2015-09-09,40.90909194946289,41.627655029296875,39.61349868774414,39.684268951416016,1824141
2015-09-10,39.59172439575195,40.174198150634766,39.031028747558594,39.738704681396484,2996514
2015-09-11,39.17256546020508,39.667938232421875,38.922157287597656,39.5155143737793,2835777
2015-09-14,39.39030838012695,39.51007080078125,38.889495849609375,39.18345260620117,2161414
2015-09-15,39.40119934082031,39.87479782104492,39.232444763183594,39.798583984375,2026027
2015-09-16,39.86391067504883,40.63690948486328,39.798583984375,40.5770263671875,1992961
2015-09-17,40.62057876586914,41.442569732666016,40.299400329589844,40.63146209716797,2452395
2015-09-18,39.923789978027344,40.31028747558594,39.7060432434082,40.141536712646484,3413697
2015-09-21,40.364723205566406,40.71311950683594,39.923789978027344,40.16875457763672,1594149
2015-09-22,39.61349868774414,40.38650131225586,39.412086486816406,39.66249465942383,1926646
2015-09-23,39.858463287353516,40.00544357299805,39.03647232055664,39.248775482177734,1863820
2015-09-24,38.976593017578125,39.34675979614258,38.5247688293457,38.60097885131836,4276169
2015-09-25,38.894935607910156,39.063690185546875,37.849754333496094,38.11104965209961,2822918
2015-09-28,37.78443145751953,38.01850891113281,36.412628173828125,36.559608459472656,3456499
2015-09-29,36.630374908447266,37.103973388671875,35.313011169433594,35.416439056396484,4553188
2015-09-30,35.781166076660156,35.80838394165039,34.34403991699219,35.258575439453125,7090085
2015-10-01,36.037017822265625,36.526947021484375,34.959171295166016,35.23679733276367,3072015
2015-10-02,34.93739700317383,37.22373580932617,34.93195343017578,37.207401275634766,2957937
2015-10-05,37.61567687988281,38.74795913696289,37.3434944152832,38.720741271972656,3750419
2015-10-06,38.81328201293945,40.190528869628906,38.628196716308594,39.265106201171875,4619871
2015-10-07,40.48992919921875,40.5770263671875,39.210670471191406,39.83124542236328,2811161
2015-10-08,39.92923355102539,41.00163269042969,39.858463287353516,40.838321685791016,2404633
2015-10-09,40.96352767944336,41.17583084106445,40.11431884765625,40.549808502197266,2619929
2015-10-12,40.53892135620117,40.55525207519531,39.88024139404297,40.48992919921875,2211564
2015-10-13,40.14698028564453,40.76211166381836,39.553619384765625,40.0925407409668,2273288
2015-10-14,40.059879302978516,40.79477310180664,39.85301971435547,40.61513137817383,1403835
2015-10-15,40.62602233886719,41.64942932128906,40.027217864990234,41.643985748291016,1860881
2015-10-16,41.80729675292969,42.23189926147461,41.24659729003906,41.611324310302734,2039437
2015-10-19,41.371803283691406,41.56777572631836,40.77299880981445,40.90909194946289,2339236
2015-10-20,40.865543365478516,41.986934661865234,40.261295318603516,41.26837158203125,1969264
2015-10-21,41.192161560058594,41.35002517700195,40.33750534057617,40.43549346923828,3330481
2015-10-22,40.32661819458008,40.32661819458008,37.071311950683594,37.191070556640625,7088983
2015-10-23,37.42515182495117,38.644527435302734,36.902557373046875,37.80076217651367,6752261
2015-10-26,38.1328239440918,38.29069137573242,36.53783416748047,36.58682632446289,4126086
2015-10-27,36.00979995727539,36.04246139526367,34.8067512512207,34.84485626220703,8197245
2015-10-28,34.86663055419922,35.49809646606445,34.36037063598633,34.855743408203125,6266926
2015-10-29,34.888404846191406,36.379966735839844,34.823081970214844,36.22209930419922,3405431
2015-10-30,36.069679260253906,36.309200286865234,35.22046661376953,35.96624755859375,3886908
2015-11-02,35.74305725097656,36.684810638427734,35.69406509399414,36.08056640625,2620297
2015-11-03,36.178550720214844,36.24932098388672,35.215023040771484,35.634185791015625,4389328
2015-11-04,35.71583938598633,36.64126205444336,35.43821334838867,36.309200286865234,3890031
2015-11-05,36.124114990234375,37.51224899291992,35.748504638671875,36.73925018310547,3261410
2015-11-06,36.46162033081055,36.946109771728516,36.09689712524414,36.60315704345703,2165088
2015-11-09,36.47795486450195,37.016876220703125,35.92814254760742,36.309200286865234,2384793
2015-11-10,36.194881439208984,36.918888092041016,36.11322784423828,36.309200286865234,2891071
2015-11-11,36.22209930419922,36.30375671386719,34.46379852294922,34.637996673583984,2264470
2015-11-12,33.892215728759766,34.637996673583984,33.78334045410156,33.91943359375,2323989
2015-11-13,33.85411071777344,34.398475646972656,33.39139938354492,33.91399002075195,1823774
2015-11-16,34.0119743347168,34.6978759765625,33.75612258911133,34.56178665161133,2683857
2015-11-17,34.30593490600586,35.040828704833984,33.0593376159668,33.168209075927734,3939263
2015-11-18,33.385955810546875,33.745235443115234,32.24822998046875,33.0212287902832,4208934
2015-11-19,32.73271560668945,33.24441909790039,32.172019958496094,32.422428131103516,1932891
2015-11-20,32.36799240112305,32.928688049316406,31.79640769958496,32.01415252685547,2534325
2015-11-23,32.019596099853516,32.623844146728516,31.785520553588867,32.117584228515625,2631503
2015-11-24,32.04681396484375,32.51496887207031,31.170385360717773,32.40065383911133,3301456
2015-11-25,32.00870895385742,32.035926818847656,31.551443099975586,31.676647186279297,2508791
2015-11-27,31.426237106323242,31.66575813293457,31.115949630737305,31.25204086303711,925664
2015-11-30,31.420795440673828,31.731082916259766,30.990745544433594,31.148611068725586,2771666
2015-12-01,31.077844619750977,31.63309669494629,30.936309814453125,31.219379425048828,2970796
2015-12-02,30.892759323120117,30.952640533447266,29.537288665771484,29.63527488708496,3721395
2015-12-03,29.749591827392578,30.179641723632812,29.041915893554688,29.23788833618164,2736028
2015-12-04,28.796951293945312,29.929231643676758,28.551986694335938,29.733261108398438,3759604
2015-12-07,28.976591110229492,29.11268424987793,28.20359230041504,28.89493751525879,3995659
2015-12-08,28.464887619018555,29.031028747558594,28.16548728942871,28.51388168334961,6447503
2015-12-09,30.190528869628906,30.190528869628906,27.18562889099121,28.170930862426758,8042019
2015-12-10,28.078388214111328,28.949373245239258,27.827980041503906,28.486663818359375,5002151
2015-12-11,27.96951675415039,28.29613494873047,26.929777145385742,27.33260726928711,4715946
2015-12-14,27.038650512695312,27.299945831298828,26.09689712524414,26.167665481567383,4636588
2015-12-15,26.401742935180664,26.77191162109375,25.759389877319336,26.292869567871094,6327363
2015-12-16,26.434404373168945,26.532390594482422,25.710397720336914,26.24387550354004,4960819
2015-12-17,26.194883346557617,26.38541030883789,25.639629364013672,25.993467330932617,4948511
2015-12-18,26.009798049926758,26.973325729370117,25.928144454956055,26.6303768157959,6347937
2015-12-21,26.739248275756836,27.02776336669922,26.183996200561523,26.978769302368164,4238510
2015-12-22,26.918888092041016,27.283615112304688,26.439847946166992,26.505170822143555,4028174
2015-12-23,27.109418869018555,28.279804229736328,26.98421287536621,28.247142791748047,3258654
2015-12-24,28.241697311401367,28.633642196655273,28.089275360107422,28.27436065673828,1661750
2015-12-28,28.121938705444336,28.432226181030273,27.62656593322754,28.32879638671875,3258838
2015-12-29,28.976591110229492,29.21611213684082,28.617311477661133,28.84050178527832,3556065
2015-12-30,28.33424186706543,28.824169158935547,27.849754333496094,27.9858455657959,2629482
2015-12-31,27.991289138793945,28.51388168334961,27.800762176513672,28.377790451049805,2240589
2016-01-04,28.170930862426758,29.031028747558594,28.160043716430664,28.933042526245117,4156764
2016-01-05,29.123571395874023,29.2215576171875,28.426782608032227,28.633642196655273,2742274
2016-01-06,27.746326446533203,27.746326446533203,26.848121643066406,26.962438583374023,3777056
2016-01-07,26.537832260131836,28.361459732055664,26.292869567871094,28.236255645751953,5177401
2016-01-08,28.3886775970459,30.03810691833496,28.3886775970459,29.640718460083008,6101044
2016-01-11,29.515514373779297,29.771366119384766,28.16548728942871,28.60642433166504,7469058
2016-01-12,28.67719078063965,29.085464477539062,26.978769302368164,27.795318603515625,5281926
2016-01-13,28.051170349121094,28.76428985595703,27.305389404296875,27.849754333496094,5028788
2016-01-14,28.067501068115234,28.60642433166504,27.632009506225586,28.32879638671875,4411923
2016-01-15,27.446924209594727,28.742515563964844,27.147523880004883,28.579204559326172,3511977
2016-01-19,28.829614639282227,29.286880493164062,28.105606079101562,29.00381088256836,4112859
2016-01-20,28.40500831604004,30.59880256652832,27.974958419799805,30.185083389282227,5219836
2016-01-21,30.27218246459961,31.605878829956055,29.695154190063477,30.29395866394043,8286156
2016-01-22,31.241153717041016,32.01415252685547,30.756668090820312,31.59499168395996,7070613
2016-01-25,30.81654930114746,31.720195770263672,30.61513328552246,30.63690757751465,4432314
2016-01-26,31.899837493896484,33.456722259521484,31.355470657348633,33.34785079956055,4515346
2016-01-27,33.33696365356445,33.90310287475586,32.221012115478516,32.6456184387207,3892787
2016-01-28,33.97386932373047,34.197059631347656,31.986934661865234,32.63473129272461,3924199
2016-01-29,33.14643478393555,33.6363639831543,32.70549774169922,33.60914611816406,4117268
2016-02-01,33.42950439453125,33.42950439453125,32.00870895385742,32.59662628173828,6548170
2016-02-02,31.57866096496582,32.133914947509766,30.99618911743164,31.63309669494629,5891075
2016-02-03,32.51496887207031,33.29341125488281,31.23571014404297,33.15732192993164,5723908
2016-02-04,33.46760940551758,34.00653076171875,31.763744354248047,32.53129959106445,9014710
2016-02-05,32.38432312011719,33.418617248535156,31.70386505126953,32.54218673706055,4444254
2016-02-08,32.0522575378418,32.710941314697266,31.692977905273438,32.5367431640625,4771791
2016-02-09,31.910724639892578,32.291778564453125,30.3483943939209,31.01251983642578,4205077
2016-02-10,30.85465431213379,32.12847137451172,30.34295082092285,31.99782371520996,3572414
2016-02-11,31.497005462646484,31.937942504882812,30.130647659301758,31.099618911743164,3081568
2016-02-12,31.605878829956055,32.2536735534668,30.941753387451172,32.17746353149414,2051929
2016-02-16,32.72182846069336,32.90691375732422,31.954273223876953,32.83614730834961,3427842
2016-02-17,33.17909622192383,34.02286148071289,32.525856018066406,33.96842575073242,3372732
2016-02-18,33.892215728759766,34.060970306396484,32.308109283447266,33.16276550292969,2364954
2016-02-19,32.2536735534668,32.389766693115234,31.845399856567383,32.057701110839844,15996045
2016-02-22,32.46597671508789,32.96134948730469,32.19379425048828,32.78715133666992,5429621
2016-02-23,32.694610595703125,32.77082061767578,30.195972442626953,30.212303161621094,6706520
2016-02-24,29.678823471069336,31.219379425048828,29.515514373779297,31.115949630737305,4198831
2016-02-25,30.85465431213379,31.132280349731445,29.847578048706055,30.58247184753418,3844841
2016-02-26,31.028850555419922,31.224822998046875,30.321176528930664,30.90909194946289,3225772
2016-02-29,31.19760513305664,31.21393585205078,29.820358276367188,30.34295082092285,5287253
2016-03-01,30.79477310180664,31.57866096496582,29.60261344909668,31.475231170654297,3774851
2016-03-02,31.110506057739258,32.117584228515625,31.028850555419922,32.09036636352539,3319459
2016-03-03,32.03048324584961,32.8579216003418,31.551443099975586,32.48775100708008,4675532
2016-03-04,32.60206985473633,33.11921691894531,30.65868377685547,30.669570922851562,10543278
2016-03-07,30.69134521484375,33.543819427490234,30.69134521484375,33.456722259521484,8092352
2016-03-08,33.130104064941406,33.130104064941406,31.420795440673828,31.551443099975586,4619137
2016-03-09,32.24822998046875,32.623844146728516,31.26837158203125,31.518781661987305,2971899
2016-03-10,31.63309669494629,32.77082061767578,30.90909194946289,32.6565055847168,3409105
2016-03-11,33.081111907958984,33.4349479675293,32.56940841674805,33.32062911987305,2988432
2016-03-14,32.75993347167969,33.69624328613281,32.6565055847168,33.043006896972656,2530100
2016-03-15,32.607513427734375,34.09907531738281,32.275447845458984,34.06641387939453,2281738
2016-03-16,34.164398193359375,35.563419342041016,34.08274459838867,35.231353759765625,4055912
2016-03-17,35.67229080200195,35.96080780029297,34.44746780395508,35.144256591796875,2163251
2016-03-18,35.48176574707031,36.20576858520508,35.264015197753906,35.7866096496582,4789243
2016-03-21,35.50898361206055,35.73217010498047,34.109962463378906,34.47468566894531,2583557
2016-03-22,34.24605178833008,35.00816345214844,34.17528533935547,34.69243240356445,1841041
2016-03-23,34.59444808959961,34.99183654785156,34.22972106933594,34.322265625,2045316
2016-03-24,33.65269470214844,35.416439056396484,33.48394012451172,35.144256591796875,3467338
2016-03-28,35.1007080078125,35.60696792602539,34.6162223815918,35.563419342041016,2757153
2016-03-29,35.03538513183594,36.21665954589844,34.76320266723633,36.18399429321289,3675653
2016-03-30,36.5650520324707,37.158409118652344,35.73761749267578,36.107784271240234,2767992
2016-03-31,36.10234069824219,36.701141357421875,35.81382751464844,36.614044189453125,2487298
2016-04-01,35.96080780029297,36.53783416748047,35.73761749267578,36.33097457885742,2329867
2016-04-04,36.53239059448242,36.962440490722656,35.79205322265625,35.9989128112793,2103549
2016-04-05,35.819271087646484,35.922698974609375,34.926509857177734,35.073490142822266,2689001
2016-04-06,35.26946258544922,35.634185791015625,34.55634307861328,35.08437728881836,3030315
2016-04-07,34.9809455871582,35.92814254760742,34.79042053222656,35.45454406738281,3377325
2016-04-08,35.96080780029297,36.5759391784668,35.890037536621094,36.57049560546875,2537264
2016-04-11,36.78824234008789,36.848121643066406,35.35111618041992,35.55253219604492,2662180
2016-04-12,35.86281967163086,37.89330291748047,35.650516510009766,37.561241149902344,2472786
2016-04-13,37.55035400390625,37.55035400390625,36.20576858520508,37.11486053466797,3119042
2016-04-14,37.071311950683594,37.250953674316406,35.80838394165039,36.49972915649414,2544796
2016-04-15,36.069679260253906,36.67937088012695,35.94447326660156,36.12955856323242,1868229
2016-04-18,35.20413589477539,36.85356521606445,35.01361083984375,36.782798767089844,1479152
2016-04-19,37.049537658691406,37.75177001953125,36.918888092041016,37.452369689941406,1999023
2016-04-20,37.13119125366211,37.610233306884766,36.782798767089844,37.24006652832031,1884027
2016-04-21,37.34893798828125,37.46870040893555,36.14588928222656,36.412628173828125,2396918
2016-04-22,36.646705627441406,37.41426086425781,36.2003288269043,37.272727966308594,1885864
2016-04-25,37.103973388671875,37.29450225830078,36.53239059448242,37.2618408203125,1972754
2016-04-26,37.4632568359375,38.01850891113281,37.07675552368164,37.72999572753906,3136678
2016-04-27,38.09471893310547,39.47740936279297,37.849754333496094,39.433860778808594,4626117
2016-04-28,38.80239486694336,39.842132568359375,37.610233306884766,38.138267517089844,5849192
2016-04-29,38.317909240722656,38.79695129394531,37.24006652832031,38.1600456237793,3602173
2016-05-02,37.898746490478516,38.013065338134766,37.234622955322266,37.67555618286133,3369425
2016-05-03,37.016876220703125,37.359825134277344,36.28742599487305,37.033206939697266,27566573
2016-05-04,37.25639724731445,38.17093276977539,37.02776336669922,37.120304107666016,5274946
2016-05-05,37.8388671875,38.356014251708984,37.45781326293945,37.866085052490234,3288046
2016-05-06,37.80620574951172,39.08546447753906,37.45781326293945,37.849754333496094,2837614
2016-05-09,37.724552154541016,38.06205749511719,36.92977523803711,37.93685531616211,2519997
2016-05-10,38.35057067871094,38.81328201293945,37.92052459716797,38.74795913696289,2413634
2016-05-11,38.35057067871094,38.74795913696289,37.980403900146484,38.23625564575195,2566473
2016-05-12,38.63908386230469,39.36309051513672,38.029396057128906,38.454002380371094,2249223
2016-05-13,38.214481353759766,38.69896697998047,37.996734619140625,38.12738037109375,1806138
2016-05-16,38.48122024536133,38.81328201293945,37.915077209472656,38.02395248413086,2568677
2016-05-17,38.154598236083984,39.23788833618164,37.92596435546875,39.17256546020508,3646996
2016-05-18,39.00381088256836,39.36309051513672,38.029396057128906,38.26347351074219,2434392
2016-05-19,37.87152862548828,37.964073181152344,37.174739837646484,37.73543930053711,2077096
2016-05-20,38.083831787109375,38.09471893310547,37.22917938232422,37.80620574951172,2521650
2016-05-23,37.577571868896484,37.92596435546875,37.26728439331055,37.65378189086914,3420494
2016-05-24,37.898746490478516,38.36145782470703,37.42515182495117,38.23625564575195,3026274
2016-05-25,38.63364028930664,38.976593017578125,38.44855880737305,38.9276008605957,2136064
2016-05-26,38.99836730957031,40.13064956665039,38.922157287597656,39.80402755737305,5320319
2016-05-27,39.79314041137695,40.010887145996094,39.38486862182617,39.825801849365234,2402612
2016-05-31,40.03810501098633,40.05443572998047,39.412086486816406,39.87479782104492,4988190
2016-06-01,39.59716796875,40.391944885253906,39.46107864379883,39.87479782104492,4779323
2016-06-02,39.608055114746094,40.174198150634766,39.096351623535156,40.16875457763672,2810977
2016-06-03,40.14698028564453,40.190528869628906,39.722373962402344,40.12520217895508,1895049
2016-06-06,40.61513137817383,40.61513137817383,39.97822570800781,40.32661819458008,1584045
2016-06-07,40.4953727722168,41.0996208190918,40.22319030761719,40.952640533447266,3543940
2016-06-08,41.241153717041016,41.31736373901367,40.4844856262207,40.86009979248047,3590600
2016-06-09,40.348392486572266,42.44964599609375,40.33750534057617,42.41154098510742,3687410
2016-06-10,41.83451461791992,42.019596099853516,41.0887336730957,41.105064392089844,4639895
2016-06-13,40.903648376464844,41.31736373901367,40.52803421020508,40.80021667480469,3551472
2016-06-14,40.41916275024414,40.903648376464844,40.0816535949707,40.664127349853516,2968959
2016-06-15,40.664127349853516,41.30647659301758,40.56069564819336,40.702232360839844,2645280
2016-06-16,40.18508529663086,40.8982048034668,40.0925407409668,40.718563079833984,1733577
2016-06-17,41.023406982421875,42.07403564453125,40.990745544433594,41.92705535888672,4948511
2016-06-20,42.438758850097656,42.61295700073242,42.188350677490234,42.41698455810547,2861311
2016-06-21,42.0522575378418,42.879695892333984,41.98149108886719,42.83070373535156,2563901
2016-06-22,42.89058303833008,43.081111907958984,42.47142028808594,42.70549774169922,3388530
2016-06-23,43.01034164428711,43.255306243896484,42.56940841674805,42.87425231933594,2348053
2016-06-24,41.20304870605469,42.34621810913086,41.15950012207031,41.74197006225586,3086527
2016-06-27,41.39902114868164,42.19379425048828,41.14316940307617,41.38813400268555,3472665
2016-06-28,42.09580612182617,43.15732192993164,41.8671760559082,43.11921691894531,2938465
2016-06-29,43.53837966918945,43.88132858276367,41.769187927246094,41.89439392089844,3207953
2016-06-30,41.8780632019043,42.23189926147461,41.497005462646484,42.150245666503906,2393427
2016-07-01,42.0522575378418,43.353294372558594,42.0522575378418,43.184539794921875,2151494
2016-07-05,42.28089141845703,42.53129959106445,41.26837158203125,42.06314468383789,3551288
2016-07-06,41.845401763916016,42.23189926147461,41.55144119262695,42.12302780151367,2911645
2016-07-07,42.6565055847168,42.863365173339844,41.698421478271484,41.82362365722656,3124737
2016-07-08,42.29722213745117,42.59662628173828,41.785518646240234,42.28633499145508,2664385
2016-07-11,42.607513427734375,42.792598724365234,41.856285095214844,41.88895034790039,1360115
2016-07-12,42.57484817504883,42.91780090332031,42.41698455810547,42.68372344970703,1911215
2016-07-13,42.71638488769531,42.7381591796875,40.952640533447266,41.442569732666016,3525203
2016-07-14,42.019596099853516,42.019596099853516,40.94719696044922,41.21393585205078,2335929
2016-07-15,41.49156188964844,41.49156188964844,40.838321685791016,41.13228225708008,3390551
2016-07-18,41.154056549072266,41.20304870605469,40.81110382080078,41.08328628540039,1567696
2016-07-19,41.1812744140625,41.21393585205078,40.604244232177734,40.952640533447266,2569779
2016-07-20,40.87643051147461,41.33369445800781,40.593360900878906,40.8709831237793,1733210
2016-07-21,40.8709831237793,41.49156188964844,40.6967887878418,40.72945022583008,2006371
2016-07-22,41.007076263427734,41.16494369506836,40.47359848022461,40.86009979248047,1532058
2016-07-25,40.60969161987305,40.64235305786133,39.809471130371094,40.212303161621094,1989471
2016-07-26,39.94556427001953,40.44093704223633,39.77680969238281,40.26673889160156,1933810
2016-07-27,40.2830696105957,40.81654739379883,39.569950103759766,40.0,3272248
2016-07-28,40.28851318359375,40.805660247802734,39.29232406616211,40.23407745361328,4727152
2016-07-29,39.956451416015625,39.972782135009766,39.433860778808594,39.66249465942383,4098898
2016-08-01,39.36309051513672,39.62982940673828,38.36690139770508,38.47577667236328,3622013
2016-08-02,38.590091705322266,38.66630554199219,37.827980041503906,38.317909240722656,3292639
2016-08-03,38.51388168334961,38.94937515258789,38.27980422973633,38.9384880065918,2606336
2016-08-04,38.83505630493164,39.41753005981445,38.29613494873047,38.388675689697266,3301456
2016-08-05,38.45944595336914,38.660858154296875,37.7572135925293,38.067501068115234,3071097
2016-08-08,38.22536849975586,38.356014251708984,37.88785934448242,38.013065338134766,2903930
2016-08-09,37.99129104614258,38.541099548339844,37.38159942626953,37.48503112792969,2033743
2016-08-10,37.62112045288086,37.849754333496094,37.07675552368164,37.1529655456543,2878946
2016-08-11,37.52857971191406,37.90419387817383,36.92977523803711,37.185630798339844,2190439
2016-08-12,37.3434944152832,37.57212829589844,36.962440490722656,37.191070556640625,2460294
2016-08-15,37.289058685302734,37.43603515625,37.02776336669922,37.158409118652344,2901725
2016-08-16,37.13119125366211,37.866085052490234,36.848121643066406,37.69733428955078,3694942
2016-08-17,37.58301544189453,37.73543930053711,36.89167022705078,37.53402328491211,3280698
2016-08-18,37.68644332885742,38.80239486694336,37.46870040893555,38.791507720947266,3051808
2016-08-19,38.51388168334961,38.878604888916016,38.38323211669922,38.83505630493164,3527407
2016-08-22,38.5247688293457,38.98748016357422,38.138267517089844,38.98203659057617,3225956
2016-08-23,39.09090805053711,39.28688049316406,38.62275314331055,39.248775482177734,3923281
2016-08-24,39.047359466552734,39.433860778808594,38.791507720947266,39.12356948852539,3050522
2016-08-25,39.10723876953125,39.248775482177734,38.76973342895508,38.960262298583984,1813303
2016-08-26,39.39030838012695,40.23952102661133,38.74795913696289,39.0201416015625,2988432
2016-08-29,38.960262298583984,39.53184509277344,38.76428985595703,39.52640151977539,2088669
2016-08-30,39.72781753540039,39.92923355102539,39.25966262817383,39.335872650146484,2500341
2016-08-31,39.09090805053711,39.248775482177734,38.49755096435547,38.922157287597656,2292760
2016-09-01,38.67719268798828,39.34675979614258,38.519325256347656,39.05280303955078,2105937
2016-09-02,39.3032112121582,39.71148681640625,38.94937515258789,39.096351623535156,1879618
2016-09-06,39.09090805053711,39.586280822753906,38.98203659057617,39.54817581176758,1567328
2016-09-07,39.67338180541992,39.87479782104492,39.1290168762207,39.42841720581055,1774909
2016-09-08,39.722373962402344,40.26673889160156,39.553619384765625,40.076210021972656,2199624
2016-09-09,39.84757614135742,40.446380615234375,39.48829650878906,39.48829650878906,2973001
2016-09-12,39.39030838012695,40.45726776123047,39.3032112121582,40.261295318603516,2315539
2016-09-13,39.569950103759766,39.74414825439453,38.79695129394531,38.85138702392578,2459559
2016-09-14,38.91671371459961,39.18889617919922,38.285247802734375,38.443115234375,2680734
2016-09-15,38.54654312133789,39.16712188720703,38.21992492675781,38.889495849609375,2192276
2016-09-16,38.502994537353516,38.50843811035156,37.93141174316406,38.38323211669922,4244756
2016-09-19,38.68263626098633,39.02558517456055,38.573760986328125,38.775177001953125,1976428
2016-09-20,38.862274169921875,40.08709716796875,38.8187255859375,39.608055114746094,3222649
2016-09-21,39.91290283203125,40.39738845825195,39.34675979614258,40.37017059326172,3183154
2016-09-22,40.81654739379883,41.105064392089844,40.348392486572266,40.46815490722656,2921197
2016-09-23,40.37017059326172,40.74578094482422,39.77680969238281,40.097984313964844,3076240
2016-09-26,40.13608932495117,40.315731048583984,39.52640151977539,39.56450653076172,1977163
2016-09-27,39.18889617919922,39.18889617919922,37.087642669677734,37.36526870727539,7399436
2016-09-28,37.62112045288086,38.862274169921875,37.158409118652344,38.25802993774414,6798370
2016-09-29,38.18181610107422,38.356014251708984,37.561241149902344,37.86064147949219,4293069
2016-09-30,38.12738037109375,39.73326110839844,37.92596435546875,39.53184509277344,3478543
2016-10-03,39.67882537841797,40.34294891357422,39.466522216796875,40.0925407409668,2372486
2016-10-04,40.12520217895508,40.25585174560547,39.29232406616211,39.42841720581055,2080954
2016-10-05,39.608055114746094,39.78225326538086,39.248775482177734,39.667938232421875,2341624
2016-10-06,39.87479782104492,40.212303161621094,39.5155143737793,39.66249465942383,1599843
2016-10-07,39.83124542236328,39.96189498901367,39.36309051513672,39.38486862182617,2314987
2016-10-10,39.64616012573242,40.059879302978516,39.54817581176758,39.71148681640625,1947036
2016-10-11,39.466522216796875,39.66249465942383,38.43222427368164,38.67719268798828,2464336
2016-10-12,38.541099548339844,38.720741271972656,38.154598236083984,38.29613494873047,1684896
2016-10-13,37.915077209472656,38.61186599731445,37.22917938232422,38.30702209472656,4077956
2016-10-14,38.42133712768555,38.63364028930664,36.71202850341797,36.72291946411133,2833205
2016-10-17,36.63581848144531,36.78824234008789,35.547088623046875,35.88459396362305,2688817
2016-10-18,36.39085388183594,36.39085388183594,35.176918029785156,35.71583938598633,2670998
2016-10-19,35.85737609863281,36.10234069824219,35.37289047241211,35.91725540161133,2966020
2016-10-20,35.514427185058594,35.91725540161133,35.18780517578125,35.563419342041016,2623420
2016-10-21,35.3837776184082,35.61241149902344,34.8992919921875,35.02994155883789,3120512
2016-10-24,35.0190544128418,35.15514373779297,34.69243240356445,35.089820861816406,2670080
2016-10-25,35.38922119140625,36.22754669189453,35.176918029785156,35.34022903442383,4644303
2016-10-26,34.89384841918945,35.10615158081055,34.35492706298828,35.03538513183594,4636588
2016-10-27,35.002723693847656,37.29994583129883,34.94828414916992,36.156776428222656,5293316
2016-10-28,36.88078308105469,37.63200759887695,35.84648895263672,35.93358612060547,4229141
2016-10-31,36.020687103271484,36.26020812988281,35.666847229003906,35.92814254760742,3071097
2016-11-01,36.271095275878906,36.526947021484375,34.92106628417969,35.400108337402344,2625440
2016-11-02,35.040828704833984,35.449100494384766,34.46379852294922,34.91562271118164,2293862
2016-11-03,35.089820861816406,35.28579330444336,34.420249938964844,34.708763122558594,1634563
2016-11-04,34.79586410522461,34.9809455871582,34.469242095947266,34.48012924194336,2120082
2016-11-07,35.040828704833984,35.99346923828125,34.79042053222656,35.79205322265625,2661446
2016-11-08,35.48176574707031,35.66140365600586,34.74686813354492,34.8176383972168,2620297
2016-11-09,34.42569351196289,36.211212158203125,34.42569351196289,35.77027893066406,2318661
2016-11-10,35.3946647644043,36.12955856323242,35.3946647644043,35.7974967956543,2091976
2016-11-11,35.53620147705078,36.10234069824219,35.01361083984375,35.764835357666016,3615951
2016-11-14,35.7974967956543,36.75558090209961,35.650516510009766,36.695701599121094,3049053
2016-11-15,37.185630798339844,38.34512710571289,37.0604248046875,37.44148254394531,2527896
2016-11-16,37.392486572265625,37.93141174316406,37.24006652832031,37.27817153930664,2163435
2016-11-17,37.58845901489258,37.882415771484375,36.292869567871094,36.41807174682617,1862534
2016-11-18,36.581382751464844,37.234622955322266,36.445289611816406,36.54872131347656,2396183
2016-11-21,37.28361511230469,38.3233528137207,37.033206939697266,38.27980422973633,3078445
2016-11-22,38.36145782470703,38.81328201293945,37.392486572265625,37.849754333496094,2208625
2016-11-23,37.64289474487305,38.807838439941406,37.58845901489258,38.75340270996094,2248304
2016-11-25,38.54654312133789,38.829612731933594,38.04572677612305,38.18181610107422,843918
2016-11-28,38.63908386230469,39.45563507080078,38.16548538208008,38.214481353759766,3012313
2016-11-29,37.376155853271484,38.9003791809082,37.016876220703125,38.63364028930664,2205870
2016-11-30,40.32117462158203,40.60969161987305,37.90963363647461,38.14915466308594,5706089
2016-12-01,38.992923736572266,39.99455642700195,38.76973342895508,39.178009033203125,3520059
2016-12-02,39.08546447753906,39.29232406616211,38.388675689697266,38.74795913696289,2519997
2016-12-05,39.335872650146484,40.40283203125,39.210670471191406,39.64616012573242,3707433
2016-12-06,39.47196578979492,39.98366928100586,39.395755767822266,39.4229736328125,2225709
2016-12-07,39.482852935791016,40.043548583984375,39.35764694213867,39.9183464050293,2946548
2016-12-08,40.13064956665039,40.61513137817383,39.74959182739258,40.4953727722168,2102079
2016-12-09,40.46815490722656,41.23026657104492,40.43549346923828,40.664127349853516,3227609
2016-12-12,40.81654739379883,40.821990966796875,37.523136138916016,38.051170349121094,12027206
2016-12-13,38.36690139770508,38.84049987792969,37.65922546386719,38.590091705322266,5249044
2016-12-14,38.573760986328125,38.69352340698242,37.29994583129883,37.3434944152832,5299745
2016-12-15,36.69025421142578,37.55035400390625,36.03157424926758,36.597713470458984,5402617
2016-12-16,36.24932098388672,36.46706771850586,34.88296127319336,35.42188262939453,9203554
2016-12-19,35.63962936401367,36.14588928222656,35.1932487487793,35.80838394165039,4063995
2016-12-20,35.57430648803711,35.9989128112793,34.8992919921875,35.73761749267578,5604687
2016-12-21,36.3745231628418,37.103973388671875,36.04246139526367,36.50517272949219,3638179
2016-12-22,36.47795486450195,36.695701599121094,36.15133285522461,36.26565170288086,1573207
2016-12-23,36.30375671386719,36.543277740478516,36.037017822265625,36.14588928222656,1215176
2016-12-27,36.41807174682617,36.5759391784668,36.11322784423828,36.51605987548828,955975
2016-12-28,36.445289611816406,36.59226989746094,35.835601806640625,36.06423568725586,1532977
2016-12-29,35.96624755859375,36.107784271240234,35.62329864501953,35.72128677368164,1928666
2016-12-30,35.764835357666016,36.18399429321289,35.41099548339844,35.601524353027344,2290555
2017-01-03,35.06260299682617,35.7974967956543,34.077301025390625,34.87751770019531,5534881
2017-01-04,35.002723693847656,35.69406509399414,34.654327392578125,35.487205505371094,2551409
2017-01-05,35.617855072021484,36.15133285522461,35.127925872802734,35.851932525634766,5193199
2017-01-06,35.802940368652344,36.08600997924805,35.43821334838867,35.563419342041016,1974959
2017-01-09,34.94828414916992,35.242244720458984,34.37670135498047,34.38758850097656,2460294
2017-01-10,34.62710952758789,34.84485626220703,34.09907531738281,34.48012924194336,4374448
2017-01-11,34.39303207397461,34.54001235961914,33.84866714477539,34.12629318237305,4528389
2017-01-12,34.4148063659668,34.567230224609375,34.13718032836914,34.26238250732422,2735660
2017-01-13,34.27871322631836,34.35492706298828,33.79423141479492,33.83233642578125,2371934
2017-01-17,33.7996711730957,34.07185745239258,33.57648468017578,33.81056213378906,5272006
2017-01-18,33.57648468017578,34.08818817138672,33.50027084350586,34.03919219970703,3738479
2017-01-19,34.093631744384766,34.24060821533203,33.8268928527832,34.01742172241211,2203665
2017-01-20,34.349483489990234,34.45835494995117,33.66358184814453,34.218833923339844,3953959
2017-01-23,34.0119743347168,34.4039192199707,33.745235443115234,33.979312896728516,3108020
2017-01-24,34.20794677734375,35.02449417114258,34.15895462036133,34.855743408203125,3156517
2017-01-25,34.95372772216797,35.18780517578125,34.801307678222656,34.90473556518555,1768664
2017-01-26,35.15514373779297,35.68317794799805,35.04627227783203,35.530757904052734,3968471
2017-01-27,35.247684478759766,35.64507293701172,34.87751770019531,34.93195343017578,2971715
2017-01-30,34.59444808959961,34.77953338623047,33.48394012451172,33.70168685913086,3424903
2017-01-31,33.56559753417969,33.892215728759766,32.77082061767578,33.00489807128906,5646938
2017-02-01,33.489383697509766,33.489383697509766,32.9395751953125,33.08655548095703,7377576
2017-02-02,34.0010871887207,35.02994155883789,33.17909622192383,34.768646240234375,8958865
2017-02-03,34.39303207397461,35.52531433105469,34.39303207397461,35.42188262939453,6268211
2017-02-06,35.37289047241211,36.00979995727539,34.69243240356445,34.85029983520508,3622197
2017-02-07,34.91562271118164,34.92106628417969,33.83233642578125,33.908546447753906,3830329
2017-02-08,33.61458969116211,33.84866714477539,33.184539794921875,33.571041107177734,3113348
2017-02-09,34.131736755371094,34.926509857177734,33.505714416503906,34.70331954956055,4729357
2017-02-10,34.741424560546875,35.579750061035156,34.485572814941406,35.02994155883789,3933201
2017-02-13,34.81219482421875,34.86663055419922,34.0283088684082,34.03919219970703,2966571
2017-02-14,33.95753860473633,34.436580657958984,33.79423141479492,34.40936279296875,1908459
2017-02-15,34.37670135498047,34.997276306152344,34.32770919799805,34.855743408203125,2477195
2017-02-16,34.784976959228516,34.87751770019531,33.84866714477539,33.88677215576172,3059524
2017-02-17,33.70168685913086,34.4148063659668,33.52204513549805,33.788787841796875,1948139
2017-02-21,33.63092041015625,34.16984176635742,33.01034164428711,33.97386932373047,3757216
2017-02-22,33.690799713134766,34.077301025390625,32.90691375732422,32.96134948730469,4113778
2017-02-23,33.49482727050781,33.620033264160156,32.808929443359375,33.09199905395508,2795730
2017-02-24,33.08655548095703,33.456722259521484,32.49863815307617,32.62928771972656,2801058
2017-02-27,32.553077697753906,33.130104064941406,32.422428131103516,32.983123779296875,2995780
2017-02-28,32.912357330322266,32.92324447631836,32.422428131103516,32.60206985473633,2372118
2017-03-01,33.0593376159668,33.44583511352539,32.781707763671875,33.2226448059082,2706636
2017-03-02,33.015785217285156,33.46760940551758,32.88513946533203,33.064781188964844,2940670
2017-03-03,33.00489807128906,33.28797149658203,32.19379425048828,32.275447845458984,2991738
2017-03-06,32.73271560668945,33.10832977294922,32.32988739013672,32.710941314697266,5336118
2017-03-07,32.749046325683594,32.98856735229492,31.92705535888672,32.003265380859375,3211627
2017-03-08,32.084922790527344,32.553077697753906,31.491561889648438,31.556886672973633,3585089
2017-03-09,31.63309669494629,31.823625564575195,30.734893798828125,31.30647850036621,6317627
2017-03-10,31.605878829956055,31.714752197265625,30.892759323120117,31.07240104675293,6183893
2017-03-13,31.371801376342773,32.09580612182617,31.246597290039062,31.46978759765625,4758565
2017-03-14,31.07240104675293,31.448013305664062,30.914535522460938,31.21393585205078,3775586
2017-03-15,31.64942741394043,32.101253509521484,31.175830841064453,31.682090759277344,3526489
2017-03-16,31.692977905273438,31.731082916259766,31.28470230102539,31.3282527923584,3321296
2017-03-17,31.52422332763672,31.643985748291016,31.154056549072266,31.475231170654297,5106860
2017-03-20,31.30647850036621,31.698421478271484,31.007076263427734,31.6113224029541,3251306
2017-03-21,31.709308624267578,32.084922790527344,30.968971252441406,31.442569732666016,5223142
2017-03-22,31.317365646362305,31.350027084350586,30.69134521484375,30.898204803466797,3601806
2017-03-23,30.92542266845703,31.41535186767578,30.664125442504883,31.050626754760742,3241570
2017-03-24,31.061513900756836,31.497005462646484,30.865541458129883,31.192161560058594,4637323
2017-03-27,30.805660247802734,32.12302780151367,30.734893798828125,31.97604751586914,4405677
2017-03-28,31.94338607788086,32.67283630371094,31.698421478271484,32.476863861083984,3483319
2017-03-29,32.57484817504883,33.402286529541016,32.32444381713867,33.29341125488281,3568005
2017-03-30,33.35873794555664,33.59825897216797,32.93413162231445,33.03211975097656,4852068
2017-03-31,32.966793060302734,33.587371826171875,32.93413162231445,33.26074981689453,4007967
2017-04-03,33.27708053588867,33.39139938354492,32.422428131103516,33.151878356933594,4365263
2017-04-04,33.2226448059082,34.03375244140625,33.053890228271484,33.97386932373047,3677307
2017-04-05,34.31682205200195,34.44746780395508,33.805118560791016,33.87044143676758,4107532
2017-04-06,34.08818817138672,34.637996673583984,33.96842575073242,34.56178665161133,3929894
2017-04-07,34.567230224609375,34.62710952758789,34.18617248535156,34.295047760009766,2569779
2017-04-10,34.11540603637695,34.654327392578125,34.11540603637695,34.54545593261719,2191908
2017-04-11,34.37670135498047,34.82852554321289,34.13718032836914,34.621665954589844,2793342
2017-04-12,34.485572814941406,34.91562271118164,34.251495361328125,34.49101638793945,2900623
2017-04-13,34.64344024658203,34.67610168457031,34.00653076171875,34.08818817138672,3318541
2017-04-17,33.99020004272461,34.28960418701172,33.86499786376953,34.08818817138672,2772584
2017-04-18,33.77790069580078,34.26782989501953,33.61458969116211,34.06641387939453,2187132
2017-04-19,34.26238250732422,34.55634307861328,33.8268928527832,33.88677215576172,3367588
2017-04-20,34.02286148071289,34.84485626220703,33.86499786376953,34.44202423095703,2714535
2017-04-21,34.33859634399414,34.55634307861328,33.83233642578125,34.2133903503418,2763583
2017-04-24,34.349483489990234,34.567230224609375,33.979312896728516,34.120849609375,3619992
2017-04-25,34.093631744384766,34.599891662597656,33.8377799987793,34.534568786621094,3042256
2017-04-26,34.24060821533203,35.08437728881836,34.24060821533203,34.77953338623047,5883360
2017-04-27,33.821449279785156,33.821449279785156,32.188350677490234,32.31899642944336,10994996
2017-04-28,32.694610595703125,32.78715133666992,31.48611831665039,31.64942741394043,5826597
2017-05-01,31.54055404663086,31.921611785888672,31.301034927368164,31.63309669494629,3793589
2017-05-02,31.79640769958496,32.78715133666992,31.736526489257812,32.150245666503906,4025418
2017-05-03,31.959716796875,32.2536735534668,31.589548110961914,31.676647186279297,3114634
2017-05-04,31.442569732666016,31.442569732666016,30.136091232299805,30.620576858520508,5802348
2017-05-05,30.843767166137695,31.720195770263672,30.65868377685547,31.692977905273438,4815879
2017-05-08,31.497005462646484,31.627653121948242,30.952640533447266,31.099618911743164,4638425
2017-05-09,31.257484436035156,31.317365646362305,30.626020431518555,30.685901641845703,4098531
2017-05-10,30.92542266845703,31.273815155029297,30.70767593383789,31.07240104675293,4495506
2017-05-11,31.241153717041016,31.26837158203125,30.680456161499023,30.88731575012207,3196564
2017-05-12,30.881872177124023,31.12139320373535,30.70767593383789,30.930866241455078,2378731
2017-05-15,31.4099063873291,31.54599952697754,30.713119506835938,30.860097885131836,3113348
2017-05-16,30.974414825439453,30.974414825439453,30.45726776123047,30.571584701538086,2612214
2017-05-17,30.571584701538086,30.76211166381836,30.185083389282227,30.29395866394043,2397836
2017-05-18,30.14153480529785,30.587915420532227,29.989112854003906,30.195972442626953,2928362
2017-05-19,30.299400329589844,30.876428604125977,30.03810691833496,30.713119506835938,2730517
2017-05-22,30.88731575012207,31.017963409423828,30.702232360839844,30.76211166381836,2314069
2017-05-23,30.669570922851562,31.21393585205078,30.587915420532227,31.14316749572754,3383203
2017-05-24,31.10506248474121,31.186716079711914,30.59880256652832,30.805660247802734,2569963
2017-05-25,30.626020431518555,31.21393585205078,30.239521026611328,30.65323829650879,6310646
2017-05-26,30.647794723510742,31.028850555419922,30.41371726989746,30.860097885131836,2772217
2017-05-30,30.609689712524414,30.78388786315918,30.34295082092285,30.484485626220703,4494404
2017-05-31,30.097986221313477,30.337507247924805,29.793140411376953,30.087099075317383,4805408
2017-06-01,30.201414108276367,30.65323829650879,30.010887145996094,30.577028274536133,4363610
2017-06-02,30.304845809936523,30.451824188232422,29.461078643798828,29.825803756713867,7113783
2017-06-05,29.597169876098633,29.798585891723633,29.243331909179688,29.270549774169922,3004597
2017-06-06,29.2215576171875,29.548175811767578,28.6717472076416,29.379423141479492,5653735
2017-06-07,29.36309242248535,29.422971725463867,28.80239486694336,29.150789260864258,7253027
2017-06-08,29.150789260864258,30.010887145996094,28.933042526245117,29.880239486694336,5186586
2017-06-09,30.027217864990234,30.90909194946289,29.989112854003906,30.751224517822266,7942637
2017-06-12,31.203048706054688,31.333696365356445,30.511703491210938,30.91997718811035,3043174
2017-06-13,30.985301971435547,31.5296688079834,30.751224517822266,31.52422332763672,5438622
2017-06-14,31.36091423034668,31.52422332763672,30.87098503112793,31.311922073364258,4030745
2017-06-15,31.099618911743164,31.59499168395996,31.08873176574707,31.4099063873291,3691452
2017-06-16,31.556886672973633,32.172019958496094,31.46978759765625,31.99237823486328,6369798
2017-06-19,30.21774673461914,30.566139221191406,28.791507720947266,29.12901496887207,40762295
2017-06-20,29.156232833862305,29.156232833862305,28.051170349121094,28.535655975341797,19465403
2017-06-21,28.541099548339844,28.541099548339844,27.016874313354492,27.670114517211914,19439501
2017-06-22,27.849754333496094,28.611867904663086,27.359825134277344,28.323352813720703,18555170
2017-06-23,28.633642196655273,30.626020431518555,28.4703311920166,30.587915420532227,14109262
2017-06-26,30.843767166137695,31.921611785888672,30.38105583190918,31.763744354248047,10302998
2017-06-27,31.823625564575195,32.01415252685547,31.262929916381836,31.720195770263672,12424733
2017-06-28,31.92705535888672,32.47142028808594,31.774633407592773,31.981491088867188,7334774
2017-06-29,32.1611328125,32.41698455810547,31.769189834594727,32.12302780151367,8956661
2017-06-30,32.28633499145508,32.47142028808594,31.823625564575195,31.894393920898438,7140970
2017-07-03,32.78715133666992,33.09199905395508,31.921611785888672,32.525856018066406,12363561
2017-07-05,32.14480209350586,32.765377044677734,31.66575813293457,32.547630310058594,12374032
2017-07-06,32.694610595703125,32.97768020629883,32.019596099853516,32.117584228515625,10067311
2017-07-07,31.948829650878906,32.09036636352539,31.295591354370117,31.97604751586914,10093397
2017-07-10,32.0522575378418,32.70005416870117,31.839956283569336,32.607513427734375,7467772
2017-07-11,32.68916702270508,33.34785079956055,32.47142028808594,33.22808837890625,7338631
2017-07-12,33.47849655151367,33.59281539916992,32.96134948730469,33.331520080566406,9108581
2017-07-13,33.21175765991211,33.6363639831543,33.10832977294922,33.587371826171875,5267781
2017-07-14,33.86499786376953,34.0283088684082,33.456722259521484,33.68535614013672,3548533
2017-07-17,33.718017578125,34.27871322631836,33.620033264160156,33.843223571777344,4082365
2017-07-18,34.03919219970703,34.15895462036133,32.896026611328125,33.28797149658203,3955428
2017-07-19,33.40773010253906,34.06641387939453,33.19542694091797,34.03375244140625,7110476
2017-07-20,34.2025032043457,34.469242095947266,33.65269470214844,33.728904724121094,7797514
2017-07-21,33.745235443115234,34.73053741455078,33.66902542114258,34.26238250732422,8528273
2017-07-24,34.28960418701172,34.567230224609375,33.94120788574219,34.33859634399414,5265209
2017-07-25,34.855743408203125,35.32389831542969,34.670658111572266,34.872074127197266,6052548
2017-07-26,34.94828414916992,35.14970016479492,34.4148063659668,34.823081970214844,4969820
2017-07-27,34.77953338623047,36.77191162109375,34.197059631347656,36.4833984375,11674319
2017-07-28,36.53239059448242,36.92977523803711,35.91181182861328,35.98257827758789,8234169
2017-07-31,35.819271087646484,36.01524353027344,34.512794494628906,34.67610168457031,8180345
2017-08-01,34.64888381958008,34.89384841918945,34.42569351196289,34.801307678222656,4718518
2017-08-02,34.49101638793945,34.98638916015625,34.131736755371094,34.30049133300781,3959470
2017-08-03,34.36037063598633,34.55634307861328,33.560150146484375,33.81600570678711,6428214
2017-08-04,33.8268928527832,34.420249938964844,33.718017578125,34.0010871887207,5010050
2017-08-07,33.946651458740234,33.96842575073242,33.081111907958984,33.56559753417969,5289825
2017-08-08,33.35873794555664,34.40936279296875,33.35873794555664,34.17528533935547,8043672
2017-08-09,34.382144927978516,34.64344024658203,33.6254768371582,34.13718032836914,4872826
2017-08-10,34.28960418701172,34.621665954589844,33.761566162109375,33.788787841796875,3056401
2017-08-11,33.658138275146484,34.295047760009766,33.58192825317383,34.25694274902344,2412165
2017-08-14,34.39303207397461,34.621665954589844,33.58192825317383,33.65269470214844,4281680
2017-08-15,33.49482727050781,33.571041107177734,32.553077697753906,33.2335319519043,5471872
2017-08-16,33.12466049194336,33.49482727050781,32.92324447631836,33.07566833496094,3655814
2017-08-17,32.781707763671875,33.52204513549805,32.7381591796875,33.2335319519043,5301582
2017-08-18,33.17909622192383,33.19542694091797,32.75993347167969,32.798038482666016,6321301
2017-08-21,32.749046325683594,32.928688049316406,32.43331527709961,32.75993347167969,4848578
2017-08-22,32.879695892333984,33.54926681518555,32.87425231933594,33.34785079956055,4381061
2017-08-23,33.26619338989258,33.718017578125,33.20631408691406,33.22808837890625,5032829
2017-08-24,33.22808837890625,33.620033264160156,32.83614730834961,33.35873794555664,2022353
2017-08-25,33.4349479675293,33.473052978515625,33.02667236328125,33.238975524902344,3417739
2017-08-28,33.1409912109375,33.255306243896484,32.77082061767578,33.113773345947266,2433658
2017-08-29,32.90147018432617,33.4240608215332,32.74360275268555,33.304298400878906,1891743
2017-08-30,33.07022476196289,33.72346115112305,32.86880874633789,33.63092041015625,2571065
2017-08-31,33.75612258911133,34.28416061401367,33.571041107177734,33.93576431274414,3085058
2017-09-01,33.995643615722656,34.18617248535156,33.402286529541016,34.08274459838867,3262879
2017-09-05,34.27327346801758,34.50190353393555,33.85411071777344,34.12629318237305,6388351
2017-09-06,34.46379852294922,34.46379852294922,34.00653076171875,34.251495361328125,3612277
2017-09-07,34.20794677734375,34.251495361328125,33.46216583251953,33.81056213378906,3565617
2017-09-08,33.46216583251953,33.50027084350586,32.48230743408203,33.02667236328125,6756302
2017-09-11,33.130104064941406,33.33696365356445,32.765377044677734,33.19542694091797,5496671
2017-09-12,33.3424072265625,34.060970306396484,33.12466049194336,33.875885009765625,4471442
2017-09-13,34.0119743347168,34.48012924194336,34.0119743347168,34.35492706298828,8117336
2017-09-14,34.6162223815918,35.89548110961914,34.57267379760742,35.313011169433594,12620741
2017-09-15,35.1823616027832,35.476318359375,34.93739700317383,35.30756759643555,5924509
2017-09-18,35.449100494384766,35.62874221801758,34.91562271118164,35.01361083984375,4272678
2017-09-19,35.03538513183594,35.13336944580078,34.64888381958008,34.90473556518555,4142251
2017-09-20,35.13336944580078,35.487205505371094,34.87751770019531,35.111595153808594,7663229
2017-09-21,34.88296127319336,35.18780517578125,34.496463775634766,34.752315521240234,7221247
2017-09-22,34.70331954956055,35.144256591796875,34.599891662597656,34.9809455871582,4046544
2017-09-25,35.14970016479492,35.44365692138672,34.95372772216797,35.08437728881836,3794691
2017-09-26,35.43821334838867,35.85737609863281,35.247684478759766,35.35655975341797,5625445
2017-09-27,35.617855072021484,35.704952239990234,34.95372772216797,35.53620147705078,4461522
2017-09-28,35.53620147705078,35.666847229003906,35.01361083984375,35.416439056396484,5655572
2017-09-29,35.22046661376953,35.68317794799805,35.13881301879883,35.514427185058594,4829473
2017-10-02,35.11703872680664,35.688621520996094,35.0190544128418,35.579750061035156,4792366
2017-10-03,35.55253219604492,35.764835357666016,34.94828414916992,34.95372772216797,3618339
2017-10-04,35.15514373779297,35.264015197753906,34.420249938964844,34.95372772216797,7913061
2017-10-05,35.17147445678711,35.666847229003906,34.97550582885742,35.41099548339844,5979435
2017-10-06,35.03538513183594,35.29668045043945,34.44202423095703,34.62710952758789,9238273
2017-10-09,34.64888381958008,34.823081970214844,34.08818817138672,34.24060821533203,6412049
2017-10-10,34.485572814941406,34.621665954589844,34.07185745239258,34.22972106933594,5393799
2017-10-11,34.27871322631836,34.43113708496094,34.0283088684082,34.349483489990234,3328460
2017-10-12,34.15351104736328,34.76320266723633,33.91943359375,34.56178665161133,4259819
2017-10-13,34.84485626220703,34.872074127197266,34.26238250732422,34.30049133300781,3846127
2017-10-16,34.349483489990234,34.621665954589844,33.90310287475586,34.05552673339844,3660590
2017-10-17,34.03375244140625,34.567230224609375,33.96842575073242,34.469242095947266,4483750
2017-10-18,34.4148063659668,34.69243240356445,34.093631744384766,34.26238250732422,2977961
2017-10-19,34.10451889038086,34.38758850097656,33.95209503173828,34.32770919799805,5472974
2017-10-20,34.33859634399414,34.71965026855469,34.20794677734375,34.485572814941406,3636709
2017-10-23,34.670658111572266,35.1932487487793,34.26238250732422,34.27871322631836,6072938
2017-10-24,34.599891662597656,35.02449417114258,34.37125778198242,34.86663055419922,5232143
2017-10-25,34.621665954589844,34.79042053222656,33.01034164428711,33.130104064941406,12808115
2017-10-26,33.130104064941406,33.130104064941406,31.682090759277344,32.70005416870117,12577204
2017-10-27,32.41698455810547,35.400108337402344,32.24822998046875,34.46379852294922,21406928
2017-10-30,34.45835494995117,34.64344024658203,33.543819427490234,33.72346115112305,9937619
2017-10-31,33.86499786376953,34.33859634399414,33.554710388183594,34.044639587402344,5443582
2017-11-01,34.33859634399414,34.50190353393555,33.707130432128906,33.78334045410156,6200059
2017-11-02,33.69624328613281,34.28960418701172,33.50027084350586,33.76700973510742,3979677
2017-11-03,33.8268928527832,34.42569351196289,33.10288619995117,34.17528533935547,5184381
2017-11-06,34.44746780395508,34.86118698120117,34.07185745239258,34.74686813354492,7031485
2017-11-07,34.74686813354492,34.90473556518555,34.164398193359375,34.42569351196289,4893401
2017-11-08,34.496463775634766,35.28034973144531,34.19161605834961,35.08437728881836,9867262
2017-11-09,35.13336944580078,35.90092468261719,35.13336944580078,35.879150390625,17538023
2017-11-10,35.83015823364258,35.94447326660156,35.073490142822266,35.48176574707031,41785688
2017-11-13,35.487205505371094,35.83015823364258,34.96461486816406,35.15514373779297,15158373
2017-11-14,35.073490142822266,35.13336944580078,32.841590881347656,32.98856735229492,10369498
2017-11-15,32.61840057373047,32.661949157714844,31.878061294555664,32.39521026611328,12790847
2017-11-16,32.77626419067383,32.77626419067383,31.97604751586914,32.28089141845703,4922609
2017-11-17,32.308109283447266,32.49863815307617,31.986934661865234,32.133914947509766,4961921
2017-11-20,31.981491088867188,32.3353271484375,31.556886672973633,32.29722213745117,6831068
2017-11-21,32.30266571044922,32.44964599609375,31.5296688079834,31.747413635253906,4316583
2017-11-22,31.747413635253906,31.99782371520996,31.573217391967773,31.67120361328125,3162396
2017-11-24,31.638540267944336,31.758302688598633,31.148611068725586,31.382688522338867,2144146
2017-11-27,31.464344024658203,31.52422332763672,30.740337371826172,30.96352767944336,6823353
2017-11-28,30.96352767944336,31.15949821472168,30.669570922851562,30.958084106445312,5206242
2017-11-29,30.974414825439453,31.72563934326172,30.85465431213379,31.63309669494629,5229204
2017-11-30,31.54599952697754,32.51496887207031,31.54599952697754,32.4442024230957,8310955
2017-12-01,32.6565055847168,32.85247802734375,31.9052791595459,32.42787170410156,7122968
2017-12-04,32.42787170410156,32.81981658935547,32.24822998046875,32.47142028808594,9122542
2017-12-05,32.035926818847656,32.48775100708008,31.9052791595459,32.12847137451172,5214325
2017-12-06,32.14480209350586,32.14480209350586,31.066957473754883,31.1268367767334,5314625
2017-12-07,31.028850555419922,31.192161560058594,30.34295082092285,30.375612258911133,5269435
2017-12-08,30.63690757751465,30.81654930114746,30.195972442626953,30.69134521484375,10513886
2017-12-11,30.811105728149414,31.491561889648438,30.79477310180664,31.099618911743164,5177217
2017-12-12,31.39357566833496,31.46978759765625,30.451824188232422,30.479042053222656,4985067
2017-12-13,30.29395866394043,31.339139938354492,30.29395866394043,30.92542266845703,6673637
2017-12-14,30.811105728149414,30.968971252441406,30.41916275024414,30.48992919921875,5156275
2017-12-15,30.729450225830078,30.751224517822266,29.738704681396484,29.78225326538086,10487800
2017-12-18,29.940120697021484,30.54436683654785,29.918344497680664,30.119760513305664,6848520
2017-12-19,30.321176528930664,30.375612258911133,29.56450653076172,29.624387741088867,7574502
2017-12-20,29.678823471069336,29.749591827392578,29.19978141784668,29.515514373779297,5859479
2017-12-21,29.303211212158203,30.27762794494629,29.085464477539062,30.168752670288086,5197240
2017-12-22,30.23407745361328,30.326618194580078,29.776809692382812,29.814916610717773,4078507
2017-12-26,29.98366928100586,30.299400329589844,29.902013778686523,30.185083389282227,2986227
2017-12-27,30.201414108276367,30.304845809936523,29.8530216217041,30.119760513305664,5586684
2017-12-28,30.206859588623047,31.295591354370117,30.10887336730957,31.170385360717773,6329751
2017-12-29,31.279260635375977,31.355470657348633,30.892759323120117,30.985301971435547,5729052
2018-01-02,31.30647850036621,31.981491088867188,31.099618911743164,31.910724639892578,6308442
2018-01-03,32.09036636352539,32.476863861083984,31.660316467285156,32.07947540283203,8126153
2018-01-04,32.19923782348633,32.24822998046875,31.774633407592773,32.101253509521484,3534572
2018-01-05,31.899837493896484,31.899837493896484,31.110506057739258,31.46978759765625,5829720
2018-01-08,31.54599952697754,32.02503967285156,31.1812744140625,31.970603942871094,5417497
2018-01-09,31.970603942871094,32.22645568847656,31.774633407592773,31.954273223876953,3895175
2018-01-10,31.888948440551758,32.11214065551758,31.535112380981445,31.567773818969727,4088611
2018-01-11,31.861730575561523,32.204681396484375,31.66575813293457,31.954273223876953,10355904
2018-01-12,31.97604751586914,32.22645568847656,31.627653121948242,31.823625564575195,5731256
2018-01-16,31.780075073242188,31.97604751586914,31.388132095336914,31.638540267944336,9447140
2018-01-17,31.829069137573242,32.12302780151367,31.573217391967773,31.660316467285156,8596976
2018-01-18,31.491561889648438,31.556886672973633,31.066957473754883,31.110506057739258,4162642
2018-01-19,30.958084106445312,30.9798583984375,30.468154907226562,30.500816345214844,4275801
2018-01-22,30.90909194946289,31.208492279052734,30.517147064208984,31.115949630737305,5327851
2018-01-23,31.426237106323242,31.965160369873047,31.246597290039062,31.8127384185791,11327493
2018-01-24,31.970603942871094,32.460533142089844,31.888948440551758,31.986934661865234,5536534
2018-01-25,32.11214065551758,32.34077453613281,31.61676597595215,31.83451271057129,3959837
2018-01-26,32.057701110839844,32.17746353149414,31.790964126586914,31.97604751586914,5376715
2018-01-29,31.74197006225586,31.790964126586914,30.821992874145508,30.94719696044922,3804060
2018-01-30,30.65868377685547,30.70767593383789,29.58083724975586,29.749591827392578,7582218
2018-01-31,29.749591827392578,29.956451416015625,29.461078643798828,29.553619384765625,7713379
2018-02-01,29.488296508789062,29.760478973388672,28.611867904663086,29.025585174560547,10118196
2018-02-02,28.6717472076416,28.900381088256836,28.14915657043457,28.25802993774414,7436176
2018-02-05,27.8933048248291,28.16548728942871,26.64670753479004,26.820903778076172,10307958
2018-02-06,26.281980514526367,27.53402328491211,25.95536231994629,27.022319793701172,7958619
2018-02-07,26.924333572387695,27.191072463989258,25.655960083007812,25.93903160095215,8915880
2018-02-08,25.93358612060547,26.379966735839844,25.17691993713379,25.17691993713379,10115073
2018-02-09,25.291236877441406,25.46543312072754,23.788785934448242,24.893848419189453,8181263
2018-02-12,25.31300926208496,26.20577049255371,25.31300926208496,26.00435447692871,8205512
2018-02-13,25.797496795654297,25.89548110961914,25.51442527770996,25.786609649658203,8478122
2018-02-14,25.51442527770996,26.64670753479004,25.421884536743164,26.40718650817871,8918268
2018-02-15,26.73380470275879,29.150789260864258,26.271093368530273,29.03647232055664,20496144
2018-02-16,28.83505630493164,29.319543838500977,28.45400047302246,28.60642433166504,11381317
2018-02-20,28.726184844970703,28.851388931274414,27.8933048248291,27.980403900146484,11172083
2018-02-21,29.150789260864258,29.150789260864258,27.09308624267578,27.11486053466797,13270304
2018-02-22,27.25639533996582,28.05661392211914,27.0059871673584,27.664670944213867,12595758
2018-02-23,27.855199813842773,28.502994537353516,27.762657165527344,28.35057258605957,7141705
2018-02-26,28.649972915649414,28.71529769897461,28.290691375732422,28.579204559326172,6955433
2018-02-27,28.45944595336914,28.80239486694336,27.953184127807617,27.96407127380371,8454058
2018-02-28,28.116493225097656,28.307022094726562,27.38704490661621,27.38704490661621,6047404
2018-03-01,27.53402328491211,27.719106674194336,27.174741744995117,27.289058685302734,6890954
2018-03-02,27.071311950683594,27.47414207458496,26.565052032470703,27.392488479614258,7478794
2018-03-05,27.370712280273438,28.394121170043945,27.370712280273438,28.247142791748047,6491958
2018-03-06,28.4703311920166,28.63908576965332,28.078388214111328,28.209035873413086,6930083
2018-03-07,27.909635543823242,28.399564743041992,27.648340225219727,27.953184127807617,3979493
2018-03-08,28.029396057128906,28.089275360107422,27.561241149902344,27.800762176513672,3416453
2018-03-09,27.882417678833008,28.76428985595703,27.882417678833008,28.54654312133789,4139312
2018-03-12,28.63908576965332,28.65541648864746,28.154600143432617,28.415895462036133,3786241
2018-03-13,28.53021240234375,28.78606414794922,28.301578521728516,28.666303634643555,4254125
2018-03-14,28.796951293945312,28.845943450927734,28.40500831604004,28.551986694335938,5197792
2018-03-15,28.034839630126953,28.399564743041992,26.456178665161133,27.071311950683594,13955322
2018-03-16,27.13119125366211,27.632009506225586,26.908002853393555,27.463254928588867,6961679
2018-03-19,26.918888092041016,27.29450225830078,26.292869567871094,26.47795295715332,3858986
2018-03-20,26.67936897277832,26.810016632080078,26.341861724853516,26.40718650817871,3484422
2018-03-21,26.488840103149414,27.125749588012695,26.303756713867188,26.96788215637207,3233304
2018-03-22,26.66303825378418,26.946107864379883,26.526945114135742,26.548721313476562,3447314
2018-03-23,26.701143264770508,27.103973388671875,26.173107147216797,26.249319076538086,4116901
2018-03-26,26.532390594482422,26.728361129760742,26.08056640625,26.608600616455078,3245612
2018-03-27,26.701143264770508,26.701143264770508,25.672292709350586,25.830158233642578,5667696
2018-03-28,25.93903160095215,26.06423568725586,25.351116180419922,25.362003326416016,4762790
2018-03-29,25.508981704711914,26.037017822265625,25.410995483398438,25.86281967163086,5779018
2018-04-02,25.672292709350586,25.73761558532715,24.599891662597656,25.06260108947754,3924934
2018-04-03,25.231355667114258,25.743059158325195,24.95917320251465,25.66140365600586,3754461
2018-04-04,25.302122116088867,25.530757904052734,25.138813018798828,25.487207412719727,3711475
2018-04-05,25.704954147338867,26.706586837768555,25.62329864501953,26.532390594482422,4840495
2018-04-06,26.40718650817871,26.467065811157227,25.002721786499023,25.530757904052734,5203854
2018-04-09,25.438213348388672,25.966249465942383,25.340229034423828,25.394664764404297,3063014
2018-04-10,25.743059158325195,26.76646614074707,25.743059158325195,26.44529151916504,4130311
2018-04-11,26.418073654174805,26.782798767089844,26.140445709228516,26.51605987548828,3041521
2018-04-12,26.60315704345703,26.701143264770508,26.156776428222656,26.309200286865234,3054931
2018-04-13,26.450735092163086,26.80457305908203,26.2275447845459,26.592269897460938,3500955
2018-04-16,26.76646614074707,27.011432647705078,26.44529151916504,26.67936897277832,2984941
2018-04-17,26.7120304107666,26.995101928710938,26.39085578918457,26.880783081054688,2383140
2018-04-18,27.049537658691406,27.327163696289062,26.728361129760742,26.75013542175293,3270779
2018-04-19,26.668481826782227,26.880783081054688,26.2275447845459,26.249319076538086,3051441
2018-04-20,26.118671417236328,26.118671417236328,25.383777618408203,25.781164169311523,6269314
2018-04-23,25.62329864501953,26.124114990234375,25.323898315429688,26.09689712524414,3779811
2018-04-24,26.124114990234375,26.200326919555664,25.204137802124023,25.394664764404297,4673512
2018-04-25,25.231355667114258,25.68317985534668,25.04082679748535,25.55797576904297,4389144
2018-04-26,26.009798049926758,28.154600143432617,25.51442527770996,27.729995727539062,19318259
2018-04-27,27.827980041503906,28.138269424438477,27.11486053466797,27.196516036987305,7214450
2018-04-30,27.0059871673584,27.62112045288086,26.831790924072266,27.321720123291016,6004235
2018-05-01,27.250953674316406,27.876972198486328,27.0604248046875,27.338050842285156,6855133
2018-05-02,27.087642669677734,27.653783798217773,26.869897842407227,27.103973388671875,5753117
2018-05-03,26.652149200439453,27.0059871673584,25.55253028869629,25.634185791015625,6682088
2018-05-04,25.634185791015625,26.619487762451172,25.60696792602539,26.472509384155273,3877172
2018-05-07,26.929777145385742,27.686445236206055,26.652149200439453,26.89167022705078,5837435
2018-05-08,26.869897842407227,27.51769256591797,26.271093368530273,27.51224708557129,5393432
2018-05-09,27.871530532836914,28.6717472076416,27.664670944213867,27.8933048248291,7661025
2018-05-10,28.078388214111328,28.176374435424805,27.419706344604492,28.116493225097656,4641548
2018-05-11,28.116493225097656,28.116493225097656,27.479585647583008,27.653783798217773,4211323
2018-05-14,27.860641479492188,28.31246566772461,27.746326446533203,28.138269424438477,4225835
2018-05-15,28.176374435424805,28.443113327026367,27.71366310119629,28.443113327026367,5467647
2018-05-16,28.42133903503418,29.281436920166016,28.225366592407227,29.150789260864258,7104414
2018-05-17,29.232444763183594,29.488296508789062,28.775177001953125,29.36309242248535,4466482
2018-05-18,29.281436920166016,29.281436920166016,28.56287384033203,28.65541648864746,5037973
2018-05-21,28.938486099243164,29.243331909179688,28.737070083618164,29.2215576171875,4198096
2018-05-22,29.47740936279297,29.72781753540039,28.492107391357422,28.60642433166504,5599360
2018-05-23,28.40500831604004,28.775177001953125,27.996734619140625,28.410451889038086,4458950
2018-05-24,28.13282585144043,28.415895462036133,27.561241149902344,27.670114517211914,4107716
2018-05-25,27.125749588012695,27.392488479614258,26.848121643066406,27.343494415283203,5152601
2018-05-29,26.924333572387695,27.397930145263672,26.64670753479004,26.929777145385742,3605296
2018-05-30,27.120304107666016,27.91507911682129,26.886228561401367,27.887861251831055,3672898
2018-05-31,27.708219528198242,28.508438110351562,27.501361846923828,28.05661392211914,5747606
2018-06-01,28.121938705444336,28.633642196655273,27.89874839782715,28.25802993774414,4952552
2018-06-04,28.32879638671875,28.3886775970459,27.33260726928711,27.506805419921875,3632300
2018-06-05,27.229177474975586,27.757213592529297,26.956995010375977,27.615678787231445,3929710
2018-06-06,27.773544311523438,28.247142791748047,27.637451171875,28.138269424438477,3802406
2018-06-07,28.307022094726562,29.0201416015625,28.268917083740234,28.933042526245117,4231162
2018-06-08,28.938486099243164,29.27599334716797,28.508438110351562,28.916711807250977,3446763
2018-06-11,29.05280303955078,29.65704917907715,28.862274169921875,29.515514373779297,3331400
2018-06-12,29.553619384765625,30.29395866394043,29.504627227783203,30.212303161621094,6402312
2018-06-13,30.353837966918945,31.224822998046875,30.315731048583984,30.914535522460938,7270295
2018-06-14,31.110506057739258,31.186716079711914,30.533477783203125,30.571584701538086,6147153
2018-06-15,30.38105583190918,30.626020431518555,30.1469783782959,30.190528869628906,9797272
2018-06-18,30.087099075317383,30.8328800201416,30.03266143798828,30.430049896240234,5936082
2018-06-19,29.92378807067871,30.76211166381836,29.804027557373047,30.729450225830078,4920221
2018-06-20,31.061513900756836,31.224822998046875,30.52259063720703,30.90909194946289,5305256
2018-06-21,30.72400665283203,31.061513900756836,30.315731048583984,30.45726776123047,3840616
2018-06-22,30.827436447143555,31.03973960876465,29.085464477539062,29.2215576171875,11717856
2018-06-25,29.178007125854492,29.60261344909668,28.982036590576172,29.29232406616211,7282052
2018-06-26,29.265106201171875,29.989112854003906,28.98748016357422,29.96733856201172,5095471
2018-06-27,30.223190307617188,30.642351150512695,29.842134475708008,29.92378807067871,4804122
2018-06-28,30.179641723632812,30.767555236816406,29.90745735168457,30.61513328552246,6226144
2018-06-29,30.67501449584961,31.241153717041016,29.940120697021484,30.03810691833496,4840679
2018-07-02,29.667936325073242,29.755035400390625,29.259662628173828,29.640718460083008,3137780
2018-07-03,30.03810691833496,30.136091232299805,29.47740936279297,29.667936325073242,2010045
2018-07-05,29.804027557373047,30.114316940307617,29.63527488708496,29.92378807067871,3614481
2018-07-06,29.90745735168457,30.571584701538086,29.869352340698242,30.440935134887695,2360545
2018-07-09,30.680456161499023,31.001632690429688,30.34295082092285,30.968971252441406,3841167
2018-07-10,31.115949630737305,31.175830841064453,30.528034210205078,30.702232360839844,3669224
2018-07-11,30.47359848022461,31.21393585205078,30.27762794494629,30.38105583190918,4440764
2018-07-12,30.430049896240234,30.430049896240234,29.776809692382812,30.065324783325195,3823532
2018-07-13,29.972782135009766,30.713119506835938,29.624387741088867,30.223190307617188,4351853
2018-07-16,29.902013778686523,30.190528869628906,29.608057022094727,29.869352340698242,4857947
2018-07-17,29.760478973388672,30.081655502319336,29.444747924804688,29.90745735168457,2526426
2018-07-18,29.83669090270996,29.994556427001953,29.52640151977539,29.869352340698242,3098284
2018-07-19,29.444747924804688,30.468154907226562,29.444747924804688,30.315731048583984,4726785
2018-07-20,30.370168685913086,30.462711334228516,30.010887145996094,30.31028938293457,5969699
2018-07-23,30.3483943939209,30.479042053222656,29.83669090270996,29.89112663269043,3516937
2018-07-24,30.087099075317383,30.27762794494629,29.771366119384766,29.940120697021484,3554228
2018-07-25,30.097986221313477,30.41916275024414,29.640718460083008,30.174196243286133,4774914
2018-07-26,30.664125442504883,30.81654930114746,29.314098358154297,29.58083724975586,9821888
2018-07-27,29.422971725463867,29.72237205505371,27.087642669677734,27.13663673400879,12040433
2018-07-30,26.956995010375977,27.414262771606445,26.722917556762695,27.049537658691406,7957517
2018-07-31,27.049537658691406,27.58301544189453,26.673925399780273,27.04409408569336,5718765
2018-08-01,26.673925399780273,27.125749588012695,26.521501541137695,26.782798767089844,4820104
2018-08-02,26.537832260131836,26.973325729370117,26.450735092163086,26.940664291381836,4397778
2018-08-03,26.864452362060547,27.936853408813477,26.864452362060547,27.414262771606445,7422582
2018-08-06,27.430593490600586,27.65922737121582,27.305389404296875,27.490474700927734,4001170
2018-08-07,27.757213592529297,28.0947208404541,27.53402328491211,27.789875030517578,4071711
2018-08-08,27.632009506225586,27.871530532836914,27.42514991760254,27.523136138916016,6399006
2018-08-09,27.468698501586914,27.762657165527344,27.15296745300293,27.191072463989258,7163382
2018-08-10,27.011432647705078,27.338050842285156,26.728361129760742,27.11486053466797,9663539
2018-08-13,27.082199096679688,27.310832977294922,26.67936897277832,26.864452362060547,6467526
2018-08-14,27.338050842285156,27.615678787231445,27.20195960998535,27.414262771606445,6457790
2018-08-15,27.16929817199707,27.180185317993164,26.5106143951416,26.80457305908203,5447624
2018-08-16,26.929777145385742,27.34893798828125,26.793685913085938,27.13663673400879,4769403
2018-08-17,27.065868377685547,27.53402328491211,26.940664291381836,26.962438583374023,6258108
2018-08-20,26.880783081054688,27.414262771606445,26.84267807006836,27.218290328979492,8801802
2018-08-21,27.47414207458496,28.116493225097656,27.446924209594727,27.882417678833008,7043793
2018-08-22,28.00762176513672,28.307022094726562,27.958627700805664,28.127382278442383,3631933
2018-08-23,27.980403900146484,28.230810165405273,27.811649322509766,28.018508911132812,3935221
2018-08-24,28.111051559448242,28.301578521728516,27.80620574951172,27.844310760498047,2274206
2018-08-27,27.866085052490234,28.078388214111328,27.2074031829834,27.218290328979492,6004786
2018-08-28,27.245508193969727,27.38704490661621,26.902559280395508,27.234621047973633,5202200
2018-08-29,27.376157760620117,27.795318603515625,27.07675552368164,27.593902587890625,3655630
2018-08-30,27.60478973388672,28.040283203125,27.555797576904297,27.925966262817383,4179175
2018-08-31,27.882417678833008,28.100162506103516,27.60478973388672,27.773544311523438,3265635
2018-09-04,27.719106674194336,27.882417678833008,26.739248275756836,26.837234497070312,4424782
2018-09-05,26.69569969177246,26.744691848754883,26.249319076538086,26.548721313476562,4609768
2018-09-06,26.483396530151367,26.483396530151367,25.400108337402344,25.53619956970215,7437095
2018-09-07,25.29667854309082,25.476320266723633,24.93739891052246,25.345672607421875,4239061
2018-09-10,25.427326202392578,25.49809455871582,24.970060348510742,25.02449607849121,4687840
2018-09-11,24.893848419189453,25.530757904052734,24.795862197875977,25.508981704711914,6240105
2018-09-12,25.764833450317383,25.95536231994629,25.579750061035156,25.677734375,3749868
2018-09-13,25.639629364013672,26.069679260253906,25.345672607421875,26.015241622924805,4520857
2018-09-14,25.960805892944336,26.145889282226562,25.830158233642578,25.884593963623047,2630217
2018-09-17,25.960805892944336,26.058792114257812,25.53619956970215,25.60696792602539,3761625
2018-09-18,25.60696792602539,25.93903160095215,25.051715850830078,25.329341888427734,6041709
2018-09-19,25.258573532104492,26.18943977355957,25.258573532104492,25.900924682617188,4237959
2018-09-20,26.047903060913086,26.456178665161133,25.95536231994629,26.396297454833984,3642220
2018-09-21,26.363636016845703,26.49428367614746,26.151334762573242,26.26020622253418,9564708
2018-09-24,26.575939178466797,26.739248275756836,25.394664764404297,25.46543312072754,4961002
2018-09-25,25.55797576904297,25.69951057434082,25.106151580810547,25.547088623046875,4775282
2018-09-26,25.269460678100586,25.362003326416016,24.17528533935547,24.19161605834961,6355653
2018-09-27,24.333152770996094,24.68154525756836,24.082744598388672,24.33859634399414,5418966
2018-09-28,24.17528533935547,24.605335235595703,24.033750534057617,24.077299118041992,6073306
2018-10-01,24.251497268676758,24.289602279663086,23.892215728759766,23.97931480407715,3664448
2018-10-02,23.962982177734375,24.224279403686523,23.870441436767578,24.050081253051758,6704499
2018-10-03,24.218835830688477,24.452911376953125,23.696243286132812,24.055524826049805,8916431
2018-10-04,24.055524826049805,24.7523136138916,23.930320739746094,24.077299118041992,5476464
2018-10-05,24.17528533935547,24.578115463256836,24.126293182373047,24.40936279296875,3580864
2018-10-08,24.322265625,24.948284149169922,24.197059631347656,24.877517700195312,4037542
2018-10-09,24.88296127319336,25.547088623046875,24.86663055419922,25.253129959106445,4549147
2018-10-10,25.340229034423828,25.547088623046875,24.725095748901367,24.850299835205078,4958063
2018-10-11,24.66521453857422,25.20958137512207,24.35492706298828,24.68699073791504,7688029
2018-10-12,25.127925872802734,25.394664764404297,24.235166549682617,24.714208602905273,3689431
2018-10-15,25.0462703704834,25.80838394165039,24.877517700195312,25.55797576904297,4543452
2018-10-16,25.601524353027344,25.960805892944336,25.49809455871582,25.890037536621094,3284005
2018-10-17,25.857376098632812,26.015241622924805,25.340229034423828,25.781164169311523,3958551
2018-10-18,25.525312423706055,25.786609649658203,25.198694229125977,25.410995483398438,3324603
2018-10-19,25.400108337402344,25.84648895263672,25.20958137512207,25.2476863861084,3512160
2018-10-22,25.220468521118164,25.220468521118164,24.02830696105957,24.186172485351562,5294418
2018-10-23,23.66358184814453,23.832334518432617,22.732715606689453,23.113771438598633,6186465
2018-10-24,23.21175765991211,23.451278686523438,21.970603942871094,22.025041580200195,7867136
2018-10-25,20.843767166137695,21.29014778137207,18.241697311401367,19.23788833618164,25022879
2018-10-26,18.92759895324707,19.23788833618164,17.632009506225586,17.719106674194336,21552970
2018-10-29,17.719106674194336,17.887861251831055,16.619487762451172,16.87533950805664,18931938
2018-10-30,16.831790924072266,17.936853408813477,16.799129486083984,17.8933048248291,13236871
2018-10-31,18.25802993774414,18.971149444580078,18.062057495117188,18.492107391357422,13681792
2018-11-01,18.851388931274414,19.12901496887207,18.617311477661133,18.98748016357422,6560846
2018-11-02,18.824169158935547,18.938486099243164,17.588459014892578,17.762657165527344,7729361
2018-11-05,18.31246566772461,19.319543838500977,18.31246566772461,19.243331909179688,7980295
2018-11-06,19.00381088256836,19.38486671447754,18.998367309570312,19.063690185546875,5974108
2018-11-07,19.265106201171875,19.40119743347168,17.93140983581543,18.600980758666992,10347270
2018-11-08,18.42133903503418,19.243331909179688,18.14915657043457,18.94392967224121,15519527
2018-11-09,18.884050369262695,20.391942977905273,18.769733428955078,19.54273223876953,21735935
2018-11-12,19.678823471069336,19.809471130371094,18.775177001953125,18.85683250427246,126791393
2018-11-13,18.889999389648438,21.149999618530273,18.360000610351562,18.559999465942383,35458800
2018-11-14,18.729999542236328,19.110000610351562,16.6299991607666,17.479999542236328,20937200
2018-11-15,17.09000015258789,17.84000015258789,16.90999984741211,17.200000762939453,12247500
2018-11-16,17.079999923706055,17.229999542236328,16.290000915527344,16.6299991607666,11981700
2018-11-19,16.520000457763672,17.420000076293945,16.3799991607666,17.100000381469727,9691000
2018-11-20,17.149999618530273,17.200000762939453,16.5,16.709999084472656,9112800
2018-11-21,16.829999923706055,17.899999618530273,16.809999465942383,17.790000915527344,7334300
2018-11-23,17.290000915527344,18.31999969482422,17.270000457763672,18.110000610351562,3538800
2018-11-26,18.149999618530273,18.719999313354492,18.030000686645508,18.68000030517578,7677000
2018-11-27,18.559999465942383,18.799999237060547,18.149999618530273,18.670000076293945,6644100
2018-11-28,18.59000015258789,19.200000762939453,18.25,19.06999969482422,5772100
2018-11-29,19.079999923706055,19.270000457763672,18.469999313354492,18.799999237060547,6855100
2018-11-30,18.690000534057617,19.0,18.420000076293945,18.709999084472656,4814300
2018-12-03,19.15999984741211,19.270000457763672,18.139999389648438,18.90999984741211,7427800
2018-12-04,18.959999084472656,19.34000015258789,18.18000030517578,18.25,4767400
2018-12-06,17.8700008392334,18.049999237060547,17.309999465942383,17.989999771118164,5852100
2018-12-07,18.3799991607666,19.549999237060547,18.1299991607666,18.40999984741211,8203600
2018-12-10,18.209999084472656,19.75,18.110000610351562,19.6299991607666,12089200
2018-12-11,19.860000610351562,20.8700008392334,19.829999923706055,20.280000686645508,12622500
2018-12-12,20.489999771118164,20.729999542236328,19.969999313354492,19.989999771118164,9079100
2018-12-13,20.09000015258789,20.799999237060547,19.799999237060547,20.190000534057617,7191800
2018-12-14,20.170000076293945,20.190000534057617,19.219999313354492,19.399999618530273,7053000
2018-12-17,19.219999313354492,19.93000030517578,18.790000915527344,18.889999389648438,6387200
2018-12-18,19.09000015258789,19.18000030517578,18.639999389648438,18.8700008392334,5869800
2018-12-19,18.889999389648438,19.780000686645508,18.690000534057617,18.889999389648438,8051100
2018-12-20,18.700000762939453,19.709999084472656,18.139999389648438,18.549999237060547,9243500
2018-12-21,18.440000534057617,19.06999969482422,18.260000228881836,18.670000076293945,10150200
2018-12-24,18.459999084472656,18.510000228881836,17.510000228881836,17.59000015258789,2774500
2018-12-26,17.729999542236328,19.450000762939453,17.299999237060547,19.3700008392334,5662200
2018-12-27,19.100000381469727,19.829999923706055,18.809999465942383,19.829999923706055,5501200
2018-12-28,19.93000030517578,20.0,18.920000076293945,19.190000534057617,3500100
2018-12-31,19.389999389648438,19.389999389648438,18.479999542236328,18.889999389648438,4776500
2019-01-02,18.520000457763672,19.950000762939453,18.190000534057617,19.899999618530273,7754200
2019-01-03,19.90999984741211,19.90999984741211,19.030000686645508,19.31999969482422,4970000
2019-01-04,19.68000030517578,20.18000030517578,19.079999923706055,19.520000457763672,11672100
2019-01-07,19.149999618530273,20.6200008392334,19.030000686645508,19.739999771118164,8225800
2019-01-08,19.860000610351562,20.40999984741211,19.649999618530273,20.350000381469727,6983500
2019-01-09,20.469999313354492,20.530000686645508,19.709999084472656,19.959999084472656,5085600
2019-01-10,19.860000610351562,20.280000686645508,19.450000762939453,19.790000915527344,4247000
2019-01-11,19.559999465942383,20.40999984741211,19.389999389648438,20.3700008392334,3791100
2019-01-14,20.149999618530273,21.030000686645508,20.0,20.790000915527344,4568800
2019-01-15,20.899999618530273,21.270000457763672,20.549999237060547,20.950000762939453,3755200
2019-01-16,20.950000762939453,21.1299991607666,20.469999313354492,20.5,3390900
2019-01-17,20.420000076293945,21.059999465942383,20.219999313354492,20.959999084472656,3904600
2019-01-18,21.1299991607666,21.420000076293945,20.709999084472656,21.18000030517578,4792900
2019-01-22,20.93000030517578,20.93000030517578,19.950000762939453,19.989999771118164,4902400
2019-01-23,20.149999618530273,20.510000228881836,19.0,19.049999237060547,5623500
2019-01-24,19.020000457763672,19.1200008392334,18.219999313354492,18.889999389648438,7062700
2019-01-25,18.950000762939453,20.079999923706055,18.8799991607666,19.969999313354492,4363200
2019-01-28,19.8799991607666,19.8799991607666,19.0,19.350000381469727,3664200
2019-01-29,19.299999237060547,19.860000610351562,18.719999313354492,19.770000457763672,3924600
2019-01-30,19.8700008392334,20.040000915527344,19.719999313354492,19.850000381469727,3484800
2019-01-31,19.920000076293945,19.93000030517578,19.09000015258789,19.469999313354492,5711800
2019-02-01,19.479999542236328,20.079999923706055,19.239999771118164,19.65999984741211,3336000
2019-02-04,19.530000686645508,19.799999237060547,19.200000762939453,19.780000686645508,2414100
2019-02-05,19.719999313354492,20.0,19.020000457763672,19.09000015258789,4778600
2019-02-06,19.010000228881836,19.09000015258789,18.510000228881836,18.68000030517578,3186600
2019-02-07,18.549999237060547,18.68000030517578,17.790000915527344,17.84000015258789,4224800
2019-02-08,17.790000915527344,18.010000228881836,17.559999465942383,17.790000915527344,3992900
2019-02-11,17.860000610351562,18.549999237060547,17.65999984741211,18.3799991607666,2715500
2019-02-12,18.610000610351562,19.1200008392334,18.540000915527344,18.8799991607666,3391900
2019-02-13,18.959999084472656,19.239999771118164,18.799999237060547,19.209999084472656,4407500
2019-02-14,18.979999542236328,19.280000686645508,17.920000076293945,18.200000762939453,6704300
2019-02-15,18.31999969482422,19.31999969482422,18.31999969482422,18.93000030517578,5858600
2019-02-19,18.829999923706055,19.540000915527344,18.799999237060547,18.969999313354492,5633800
2019-02-20,19.079999923706055,19.75,19.020000457763672,19.350000381469727,5114600
2019-02-21,19.290000915527344,19.520000457763672,18.8799991607666,19.030000686645508,3089100
2019-02-22,19.56999969482422,19.75,19.190000534057617,19.309999465942383,5516200
2019-02-25,19.329999923706055,20.030000686645508,19.329999923706055,19.809999465942383,4334900
2019-02-26,19.780000686645508,19.969999313354492,19.010000228881836,19.040000915527344,3956100
2019-02-27,19.229999542236328,19.25,18.280000686645508,18.309999465942383,5474200
2019-02-28,18.3700008392334,18.459999084472656,17.780000686645508,18.1200008392334,5194300
2019-03-01,18.329999923706055,19.5,18.329999923706055,19.489999771118164,4737900
2019-03-04,19.530000686645508,20.0,19.200000762939453,19.829999923706055,3775300
2019-03-05,19.760000228881836,19.889999389648438,19.190000534057617,19.399999618530273,3682300
2019-03-06,19.239999771118164,19.440000534057617,18.780000686645508,18.850000381469727,3229200
2019-03-07,18.84000015258789,19.09000015258789,18.6200008392334,18.8700008392334,4691300
2019-03-08,18.65999984741211,18.68000030517578,17.989999771118164,18.360000610351562,4255000
2019-03-11,18.360000610351562,18.709999084472656,18.149999618530273,18.700000762939453,3855000
2019-03-12,18.760000228881836,19.700000762939453,18.709999084472656,19.649999618530273,4166100
2019-03-13,19.670000076293945,20.149999618530273,19.579999923706055,19.639999389648438,4527600
2019-03-14,19.68000030517578,20.079999923706055,19.6299991607666,19.860000610351562,3756400
2019-03-15,19.649999618530273,19.75,19.040000915527344,19.40999984741211,6557300
2019-03-18,19.510000228881836,20.260000228881836,19.3700008392334,20.040000915527344,5406400
2019-03-19,20.280000686645508,20.5,19.81999969482422,20.049999237060547,3252100
2019-03-20,19.959999084472656,21.110000610351562,19.8700008392334,20.829999923706055,4198800
2019-03-21,20.719999313354492,20.899999618530273,20.030000686645508,20.260000228881836,5782000
2019-03-22,20.040000915527344,20.100000381469727,19.239999771118164,19.510000228881836,4146200
2019-03-25,19.459999084472656,20.420000076293945,19.450000762939453,20.0,3909600
2019-03-26,20.09000015258789,20.489999771118164,19.90999984741211,20.1299991607666,4198900
2019-03-27,19.8799991607666,20.469999313354492,19.8799991607666,20.329999923706055,3285300
2019-03-28,20.479999542236328,20.68000030517578,20.149999618530273,20.649999618530273,3491400
2019-03-29,20.81999969482422,20.989999771118164,20.459999084472656,20.739999771118164,3980800
2019-04-01,20.860000610351562,21.049999237060547,20.420000076293945,20.549999237060547,4084700
2019-04-02,20.989999771118164,21.1200008392334,20.579999923706055,20.6200008392334,3963900
2019-04-03,20.6200008392334,20.790000915527344,19.93000030517578,20.100000381469727,3224000
2019-04-04,20.209999084472656,21.200000762939453,20.0,20.889999389648438,4265300
2019-04-05,20.860000610351562,21.6299991607666,20.739999771118164,21.610000610351562,2570100
2019-04-08,21.43000030517578,21.860000610351562,21.3700008392334,21.510000228881836,3530500
2019-04-09,21.450000762939453,21.600000381469727,20.829999923706055,20.93000030517578,4445800
2019-04-10,21.059999465942383,21.209999084472656,20.809999465942383,21.059999465942383,2428800
2019-04-11,21.010000228881836,21.170000076293945,20.739999771118164,20.959999084472656,2309200
2019-04-12,21.65999984741211,21.719999313354492,21.239999771118164,21.329999923706055,3125300
2019-04-15,21.170000076293945,21.75,20.93000030517578,21.579999923706055,2089500
2019-04-16,21.559999465942383,21.780000686645508,21.329999923706055,21.729999542236328,2779100
2019-04-17,21.799999237060547,21.81999969482422,20.889999389648438,21.260000228881836,3526700
2019-04-18,21.31999969482422,21.3700008392334,20.3700008392334,20.440000534057617,3926400
2019-04-22,20.59000015258789,21.079999923706055,20.31999969482422,21.049999237060547,3880400
2019-04-23,21.149999618530273,21.40999984741211,20.860000610351562,21.010000228881836,3534700
2019-04-24,21.100000381469727,21.190000534057617,20.690000534057617,20.75,4583700
2019-04-25,20.56999969482422,20.65999984741211,20.030000686645508,20.15999984741211,5075900
2019-04-26,20.399999618530273,21.3799991607666,20.139999389648438,20.989999771118164,6193800
2019-04-29,21.0,21.209999084472656,20.709999084472656,21.06999969482422,3900400
2019-04-30,21.209999084472656,21.280000686645508,20.3799991607666,20.450000762939453,3836100
2019-05-01,20.459999084472656,20.780000686645508,20.059999465942383,20.079999923706055,3082800
2019-05-02,19.81999969482422,20.15999984741211,19.59000015258789,19.719999313354492,3928400
2019-05-03,19.989999771118164,20.43000030517578,19.709999084472656,20.3799991607666,2754700
2019-05-06,20.170000076293945,20.530000686645508,20.010000228881836,20.360000610351562,2517200
2019-05-07,20.139999389648438,20.690000534057617,19.93000030517578,20.690000534057617,2755100
2019-05-08,20.780000686645508,21.1299991607666,20.43000030517578,20.440000534057617,2525600
2019-05-09,20.170000076293945,20.6299991607666,19.899999618530273,20.450000762939453,1720900
2019-05-10,20.399999618530273,21.06999969482422,20.239999771118164,21.049999237060547,3987500
2019-05-13,20.81999969482422,20.950000762939453,20.420000076293945,20.860000610351562,5816900
2019-05-14,20.899999618530273,21.219999313354492,20.739999771118164,21.059999465942383,3940300
2019-05-15,20.81999969482422,21.639999389648438,20.639999389648438,21.540000915527344,2315100
2019-05-16,21.6200008392334,21.670000076293945,20.950000762939453,21.020000457763672,5180000
2019-05-17,20.850000381469727,21.309999465942383,20.790000915527344,20.809999465942383,2962000
2019-05-20,20.959999084472656,21.200000762939453,20.790000915527344,20.889999389648438,2550000
2019-05-21,21.06999969482422,21.469999313354492,20.959999084472656,21.450000762939453,2823700
2019-05-22,21.15999984741211,21.3799991607666,19.920000076293945,19.950000762939453,3336200
2019-05-23,19.6299991607666,19.68000030517578,19.209999084472656,19.56999969482422,5705400
2019-05-24,19.760000228881836,19.850000381469727,19.290000915527344,19.43000030517578,3790500
2019-05-28,19.280000686645508,19.440000534057617,18.780000686645508,18.8799991607666,2457400
2019-05-29,18.649999618530273,18.709999084472656,18.149999618530273,18.670000076293945,3541300
2019-05-30,18.479999542236328,18.719999313354492,18.15999984741211,18.260000228881836,2817100
2019-05-31,18.190000534057617,18.649999618530273,18.09000015258789,18.299999237060547,3485200
2019-06-03,18.290000915527344,18.479999542236328,18.1299991607666,18.420000076293945,2922000
2019-06-04,18.549999237060547,18.709999084472656,18.170000076293945,18.559999465942383,3364400
2019-06-05,18.56999969482422,18.670000076293945,17.68000030517578,17.829999923706055,3944000
2019-06-06,17.799999237060547,18.059999465942383,17.68000030517578,18.059999465942383,3643300
2019-06-07,18.040000915527344,18.170000076293945,17.670000076293945,17.690000534057617,3274300
2019-06-10,17.6200008392334,17.90999984741211,17.290000915527344,17.309999465942383,3686000
2019-06-11,17.530000686645508,17.530000686645508,16.6299991607666,16.65999984741211,4916700
2019-06-12,16.469999313354492,16.639999389648438,15.6899995803833,15.770000457763672,5492500
2019-06-13,16.0,16.15999984741211,15.65999984741211,16.1299991607666,6151700
2019-06-14,16.06999969482422,16.219999313354492,15.739999771118164,15.8100004196167,3441100
2019-06-17,15.65999984741211,16.239999771118164,15.399999618530273,15.850000381469727,3924200
2019-06-18,15.899999618530273,16.360000610351562,15.869999885559082,15.960000038146973,3433100
2019-06-19,15.989999771118164,15.989999771118164,15.119999885559082,15.15999984741211,4028400
2019-06-20,15.399999618530273,15.920000076293945,15.319999694824219,15.550000190734863,4817200
2019-06-21,15.5600004196167,15.699999809265137,15.010000228881836,15.229999542236328,4365500
2019-06-24,15.1899995803833,15.619999885559082,15.119999885559082,15.380000114440918,3854200
2019-06-25,15.380000114440918,15.380000114440918,14.279999732971191,14.390000343322754,7329900
2019-06-26,14.489999771118164,14.920000076293945,14.470000267028809,14.789999961853027,4842000
2019-06-27,14.75,14.9399995803833,14.359999656677246,14.430000305175781,3699700
2019-06-28,14.5600004196167,16.09000015258789,14.5600004196167,15.8100004196167,9014800
2019-07-01,15.9399995803833,16.200000762939453,15.819999694824219,16.06999969482422,5921100
2019-07-02,16.020000457763672,16.06999969482422,14.90999984741211,15.079999923706055,6446700
2019-07-03,15.09000015258789,15.270000457763672,14.989999771118164,15.0600004196167,2179400
2019-07-05,15.25,15.75,15.079999923706055,15.470000267028809,4892700
2019-07-08,15.3100004196167,15.489999771118164,15.069999694824219,15.079999923706055,3044100
2019-07-09,15.0600004196167,15.8100004196167,14.970000267028809,15.65999984741211,5567400
2019-07-10,16.43000030517578,16.440000534057617,15.800000190734863,15.9399995803833,7007700
2019-07-11,15.989999771118164,16.139999389648438,15.260000228881836,15.369999885559082,4408600
2019-07-12,15.630000114440918,16.079999923706055,15.369999885559082,15.819999694824219,5075400
2019-07-15,15.869999885559082,15.920000076293945,15.449999809265137,15.619999885559082,4413600
2019-07-16,15.550000190734863,15.550000190734863,14.920000076293945,15.119999885559082,4737800
2019-07-17,15.119999885559082,15.229999542236328,14.75,14.960000038146973,2986100
2019-07-18,14.84000015258789,15.34000015258789,14.770000457763672,15.25,3759300
2019-07-19,15.1899995803833,15.550000190734863,15.109999656677246,15.449999809265137,3160900
2019-07-22,15.5600004196167,15.770000457763672,15.229999542236328,15.529999732971191,3472000
2019-07-23,15.5,15.720000267028809,15.350000381469727,15.670000076293945,3677500
2019-07-24,15.640000343322754,16.09000015258789,15.539999961853027,15.920000076293945,4655500
2019-07-25,16.299999237060547,16.34000015258789,14.289999961853027,14.819999694824219,8902600
2019-07-26,14.649999618530273,15.109999656677246,14.180000305175781,14.3100004196167,6567000
2019-07-29,14.319999694824219,14.319999694824219,13.210000038146973,13.649999618530273,8119600
2019-07-30,13.579999923706055,14.930000305175781,13.40999984741211,14.75,7492400
2019-07-31,14.859999656677246,15.579999923706055,14.770000457763672,15.109999656677246,7999600
2019-08-01,14.899999618530273,14.899999618530273,13.5,13.720000267028809,10046900
2019-08-02,13.779999732971191,13.949999809265137,13.220000267028809,13.350000381469727,5388100
2019-08-05,13.0,13.15999984741211,12.699999809265137,13.069999694824219,6318600
2019-08-06,13.100000381469727,13.210000038146973,12.109999656677246,12.539999961853027,5837100
2019-08-07,12.300000190734863,12.479999542236328,11.789999961853027,12.40999984741211,9484100
2019-08-08,12.579999923706055,12.649999618530273,12.109999656677246,12.609999656677246,6022100
2019-08-09,12.59000015258789,12.649999618530273,12.029999732971191,12.09000015258789,5167200
2019-08-12,12.079999923706055,12.25,11.550000190734863,12.170000076293945,7154400
2019-08-13,12.239999771118164,12.84000015258789,11.920000076293945,12.300000190734863,6283900
2019-08-14,12.029999732971191,12.100000381469727,11.699999809265137,11.8100004196167,4786100
2019-08-15,11.829999923706055,11.899999618530273,11.470000267028809,11.770000457763672,4540500
2019-08-16,11.739999771118164,12.5,11.600000381469727,12.359999656677246,4156700
2019-08-19,12.449999809265137,12.829999923706055,12.319999694824219,12.600000381469727,5528000
2019-08-20,12.479999542236328,12.8100004196167,12.220000267028809,12.289999961853027,3280800
2019-08-21,12.170000076293945,12.5600004196167,11.75,11.859999656677246,4424900
2019-08-22,11.90999984741211,12.079999923706055,11.279999732971191,11.350000381469727,4994900
2019-08-23,11.1899995803833,11.300000190734863,10.319999694824219,10.350000381469727,12308300
2019-08-26,10.5,10.529999732971191,10.140000343322754,10.260000228881836,8330600
2019-08-27,10.359999656677246,10.390000343322754,9.800000190734863,9.819999694824219,4971700
2019-08-28,9.920000076293945,10.350000381469727,9.819999694824219,10.1899995803833,7392300
2019-08-29,10.279999732971191,11.069999694824219,10.279999732971191,10.75,6737700
2019-08-30,10.600000381469727,10.75,9.899999618530273,10.170000076293945,6709800
2019-09-03,10.010000228881836,10.079999923706055,9.710000038146973,10.020000457763672,6864900
2019-09-04,10.180000305175781,10.65999984741211,10.119999885559082,10.579999923706055,5589700
2019-09-05,10.680000305175781,11.239999771118164,10.600000381469727,10.899999618530273,5321900
2019-09-06,10.640000343322754,10.770000457763672,10.109999656677246,10.680000305175781,6151000
2019-09-09,10.829999923706055,11.819999694824219,10.789999961853027,11.75,7299800
2019-09-10,11.920000076293945,12.609999656677246,11.720000267028809,11.8100004196167,6572400
2019-09-11,11.930000305175781,12.640000343322754,11.630000114440918,12.329999923706055,5910700
2019-09-12,12.119999885559082,12.489999771118164,11.720000267028809,12.289999961853027,6081800
2019-09-13,12.420000076293945,12.670000076293945,11.65999984741211,12.15999984741211,4925500
2019-09-16,12.920000076293945,13.119999885559082,11.600000381469727,12.15999984741211,11983900
2019-09-17,11.960000038146973,12.920000076293945,11.729999542236328,12.4399995803833,8243300
2019-09-18,12.279999732971191,12.600000381469727,12.079999923706055,12.25,3561500
2019-09-19,12.25,12.319999694824219,11.479999542236328,11.510000228881836,4441400
2019-09-20,11.609999656677246,11.800000190734863,11.319999694824219,11.460000038146973,9689900
2019-09-23,11.25,11.670000076293945,11.15999984741211,11.489999771118164,4596500
2019-09-24,11.350000381469727,11.5600004196167,11.119999885559082,11.279999732971191,3233100
2019-09-25,11.1899995803833,11.449999809265137,11.029999732971191,11.170000076293945,3285700
2019-09-26,10.979999542236328,11.09000015258789,10.640000343322754,10.899999618530273,3797400
2019-09-27,10.720000267028809,11.260000228881836,10.59000015258789,11.229999542236328,4207800
2019-09-30,11.130000114440918,11.130000114440918,10.279999732971191,10.640000343322754,6280300
2019-10-01,10.710000038146973,10.880000114440918,10.010000228881836,10.199999809265137,4718000
2019-10-02,10.220000267028809,10.579999923706055,9.970000267028809,10.069999694824219,4874500
2019-10-03,9.979999542236328,10.0,9.0600004196167,9.680000305175781,7391700
2019-10-04,9.789999961853027,9.899999618530273,9.109999656677246,9.899999618530273,5905300
2019-10-07,9.800000190734863,10.119999885559082,9.569999694824219,9.770000457763672,6594400
2019-10-08,9.619999885559082,9.800000190734863,9.229999542236328,9.260000228881836,4905000
2019-10-09,9.229999542236328,9.539999961853027,9.140000343322754,9.329999923706055,6195500
2019-10-10,9.329999923706055,9.539999961853027,9.140000343322754,9.420000076293945,4291600
2019-10-11,9.600000381469727,9.90999984741211,9.40999984741211,9.65999984741211,5333800
2019-10-14,9.569999694824219,9.649999618530273,9.239999771118164,9.489999771118164,3407900
2019-10-15,9.40999984741211,10.0600004196167,9.390000343322754,9.640000343322754,7496800
2019-10-16,9.75,9.970000267028809,9.520000457763672,9.5600004196167,4465200
2019-10-17,9.640000343322754,10.029999732971191,9.470000267028809,9.949999809265137,5407300
2019-10-18,9.930000305175781,10.020000457763672,9.65999984741211,9.710000038146973,4144500
2019-10-21,9.600000381469727,9.84000015258789,9.399999618530273,9.550000190734863,4312000
2019-10-22,9.670000076293945,9.800000190734863,9.260000228881836,9.460000038146973,6182000
2019-10-23,9.420000076293945,9.8100004196167,9.140000343322754,9.619999885559082,5952500
2019-10-24,9.739999771118164,9.760000228881836,9.029999732971191,9.260000228881836,4956900
2019-10-25,9.25,9.65999984741211,9.109999656677246,9.489999771118164,6141600
2019-10-28,9.59000015258789,10.039999961853027,9.399999618530273,9.420000076293945,4005200
2019-10-29,9.430000305175781,10.489999771118164,9.270000457763672,10.3100004196167,9191400
2019-10-30,10.5,10.609999656677246,9.899999618530273,9.899999618530273,9410300
2019-10-31,10.34000015258789,11.170000076293945,9.6899995803833,10.739999771118164,14378900
2019-11-01,10.609999656677246,10.979999542236328,10.329999923706055,10.5600004196167,7763700
2019-11-04,10.84000015258789,11.289999961853027,10.84000015258789,11.109999656677246,8419300
2019-11-05,11.229999542236328,11.529999732971191,10.84000015258789,10.869999885559082,6940200
2019-11-06,10.779999732971191,11.180000305175781,10.630000114440918,10.770000457763672,5492500
2019-11-07,10.930000305175781,11.260000228881836,10.850000381469727,11.0600004196167,5643700
2019-11-08,11.109999656677246,11.649999618530273,10.880000114440918,11.59000015258789,6364100
2019-11-11,11.300000190734863,11.3100004196167,10.510000228881836,10.539999961853027,6036000
2019-11-12,10.630000114440918,10.710000038146973,10.34000015258789,10.449999809265137,3571000
2019-11-13,10.3100004196167,10.520000457763672,10.1899995803833,10.390000343322754,3198200
2019-11-14,10.460000038146973,10.720000267028809,10.25,10.3100004196167,3647100
2019-11-15,10.319999694824219,10.449999809265137,10.1899995803833,10.350000381469727,3894900
2019-11-18,10.1899995803833,10.1899995803833,9.600000381469727,9.65999984741211,7037200
2019-11-19,9.59000015258789,9.630000114440918,8.9399995803833,8.949999809265137,6845100
2019-11-20,8.9399995803833,9.050000190734863,8.609999656677246,8.829999923706055,7313300
2019-11-21,8.869999885559082,8.960000038146973,8.630000114440918,8.670000076293945,4482600
2019-11-22,8.6899995803833,9.15999984741211,8.640000343322754,9.0600004196167,4706600
2019-11-25,8.8100004196167,9.130000114440918,8.640000343322754,9.09000015258789,6701100
2019-11-26,9.0,9.0,8.649999618530273,8.8100004196167,7674200
2019-11-27,8.819999694824219,9.09000015258789,8.699999809265137,9.0600004196167,7089200
2019-11-29,8.880000114440918,8.9399995803833,8.670000076293945,8.729999542236328,3420800
2019-12-02,8.800000190734863,8.8100004196167,8.380000114440918,8.4399995803833,8333300
2019-12-03,8.350000381469727,8.6899995803833,8.34000015258789,8.479999542236328,6025700
2019-12-04,8.550000190734863,8.930000305175781,8.460000038146973,8.75,6709400
2019-12-05,8.84000015258789,8.989999771118164,8.59000015258789,8.609999656677246,5871000
2019-12-06,8.609999656677246,8.890000343322754,8.520000457763672,8.779999732971191,6415600
2019-12-09,8.65999984741211,9.09000015258789,8.609999656677246,8.869999885559082,5311800
2019-12-10,8.859999656677246,9.149999618530273,8.859999656677246,9.09000015258789,4683100
2019-12-11,9.119999885559082,9.180000305175781,8.739999771118164,8.850000381469727,4685700
2019-12-12,8.899999618530273,9.539999961853027,8.869999885559082,9.460000038146973,5697600
2019-12-13,9.539999961853027,9.680000305175781,9.199999809265137,9.300000190734863,5225300
2019-12-16,9.390000343322754,9.859999656677246,9.359999656677246,9.729999542236328,7439600
2019-12-17,9.739999771118164,9.899999618530273,9.609999656677246,9.819999694824219,5877000
2019-12-18,9.649999618530273,10.25,9.649999618530273,10.140000343322754,5860500
2019-12-19,10.140000343322754,10.720000267028809,10.119999885559082,10.670000076293945,5589100
2019-12-20,10.710000038146973,10.739999771118164,10.34000015258789,10.539999961853027,12179500
2019-12-23,10.550000190734863,10.920000076293945,10.510000228881836,10.880000114440918,7563000
2019-12-24,10.90999984741211,11.050000190734863,10.779999732971191,10.8100004196167,2439100
2019-12-26,10.970000267028809,11.050000190734863,10.619999885559082,10.6899995803833,3769800
2019-12-27,10.6899995803833,10.729999542236328,10.420000076293945,10.449999809265137,3631900
2019-12-30,10.489999771118164,10.800000190734863,10.420000076293945,10.640000343322754,5387400
2019-12-31,10.550000190734863,11.119999885559082,10.5,10.899999618530273,4478000
2020-01-02,10.970000267028809,11.050000190734863,10.270000457763672,10.359999656677246,9285400
2020-01-03,10.5,10.640000343322754,10.15999984741211,10.34000015258789,7208700
2020-01-06,10.449999809265137,10.5,10.15999984741211,10.460000038146973,8293700
2020-01-07,10.319999694824219,10.479999542236328,10.15999984741211,10.289999961853027,4618300
2020-01-08,10.210000038146973,10.260000228881836,9.100000381469727,9.130000114440918,9538100
2020-01-09,9.079999923706055,9.170000076293945,8.649999618530273,9.010000228881836,7885300
2020-01-10,9.050000190734863,9.239999771118164,8.779999732971191,8.84000015258789,6560600
2020-01-13,8.84000015258789,9.100000381469727,8.0,8.369999885559082,13158100
2020-01-14,8.319999694824219,8.739999771118164,8.199999809265137,8.609999656677246,9032200
2020-01-15,8.489999771118164,8.600000381469727,8.170000076293945,8.460000038146973,9308400
2020-01-16,8.5,9.010000228881836,8.470000267028809,8.550000190734863,5984600
2020-01-17,8.529999732971191,8.59000015258789,8.229999542236328,8.239999771118164,6354800
2020-01-21,8.229999542236328,8.229999542236328,7.679999828338623,7.679999828338623,8751600
2020-01-22,7.71999979019165,7.829999923706055,7.380000114440918,7.400000095367432,7259300
2020-01-23,7.360000133514404,7.46999979019165,7.079999923706055,7.119999885559082,8763800
2020-01-24,7.050000190734863,7.079999923706055,6.46999979019165,6.650000095367432,11762100
2020-01-27,6.440000057220459,6.789999961853027,6.400000095367432,6.590000152587891,8453800
2020-01-28,6.650000095367432,6.809999942779541,6.519999980926514,6.679999828338623,7322300
2020-01-29,6.699999809265137,6.75,6.0,6.090000152587891,9946000
2020-01-30,6.03000020980835,6.239999771118164,6.010000228881836,6.190000057220459,6957900
2020-01-31,6.070000171661377,6.269999980926514,5.769999980926514,6.050000190734863,12281400
2020-02-03,6.0,6.130000114440918,5.739999771118164,5.900000095367432,9139600
2020-02-04,6.03000020980835,6.050000190734863,5.679999828338623,5.71999979019165,8940000
2020-02-05,5.840000152587891,6.159999847412109,5.820000171661377,6.0,13261100
2020-02-06,5.949999809265137,5.96999979019165,5.429999828338623,5.440000057220459,12070000
2020-02-07,5.389999866485596,5.519999980926514,5.269999980926514,5.300000190734863,8670600
2020-02-10,5.190000057220459,5.360000133514404,5.010000228881836,5.110000133514404,8002000
2020-02-11,5.210000038146973,5.369999885559082,5.110000133514404,5.130000114440918,7467500
2020-02-12,5.289999961853027,5.420000076293945,5.150000095367432,5.28000020980835,8390100
2020-02-13,5.269999980926514,5.510000228881836,5.179999828338623,5.409999847412109,6544800
2020-02-14,5.429999828338623,5.53000020980835,5.269999980926514,5.289999961853027,6198600
2020-02-18,5.349999904632568,5.71999979019165,5.320000171661377,5.679999828338623,6848300
2020-02-19,5.760000228881836,5.940000057220459,5.590000152587891,5.909999847412109,9990300
2020-02-20,5.900000095367432,6.150000095367432,5.900000095367432,6.010000228881836,8791600
2020-02-21,5.880000114440918,5.880000114440918,5.53000020980835,5.809999942779541,8703300
2020-02-24,5.420000076293945,5.710000038146973,5.409999847412109,5.510000228881836,7711200
2020-02-25,5.519999980926514,5.519999980926514,4.929999828338623,5.159999847412109,8393600
2020-02-26,5.21999979019165,5.380000114440918,4.949999809265137,4.960000038146973,9344400
2020-02-27,4.920000076293945,5.539999961853027,4.210000038146973,5.380000114440918,21825000
2020-02-28,5.150000095367432,5.949999809265137,5.130000114440918,5.869999885559082,19794100
2020-03-02,6.059999942779541,6.099999904632568,5.739999771118164,6.079999923706055,17255900
2020-03-03,6.070000171661377,6.210000038146973,5.75,6.150000095367432,11179800
2020-03-04,6.150000095367432,6.340000152587891,5.840000152587891,6.110000133514404,10516800
2020-03-05,5.860000133514404,6.400000095367432,5.860000133514404,6.349999904632568,11214900
2020-03-06,6.079999923706055,6.929999828338623,6.019999980926514,6.389999866485596,18486800
2020-03-09,4.920000076293945,7.920000076293945,4.900000095367432,7.059999942779541,26465400
2020-03-10,7.21999979019165,7.71999979019165,6.010000228881836,7.059999942779541,20699700
2020-03-11,6.699999809265137,7.460000038146973,6.679999828338623,6.880000114440918,16600400
2020-03-12,6.300000190734863,7.320000171661377,6.050000190734863,6.940000057220459,15101100
2020-03-13,7.110000133514404,9.529999732971191,6.889999866485596,9.529999732971191,21564100
2020-03-16,8.470000267028809,10.3100004196167,7.880000114440918,8.6899995803833,18020200
2020-03-17,8.789999961853027,9.579999923706055,8.510000228881836,9.40999984741211,14730900
2020-03-18,9.050000190734863,9.640000343322754,8.210000038146973,8.6899995803833,12140900
2020-03-19,8.930000305175781,9.119999885559082,7.03000020980835,8.079999923706055,11988100
2020-03-20,8.069999694824219,8.229999542236328,7.239999771118164,7.449999809265137,9512000
2020-03-23,7.449999809265137,7.519999980926514,6.010000228881836,6.059999942779541,8974700
2020-03-24,6.449999809265137,7.300000190734863,5.630000114440918,7.25,11355700
2020-03-25,7.25,8.109999656677246,6.849999904632568,7.730000019073486,11077500
2020-03-26,7.739999771118164,8.260000228881836,6.679999828338623,6.960000038146973,6892400
2020-03-27,6.78000020980835,7.380000114440918,6.650000095367432,6.900000095367432,6588300
2020-03-30,6.730000019073486,7.480000019073486,6.5,6.980000019073486,9191200
2020-03-31,6.989999771118164,7.340000152587891,6.639999866485596,7.070000171661377,9753500
2020-04-01,6.880000114440918,7.690000057220459,6.840000152587891,7.300000190734863,8688800
2020-04-02,7.519999980926514,7.929999828338623,6.440000057220459,7.889999866485596,14678600
2020-04-03,8.010000228881836,8.9399995803833,7.670000076293945,8.770000457763672,9023900
2020-04-06,8.850000381469727,9.979999542236328,8.470000267028809,9.760000228881836,9123700
2020-04-07,9.850000381469727,11.180000305175781,9.5600004196167,10.75,10694400
2020-04-08,10.829999923706055,11.109999656677246,10.1899995803833,10.84000015258789,6554800
2020-04-09,10.819999694824219,11.75,10.550000190734863,10.819999694824219,11886900
2020-04-13,11.390000343322754,12.510000228881836,11.220000267028809,12.430000305175781,10942800
2020-04-14,12.5,13.09000015258789,12.149999618530273,12.859999656677246,9092000
2020-04-15,12.670000076293945,13.229999542236328,12.039999961853027,13.050000190734863,9017300
2020-04-16,13.0600004196167,13.550000190734863,12.640000343322754,12.8100004196167,9171900
2020-04-17,13.039999961853027,13.479999542236328,12.520000457763672,13.369999885559082,7702900
2020-04-20,13.029999732971191,15.739999771118164,13.020000457763672,15.5600004196167,13228400
2020-04-21,15.739999771118164,17.15999984741211,15.489999771118164,15.569999694824219,11685400
2020-04-22,15.880000114440918,16.18000030517578,14.130000114440918,14.25,7500800
2020-04-23,13.869999885559082,14.1899995803833,12.350000381469727,12.5,17449300
2020-04-24,12.640000343322754,13.640000343322754,12.390000343322754,13.390000343322754,25836300
2020-04-27,13.390000343322754,13.989999771118164,12.819999694824219,13.789999961853027,8616500
2020-04-28,13.899999618530273,14.15999984741211,13.170000076293945,13.390000343322754,9159800
2020-04-29,13.630000114440918,14.350000381469727,13.5,14.09000015258789,6911100
2020-04-30,14.510000228881836,15.140000343322754,13.710000038146973,14.59000015258789,10297200
2020-05-01,14.279999732971191,14.529999732971191,13.899999618530273,14.369999885559082,6444000
2020-05-04,14.229999542236328,14.90999984741211,13.869999885559082,14.800000190734863,6613400
2020-05-05,15.300000190734863,15.420000076293945,14.100000381469727,14.329999923706055,6853200
2020-05-06,14.40999984741211,14.529999732971191,13.569999694824219,13.630000114440918,6300700
2020-05-07,13.640000343322754,14.470000267028809,13.329999923706055,13.619999885559082,6887900
2020-05-08,13.600000381469727,14.069999694824219,13.460000038146973,13.989999771118164,4597800
2020-05-11,13.890000343322754,14.359999656677246,13.149999618530273,13.170000076293945,6436400
2020-05-12,13.239999771118164,13.460000038146973,12.640000343322754,12.65999984741211,7110800
2020-05-13,12.6899995803833,12.729999542236328,11.890000343322754,12.4399995803833,9142700
2020-05-14,12.270000457763672,13.130000114440918,11.9399995803833,12.539999961853027,6650900
2020-05-15,12.529999732971191,13.369999885559082,12.319999694824219,12.739999771118164,5532900
2020-05-18,13.09000015258789,13.319999694824219,12.569999694824219,12.880000114440918,7375200
2020-05-19,13.069999694824219,13.359999656677246,12.729999542236328,12.800000190734863,4684100
2020-05-20,13.029999732971191,13.710000038146973,12.920000076293945,13.329999923706055,7183800
2020-05-21,13.529999732971191,13.699999809265137,12.90999984741211,13.170000076293945,3992300
2020-05-22,13.109999656677246,13.850000381469727,12.859999656677246,13.739999771118164,6788200
2020-05-26,13.34000015258789,15.050000190734863,13.100000381469727,14.75,12750200
2020-05-27,14.819999694824219,14.949999809265137,13.640000343322754,14.170000076293945,6925600
2020-05-28,14.0600004196167,14.90999984741211,13.239999771118164,13.369999885559082,6073500
2020-05-29,13.380000114440918,13.710000038146973,12.979999542236328,13.34000015258789,5988400
2020-06-01,12.819999694824219,13.220000267028809,12.550000190734863,12.869999885559082,7219500
2020-06-02,12.90999984741211,13.489999771118164,12.8100004196167,13.390000343322754,4393600
2020-06-03,13.609999656677246,13.979999542236328,13.199999809265137,13.869999885559082,7115700
2020-06-04,13.859999656677246,14.329999923706055,13.670000076293945,14.300000190734863,5281400
2020-06-05,14.359999656677246,15.109999656677246,14.039999961853027,15.029999732971191,6680300
2020-06-08,15.140000343322754,16.899999618530273,14.90999984741211,16.889999389648438,9865800
2020-06-09,16.700000762939453,16.700000762939453,16.010000228881836,16.229999542236328,7274200
2020-06-10,16.09000015258789,16.200000762939453,15.149999618530273,15.170000076293945,5833400
2020-06-11,14.539999961853027,15.399999618530273,14.420000076293945,14.670000076293945,7067600
2020-06-12,15.1899995803833,15.1899995803833,14.300000190734863,14.8100004196167,5339300
2020-06-15,14.170000076293945,14.5600004196167,13.640000343322754,14.390000343322754,6698300
2020-06-16,14.800000190734863,14.800000190734863,13.930000305175781,14.079999923706055,5288400
2020-06-17,14.149999618530273,14.359999656677246,13.8100004196167,14.020000457763672,4560600
2020-06-18,13.949999809265137,14.220000267028809,13.619999885559082,13.680000305175781,4681100
2020-06-19,13.8100004196167,13.90999984741211,12.90999984741211,12.920000076293945,14577300
2020-06-22,12.930000305175781,13.039999961853027,12.069999694824219,12.350000381469727,5756800
2020-06-23,12.420000076293945,12.739999771118164,12.09000015258789,12.25,5455600
2020-06-24,12.15999984741211,12.609999656677246,11.960000038146973,11.989999771118164,5340900
2020-06-25,11.8100004196167,12.180000305175781,11.069999694824219,11.380000114440918,7015500
2020-06-26,11.369999885559082,11.369999885559082,10.520000457763672,10.649999618530273,7140000
2020-06-29,10.800000190734863,11.210000038146973,10.550000190734863,11.0600004196167,5757000
2020-06-30,11.1899995803833,11.989999771118164,11.069999694824219,11.899999618530273,8873100
2020-07-01,11.75,11.930000305175781,11.300000190734863,11.4399995803833,4940800
2020-07-02,11.960000038146973,12.819999694824219,11.899999618530273,12.670000076293945,5177800
2020-07-06,13.140000343322754,13.75,13.119999885559082,13.600000381469727,7133800
2020-07-07,13.359999656677246,14.760000228881836,13.359999656677246,14.069999694824219,6666700
2020-07-08,14.100000381469727,14.1899995803833,13.170000076293945,13.3100004196167,4130100
2020-07-09,13.489999771118164,13.9399995803833,13.15999984741211,13.170000076293945,5416300
2020-07-10,13.170000076293945,13.329999923706055,12.680000305175781,13.020000457763672,4693800
2020-07-13,13.140000343322754,13.34000015258789,12.479999542236328,12.489999771118164,4129400
2020-07-14,12.390000343322754,12.770000457763672,12.1899995803833,12.609999656677246,4077200
2020-07-15,12.850000381469727,12.899999618530273,12.359999656677246,12.75,3987300
2020-07-16,12.729999542236328,13.130000114440918,12.600000381469727,12.65999984741211,2697800
2020-07-17,12.800000190734863,12.930000305175781,12.4399995803833,12.479999542236328,3763300
2020-07-20,12.4399995803833,12.710000038146973,12.270000457763672,12.369999885559082,4287200
2020-07-21,12.609999656677246,13.5,12.390000343322754,13.359999656677246,4493200
2020-07-22,13.069999694824219,13.130000114440918,12.510000228881836,13.029999732971191,4530000
2020-07-23,13.270000457763672,14.550000190734863,13.130000114440918,14.229999542236328,6980100
2020-07-24,14.039999961853027,14.739999771118164,14.0,14.170000076293945,5308200
2020-07-27,13.260000228881836,14.430000305175781,13.109999656677246,13.40999984741211,5230300
2020-07-28,13.539999961853027,14.279999732971191,13.529999732971191,13.819999694824219,3950300
2020-07-29,13.949999809265137,14.489999771118164,13.489999771118164,14.489999771118164,4477700
2020-07-30,14.199999809265137,14.539999961853027,14.010000228881836,14.239999771118164,3597200
2020-07-31,14.119999885559082,14.520000457763672,13.75,14.520000457763672,5056200
2020-08-03,15.0,16.200000762939453,14.949999809265137,15.6899995803833,6736100
2020-08-04,15.59000015258789,16.1200008392334,15.3100004196167,15.979999542236328,6293300
2020-08-05,16.229999542236328,16.860000610351562,15.90999984741211,16.360000610351562,6095300
2020-08-06,16.520000457763672,17.149999618530273,16.25,16.34000015258789,4653600
2020-08-07,16.309999465942383,17.239999771118164,16.270000457763672,17.170000076293945,4392800
2020-08-10,17.170000076293945,17.969999313354492,17.030000686645508,17.15999984741211,7098000
2020-08-11,17.229999542236328,17.40999984741211,16.209999084472656,16.229999542236328,3920900
2020-08-12,16.3700008392334,16.690000534057617,16.020000457763672,16.3700008392334,2699400
2020-08-13,16.3799991607666,16.59000015258789,15.770000457763672,15.989999771118164,3194800
2020-08-14,16.200000762939453,17.540000915527344,16.170000076293945,16.959999084472656,5616900
2020-08-17,17.0,17.219999313354492,16.239999771118164,17.110000610351562,4398600
2020-08-18,17.3799991607666,17.639999389648438,16.469999313354492,16.530000686645508,4270800
2020-08-19,16.56999969482422,17.1299991607666,16.43000030517578,16.6299991607666,2554100
2020-08-20,16.579999923706055,16.6200008392334,15.829999923706055,15.859999656677246,3038100
2020-08-21,15.949999809265137,16.18000030517578,15.699999809265137,16.040000915527344,3187600
2020-08-24,16.270000457763672,16.68000030517578,15.770000457763672,16.3799991607666,3014300
2020-08-25,16.40999984741211,16.59000015258789,16.1299991607666,16.3700008392334,1817700
2020-08-26,16.25,16.3799991607666,15.539999961853027,15.680000305175781,3305900
2020-08-27,15.859999656677246,16.260000228881836,15.569999694824219,16.149999618530273,3504100
2020-08-28,16.170000076293945,16.329999923706055,15.930000305175781,16.020000457763672,2516000
2020-08-31,15.949999809265137,16.09000015258789,15.069999694824219,15.869999885559082,4945700
2020-09-01,15.619999885559082,15.729999542236328,15.3100004196167,15.600000381469727,2380500
2020-09-02,15.489999771118164,15.579999923706055,15.020000457763672,15.0600004196167,3702900
2020-09-03,15.029999732971191,15.84000015258789,15.020000457763672,15.289999961853027,3188500
2020-09-04,15.4399995803833,15.630000114440918,14.800000190734863,15.359999656677246,3275700
2020-09-08,15.069999694824219,15.069999694824219,14.329999923706055,14.5,5222900
2020-09-09,14.699999809265137,14.859999656677246,14.369999885559082,14.770000457763672,3882500
2020-09-10,14.859999656677246,14.859999656677246,13.930000305175781,14.069999694824219,4114000
2020-09-11,14.15999984741211,14.229999542236328,13.649999618530273,14.029999732971191,4217600
2020-09-14,14.149999618530273,14.390000343322754,13.680000305175781,14.229999542236328,4493100
2020-09-15,14.369999885559082,14.90999984741211,14.180000305175781,14.25,4506000
2020-09-16,14.300000190734863,14.970000267028809,14.170000076293945,14.760000228881836,4591600
2020-09-17,14.5,14.649999618530273,13.649999618530273,14.579999923706055,6260400
2020-09-18,14.65999984741211,15.40999984741211,14.520000457763672,15.140000343322754,6956300
2020-09-21,14.850000381469727,15.619999885559082,14.680000305175781,15.449999809265137,4443000
2020-09-22,15.390000343322754,15.619999885559082,14.710000038146973,14.710000038146973,4037800
2020-09-23,14.899999618530273,15.220000267028809,14.380000114440918,14.390000343322754,3425400
2020-09-24,14.329999923706055,14.899999618530273,14.239999771118164,14.479999542236328,3779900
2020-09-25,14.25,14.449999809265137,13.739999771118164,13.869999885559082,3570600
2020-09-28,13.970000267028809,14.140000343322754,13.239999771118164,13.989999771118164,3602900
2020-09-29,13.729999542236328,13.779999732971191,12.75,12.84000015258789,6710500
2020-09-30,12.729999542236328,13.170000076293945,12.579999923706055,12.930000305175781,4474900
2020-10-01,12.8100004196167,13.079999923706055,12.460000038146973,12.680000305175781,2916100
2020-10-02,12.289999961853027,13.079999923706055,12.270000457763672,12.729999542236328,2583100
2020-10-05,13.039999961853027,13.729999542236328,12.989999771118164,13.6899995803833,4438500
2020-10-06,13.880000114440918,14.239999771118164,13.399999618530273,13.460000038146973,3119100
2020-10-07,13.670000076293945,14.210000038146973,13.510000228881836,14.130000114440918,3541900
2020-10-08,14.270000457763672,14.510000228881836,13.890000343322754,14.5,3052600
2020-10-09,14.90999984741211,15.239999771118164,14.390000343322754,14.6899995803833,4188400
2020-10-12,14.760000228881836,15.529999732971191,14.59000015258789,15.399999618530273,3954700
2020-10-13,15.600000381469727,15.640000343322754,15.170000076293945,15.25,2807200
2020-10-14,15.079999923706055,15.34000015258789,14.829999923706055,14.850000381469727,3112700
2020-10-15,14.979999542236328,15.369999885559082,14.699999809265137,15.100000381469727,3121800
2020-10-16,15.170000076293945,15.3100004196167,14.680000305175781,14.710000038146973,3543100
2020-10-19,14.84000015258789,14.859999656677246,14.34000015258789,14.65999984741211,2380200
2020-10-20,14.779999732971191,15.319999694824219,14.680000305175781,15.029999732971191,4106100
2020-10-21,15.479999542236328,15.899999618530273,14.630000114440918,14.829999923706055,4933900
2020-10-22,14.84000015258789,16.8700008392334,14.75,15.800000190734863,11511300
2020-10-23,15.770000457763672,16.229999542236328,15.420000076293945,16.149999618530273,6562100
2020-10-26,16.079999923706055,16.079999923706055,15.460000038146973,15.630000114440918,3390600
2020-10-27,15.600000381469727,16.31999969482422,15.180000305175781,16.15999984741211,5483700
2020-10-28,15.359999656677246,16.530000686645508,15.359999656677246,15.779999732971191,22007500
2020-10-29,15.760000228881836,16.020000457763672,15.180000305175781,15.569999694824219,13423800
2020-10-30,15.510000228881836,15.619999885559082,14.75,15.140000343322754,6577200
2020-11-02,15.130000114440918,15.75,14.619999885559082,15.470000267028809,5652000
2020-11-03,15.5600004196167,15.890000343322754,14.649999618530273,14.859999656677246,5863700
2020-11-04,14.6899995803833,14.829999923706055,13.789999961853027,14.199999809265137,6681600
2020-11-05,14.300000190734863,14.949999809265137,14.09000015258789,14.260000228881836,4875500
2020-11-06,14.3100004196167,14.510000228881836,13.770000457763672,14.149999618530273,5954100
2020-11-09,14.699999809265137,14.800000190734863,13.020000457763672,13.489999771118164,11310600
2020-11-10,13.699999809265137,14.119999885559082,13.239999771118164,14.109999656677246,6112000
2020-11-11,14.300000190734863,14.729999542236328,14.170000076293945,14.6899995803833,4465600
2020-11-12,14.510000228881836,14.970000267028809,14.279999732971191,14.520000457763672,4425600
2020-11-13,14.729999542236328,15.329999923706055,14.529999732971191,15.229999542236328,4165900
2020-11-16,14.970000267028809,15.0,13.970000267028809,14.649999618530273,5999800
2020-11-17,14.470000267028809,14.670000076293945,14.220000267028809,14.430000305175781,3879200
2020-11-18,14.609999656677246,14.890000343322754,14.300000190734863,14.399999618530273,5141800
2020-11-19,14.0600004196167,15.0,13.710000038146973,14.989999771118164,6067100
2020-11-20,15.029999732971191,15.579999923706055,14.399999618530273,14.720000267028809,5896700
2020-11-23,14.9399995803833,15.520000457763672,14.739999771118164,15.40999984741211,5038300
2020-11-24,15.75,16.0,15.140000343322754,15.970000267028809,5675800
2020-11-25,15.930000305175781,15.930000305175781,15.119999885559082,15.399999618530273,3932300
2020-11-27,15.199999809265137,15.640000343322754,15.09000015258789,15.25,1440600
2020-11-30,15.550000190734863,15.869999885559082,14.850000381469727,14.880000114440918,5346700
2020-12-01,15.069999694824219,15.380000114440918,14.329999923706055,14.479999542236328,4264100
2020-12-02,14.529999732971191,15.109999656677246,14.180000305175781,14.489999771118164,4139400
2020-12-03,14.399999618530273,14.420000076293945,13.449999809265137,13.489999771118164,7718200
2020-12-04,13.720000267028809,14.34000015258789,13.640000343322754,14.239999771118164,5450200
2020-12-07,13.890000343322754,14.329999923706055,13.5,13.880000114440918,6319000
2020-12-08,13.59000015258789,13.930000305175781,13.229999542236328,13.390000343322754,8810100
2020-12-09,13.59000015258789,14.199999809265137,13.329999923706055,13.949999809265137,6902000
2020-12-10,14.020000457763672,14.829999923706055,13.859999656677246,14.65999984741211,8051100
2020-12-11,14.710000038146973,14.710000038146973,13.40999984741211,13.949999809265137,7432800
2020-12-14,14.180000305175781,14.460000038146973,13.850000381469727,13.880000114440918,4008500
2020-12-15,14.229999542236328,14.399999618530273,13.850000381469727,14.270000457763672,4922000
2020-12-16,14.270000457763672,14.279999732971191,13.539999961853027,13.609999656677246,5840900
2020-12-17,13.720000267028809,14.010000228881836,13.270000457763672,13.510000228881836,6621900
2020-12-18,13.579999923706055,13.800000190734863,13.260000228881836,13.520000457763672,10448900
2020-12-21,13.220000267028809,13.579999923706055,12.920000076293945,13.449999809265137,5752100
2020-12-22,13.600000381469727,13.739999771118164,13.210000038146973,13.279999732971191,3719800
2020-12-23,13.180000305175781,14.239999771118164,13.180000305175781,14.1899995803833,5817700
2020-12-24,14.229999542236328,14.270000457763672,13.850000381469727,13.90999984741211,1469500
2020-12-28,13.520000457763672,13.59000015258789,12.569999694824219,12.609999656677246,10303500
2020-12-29,12.699999809265137,12.8100004196167,12.270000457763672,12.460000038146973,4846800
2020-12-30,12.460000038146973,13.09000015258789,12.350000381469727,12.979999542236328,3853600
2020-12-31,12.920000076293945,12.960000038146973,12.529999732971191,12.710000038146973,4550700
2021-01-04,12.970000267028809,13.539999961853027,12.930000305175781,13.40999984741211,5338800
2021-01-05,13.75,14.680000305175781,13.649999618530273,14.039999961853027,10400500
2021-01-06,14.170000076293945,14.970000267028809,13.890000343322754,14.960000038146973,6488300
2021-01-07,14.960000038146973,15.449999809265137,14.699999809265137,14.9399995803833,4896100
2021-01-08,15.09000015258789,15.130000114440918,14.350000381469727,14.520000457763672,4830700
2021-01-11,14.239999771118164,15.270000457763672,14.119999885559082,15.220000267028809,4200400
2021-01-12,15.65999984741211,16.510000228881836,15.520000457763672,16.479999542236328,8700500
2021-01-13,16.559999465942383,17.59000015258789,16.219999313354492,17.190000534057617,9650000
2021-01-14,17.450000762939453,18.18000030517578,17.360000610351562,17.899999618530273,8873900
2021-01-15,18.110000610351562,18.65999984741211,17.809999465942383,18.5,7712800
2021-01-19,18.299999237060547,18.6200008392334,16.450000762939453,17.030000686645508,7818800
2021-01-20,17.149999618530273,17.229999542236328,15.880000114440918,16.18000030517578,6356400
2021-01-21,16.030000686645508,16.540000915527344,15.479999542236328,15.989999771118164,4876200
2021-01-22,15.609999656677246,16.440000534057617,15.350000381469727,16.389999389648438,3356300
2021-01-25,16.690000534057617,17.110000610351562,16.260000228881836,16.469999313354492,4480600
2021-01-26,16.68000030517578,16.8799991607666,15.949999809265137,15.970000267028809,4638600
2021-01-27,15.729999542236328,17.229999542236328,15.399999618530273,16.559999465942383,9222400
2021-01-28,16.850000381469727,16.889999389648438,15.819999694824219,16.440000534057617,5974500
2021-01-29,16.469999313354492,17.209999084472656,16.229999542236328,16.309999465942383,6138800
2021-02-01,16.979999542236328,17.559999465942383,16.8799991607666,17.010000228881836,5397100
2021-02-02,17.600000381469727,17.65999984741211,16.5,16.56999969482422,5561900
2021-02-03,16.559999465942383,17.459999084472656,16.559999465942383,17.260000228881836,4788800
2021-02-04,17.389999389648438,17.399999618530273,16.899999618530273,16.989999771118164,3121000
2021-02-05,17.309999465942383,17.34000015258789,16.530000686645508,16.75,4090500
2021-02-08,16.959999084472656,17.100000381469727,16.6299991607666,17.079999923706055,4480500
2021-02-09,16.950000762939453,17.110000610351562,16.34000015258789,16.450000762939453,4806800
2021-02-10,16.530000686645508,16.90999984741211,15.970000267028809,16.770000457763672,5162900
2021-02-11,16.770000457763672,17.010000228881836,16.510000228881836,16.829999923706055,6319000
2021-02-12,16.850000381469727,17.760000228881836,16.719999313354492,17.65999984741211,6451300
2021-02-16,18.25,18.579999923706055,17.68000030517578,17.860000610351562,7559000
2021-02-17,18.059999465942383,19.690000534057617,17.18000030517578,19.170000076293945,9245100
2021-02-18,19.059999465942383,19.350000381469727,18.020000457763672,18.299999237060547,7551200
2021-02-19,18.559999465942383,18.969999313354492,18.030000686645508,18.3799991607666,5376000
2021-02-22,18.510000228881836,18.6299991607666,17.68000030517578,17.690000534057617,6256800
2021-02-23,17.799999237060547,17.90999984741211,16.34000015258789,17.649999618530273,6878300
2021-02-24,17.850000381469727,18.950000762939453,17.6200008392334,18.610000610351562,5112800
2021-02-25,18.600000381469727,19.09000015258789,17.770000457763672,18.149999618530273,4940100
2021-02-26,18.09000015258789,18.31999969482422,17.100000381469727,17.790000915527344,4949900
2021-03-01,18.09000015258789,18.530000686645508,17.59000015258789,18.440000534057617,6779100
2021-03-02,18.520000457763672,19.420000076293945,18.34000015258789,18.440000534057617,4190200
2021-03-03,18.690000534057617,19.049999237060547,18.209999084472656,18.420000076293945,4901300
2021-03-04,18.399999618530273,19.1200008392334,17.809999465942383,18.309999465942383,7885900
2021-03-05,18.6200008392334,18.75,16.989999771118164,17.979999542236328,7308200
2021-03-08,18.049999237060547,18.25,17.270000457763672,17.3700008392334,6401400
2021-03-09,17.1200008392334,17.8700008392334,16.889999389648438,17.719999313354492,6442400
2021-03-10,17.860000610351562,19.149999618530273,17.760000228881836,18.770000457763672,7761500
2021-03-11,18.770000457763672,19.6299991607666,18.360000610351562,19.440000534057617,4892800
2021-03-12,19.489999771118164,19.670000076293945,18.579999923706055,18.75,3715900
2021-03-15,18.68000030517578,19.030000686645508,18.479999542236328,18.68000030517578,2891700
2021-03-16,18.489999771118164,18.8700008392334,18.329999923706055,18.639999389648438,2741200
2021-03-17,18.389999389648438,18.989999771118164,18.350000381469727,18.850000381469727,3121000
2021-03-18,18.68000030517578,18.84000015258789,17.459999084472656,17.600000381469727,5570100
2021-03-19,17.600000381469727,18.6200008392334,17.110000610351562,18.469999313354492,8042300
2021-03-22,18.309999465942383,18.729999542236328,18.06999969482422,18.469999313354492,3139800
2021-03-23,18.360000610351562,18.739999771118164,17.81999969482422,17.940000534057617,5109200
2021-03-24,18.190000534057617,18.450000762939453,17.530000686645508,17.540000915527344,4377500
2021-03-25,17.360000610351562,18.65999984741211,17.110000610351562,18.59000015258789,7592400
2021-03-26,18.989999771118164,19.850000381469727,18.610000610351562,19.709999084472656,6604200
2021-03-29,19.549999237060547,20.360000610351562,19.229999542236328,19.270000457763672,5855200
2021-03-30,19.110000610351562,19.3700008392334,18.1299991607666,18.229999542236328,5325200
2021-03-31,18.149999618530273,18.799999237060547,17.899999618530273,18.579999923706055,6655300
2021-04-01,18.700000762939453,19.030000686645508,18.360000610351562,18.959999084472656,4335600
2021-04-05,18.780000686645508,18.790000915527344,17.950000762939453,18.100000381469727,4589000
2021-04-06,18.15999984741211,18.709999084472656,18.139999389648438,18.450000762939453,3359900
2021-04-07,18.510000228881836,18.579999923706055,17.84000015258789,18.059999465942383,3953900
2021-04-08,17.799999237060547,17.959999084472656,17.1200008392334,17.719999313354492,4810300
2021-04-09,17.530000686645508,17.68000030517578,17.049999237060547,17.190000534057617,3746600
2021-04-12,17.479999542236328,17.84000015258789,16.760000228881836,16.799999237060547,4218700
2021-04-13,16.81999969482422,16.989999771118164,16.549999237060547,16.8700008392334,3454400
2021-04-14,17.0,18.100000381469727,17.0,17.6200008392334,4301000
2021-04-15,17.6200008392334,17.84000015258789,17.09000015258789,17.670000076293945,3377400
2021-04-16,17.860000610351562,17.860000610351562,17.309999465942383,17.549999237060547,2470900
2021-04-19,17.530000686645508,17.739999771118164,17.15999984741211,17.520000457763672,2833100
2021-04-20,17.520000457763672,17.700000762939453,17.260000228881836,17.3799991607666,4994200
2021-04-21,17.100000381469727,17.739999771118164,17.030000686645508,17.3799991607666,3113100
2021-04-22,17.350000381469727,17.90999984741211,17.079999923706055,17.729999542236328,3115000
2021-04-23,17.780000686645508,17.979999542236328,17.670000076293945,17.719999313354492,3420800
2021-04-26,17.549999237060547,18.6299991607666,17.469999313354492,18.31999969482422,4403600
2021-04-27,18.530000686645508,18.959999084472656,18.270000457763672,18.639999389648438,3214900
2021-04-28,18.760000228881836,19.739999771118164,18.68000030517578,19.540000915527344,4151000
2021-04-29,19.600000381469727,19.8700008392334,18.790000915527344,19.329999923706055,3040200
2021-04-30,19.149999618530273,19.780000686645508,18.959999084472656,19.100000381469727,3591400
2021-05-03,19.299999237060547,19.90999984741211,19.110000610351562,19.75,2810200
2021-05-04,19.75,19.940000534057617,19.15999984741211,19.90999984741211,3057900
2021-05-05,20.059999465942383,20.25,19.600000381469727,20.18000030517578,4822400
2021-05-06,19.790000915527344,19.959999084472656,17.780000686645508,18.40999984741211,19303900
2021-05-07,18.670000076293945,20.700000762939453,18.649999618530273,20.690000534057617,9881700
2021-05-10,20.959999084472656,21.530000686645508,20.65999984741211,20.950000762939453,4979300
2021-05-11,20.579999923706055,21.239999771118164,20.31999969482422,20.93000030517578,3905000
2021-05-12,21.219999313354492,21.790000915527344,20.790000915527344,20.8700008392334,4351800
2021-05-13,20.559999465942383,20.829999923706055,19.81999969482422,20.139999389648438,3955200
2021-05-14,20.469999313354492,21.420000076293945,20.350000381469727,21.389999389648438,3552500
2021-05-17,21.649999618530273,23.15999984741211,21.600000381469727,23.1299991607666,5438500
2021-05-18,23.0,23.15999984741211,22.510000228881836,22.719999313354492,3226300
2021-05-19,21.979999542236328,22.739999771118164,21.93000030517578,22.360000610351562,4269400
2021-05-20,22.489999771118164,22.6200008392334,21.920000076293945,22.010000228881836,3313500
2021-05-21,22.260000228881836,22.610000610351562,21.940000534057617,22.3799991607666,4143700
2021-05-24,22.3700008392334,22.579999923706055,21.34000015258789,21.399999618530273,4278100
2021-05-25,21.290000915527344,21.479999542236328,20.600000381469727,20.6200008392334,3707900
2021-05-26,20.799999237060547,21.260000228881836,20.559999465942383,21.229999542236328,2891600
2021-05-27,21.0,21.450000762939453,20.75,20.760000228881836,3598400
2021-05-28,20.959999084472656,20.959999084472656,20.3799991607666,20.8799991607666,3483200
2021-06-01,21.40999984741211,22.190000534057617,21.299999237060547,21.770000457763672,5271400
2021-06-02,21.75,21.989999771118164,21.3700008392334,21.729999542236328,3908600
2021-06-03,21.690000534057617,21.690000534057617,21.1299991607666,21.40999984741211,3121900
2021-06-04,21.59000015258789,21.670000076293945,20.969999313354492,21.450000762939453,3162400
2021-06-07,21.40999984741211,22.049999237060547,21.290000915527344,21.84000015258789,3536500
2021-06-08,21.760000228881836,22.5,21.459999084472656,22.5,3795800
2021-06-09,22.700000762939453,22.84000015258789,22.389999389648438,22.399999618530273,2986400
2021-06-10,22.690000534057617,23.0,22.350000381469727,22.530000686645508,3311400
2021-06-11,22.8700008392334,23.18000030517578,22.739999771118164,23.020000457763672,3192000
2021-06-14,23.010000228881836,23.239999771118164,22.239999771118164,22.399999618530273,4669900
2021-06-15,22.520000457763672,22.75,21.549999237060547,21.850000381469727,4094200
2021-06-16,21.770000457763672,21.860000610351562,20.959999084472656,21.280000686645508,3774200
2021-06-17,21.260000228881836,21.270000457763672,20.290000915527344,20.489999771118164,7332400
2021-06-18,19.719999313354492,20.040000915527344,19.270000457763672,19.34000015258789,8247300
2021-06-21,19.389999389648438,20.43000030517578,19.389999389648438,20.40999984741211,4111500
2021-06-22,20.399999618530273,20.43000030517578,19.969999313354492,20.350000381469727,3775200
2021-06-23,20.719999313354492,21.0,20.469999313354492,20.670000076293945,3294500
2021-06-24,20.670000076293945,21.600000381469727,20.459999084472656,21.399999618530273,3408400
2021-06-25,21.540000915527344,22.040000915527344,21.450000762939453,22.030000686645508,3785700
2021-06-28,22.139999389648438,22.200000762939453,20.670000076293945,21.3700008392334,5473700
2021-06-29,21.65999984741211,21.90999984741211,21.100000381469727,21.15999984741211,3819000
2021-06-30,21.520000457763672,22.399999618530273,21.3700008392334,22.260000228881836,5875500
2021-07-01,22.790000915527344,22.93000030517578,21.739999771118164,22.139999389648438,4513300
2021-07-02,21.770000457763672,22.010000228881836,21.270000457763672,21.610000610351562,2887600
2021-07-06,21.489999771118164,21.489999771118164,20.43000030517578,20.68000030517578,3886200
2021-07-07,20.610000610351562,20.920000076293945,19.760000228881836,20.549999237060547,2538000
2021-07-08,20.190000534057617,21.600000381469727,20.190000534057617,21.34000015258789,5977100
2021-07-09,21.56999969482422,21.860000610351562,21.020000457763672,21.709999084472656,2422400
2021-07-12,21.469999313354492,21.729999542236328,21.149999618530273,21.399999618530273,1682300
2021-07-13,21.610000610351562,22.09000015258789,21.3799991607666,21.389999389648438,1663600
2021-07-14,21.5,21.59000015258789,20.450000762939453,20.510000228881836,2010500
2021-07-15,20.290000915527344,20.690000534057617,19.850000381469727,19.959999084472656,2375000
2021-07-16,20.18000030517578,20.25,18.809999465942383,18.950000762939453,3387600
2021-07-19,18.579999923706055,18.989999771118164,18.25,18.799999237060547,5205800
2021-07-20,18.899999618530273,19.59000015258789,18.610000610351562,19.489999771118164,5379500
2021-07-21,19.799999237060547,20.6299991607666,19.639999389648438,20.469999313354492,4783100
2021-07-22,20.610000610351562,20.700000762939453,20.0,20.440000534057617,2702900
2021-07-23,20.25,20.420000076293945,19.510000228881836,20.219999313354492,3292500
2021-07-26,20.25,21.530000686645508,20.239999771118164,20.8700008392334,3187600
2021-07-27,20.59000015258789,20.84000015258789,19.850000381469727,20.31999969482422,3654700
2021-07-28,20.520000457763672,21.049999237060547,20.229999542236328,20.75,3654100
2021-07-29,19.06999969482422,19.719999313354492,18.18000030517578,18.690000534057617,17248800
2021-07-30,18.350000381469727,18.489999771118164,17.770000457763672,18.389999389648438,8770500
2021-08-02,18.190000534057617,18.360000610351562,17.5,17.520000457763672,10886300
2021-08-03,17.56999969482422,18.219999313354492,17.329999923706055,17.889999389648438,5632900
2021-08-04,17.8799991607666,18.360000610351562,17.59000015258789,18.200000762939453,6584800
2021-08-05,18.149999618530273,18.6299991607666,18.0,18.110000610351562,5606100
2021-08-06,18.290000915527344,18.59000015258789,17.90999984741211,18.549999237060547,6543300
2021-08-09,18.260000228881836,19.170000076293945,18.1299991607666,19.139999389648438,8372300
2021-08-10,19.219999313354492,19.469999313354492,19.030000686645508,19.3700008392334,3986800
2021-08-11,19.020000457763672,19.260000228881836,18.719999313354492,19.170000076293945,4100200
2021-08-12,19.0,19.190000534057617,18.3799991607666,18.739999771118164,4265700
2021-08-13,18.760000228881836,18.84000015258789,17.899999618530273,17.940000534057617,3073400
2021-08-16,17.670000076293945,17.829999923706055,17.260000228881836,17.360000610351562,5563200
2021-08-17,17.1299991607666,17.549999237060547,16.739999771118164,17.030000686645508,6735300
2021-08-18,17.020000457763672,17.18000030517578,16.389999389648438,16.420000076293945,7070100
2021-08-19,16.18000030517578,16.360000610351562,15.710000038146973,16.25,7729400
2021-08-20,16.139999389648438,16.610000610351562,16.020000457763672,16.190000534057617,4487000
2021-08-23,16.559999465942383,16.8799991607666,16.290000915527344,16.559999465942383,7390800
2021-08-24,16.75,16.8799991607666,16.40999984741211,16.59000015258789,5640900
2021-08-25,16.520000457763672,17.489999771118164,16.360000610351562,17.459999084472656,5202600
2021-08-26,17.420000076293945,18.079999923706055,17.290000915527344,17.350000381469727,8644700
2021-08-27,17.690000534057617,18.93000030517578,17.690000534057617,18.6200008392334,7383300
2021-08-30,18.6200008392334,18.739999771118164,18.020000457763672,18.110000610351562,4579200
2021-08-31,17.969999313354492,18.709999084472656,17.850000381469727,18.329999923706055,6152200
2021-09-01,18.3700008392334,18.959999084472656,18.239999771118164,18.75,4180000
2021-09-02,18.889999389648438,19.950000762939453,18.81999969482422,19.829999923706055,7102200
2021-09-03,19.770000457763672,20.75,19.639999389648438,20.530000686645508,7236700
2021-09-07,20.6200008392334,20.8799991607666,19.959999084472656,20.31999969482422,7872500
2021-09-08,20.75,21.309999465942383,20.18000030517578,20.469999313354492,10385800
2021-09-09,19.90999984741211,20.350000381469727,19.59000015258789,19.8700008392334,9614100
2021-09-10,20.190000534057617,20.479999542236328,19.329999923706055,19.399999618530273,10191000
2021-09-13,19.850000381469727,20.540000915527344,19.770000457763672,19.969999313354492,14294400
2021-09-14,20.190000534057617,20.25,19.360000610351562,19.530000686645508,9187800
2021-09-15,19.84000015258789,20.84000015258789,19.739999771118164,20.579999923706055,10348700
2021-09-16,20.200000762939453,20.280000686645508,19.360000610351562,19.360000610351562,8359000
2021-09-17,19.229999542236328,19.420000076293945,18.770000457763672,18.829999923706055,14395300
2021-09-20,18.510000228881836,19.110000610351562,18.399999618530273,18.760000228881836,8672900
2021-09-21,18.920000076293945,18.989999771118164,18.030000686645508,18.389999389648438,6920200
2021-09-22,18.739999771118164,19.229999542236328,18.649999618530273,18.90999984741211,6763900
2021-09-23,19.079999923706055,19.6299991607666,18.8700008392334,19.469999313354492,6784600
2021-09-24,19.40999984741211,20.43000030517578,19.299999237060547,19.989999771118164,7175200
2021-09-27,20.850000381469727,22.389999389648438,20.709999084472656,22.34000015258789,17306500
2021-09-28,22.889999389648438,22.899999618530273,21.899999618530273,22.079999923706055,8244500
2021-09-29,20.799999237060547,21.239999771118164,20.420000076293945,20.739999771118164,35418000
2021-09-30,20.780000686645508,21.0,20.209999084472656,20.459999084472656,26313000
2021-10-01,20.479999542236328,21.149999618530273,20.260000228881836,20.6200008392334,20734300
2021-10-04,20.90999984741211,21.6200008392334,20.799999237060547,21.479999542236328,17018500
2021-10-05,22.020000457763672,22.43000030517578,21.31999969482422,21.6200008392334,20177200
2021-10-06,21.25,21.479999542236328,20.389999389648438,20.989999771118164,14186800
2021-10-07,21.09000015258789,21.6299991607666,20.8799991607666,21.299999237060547,6579600
2021-10-08,21.43000030517578,21.770000457763672,20.809999465942383,20.8799991607666,6651600
2021-10-11,21.1299991607666,21.260000228881836,19.8700008392334,19.899999618530273,7879300
2021-10-12,19.719999313354492,20.030000686645508,19.360000610351562,19.829999923706055,8873500
2021-10-13,19.600000381469727,20.239999771118164,19.540000915527344,19.850000381469727,6089100
2021-10-14,20.309999465942383,20.889999389648438,20.149999618530273,20.43000030517578,5210300
2021-10-15,20.600000381469727,20.75,19.799999237060547,19.809999465942383,8642200
2021-10-18,19.950000762939453,20.889999389648438,19.829999923706055,20.059999465942383,8059500
2021-10-19,19.899999618530273,20.420000076293945,19.56999969482422,20.25,7104800
2021-10-20,20.059999465942383,21.459999084472656,19.920000076293945,21.3700008392334,8608000
2021-10-21,21.200000762939453,21.3799991607666,20.360000610351562,20.719999313354492,7129100
2021-10-22,21.010000228881836,21.450000762939453,20.889999389648438,21.399999618530273,4960000
2021-10-25,21.889999389648438,22.639999389648438,21.799999237060547,22.510000228881836,6843700
2021-10-26,22.299999237060547,22.889999389648438,22.239999771118164,22.530000686645508,6745300
2021-10-27,22.350000381469727,22.719999313354492,21.8799991607666,22.09000015258789,6517400
2021-10-28,21.610000610351562,22.18000030517578,20.520000457763672,20.65999984741211,10204900
2021-10-29,20.860000610351562,20.969999313354492,19.84000015258789,19.90999984741211,10708400
2021-11-01,20.079999923706055,20.860000610351562,20.010000228881836,20.6200008392334,6663300
2021-11-02,20.690000534057617,20.979999542236328,20.329999923706055,20.3799991607666,7667100
2021-11-03,20.1299991607666,21.1200008392334,19.850000381469727,20.43000030517578,8070500
2021-11-04,20.860000610351562,21.139999389648438,20.239999771118164,20.3700008392334,3587400
2021-11-05,20.510000228881836,20.770000457763672,20.25,20.579999923706055,4428700
2021-11-08,20.850000381469727,21.139999389648438,20.459999084472656,20.700000762939453,4867700
2021-11-09,20.59000015258789,20.68000030517578,19.700000762939453,20.31999969482422,6401100
2021-11-10,20.059999465942383,20.15999984741211,19.170000076293945,19.639999389648438,7424200
2021-11-11,19.75,21.25,19.729999542236328,21.200000762939453,7398300
2021-11-12,21.06999969482422,21.700000762939453,20.899999618530273,21.360000610351562,4889100
2021-11-15,21.530000686645508,22.079999923706055,20.969999313354492,21.860000610351562,7355000
2021-11-16,22.110000610351562,22.31999969482422,21.469999313354492,22.0,5668100
2021-11-17,21.600000381469727,22.100000381469727,21.229999542236328,21.389999389648438,4432700
2021-11-18,21.530000686645508,21.729999542236328,20.790000915527344,21.100000381469727,4107400
2021-11-19,20.540000915527344,21.049999237060547,20.389999389648438,20.81999969482422,11795800
2021-11-22,20.729999542236328,21.530000686645508,20.709999084472656,20.889999389648438,5487000
2021-11-23,21.43000030517578,21.670000076293945,20.950000762939453,21.1299991607666,4890200
2021-11-24,21.020000457763672,21.479999542236328,20.920000076293945,21.299999237060547,3758600
2021-11-26,20.200000762939453,21.100000381469727,20.06999969482422,20.989999771118164,4115600
2021-11-29,20.979999542236328,21.239999771118164,20.43000030517578,20.709999084472656,4506100
2021-11-30,20.31999969482422,20.549999237060547,19.25,19.43000030517578,8392300
2021-12-01,19.6200008392334,19.700000762939453,18.31999969482422,18.360000610351562,8779800
2021-12-02,18.200000762939453,18.809999465942383,17.950000762939453,18.549999237060547,6896100
2021-12-03,18.889999389648438,19.739999771118164,18.59000015258789,19.56999969482422,15380200
2021-12-06,19.3799991607666,19.920000076293945,18.59000015258789,19.729999542236328,11223600
2021-12-07,19.729999542236328,20.889999389648438,19.719999313354492,20.549999237060547,6551200
2021-12-08,20.93000030517578,21.170000076293945,20.59000015258789,20.969999313354492,4304200
2021-12-09,20.700000762939453,21.190000534057617,20.579999923706055,20.709999084472656,3996300
2021-12-10,21.020000457763672,21.110000610351562,20.440000534057617,20.860000610351562,3983400
2021-12-13,20.690000534057617,20.959999084472656,19.979999542236328,20.1200008392334,5706700
2021-12-14,20.809999465942383,21.540000915527344,20.479999542236328,21.270000457763672,10546100
2021-12-15,21.350000381469727,21.3700008392334,20.329999923706055,20.969999313354492,7484000
2021-12-16,21.25,22.18000030517578,21.170000076293945,21.399999618530273,6539900
2021-12-17,21.34000015258789,21.6200008392334,20.989999771118164,21.260000228881836,9776400
2021-12-20,20.799999237060547,21.479999542236328,20.5,21.25,6876100
2021-12-21,21.399999618530273,21.93000030517578,21.110000610351562,21.190000534057617,6161800
2021-12-22,21.329999923706055,22.209999084472656,21.09000015258789,22.18000030517578,5146300
2021-12-23,22.219999313354492,22.459999084472656,21.860000610351562,22.1299991607666,3208900
2021-12-27,22.530000686645508,22.81999969482422,21.979999542236328,22.81999969482422,3271700
2021-12-28,22.809999465942383,23.3700008392334,22.68000030517578,22.8700008392334,3665600
2021-12-29,22.809999465942383,23.049999237060547,22.520000457763672,22.799999237060547,2592800
2021-12-30,22.75,22.979999542236328,22.030000686645508,22.040000915527344,3290300
2021-12-31,22.139999389648438,22.139999389648438,21.600000381469727,21.809999465942383,3976300
2022-01-03,21.809999465942383,22.280000686645508,21.610000610351562,21.81999969482422,6321200
2022-01-04,22.0,22.780000686645508,21.84000015258789,22.40999984741211,6574100
2022-01-05,22.90999984741211,23.299999237060547,21.68000030517578,21.690000534057617,4995100
2022-01-06,22.190000534057617,22.31999969482422,21.469999313354492,21.780000686645508,4040600
2022-01-07,22.059999465942383,22.81999969482422,22.049999237060547,22.809999465942383,6050900
2022-01-10,23.010000228881836,23.280000686645508,22.420000076293945,23.0,7701700
2022-01-11,23.1299991607666,23.65999984741211,22.84000015258789,23.530000686645508,9279600
2022-01-12,23.75,24.84000015258789,23.489999771118164,24.65999984741211,7433500
2022-01-13,24.0,24.729999542236328,23.420000076293945,23.510000228881836,7082700
2022-01-14,23.329999923706055,23.860000610351562,23.31999969482422,23.790000915527344,3808900
2022-01-18,23.899999618530273,23.920000076293945,22.510000228881836,22.670000076293945,17302000
2022-01-19,22.709999084472656,22.90999984741211,21.84000015258789,22.200000762939453,7758800
2022-01-20,21.959999084472656,22.399999618530273,21.110000610351562,21.1200008392334,8034900
2022-01-21,21.0,21.06999969482422,20.3700008392334,20.559999465942383,8110600
2022-01-24,20.0,20.719999313354492,19.6200008392334,20.649999618530273,8621300
2022-01-25,20.420000076293945,20.469999313354492,19.709999084472656,20.100000381469727,8526800
2022-01-26,20.719999313354492,21.040000915527344,19.530000686645508,19.739999771118164,9838600
2022-01-27,20.18000030517578,20.34000015258789,19.200000762939453,20.280000686645508,12123300
2022-01-28,20.59000015258789,21.450000762939453,20.440000534057617,21.139999389648438,11020900
2022-01-31,21.290000915527344,21.40999984741211,20.3700008392334,21.25,7465200
2022-02-01,21.040000915527344,22.059999465942383,20.90999984741211,21.790000915527344,8735100
2022-02-02,22.299999237060547,22.3799991607666,21.579999923706055,22.149999618530273,8968000
2022-02-03,21.6200008392334,22.15999984741211,21.329999923706055,21.350000381469727,7482700
2022-02-04,21.479999542236328,22.040000915527344,21.229999542236328,21.559999465942383,6953900
2022-02-07,21.18000030517578,21.479999542236328,20.719999313354492,21.170000076293945,7961500
2022-02-08,21.219999313354492,21.420000076293945,20.8700008392334,21.18000030517578,6084800
2022-02-09,21.110000610351562,21.6299991607666,21.079999923706055,21.5,7082300
2022-02-10,20.899999618530273,22.200000762939453,20.6299991607666,21.670000076293945,12760300
2022-02-11,21.719999313354492,23.020000457763672,21.719999313354492,22.93000030517578,14352700
2022-02-14,23.020000457763672,23.110000610351562,22.450000762939453,22.770000457763672,9777300
2022-02-15,22.719999313354492,23.190000534057617,22.3700008392334,23.100000381469727,12165600
2022-02-16,23.389999389648438,24.010000228881836,23.15999984741211,23.420000076293945,12436700
2022-02-17,23.43000030517578,23.979999542236328,23.0,23.209999084472656,10709500
2022-02-18,23.049999237060547,23.059999465942383,22.25,22.31999969482422,10371100
2022-02-22,22.899999618530273,23.0,21.459999084472656,21.6200008392334,10546000
2022-02-23,21.8799991607666,22.350000381469727,21.65999984741211,21.81999969482422,7676000
2022-02-24,22.219999313354492,22.350000381469727,21.31999969482422,22.229999542236328,10730600
2022-02-25,22.1200008392334,22.770000457763672,21.8700008392334,22.760000228881836,5798300
2022-02-28,22.40999984741211,23.219999313354492,22.389999389648438,23.139999389648438,13898200
2022-03-01,23.520000457763672,25.219999313354492,23.5,24.420000076293945,13165700
2022-03-02,24.860000610351562,25.6200008392334,24.5,24.8799991607666,12553300
2022-03-03,24.989999771118164,25.010000228881836,24.350000381469727,24.850000381469727,10922400
2022-03-04,25.170000076293945,26.889999389648438,25.139999389648438,26.360000610351562,16635100
2022-03-07,26.860000610351562,27.06999969482422,25.59000015258789,26.520000457763672,12773400
2022-03-08,26.969999313354492,27.110000610351562,25.479999542236328,25.610000610351562,10982300
2022-03-09,25.290000915527344,26.31999969482422,24.520000457763672,26.1299991607666,9272400
2022-03-10,26.459999084472656,27.200000762939453,25.75,26.979999542236328,9186900
2022-03-11,26.649999618530273,27.559999465942383,26.360000610351562,27.0,11624200
2022-03-14,26.5,26.649999618530273,25.18000030517578,25.420000076293945,9403900
2022-03-15,24.469999313354492,25.739999771118164,24.299999237060547,25.639999389648438,7514200
2022-03-16,25.639999389648438,26.280000686645508,25.440000534057617,26.06999969482422,8709700
2022-03-17,26.780000686645508,27.1299991607666,26.219999313354492,27.049999237060547,7564000
2022-03-18,27.049999237060547,27.239999771118164,26.670000076293945,27.1200008392334,6140100
2022-03-21,27.56999969482422,28.420000076293945,27.56999969482422,28.420000076293945,14900700
2022-03-22,28.610000610351562,28.790000915527344,27.600000381469727,28.200000762939453,7836600
2022-03-23,28.6200008392334,29.049999237060547,28.15999984741211,28.700000762939453,7144700
2022-03-24,28.989999771118164,31.31999969482422,28.899999618530273,30.739999771118164,13977300
2022-03-25,30.84000015258789,34.470001220703125,30.809999465942383,34.33000183105469,21298600
2022-03-28,33.470001220703125,34.93000030517578,33.31999969482422,34.900001525878906,10336400
2022-03-29,33.2400016784668,34.29999923706055,32.54999923706055,34.0099983215332,9851900
2022-03-30,35.02000045776367,35.52000045776367,33.75,34.16999816894531,8101100
2022-03-31,34.150001525878906,35.38999938964844,34.06999969482422,34.40999984741211,9612900
2022-04-01,34.34000015258789,36.08000183105469,34.34000015258789,36.029998779296875,7882000
2022-04-04,36.689998626708984,36.869998931884766,35.5099983215332,36.36000061035156,8147300
2022-04-05,36.970001220703125,37.97999954223633,36.18000030517578,36.22999954223633,7859500
2022-04-06,36.7599983215332,37.77000045776367,36.029998779296875,37.31999969482422,8192500
2022-04-07,37.5,37.61000061035156,35.45000076293945,36.34000015258789,9154000
2022-04-08,36.959999084472656,38.72999954223633,36.869998931884766,38.310001373291016,10674900
2022-04-11,38.2400016784668,39.279998779296875,37.52000045776367,39.16999816894531,9782100
2022-04-12,39.5099983215332,40.689998626708984,39.380001068115234,40.099998474121094,9504600
2022-04-13,40.63999938964844,41.849998474121094,40.0099983215332,41.81999969482422,8801700
2022-04-14,41.75,42.58000183105469,41.58000183105469,42.36000061035156,7999100
2022-04-18,43.459999084472656,45.5,43.029998779296875,45.5,16673600
2022-04-19,44.220001220703125,45.36000061035156,42.11000061035156,43.970001220703125,17241600
2022-04-20,44.36000061035156,45.189998626708984,42.7599983215332,44.650001525878906,8174800
2022-04-21,45.34000015258789,45.400001525878906,41.56999969482422,42.040000915527344,12234900
2022-04-22,41.70000076293945,42.529998779296875,39.59000015258789,39.7400016784668,10515700
2022-04-25,38.4900016784668,39.869998931884766,37.86000061035156,39.70000076293945,10997100
2022-04-26,40.150001525878906,40.810001373291016,38.88999938964844,38.939998626708984,7922000
2022-04-27,39.439998626708984,40.400001525878906,38.380001068115234,39.56999969482422,8489900
2022-04-28,39.97999954223633,41.54999923706055,37.79999923706055,40.59000015258789,11398300
2022-04-29,40.849998474121094,41.88999938964844,39.59000015258789,39.75,8022900
2022-05-02,39.41999816894531,40.400001525878906,38.20000076293945,39.45000076293945,7927300
2022-05-03,40.040000915527344,43.060001373291016,40.040000915527344,42.060001373291016,9845800
2022-05-04,43.02000045776367,43.150001525878906,41.209999084472656,42.95000076293945,7608000
2022-05-05,42.97999954223633,43.36000061035156,39.790000915527344,41.91999816894531,8041800
2022-05-06,42.599998474121094,42.779998779296875,40.369998931884766,41.04999923706055,6063100
2022-05-09,39.95000076293945,39.9900016784668,36.130001068115234,36.54999923706055,12035600
2022-05-10,36.43000030517578,37.029998779296875,34.619998931884766,36.599998474121094,11027700
2022-05-11,37.220001220703125,39.4900016784668,37.06999969482422,37.810001373291016,8245300
2022-05-12,37.27000045776367,38.77000045776367,36.720001220703125,37.709999084472656,9734800
2022-05-13,38.939998626708984,39.4900016784668,37.790000915527344,38.20000076293945,5219700
2022-05-16,38.720001220703125,40.439998626708984,38.54999923706055,39.7599983215332,5856800
2022-05-17,40.63999938964844,43.25,39.93000030517578,42.470001220703125,9465600
2022-05-18,42.5,42.689998626708984,39.56999969482422,40.439998626708984,8617000
2022-05-19,39.25,41.540000915527344,39.15999984741211,40.52000045776367,7184100
2022-05-20,40.88999938964844,41.790000915527344,39.9900016784668,40.849998474121094,5341700
2022-05-23,41.209999084472656,44.68000030517578,41.0,44.47999954223633,9274700
2022-05-24,43.939998626708984,45.130001068115234,42.970001220703125,45.119998931884766,6543000
2022-05-25,45.599998474121094,47.83000183105469,45.41999816894531,46.849998474121094,8100400
2022-05-26,46.9900016784668,49.15999984741211,46.81999969482422,47.400001525878906,8879400
2022-05-27,46.31999969482422,48.720001220703125,46.150001525878906,48.43000030517578,6169600
2022-05-31,49.209999084472656,49.29999923706055,46.689998626708984,47.720001220703125,28938500
2022-06-01,48.41999816894531,50.40999984741211,47.779998779296875,49.79999923706055,9976500
2022-06-02,49.61000061035156,49.900001525878906,48.52000045776367,48.869998931884766,5859800
2022-06-03,48.97999954223633,49.150001525878906,47.16999816894531,47.9900016784668,6404300
2022-06-06,49.029998779296875,49.939998626708984,48.380001068115234,49.02000045776367,5923200
2022-06-07,48.779998779296875,50.22999954223633,48.209999084472656,49.779998779296875,5378300
2022-06-08,50.0,50.29999923706055,48.13999938964844,48.970001220703125,4771300
2022-06-09,48.150001525878906,48.88999938964844,46.79999923706055,48.06999969482422,5152300
2022-06-10,47.599998474121094,48.66999816894531,46.91999816894531,47.959999084472656,4564900
2022-06-13,46.4900016784668,46.7400016784668,44.099998474121094,45.06999969482422,7244800
2022-06-14,45.599998474121094,45.599998474121094,39.970001220703125,40.83000183105469,11843300
2022-06-15,41.560001373291016,42.47999954223633,39.70000076293945,41.2400016784668,8215600
2022-06-16,40.959999084472656,40.959999084472656,37.88999938964844,38.59000015258789,8783200
2022-06-17,38.65999984741211,38.81999969482422,35.119998931884766,35.939998626708984,13505000
2022-06-21,36.68000030517578,37.33000183105469,35.91999816894531,36.79999923706055,7103700
2022-06-22,34.41999816894531,36.099998474121094,34.25,35.08000183105469,6411300
2022-06-23,35.27000045776367,35.56999969482422,32.599998474121094,33.13999938964844,9556000
2022-06-24,33.470001220703125,35.45000076293945,33.09000015258789,35.09000015258789,11336300
2022-06-27,35.619998931884766,37.0,34.61000061035156,36.650001525878906,6713400
2022-06-28,37.58000183105469,38.369998931884766,36.779998779296875,38.2400016784668,7144600
2022-06-29,38.86000061035156,39.22999954223633,37.29999923706055,37.52000045776367,10386200
2022-06-30,36.47999954223633,37.5,33.650001525878906,34.400001525878906,17164400
2022-07-01,34.900001525878906,35.119998931884766,33.7599983215332,34.27000045776367,9259000
2022-07-05,33.650001525878906,33.72999954223633,31.799999237060547,32.220001220703125,11865400
2022-07-06,32.58000183105469,33.45000076293945,31.030000686645508,31.649999618530273,9023100
2022-07-07,32.88999938964844,35.060001373291016,32.630001068115234,34.540000915527344,6952200
2022-07-08,34.79999923706055,34.86000061035156,33.56999969482422,34.20000076293945,4742100
2022-07-11,35.310001373291016,35.939998626708984,34.04999923706055,34.560001373291016,4641600
2022-07-12,33.36000061035156,34.869998931884766,33.13999938964844,34.38999938964844,5250700
2022-07-13,34.220001220703125,37.630001068115234,34.20000076293945,36.65999984741211,6925300
2022-07-14,35.36000061035156,36.560001373291016,34.650001525878906,36.119998931884766,9928400
2022-07-15,36.45000076293945,36.7400016784668,35.27000045776367,36.619998931884766,5779400
2022-07-18,37.29999923706055,38.93000030517578,37.29999923706055,37.86000061035156,5414600
2022-07-19,37.540000915527344,39.27000045776367,37.349998474121094,39.13999938964844,4495000
2022-07-20,38.86000061035156,41.40999984741211,38.58000183105469,41.209999084472656,6241100
2022-07-21,40.43000030517578,42.58000183105469,40.060001373291016,42.439998626708984,7828800
2022-07-22,43.31999969482422,43.939998626708984,42.15999984741211,42.22999954223633,6981200
2022-07-25,43.02000045776367,45.18000030517578,42.189998626708984,44.97999954223633,7656200
2022-07-26,46.22999954223633,46.709999084472656,45.0,45.56999969482422,7733000
2022-07-27,45.45000076293945,45.88999938964844,44.310001373291016,45.439998626708984,6593900
2022-07-28,44.77000045776367,46.599998474121094,42.060001373291016,42.75,10544300
2022-07-29,43.560001373291016,44.63999938964844,43.36000061035156,44.029998779296875,6524400
2022-08-01,43.040000915527344,43.33000183105469,41.36000061035156,42.310001373291016,6573000
2022-08-02,42.209999084472656,42.459999084472656,41.0099983215332,41.880001068115234,4760200
2022-08-03,42.040000915527344,43.34000015258789,40.650001525878906,42.790000915527344,8098300
2022-08-04,42.439998626708984,43.060001373291016,41.040000915527344,41.25,5936200
2022-08-05,40.34000015258789,43.380001068115234,40.189998626708984,42.279998779296875,4815300
2022-08-08,41.880001068115234,42.439998626708984,41.279998779296875,41.34000015258789,3865700
2022-08-09,42.45000076293945,44.029998779296875,42.130001068115234,42.90999984741211,5163800
2022-08-10,42.86000061035156,43.56999969482422,41.459999084472656,43.5099983215332,4461600
2022-08-11,44.84000015258789,46.29999923706055,43.709999084472656,45.79999923706055,6495100
2022-08-12,45.75,46.220001220703125,44.86000061035156,46.189998626708984,3631000
2022-08-15,44.0,45.34000015258789,42.63999938964844,45.25,4957000
2022-08-16,48.09000015258789,49.04999923706055,46.84000015258789,47.189998626708984,7738900
2022-08-17,47.45000076293945,48.220001220703125,45.58000183105469,47.11000061035156,4899000
2022-08-18,47.83000183105469,48.540000915527344,46.869998931884766,48.2400016784668,5304100
2022-08-19,47.529998779296875,48.75,47.27000045776367,47.70000076293945,4117900
2022-08-22,48.290000915527344,50.0099983215332,47.7599983215332,49.119998931884766,6516400
2022-08-23,50.040000915527344,51.72999954223633,47.13999938964844,47.84000015258789,12887400
2022-08-24,48.029998779296875,50.220001220703125,47.58000183105469,49.689998626708984,6913200
2022-08-25,49.91999816894531,49.91999816894531,48.099998474121094,49.47999954223633,6555400
2022-08-26,49.689998626708984,50.959999084472656,49.34000015258789,49.66999816894531,5789400
2022-08-29,48.95000076293945,51.400001525878906,48.869998931884766,50.0099983215332,6012700
2022-08-30,48.869998931884766,48.95000076293945,45.810001373291016,46.869998931884766,7905200
2022-08-31,45.54999923706055,48.619998931884766,45.38999938964844,47.79999923706055,6520200
2022-09-01,47.150001525878906,48.11000061035156,46.18000030517578,46.310001373291016,5305800
2022-09-02,46.95000076293945,47.529998779296875,45.81999969482422,47.279998779296875,5294700
2022-09-06,46.439998626708984,47.0,45.290000915527344,45.43000030517578,10190800
2022-09-07,44.5099983215332,46.790000915527344,44.34000015258789,46.0,8643100
2022-09-08,46.43000030517578,47.72999954223633,45.459999084472656,47.099998474121094,5642600
2022-09-09,47.779998779296875,49.04999923706055,47.060001373291016,48.349998474121094,5645000
2022-09-12,48.709999084472656,50.33000183105469,48.11000061035156,50.29999923706055,6114800
2022-09-13,49.470001220703125,50.56999969482422,47.75,47.90999984741211,6277700
2022-09-14,49.810001373291016,51.970001220703125,49.41999816894531,50.599998474121094,10330100
2022-09-15,48.970001220703125,49.959999084472656,48.04999923706055,48.09000015258789,8878700
2022-09-16,47.68000030517578,47.68000030517578,44.63999938964844,46.060001373291016,21973900
2022-09-19,44.970001220703125,47.68000030517578,44.61000061035156,47.34000015258789,6636600
2022-09-20,47.15999984741211,47.68000030517578,46.43000030517578,46.560001373291016,6055000
2022-09-21,47.75,48.06999969482422,45.369998931884766,45.38999938964844,4188900
2022-09-22,45.84000015258789,47.33000183105469,44.369998931884766,44.630001068115234,6841400
2022-09-23,42.560001373291016,42.68000030517578,39.720001220703125,41.2599983215332,10573400
2022-09-26,40.81999969482422,41.380001068115234,39.150001525878906,39.380001068115234,8878300
2022-09-27,40.0,40.880001068115234,39.029998779296875,39.290000915527344,8878000
2022-09-28,39.52000045776367,40.959999084472656,38.72999954223633,40.810001373291016,9025100
2022-09-29,40.189998626708984,40.290000915527344,38.150001525878906,39.529998779296875,8045900
2022-09-30,39.099998474121094,40.77000045776367,38.88999938964844,40.75,102622300
2022-10-03,40.79999923706055,42.310001373291016,40.75,41.75,9169800
2022-10-04,42.869998931884766,44.97999954223633,42.38999938964844,44.90999984741211,8962400
2022-10-05,45.150001525878906,45.529998779296875,43.22999954223633,45.34000015258789,6524400
2022-10-06,45.04999923706055,45.90999984741211,43.75,43.939998626708984,5541500
2022-10-07,43.880001068115234,44.91999816894531,43.06999969482422,43.16999816894531,6203700
2022-10-10,43.849998474121094,44.84000015258789,42.7400016784668,42.77000045776367,4905000
2022-10-11,41.77000045776367,44.189998626708984,41.77000045776367,43.54999923706055,4628200
2022-10-12,43.83000183105469,44.189998626708984,42.56999969482422,43.54999923706055,3962200
2022-10-13,42.7400016784668,44.599998474121094,42.209999084472656,44.369998931884766,5677700
2022-10-14,43.779998779296875,44.45000076293945,41.060001373291016,41.130001068115234,5622700
2022-10-17,41.09000015258789,41.97999954223633,40.31999969482422,41.810001373291016,5733000
2022-10-18,42.61000061035156,43.72999954223633,41.70000076293945,41.810001373291016,6233900
2022-10-19,41.59000015258789,42.290000915527344,40.65999984741211,42.209999084472656,7130000
2022-10-20,42.400001525878906,42.40999984741211,40.65999984741211,40.7400016784668,6118500
2022-10-21,40.290000915527344,40.470001220703125,37.47999954223633,37.880001068115234,14156500
2022-10-24,38.15999984741211,38.939998626708984,37.63999938964844,38.33000183105469,8140300
2022-10-25,38.15999984741211,39.619998931884766,37.650001525878906,39.599998474121094,13084100
2022-10-26,39.220001220703125,40.08000183105469,38.560001373291016,39.0099983215332,12465700
2022-10-27,37.20000076293945,41.099998474121094,36.779998779296875,39.099998474121094,11762300
2022-10-28,39.45000076293945,40.119998931884766,36.790000915527344,38.68000030517578,8361400
2022-10-31,39.93000030517578,42.380001068115234,39.779998779296875,41.84000015258789,10788100
2022-11-01,42.369998931884766,42.52000045776367,40.209999084472656,40.75,6965100
2022-11-02,40.959999084472656,42.06999969482422,39.97999954223633,40.470001220703125,6941800
2022-11-03,39.869998931884766,40.849998474121094,39.29999923706055,39.349998474121094,5142400
2022-11-04,40.369998931884766,41.150001525878906,39.43000030517578,41.08000183105469,6079800
2022-11-07,42.56999969482422,44.75,42.54999923706055,44.18000030517578,8365000
2022-11-08,43.349998474121094,44.0099983215332,42.20000076293945,43.939998626708984,6350000
2022-11-09,42.83000183105469,43.22999954223633,40.790000915527344,40.84000015258789,7213100
2022-11-10,41.900001525878906,42.97999954223633,41.04999923706055,42.900001525878906,4008100
2022-11-11,43.650001525878906,44.02000045776367,41.34000015258789,42.619998931884766,7256000
2022-11-14,43.40999984741211,44.529998779296875,42.33000183105469,42.369998931884766,6755800
2022-11-15,42.720001220703125,43.77000045776367,42.15999984741211,43.7599983215332,4500000
2022-11-16,42.779998779296875,42.959999084472656,40.779998779296875,41.4900016784668,4288800
2022-11-17,41.130001068115234,41.779998779296875,40.529998779296875,41.689998626708984,3604200
2022-11-18,40.47999954223633,41.25,39.880001068115234,41.029998779296875,4387400
2022-11-21,40.5,41.34000015258789,39.33000183105469,41.33000183105469,5434000
2022-11-22,41.95000076293945,44.59000015258789,41.95000076293945,43.779998779296875,7160400
2022-11-23,44.38999938964844,44.97999954223633,43.290000915527344,43.560001373291016,6000200
2022-11-25,43.40999984741211,43.7599983215332,42.90999984741211,43.029998779296875,1711800
2022-11-28,41.45000076293945,42.45000076293945,41.029998779296875,41.52000045776367,6179000
2022-11-29,41.880001068115234,42.709999084472656,41.77000045776367,42.65999984741211,3167700
2022-11-30,42.900001525878906,43.16999816894531,41.630001068115234,42.40999984741211,6101000
2022-12-01,42.90999984741211,43.38999938964844,41.189998626708984,41.52000045776367,4306700
2022-12-02,40.779998779296875,41.34000015258789,39.52000045776367,39.93000030517578,6529600
2022-12-05,39.41999816894531,39.83000183105469,36.790000915527344,37.06999969482422,8568800
2022-12-06,36.79999923706055,37.459999084472656,36.54999923706055,36.90999984741211,5139800
2022-12-07,36.849998474121094,36.91999816894531,36.029998779296875,36.72999954223633,6071500
2022-12-08,37.130001068115234,37.58000183105469,35.349998474121094,35.689998626708984,8102500
2022-12-09,36.0,36.619998931884766,35.59000015258789,35.66999816894531,5462400
2022-12-12,36.84000015258789,37.880001068115234,36.33000183105469,36.90999984741211,8646100
2022-12-13,38.099998474121094,38.209999084472656,36.93000030517578,37.11000061035156,6138400
2022-12-14,37.4900016784668,38.470001220703125,37.08000183105469,37.810001373291016,6503000
2022-12-15,37.5,39.16999816894531,37.400001525878906,38.22999954223633,7604400
2022-12-16,37.2400016784668,37.58000183105469,36.279998779296875,37.2400016784668,17388800
2022-12-19,36.58000183105469,36.939998626708984,35.77000045776367,36.11000061035156,4458900
2022-12-20,35.79999923706055,36.25,35.380001068115234,36.13999938964844,3985700
2022-12-21,36.939998626708984,37.11000061035156,36.20000076293945,36.63999938964844,4151000
2022-12-22,36.290000915527344,36.43000030517578,34.45000076293945,35.0,5612300
2022-12-23,35.22999954223633,36.22999954223633,34.63999938964844,36.209999084472656,4191500
2022-12-27,36.5,37.02000045776367,36.060001373291016,36.34000015258789,4243400
2022-12-28,35.88999938964844,35.88999938964844,33.40999984741211,33.5,5874100
2022-12-29,33.20000076293945,34.09000015258789,33.029998779296875,33.869998931884766,4116900
2022-12-30,33.5,33.9900016784668,33.369998931884766,33.83000183105469,3655800
2023-01-03,32.66999816894531,33.68000030517578,31.59000015258789,31.81999969482422,8233800
2023-01-04,31.65999984741211,34.060001373291016,31.5,33.209999084472656,7902000
2023-01-05,32.599998474121094,33.220001220703125,31.950000762939453,32.08000183105469,9156500
2023-01-06,32.08000183105469,33.849998474121094,32.08000183105469,33.34000015258789,6557900
2023-01-09,34.130001068115234,35.33000183105469,34.130001068115234,34.66999816894531,7163700
2023-01-10,34.5,34.77000045776367,33.7599983215332,34.040000915527344,7295300
2023-01-11,34.599998474121094,34.61000061035156,33.130001068115234,33.400001525878906,7014600
2023-01-12,33.849998474121094,35.16999816894531,33.7400016784668,34.959999084472656,8560600
2023-01-13,34.4900016784668,34.880001068115234,33.93000030517578,34.810001373291016,5677800
2023-01-17,35.36000061035156,35.97999954223633,34.900001525878906,35.189998626708984,6395000
2023-01-18,34.86000061035156,35.130001068115234,33.59000015258789,33.650001525878906,6420200
2023-01-19,33.560001373291016,34.40999984741211,33.279998779296875,33.93000030517578,5313400
2023-01-20,34.099998474121094,34.56999969482422,33.5099983215332,33.95000076293945,5079000
2023-01-23,34.47999954223633,35.45000076293945,34.099998474121094,35.2400016784668,5546800
2023-01-24,34.869998931884766,35.45000076293945,33.31999969482422,34.209999084472656,5973500
2023-01-25,33.72999954223633,33.72999954223633,32.599998474121094,33.220001220703125,6709200
2023-01-26,33.189998626708984,33.29999923706055,31.940000534057617,33.099998474121094,8649400
2023-01-27,33.29999923706055,33.599998474121094,32.779998779296875,32.93000030517578,4212900
2023-01-30,32.20000076293945,32.849998474121094,32.06999969482422,32.150001525878906,4530800
2023-01-31,32.2599983215332,32.689998626708984,32.0099983215332,32.66999816894531,5435500
2023-02-01,32.06999969482422,32.34000015258789,30.8799991607666,31.6299991607666,7411200
2023-02-02,31.670000076293945,32.709999084472656,31.270000457763672,31.84000015258789,6949100
2023-02-03,31.739999771118164,32.2599983215332,31.06999969482422,31.260000228881836,4354900
2023-02-06,31.299999237060547,31.459999084472656,29.65999984741211,29.979999542236328,9594000
2023-02-07,30.270000457763672,30.690000534057617,29.639999389648438,30.65999984741211,7569400
2023-02-08,30.3799991607666,30.40999984741211,29.010000228881836,29.809999465942383,7082500
2023-02-09,30.030000686645508,31.469999313354492,29.950000762939453,30.5,8840500
2023-02-10,30.729999542236328,31.760000228881836,30.639999389648438,31.670000076293945,8807200
2023-02-13,31.309999465942383,31.3700008392334,30.469999313354492,30.860000610351562,7716900
2023-02-14,30.799999237060547,31.510000228881836,30.549999237060547,31.079999923706055,6477600
2023-02-15,30.510000228881836,30.639999389648438,29.959999084472656,30.6200008392334,7065500
2023-02-16,31.270000457763672,33.16999816894531,31.15999984741211,31.829999923706055,13292000
2023-02-17,31.15999984741211,31.469999313354492,30.549999237060547,31.25,9391200
2023-02-21,31.290000915527344,31.68000030517578,30.010000228881836,30.440000534057617,7779900
2023-02-22,30.84000015258789,32.61000061035156,30.549999237060547,31.979999542236328,8786300
2023-02-23,32.72999954223633,33.040000915527344,31.84000015258789,32.4900016784668,8605300
2023-02-24,32.529998779296875,34.77000045776367,32.09000015258789,34.72999954223633,14461400
2023-02-27,34.75,34.79999923706055,33.25,33.529998779296875,8911600
2023-02-28,33.70000076293945,34.060001373291016,32.84000015258789,33.18000030517578,6443300
2023-03-01,32.90999984741211,33.66999816894531,32.459999084472656,33.29999923706055,6691800
2023-03-02,33.22999954223633,33.66999816894531,32.779998779296875,33.36000061035156,4276600
2023-03-03,33.09000015258789,34.560001373291016,33.040000915527344,34.349998474121094,5488500
2023-03-06,33.220001220703125,33.529998779296875,32.5,32.95000076293945,6854200
2023-03-07,32.95000076293945,33.439998626708984,32.709999084472656,32.95000076293945,4618400
2023-03-08,32.91999816894531,33.02000045776367,31.739999771118164,32.15999984741211,4420600
2023-03-09,32.27000045776367,32.56999969482422,31.190000534057617,31.34000015258789,7839800
2023-03-10,31.15999984741211,31.5,30.149999618530273,30.40999984741211,5943900
2023-03-13,29.719999313354492,31.309999465942383,29.25,30.280000686645508,7437500
2023-03-14,30.40999984741211,31.389999389648438,29.90999984741211,30.690000534057617,5927300
2023-03-15,29.329999923706055,29.780000686645508,28.110000610351562,28.829999923706055,10060500
2023-03-16,28.450000762939453,30.139999389648438,28.3700008392334,30.1200008392334,6224300
2023-03-17,29.829999923706055,30.15999984741211,29.06999969482422,29.3700008392334,11748400
2023-03-20,29.5,30.579999923706055,29.399999618530273,30.15999984741211,7154500
2023-03-21,30.760000228881836,31.170000076293945,30.06999969482422,31.0,5584700
2023-03-22,30.93000030517578,31.040000915527344,29.5,29.510000228881836,7467900
2023-03-23,29.829999923706055,30.549999237060547,29.049999237060547,29.530000686645508,6478500
2023-03-24,29.190000534057617,30.739999771118164,29.09000015258789,30.559999465942383,6921400
2023-03-27,30.75,30.829999923706055,29.610000610351562,30.440000534057617,7115200
2023-03-28,30.440000534057617,31.420000076293945,29.950000762939453,30.899999618530273,5624700
2023-03-29,31.170000076293945,31.610000610351562,30.790000915527344,31.450000762939453,4216000
2023-03-30,31.639999389648438,31.65999984741211,30.8799991607666,31.290000915527344,3931600
2023-03-31,31.809999465942383,32.43000030517578,31.56999969482422,31.90999984741211,5194000
2023-04-03,32.84000015258789,32.900001525878906,31.309999465942383,31.799999237060547,7089200
2023-04-04,32.060001373291016,32.56999969482422,31.3700008392334,32.47999954223633,6650000
2023-04-05,32.70000076293945,32.83000183105469,31.68000030517578,32.599998474121094,4878100
2023-04-06,32.279998779296875,32.52000045776367,31.690000534057617,32.119998931884766,5491100
2023-04-10,32.81999969482422,33.88999938964844,32.77000045776367,33.38999938964844,5931200
2023-04-11,32.619998931884766,33.52000045776367,32.2599983215332,33.41999816894531,7340500
2023-04-12,33.5,33.630001068115234,32.52000045776367,32.650001525878906,5668800
2023-04-13,32.63999938964844,33.209999084472656,32.529998779296875,32.869998931884766,5959800
2023-04-14,33.0,33.279998779296875,32.650001525878906,33.13999938964844,4718100
2023-04-17,33.88999938964844,34.220001220703125,32.75,32.790000915527344,5177300
2023-04-18,32.810001373291016,33.560001373291016,32.7400016784668,33.310001373291016,4487700
2023-04-19,32.689998626708984,33.22999954223633,32.400001525878906,33.220001220703125,4631200
2023-04-20,32.90999984741211,33.27000045776367,32.4900016784668,32.72999954223633,7028600
2023-04-21,32.720001220703125,32.970001220703125,32.15999984741211,32.59000015258789,5345100
2023-04-24,32.52000045776367,32.97999954223633,32.2599983215332,32.7400016784668,3831700
2023-04-25,32.36000061035156,32.43000030517578,31.309999465942383,31.709999084472656,4604700
2023-04-26,31.34000015258789,31.729999542236328,31.030000686645508,31.360000610351562,4249500
2023-04-27,32.75,34.040000915527344,32.54999923706055,33.540000915527344,11116500
2023-04-28,34.16999816894531,35.20000076293945,33.709999084472656,34.84000015258789,9171800
2023-05-01,34.400001525878906,34.86000061035156,33.900001525878906,34.27000045776367,5711200
2023-05-02,33.66999816894531,33.88999938964844,32.130001068115234,32.83000183105469,6745600
2023-05-03,32.29999923706055,32.689998626708984,31.389999389648438,31.5,6197500
2023-05-04,31.309999465942383,31.899999618530273,30.84000015258789,31.040000915527344,6690900
2023-05-05,31.899999618530273,32.81999969482422,31.84000015258789,32.349998474121094,5570400
2023-05-08,33.27000045776367,33.31999969482422,32.209999084472656,32.290000915527344,3551600
2023-05-09,31.90999984741211,33.099998474121094,31.760000228881836,32.31999969482422,4711700
2023-05-10,32.4900016784668,32.54999923706055,31.860000610351562,32.20000076293945,4374700
2023-05-11,31.729999542236328,32.29999923706055,31.579999923706055,31.899999618530273,4082700
2023-05-12,32.349998474121094,33.59000015258789,31.670000076293945,33.45000076293945,8723600
2023-05-15,33.88999938964844,35.630001068115234,33.70000076293945,35.13999938964844,11037500
2023-05-16,35.25,35.779998779296875,34.619998931884766,34.810001373291016,9003700
2023-05-17,35.0099983215332,35.060001373291016,34.2400016784668,34.810001373291016,6324100
2023-05-18,34.779998779296875,37.0,34.689998626708984,36.84000015258789,9080500
2023-05-19,37.47999954223633,37.5,35.77000045776367,36.22999954223633,7847600
2023-05-22,35.459999084472656,36.790000915527344,35.369998931884766,36.310001373291016,6103100
2023-05-23,36.599998474121094,36.68000030517578,35.77000045776367,35.849998474121094,4725700
2023-05-24,36.150001525878906,36.560001373291016,35.689998626708984,36.540000915527344,7896700
2023-05-25,36.0099983215332,36.58000183105469,35.59000015258789,36.4900016784668,10365100
2023-05-26,36.45000076293945,36.68000030517578,35.459999084472656,36.09000015258789,9710900
2023-05-30,35.349998474121094,35.5,34.15999984741211,35.06999969482422,9168900
2023-05-31,35.209999084472656,35.31999969482422,34.459999084472656,34.77000045776367,8888500
2023-06-01,34.79999923706055,35.40999984741211,34.439998626708984,35.099998474121094,7046600
2023-06-02,35.75,36.95000076293945,35.279998779296875,36.54999923706055,7768800
2023-06-05,37.29999923706055,37.400001525878906,35.779998779296875,36.040000915527344,5351600
2023-06-06,35.58000183105469,37.380001068115234,35.54999923706055,37.36000061035156,5376300
2023-06-07,37.5,39.029998779296875,37.5,38.810001373291016,6574200
2023-06-08,38.7599983215332,39.0099983215332,38.130001068115234,38.970001220703125,4525800
2023-06-09,38.720001220703125,39.209999084472656,38.36000061035156,38.54999923706055,4286300
2023-06-12,38.18000030517578,38.52000045776367,37.779998779296875,38.310001373291016,5690200
2023-06-13,38.65999984741211,39.29999923706055,38.529998779296875,38.939998626708984,5180600
2023-06-14,39.20000076293945,39.20000076293945,38.119998931884766,38.45000076293945,5691100
2023-06-15,38.72999954223633,40.11000061035156,38.72999954223633,38.95000076293945,6870500
2023-06-16,39.27000045776367,39.880001068115234,39.189998626708984,39.63999938964844,11570100
2023-06-20,39.70000076293945,39.939998626708984,38.81999969482422,39.29999923706055,6406500
2023-06-21,39.540000915527344,40.0,39.189998626708984,39.779998779296875,6017200
2023-06-22,39.630001068115234,39.79999923706055,39.150001525878906,39.459999084472656,5371400
2023-06-23,38.650001525878906,39.400001525878906,38.63999938964844,39.18000030517578,5336900
2023-06-26,39.40999984741211,40.560001373291016,39.34000015258789,40.209999084472656,4491600
2023-06-27,39.81999969482422,40.599998474121094,39.439998626708984,40.34000015258789,7890700
2023-06-28,40.459999084472656,40.470001220703125,39.70000076293945,39.75,6273500
2023-06-29,39.70000076293945,41.06999969482422,39.70000076293945,41.040000915527344,6786800
2023-06-30,41.20000076293945,41.40999984741211,40.47999954223633,41.130001068115234,6114700
2023-07-03,40.900001525878906,41.33000183105469,40.68000030517578,40.68000030517578,2483400
2023-07-05,40.84000015258789,40.939998626708984,40.119998931884766,40.400001525878906,6226400
2023-07-06,40.189998626708984,40.310001373291016,38.63999938964844,39.279998779296875,4714000
2023-07-07,39.38999938964844,40.540000915527344,39.29999923706055,39.709999084472656,6409600
2023-07-10,39.529998779296875,40.61000061035156,39.470001220703125,40.290000915527344,5699100
2023-07-11,40.4900016784668,41.0,40.150001525878906,40.560001373291016,5176200
2023-07-12,40.5099983215332,40.93000030517578,39.7400016784668,39.779998779296875,6444200
2023-07-13,39.81999969482422,40.279998779296875,39.2400016784668,39.40999984741211,7509200
2023-07-14,39.349998474121094,39.38999938964844,38.099998474121094,38.209999084472656,6568600
2023-07-17,38.060001373291016,38.68000030517578,37.939998626708984,38.459999084472656,4344600
2023-07-18,38.720001220703125,39.97999954223633,38.47999954223633,39.63999938964844,5411100
2023-07-19,39.75,39.97999954223633,39.20000076293945,39.869998931884766,5705000
2023-07-20,40.310001373291016,40.900001525878906,39.939998626708984,40.81999969482422,6619000
2023-07-21,41.029998779296875,41.11000061035156,39.880001068115234,39.900001525878906,4802200
2023-07-24,39.75,39.91999816894531,39.0099983215332,39.70000076293945,8656200
2023-07-25,39.79999923706055,39.869998931884766,39.11000061035156,39.63999938964844,6480500
2023-07-26,39.08000183105469,42.38999938964844,38.68000030517578,41.52000045776367,11333300
2023-07-27,42.02000045776367,42.36000061035156,40.88999938964844,41.41999816894531,5563800
2023-07-28,42.16999816894531,42.650001525878906,41.709999084472656,42.279998779296875,7959700
2023-07-31,41.86000061035156,42.41999816894531,41.83000183105469,42.18000030517578,6317400
2023-08-01,41.59000015258789,42.13999938964844,41.20000076293945,41.66999816894531,6217400
2023-08-02,41.130001068115234,41.20000076293945,39.93000030517578,40.86000061035156,4832000
2023-08-03,41.310001373291016,42.31999969482422,40.86000061035156,41.72999954223633,2855700
2023-08-04,42.0,42.56999969482422,41.380001068115234,41.79999923706055,3330000
2023-08-07,42.15999984741211,42.90999984741211,41.9900016784668,42.150001525878906,3285700
2023-08-08,41.16999816894531,42.93000030517578,41.0,42.90999984741211,3436400
2023-08-09,43.9900016784668,44.36000061035156,43.290000915527344,44.04999923706055,17814300
2023-08-10,43.52000045776367,43.97999954223633,42.560001373291016,42.790000915527344,4668100
2023-08-11,42.70000076293945,43.27000045776367,42.599998474121094,43.04999923706055,2615600
2023-08-14,43.06999969482422,43.11000061035156,42.56999969482422,42.900001525878906,4426500
2023-08-15,42.33000183105469,42.529998779296875,41.79999923706055,42.20000076293945,3292200
2023-08-16,41.939998626708984,42.56999969482422,41.83000183105469,41.97999954223633,2991500
2023-08-17,42.95000076293945,43.59000015258789,42.2599983215332,42.90999984741211,6028300
2023-08-18,42.52000045776367,43.47999954223633,42.45000076293945,43.470001220703125,5191500
2023-08-21,44.0,44.880001068115234,43.779998779296875,44.56999969482422,7609700
2023-08-22,44.439998626708984,44.56999969482422,43.36000061035156,43.400001525878906,3408000
2023-08-23,42.27000045776367,42.4900016784668,41.61000061035156,41.75,6881600
2023-08-24,41.4900016784668,42.41999816894531,41.380001068115234,41.70000076293945,4174400
2023-08-25,41.880001068115234,42.47999954223633,41.790000915527344,42.040000915527344,2931000
2023-08-28,42.5,42.63999938964844,41.9900016784668,42.349998474121094,3021400
2023-08-29,42.08000183105469,42.77000045776367,41.77000045776367,42.7400016784668,3445900
2023-08-30,42.7599983215332,43.2400016784668,42.70000076293945,42.9900016784668,4574000
2023-08-31,42.95000076293945,43.349998474121094,42.560001373291016,43.220001220703125,4111400
2023-09-01,43.66999816894531,44.2400016784668,43.16999816894531,44.220001220703125,3947800
2023-09-05,43.939998626708984,44.0099983215332,43.18000030517578,43.209999084472656,3681200
2023-09-06,42.970001220703125,43.47999954223633,42.0,42.33000183105469,5157600
2023-09-07,42.47999954223633,42.54999923706055,41.58000183105469,41.7599983215332,4978000
2023-09-08,42.09000015258789,42.5,41.779998779296875,42.47999954223633,6495100
2023-09-11,42.72999954223633,43.130001068115234,41.72999954223633,42.209999084472656,4219700
2023-09-12,42.83000183105469,43.77000045776367,42.689998626708984,43.77000045776367,4218000
2023-09-13,43.7400016784668,43.9900016784668,42.91999816894531,42.95000076293945,3865300
2023-09-14,43.540000915527344,43.7400016784668,42.33000183105469,42.59000015258789,4590100
2023-09-15,42.130001068115234,42.540000915527344,41.36000061035156,41.529998779296875,7924200
2023-09-18,41.439998626708984,41.720001220703125,41.040000915527344,41.189998626708984,5821800
2023-09-19,41.650001525878906,41.900001525878906,40.72999954223633,40.9900016784668,8308000
2023-09-20,40.369998931884766,40.97999954223633,39.9900016784668,40.0,5928600
2023-09-21,40.15999984741211,40.15999984741211,38.56999969482422,38.7400016784668,6346100
2023-09-22,39.02000045776367,39.5,38.31999969482422,38.45000076293945,4922900
2023-09-25,38.45000076293945,39.18000030517578,38.16999816894531,38.91999816894531,3444500
2023-09-26,38.54999923706055,39.43000030517578,38.400001525878906,38.959999084472656,4630000
2023-09-27,39.470001220703125,40.220001220703125,39.29999923706055,39.61000061035156,6979500
2023-09-28,39.630001068115234,40.630001068115234,39.59000015258789,40.439998626708984,4248000
2023-09-29,40.36000061035156,40.7599983215332,40.209999084472656,40.58000183105469,4413400
2023-10-02,40.31999969482422,40.31999969482422,38.650001525878906,39.09000015258789,5434300
2023-10-03,39.04999923706055,39.650001525878906,38.68000030517578,39.619998931884766,5685800
2023-10-04,39.41999816894531,40.040000915527344,38.97999954223633,39.650001525878906,5614800
2023-10-05,39.70000076293945,41.400001525878906,39.59000015258789,41.09000015258789,6080000
2023-10-06,41.310001373291016,43.18000030517578,41.2400016784668,42.790000915527344,7244600
2023-10-09,43.09000015258789,44.43000030517578,43.09000015258789,44.349998474121094,4894100
2023-10-10,44.290000915527344,44.54999923706055,43.61000061035156,44.09000015258789,4067600
2023-10-11,43.310001373291016,43.72999954223633,42.630001068115234,43.54999923706055,4939100
2023-10-12,43.54999923706055,43.95000076293945,43.15999984741211,43.40999984741211,3932900
2023-10-13,43.849998474121094,44.20000076293945,43.31999969482422,43.369998931884766,4254700
2023-10-16,43.5,43.599998474121094,42.41999816894531,43.5,4329300
2023-10-17,43.63999938964844,44.65999984741211,43.36000061035156,44.2599983215332,6792500
2023-10-18,44.65999984741211,44.65999984741211,43.04999923706055,43.68000030517578,5559500
2023-10-19,43.75,44.150001525878906,42.970001220703125,43.09000015258789,4183900
2023-10-20,42.970001220703125,43.029998779296875,41.810001373291016,42.349998474121094,4358200
2023-10-23,41.83000183105469,42.47999954223633,41.31999969482422,42.27000045776367,5288700
2023-10-24,42.54999923706055,42.720001220703125,42.06999969482422,42.529998779296875,3859900
2023-10-25,42.779998779296875,42.779998779296875,41.81999969482422,42.02000045776367,4324400
2023-10-26,40.5,43.13999938964844,39.58000183105469,42.810001373291016,7130200
2023-10-27,43.15999984741211,43.209999084472656,41.400001525878906,41.95000076293945,4425300
2023-10-30,41.47999954223633,42.25,40.38999938964844,41.18000030517578,8406700
2023-10-31,41.349998474121094,42.5,41.060001373291016,42.380001068115234,4464700
2023-11-01,42.22999954223633,43.060001373291016,41.560001373291016,42.720001220703125,4276300
2023-11-02,42.70000076293945,44.5,42.529998779296875,44.349998474121094,3782800
2023-11-03,44.06999969482422,45.22999954223633,44.04999923706055,44.720001220703125,5232800
2023-11-06,44.189998626708984,44.470001220703125,42.11000061035156,42.5099983215332,5785400
2023-11-07,41.720001220703125,41.7599983215332,40.279998779296875,40.7599983215332,5791400
2023-11-08,40.529998779296875,41.0,39.599998474121094,39.88999938964844,4498600
2023-11-09,40.09000015258789,40.29999923706055,39.33000183105469,39.40999984741211,3042600
2023-11-10,39.790000915527344,39.900001525878906,38.619998931884766,39.130001068115234,4538200
2023-11-13,39.529998779296875,40.060001373291016,39.209999084472656,39.79999923706055,3706100
2023-11-14,39.83000183105469,40.5,39.54999923706055,39.900001525878906,3782600
2023-11-15,39.97999954223633,41.720001220703125,39.84000015258789,41.33000183105469,5968300
2023-11-16,40.72999954223633,41.13999938964844,39.279998779296875,40.04999923706055,6232600
2023-11-17,39.849998474121094,40.849998474121094,39.779998779296875,40.369998931884766,4708400
2023-11-20,40.27000045776367,40.47999954223633,39.689998626708984,40.09000015258789,3285100
2023-11-21,39.970001220703125,40.349998474121094,39.41999816894531,40.02000045776367,3956400
2023-11-22,39.380001068115234,40.560001373291016,39.18000030517578,40.31999969482422,3271300
2023-11-24,39.95000076293945,41.099998474121094,39.95000076293945,40.849998474121094,1873400
2023-11-27,40.5099983215332,40.5099983215332,39.70000076293945,40.22999954223633,3773000
2023-11-28,40.36000061035156,40.47999954223633,39.7400016784668,39.849998474121094,4503900
2023-11-29,40.099998474121094,40.11000061035156,39.310001373291016,39.75,4361700
2023-11-30,40.25,40.790000915527344,39.25,39.959999084472656,11829000
2023-12-01,39.810001373291016,40.5099983215332,39.650001525878906,40.2400016784668,3301600
2023-12-04,39.650001525878906,39.90999984741211,38.810001373291016,38.970001220703125,6762400
2023-12-05,39.279998779296875,39.540000915527344,38.33000183105469,38.36000061035156,2946800
2023-12-06,38.20000076293945,38.66999816894531,36.83000183105469,36.869998931884766,6001800
2023-12-07,36.959999084472656,37.189998626708984,36.09000015258789,36.9900016784668,6629500
2023-12-08,37.25,37.34000015258789,36.52000045776367,37.130001068115234,4769200
2023-12-11,36.2599983215332,37.22999954223633,36.119998931884766,36.88999938964844,5518800
2023-12-12,36.31999969482422,36.650001525878906,35.849998474121094,36.0099983215332,6437800
2023-12-13,36.150001525878906,37.290000915527344,35.959999084472656,37.2599983215332,6643300
2023-12-14,37.630001068115234,38.83000183105469,37.380001068115234,38.81999969482422,9302400
2023-12-15,38.84000015258789,38.86000061035156,37.9900016784668,38.439998626708984,19031900
2023-12-18,39.22999954223633,39.560001373291016,38.709999084472656,38.90999984741211,6630800
2023-12-19,38.56999969482422,38.880001068115234,37.68000030517578,38.84000015258789,7433600
2023-12-20,38.849998474121094,39.099998474121094,37.880001068115234,38.0,7190900
2023-12-21,38.52000045776367,39.04999923706055,38.20000076293945,39.02000045776367,5239600
2023-12-22,39.08000183105469,39.33000183105469,38.79999923706055,38.9900016784668,3310900
2023-12-26,39.0,39.560001373291016,39.0,39.209999084472656,2657000
2023-12-27,39.529998779296875,39.65999984741211,38.939998626708984,39.18000030517578,3209000
2023-12-28,39.20000076293945,39.880001068115234,38.9900016784668,39.02000045776367,4005500
2023-12-29,38.95000076293945,39.29999923706055,38.65999984741211,38.65999984741211,2090900
2024-01-02,39.11000061035156,39.31999969482422,38.58000183105469,38.91999816894531,4707200
2024-01-03,38.77000045776367,38.9900016784668,38.18000030517578,38.72999954223633,8412300
2024-01-04,39.400001525878906,39.400001525878906,38.16999816894531,38.20000076293945,5823500
2024-01-05,38.099998474121094,38.709999084472656,37.54999923706055,38.709999084472656,8312300
2024-01-08,38.02000045776367,38.279998779296875,37.119998931884766,38.209999084472656,6001700
2024-01-09,38.529998779296875,38.59000015258789,37.650001525878906,38.06999969482422,6252500
2024-01-10,37.709999084472656,37.880001068115234,37.22999954223633,37.709999084472656,4098100
2024-01-11,37.540000915527344,38.11000061035156,37.02000045776367,37.04999923706055,6627500
2024-01-12,37.959999084472656,38.38999938964844,37.400001525878906,37.81999969482422,4357200
2024-01-16,36.90999984741211,37.369998931884766,36.25,36.29999923706055,5563700
2024-01-17,35.7400016784668,36.34000015258789,35.709999084472656,35.959999084472656,5684800
2024-01-18,35.900001525878906,36.02000045776367,34.84000015258789,35.209999084472656,6872600
2024-01-19,35.04999923706055,35.349998474121094,34.63999938964844,35.33000183105469,6086200
2024-01-22,34.88999938964844,35.66999816894531,34.77000045776367,35.380001068115234,7055600
2024-01-23,35.439998626708984,35.68000030517578,35.0099983215332,35.2599983215332,3559800
2024-01-24,35.560001373291016,36.2400016784668,35.470001220703125,35.65999984741211,4359400
2024-01-25,35.9900016784668,36.06999969482422,35.27000045776367,36.060001373291016,3800100
2024-01-26,35.970001220703125,36.04999923706055,35.20000076293945,35.880001068115234,4477600
2024-01-29,35.77000045776367,35.849998474121094,35.15999984741211,35.81999969482422,3882200
2024-01-30,35.439998626708984,36.5,35.369998931884766,36.150001525878906,3431100
2024-01-31,36.220001220703125,36.25,35.369998931884766,35.400001525878906,4259800
2024-02-01,35.58000183105469,35.7599983215332,34.869998931884766,35.060001373291016,3653000
2024-02-02,35.0099983215332,35.38999938964844,34.58000183105469,35.040000915527344,3834100
2024-02-05,34.779998779296875,34.880001068115234,34.13999938964844,34.18000030517578,4790000
2024-02-06,34.119998931884766,34.619998931884766,33.90999984741211,34.22999954223633,3247400
2024-02-07,34.369998931884766,34.5099983215332,33.84000015258789,34.22999954223633,4576700
2024-02-08,34.0,34.849998474121094,33.869998931884766,34.75,4380200
2024-02-09,34.5,34.81999969482422,34.209999084472656,34.33000183105469,3616800
2024-02-12,34.65999984741211,35.36000061035156,34.38999938964844,34.93000030517578,5205500
2024-02-13,34.41999816894531,34.65999984741211,33.720001220703125,34.099998474121094,6480700
2024-02-14,32.72999954223633,33.599998474121094,32.06999969482422,32.959999084472656,13748800
2024-02-15,33.439998626708984,34.7400016784668,33.189998626708984,34.4900016784668,7970900
2024-02-16,34.5,35.060001373291016,34.040000915527344,34.70000076293945,4934400
2024-02-20,34.599998474121094,34.599998474121094,33.54999923706055,33.72999954223633,6013600
2024-02-21,35.31999969482422,38.2400016784668,35.29999923706055,37.29999923706055,12919000
2024-02-22,36.47999954223633,37.560001373291016,36.130001068115234,37.31999969482422,6677700
2024-02-23,36.7599983215332,37.31999969482422,36.33000183105469,37.0099983215332,5777600
2024-02-26,37.43000030517578,37.70000076293945,36.470001220703125,36.7400016784668,4569700
2024-02-27,37.150001525878906,37.279998779296875,36.38999938964844,36.52000045776367,3174100
2024-02-28,36.66999816894531,36.9900016784668,36.38999938964844,36.58000183105469,3375600
2024-02-29,36.68000030517578,37.310001373291016,36.599998474121094,37.150001525878906,5415200
2024-03-01,37.16999816894531,37.40999984741211,36.81999969482422,37.0099983215332,9281700
2024-03-04,37.849998474121094,38.189998626708984,37.400001525878906,37.540000915527344,4843400
2024-03-05,37.47999954223633,38.310001373291016,37.31999969482422,37.9900016784668,2899000
2024-03-06,38.220001220703125,38.22999954223633,37.27000045776367,37.59000015258789,4344300
2024-03-07,37.709999084472656,37.84000015258789,37.16999816894531,37.2599983215332,3106400
2024-03-08,37.400001525878906,37.72999954223633,37.099998474121094,37.52000045776367,2788200
2024-03-11,34.900001525878906,35.470001220703125,33.630001068115234,34.61000061035156,28488700
2024-03-12,34.779998779296875,34.88999938964844,33.81999969482422,34.52000045776367,12828600
2024-03-13,34.380001068115234,34.529998779296875,33.9900016784668,34.0099983215332,11280000
2024-03-14,34.29999923706055,34.29999923706055,33.209999084472656,33.779998779296875,11838400
2024-03-15,33.88999938964844,34.060001373291016,32.9900016784668,33.43000030517578,23927100
2024-03-18,33.68000030517578,33.869998931884766,33.310001373291016,33.400001525878906,5769900
2024-03-19,33.279998779296875,33.810001373291016,33.20000076293945,33.560001373291016,7376400
2024-03-20,33.22999954223633,34.0,33.16999816894531,33.81999969482422,7017300
2024-03-21,33.95000076293945,34.40999984741211,33.779998779296875,34.36000061035156,5585000
2024-03-22,34.29999923706055,34.400001525878906,34.13999938964844,34.36000061035156,4897500
2024-03-25,34.47999954223633,34.97999954223633,34.43000030517578,34.81999969482422,6541900
2024-03-26,35.040000915527344,35.290000915527344,34.75,34.95000076293945,6988700
2024-03-27,34.689998626708984,36.06999969482422,34.619998931884766,36.06999969482422,7136400
2024-03-28,36.29999923706055,37.400001525878906,36.119998931884766,37.06999969482422,9857200
2024-04-01,37.33000183105469,37.5,36.599998474121094,37.11000061035156,6531700
2024-04-02,37.0,37.08000183105469,36.529998779296875,36.869998931884766,4541300
2024-04-03,36.97999954223633,37.2599983215332,36.68000030517578,37.189998626708984,5626800
2024-04-04,37.7599983215332,37.84000015258789,36.65999984741211,36.7599983215332,5667000
2024-04-05,36.540000915527344,36.720001220703125,36.09000015258789,36.47999954223633,3684300
2024-04-08,36.63999938964844,37.029998779296875,36.45000076293945,36.84000015258789,4993800
2024-04-09,36.939998626708984,37.95000076293945,36.939998626708984,37.95000076293945,6559900
2024-04-10,37.970001220703125,38.2400016784668,37.54999923706055,37.709999084472656,6232400
2024-04-11,37.95000076293945,37.97999954223633,36.939998626708984,37.4900016784668,6009100
2024-04-12,37.72999954223633,38.40999984741211,37.130001068115234,37.25,5580600
2024-04-15,37.29999923706055,37.63999938964844,36.43000030517578,36.52000045776367,5711000
2024-04-16,36.279998779296875,36.52000045776367,35.2400016784668,36.20000076293945,4914900
2024-04-17,35.95000076293945,36.77000045776367,35.90999984741211,36.040000915527344,5246700
2024-04-18,36.20000076293945,36.779998779296875,36.119998931884766,36.220001220703125,6788400
2024-04-19,36.0,36.70000076293945,35.90999984741211,36.650001525878906,4957500
2024-04-22,36.4900016784668,38.150001525878906,36.45000076293945,37.970001220703125,10531500
2024-04-23,37.79999923706055,38.529998779296875,37.54999923706055,37.97999954223633,7640300
2024-04-24,38.58000183105469,39.849998474121094,37.880001068115234,39.43000030517578,11735100
2024-04-25,39.400001525878906,41.040000915527344,39.209999084472656,40.40999984741211,9380100
2024-04-26,40.20000076293945,40.72999954223633,39.54999923706055,40.61000061035156,7059900
2024-04-29,40.52000045776367,41.25,40.52000045776367,41.04999923706055,5848000
2024-04-30,41.400001525878906,41.470001220703125,40.060001373291016,40.09000015258789,7630600
2024-05-01,39.79999923706055,39.810001373291016,38.29999923706055,38.65999984741211,8342100
2024-05-02,39.040000915527344,39.66999816894531,38.810001373291016,39.47999954223633,5026300
2024-05-03,39.93000030517578,40.40999984741211,39.65999984741211,40.27000045776367,5993000
2024-05-06,40.83000183105469,41.470001220703125,40.560001373291016,41.040000915527344,6081000
2024-05-07,40.81999969482422,41.369998931884766,40.4900016784668,40.5099983215332,5961100
2024-05-08,40.150001525878906,40.40999984741211,39.779998779296875,39.90999984741211,4432000
2024-05-09,40.18000030517578,40.33000183105469,39.7599983215332,40.02000045776367,3978300
2024-05-10,40.130001068115234,40.220001220703125,38.7400016784668,38.93000030517578,5644900
2024-05-13,39.16999816894531,39.81999969482422,38.779998779296875,39.790000915527344,6086500
2024-05-14,40.0,40.7400016784668,39.810001373291016,40.709999084472656,4554000
2024-05-15,40.91999816894531,40.959999084472656,40.15999984741211,40.93000030517578,3742800
2024-05-16,40.97999954223633,42.130001068115234,40.4900016784668,40.5099983215332,6355100
2024-05-17,40.970001220703125,41.4900016784668,40.58000183105469,41.16999816894531,5199500
2024-05-20,41.43000030517578,42.45000076293945,41.38999938964844,41.91999816894531,5553800
2024-05-21,41.619998931884766,42.08000183105469,41.18000030517578,41.189998626708984,4063800
2024-05-22,40.84000015258789,41.33000183105469,40.209999084472656,41.209999084472656,5188000
2024-05-23,41.529998779296875,42.119998931884766,39.72999954223633,39.90999984741211,16515700
2024-05-24,40.04999923706055,40.84000015258789,39.95000076293945,40.150001525878906,6920000
2024-05-28,40.52000045776367,41.70000076293945,40.34000015258789,41.2400016784668,6194700
2024-05-29,40.970001220703125,41.06999969482422,40.470001220703125,40.689998626708984,4904000
2024-05-30,40.689998626708984,41.560001373291016,40.65999984741211,41.20000076293945,5073300
2024-05-31,41.31999969482422,41.70000076293945,40.970001220703125,41.09000015258789,9975500
2024-06-03,41.900001525878906,42.08000183105469,40.52000045776367,40.97999954223633,6901600
2024-06-04,40.709999084472656,40.84000015258789,40.11000061035156,40.619998931884766,5297800
2024-06-05,40.63999938964844,41.209999084472656,40.439998626708984,40.939998626708984,6537100
2024-06-06,40.869998931884766,41.119998931884766,40.2599983215332,40.65999984741211,3578800
2024-06-07,40.29999923706055,40.81999969482422,40.040000915527344,40.540000915527344,2879000
2024-06-10,40.84000015258789,41.58000183105469,40.61000061035156,41.130001068115234,7348000
2024-06-11,41.0,41.41999816894531,40.599998474121094,41.16999816894531,8933000
2024-06-12,41.65999984741211,41.779998779296875,40.529998779296875,40.77000045776367,9574100
2024-06-13,40.4900016784668,40.83000183105469,39.880001068115234,40.29999923706055,5369400
2024-06-14,40.220001220703125,40.279998779296875,39.29999923706055,39.34000015258789,5898000
2024-06-17,39.150001525878906,39.47999954223633,38.0099983215332,38.56999969482422,7236500
2024-06-18,38.709999084472656,38.880001068115234,38.13999938964844,38.20000076293945,6687600
2024-06-20,38.11000061035156,38.63999938964844,37.72999954223633,37.7599983215332,6158300
2024-06-21,37.7599983215332,37.84000015258789,36.90999984741211,36.970001220703125,17061800
2024-06-24,37.25,38.560001373291016,37.2400016784668,38.52000045776367,7641700
2024-06-25,38.15999984741211,38.599998474121094,38.029998779296875,38.54999923706055,5791100
2024-06-26,38.630001068115234,38.66999816894531,37.279998779296875,37.7599983215332,6202600
2024-06-27,38.150001525878906,38.41999816894531,36.869998931884766,37.279998779296875,4984900
2024-06-28,37.5,37.619998931884766,36.79999923706055,36.97999954223633,9817000
2024-07-01,36.900001525878906,37.09000015258789,36.2400016784668,36.689998626708984,4632900
2024-07-02,36.970001220703125,37.43000030517578,36.59000015258789,36.959999084472656,6241800
2024-07-03,36.90999984741211,37.63999938964844,36.849998474121094,37.040000915527344,2643400
2024-07-05,36.779998779296875,37.029998779296875,36.029998779296875,36.31999969482422,7089300
2024-07-08,36.70000076293945,36.90999984741211,36.27000045776367,36.380001068115234,3571100
2024-07-09,36.11000061035156,36.65999984741211,35.66999816894531,36.540000915527344,5905600
2024-07-10,36.54999923706055,36.709999084472656,36.029998779296875,36.63999938964844,3776900
2024-07-11,36.83000183105469,37.2599983215332,36.650001525878906,37.189998626708984,3456400
2024-07-12,37.54999923706055,37.56999969482422,36.90999984741211,37.209999084472656,3692400
2024-07-15,37.25,37.38999938964844,36.52000045776367,36.83000183105469,6411300
2024-07-16,37.029998779296875,37.029998779296875,35.77000045776367,35.880001068115234,8664100
2024-07-17,35.869998931884766,36.779998779296875,35.349998474121094,35.599998474121094,10959000
2024-07-18,36.08000183105469,36.2400016784668,35.2599983215332,35.349998474121094,9161200
2024-07-19,35.040000915527344,35.91999816894531,34.95000076293945,35.880001068115234,66340100
2024-07-22,36.290000915527344,36.66999816894531,35.52000045776367,35.66999816894531,13474300
2024-07-23,35.849998474121094,35.869998931884766,35.0099983215332,35.04999923706055,13451800
2024-07-24,35.599998474121094,36.279998779296875,35.040000915527344,35.099998474121094,15384800
2024-07-25,34.880001068115234,35.470001220703125,34.150001525878906,34.380001068115234,11098300
2024-07-26,34.290000915527344,34.599998474121094,33.66999816894531,34.310001373291016,7690800
2024-07-29,34.4900016784668,34.599998474121094,33.810001373291016,34.06999969482422,7386100
2024-07-30,33.900001525878906,34.86000061035156,33.75,34.810001373291016,8323800
2024-07-31,35.0,35.349998474121094,34.34000015258789,34.5099983215332,8432000
2024-08-01,34.43000030517578,34.52000045776367,33.459999084472656,33.59000015258789,8194700
2024-08-02,33.220001220703125,33.22999954223633,31.40999984741211,31.56999969482422,9078200
2024-08-05,30.850000381469727,30.889999389648438,30.020000457763672,30.209999084472656,8526500
2024-08-06,30.489999771118164,31.200000762939453,30.209999084472656,30.809999465942383,7245800
2024-08-07,31.219999313354492,31.670000076293945,30.170000076293945,30.219999313354492,10023200
2024-08-08,30.280000686645508,31.18000030517578,30.25,30.959999084472656,7107600
2024-08-09,30.93000030517578,31.420000076293945,30.59000015258789,31.100000381469727,5845400
2024-08-12,31.459999084472656,32.33000183105469,31.360000610351562,32.2599983215332,8767800
2024-08-13,32.08000183105469,32.099998474121094,30.979999542236328,31.149999618530273,10566600
2024-08-14,31.549999237060547,31.760000228881836,31.010000228881836,31.479999542236328,8678200
2024-08-15,30.950000762939453,31.860000610351562,30.8799991607666,31.780000686645508,7319000
2024-08-16,31.440000534057617,32.380001068115234,31.420000076293945,32.150001525878906,5089300
2024-08-19,32.439998626708984,33.900001525878906,32.29999923706055,33.720001220703125,9237800
2024-08-20,33.5,33.619998931884766,32.720001220703125,33.2400016784668,6502400
2024-08-21,33.4900016784668,33.59000015258789,32.619998931884766,33.099998474121094,6830800
2024-08-22,33.08000183105469,33.47999954223633,32.709999084472656,32.900001525878906,5904700
2024-08-23,33.0,33.65999984741211,32.849998474121094,33.63999938964844,4549100
2024-08-26,33.880001068115234,34.150001525878906,33.130001068115234,33.189998626708984,6432600
2024-08-27,33.0,33.130001068115234,32.529998779296875,32.75,4042500
2024-08-28,32.61000061035156,32.63999938964844,32.04999923706055,32.599998474121094,3454700
2024-08-29,32.709999084472656,33.65999984741211,32.59000015258789,33.5099983215332,5088800
2024-08-30,33.310001373291016,33.66999816894531,33.150001525878906,33.5099983215332,4609200
2024-09-03,33.040000915527344,33.209999084472656,32.18000030517578,32.91999816894531,6376700
2024-09-04,32.9900016784668,33.75,32.529998779296875,32.65999984741211,5387100
2024-09-05,33.0099983215332,33.099998474121094,32.209999084472656,32.81999969482422,5155500
2024-09-06,32.810001373291016,33.20000076293945,32.150001525878906,32.36000061035156,7131900
2024-09-09,32.25,32.650001525878906,31.8799991607666,31.90999984741211,5876600
2024-09-10,32.15999984741211,32.380001068115234,31.459999084472656,32.119998931884766,5504800
2024-09-11,32.20000076293945,33.150001525878906,31.889999389648438,32.880001068115234,7822000
2024-09-12,32.689998626708984,33.08000183105469,31.670000076293945,32.86000061035156,8351400
2024-09-13,33.599998474121094,33.900001525878906,32.83000183105469,33.189998626708984,7092400
2024-09-16,33.25,33.79999923706055,33.09000015258789,33.54999923706055,5492100
2024-09-17,33.689998626708984,33.90999984741211,33.209999084472656,33.27000045776367,6247300
2024-09-18,33.33000183105469,33.7599983215332,32.88999938964844,33.529998779296875,4495900
2024-09-19,34.25,34.97999954223633,33.81999969482422,34.72999954223633,7468200
2024-09-20,34.56999969482422,35.150001525878906,34.0099983215332,34.83000183105469,10596200
2024-09-23,35.0,36.36000061035156,34.959999084472656,35.959999084472656,8604900
2024-09-24,36.08000183105469,36.380001068115234,35.630001068115234,35.63999938964844,5984900
2024-09-25,35.65999984741211,35.81999969482422,34.88999938964844,35.15999984741211,5574600
2024-09-26,35.0,35.689998626708984,35.0,35.5099983215332,7221800
2024-09-27,36.150001525878906,37.11000061035156,35.959999084472656,36.529998779296875,6441700
2024-09-30,36.43000030517578,37.13999938964844,36.290000915527344,36.63999938964844,8664900
2024-10-01,36.25,36.72999954223633,35.88999938964844,36.25,6610900
2024-10-02,36.9900016784668,37.04999923706055,36.369998931884766,36.77000045776367,9145100
2024-10-03,37.119998931884766,37.779998779296875,36.63999938964844,37.66999816894531,12309700
2024-10-04,37.939998626708984,38.15999984741211,36.939998626708984,36.939998626708984,10141600
2024-10-07,36.880001068115234,37.36000061035156,36.54999923706055,37.29999923706055,6957700
2024-10-08,36.97999954223633,37.2400016784668,36.29999923706055,37.06999969482422,10857800
2024-10-09,36.75,37.06999969482422,36.43000030517578,36.54999923706055,5347400
2024-10-10,36.5099983215332,36.72999954223633,36.189998626708984,36.619998931884766,3970300
2024-10-11,36.36000061035156,37.560001373291016,36.36000061035156,37.40999984741211,5047000
2024-10-14,37.130001068115234,37.20000076293945,36.4900016784668,36.599998474121094,4484000
2024-10-15,36.099998474121094,37.0,35.9900016784668,36.279998779296875,5318800
2024-10-16,36.4900016784668,36.86000061035156,36.38999938964844,36.68000030517578,4304200
2024-10-17,36.959999084472656,37.08000183105469,36.5099983215332,37.060001373291016,4594700
2024-10-18,37.060001373291016,37.08000183105469,36.0099983215332,36.4900016784668,5360500
2024-10-21,36.70000076293945,36.779998779296875,36.099998474121094,36.36000061035156,4495800
2024-10-22,36.56999969482422,36.56999969482422,35.959999084472656,35.970001220703125,4663900
2024-10-23,36.04999923706055,36.29999923706055,35.70000076293945,36.189998626708984,7354700
2024-10-24,36.41999816894531,37.189998626708984,36.040000915527344,36.959999084472656,4559200
2024-10-25,37.13999938964844,37.77000045776367,36.63999938964844,37.47999954223633,6633700
2024-10-28,36.900001525878906,37.4900016784668,36.61000061035156,37.310001373291016,5027000
2024-10-29,37.33000183105469,37.61000061035156,36.97999954223633,37.310001373291016,7254000
2024-10-30,37.279998779296875,38.83000183105469,37.099998474121094,38.56999969482422,9989300
2024-10-31,38.52000045776367,38.70000076293945,36.5,36.540000915527344,6555800
2024-11-01,36.869998931884766,36.95000076293945,35.45000076293945,35.619998931884766,7274200
2024-11-04,35.70000076293945,37.279998779296875,35.599998474121094,36.79999923706055,6788700
2024-11-05,36.84000015258789,38.0,36.77000045776367,37.540000915527344,6392700
2024-11-06,38.7599983215332,40.810001373291016,38.72999954223633,40.209999084472656,12582000
2024-11-07,40.209999084472656,40.75,39.459999084472656,40.689998626708984,6239700
2024-11-08,40.58000183105469,41.58000183105469,40.52000045776367,41.220001220703125,6873700
2024-11-11,42.47999954223633,44.060001373291016,41.93000030517578,43.97999954223633,9569100
2024-11-12,43.72999954223633,44.279998779296875,43.47999954223633,43.779998779296875,8423000
2024-11-13,43.7599983215332,43.939998626708984,43.22999954223633,43.310001373291016,7714000
2024-11-14,43.380001068115234,43.61000061035156,42.380001068115234,42.86000061035156,7218000
2024-11-15,42.880001068115234,43.439998626708984,42.45000076293945,42.709999084472656,4711900
2024-11-18,42.9900016784668,44.619998931884766,42.63999938964844,44.279998779296875,7273200
2024-11-19,43.5099983215332,44.33000183105469,43.31999969482422,44.08000183105469,5675100
2024-11-20,44.970001220703125,46.86000061035156,44.470001220703125,46.540000915527344,18788500
2024-11-21,47.63999938964844,48.02000045776367,46.810001373291016,46.88999938964844,11367500
2024-11-22,46.439998626708984,47.029998779296875,45.709999084472656,45.91999816894531,10015300
2024-11-25,47.58000183105469,47.91999816894531,45.900001525878906,45.9900016784668,20758400
2024-11-26,45.959999084472656,46.189998626708984,44.83000183105469,45.560001373291016,7663500
2024-11-27,45.18000030517578,45.869998931884766,44.79999923706055,45.279998779296875,4702200
2024-11-29,45.70000076293945,45.93000030517578,45.36000061035156,45.439998626708984,2469100
2024-12-02,45.0,45.33000183105469,43.93000030517578,44.529998779296875,6497900
2024-12-03,44.58000183105469,45.099998474121094,44.349998474121094,44.810001373291016,4868300
2024-12-04,44.70000076293945,44.810001373291016,43.84000015258789,44.689998626708984,7523600
2024-12-05,45.349998474121094,45.540000915527344,44.36000061035156,44.45000076293945,7874200
2024-12-06,44.189998626708984,44.5099983215332,43.209999084472656,43.33000183105469,7158100
2024-12-09,43.9900016784668,44.20000076293945,43.06999969482422,43.27000045776367,5774300
2024-12-10,43.22999954223633,43.81999969482422,42.72999954223633,43.04999923706055,6095800
2024-12-11,43.54999923706055,45.900001525878906,43.38999938964844,45.58000183105469,9615100
2024-12-12,45.5,46.310001373291016,45.279998779296875,45.86000061035156,4700900
2024-12-13,45.81999969482422,46.119998931884766,45.119998931884766,45.59000015258789,8514600
2024-12-16,45.59000015258789,45.81999969482422,44.63999938964844,44.81999969482422,5326500
2024-12-17,44.36000061035156,44.59000015258789,43.86000061035156,44.20000076293945,7058900
2024-12-18,44.150001525878906,44.369998931884766,42.27000045776367,42.540000915527344,7449000
2024-12-19,43.59000015258789,43.72999954223633,42.59000015258789,42.650001525878906,6921400
2024-12-20,42.59000015258789,43.63999938964844,42.41999816894531,42.9900016784668,12908800
2024-12-23,43.0,44.0,42.849998474121094,43.86000061035156,4813900
2024-12-24,44.09000015258789,44.7599983215332,43.630001068115234,44.58000183105469,2013600
2024-12-26,44.15999984741211,44.63999938964844,43.709999084472656,44.18000030517578,2712300
2024-12-27,44.16999816894531,44.97999954223633,43.959999084472656,44.31999969482422,4508300
2024-12-30,46.349998474121094,46.7599983215332,45.060001373291016,46.59000015258789,9723800
2024-12-31,46.22999954223633,46.599998474121094,45.90999984741211,46.11000061035156,4902800
2025-01-02,47.0,47.59000015258789,45.91999816894531,47.349998474121094,10169200
2025-01-03,47.79999923706055,48.33000183105469,46.38999938964844,47.02000045776367,8231300
2025-01-06,48.0,48.290000915527344,47.380001068115234,47.63999938964844,6793300
2025-01-07,47.650001525878906,48.52000045776367,47.29999923706055,48.150001525878906,4851900
2025-01-08,48.2599983215332,49.20000076293945,48.189998626708984,49.0,7887200
2025-01-10,49.58000183105469,50.029998779296875,48.86000061035156,49.0,10527500
2025-01-13,49.099998474121094,50.119998931884766,48.790000915527344,50.08000183105469,9290000
2025-01-14,50.04999923706055,51.209999084472656,49.939998626708984,50.689998626708984,7396700
2025-01-15,52.0,53.0,51.619998931884766,52.439998626708984,10475700
2025-01-16,52.189998626708984,53.97999954223633,52.099998474121094,53.779998779296875,7555800
2025-01-17,52.79999923706055,53.790000915527344,52.369998931884766,52.959999084472656,7702800
2025-01-21,52.56999969482422,53.459999084472656,52.22999954223633,53.43000030517578,9929500
2025-01-22,54.099998474121094,54.849998474121094,53.369998931884766,53.400001525878906,7782400
2025-01-23,53.66999816894531,53.77000045776367,52.88999938964844,53.58000183105469,6778700
2025-01-24,53.52000045776367,53.88999938964844,53.22999954223633,53.68000030517578,6025300
2025-01-27,51.2599983215332,51.29999923706055,47.59000015258789,48.459999084472656,21581800
2025-01-28,49.08000183105469,50.0,48.2400016784668,49.900001525878906,9917200
2025-01-29,50.0,51.099998474121094,49.83000183105469,50.619998931884766,6216100
2025-01-30,50.93000030517578,52.06999969482422,50.880001068115234,51.650001525878906,5435000
2025-01-31,52.02000045776367,52.06999969482422,50.86000061035156,51.119998931884766,5757700
2025-02-03,51.810001373291016,52.93000030517578,50.959999084472656,52.18000030517578,7163200
2025-02-04,51.41999816894531,52.34000015258789,51.27000045776367,52.150001525878906,5127400
2025-02-05,52.130001068115234,53.099998474121094,51.91999816894531,52.95000076293945,4082800
2025-02-06,53.119998931884766,53.560001373291016,51.130001068115234,51.43000030517578,7719900
2025-02-07,51.20000076293945,51.97999954223633,50.7400016784668,51.11000061035156,10669500
2025-02-10,51.58000183105469,53.68000030517578,51.5099983215332,53.5,5074200
2025-02-11,53.58000183105469,54.529998779296875,53.16999816894531,53.7599983215332,9272500
2025-02-12,53.61000061035156,54.11000061035156,51.630001068115234,52.369998931884766,7830400
2025-02-13,52.599998474121094,53.22999954223633,51.91999816894531,52.869998931884766,6129900
2025-02-14,52.939998626708984,53.81999969482422,52.77000045776367,53.43000030517578,5553000
2025-02-18,53.619998931884766,54.54999923706055,52.70000076293945,53.779998779296875,10207000
2025-02-19,54.970001220703125,56.65999984741211,54.040000915527344,54.2400016784668,12170200
2025-02-20,53.5,54.0099983215332,51.72999954223633,52.560001373291016,11249200
2025-02-21,52.5,52.540000915527344,49.790000915527344,50.2400016784668,13804200
2025-02-24,50.06999969482422,50.650001525878906,49.0,50.08000183105469,12209000
2025-02-25,50.0,50.06999969482422,47.97999954223633,48.84000015258789,8150300
2025-02-26,49.540000915527344,49.86000061035156,48.63999938964844,48.790000915527344,7373500
2025-02-27,49.060001373291016,49.349998474121094,46.38999938964844,46.630001068115234,12620200
2025-02-28,46.33000183105469,48.2599983215332,46.20000076293945,48.16999816894531,9469300
2025-03-03,48.849998474121094,49.41999816894531,48.029998779296875,48.709999084472656,9834400
2025-03-04,48.650001525878906,51.209999084472656,47.47999954223633,50.0,11402000
2025-03-05,49.790000915527344,50.34000015258789,48.7599983215332,50.130001068115234,9444300
2025-03-06,49.099998474121094,49.43000030517578,45.970001220703125,46.15999984741211,12033200
2025-03-07,45.59000015258789,47.279998779296875,45.18000030517578,47.0,9484900
2025-03-10,47.43000030517578,47.689998626708984,46.43000030517578,47.4900016784668,10368400
2025-03-11,48.15999984741211,50.16999816894531,47.880001068115234,49.11000061035156,8335200
2025-03-12,49.65999984741211,50.0,48.2599983215332,48.95000076293945,4518800
2025-03-13,48.630001068115234,49.47999954223633,48.13999938964844,48.86000061035156,4968900
2025-03-14,49.470001220703125,50.880001068115234,48.63999938964844,50.720001220703125,5463200
2025-03-17,50.4900016784668,51.849998474121094,50.4900016784668,51.65999984741211,6562500
2025-03-18,52.779998779296875,53.31999969482422,52.20000076293945,52.560001373291016,5469600
2025-03-19,52.84000015258789,53.880001068115234,52.34000015258789,53.599998474121094,4574400
2025-03-20,53.29999923706055,54.5,53.040000915527344,53.72999954223633,9073600
2025-03-21,53.18000030517578,53.5,52.65999984741211,52.880001068115234,12816100
2025-03-24,53.43000030517578,54.560001373291016,53.150001525878906,54.0,5900000
2025-03-25,54.150001525878906,54.650001525878906,54.02000045776367,54.25,4418000
2025-03-26,54.83000183105469,55.34000015258789,52.79999923706055,52.91999816894531,7310200
2025-03-27,53.150001525878906,53.25,51.41999816894531,52.31999969482422,8090800
2025-03-28,52.15999984741211,53.150001525878906,52.150001525878906,53.0099983215332,4971100
2025-03-31,52.689998626708984,53.939998626708984,52.150001525878906,53.43000030517578,5614100
2025-04-01,53.66999816894531,54.54999923706055,53.15999984741211,53.880001068115234,5996700
2025-04-02,53.11000061035156,55.25,52.91999816894531,54.619998931884766,7610000
2025-04-03,51.529998779296875,53.650001525878906,51.41999816894531,52.09000015258789,10916400
2025-04-04,49.18000030517578,49.70000076293945,43.56999969482422,46.11000061035156,21964000
2025-04-07,44.630001068115234,49.939998626708984,44.54999923706055,47.310001373291016,13411600
2025-04-08,49.81999969482422,50.439998626708984,46.84000015258789,47.4900016784668,17665700
2025-04-09,46.400001525878906,50.86000061035156,44.849998474121094,50.16999816894531,17700400
2025-04-10,48.810001373291016,49.22999954223633,46.84000015258789,48.4900016784668,9685200
2025-04-11,48.189998626708984,50.4900016784668,47.7599983215332,49.650001525878906,8898900
2025-04-14,50.4900016784668,50.77000045776367,49.63999938964844,49.970001220703125,4377300
2025-04-15,49.619998931884766,51.0,49.56999969482422,50.7400016784668,5226300
2025-04-16,50.52000045776367,51.939998626708984,50.4900016784668,50.849998474121094,6418900
2025-04-17,51.22999954223633,51.77000045776367,50.81999969482422,50.97999954223633,5000200
2025-04-21,50.25,50.400001525878906,47.290000915527344,47.68000030517578,8263800
2025-04-22,48.13999938964844,49.13999938964844,47.95000076293945,48.56999969482422,6595500
2025-04-23,50.029998779296875,50.40999984741211,47.13999938964844,48.75,16265000
2025-04-24,49.599998474121094,49.7599983215332,48.29999923706055,48.81999969482422,10317800
2025-04-25,48.65999984741211,50.349998474121094,48.310001373291016,50.2400016784668,9360300
2025-04-28,49.97999954223633,51.380001068115234,49.7599983215332,51.119998931884766,9331200
2025-04-29,50.47999954223633,51.630001068115234,49.70000076293945,51.220001220703125,6302200
2025-04-30,50.150001525878906,50.25,48.939998626708984,49.439998626708984,11852300
2025-05-01,49.310001373291016,51.599998474121094,48.93000030517578,50.36000061035156,7661700
2025-05-02,51.619998931884766,51.90999984741211,50.81999969482422,51.849998474121094,6651900
2025-05-05,51.95000076293945,53.88999938964844,51.86000061035156,53.52000045776367,9242500
2025-05-06,53.529998779296875,53.88999938964844,52.66999816894531,53.45000076293945,6405800
2025-05-07,53.689998626708984,54.56999969482422,53.06999969482422,53.959999084472656,7086600
2025-05-08,54.40999984741211,54.59000015258789,53.220001220703125,53.400001525878906,9416500
2025-05-09,53.900001525878906,55.650001525878906,53.560001373291016,55.619998931884766,7707900
2025-05-12,56.04999923706055,56.11000061035156,54.0099983215332,54.4900016784668,12305900
2025-05-13,55.06999969482422,56.66999816894531,54.79999923706055,56.20000076293945,8429900
2025-05-14,55.65999984741211,56.65999984741211,55.349998474121094,56.36000061035156,6017700
2025-05-15,55.54999923706055,57.040000915527344,55.54999923706055,56.0,9102900
2025-05-16,55.84000015258789,56.040000915527344,55.43000030517578,55.86000061035156,4375000
2025-05-19,55.54999923706055,56.09000015258789,54.91999816894531,55.560001373291016,6377400
2025-05-20,55.880001068115234,57.369998931884766,55.529998779296875,56.13999938964844,5806300
2025-05-21,55.84000015258789,56.279998779296875,55.040000915527344,55.709999084472656,5669300
2025-05-22,55.9900016784668,56.31999969482422,55.22999954223633,55.689998626708984,7733200
2025-05-23,55.25,56.02000045776367,55.150001525878906,55.61000061035156,6813700
2025-05-27,56.08000183105469,56.61000061035156,55.29999923706055,56.560001373291016,5229200
2025-05-28,56.72999954223633,57.029998779296875,55.119998931884766,55.5,5046500
2025-05-29,55.61000061035156,56.02000045776367,55.119998931884766,55.369998931884766,3493200
2025-05-30,55.0,55.61000061035156,54.47999954223633,55.130001068115234,7853800
2025-06-02,56.45000076293945,57.189998626708984,55.75,56.65999984741211,7686100
2025-06-03,56.77000045776367,56.88999938964844,55.970001220703125,56.650001525878906,8247100
2025-06-04,56.540000915527344,56.7400016784668,55.29999923706055,55.4900016784668,4438700
2025-06-05,55.790000915527344,55.79999923706055,54.939998626708984,55.33000183105469,4423600
2025-06-06,55.61000061035156,56.720001220703125,55.33000183105469,56.38999938964844,3826200
2025-06-09,56.08000183105469,56.08000183105469,54.61000061035156,54.900001525878906,7188200
2025-06-10,55.2400016784668,55.54999923706055,53.400001525878906,53.72999954223633,8012300
2025-06-11,54.02000045776367,54.68000030517578,53.7400016784668,53.970001220703125,5060500
2025-06-12,54.220001220703125,55.560001373291016,53.939998626708984,55.52000045776367,4919700
2025-06-13,55.880001068115234,56.959999084472656,54.31999969482422,56.84000015258789,7732500
2025-06-16,56.93000030517578,58.75,56.88999938964844,58.16999816894531,9217100
2025-06-17,58.5,59.11000061035156,57.88999938964844,58.869998931884766,6883000
2025-06-18,59.43000030517578,60.20000076293945,58.20000076293945,59.369998931884766,7527200
2025-06-20,59.439998626708984,60.79999923706055,58.779998779296875,60.439998626708984,11714600
2025-06-23,60.79999923706055,61.02000045776367,59.130001068115234,59.369998931884766,8520700
2025-06-24,59.18000030517578,60.779998779296875,58.900001525878906,60.34000015258789,6716800
2025-06-25,60.15999984741211,60.31999969482422,58.15999984741211,58.22999954223633,7702700
2025-06-26,58.18000030517578,58.54999923706055,57.56999969482422,58.150001525878906,7422100
2025-06-27,58.209999084472656,58.54999923706055,57.61000061035156,58.310001373291016,10530900
2025-06-30,57.97999954223633,58.880001068115234,57.720001220703125,58.31999969482422,11140900
2025-07-01,58.029998779296875,58.09000015258789,55.20000076293945,55.720001220703125,11291000
2025-07-02,55.849998474121094,56.380001068115234,54.970001220703125,56.13999938964844,9724300
2025-07-03,56.06999969482422,56.38999938964844,54.709999084472656,55.310001373291016,4295600
2025-07-07,55.15999984741211,56.2599983215332,54.7599983215332,56.15999984741211,6809200
2025-07-08,56.810001373291016,56.900001525878906,54.380001068115234,54.86000061035156,9849900
2025-07-09,54.849998474121094,55.2599983215332,53.75,54.880001068115234,8462900
2025-07-10,54.84000015258789,55.04999923706055,53.41999816894531,54.52000045776367,8486400
2025-07-11,54.43000030517578,55.41999816894531,54.13999938964844,55.33000183105469,5152400
2025-07-14,55.45000076293945,58.36000061035156,55.38999938964844,58.279998779296875,9983200
2025-07-15,58.29999923706055,58.599998474121094,56.709999084472656,58.2400016784668,9774700
2025-07-16,59.20000076293945,60.310001373291016,58.86000061035156,59.18000030517578,10269300
2025-07-17,59.06999969482422,59.349998474121094,58.43000030517578,58.75,6118200
2025-07-18,59.36000061035156,59.619998931884766,58.150001525878906,59.189998626708984,6066900
2025-07-21,57.79999923706055,57.9900016784668,53.470001220703125,53.540000915527344,14668900
2025-07-22,53.290000915527344,54.65999984741211,53.060001373291016,54.34000015258789,13814500
2025-07-23,53.29999923706055,53.970001220703125,51.2599983215332,51.959999084472656,24393100
2025-07-24,52.380001068115234,54.529998779296875,52.369998931884766,54.029998779296875,12622200
2025-07-25,53.90999984741211,54.0,51.709999084472656,52.189998626708984,8472100
2025-07-28,52.54999923706055,52.75,51.06999969482422,51.90999984741211,15091200
2025-07-29,52.470001220703125,53.70000076293945,52.209999084472656,53.099998474121094,9167300
2025-07-30,52.720001220703125,53.720001220703125,52.220001220703125,53.36000061035156,10705000
2025-07-31,53.279998779296875,54.47999954223633,53.11000061035156,53.75,7027400
2025-08-01,53.08000183105469,53.310001373291016,52.099998474121094,52.34000015258789,7274900
2025-08-04,52.470001220703125,52.79999923706055,51.470001220703125,51.869998931884766,6784200
2025-08-05,52.0,52.130001068115234,51.119998931884766,51.689998626708984,6134900
2025-08-06,52.0,52.11000061035156,51.119998931884766,51.459999084472656,5117300
2025-08-07,51.470001220703125,52.41999816894531,51.16999816894531,51.2400016784668,4552100
2025-08-08,51.45000076293945,51.93000030517578,50.630001068115234,51.290000915527344,4540200
2025-08-11,51.5099983215332,51.90999984741211,51.130001068115234,51.81999969482422,5264400
2025-08-12,51.439998626708984,51.54999923706055,50.41999816894531,51.27000045776367,7429400
2025-08-13,51.83000183105469,52.11000061035156,51.029998779296875,51.47999954223633,7803800
2025-08-14,51.529998779296875,52.790000915527344,51.189998626708984,52.04999923706055,5292000
2025-08-15,52.2400016784668,53.380001068115234,52.18000030517578,52.849998474121094,10069000
2025-08-18,51.06999969482422,51.099998474121094,49.400001525878906,50.5,10794100
2025-08-19,49.900001525878906,50.72999954223633,49.56999969482422,50.540000915527344,6083700
2025-08-20,50.720001220703125,51.380001068115234,50.41999816894531,51.34000015258789,5348100
2025-08-21,51.400001525878906,52.189998626708984,51.060001373291016,52.04999923706055,4557700
2025-08-22,52.04999923706055,52.84000015258789,51.65999984741211,51.970001220703125,4768100
2025-08-25,51.7599983215332,52.540000915527344,51.52000045776367,51.810001373291016,5109800
2025-08-26,51.86000061035156,52.88999938964844,50.79999923706055,52.709999084472656,9503800
2025-08-27,52.75,53.16999816894531,51.13999938964844,51.349998474121094,7541300
2025-08-28,51.349998474121094,52.540000915527344,50.849998474121094,52.36000061035156,7432500
2025-08-29,52.209999084472656,52.470001220703125,51.66999816894531,51.84000015258789,6319100
2025-09-02,51.20000076293945,52.810001373291016,51.0099983215332,52.380001068115234,8339400
2025-09-03,52.41999816894531,53.0,51.11000061035156,51.54999923706055,5245700
2025-09-04,51.75,52.029998779296875,50.65999984741211,51.79999923706055,4997900
2025-09-05,51.56999969482422,51.97999954223633,50.5099983215332,51.599998474121094,4959600
2025-09-08,52.38999938964844,52.560001373291016,50.650001525878906,50.7599983215332,6973900
2025-09-09,50.79999923706055,51.400001525878906,50.040000915527344,50.25,5589600
2025-09-10,50.41999816894531,52.0,50.119998931884766,51.16999816894531,5281700
2025-09-11,50.75,51.220001220703125,50.459999084472656,50.959999084472656,4500100
2025-09-12,51.40999984741211,52.0099983215332,50.75,50.939998626708984,4746500
2025-09-15,50.810001373291016,51.060001373291016,49.91999816894531,49.97999954223633,5337600
2025-09-16,50.20000076293945,50.5,48.470001220703125,49.95000076293945,12419200
2025-09-17,50.0099983215332,50.9900016784668,49.7599983215332,49.9900016784668,8570300
2025-09-18,50.13999938964844,50.209999084472656,48.970001220703125,49.38999938964844,8327200
2025-09-19,49.29999923706055,49.52000045776367,48.5099983215332,49.189998626708984,26614700
2025-09-22,49.02000045776367,50.279998779296875,48.599998474121094,49.970001220703125,8402300
2025-09-23,50.119998931884766,51.369998931884766,49.83000183105469,50.95000076293945,8825300
2025-09-24,51.20000076293945,53.560001373291016,51.189998626708984,53.08000183105469,11991300
2025-09-25,52.90999984741211,54.959999084472656,52.75,53.93000030517578,11605300
2025-09-26,53.7400016784668,54.95000076293945,53.459999084472656,54.060001373291016,11639800
2025-09-29,53.959999084472656,54.970001220703125,53.61000061035156,54.459999084472656,10445700
2025-09-30,53.9900016784668,55.310001373291016,53.959999084472656,54.43000030517578,12118300
2025-10-01,54.25,57.08000183105469,54.0099983215332,56.15999984741211,12094100
2025-10-02,55.959999084472656,57.349998474121094,55.040000915527344,55.7599983215332,11823100
2025-10-03,55.599998474121094,56.47999954223633,55.040000915527344,56.029998779296875,7589100
2025-10-06,56.59000015258789,57.29999923706055,55.52000045776367,57.189998626708984,7929400
2025-10-07,57.09000015258789,57.54999923706055,56.310001373291016,57.15999984741211,8432800
2025-10-08,57.15999984741211,57.15999984741211,55.54999923706055,56.40999984741211,8202400
2025-10-09,57.099998474121094,57.099998474121094,54.54999923706055,54.91999816894531,6125900
2025-10-10,54.70000076293945,55.36000061035156,53.11000061035156,53.119998931884766,5368800
2025-10-13,53.220001220703125,53.84000015258789,52.7599983215332,53.65999984741211,3574900
2025-10-14,52.7400016784668,53.83000183105469,51.65999984741211,53.290000915527344,5442500
2025-10-15,53.939998626708984,55.529998779296875,53.75,55.439998626708984,5544500
2025-10-16,55.630001068115234,56.22999954223633,52.790000915527344,53.2400016784668,7800800
2025-10-17,53.4900016784668,54.529998779296875,52.54999923706055,54.08000183105469,5227900
2025-10-20,55.349998474121094,57.04999923706055,55.119998931884766,56.45000076293945,5639900
2025-10-21,55.86000061035156,56.880001068115234,55.58000183105469,55.709999084472656,6655900
2025-10-22,55.29999923706055,56.97999954223633,53.0,53.4900016784668,11441200
2025-10-23,54.349998474121094,54.7400016784668,52.08000183105469,53.560001373291016,8870600
2025-10-24,53.75,54.0099983215332,52.90999984741211,53.70000076293945,6192900
2025-10-27,53.84000015258789,54.349998474121094,53.0,53.75,6532100
2025-10-28,53.5099983215332,53.5099983215332,52.04999923706055,52.18000030517578,4096000
2025-10-29,52.470001220703125,53.400001525878906,50.90999984741211,51.79999923706055,6876600
2025-10-30,52.0099983215332,53.279998779296875,51.5099983215332,52.45000076293945,7456600
2025-10-31,53.0099983215332,53.88999938964844,52.939998626708984,53.58000183105469,5219500
2025-11-03,53.7400016784668,55.90999984741211,53.43000030517578,55.86000061035156,6800700
2025-11-04,55.029998779296875,56.720001220703125,54.279998779296875,55.849998474121094,6999500
2025-11-05,55.65999984741211,57.099998474121094,55.11000061035156,55.9900016784668,5957300
2025-11-06,56.790000915527344,57.939998626708984,55.54999923706055,56.279998779296875,7328200
2025-11-07,56.16999816894531,57.9900016784668,55.7599983215332,57.970001220703125,5783700
2025-11-10,58.4900016784668,59.290000915527344,57.970001220703125,58.939998626708984,7437500
2025-11-11,59.400001525878906,61.060001373291016,59.2400016784668,60.689998626708984,9165500
2025-11-12,60.029998779296875,61.16999816894531,60.029998779296875,60.84000015258789,9286300
2025-11-13,60.849998474121094,61.2599983215332,60.150001525878906,60.25,8004900
2025-11-14,59.04999923706055,60.5,57.900001525878906,59.900001525878906,10974900
2025-11-17,59.59000015258789,60.65999984741211,58.689998626708984,59.040000915527344,7681900
2025-11-18,58.47999954223633,59.0099983215332,57.68000030517578,58.75,6400900
2025-11-19,58.779998779296875,59.189998626708984,57.560001373291016,58.88999938964844,7889900
2025-11-20,59.290000915527344,60.5099983215332,56.279998779296875,56.349998474121094,8745700
2025-11-21,56.11000061035156,57.369998931884766,55.130001068115234,57.029998779296875,10655700
2025-11-24,56.7599983215332,57.709999084472656,55.2599983215332,57.540000915527344,11711100
2025-11-25,56.900001525878906,57.880001068115234,56.11000061035156,56.7599983215332,8376900
2025-11-26,57.369998931884766,59.34000015258789,57.25,59.0,5671300
2025-11-28,59.43000030517578,61.16999816894531,58.95000076293945,60.86000061035156,4653300
2025-12-01,60.65999984741211,61.209999084472656,59.88999938964844,60.52000045776367,8318700
2025-12-02,60.470001220703125,60.470001220703125,58.4900016784668,58.599998474121094,7324400
2025-12-03,59.09000015258789,61.52000045776367,58.70000076293945,61.16999816894531,9413900
2025-12-04,61.08000183105469,62.0,59.220001220703125,60.06999969482422,11360000
