date,open,high,low,close,volume
2010-01-04,41.04999923706055,41.3650016784668,40.875,41.07500076293945,2098800
2010-01-05,41.13999938964844,41.150001525878906,40.18000030517578,40.41999816894531,2314200
2010-01-06,40.39500045776367,40.66999816894531,40.209999084472656,40.625,2023800
2010-01-07,40.47999954223633,40.51499938964844,40.125,40.13999938964844,2487200
2010-01-08,40.189998626708984,40.28499984741211,39.61000061035156,39.755001068115234,3305600
2010-01-11,39.9900016784668,40.76499938964844,39.875,40.525001525878906,4028200
2010-01-12,40.8849983215332,41.060001373291016,40.599998474121094,40.86000061035156,3572800
2010-01-13,40.85499954223633,41.505001068115234,40.83000183105469,41.439998626708984,2208400
2010-01-14,41.435001373291016,41.54499816894531,41.07500076293945,41.400001525878906,1932000
2010-01-15,41.275001525878906,41.310001373291016,40.46500015258789,40.92499923706055,3837800
2010-01-19,40.95000076293945,41.095001220703125,40.435001373291016,41.08000183105469,1768200
2010-01-20,40.974998474121094,40.974998474121094,40.029998779296875,40.529998779296875,2527000
2010-01-21,40.790000915527344,41.3650016784668,39.650001525878906,39.875,4968000
2010-01-22,39.869998931884766,39.904998779296875,39.2400016784668,39.27000045776367,2911400
2010-01-25,39.599998474121094,39.619998931884766,38.880001068115234,39.3650016784668,2352000
2010-01-26,39.29499816894531,39.775001525878906,39.04999923706055,39.654998779296875,2595800
2010-01-27,39.650001525878906,39.650001525878906,38.86000061035156,39.36000061035156,2063800
2010-01-28,39.42499923706055,39.51499938964844,38.540000915527344,38.54999923706055,3261600
2010-01-29,38.744998931884766,38.90999984741211,38.1150016784668,38.154998779296875,5057600
2010-02-01,38.310001373291016,38.71500015258789,37.95000076293945,38.6150016784668,2767600
2010-02-02,38.64500045776367,39.8650016784668,38.30500030517578,39.38999938964844,3426600
2010-02-03,39.5,39.96500015258789,39.38999938964844,39.869998931884766,3268800
2010-02-04,39.540000915527344,40.09000015258789,38.52000045776367,38.55500030517578,4706200
2010-02-05,38.48500061035156,38.60499954223633,37.7599983215332,38.54499816894531,3782600
2010-02-08,38.525001525878906,38.67499923706055,38.11000061035156,38.14500045776367,2016800
2010-02-09,37.95500183105469,38.470001220703125,37.77000045776367,38.130001068115234,4271800
2010-02-10,38.85499954223633,38.85499954223633,37.974998474121094,38.334999084472656,3912200
2010-02-11,38.3650016784668,38.8849983215332,37.9900016784668,38.775001525878906,4337800
2010-02-12,38.2599983215332,38.6150016784668,38.150001525878906,38.56999969482422,3290600
2010-02-16,38.8849983215332,39.5,38.775001525878906,39.494998931884766,2126800
2010-02-17,39.720001220703125,39.7599983215332,38.91999816894531,39.130001068115234,4120400
2010-02-18,39.04499816894531,39.375,38.849998474121094,39.02000045776367,2954000
2010-02-19,38.994998931884766,39.40999984741211,38.69499969482422,39.375,3548000
2010-02-22,39.59000015258789,39.59000015258789,38.80500030517578,38.86000061035156,2178400
2010-02-23,38.845001220703125,38.94499969482422,38.45000076293945,38.70000076293945,2335200
2010-02-24,38.720001220703125,38.720001220703125,37.845001220703125,38.3650016784668,2833400
2010-02-25,38.185001373291016,38.279998779296875,37.625,38.2599983215332,2464000
2010-02-26,38.209999084472656,38.380001068115234,37.935001373291016,37.98500061035156,2905400
2010-03-01,38.03499984741211,39.07500076293945,37.98500061035156,38.8849983215332,2696200
2010-03-02,39.064998626708984,39.36000061035156,39.064998626708984,39.224998474121094,3684400
2010-03-03,39.224998474121094,39.31999969482422,38.82500076293945,38.915000915527344,2362800
2010-03-04,38.8650016784668,39.13999938964844,38.6349983215332,39.119998931884766,2236000
2010-03-05,39.13999938964844,39.81999969482422,38.994998931884766,39.724998474121094,2965200
2010-03-08,39.73500061035156,39.845001220703125,39.63999938964844,39.775001525878906,2160200
2010-03-09,39.66999816894531,39.790000915527344,39.45000076293945,39.584999084472656,2508400
2010-03-10,39.5099983215332,39.78499984741211,39.44499969482422,39.7599983215332,2012200
2010-03-11,39.64500045776367,39.900001525878906,39.470001220703125,39.900001525878906,1513400
2010-03-12,39.935001373291016,39.935001373291016,39.06999969482422,39.125,1435800
2010-03-15,39.18000030517578,39.459999084472656,38.95500183105469,39.404998779296875,1478600
2010-03-16,39.474998474121094,40.189998626708984,39.209999084472656,40.130001068115234,1991400
2010-03-17,40.154998779296875,40.32500076293945,39.8849983215332,40.290000915527344,2582800
2010-03-18,40.185001373291016,40.220001220703125,39.709999084472656,40.185001373291016,3107600
2010-03-19,40.345001220703125,40.45500183105469,40.060001373291016,40.345001220703125,3850200
2010-03-22,40.20000076293945,40.435001373291016,39.92499923706055,39.95500183105469,2266000
2010-03-23,40.0099983215332,40.26499938964844,39.869998931884766,40.03499984741211,1920000
2010-03-24,40.0,40.0,39.57500076293945,39.599998474121094,1626400
2010-03-25,39.69499969482422,39.94499969482422,39.25,39.69499969482422,3907400
2010-03-26,39.67499923706055,40.2400016784668,39.564998626708984,40.13999938964844,2699200
2010-03-29,40.29999923706055,40.875,40.279998779296875,40.80500030517578,1899200
2010-03-30,40.73500061035156,41.05500030517578,40.619998931884766,41.025001525878906,1928800
2010-03-31,40.779998779296875,40.93000030517578,40.380001068115234,40.67499923706055,1784600
2010-04-01,40.880001068115234,41.32500076293945,40.814998626708984,41.15999984741211,1571200
2010-04-05,41.16999816894531,41.16999816894531,40.040000915527344,40.80500030517578,5495200
2010-04-06,40.69499969482422,42.165000915527344,40.46500015258789,42.03499984741211,4417800
2010-04-07,41.88999938964844,41.959999084472656,40.86000061035156,41.04999923706055,4737800
2010-04-08,40.970001220703125,41.125,40.71500015258789,40.98500061035156,2679000
2010-04-09,40.970001220703125,41.185001373291016,40.540000915527344,41.130001068115234,1747800
2010-04-12,41.29499816894531,41.42499923706055,41.01499938964844,41.10499954223633,1556200
2010-04-13,41.05500030517578,41.05500030517578,40.56999969482422,40.83000183105469,2600600
2010-04-14,40.88999938964844,41.119998931884766,40.505001068115234,40.689998626708984,3000000
2010-04-15,40.744998931884766,40.810001373291016,40.34000015258789,40.529998779296875,2612200
2010-04-16,40.5,40.619998931884766,39.94499969482422,40.095001220703125,2731000
2010-04-19,40.005001068115234,40.310001373291016,39.85499954223633,40.275001525878906,2255800
2010-04-20,40.45500183105469,40.849998474121094,40.369998931884766,40.849998474121094,1967800
2010-04-21,40.79499816894531,41.095001220703125,40.755001068115234,41.0,2931200
2010-04-22,40.82500076293945,41.10499954223633,40.55500030517578,41.040000915527344,2804800
2010-04-23,40.904998779296875,41.14500045776367,40.689998626708984,41.13999938964844,1883600
2010-04-26,41.125,41.279998779296875,40.849998474121094,40.8650016784668,1943200
2010-04-27,40.584999084472656,41.06999969482422,40.09000015258789,40.18000030517578,2107800
2010-04-28,40.43000030517578,40.53499984741211,39.85499954223633,39.974998474121094,3941200
2010-04-29,40.11000061035156,40.57500076293945,39.83000183105469,40.275001525878906,1905800
2010-04-30,40.345001220703125,40.939998626708984,40.125,40.64500045776367,2844600
2010-05-03,40.77000045776367,40.97999954223633,40.54999923706055,40.78499984741211,2303400
2010-05-04,40.5,40.54499816894531,39.630001068115234,39.81999969482422,2102200
2010-05-05,39.61000061035156,39.994998931884766,39.29499816894531,39.595001220703125,2284000
2010-05-06,39.540000915527344,39.665000915527344,36.29999923706055,38.29999923706055,5060800
2010-05-07,38.29999923706055,38.474998474121094,37.39500045776367,37.89500045776367,5554000
2010-05-10,38.75,38.75,37.935001373291016,38.33000183105469,4145000
2010-05-11,38.04499816894531,39.279998779296875,37.88999938964844,38.814998626708984,3217000
2010-05-12,38.7400016784668,39.630001068115234,38.7400016784668,39.48500061035156,2957600
2010-05-13,39.33000183105469,39.88999938964844,38.90999984741211,39.334999084472656,3219200
2010-05-14,39.10499954223633,39.334999084472656,38.57500076293945,38.709999084472656,3020400
2010-05-17,38.78499984741211,38.88999938964844,38.31999969482422,38.73500061035156,3053000
2010-05-18,38.79999923706055,39.04999923706055,38.40999984741211,38.474998474121094,2911600
2010-05-19,38.404998779296875,38.64500045776367,38.185001373291016,38.400001525878906,2519800
2010-05-20,37.70000076293945,38.189998626708984,37.275001525878906,37.369998931884766,2736600
2010-05-21,37.0,37.525001525878906,36.46500015258789,37.29999923706055,4100600
2010-05-24,37.095001220703125,37.56999969482422,36.81999969482422,36.900001525878906,2657800
2010-05-25,36.20000076293945,36.474998474121094,35.63999938964844,36.40999984741211,3511000
2010-05-26,36.685001373291016,36.96500015258789,36.400001525878906,36.584999084472656,3058600
2010-05-27,36.8650016784668,37.90999984741211,36.80500030517578,37.90999984741211,3320000
2010-05-28,38.0099983215332,38.125,37.334999084472656,37.53499984741211,4543400
2010-06-01,37.470001220703125,37.654998779296875,36.564998626708984,36.6150016784668,3503400
2010-06-02,36.810001373291016,37.165000915527344,36.53499984741211,37.1349983215332,3163200
2010-06-03,37.32500076293945,37.470001220703125,37.150001525878906,37.275001525878906,3781400
2010-06-04,36.80500030517578,36.814998626708984,35.869998931884766,35.994998931884766,6258600
2010-06-07,36.119998931884766,36.70500183105469,36.005001068115234,36.17499923706055,3506400
2010-06-08,36.08000183105469,36.505001068115234,35.93000030517578,36.39500045776367,4235800
2010-06-09,36.63999938964844,36.71500015258789,36.025001525878906,36.130001068115234,3564000
2010-06-10,36.54999923706055,36.775001525878906,36.42499923706055,36.709999084472656,3021000
2010-06-11,36.35499954223633,37.25,36.279998779296875,37.19499969482422,3420400
2010-06-14,37.44499969482422,37.869998931884766,37.154998779296875,37.54999923706055,2794000
2010-06-15,37.790000915527344,38.39500045776367,37.67499923706055,38.39500045776367,2266000
2010-06-16,38.154998779296875,39.060001373291016,37.994998931884766,38.7400016784668,3044400
2010-06-17,38.845001220703125,39.040000915527344,38.39500045776367,38.98500061035156,2664400
2010-06-18,39.005001068115234,39.18000030517578,38.84000015258789,39.04999923706055,1864400
2010-06-21,39.290000915527344,39.36000061035156,38.40999984741211,38.689998626708984,2289000
2010-06-22,38.064998626708984,38.314998626708984,37.224998474121094,37.369998931884766,5751400
2010-06-23,37.38999938964844,37.48500061035156,36.619998931884766,36.755001068115234,3069400
2010-06-24,36.689998626708984,37.19499969482422,36.474998474121094,36.54499816894531,2852000
2010-06-25,36.564998626708984,36.98500061035156,36.150001525878906,36.71500015258789,3198400
2010-06-28,36.845001220703125,37.150001525878906,36.6150016784668,36.96500015258789,2036200
2010-06-29,36.599998474121094,36.599998474121094,36.005001068115234,36.220001220703125,2841600
2010-06-30,36.060001373291016,36.45500183105469,35.71500015258789,35.810001373291016,3452000
2010-07-01,35.86000061035156,35.8650016784668,35.17499923706055,35.595001220703125,2756800
2010-07-02,35.66999816894531,35.869998931884766,35.22999954223633,35.349998474121094,2836000
2010-07-06,35.76499938964844,36.2599983215332,35.494998931884766,36.09000015258789,2832000
2010-07-07,36.165000915527344,37.15999984741211,36.14500045776367,37.14500045776367,2681000
2010-07-08,37.439998626708984,37.459999084472656,37.08000183105469,37.31999969482422,3150800
2010-07-09,37.28499984741211,38.125,37.165000915527344,38.05500030517578,4124200
2010-07-12,37.79499816894531,38.244998931884766,37.775001525878906,38.005001068115234,2221400
2010-07-13,38.185001373291016,38.564998626708984,37.939998626708984,38.279998779296875,2560000
2010-07-14,38.099998474121094,38.209999084472656,37.65999984741211,38.09000015258789,2551800
2010-07-15,37.994998931884766,38.625,37.875,38.52000045776367,2546800
2010-07-16,38.380001068115234,38.5,37.8650016784668,37.97999954223633,2517600
2010-07-19,38.31999969482422,38.935001373291016,38.08000183105469,38.81999969482422,3022800
2010-07-20,38.30500030517578,39.04999923706055,38.165000915527344,39.0,2254600
2010-07-21,39.11000061035156,39.185001373291016,38.07500076293945,38.275001525878906,2076200
2010-07-22,38.630001068115234,39.255001068115234,38.525001525878906,39.1349983215332,3262800
2010-07-23,39.060001373291016,39.474998474121094,38.80500030517578,39.14500045776367,2450000
2010-07-26,39.224998474121094,39.5,39.154998779296875,39.40999984741211,2270000
2010-07-27,39.154998779296875,39.93000030517578,38.98500061035156,39.88999938964844,2720800
2010-07-28,39.80500030517578,40.01499938964844,39.6349983215332,39.67499923706055,2530800
2010-07-29,39.89500045776367,40.0,38.959999084472656,39.099998474121094,3123400
2010-07-30,38.779998779296875,39.040000915527344,38.58000183105469,38.755001068115234,2903600
2010-08-02,39.17499923706055,39.89500045776367,39.17499923706055,39.779998779296875,2988000
2010-08-03,39.595001220703125,40.0,38.25,39.59000015258789,1920400
2010-08-04,39.67499923706055,39.83000183105469,39.150001525878906,39.470001220703125,1955200
2010-08-05,39.29499816894531,39.845001220703125,39.099998474121094,39.7400016784668,3603400
2010-08-06,39.314998626708984,39.9900016784668,39.314998626708984,39.875,3298000
2010-08-09,40.0,40.099998474121094,39.75,39.82500076293945,3075000
2010-08-10,39.31999969482422,39.900001525878906,38.93000030517578,39.775001525878906,3142200
2010-08-11,39.29499816894531,39.45500183105469,39.029998779296875,39.290000915527344,2867600
2010-08-12,38.72999954223633,39.189998626708984,38.584999084472656,38.959999084472656,2367800
2010-08-13,38.814998626708984,39.51499938964844,38.7599983215332,39.05500030517578,1882600
2010-08-16,38.88999938964844,39.1150016784668,38.53499984741211,39.08000183105469,3069800
2010-08-17,39.33000183105469,39.915000915527344,39.185001373291016,39.6150016784668,2217400
2010-08-18,39.6349983215332,39.83000183105469,39.16999816894531,39.689998626708984,2586200
2010-08-19,39.54999923706055,39.54999923706055,38.52000045776367,38.93000030517578,2427800
2010-08-20,38.64500045776367,38.8849983215332,38.290000915527344,38.72999954223633,2185600
2010-08-23,39.0099983215332,39.51499938964844,38.89500045776367,39.19499969482422,2200600
2010-08-24,38.845001220703125,39.43000030517578,38.755001068115234,39.084999084472656,2896200
2010-08-25,38.95000076293945,39.224998474121094,38.60499954223633,39.154998779296875,2542200
2010-08-26,39.334999084472656,39.380001068115234,38.72999954223633,38.75,2701800
2010-08-27,38.90999984741211,40.04499816894531,38.79499816894531,39.81999969482422,4937800
2010-08-30,39.775001525878906,39.834999084472656,39.17499923706055,39.17499923706055,2367200
2010-08-31,38.970001220703125,39.6150016784668,38.685001373291016,39.41999816894531,2643800
2010-09-01,39.63999938964844,40.275001525878906,39.625,40.165000915527344,4573800
2010-09-02,40.29499816894531,40.34000015258789,39.790000915527344,39.96500015258789,2134200
2010-09-03,40.20500183105469,40.400001525878906,39.849998474121094,39.98500061035156,3026600
2010-09-07,39.790000915527344,40.130001068115234,39.790000915527344,39.8849983215332,2612800
2010-09-08,40.005001068115234,40.209999084472656,39.72999954223633,39.810001373291016,1974800
2010-09-09,40.17499923706055,40.39500045776367,40.09000015258789,40.15999984741211,2518000
2010-09-10,40.09000015258789,40.21500015258789,39.86000061035156,40.04499816894531,2288200
2010-09-13,40.34000015258789,40.34000015258789,39.69499969482422,39.779998779296875,2806400
2010-09-14,39.13999938964844,39.42499923706055,38.52000045776367,39.06999969482422,4269000
2010-09-15,39.03499984741211,39.275001525878906,38.72999954223633,39.185001373291016,2735600
2010-09-16,39.060001373291016,39.220001220703125,38.775001525878906,38.849998474121094,2928800
2010-09-17,39.08000183105469,39.08000183105469,38.27000045776367,38.34000015258789,5352200
2010-09-20,38.14500045776367,38.54499816894531,38.08000183105469,38.375,4419800
2010-09-21,38.27000045776367,38.400001525878906,38.0099983215332,38.189998626708984,5340600
2010-09-22,38.19499969482422,38.69499969482422,38.19499969482422,38.525001525878906,3843600
2010-09-23,38.20500183105469,38.54999923706055,37.939998626708984,38.20000076293945,4006400
2010-09-24,38.345001220703125,38.744998931884766,38.345001220703125,38.525001525878906,3609400
2010-09-27,38.525001525878906,38.96500015258789,38.349998474121094,38.625,3293200
2010-09-28,38.7599983215332,38.849998474121094,38.29499816894531,38.779998779296875,3294600
2010-09-29,38.71500015258789,38.755001068115234,38.22999954223633,38.619998931884766,2323400
2010-09-30,38.720001220703125,38.869998931884766,38.150001525878906,38.26499938964844,2669800
2010-10-01,38.349998474121094,38.709999084472656,38.255001068115234,38.584999084472656,2491200
2010-10-04,38.584999084472656,38.744998931884766,38.08000183105469,38.33000183105469,2368000
2010-10-05,38.654998779296875,38.95000076293945,38.44499969482422,38.81999969482422,2592200
2010-10-06,38.720001220703125,38.79499816894531,38.22999954223633,38.334999084472656,3793600
2010-10-07,38.51499938964844,38.560001373291016,38.20500183105469,38.220001220703125,2868200
2010-10-08,38.154998779296875,38.36000061035156,37.959999084472656,38.060001373291016,2855800
2010-10-11,38.07500076293945,38.939998626708984,38.05500030517578,38.56999969482422,2886600
2010-10-12,38.470001220703125,38.525001525878906,38.20000076293945,38.404998779296875,2713400
2010-10-13,38.630001068115234,38.810001373291016,38.435001373291016,38.650001525878906,2719200
2010-10-14,38.66999816894531,38.875,38.439998626708984,38.5,2436200
2010-10-15,38.77000045776367,38.845001220703125,38.2599983215332,38.48500061035156,2891400
2010-10-18,38.54499816894531,38.86000061035156,38.51499938964844,38.72999954223633,1404400
2010-10-19,38.3849983215332,38.53499984741211,38.17499923706055,38.26499938964844,2787400
2010-10-20,38.38999938964844,38.814998626708984,38.35499954223633,38.55500030517578,2297600
2010-10-21,38.5,38.685001373291016,37.540000915527344,37.63999938964844,5067800
2010-10-22,37.58000183105469,37.790000915527344,37.25,37.29499816894531,3859800
2010-10-25,37.26499938964844,37.375,36.6349983215332,36.8650016784668,3680400
2010-10-26,36.80500030517578,37.17499923706055,36.63999938964844,37.04999923706055,3370800
2010-10-27,36.82500076293945,36.82500076293945,36.334999084472656,36.630001068115234,4467800
2010-10-28,36.79999923706055,37.10499954223633,36.79999923706055,36.98500061035156,4085000
2010-10-29,36.974998474121094,37.31999969482422,36.83000183105469,37.26499938964844,4324000
2010-11-01,37.685001373291016,38.540000915527344,36.599998474121094,36.915000915527344,6214000
2010-11-02,37.06999969482422,37.415000915527344,37.06999969482422,37.279998779296875,2693000
2010-11-03,37.290000915527344,37.35499954223633,36.89500045776367,37.33000183105469,2412200
2010-11-04,37.59000015258789,37.880001068115234,37.435001373291016,37.70000076293945,4254200
2010-11-05,37.75,37.845001220703125,37.474998474121094,37.70000076293945,2556800
2010-11-08,37.505001068115234,37.6150016784668,37.31999969482422,37.60499954223633,2506000
2010-11-09,37.25,37.3650016784668,36.86000061035156,36.91999816894531,3622400
2010-11-10,36.85499954223633,36.880001068115234,36.30500030517578,36.65999984741211,3429200
2010-11-11,36.45500183105469,36.849998474121094,36.45500183105469,36.70500183105469,3902200
2010-11-12,36.529998779296875,36.59000015258789,36.08000183105469,36.130001068115234,2537600
2010-11-15,36.20000076293945,36.42499923706055,36.189998626708984,36.275001525878906,2373400
2010-11-16,36.04999923706055,36.32500076293945,35.81999969482422,35.994998931884766,2876600
2010-11-17,35.85499954223633,36.5,35.85499954223633,36.32500076293945,4948400
2010-11-18,36.625,36.724998474121094,36.375,36.595001220703125,3345800
2010-11-19,36.505001068115234,37.095001220703125,36.22999954223633,36.869998931884766,5223200
2010-11-22,36.63999938964844,36.775001525878906,36.28499984741211,36.709999084472656,3652000
2010-11-23,36.48500061035156,36.48500061035156,35.900001525878906,36.17499923706055,3116800
2010-11-24,36.2599983215332,36.42499923706055,36.125,36.244998931884766,2275400
2010-11-26,35.904998779296875,36.39500045776367,35.875,36.15999984741211,832600
2010-11-29,36.01499938964844,36.025001525878906,35.61000061035156,35.974998474121094,1897600
2010-11-30,35.83000183105469,35.869998931884766,35.560001373291016,35.619998931884766,4612400
2010-12-01,35.97999954223633,36.10499954223633,35.685001373291016,35.92499923706055,4107600
2010-12-02,35.974998474121094,36.275001525878906,35.88999938964844,36.17499923706055,3819400
2010-12-03,36.05500030517578,36.349998474121094,35.994998931884766,36.19499969482422,3488800
2010-12-06,36.154998779296875,36.15999984741211,35.64500045776367,35.665000915527344,2581800
2010-12-07,35.880001068115234,35.95000076293945,35.16999816894531,35.20500183105469,5070400
2010-12-08,35.08000183105469,35.2599983215332,34.68000030517578,34.71500015258789,7364600
2010-12-09,34.744998931884766,34.95500183105469,34.32500076293945,34.90999984741211,3887600
2010-12-10,34.93000030517578,35.29999923706055,34.82500076293945,35.185001373291016,2813800
2010-12-13,35.334999084472656,35.494998931884766,35.209999084472656,35.334999084472656,3396600
2010-12-14,35.275001525878906,35.525001525878906,35.099998474121094,35.35499954223633,2629400
2010-12-15,35.255001068115234,35.36000061035156,35.11000061035156,35.14500045776367,3116400
2010-12-16,35.150001525878906,35.32500076293945,35.02000045776367,35.209999084472656,2509800
2010-12-17,35.0,35.255001068115234,34.8650016784668,35.255001068115234,9028000
2010-12-20,35.255001068115234,35.47999954223633,35.099998474121094,35.39500045776367,1561000
2010-12-21,35.43000030517578,35.5,35.05500030517578,35.255001068115234,3288400
2010-12-22,35.23500061035156,35.959999084472656,35.23500061035156,35.78499984741211,2514200
2010-12-23,35.78499984741211,35.86000061035156,35.665000915527344,35.775001525878906,1689600
2010-12-27,35.75,35.810001373291016,35.5099983215332,35.720001220703125,1092600
2010-12-28,35.709999084472656,35.78499984741211,35.470001220703125,35.75,1054200
2010-12-29,35.775001525878906,35.78499984741211,35.53499984741211,35.540000915527344,1303800
2010-12-30,35.505001068115234,35.625,35.244998931884766,35.400001525878906,1696600
2010-12-31,35.34000015258789,35.54999923706055,35.31999969482422,35.415000915527344,1217400
2011-01-03,35.8650016784668,36.095001220703125,35.71500015258789,35.98500061035156,2896000
2011-01-04,36.06999969482422,36.61000061035156,35.790000915527344,36.55500030517578,3589200
2011-01-05,36.119998931884766,36.33000183105469,36.0,36.26499938964844,4329600
2011-01-06,36.125,36.21500015258789,35.904998779296875,36.025001525878906,3076400
2011-01-07,36.1150016784668,36.224998474121094,35.88999938964844,36.17499923706055,2946400
2011-01-10,36.1349983215332,36.380001068115234,36.0,36.314998626708984,2511600
2011-01-11,36.36000061035156,36.51499938964844,36.05500030517578,36.095001220703125,2220600
2011-01-12,36.28499984741211,36.38999938964844,36.10499954223633,36.349998474121094,1826400
2011-01-13,36.38999938964844,36.46500015258789,36.18000030517578,36.3849983215332,1620000
2011-01-14,36.380001068115234,36.6150016784668,36.26499938964844,36.55500030517578,1422200
2011-01-18,36.29999923706055,36.5,36.16999816894531,36.334999084472656,2239400
2011-01-19,36.30500030517578,36.584999084472656,36.209999084472656,36.279998779296875,2035000
2011-01-20,36.310001373291016,36.875,36.310001373291016,36.6150016784668,2148800
2011-01-21,36.83000183105469,36.83000183105469,36.165000915527344,36.52000045776367,2269000
2011-01-24,36.56999969482422,37.25,36.560001373291016,36.8849983215332,3078800
2011-01-25,36.755001068115234,36.90999984741211,36.6349983215332,36.75,2638800
2011-01-26,36.80500030517578,36.8650016784668,36.36000061035156,36.564998626708984,1754600
2011-01-27,36.564998626708984,36.63999938964844,36.15999984741211,36.39500045776367,2070400
2011-01-28,36.36000061035156,36.53499984741211,36.0,36.03499984741211,1920000
2011-01-31,36.11000061035156,36.23500061035156,35.98500061035156,36.084999084472656,2927000
2011-02-01,36.275001525878906,36.94499969482422,36.26499938964844,36.93000030517578,3008600
2011-02-02,36.7599983215332,36.845001220703125,36.619998931884766,36.665000915527344,1950200
2011-02-03,36.689998626708984,36.744998931884766,36.47999954223633,36.60499954223633,2212400
2011-02-04,36.650001525878906,36.68000030517578,36.189998626708984,36.625,1946200
2011-02-07,36.720001220703125,36.97999954223633,36.65999984741211,36.95500183105469,2818400
2011-02-08,36.625,36.625,36.209999084472656,36.349998474121094,2178200
2011-02-09,36.029998779296875,36.314998626708984,36.029998779296875,36.310001373291016,1628000
2011-02-10,36.18000030517578,36.30500030517578,36.09000015258789,36.244998931884766,1683800
2011-02-11,36.05500030517578,36.23500061035156,36.0,36.05500030517578,2057000
2011-02-14,36.084999084472656,36.084999084472656,35.56999969482422,35.68000030517578,3338200
2011-02-15,35.630001068115234,35.97999954223633,35.525001525878906,35.915000915527344,1732200
2011-02-16,35.959999084472656,36.03499984741211,35.525001525878906,35.68000030517578,1382800
2011-02-17,35.61000061035156,36.0,35.60499954223633,35.904998779296875,1614800
2011-02-18,35.779998779296875,35.939998626708984,35.75,35.85499954223633,1361200
2011-02-22,35.625,35.834999084472656,35.560001373291016,35.72999954223633,1572200
2011-02-23,35.7400016784668,35.834999084472656,35.52000045776367,35.54499816894531,1819000
2011-02-24,35.60499954223633,35.63999938964844,35.30500030517578,35.404998779296875,2434600
2011-02-25,35.58000183105469,35.61000061035156,35.28499984741211,35.46500015258789,1495400
2011-02-28,35.525001525878906,35.915000915527344,35.5,35.599998474121094,3419000
2011-03-01,35.709999084472656,35.880001068115234,35.42499923706055,35.439998626708984,2551800
2011-03-02,35.5,35.744998931884766,35.349998474121094,35.57500076293945,2486600
2011-03-03,35.77000045776367,36.48500061035156,35.75,36.290000915527344,2948000
2011-03-04,36.31999969482422,36.45500183105469,35.81999969482422,36.125,2038800
2011-03-07,36.27000045776367,36.689998626708984,36.165000915527344,36.470001220703125,2787600
2011-03-08,36.48500061035156,36.77000045776367,36.189998626708984,36.650001525878906,2915800
2011-03-09,36.65999984741211,37.130001068115234,36.60499954223633,37.09000015258789,1851200
2011-03-10,36.779998779296875,37.095001220703125,36.61000061035156,36.814998626708984,2873400
2011-03-11,36.79499816894531,37.02000045776367,36.72999954223633,36.845001220703125,1819600
2011-03-14,35.494998931884766,35.974998474121094,34.65999984741211,35.04499816894531,9807800
2011-03-15,34.45500183105469,34.654998779296875,34.04499816894531,34.244998931884766,6610800
2011-03-16,34.20000076293945,34.23500061035156,33.154998779296875,33.32500076293945,5548800
2011-03-17,33.439998626708984,33.5,32.36000061035156,32.73500061035156,7485200
2011-03-18,32.959999084472656,33.0099983215332,32.625,32.81999969482422,6671800
2011-03-21,33.20000076293945,33.20000076293945,32.755001068115234,32.845001220703125,4366800
2011-03-22,32.92499923706055,33.584999084472656,32.80500030517578,33.45000076293945,5030000
2011-03-23,33.375,33.599998474121094,33.18000030517578,33.470001220703125,2201000
2011-03-24,33.630001068115234,33.81999969482422,33.45000076293945,33.5,2327600
2011-03-25,33.51499938964844,33.57500076293945,33.21500015258789,33.30500030517578,2424400
2011-03-28,33.45000076293945,33.56999969482422,33.279998779296875,33.29999923706055,2029800
2011-03-29,33.32500076293945,33.76499938964844,33.279998779296875,33.665000915527344,2286400
2011-03-30,33.73500061035156,34.255001068115234,33.73500061035156,34.0,2815400
2011-03-31,34.0,34.290000915527344,33.51499938964844,33.60499954223633,3528000
2011-04-01,33.845001220703125,33.89500045776367,33.599998474121094,33.81999969482422,2438400
2011-04-04,33.935001373291016,33.94499969482422,33.56999969482422,33.66999816894531,2350600
2011-04-05,33.65999984741211,33.685001373291016,33.310001373291016,33.369998931884766,4012600
2011-04-06,33.42499923706055,33.845001220703125,33.42499923706055,33.61000061035156,3475800
2011-04-07,33.58000183105469,33.599998474121094,33.314998626708984,33.32500076293945,2522200
2011-04-08,33.43000030517578,33.58000183105469,33.040000915527344,33.150001525878906,3735600
2011-04-11,33.154998779296875,33.20000076293945,32.61000061035156,32.720001220703125,6382600
2011-04-12,32.685001373291016,32.849998474121094,32.595001220703125,32.68000030517578,4207600
2011-04-13,32.849998474121094,32.97999954223633,32.68000030517578,32.76499938964844,3802600
2011-04-14,32.63999938964844,32.96500015258789,32.57500076293945,32.880001068115234,2842800
2011-04-15,32.875,33.42499923706055,32.849998474121094,33.2599983215332,3258600
2011-04-18,33.13999938964844,33.189998626708984,32.82500076293945,32.98500061035156,2782600
2011-04-19,33.095001220703125,33.57500076293945,32.904998779296875,33.564998626708984,3973000
2011-04-20,33.80500030517578,34.125,33.7400016784668,33.849998474121094,3406800
2011-04-21,33.92499923706055,34.04499816894531,33.70500183105469,34.029998779296875,1999000
2011-04-25,34.03499984741211,34.47999954223633,33.994998931884766,34.32500076293945,2828400
2011-04-26,34.529998779296875,34.7599983215332,34.349998474121094,34.58000183105469,3600000
2011-04-27,34.68000030517578,34.900001525878906,34.54999923706055,34.81999969482422,3162200
2011-04-28,34.69499969482422,35.0,34.40999984741211,34.9900016784668,4084600
2011-04-29,35.025001525878906,35.20000076293945,34.5,34.86000061035156,2946600
2011-05-02,34.875,34.93000030517578,34.375,34.599998474121094,3825800
2011-05-03,34.60499954223633,34.91999816894531,34.34000015258789,34.7599983215332,3139000
2011-05-04,34.720001220703125,34.810001373291016,34.42499923706055,34.650001525878906,2586600
2011-05-05,34.564998626708984,34.65999984741211,34.25,34.349998474121094,2837400
2011-05-06,34.65999984741211,34.90999984741211,34.54499816894531,34.665000915527344,2948400
2011-05-09,34.685001373291016,34.72999954223633,34.275001525878906,34.5099983215332,2501200
2011-05-10,34.185001373291016,34.71500015258789,34.1150016784668,34.54999923706055,2651400
2011-05-11,34.564998626708984,34.625,34.34000015258789,34.470001220703125,3131200
2011-05-12,34.310001373291016,34.939998626708984,34.310001373291016,34.88999938964844,2620600
2011-05-13,34.935001373291016,34.970001220703125,34.415000915527344,34.494998931884766,2498600
2011-05-16,34.494998931884766,34.665000915527344,34.33000183105469,34.44499969482422,3621000
2011-05-17,34.435001373291016,34.64500045776367,34.36000061035156,34.494998931884766,1873600
2011-05-18,34.494998931884766,34.56999969482422,34.255001068115234,34.41999816894531,1823600
2011-05-19,34.61000061035156,34.61000061035156,34.375,34.595001220703125,2142400
2011-05-20,34.529998779296875,34.67499923706055,34.3650016784668,34.52000045776367,1820400
2011-05-23,34.20500183105469,34.35499954223633,33.72999954223633,33.75,3415600
2011-05-24,33.8849983215332,33.90999984741211,33.60499954223633,33.6150016784668,4158000
2011-05-25,33.599998474121094,33.630001068115234,33.21500015258789,33.349998474121094,3830200
2011-05-26,33.2400016784668,33.654998779296875,33.220001220703125,33.61000061035156,2469600
2011-05-27,34.20000076293945,34.4900016784668,33.775001525878906,33.8849983215332,3729800
2011-05-31,33.994998931884766,34.084999084472656,33.86000061035156,34.07500076293945,2329400
2011-06-01,34.040000915527344,34.060001373291016,33.685001373291016,33.689998626708984,2362400
2011-06-02,33.76499938964844,33.77000045776367,33.290000915527344,33.625,2634200
2011-06-03,33.29999923706055,33.560001373291016,33.255001068115234,33.30500030517578,2575400
2011-06-06,33.30500030517578,33.35499954223633,33.09000015258789,33.220001220703125,1735400
2011-06-07,33.3650016784668,33.689998626708984,33.2599983215332,33.564998626708984,2752000
2011-06-08,33.584999084472656,33.755001068115234,33.459999084472656,33.66999816894531,3050800
2011-06-09,33.70000076293945,34.11000061035156,33.560001373291016,33.939998626708984,2349000
2011-06-10,33.80500030517578,34.025001525878906,33.7400016784668,33.8849983215332,3012400
2011-06-13,33.974998474121094,34.5099983215332,33.904998779296875,34.41999816894531,3411400
2011-06-14,34.720001220703125,35.025001525878906,34.470001220703125,34.685001373291016,4367600
2011-06-15,34.474998474121094,34.845001220703125,34.095001220703125,34.15999984741211,3386800
2011-06-16,34.2599983215332,34.54999923706055,34.20000076293945,34.30500030517578,3287000
2011-06-17,34.51499938964844,34.869998931884766,34.459999084472656,34.67499923706055,2782000
2011-06-20,34.650001525878906,34.85499954223633,34.400001525878906,34.70000076293945,2317000
2011-06-21,34.86000061035156,34.8650016784668,34.564998626708984,34.69499969482422,2036600
2011-06-22,34.5,34.654998779296875,34.369998931884766,34.39500045776367,2484600
2011-06-23,34.154998779296875,34.23500061035156,33.89500045776367,34.11000061035156,2658400
2011-06-24,34.220001220703125,34.51499938964844,33.9900016784668,34.084999084472656,6120000
2011-06-27,34.220001220703125,34.70500183105469,34.14500045776367,34.619998931884766,2786600
2011-06-28,34.65999984741211,34.75,34.474998474121094,34.58000183105469,2121200
2011-06-29,34.67499923706055,34.67499923706055,34.064998626708984,34.14500045776367,4807400
2011-06-30,34.20000076293945,34.20000076293945,33.970001220703125,34.13999938964844,3676600
2011-07-01,34.20000076293945,34.220001220703125,34.04499816894531,34.189998626708984,4353400
2011-07-05,34.060001373291016,34.08000183105469,33.54999923706055,33.665000915527344,4388800
2011-07-06,33.665000915527344,34.29999923706055,33.5099983215332,33.724998474121094,4457000
2011-07-07,33.915000915527344,34.025001525878906,33.560001373291016,34.005001068115234,3451600
2011-07-08,33.845001220703125,34.13999938964844,33.810001373291016,33.970001220703125,3091600
2011-07-11,33.709999084472656,33.78499984741211,33.45000076293945,33.64500045776367,2260600
2011-07-12,33.525001525878906,33.790000915527344,33.45000076293945,33.66999816894531,3013200
2011-07-13,33.7599983215332,33.85499954223633,33.564998626708984,33.66999816894531,2582800
2011-07-14,33.78499984741211,34.07500076293945,33.64500045776367,33.7400016784668,2873400
2011-07-15,33.7599983215332,33.98500061035156,33.42499923706055,33.66999816894531,2329600
2011-07-18,33.67499923706055,33.974998474121094,33.415000915527344,33.61000061035156,3367000
2011-07-19,33.25,33.630001068115234,33.099998474121094,33.39500045776367,4641200
2011-07-20,33.525001525878906,33.88999938964844,33.33000183105469,33.71500015258789,2656400
2011-07-21,33.8650016784668,34.56999969482422,33.790000915527344,34.494998931884766,3669600
2011-07-22,34.529998779296875,34.53499984741211,34.099998474121094,34.154998779296875,2799800
2011-07-25,33.95000076293945,34.47999954223633,33.95000076293945,34.38999938964844,2342000
2011-07-26,34.39500045776367,34.459999084472656,34.17499923706055,34.255001068115234,2284800
2011-07-27,34.19499969482422,34.375,34.04999923706055,34.06999969482422,2308800
2011-07-28,34.0,34.064998626708984,33.584999084472656,33.6349983215332,7165200
2011-07-29,33.46500015258789,33.54499816894531,33.27000045776367,33.400001525878906,8686000
2011-08-01,33.619998931884766,33.689998626708984,33.1150016784668,33.20500183105469,7262600
2011-08-02,33.07500076293945,33.20500183105469,32.595001220703125,32.625,6459800
2011-08-03,32.625,32.63999938964844,32.119998931884766,32.53499984741211,3574400
2011-08-04,32.20000076293945,32.29999923706055,31.270000457763672,31.274999618530273,5094600
2011-08-05,31.520000457763672,31.6299991607666,30.7549991607666,31.420000076293945,5482800
2011-08-08,31.010000228881836,31.19499969482422,29.65999984741211,29.78499984741211,6262200
2011-08-09,29.815000534057617,30.655000686645508,28.799999237060547,30.604999542236328,7004200
2011-08-10,30.280000686645508,30.975000381469727,29.614999771118164,30.104999542236328,7031600
2011-08-11,30.155000686645508,31.364999771118164,30.05500030517578,31.094999313354492,4027200
2011-08-12,31.299999237060547,31.5,30.594999313354492,30.774999618530273,2741000
2011-08-15,30.905000686645508,31.80500030517578,30.899999618530273,31.790000915527344,2736000
2011-08-16,31.514999389648438,31.7450008392334,31.30500030517578,31.579999923706055,1953600
2011-08-17,31.725000381469727,32.23500061035156,31.670000076293945,31.790000915527344,2136400
2011-08-18,31.18000030517578,31.420000076293945,30.764999389648438,31.239999771118164,3964800
2011-08-19,30.8799991607666,31.309999465942383,30.829999923706055,30.940000534057617,3191800
2011-08-22,31.34000015258789,31.5,30.690000534057617,30.815000534057617,2790600
2011-08-23,30.969999313354492,31.479999542236328,30.540000915527344,31.18000030517578,6857800
2011-08-24,31.174999237060547,32.119998931884766,31.045000076293945,31.969999313354492,3381200
2011-08-25,32.04999923706055,32.08000183105469,31.260000228881836,31.43000030517578,2454200
2011-08-26,31.2450008392334,31.3700008392334,30.584999084472656,31.21500015258789,2183800
2011-08-29,31.610000610351562,32.345001220703125,31.610000610351562,32.314998626708984,2971600
2011-08-30,32.25,32.44499969482422,32.06999969482422,32.29499816894531,1777400
2011-08-31,32.3849983215332,32.720001220703125,32.29499816894531,32.60499954223633,2865400
2011-09-01,32.70000076293945,32.970001220703125,32.42499923706055,32.470001220703125,3045000
2011-09-02,32.095001220703125,32.130001068115234,31.770000457763672,31.809999465942383,2472600
2011-09-06,31.299999237060547,31.540000915527344,30.860000610351562,31.5049991607666,2274200
2011-09-07,31.854999542236328,32.029998779296875,31.665000915527344,31.985000610351562,1706600
2011-09-08,31.80500030517578,32.2400016784668,31.69499969482422,31.895000457763672,2372000
2011-09-09,31.69499969482422,31.704999923706055,31.010000228881836,31.149999618530273,2718200
2011-09-12,30.920000076293945,31.485000610351562,30.809999465942383,31.450000762939453,2358400
2011-09-13,31.479999542236328,31.815000534057617,31.264999389648438,31.770000457763672,3031800
2011-09-14,31.80500030517578,32.03499984741211,31.510000228881836,31.78499984741211,3459400
2011-09-15,31.93000030517578,32.459999084472656,31.809999465942383,32.290000915527344,2630800
2011-09-16,32.400001525878906,32.994998931884766,32.375,32.79999923706055,3915000
2011-09-19,32.40999984741211,32.76499938964844,32.334999084472656,32.6349983215332,2173000
2011-09-20,32.75,33.845001220703125,32.72999954223633,33.22999954223633,3654800
2011-09-21,33.165000915527344,33.375,32.54999923706055,32.59000015258789,2845000
2011-09-22,31.9950008392334,32.244998931884766,31.65999984741211,32.1150016784668,3678800
2011-09-23,32.099998474121094,32.94499969482422,32.0099983215332,32.6349983215332,3683600
2011-09-26,33.005001068115234,33.30500030517578,32.654998779296875,33.26499938964844,2776200
2011-09-27,33.75,33.95000076293945,33.2599983215332,33.404998779296875,3947000
2011-09-28,33.439998626708984,33.685001373291016,32.935001373291016,33.0,2996600
2011-09-29,33.52000045776367,33.63999938964844,33.125,33.5099983215332,6003800
2011-09-30,33.310001373291016,33.650001525878906,33.1150016784668,33.14500045776367,3096800
2011-10-03,33.029998779296875,33.41999816894531,32.255001068115234,32.279998779296875,2829000
2011-10-04,32.064998626708984,32.20000076293945,31.329999923706055,32.189998626708984,2781600
2011-10-05,32.290000915527344,32.349998474121094,31.780000686645508,32.209999084472656,2298200
2011-10-06,32.189998626708984,32.36000061035156,31.975000381469727,32.345001220703125,2360800
2011-10-07,32.474998474121094,32.935001373291016,32.29999923706055,32.689998626708984,3078400
2011-10-10,33.060001373291016,33.35499954223633,33.03499984741211,33.35499954223633,2054000
2011-10-11,33.31999969482422,33.31999969482422,32.814998626708984,32.86000061035156,2850000
2011-10-12,32.970001220703125,33.125,32.790000915527344,32.9900016784668,3430400
2011-10-13,32.82500076293945,33.154998779296875,32.75,33.1150016784668,2693800
2011-10-14,33.32500076293945,33.400001525878906,33.099998474121094,33.345001220703125,2256200
2011-10-17,33.334999084472656,33.42499923706055,33.03499984741211,33.04999923706055,1642200
2011-10-18,33.11000061035156,33.58000183105469,32.834999084472656,33.400001525878906,2811200
2011-10-19,33.44499969482422,33.970001220703125,33.44499969482422,33.494998931884766,2241400
2011-10-20,33.54999923706055,33.875,33.43000030517578,33.7599983215332,2489400
2011-10-21,34.029998779296875,34.25,33.974998474121094,34.2400016784668,2035600
2011-10-24,34.244998931884766,34.41999816894531,34.025001525878906,34.41999816894531,2411000
2011-10-25,33.994998931884766,34.404998779296875,33.994998931884766,34.1349983215332,2527200
2011-10-26,34.47999954223633,34.60499954223633,34.189998626708984,34.45500183105469,2546600
2011-10-27,34.96500015258789,35.08000183105469,34.70500183105469,34.84000015258789,3752600
2011-10-28,34.8849983215332,34.8849983215332,34.44499969482422,34.505001068115234,3074600
2011-10-31,34.2599983215332,34.834999084472656,34.2599983215332,34.584999084472656,3947800
2011-11-01,34.099998474121094,35.0,33.82500076293945,33.95500183105469,4273600
2011-11-02,34.41999816894531,34.72999954223633,34.27000045776367,34.39500045776367,2678000
2011-11-03,34.564998626708984,34.83000183105469,34.314998626708984,34.779998779296875,9269200
2011-11-04,34.560001373291016,34.779998779296875,34.375,34.72999954223633,9235400
2011-11-07,34.45000076293945,34.709999084472656,34.209999084472656,34.709999084472656,4195800
2011-11-08,34.150001525878906,34.44499969482422,34.01499938964844,34.44499969482422,3420400
2011-11-09,33.96500015258789,34.31999969482422,33.85499954223633,34.005001068115234,3634400
2011-11-10,34.31999969482422,34.66999816894531,34.084999084472656,34.5099983215332,3911200
2011-11-11,34.654998779296875,35.06999969482422,34.654998779296875,34.974998474121094,3225800
2011-11-14,34.92499923706055,35.02000045776367,34.47999954223633,34.5,6436000
2011-11-15,34.48500061035156,35.029998779296875,34.48500061035156,34.974998474121094,4277600
2011-11-16,34.685001373291016,35.064998626708984,34.54499816894531,34.685001373291016,3476400
2011-11-17,34.709999084472656,34.709999084472656,33.904998779296875,34.185001373291016,3296000
2011-11-18,34.40999984741211,34.54999923706055,34.185001373291016,34.3849983215332,3038600
2011-11-21,34.209999084472656,34.30500030517578,33.78499984741211,34.150001525878906,2697400
2011-11-22,34.119998931884766,34.209999084472656,33.654998779296875,33.68000030517578,2216800
2011-11-23,33.55500030517578,33.6150016784668,33.099998474121094,33.150001525878906,1617400
2011-11-25,33.244998931884766,33.60499954223633,33.20000076293945,33.27000045776367,828400
2011-11-28,34.0099983215332,34.130001068115234,33.435001373291016,33.59000015258789,2005000
2011-11-29,33.7599983215332,34.13999938964844,33.709999084472656,33.974998474121094,1437000
2011-11-30,34.625,35.189998626708984,34.52000045776367,35.18000030517578,3858400
2011-12-01,35.15999984741211,35.45500183105469,35.0,35.26499938964844,2856000
2011-12-02,35.5,35.5,34.77000045776367,34.81999969482422,3097800
2011-12-05,36.380001068115234,37.0,35.88999938964844,36.19499969482422,8567400
2011-12-06,36.334999084472656,36.435001373291016,35.70500183105469,35.970001220703125,4039200
2011-12-07,35.89500045776367,36.275001525878906,35.75,36.064998626708984,2528600
2011-12-08,35.9900016784668,35.994998931884766,35.22999954223633,35.30500030517578,2785800
2011-12-09,35.43000030517578,35.70500183105469,35.404998779296875,35.6349983215332,1974200
2011-12-12,35.5099983215332,35.78499984741211,35.154998779296875,35.40999984741211,1992200
2011-12-13,35.53499984741211,35.98500061035156,35.39500045776367,35.505001068115234,2580200
2011-12-14,35.51499938964844,35.595001220703125,35.220001220703125,35.29999923706055,2081200
2011-12-15,35.54499816894531,35.93000030517578,35.474998474121094,35.790000915527344,2417200
2011-12-16,35.92499923706055,36.005001068115234,35.625,35.81999969482422,4131000
2011-12-19,35.810001373291016,36.0,35.3849983215332,35.494998931884766,1970800
2011-12-20,35.880001068115234,36.150001525878906,35.81999969482422,35.9900016784668,2383800
2011-12-21,35.904998779296875,36.45500183105469,35.904998779296875,36.380001068115234,2812800
2011-12-22,36.439998626708984,36.560001373291016,36.31999969482422,36.439998626708984,1876800
2011-12-23,36.57500076293945,36.814998626708984,36.38999938964844,36.56999969482422,1207400
2011-12-27,36.5,36.875,36.5,36.79499816894531,1174800
2011-12-28,36.7599983215332,36.875,36.52000045776367,36.56999969482422,1084200
2011-12-29,36.70000076293945,36.900001525878906,36.584999084472656,36.82500076293945,965400
2011-12-30,36.880001068115234,36.900001525878906,36.52000045776367,36.525001525878906,1572800
2012-01-03,36.82500076293945,36.83000183105469,36.029998779296875,36.2599983215332,3611600
2012-01-04,36.244998931884766,36.28499984741211,35.834999084472656,35.95000076293945,1954400
2012-01-05,35.959999084472656,36.07500076293945,35.6349983215332,35.95000076293945,2000000
2012-01-06,36.0,36.04499816894531,35.650001525878906,35.75,1590800
2012-01-09,35.880001068115234,35.8849983215332,35.665000915527344,35.79499816894531,1559600
2012-01-10,36.04499816894531,36.2599983215332,35.689998626708984,36.0,1646000
2012-01-11,35.810001373291016,35.98500061035156,35.59000015258789,35.79999923706055,1582600
2012-01-12,35.875,35.91999816894531,35.61000061035156,35.71500015258789,1726000
2012-01-13,35.599998474121094,35.709999084472656,35.375,35.55500030517578,1868000
2012-01-17,35.8849983215332,36.05500030517578,35.349998474121094,35.45000076293945,2508200
2012-01-18,35.375,35.689998626708984,35.1349983215332,35.619998931884766,2770800
2012-01-19,35.564998626708984,35.665000915527344,35.17499923706055,35.33000183105469,2722800
2012-01-20,35.470001220703125,35.6349983215332,34.654998779296875,34.96500015258789,4693000
2012-01-23,35.439998626708984,35.439998626708984,34.8650016784668,35.349998474121094,3440600
2012-01-24,35.095001220703125,35.095001220703125,34.51499938964844,34.72999954223633,2959600
2012-01-25,34.5099983215332,35.529998779296875,34.334999084472656,35.44499969482422,2313000
2012-01-26,35.53499984741211,36.040000915527344,35.44499969482422,35.650001525878906,2598200
2012-01-27,35.505001068115234,35.584999084472656,35.2400016784668,35.310001373291016,1558200
2012-01-30,35.08000183105469,35.2599983215332,34.91999816894531,35.21500015258789,6254800
2012-01-31,34.904998779296875,35.314998626708984,34.11000061035156,34.689998626708984,4543600
2012-02-01,34.77000045776367,34.9900016784668,34.625,34.69499969482422,2688600
2012-02-02,34.689998626708984,34.880001068115234,34.56999969482422,34.68000030517578,2173400
2012-02-03,34.875,34.96500015258789,34.32500076293945,34.52000045776367,2227000
2012-02-06,34.564998626708984,34.564998626708984,34.15999984741211,34.380001068115234,3323600
2012-02-07,33.89500045776367,34.32500076293945,33.79999923706055,34.189998626708984,3605200
2012-02-08,34.060001373291016,34.14500045776367,33.904998779296875,34.029998779296875,2363400
2012-02-09,34.005001068115234,34.150001525878906,33.81999969482422,34.11000061035156,2895400
2012-02-10,33.93000030517578,34.029998779296875,33.755001068115234,33.900001525878906,2148000
2012-02-13,34.0,34.064998626708984,33.654998779296875,33.69499969482422,2376400
2012-02-14,33.60499954223633,34.029998779296875,33.595001220703125,33.869998931884766,1930800
2012-02-15,33.970001220703125,33.97999954223633,33.59000015258789,33.685001373291016,1737200
2012-02-16,33.7599983215332,34.42499923706055,33.7400016784668,34.14500045776367,2561600
2012-02-17,34.1349983215332,34.23500061035156,33.814998626708984,33.88999938964844,1788400
2012-02-21,34.04499816894531,34.04499816894531,33.654998779296875,33.7400016784668,1539200
2012-02-22,33.939998626708984,33.939998626708984,33.61000061035156,33.744998931884766,1718200
2012-02-23,33.790000915527344,33.86000061035156,33.52000045776367,33.57500076293945,1852200
2012-02-24,33.57500076293945,33.76499938964844,33.505001068115234,33.56999969482422,1764600
2012-02-27,33.5099983215332,33.69499969482422,33.380001068115234,33.540000915527344,1532800
2012-02-28,33.599998474121094,33.72999954223633,33.36000061035156,33.45500183105469,1904000
2012-02-29,33.494998931884766,33.52000045776367,33.189998626708984,33.314998626708984,2317400
2012-03-01,33.584999084472656,33.790000915527344,33.33000183105469,33.63999938964844,2630200
2012-03-02,33.599998474121094,33.79499816894531,33.35499954223633,33.564998626708984,1682200
2012-03-05,33.5,33.63999938964844,33.314998626708984,33.560001373291016,1099200
2012-03-06,33.38999938964844,33.54499816894531,33.150001525878906,33.380001068115234,1679200
2012-03-07,33.3650016784668,33.45500183105469,33.1150016784668,33.415000915527344,1337400
2012-03-08,33.57500076293945,33.744998931884766,33.48500061035156,33.654998779296875,1373000
2012-03-09,33.66999816894531,34.099998474121094,33.560001373291016,33.935001373291016,1665400
2012-03-12,33.900001525878906,34.310001373291016,33.900001525878906,34.17499923706055,1645200
2012-03-13,34.279998779296875,34.28499984741211,33.970001220703125,34.25,1480200
2012-03-14,34.314998626708984,34.41999816894531,33.814998626708984,33.900001525878906,1968600
2012-03-15,33.86000061035156,34.0099983215332,33.6349983215332,33.974998474121094,1527600
2012-03-16,33.95500183105469,34.060001373291016,33.834999084472656,33.935001373291016,3905400
2012-03-19,33.96500015258789,34.15999984741211,33.6150016784668,33.665000915527344,2030800
2012-03-20,33.53499984741211,33.790000915527344,33.5,33.619998931884766,1960000
2012-03-21,33.6150016784668,33.720001220703125,33.400001525878906,33.44499969482422,1407600
2012-03-22,33.33000183105469,33.51499938964844,33.22999954223633,33.3650016784668,2282400
2012-03-23,33.45500183105469,33.54999923706055,33.3849983215332,33.415000915527344,1409200
2012-03-26,33.55500030517578,33.790000915527344,33.470001220703125,33.76499938964844,2519400
2012-03-27,33.814998626708984,33.98500061035156,33.630001068115234,33.81999969482422,2006800
2012-03-28,33.724998474121094,33.84000015258789,33.27000045776367,33.36000061035156,2378200
2012-03-29,33.2400016784668,33.529998779296875,33.16999816894531,33.46500015258789,2011400
2012-03-30,33.54499816894531,33.70500183105469,33.435001373291016,33.599998474121094,2913600
2012-04-02,33.6150016784668,34.064998626708984,33.564998626708984,33.744998931884766,3644200
2012-04-03,33.775001525878906,33.81999969482422,33.27000045776367,33.470001220703125,3594600
2012-04-04,33.334999084472656,33.70000076293945,33.28499984741211,33.54999923706055,2692800
2012-04-05,33.5099983215332,33.5099983215332,33.07500076293945,33.189998626708984,1718600
2012-04-09,32.88999938964844,33.150001525878906,32.88999938964844,33.03499984741211,1749600
2012-04-10,32.96500015258789,32.96500015258789,32.45500183105469,32.47999954223633,3465600
2012-04-11,32.61000061035156,32.76499938964844,32.5,32.70500183105469,3435400
2012-04-12,32.80500030517578,33.10499954223633,32.654998779296875,33.08000183105469,2723200
2012-04-13,33.064998626708984,33.255001068115234,32.73500061035156,32.75,2606800
2012-04-16,32.834999084472656,33.18000030517578,32.80500030517578,33.04999923706055,3906400
2012-04-17,33.21500015258789,33.29499816894531,32.875,33.224998474121094,2067400
2012-04-18,33.084999084472656,33.29999923706055,33.0,33.1349983215332,2552800
2012-04-19,32.994998931884766,33.04499816894531,32.494998931884766,32.685001373291016,4297600
2012-04-20,32.73500061035156,32.95000076293945,32.619998931884766,32.82500076293945,3311800
2012-04-23,32.625,32.834999084472656,32.54499816894531,32.79499816894531,2467000
2012-04-24,32.82500076293945,32.9900016784668,32.685001373291016,32.970001220703125,2655600
2012-04-25,33.1150016784668,33.1150016784668,32.724998474121094,32.880001068115234,2699200
2012-04-26,32.82500076293945,33.099998474121094,32.58000183105469,33.095001220703125,8672600
2012-04-27,33.185001373291016,33.32500076293945,32.564998626708984,32.650001525878906,9197400
2012-04-30,32.65999984741211,32.85499954223633,32.57500076293945,32.779998779296875,7731000
2012-05-01,32.849998474121094,33.2400016784668,32.790000915527344,33.150001525878906,2982400
2012-05-02,33.09000015258789,33.27000045776367,32.88999938964844,32.98500061035156,2295600
2012-05-03,32.92499923706055,33.084999084472656,32.540000915527344,32.58000183105469,2953800
2012-05-04,32.56999969482422,32.790000915527344,32.46500015258789,32.55500030517578,1971800
2012-05-07,32.54999923706055,32.60499954223633,32.32500076293945,32.47999954223633,2159400
2012-05-08,31.940000534057617,32.209999084472656,31.924999237060547,32.08000183105469,2769200
2012-05-09,31.860000610351562,32.31999969482422,31.834999084472656,32.15999984741211,2234400
2012-05-10,32.290000915527344,32.4900016784668,32.25,32.310001373291016,1619600
2012-05-11,32.25,32.630001068115234,32.15999984741211,32.36000061035156,2086400
2012-05-14,32.14500045776367,32.29499816894531,31.8799991607666,32.130001068115234,1972200
2012-05-15,32.099998474121094,32.19499969482422,31.75,31.829999923706055,2051600
2012-05-16,31.969999313354492,31.969999313354492,31.729999542236328,31.78499984741211,1636800
2012-05-17,31.81999969482422,31.885000228881836,31.545000076293945,31.549999237060547,2124200
2012-05-18,31.635000228881836,31.844999313354492,31.485000610351562,31.540000915527344,2635600
2012-05-21,31.56999969482422,31.774999618530273,31.489999771118164,31.774999618530273,1840200
2012-05-22,31.760000228881836,32.29999923706055,31.725000381469727,32.084999084472656,3057600
2012-05-23,32.005001068115234,32.220001220703125,31.709999084472656,31.829999923706055,2081600
2012-05-24,31.885000228881836,32.35499954223633,31.815000534057617,32.17499923706055,1953600
2012-05-25,32.2400016784668,32.43000030517578,32.165000915527344,32.255001068115234,1735600
2012-05-29,32.439998626708984,32.48500061035156,32.290000915527344,32.42499923706055,1723400
2012-05-30,32.255001068115234,32.57500076293945,32.165000915527344,32.220001220703125,1945400
2012-05-31,32.220001220703125,32.48500061035156,32.11000061035156,32.26499938964844,2112800
2012-06-01,31.979999542236328,32.494998931884766,31.979999542236328,32.17499923706055,1822400
2012-06-04,32.2400016784668,32.334999084472656,32.1150016784668,32.27000045776367,1779600
2012-06-05,32.23500061035156,32.57500076293945,32.154998779296875,32.46500015258789,2691200
2012-06-06,32.529998779296875,32.599998474121094,32.30500030517578,32.599998474121094,4580400
2012-06-07,32.81999969482422,33.150001525878906,32.744998931884766,33.029998779296875,2545400
2012-06-08,32.65999984741211,33.209999084472656,32.65999984741211,33.13999938964844,2060600
2012-06-11,33.29999923706055,33.470001220703125,33.029998779296875,33.029998779296875,2078000
2012-06-12,33.03499984741211,33.119998931884766,32.849998474121094,33.119998931884766,1632000
2012-06-13,33.064998626708984,33.224998474121094,32.869998931884766,33.08000183105469,1278000
2012-06-14,33.05500030517578,33.185001373291016,32.939998626708984,33.04999923706055,2179000
2012-06-15,33.08000183105469,33.345001220703125,33.08000183105469,33.275001525878906,2204400
2012-06-18,33.46500015258789,33.46500015258789,33.15999984741211,33.375,1397600
2012-06-19,33.33000183105469,33.724998474121094,33.29499816894531,33.48500061035156,2235200
2012-06-20,33.45000076293945,33.689998626708984,33.15999984741211,33.32500076293945,1715200
2012-06-21,33.415000915527344,33.560001373291016,33.20000076293945,33.275001525878906,3106800
2012-06-22,33.41999816894531,33.470001220703125,33.23500061035156,33.349998474121094,2226000
2012-06-25,33.130001068115234,33.290000915527344,33.04999923706055,33.22999954223633,1556200
2012-06-26,33.310001373291016,33.435001373291016,33.21500015258789,33.35499954223633,1502800
2012-06-27,33.08000183105469,33.72999954223633,33.08000183105469,33.66999816894531,1295200
2012-06-28,33.4900016784668,33.81999969482422,33.47999954223633,33.790000915527344,1476400
2012-06-29,34.060001373291016,34.099998474121094,33.685001373291016,33.94499969482422,1685400
2012-07-02,34.07500076293945,34.32500076293945,33.91999816894531,34.290000915527344,1639600
2012-07-03,34.275001525878906,34.375,34.05500030517578,34.26499938964844,1022200
2012-07-05,34.150001525878906,34.22999954223633,33.970001220703125,33.970001220703125,1742000
2012-07-06,33.77000045776367,34.04499816894531,33.76499938964844,33.939998626708984,1369200
2012-07-09,33.95000076293945,34.1349983215332,33.8650016784668,33.9900016784668,1450400
2012-07-10,33.98500061035156,34.19499969482422,33.95000076293945,34.005001068115234,1251600
2012-07-11,34.03499984741211,34.64500045776367,34.03499984741211,34.584999084472656,2496600
2012-07-12,34.48500061035156,34.8849983215332,34.404998779296875,34.72999954223633,2101200
2012-07-13,34.7400016784668,34.95000076293945,34.66999816894531,34.79999923706055,1857800
2012-07-16,34.775001525878906,35.0,34.72999954223633,34.95500183105469,1661200
2012-07-17,34.96500015258789,35.224998474121094,34.7400016784668,35.224998474121094,1741400
2012-07-18,35.22999954223633,35.779998779296875,35.17499923706055,35.7599983215332,2498800
2012-07-19,35.689998626708984,35.810001373291016,35.349998474121094,35.73500061035156,1705200
2012-07-20,35.66999816894531,35.970001220703125,35.505001068115234,35.654998779296875,1900000
2012-07-23,35.53499984741211,35.61000061035156,35.20000076293945,35.5,1791200
2012-07-24,35.599998474121094,35.67499923706055,35.345001220703125,35.494998931884766,2170600
2012-07-25,35.619998931884766,35.685001373291016,35.27000045776367,35.404998779296875,1590000
2012-07-26,35.724998474121094,35.904998779296875,35.52000045776367,35.744998931884766,1554800
2012-07-27,35.845001220703125,36.375,35.845001220703125,36.29499816894531,1982800
2012-07-30,36.20000076293945,36.564998626708984,36.15999984741211,36.529998779296875,1991800
2012-07-31,37.25,37.25,36.15999984741211,36.334999084472656,2986400
2012-08-01,36.400001525878906,36.9900016784668,36.07500076293945,36.28499984741211,4715400
2012-08-02,36.14500045776367,36.275001525878906,35.665000915527344,35.915000915527344,5943600
2012-08-03,36.2400016784668,36.40999984741211,36.05500030517578,36.35499954223633,7261400
2012-08-06,36.5,36.51499938964844,36.06999969482422,36.10499954223633,2754800
2012-08-07,35.88999938964844,35.89500045776367,35.52000045776367,35.665000915527344,3277200
2012-08-08,35.68000030517578,36.09000015258789,35.439998626708984,36.05500030517578,3433600
2012-08-09,35.95500183105469,36.03499984741211,35.61000061035156,35.63999938964844,2588800
2012-08-10,35.560001373291016,35.904998779296875,35.5,35.875,1257400
2012-08-13,35.810001373291016,35.810001373291016,35.494998931884766,35.654998779296875,2664800
2012-08-14,35.76499938964844,35.875,35.48500061035156,35.55500030517578,2302800
2012-08-15,34.85499954223633,35.21500015258789,34.6349983215332,34.935001373291016,2918200
2012-08-16,34.89500045776367,35.040000915527344,34.720001220703125,34.814998626708984,2013200
2012-08-17,34.720001220703125,34.75,34.53499984741211,34.7400016784668,1993800
2012-08-20,34.75,34.810001373291016,34.564998626708984,34.73500061035156,1618600
2012-08-21,34.744998931884766,34.79499816894531,34.52000045776367,34.52000045776367,1598200
2012-08-22,34.52000045776367,34.65999984741211,34.21500015258789,34.32500076293945,1915000
2012-08-23,34.41999816894531,34.41999816894531,34.01499938964844,34.17499923706055,1513000
2012-08-24,34.18000030517578,34.3849983215332,34.04999923706055,34.3650016784668,1569200
2012-08-27,34.27000045776367,34.3849983215332,34.095001220703125,34.2599983215332,1676000
2012-08-28,34.08000183105469,34.404998779296875,34.08000183105469,34.28499984741211,1783800
2012-08-29,34.279998779296875,34.314998626708984,34.040000915527344,34.17499923706055,1869400
2012-08-30,34.07500076293945,34.21500015258789,33.95000076293945,34.0099983215332,1224000
2012-08-31,34.10499954223633,34.19499969482422,33.869998931884766,34.040000915527344,1837800
2012-09-04,34.084999084472656,34.40999984741211,34.005001068115234,34.310001373291016,2114200
2012-09-05,34.43000030517578,34.43000030517578,34.060001373291016,34.154998779296875,1441600
2012-09-06,34.48500061035156,34.709999084472656,34.369998931884766,34.625,1571200
2012-09-07,34.52000045776367,34.63999938964844,34.02000045776367,34.10499954223633,3041800
2012-09-10,34.61000061035156,34.61000061035156,34.04999923706055,34.08000183105469,1759200
2012-09-11,34.05500030517578,34.095001220703125,33.81999969482422,33.880001068115234,1588800
2012-09-12,33.875,33.95000076293945,33.56999969482422,33.89500045776367,2183800
2012-09-13,33.53499984741211,34.42499923706055,33.53499984741211,34.38999938964844,1648600
2012-09-14,34.345001220703125,34.564998626708984,34.119998931884766,34.18000030517578,2649000
2012-09-17,34.125,34.3849983215332,34.02000045776367,34.165000915527344,3723400
2012-09-18,34.1150016784668,34.25,33.974998474121094,34.095001220703125,1270800
2012-09-19,34.13999938964844,34.32500076293945,34.084999084472656,34.28499984741211,1193400
2012-09-20,34.14500045776367,34.459999084472656,34.14500045776367,34.404998779296875,1196800
2012-09-21,34.51499938964844,34.51499938964844,33.97999954223633,34.224998474121094,2755800
2012-09-24,34.2400016784668,34.790000915527344,34.150001525878906,34.63999938964844,1611400
2012-09-25,34.67499923706055,34.970001220703125,34.57500076293945,34.58000183105469,1515400
2012-09-26,34.599998474121094,34.92499923706055,34.599998474121094,34.689998626708984,1397200
2012-09-27,34.724998474121094,34.79999923706055,34.47999954223633,34.57500076293945,1325200
2012-09-28,34.5,34.72999954223633,34.349998474121094,34.650001525878906,1547600
2012-10-01,34.79499816894531,34.91999816894531,34.55500030517578,34.6150016784668,1180400
2012-10-02,34.79499816894531,34.845001220703125,34.5099983215332,34.70000076293945,940200
2012-10-03,34.75,35.1150016784668,34.70000076293945,34.88999938964844,1387200
2012-10-04,34.994998931884766,35.474998474121094,34.96500015258789,35.35499954223633,1659400
2012-10-05,35.45000076293945,35.5,35.154998779296875,35.2400016784668,918800
2012-10-08,35.20500183105469,35.375,35.04499816894531,35.310001373291016,679000
2012-10-09,35.22999954223633,35.42499923706055,35.14500045776367,35.345001220703125,1145600
2012-10-10,35.32500076293945,35.380001068115234,35.04499816894531,35.14500045776367,767200
2012-10-11,35.334999084472656,35.720001220703125,35.09000015258789,35.314998626708984,1758000
2012-10-12,35.255001068115234,35.3849983215332,34.81999969482422,34.974998474121094,1946600
2012-10-15,34.75,35.05500030517578,34.63999938964844,35.005001068115234,1294400
2012-10-16,35.125,35.349998474121094,35.0099983215332,35.224998474121094,933200
2012-10-17,35.34000015258789,35.65999984741211,35.060001373291016,35.59000015258789,1151400
2012-10-18,35.58000183105469,35.904998779296875,35.470001220703125,35.880001068115234,1140400
2012-10-19,35.880001068115234,35.95000076293945,35.53499984741211,35.6150016784668,1500800
2012-10-22,35.35499954223633,35.59000015258789,35.22999954223633,35.564998626708984,1342000
2012-10-23,35.314998626708984,35.36000061035156,34.98500061035156,35.154998779296875,1379800
2012-10-24,35.154998779296875,35.20500183105469,34.93000030517578,34.970001220703125,980000
2012-10-25,35.189998626708984,35.275001525878906,34.900001525878906,35.209999084472656,1276000
2012-10-26,35.17499923706055,36.05500030517578,34.95500183105469,36.04999923706055,4113600
2012-10-31,36.23500061035156,36.4900016784668,36.0,36.290000915527344,2618600
2012-11-01,36.39500045776367,36.42499923706055,36.07500076293945,36.17499923706055,2106200
2012-11-02,36.400001525878906,36.41999816894531,35.54999923706055,35.6150016784668,4117000
2012-11-05,34.48500061035156,35.11000061035156,32.939998626708984,33.95000076293945,6709600
2012-11-06,33.744998931884766,33.744998931884766,32.845001220703125,33.45000076293945,5354000
2012-11-07,33.38999938964844,33.38999938964844,32.59000015258789,32.630001068115234,3139000
2012-11-08,32.650001525878906,32.994998931884766,32.459999084472656,32.5,2975200
2012-11-09,32.42499923706055,32.58000183105469,32.29999923706055,32.45000076293945,3173800
2012-11-12,32.505001068115234,32.564998626708984,32.084999084472656,32.099998474121094,1773200
2012-11-13,32.05500030517578,32.540000915527344,31.934999465942383,32.14500045776367,1934600
2012-11-14,32.154998779296875,32.20500183105469,31.614999771118164,31.674999237060547,2401400
2012-11-15,31.674999237060547,31.854999542236328,31.264999389648438,31.5,2028400
2012-11-16,31.549999237060547,31.739999771118164,31.15999984741211,31.43000030517578,3535200
2012-11-19,31.575000762939453,31.69499969482422,31.139999389648438,31.274999618530273,2586600
2012-11-20,31.309999465942383,31.364999771118164,30.975000381469727,31.25,1917800
2012-11-21,31.25,31.395000457763672,30.864999771118164,31.139999389648438,1927400
2012-11-23,31.174999237060547,31.2450008392334,30.774999618530273,31.020000457763672,964600
2012-11-26,30.889999389648438,31.40999984741211,30.780000686645508,31.25,2500400
2012-11-27,31.325000762939453,31.44499969482422,31.104999542236328,31.114999771118164,2655800
2012-11-28,31.155000686645508,31.729999542236328,31.100000381469727,31.719999313354492,3648600
2012-11-29,31.80500030517578,31.809999465942383,31.469999313354492,31.760000228881836,2020000
2012-11-30,31.704999923706055,31.8700008392334,31.604999542236328,31.770000457763672,2322000
2012-12-03,31.774999618530273,31.829999923706055,31.270000457763672,31.69499969482422,2416800
2012-12-04,31.725000381469727,31.809999465942383,31.395000457763672,31.479999542236328,1711400
2012-12-05,31.485000610351562,32.040000915527344,31.344999313354492,31.8700008392334,2432800
2012-12-06,31.895000457763672,32.040000915527344,31.815000534057617,31.864999771118164,1670200
2012-12-07,31.8799991607666,32.029998779296875,31.80500030517578,31.969999313354492,1133400
2012-12-10,31.90999984741211,31.9950008392334,31.795000076293945,31.950000762939453,1104800
2012-12-11,31.979999542236328,32.21500015258789,31.905000686645508,32.040000915527344,1512800
2012-12-12,32.01499938964844,32.22999954223633,31.850000381469727,31.8799991607666,1793600
2012-12-13,31.889999389648438,31.975000381469727,31.68000030517578,31.78499984741211,1070800
2012-12-14,31.80500030517578,31.905000686645508,31.670000076293945,31.700000762939453,1316800
2012-12-17,31.860000610351562,32.29499816894531,31.844999313354492,32.17499923706055,2372800
2012-12-18,32.17499923706055,32.79999923706055,32.099998474121094,32.689998626708984,4218400
2012-12-19,32.625,32.689998626708984,32.099998474121094,32.130001068115234,1767000
2012-12-20,32.244998931884766,32.314998626708984,31.90999984741211,32.20500183105469,1470000
2012-12-21,31.834999084472656,32.36000061035156,31.834999084472656,32.2599983215332,4552200
2012-12-24,32.31999969482422,32.33000183105469,31.875,32.185001373291016,617000
2012-12-26,32.154998779296875,32.23500061035156,31.639999389648438,31.700000762939453,1331200
2012-12-27,31.700000762939453,31.895000457763672,31.3700008392334,31.725000381469727,1623000
2012-12-28,31.579999923706055,31.71500015258789,31.28499984741211,31.290000915527344,1103000
2012-12-31,31.274999618530273,31.895000457763672,31.110000610351562,31.875,2033200
2013-01-02,32.2599983215332,32.44499969482422,32.11000061035156,32.375,1837400
2013-01-03,32.41999816894531,32.43000030517578,32.119998931884766,32.220001220703125,2141200
2013-01-04,32.23500061035156,32.244998931884766,31.989999771118164,32.21500015258789,1879400
2013-01-07,32.08000183105469,32.209999084472656,31.395000457763672,31.670000076293945,2324400
2013-01-08,31.65999984741211,31.80500030517578,31.280000686645508,31.420000076293945,2009400
2013-01-09,31.350000381469727,31.4950008392334,31.190000534057617,31.364999771118164,2279000
2013-01-10,31.450000762939453,31.700000762939453,31.364999771118164,31.684999465942383,1676000
2013-01-11,31.764999389648438,31.84000015258789,31.459999084472656,31.53499984741211,2562200
2013-01-14,31.56999969482422,31.735000610351562,31.530000686645508,31.604999542236328,998000
2013-01-15,31.5,31.71500015258789,31.469999313354492,31.674999237060547,1404600
2013-01-16,31.540000915527344,31.704999923706055,31.44499969482422,31.53499984741211,1464400
2013-01-17,31.625,31.774999618530273,31.520000457763672,31.635000228881836,1548800
2013-01-18,31.665000915527344,31.940000534057617,31.6200008392334,31.934999465942383,1288000
2013-01-22,31.950000762939453,32.209999084472656,31.885000228881836,32.185001373291016,1657000
2013-01-23,31.940000534057617,32.25,31.625,31.954999923706055,2885600
2013-01-24,31.8799991607666,32.099998474121094,31.760000228881836,31.920000076293945,2920200
2013-01-25,32.0,32.30500030517578,31.809999465942383,32.29499816894531,1750600
2013-01-28,32.279998779296875,32.29499816894531,32.01499938964844,32.224998474121094,1610200
2013-01-29,32.130001068115234,32.60499954223633,32.0099983215332,32.525001525878906,1933200
2013-01-30,32.45500183105469,32.564998626708984,32.20000076293945,32.29499816894531,1946200
2013-01-31,32.22999954223633,32.33000183105469,32.150001525878906,32.29999923706055,2312400
2013-02-01,32.404998779296875,32.474998474121094,32.279998779296875,32.41999816894531,1479400
2013-02-04,32.349998474121094,32.3849983215332,32.03499984741211,32.04999923706055,1919400
2013-02-05,32.28499984741211,32.6349983215332,32.27000045776367,32.4900016784668,2268400
2013-02-06,32.369998931884766,32.439998626708984,32.1349983215332,32.439998626708984,2160000
2013-02-07,32.439998626708984,32.64500045776367,32.255001068115234,32.47999954223633,1354400
2013-02-08,32.4900016784668,32.540000915527344,31.790000915527344,32.23500061035156,7932400
2013-02-11,32.209999084472656,32.3650016784668,32.15999984741211,32.310001373291016,5979800
2013-02-12,31.895000457763672,32.05500030517578,31.8799991607666,31.96500015258789,1768800
2013-02-13,31.96500015258789,32.084999084472656,31.795000076293945,31.829999923706055,2085400
2013-02-14,31.549999237060547,31.549999237060547,30.75,30.899999618530273,5231200
2013-02-15,30.799999237060547,30.844999313354492,30.545000076293945,30.725000381469727,3692800
2013-02-19,30.850000381469727,31.0,30.780000686645508,30.889999389648438,2397400
2013-02-20,30.895000457763672,31.104999542236328,30.764999389648438,30.774999618530273,2633200
2013-02-21,30.764999389648438,30.860000610351562,30.6200008392334,30.760000228881836,1892200
2013-02-22,30.80500030517578,31.079999923706055,30.764999389648438,31.024999618530273,1618400
2013-02-25,31.1200008392334,31.43000030517578,30.790000915527344,30.790000915527344,2075800
2013-02-26,30.940000534057617,31.18000030517578,30.645000457763672,30.770000457763672,2189200
2013-02-27,30.8700008392334,31.049999237060547,30.729999542236328,31.010000228881836,1745000
2013-02-28,31.06999969482422,31.260000228881836,30.989999771118164,31.1299991607666,2694000
2013-03-01,31.104999542236328,31.229999542236328,30.81999969482422,31.059999465942383,2275400
2013-03-04,30.975000381469727,31.5049991607666,30.975000381469727,31.475000381469727,1784800
2013-03-05,31.600000381469727,31.90999984741211,31.530000686645508,31.790000915527344,2444200
2013-03-06,31.864999771118164,31.969999313354492,31.735000610351562,31.825000762939453,1835200
2013-03-07,31.860000610351562,32.029998779296875,31.709999084472656,31.760000228881836,1230600
2013-03-08,31.795000076293945,31.854999542236328,31.485000610351562,31.71500015258789,1887800
2013-03-11,31.639999389648438,31.780000686645508,31.610000610351562,31.760000228881836,1522000
2013-03-12,31.774999618530273,31.899999618530273,31.604999542236328,31.735000610351562,1375200
2013-03-13,31.725000381469727,32.0,31.725000381469727,31.84000015258789,1848400
2013-03-14,31.854999542236328,31.959999084472656,31.795000076293945,31.81999969482422,2206600
2013-03-15,31.665000915527344,32.69499969482422,31.6299991607666,32.6150016784668,3942200
2013-03-18,32.38999938964844,32.529998779296875,32.165000915527344,32.22999954223633,1611800
2013-03-19,32.209999084472656,32.369998931884766,31.8700008392334,32.0099983215332,1868400
2013-03-20,32.14500045776367,32.150001525878906,31.899999618530273,31.985000610351562,3151000
2013-03-21,31.850000381469727,31.96500015258789,31.375,31.459999084472656,2201200
2013-03-22,31.469999313354492,31.5,31.049999237060547,31.190000534057617,3434400
2013-03-25,31.21500015258789,31.325000762939453,30.709999084472656,30.834999084472656,3291000
2013-03-26,30.959999084472656,31.375,30.915000915527344,31.344999313354492,4379600
2013-03-27,31.184999465942383,31.5,31.145000457763672,31.469999313354492,1823800
2013-03-28,31.5,31.704999923706055,31.364999771118164,31.6200008392334,1761400
2013-04-01,31.684999465942383,31.739999771118164,31.559999465942383,31.69499969482422,1042200
2013-04-02,31.834999084472656,32.17499923706055,31.7549991607666,32.01499938964844,2394600
2013-04-03,32.095001220703125,32.595001220703125,31.975000381469727,32.5,4297600
2013-04-04,32.505001068115234,33.279998779296875,32.5,33.2599983215332,3345000
2013-04-05,33.17499923706055,33.73500061035156,33.08000183105469,33.63999938964844,2806400
2013-04-08,33.650001525878906,33.94499969482422,33.5,33.93000030517578,2465400
2013-04-09,33.93000030517578,33.97999954223633,33.779998779296875,33.82500076293945,1910400
2013-04-10,33.959999084472656,34.16999816894531,33.91999816894531,34.130001068115234,3403800
2013-04-11,34.130001068115234,34.56999969482422,33.904998779296875,34.525001525878906,2570400
2013-04-12,34.47999954223633,34.849998474121094,34.459999084472656,34.849998474121094,2525000
2013-04-15,34.69499969482422,34.98500061035156,34.32500076293945,34.32500076293945,2012800
2013-04-16,34.59000015258789,34.880001068115234,34.415000915527344,34.76499938964844,2205200
2013-04-17,34.6150016784668,34.755001068115234,34.380001068115234,34.599998474121094,2437200
2013-04-18,34.76499938964844,35.189998626708984,34.76499938964844,35.14500045776367,3243400
2013-04-19,35.2599983215332,35.349998474121094,34.540000915527344,34.85499954223633,4634200
2013-04-22,34.82500076293945,34.970001220703125,34.599998474121094,34.845001220703125,2099200
2013-04-23,34.97999954223633,34.97999954223633,34.3650016784668,34.75,3761600
2013-04-24,34.77000045776367,35.084999084472656,34.650001525878906,35.060001373291016,2551600
2013-04-25,35.06999969482422,35.095001220703125,34.119998931884766,34.310001373291016,8846800
2013-04-26,34.31999969482422,34.720001220703125,34.31999969482422,34.55500030517578,7627800
2013-04-29,34.73500061035156,35.439998626708984,34.630001068115234,35.43000030517578,7336600
2013-04-30,35.36000061035156,35.904998779296875,35.27000045776367,35.6150016784668,2671600
2013-05-01,35.61000061035156,36.04999923706055,35.47999954223633,35.69499969482422,3258400
2013-05-02,35.68000030517578,35.915000915527344,35.47999954223633,35.78499984741211,2175200
2013-05-03,35.939998626708984,35.9900016784668,35.34000015258789,35.54999923706055,2400600
2013-05-06,35.505001068115234,35.619998931884766,34.4900016784668,34.564998626708984,3351600
2013-05-07,34.130001068115234,34.564998626708984,34.04999923706055,34.3849983215332,2501600
2013-05-08,34.400001525878906,34.55500030517578,33.85499954223633,34.025001525878906,2718200
2013-05-09,34.05500030517578,34.084999084472656,33.41999816894531,33.5,2303600
2013-05-10,33.505001068115234,33.78499984741211,33.36000061035156,33.744998931884766,1842000
2013-05-13,33.60499954223633,33.80500030517578,33.43000030517578,33.64500045776367,1727800
2013-05-14,33.66999816894531,34.099998474121094,33.595001220703125,34.040000915527344,2760200
2013-05-15,33.994998931884766,35.224998474121094,33.95000076293945,34.80500030517578,6308000
2013-05-16,34.709999084472656,35.09000015258789,34.45000076293945,34.834999084472656,3547000
2013-05-17,34.900001525878906,35.650001525878906,34.814998626708984,35.56999969482422,4562400
2013-05-20,35.5,35.564998626708984,35.150001525878906,35.29999923706055,2459600
2013-05-21,35.380001068115234,35.380001068115234,34.94499969482422,35.150001525878906,2351800
2013-05-22,35.1150016784668,35.40999984741211,34.34000015258789,34.53499984741211,2396600
2013-05-23,34.05500030517578,34.560001373291016,33.79499816894531,34.459999084472656,2246800
2013-05-24,34.435001373291016,34.584999084472656,34.20500183105469,34.470001220703125,1547000
2013-05-28,34.3650016784668,35.33000183105469,34.27000045776367,34.75,4280600
2013-05-29,34.494998931884766,34.625,34.17499923706055,34.29499816894531,3415400
2013-05-30,34.404998779296875,35.10499954223633,34.404998779296875,34.54999923706055,2244200
2013-05-31,34.53499984741211,35.2400016784668,34.439998626708984,34.439998626708984,2508400
2013-06-03,34.59000015258789,35.2400016784668,34.08000183105469,34.85499954223633,2902600
2013-06-04,34.775001525878906,34.84000015258789,34.064998626708984,34.119998931884766,3056000
2013-06-05,34.025001525878906,34.10499954223633,33.6150016784668,33.69499969482422,2051400
2013-06-06,33.7400016784668,34.05500030517578,33.54499816894531,34.005001068115234,1781200
2013-06-07,34.1349983215332,34.4900016784668,33.744998931884766,34.095001220703125,2214000
2013-06-10,34.64500045776367,34.939998626708984,34.375,34.78499984741211,3215400
2013-06-11,34.560001373291016,34.77000045776367,34.31999969482422,34.33000183105469,1584400
2013-06-12,34.525001525878906,34.6150016784668,33.650001525878906,33.85499954223633,2215200
2013-06-13,33.84000015258789,34.46500015258789,33.59000015258789,34.439998626708984,1900200
2013-06-14,34.349998474121094,34.685001373291016,34.20500183105469,34.23500061035156,1875200
2013-06-17,34.334999084472656,34.875,34.10499954223633,34.310001373291016,2208000
2013-06-18,34.28499984741211,34.779998779296875,34.084999084472656,34.584999084472656,1707000
2013-06-19,34.61000061035156,35.04999923706055,34.125,34.125,2178400
2013-06-20,33.91999816894531,34.04999923706055,33.125,33.185001373291016,2656400
2013-06-21,33.31999969482422,34.209999084472656,33.154998779296875,34.064998626708984,3938400
2013-06-24,33.775001525878906,34.27000045776367,33.45000076293945,34.05500030517578,2515600
2013-06-25,34.29999923706055,34.79499816894531,34.05500030517578,34.58000183105469,2358800
2013-06-26,34.73500061035156,35.2599983215332,34.59000015258789,35.13999938964844,2064200
2013-06-27,35.19499969482422,35.79499816894531,34.95500183105469,35.025001525878906,2667400
2013-06-28,34.95000076293945,35.05500030517578,34.630001068115234,34.84000015258789,2640800
2013-07-01,34.970001220703125,35.0,34.41999816894531,34.66999816894531,2473400
2013-07-02,34.650001525878906,35.09000015258789,34.52000045776367,34.67499923706055,2529200
2013-07-03,34.529998779296875,34.814998626708984,34.435001373291016,34.64500045776367,1256200
2013-07-05,34.619998931884766,34.64500045776367,33.71500015258789,34.029998779296875,1725600
2013-07-08,34.14500045776367,34.55500030517578,34.02000045776367,34.474998474121094,1741000
2013-07-09,34.685001373291016,34.85499954223633,34.17499923706055,34.56999969482422,3607800
2013-07-10,34.564998626708984,35.005001068115234,34.375,34.849998474121094,1740600
2013-07-11,35.15999984741211,35.65999984741211,35.150001525878906,35.654998779296875,1974000
2013-07-12,35.64500045776367,35.64500045776367,35.21500015258789,35.44499969482422,1459400
2013-07-15,35.4900016784668,35.98500061035156,35.39500045776367,35.79999923706055,2171200
2013-07-16,35.720001220703125,35.86000061035156,35.31999969482422,35.5099983215332,1720200
2013-07-17,35.709999084472656,35.7599983215332,35.224998474121094,35.31999969482422,1275000
2013-07-18,35.435001373291016,35.900001525878906,35.435001373291016,35.8849983215332,1984600
2013-07-19,35.86000061035156,36.095001220703125,35.630001068115234,35.95500183105469,2067600
2013-07-22,35.970001220703125,36.290000915527344,35.95000076293945,36.17499923706055,1839800
2013-07-23,36.14500045776367,36.29999923706055,35.775001525878906,36.165000915527344,1899400
2013-07-24,36.084999084472656,36.084999084472656,35.0099983215332,35.209999084472656,2487200
2013-07-25,35.08000183105469,35.29499816894531,34.744998931884766,35.04499816894531,11725600
2013-07-26,35.0099983215332,35.15999984741211,34.744998931884766,35.064998626708984,11567400
2013-07-29,35.02000045776367,35.439998626708984,35.02000045776367,35.26499938964844,7407800
2013-07-30,35.380001068115234,35.8849983215332,34.54999923706055,34.79999923706055,4668400
2013-07-31,34.689998626708984,34.92499923706055,33.66999816894531,33.75,4623400
2013-08-01,33.880001068115234,34.099998474121094,33.689998626708984,33.94499969482422,2652400
2013-08-02,33.959999084472656,34.1349983215332,33.869998931884766,34.095001220703125,1840200
2013-08-05,34.05500030517578,34.084999084472656,33.7400016784668,33.76499938964844,2277600
2013-08-06,33.275001525878906,33.525001525878906,33.23500061035156,33.43000030517578,4276400
2013-08-07,33.375,34.54999923706055,33.25,34.3849983215332,4288200
2013-08-08,34.3849983215332,34.845001220703125,34.2599983215332,34.58000183105469,2804600
2013-08-09,34.58000183105469,35.025001525878906,33.25,33.45000076293945,7120800
2013-08-12,33.3849983215332,33.44499969482422,32.790000915527344,33.06999969482422,3424800
2013-08-13,33.040000915527344,33.275001525878906,32.76499938964844,32.85499954223633,3092000
2013-08-14,33.244998931884766,33.244998931884766,32.650001525878906,33.1150016784668,3070600
2013-08-15,32.71500015258789,33.07500076293945,32.71500015258789,32.880001068115234,3334600
2013-08-16,32.86000061035156,32.86000061035156,32.14500045776367,32.29499816894531,5976200
2013-08-19,32.290000915527344,32.38999938964844,31.684999465942383,31.770000457763672,2722000
2013-08-20,31.780000686645508,32.28499984741211,31.774999618530273,31.9950008392334,2521000
2013-08-21,31.924999237060547,31.924999237060547,31.459999084472656,31.475000381469727,2655400
2013-08-22,31.4950008392334,31.905000686645508,31.375,31.670000076293945,1882600
2013-08-23,31.774999618530273,32.17499923706055,31.729999542236328,31.969999313354492,1481800
2013-08-26,31.950000762939453,32.07500076293945,31.434999465942383,31.53499984741211,2540200
2013-08-27,31.239999771118164,31.665000915527344,31.125,31.280000686645508,3644400
2013-08-28,31.295000076293945,31.434999465942383,30.940000534057617,31.155000686645508,2924200
2013-08-29,31.354999542236328,31.604999542236328,31.155000686645508,31.510000228881836,3252600
2013-08-30,31.655000686645508,31.889999389648438,31.5049991607666,31.614999771118164,2413600
2013-09-03,31.739999771118164,31.815000534057617,31.219999313354492,31.270000457763672,2594600
2013-09-04,31.200000762939453,31.295000076293945,30.829999923706055,31.075000762939453,2883200
2013-09-05,31.014999389648438,31.295000076293945,30.975000381469727,31.020000457763672,2305000
2013-09-06,31.204999923706055,31.635000228881836,31.204999923706055,31.459999084472656,3293600
2013-09-09,31.424999237060547,31.565000534057617,31.200000762939453,31.514999389648438,2192600
2013-09-10,31.614999771118164,31.635000228881836,31.280000686645508,31.635000228881836,2556200
2013-09-11,31.559999465942383,31.559999465942383,31.05500030517578,31.434999465942383,4457200
2013-09-12,31.469999313354492,31.514999389648438,31.094999313354492,31.145000457763672,1674200
2013-09-13,31.405000686645508,31.75,31.354999542236328,31.545000076293945,2374400
2013-09-16,31.940000534057617,32.16999816894531,31.700000762939453,31.885000228881836,2790800
2013-09-17,31.940000534057617,32.09000015258789,31.799999237060547,31.899999618530273,1318800
2013-09-18,31.979999542236328,32.915000915527344,31.850000381469727,32.834999084472656,2456600
2013-09-19,32.81999969482422,32.900001525878906,32.345001220703125,32.5099983215332,1483600
2013-09-20,32.5,32.56999969482422,31.69499969482422,31.815000534057617,3038400
2013-09-23,31.674999237060547,32.46500015258789,31.610000610351562,32.220001220703125,2273600
2013-09-24,32.1349983215332,32.41999816894531,31.954999923706055,31.989999771118164,2019200
2013-09-25,32.040000915527344,32.150001525878906,31.7549991607666,31.815000534057617,1771000
2013-09-26,31.864999771118164,32.09000015258789,31.719999313354492,31.809999465942383,1778000
2013-09-27,31.725000381469727,32.0099983215332,31.5,31.65999984741211,1054200
2013-09-30,31.510000228881836,31.825000762939453,31.475000381469727,31.594999313354492,2020000
2013-10-01,31.69499969482422,32.0,31.600000381469727,31.84000015258789,1752600
2013-10-02,31.7549991607666,32.06999969482422,31.514999389648438,32.01499938964844,2458400
2013-10-03,31.860000610351562,31.90999984741211,31.549999237060547,31.7549991607666,2290800
2013-10-04,31.704999923706055,31.809999465942383,31.645000457763672,31.739999771118164,2206000
2013-10-07,31.59000015258789,31.959999084472656,31.579999923706055,31.725000381469727,1312800
2013-10-08,31.674999237060547,32.07500076293945,31.625,31.774999618530273,1610600
2013-10-09,31.864999771118164,32.630001068115234,31.649999618530273,32.10499954223633,2981800
2013-10-10,32.25,32.650001525878906,31.844999313354492,32.55500030517578,2247200
2013-10-11,32.470001220703125,32.685001373291016,32.3849983215332,32.650001525878906,1253600
2013-10-14,32.564998626708984,32.6349983215332,32.025001525878906,32.43000030517578,1518200
2013-10-15,32.43000030517578,32.45500183105469,31.790000915527344,31.834999084472656,2391800
2013-10-16,32.03499984741211,32.52000045776367,32.03499984741211,32.5099983215332,2458800
2013-10-17,32.474998474121094,33.369998931884766,32.23500061035156,33.29499816894531,2327400
2013-10-18,33.33000183105469,33.369998931884766,33.02000045776367,33.17499923706055,2531000
2013-10-21,33.189998626708984,33.38999938964844,32.875,33.06999969482422,1793000
2013-10-22,33.130001068115234,33.82500076293945,33.08000183105469,33.76499938964844,2496200
2013-10-23,33.68000030517578,34.314998626708984,33.665000915527344,34.064998626708984,3234600
2013-10-24,34.04499816894531,34.13999938964844,33.744998931884766,34.04999923706055,2071400
2013-10-25,33.994998931884766,34.154998779296875,33.68000030517578,34.1349983215332,2061000
2013-10-28,34.06999969482422,34.279998779296875,33.90999984741211,34.05500030517578,3069800
2013-10-29,33.845001220703125,33.845001220703125,32.75,33.029998779296875,7001600
2013-10-30,33.10499954223633,33.26499938964844,32.650001525878906,32.72999954223633,3416200
2013-10-31,32.654998779296875,32.689998626708984,32.189998626708984,32.36000061035156,3039200
2013-11-01,32.459999084472656,32.63999938964844,32.3849983215332,32.56999969482422,2428600
2013-11-04,32.709999084472656,32.744998931884766,32.345001220703125,32.48500061035156,2747800
2013-11-05,32.064998626708984,32.209999084472656,31.90999984741211,32.005001068115234,3251000
2013-11-06,32.18000030517578,32.54499816894531,32.11000061035156,32.45000076293945,2856400
2013-11-07,32.58000183105469,32.709999084472656,32.18000030517578,32.20000076293945,2735000
2013-11-08,32.10499954223633,32.21500015258789,31.65999984741211,32.209999084472656,2131000
2013-11-11,31.8700008392334,31.8700008392334,31.469999313354492,31.610000610351562,3889600
2013-11-12,31.600000381469727,31.645000457763672,31.30500030517578,31.5049991607666,3535400
2013-11-13,31.274999618530273,31.399999618530273,31.010000228881836,31.395000457763672,2181400
2013-11-14,31.5,31.774999618530273,31.405000686645508,31.71500015258789,1786000
2013-11-15,31.645000457763672,31.934999465942383,31.579999923706055,31.834999084472656,2341000
2013-11-18,31.934999465942383,31.954999923706055,31.75,31.774999618530273,1990400
2013-11-19,31.81999969482422,31.854999542236328,31.530000686645508,31.639999389648438,1980800
2013-11-20,31.809999465942383,31.809999465942383,31.399999618530273,31.415000915527344,2719800
2013-11-21,31.579999923706055,31.600000381469727,31.405000686645508,31.440000534057617,2023200
2013-11-22,31.375,31.440000534057617,31.19499969482422,31.264999389648438,2370400
2013-11-25,31.34000015258789,31.469999313354492,31.200000762939453,31.260000228881836,1728800
2013-11-26,31.25,31.329999923706055,30.915000915527344,31.0,3040000
2013-11-27,30.975000381469727,31.114999771118164,30.799999237060547,30.875,2270200
2013-11-29,30.885000228881836,31.135000228881836,30.809999465942383,30.94499969482422,1115600
2013-12-02,31.030000686645508,31.15999984741211,30.825000762939453,31.139999389648438,3157600
2013-12-03,31.0049991607666,31.075000762939453,30.774999618530273,30.985000610351562,3259200
2013-12-04,30.834999084472656,31.19499969482422,30.799999237060547,31.079999923706055,1975800
2013-12-05,31.014999389648438,31.145000457763672,30.875,31.1200008392334,2430400
2013-12-06,31.280000686645508,31.670000076293945,31.200000762939453,31.5049991607666,2326200
2013-12-09,31.405000686645508,31.4950008392334,31.059999465942383,31.200000762939453,2634400
2013-12-10,31.05500030517578,31.100000381469727,30.110000610351562,30.649999618530273,9257800
2013-12-11,30.31999969482422,30.639999389648438,30.209999084472656,30.424999237060547,5005800
2013-12-12,30.424999237060547,30.834999084472656,30.420000076293945,30.610000610351562,3101800
2013-12-13,30.639999389648438,30.71500015258789,30.28499984741211,30.600000381469727,2484800
2013-12-16,30.645000457763672,31.079999923706055,30.639999389648438,30.94499969482422,3347200
2013-12-17,30.860000610351562,30.950000762939453,30.655000686645508,30.825000762939453,2418000
2013-12-18,30.764999389648438,31.209999084472656,30.385000228881836,31.104999542236328,2446000
2013-12-19,31.0,31.059999465942383,30.565000534057617,30.780000686645508,1972600
2013-12-20,30.844999313354492,31.28499984741211,30.834999084472656,31.2450008392334,5710800
2013-12-23,31.3700008392334,31.540000915527344,31.139999389648438,31.270000457763672,2538000
2013-12-24,31.2450008392334,31.540000915527344,31.18000030517578,31.364999771118164,791800
2013-12-26,31.315000534057617,31.485000610351562,31.135000228881836,31.184999465942383,1166400
2013-12-27,31.239999771118164,31.434999465942383,31.184999465942383,31.415000915527344,1462800
2013-12-30,31.565000534057617,31.719999313354492,31.469999313354492,31.65999984741211,2305200
2013-12-31,31.665000915527344,31.774999618530273,31.5,31.635000228881836,1931600
2014-01-02,31.674999237060547,31.69499969482422,30.854999542236328,30.920000076293945,2413200
2014-01-03,30.524999618530273,30.729999542236328,30.31999969482422,30.514999389648438,3496600
2014-01-06,30.30500030517578,30.469999313354492,30.200000762939453,30.334999084472656,3979800
2014-01-07,30.415000915527344,30.649999618530273,30.334999084472656,30.625,2993200
2014-01-08,30.56999969482422,30.639999389648438,30.299999237060547,30.424999237060547,3999600
2014-01-09,30.514999389648438,30.545000076293945,30.260000228881836,30.260000228881836,3257200
2014-01-10,30.459999084472656,31.09000015258789,30.40999984741211,30.530000686645508,5322000
2014-01-13,30.614999771118164,30.725000381469727,30.274999618530273,30.309999465942383,3976200
2014-01-14,30.44499969482422,30.68000030517578,30.415000915527344,30.56999969482422,4137800
2014-01-15,30.635000228881836,30.719999313354492,30.334999084472656,30.579999923706055,3999800
2014-01-16,30.614999771118164,30.78499984741211,30.545000076293945,30.690000534057617,2200600
2014-01-17,30.799999237060547,30.885000228881836,30.655000686645508,30.80500030517578,1865200
2014-01-21,30.9950008392334,31.049999237060547,30.770000457763672,30.9950008392334,2791200
2014-01-22,31.075000762939453,31.2450008392334,30.670000076293945,30.774999618530273,3607000
2014-01-23,30.635000228881836,30.895000457763672,30.4950008392334,30.854999542236328,3048000
2014-01-24,30.75,31.174999237060547,30.575000762939453,30.639999389648438,2596200
2014-01-27,30.729999542236328,30.920000076293945,30.604999542236328,30.645000457763672,3583800
2014-01-28,30.625,30.829999923706055,30.434999465942383,30.559999465942383,3347600
2014-01-29,30.479999542236328,31.0049991607666,30.479999542236328,30.770000457763672,3871400
2014-01-30,30.8799991607666,31.690000534057617,30.774999618530273,31.584999084472656,5245800
2014-01-31,31.290000915527344,31.7450008392334,31.264999389648438,31.514999389648438,3574200
2014-02-03,31.614999771118164,31.959999084472656,31.30500030517578,31.360000610351562,3788800
2014-02-04,31.604999542236328,31.635000228881836,31.149999618530273,31.235000610351562,3568400
2014-02-05,31.209999084472656,31.434999465942383,31.0049991607666,31.290000915527344,3915200
2014-02-06,31.30500030517578,31.920000076293945,31.274999618530273,31.875,6719800
2014-02-07,31.905000686645508,31.950000762939453,31.594999313354492,31.780000686645508,3094400
2014-02-10,31.709999084472656,31.96500015258789,31.530000686645508,31.799999237060547,3751000
2014-02-11,31.71500015258789,31.760000228881836,30.834999084472656,31.290000915527344,5869600
2014-02-12,31.264999389648438,31.834999084472656,31.264999389648438,31.780000686645508,4714000
2014-02-13,31.610000610351562,32.290000915527344,31.610000610351562,32.21500015258789,4652200
2014-02-14,32.125,32.33000183105469,32.04999923706055,32.244998931884766,2859400
2014-02-18,32.2599983215332,32.59000015258789,32.21500015258789,32.45500183105469,3889800
2014-02-19,32.22999954223633,32.66999816894531,32.095001220703125,32.22999954223633,3385600
2014-02-20,32.224998474121094,32.650001525878906,32.224998474121094,32.525001525878906,2757600
2014-02-21,32.474998474121094,32.654998779296875,32.220001220703125,32.224998474121094,2739000
2014-02-24,32.43000030517578,32.525001525878906,32.060001373291016,32.060001373291016,1887800
2014-02-25,32.20000076293945,32.290000915527344,32.0099983215332,32.05500030517578,2781600
2014-02-26,32.35499954223633,32.39500045776367,32.005001068115234,32.03499984741211,1540400
2014-02-27,31.93000030517578,32.099998474121094,31.764999389648438,31.8799991607666,1966200
2014-02-28,31.94499969482422,32.08000183105469,31.815000534057617,31.90999984741211,3071600
2014-03-03,31.799999237060547,31.94499969482422,31.625,31.639999389648438,3101200
2014-03-04,31.854999542236328,31.8799991607666,31.610000610351562,31.719999313354492,3542000
2014-03-05,31.764999389648438,31.780000686645508,31.405000686645508,31.514999389648438,2878400
2014-03-06,31.549999237060547,31.68000030517578,31.065000534057617,31.190000534057617,2812800
2014-03-07,31.149999618530273,31.325000762939453,30.90999984741211,31.280000686645508,3366600
2014-03-10,31.239999771118164,31.325000762939453,31.03499984741211,31.125,3018200
2014-03-11,31.200000762939453,31.2450008392334,30.979999542236328,31.155000686645508,2607200
2014-03-12,31.084999084472656,31.5,31.045000076293945,31.5,3142400
2014-03-13,31.559999465942383,32.2400016784668,31.540000915527344,32.209999084472656,3926000
2014-03-14,32.125,32.46500015258789,32.04999923706055,32.290000915527344,2780000
2014-03-17,32.30500030517578,32.599998474121094,32.04499816894531,32.599998474121094,2008400
2014-03-18,32.6349983215332,32.724998474121094,32.5,32.505001068115234,1879800
2014-03-19,32.595001220703125,32.810001373291016,32.11000061035156,32.28499984741211,2276600
2014-03-20,32.20000076293945,32.375,31.934999465942383,32.375,2332800
2014-03-21,32.54499816894531,33.345001220703125,32.48500061035156,33.01499938964844,5420800
2014-03-24,33.099998474121094,33.314998626708984,32.915000915527344,33.03499984741211,3120400
2014-03-25,33.099998474121094,33.18000030517578,32.709999084472656,33.04499816894531,2073600
2014-03-26,33.060001373291016,33.11000061035156,32.834999084472656,32.8849983215332,1687400
2014-03-27,33.02000045776367,33.31999969482422,32.779998779296875,33.29999923706055,2342400
2014-03-28,33.34000015258789,33.404998779296875,33.060001373291016,33.32500076293945,1835600
2014-03-31,33.38999938964844,33.5099983215332,33.189998626708984,33.42499923706055,2740800
2014-04-01,33.404998779296875,33.58000183105469,33.255001068115234,33.529998779296875,2836600
2014-04-02,33.505001068115234,33.73500061035156,33.20500183105469,33.55500030517578,2436400
2014-04-03,33.584999084472656,34.06999969482422,33.40999984741211,34.04999923706055,3498200
2014-04-04,34.150001525878906,34.959999084472656,34.07500076293945,34.53499984741211,5612200
2014-04-07,34.5,34.88999938964844,34.435001373291016,34.56999969482422,3439200
2014-04-08,34.54999923706055,35.130001068115234,34.39500045776367,35.095001220703125,4644200
2014-04-09,35.224998474121094,35.560001373291016,34.79499816894531,35.13999938964844,5929800
2014-04-10,35.209999084472656,35.44499969482422,35.0,35.04999923706055,3348200
2014-04-11,35.04999923706055,35.5,35.04999923706055,35.17499923706055,3617200
2014-04-14,35.275001525878906,35.52000045776367,35.130001068115234,35.474998474121094,5064000
2014-04-15,36.1150016784668,36.290000915527344,35.619998931884766,35.98500061035156,7591600
2014-04-16,36.119998931884766,36.6349983215332,35.845001220703125,36.005001068115234,5805200
2014-04-17,36.04499816894531,36.21500015258789,35.53499984741211,35.630001068115234,3722200
2014-04-21,35.58000183105469,35.8849983215332,35.45500183105469,35.540000915527344,3024000
2014-04-22,35.529998779296875,35.709999084472656,35.31999969482422,35.5099983215332,3791400
2014-04-23,35.60499954223633,35.900001525878906,35.470001220703125,35.5099983215332,3575400
2014-04-24,35.70000076293945,35.790000915527344,35.17499923706055,35.709999084472656,4026600
2014-04-25,35.60499954223633,35.974998474121094,35.564998626708984,35.91999816894531,4003200
2014-04-28,35.95000076293945,36.51499938964844,35.83000183105469,36.40999984741211,5908800
2014-04-29,36.564998626708984,36.85499954223633,36.314998626708984,36.44499969482422,5011800
2014-04-30,36.599998474121094,36.959999084472656,36.22999954223633,36.25,5729600
2014-05-01,36.345001220703125,36.625,36.040000915527344,36.47999954223633,3354200
2014-05-02,36.334999084472656,36.48500061035156,35.84000015258789,36.119998931884766,3212400
2014-05-05,36.11000061035156,36.564998626708984,36.03499984741211,36.564998626708984,3109000
2014-05-06,36.60499954223633,36.86000061035156,36.5,36.564998626708984,4307600
2014-05-07,36.68000030517578,37.599998474121094,36.60499954223633,37.58000183105469,5387400
2014-05-08,37.4900016784668,37.53499984741211,37.165000915527344,37.39500045776367,5446200
2014-05-09,37.36000061035156,37.64500045776367,37.185001373291016,37.30500030517578,3321600
2014-05-12,37.349998474121094,37.52000045776367,37.03499984741211,37.189998626708984,5625400
2014-05-13,36.810001373291016,36.88999938964844,36.39500045776367,36.70500183105469,4744000
2014-05-14,36.72999954223633,37.14500045776367,36.67499923706055,37.1349983215332,4227600
2014-05-15,37.150001525878906,37.209999084472656,36.810001373291016,37.14500045776367,5207400
2014-05-16,37.09000015258789,37.310001373291016,37.005001068115234,37.2599983215332,2922400
2014-05-19,37.220001220703125,37.2599983215332,36.54999923706055,36.57500076293945,3002000
2014-05-20,36.57500076293945,36.880001068115234,36.53499984741211,36.744998931884766,2909600
2014-05-21,36.755001068115234,36.83000183105469,36.5,36.82500076293945,3215200
2014-05-22,36.72999954223633,37.17499923706055,36.709999084472656,37.02000045776367,3211600
2014-05-23,37.0099983215332,37.130001068115234,36.92499923706055,37.029998779296875,1963200
2014-05-27,37.23500061035156,37.30500030517578,36.90999984741211,37.05500030517578,2759800
2014-05-28,37.09000015258789,37.34000015258789,36.92499923706055,37.310001373291016,2408000
2014-05-29,37.255001068115234,37.775001525878906,37.189998626708984,37.76499938964844,3736600
2014-05-30,37.70000076293945,37.845001220703125,37.4900016784668,37.709999084472656,4474000
2014-06-02,37.779998779296875,38.02000045776367,37.72999954223633,37.8849983215332,3525000
2014-06-03,37.875,38.1349983215332,37.709999084472656,38.11000061035156,4067600
2014-06-04,38.064998626708984,38.32500076293945,37.94499969482422,38.30500030517578,2581600
2014-06-05,39.209999084472656,39.400001525878906,38.880001068115234,39.30500030517578,5121400
2014-06-06,39.55500030517578,39.564998626708984,39.15999984741211,39.20500183105469,3457800
2014-06-09,39.06999969482422,39.400001525878906,39.029998779296875,39.345001220703125,2806800
2014-06-10,39.32500076293945,39.404998779296875,38.915000915527344,39.13999938964844,2798400
2014-06-11,39.13999938964844,39.21500015258789,38.625,38.709999084472656,3431000
2014-06-12,38.689998626708984,38.97999954223633,38.29999923706055,38.92499923706055,3214800
2014-06-13,38.8849983215332,39.130001068115234,38.56999969482422,39.099998474121094,2060200
2014-06-16,39.099998474121094,39.6349983215332,39.04999923706055,39.505001068115234,3945400
2014-06-17,39.220001220703125,39.404998779296875,38.88999938964844,39.2599983215332,2234200
2014-06-18,39.2599983215332,40.10499954223633,39.21500015258789,40.084999084472656,3014800
2014-06-19,40.099998474121094,40.470001220703125,40.05500030517578,40.39500045776367,3300600
2014-06-20,40.5,40.76499938964844,40.349998474121094,40.415000915527344,4327000
2014-06-23,40.3650016784668,40.40999984741211,39.89500045776367,40.27000045776367,3145000
2014-06-24,40.23500061035156,40.45500183105469,40.19499969482422,40.224998474121094,3404800
2014-06-25,40.255001068115234,40.6150016784668,40.20000076293945,40.584999084472656,2181600
2014-06-26,40.57500076293945,40.665000915527344,40.33000183105469,40.43000030517578,2272400
2014-06-27,40.28499984741211,40.650001525878906,40.150001525878906,40.59000015258789,2920800
2014-06-30,40.65999984741211,41.150001525878906,40.57500076293945,41.04499816894531,2532200
2014-07-01,40.939998626708984,41.2400016784668,40.60499954223633,40.650001525878906,2825600
2014-07-02,40.61000061035156,40.650001525878906,39.040000915527344,39.33000183105469,6146000
2014-07-03,39.10499954223633,39.20000076293945,38.48500061035156,38.48500061035156,4174800
2014-07-07,38.595001220703125,39.26499938964844,38.595001220703125,39.20000076293945,4488600
2014-07-08,39.23500061035156,39.584999084472656,39.1349983215332,39.23500061035156,3563200
2014-07-09,39.23500061035156,39.45000076293945,38.685001373291016,38.98500061035156,3303400
2014-07-10,38.75,39.415000915527344,38.71500015258789,39.349998474121094,3235600
2014-07-11,39.33000183105469,39.470001220703125,38.935001373291016,39.0099983215332,2154800
2014-07-14,39.20000076293945,39.220001220703125,38.59000015258789,38.599998474121094,2664400
2014-07-15,38.70500183105469,38.814998626708984,38.5,38.76499938964844,3244800
2014-07-16,38.810001373291016,39.005001068115234,38.55500030517578,38.974998474121094,3277400
2014-07-17,38.57500076293945,38.80500030517578,38.095001220703125,38.1349983215332,3517800
2014-07-18,38.5,38.6349983215332,37.974998474121094,38.61000061035156,3088200
2014-07-21,38.525001525878906,38.73500061035156,38.35499954223633,38.67499923706055,3012000
2014-07-22,38.755001068115234,38.92499923706055,37.98500061035156,38.0,4355600
2014-07-23,38.060001373291016,38.1349983215332,37.78499984741211,37.81999969482422,4621000
2014-07-24,37.72999954223633,38.21500015258789,37.72999954223633,38.17499923706055,4278400
2014-07-25,38.19499969482422,38.38999938964844,37.68000030517578,37.7400016784668,2899800
2014-07-28,37.76499938964844,38.345001220703125,37.70000076293945,38.17499923706055,3814200
2014-07-29,38.22999954223633,38.22999954223633,37.220001220703125,37.494998931884766,4644800
2014-07-30,37.505001068115234,37.755001068115234,36.779998779296875,37.08000183105469,4205800
2014-07-31,36.95500183105469,37.05500030517578,36.404998779296875,36.415000915527344,2647800
2014-08-01,36.439998626708984,36.810001373291016,36.380001068115234,36.494998931884766,3105000
2014-08-04,36.459999084472656,36.4900016784668,35.560001373291016,36.21500015258789,8044600
2014-08-05,36.09000015258789,36.540000915527344,35.90999984741211,36.060001373291016,4835800
2014-08-06,35.95000076293945,35.959999084472656,35.349998474121094,35.40999984741211,5048000
2014-08-07,35.525001525878906,35.95500183105469,35.525001525878906,35.78499984741211,2896000
2014-08-08,35.875,36.36000061035156,35.875,36.34000015258789,2573000
2014-08-11,36.32500076293945,36.67499923706055,36.220001220703125,36.275001525878906,2698000
2014-08-12,35.775001525878906,35.93000030517578,35.630001068115234,35.709999084472656,2257000
2014-08-13,35.72999954223633,36.04499816894531,35.56999969482422,35.959999084472656,3128600
2014-08-14,35.92499923706055,36.61000061035156,35.92499923706055,36.505001068115234,3334000
2014-08-15,36.505001068115234,36.81999969482422,36.17499923706055,36.40999984741211,2510400
2014-08-18,36.45000076293945,36.599998474121094,36.28499984741211,36.375,1567800
2014-08-19,36.44499969482422,36.98500061035156,36.400001525878906,36.97999954223633,2240400
2014-08-20,37.05500030517578,37.59000015258789,36.81999969482422,37.55500030517578,4383400
2014-08-21,37.470001220703125,37.900001525878906,37.27000045776367,37.40999984741211,2399800
2014-08-22,37.45500183105469,37.56999969482422,37.040000915527344,37.28499984741211,1873200
2014-08-25,37.34000015258789,37.81999969482422,37.29999923706055,37.790000915527344,2382400
2014-08-26,37.71500015258789,37.8849983215332,37.15999984741211,37.23500061035156,2572600
2014-08-27,37.439998626708984,37.77000045776367,37.279998779296875,37.7400016784668,1859400
2014-08-28,37.689998626708984,38.189998626708984,37.61000061035156,38.165000915527344,1704800
2014-08-29,38.21500015258789,38.724998474121094,38.18000030517578,38.70500183105469,2707800
2014-09-02,38.665000915527344,38.709999084472656,37.94499969482422,38.189998626708984,3919600
2014-09-03,38.275001525878906,38.75,38.275001525878906,38.56999969482422,1775400
2014-09-04,38.505001068115234,38.64500045776367,38.22999954223633,38.43000030517578,3608800
2014-09-05,38.48500061035156,38.81999969482422,38.29999923706055,38.70500183105469,2771200
2014-09-08,38.7400016784668,38.779998779296875,38.029998779296875,38.17499923706055,2388600
2014-09-09,38.060001373291016,38.35499954223633,37.779998779296875,38.064998626708984,2594000
2014-09-10,38.09000015258789,38.17499923706055,37.790000915527344,38.08000183105469,1663800
2014-09-11,38.095001220703125,38.540000915527344,37.95000076293945,38.529998779296875,1969800
2014-09-12,38.27000045776367,38.32500076293945,37.64500045776367,37.7400016784668,1688600
2014-09-15,37.84000015258789,38.21500015258789,37.775001525878906,37.974998474121094,2680800
2014-09-16,37.92499923706055,38.744998931884766,37.85499954223633,38.505001068115234,2389600
2014-09-17,38.61000061035156,38.72999954223633,38.119998931884766,38.2599983215332,2160600
2014-09-18,38.345001220703125,38.51499938964844,37.79999923706055,37.91999816894531,1860400
2014-09-19,38.064998626708984,38.439998626708984,37.93000030517578,38.40999984741211,3183800
2014-09-22,38.2599983215332,38.779998779296875,38.165000915527344,38.494998931884766,2393600
2014-09-23,38.47999954223633,38.52000045776367,38.18000030517578,38.255001068115234,3525000
2014-09-24,38.31999969482422,38.36000061035156,38.005001068115234,38.154998779296875,1718200
2014-09-25,38.15999984741211,38.26499938964844,37.900001525878906,38.0,2445000
2014-09-26,38.04999923706055,38.224998474121094,37.71500015258789,38.06999969482422,1868400
2014-09-29,38.0,38.3849983215332,37.95000076293945,38.369998931884766,1996000
2014-09-30,38.470001220703125,39.185001373291016,38.39500045776367,38.665000915527344,3231600
2014-10-01,38.665000915527344,39.349998474121094,38.5,39.02000045776367,2926800
2014-10-02,38.89500045776367,39.15999984741211,38.65999984741211,38.73500061035156,3187400
2014-10-03,38.84000015258789,38.994998931884766,38.255001068115234,38.90999984741211,2299400
2014-10-06,38.95000076293945,39.13999938964844,38.73500061035156,38.85499954223633,1814400
2014-10-07,38.75,39.41999816894531,38.685001373291016,38.904998779296875,3225400
2014-10-08,38.994998931884766,39.81999969482422,38.904998779296875,39.810001373291016,3543400
2014-10-09,39.525001525878906,39.83000183105469,38.720001220703125,38.755001068115234,4219800
2014-10-10,38.88999938964844,39.33000183105469,38.84000015258789,38.915000915527344,3112200
2014-10-13,38.994998931884766,39.78499984741211,38.85499954223633,39.34000015258789,3885000
2014-10-14,39.525001525878906,40.79499816894531,39.369998931884766,40.52000045776367,5555400
2014-10-15,39.4900016784668,40.83000183105469,38.82500076293945,39.474998474121094,5557200
2014-10-16,38.935001373291016,39.7599983215332,38.525001525878906,39.70000076293945,3930400
2014-10-17,39.900001525878906,39.9900016784668,39.02000045776367,39.665000915527344,4754000
2014-10-20,39.64500045776367,39.974998474121094,39.54999923706055,39.91999816894531,2543400
2014-10-21,40.029998779296875,40.03499984741211,39.70000076293945,40.0,2565200
2014-10-22,40.0,40.689998626708984,39.97999954223633,40.470001220703125,2512800
2014-10-23,40.744998931884766,40.97999954223633,40.375,40.64500045776367,2844800
2014-10-24,40.63999938964844,41.095001220703125,40.619998931884766,41.06999969482422,2178000
2014-10-27,41.06999969482422,41.32500076293945,40.88999938964844,41.05500030517578,3272400
2014-10-28,41.064998626708984,41.11000061035156,40.54999923706055,40.939998626708984,3771600
2014-10-29,41.025001525878906,41.439998626708984,40.59000015258789,41.029998779296875,2765200
2014-10-30,41.22999954223633,42.130001068115234,40.974998474121094,42.119998931884766,2845800
2014-10-31,42.279998779296875,42.290000915527344,41.775001525878906,42.0099983215332,4330800
2014-11-03,42.150001525878906,42.154998779296875,41.7400016784668,41.92499923706055,4330400
2014-11-04,40.3849983215332,41.875,40.02000045776367,41.23500061035156,3514000
2014-11-05,41.53499984741211,42.064998626708984,41.2400016784668,41.849998474121094,7503200
2014-11-06,41.8650016784668,41.92499923706055,40.5,40.97999954223633,7339200
2014-11-07,41.189998626708984,41.35499954223633,40.755001068115234,41.34000015258789,4651000
2014-11-10,41.040000915527344,41.65999984741211,41.040000915527344,41.64500045776367,4733400
2014-11-11,41.7400016784668,41.790000915527344,41.2400016784668,41.47999954223633,3259800
2014-11-12,41.15999984741211,41.244998931884766,40.290000915527344,40.810001373291016,5086800
2014-11-13,40.915000915527344,41.400001525878906,40.7400016784668,40.84000015258789,3862000
2014-11-14,40.755001068115234,40.974998474121094,40.54499816894531,40.724998474121094,3267800
2014-11-17,40.654998779296875,41.724998474121094,40.58000183105469,41.6349983215332,3708600
2014-11-18,41.72999954223633,42.220001220703125,41.435001373291016,41.95000076293945,2475000
2014-11-19,41.84000015258789,42.060001373291016,41.529998779296875,41.66999816894531,2889800
2014-11-20,41.45000076293945,41.63999938964844,41.02000045776367,41.1150016784668,2464200
2014-11-21,41.45500183105469,41.4900016784668,40.900001525878906,41.20000076293945,3084000
2014-11-24,41.279998779296875,41.36000061035156,40.68000030517578,40.73500061035156,2466000
2014-11-25,40.709999084472656,40.77000045776367,40.48500061035156,40.654998779296875,2508800
2014-11-26,40.834999084472656,41.244998931884766,40.77000045776367,41.084999084472656,2757200
2014-11-28,41.17499923706055,42.005001068115234,41.17499923706055,41.95000076293945,1830800
2014-12-01,41.60499954223633,42.494998931884766,41.380001068115234,41.915000915527344,4033600
2014-12-02,41.76499938964844,42.05500030517578,41.6349983215332,41.849998474121094,3096400
2014-12-03,41.849998474121094,41.93000030517578,41.54999923706055,41.73500061035156,2062200
2014-12-04,41.650001525878906,41.994998931884766,41.599998474121094,41.779998779296875,2074200
2014-12-05,41.25,41.5,41.09000015258789,41.36000061035156,3269800
2014-12-08,41.415000915527344,42.15999984741211,41.310001373291016,42.02000045776367,2211000
2014-12-09,41.915000915527344,42.39500045776367,41.67499923706055,41.9900016784668,4238800
2014-12-10,41.994998931884766,42.2599983215332,41.52000045776367,41.54499816894531,2409000
2014-12-11,41.60499954223633,42.60499954223633,41.560001373291016,42.45000076293945,3285000
2014-12-12,42.16999816894531,43.994998931884766,42.07500076293945,43.20500183105469,8075000
2014-12-15,43.255001068115234,43.959999084472656,42.959999084472656,43.185001373291016,6155800
2014-12-16,43.25,43.70500183105469,42.93000030517578,43.0,5393400
2014-12-17,43.095001220703125,43.880001068115234,43.040000915527344,43.65999984741211,4497000
2014-12-18,43.66999816894531,44.35499954223633,43.540000915527344,44.349998474121094,3255000
2014-12-19,44.529998779296875,44.97999954223633,44.279998779296875,44.51499938964844,6893800
2014-12-22,43.27000045776367,44.32500076293945,43.064998626708984,44.154998779296875,3928000
2014-12-23,44.25,44.43000030517578,43.77000045776367,44.03499984741211,2749800
2014-12-24,44.07500076293945,44.994998931884766,43.935001373291016,44.76499938964844,2565800
2014-12-26,44.8849983215332,45.51499938964844,44.8849983215332,45.209999084472656,1704400
2014-12-29,45.275001525878906,46.0099983215332,45.17499923706055,45.58000183105469,2459400
2014-12-30,45.584999084472656,45.584999084472656,44.84000015258789,44.96500015258789,2283400
2014-12-31,45.130001068115234,45.279998779296875,43.70000076293945,43.7400016784668,3128600
2015-01-02,43.7400016784668,44.04999923706055,43.33000183105469,43.85499954223633,3889600
2015-01-05,43.904998779296875,44.130001068115234,43.279998779296875,43.525001525878906,3322200
2015-01-06,43.55500030517578,44.375,43.415000915527344,43.44499969482422,3676000
2015-01-07,43.5099983215332,44.154998779296875,43.334999084472656,43.8849983215332,2188400
2015-01-08,43.970001220703125,44.3650016784668,43.900001525878906,44.14500045776367,2037000
2015-01-09,44.255001068115234,44.44499969482422,43.439998626708984,43.89500045776367,2936200
2015-01-12,44.064998626708984,44.11000061035156,43.275001525878906,43.52000045776367,2229400
2015-01-13,43.7599983215332,44.314998626708984,42.85499954223633,43.02000045776367,5190800
2015-01-14,42.79999923706055,43.599998474121094,42.584999084472656,43.57500076293945,3042600
2015-01-15,43.70500183105469,44.31999969482422,43.5,44.244998931884766,2964800
2015-01-16,44.275001525878906,44.5,44.0,44.334999084472656,2591400
2015-01-20,44.54999923706055,44.779998779296875,43.970001220703125,44.349998474121094,2393000
2015-01-21,44.23500061035156,44.880001068115234,43.96500015258789,44.84000015258789,1915200
2015-01-22,45.02000045776367,45.165000915527344,44.35499954223633,44.709999084472656,3007800
2015-01-23,44.834999084472656,44.939998626708984,44.61000061035156,44.79999923706055,2508400
2015-01-26,44.744998931884766,44.86000061035156,44.20000076293945,44.415000915527344,2434400
2015-01-27,44.44499969482422,44.6349983215332,44.16999816894531,44.220001220703125,2291400
2015-01-28,44.224998474121094,45.060001373291016,44.224998474121094,44.46500015258789,4057200
2015-01-29,44.334999084472656,45.029998779296875,44.1349983215332,44.95000076293945,2402000
2015-01-30,44.78499984741211,44.89500045776367,43.71500015258789,43.755001068115234,2562800
2015-02-02,43.779998779296875,44.28499984741211,43.38999938964844,44.07500076293945,3084600
2015-02-03,44.10499954223633,44.7599983215332,43.73500061035156,44.709999084472656,3515000
2015-02-04,44.529998779296875,44.625,43.58000183105469,43.73500061035156,3163600
2015-02-05,43.7400016784668,44.064998626708984,42.79999923706055,43.2599983215332,4425000
2015-02-06,43.07500076293945,43.185001373291016,40.994998931884766,41.20500183105469,5703400
2015-02-09,41.27000045776367,41.56999969482422,40.51499938964844,40.650001525878906,4198000
2015-02-10,40.334999084472656,40.94499969482422,40.29499816894531,40.91999816894531,4953000
2015-02-11,40.900001525878906,40.904998779296875,40.2400016784668,40.47999954223633,3450000
2015-02-12,40.540000915527344,40.63999938964844,40.130001068115234,40.32500076293945,3019600
2015-02-13,40.08000183105469,40.125,39.17499923706055,39.560001373291016,4174600
2015-02-17,39.540000915527344,39.91999816894531,39.07500076293945,39.43000030517578,3033400
2015-02-18,39.45000076293945,40.185001373291016,39.26499938964844,40.130001068115234,2607000
2015-02-19,40.220001220703125,40.400001525878906,39.724998474121094,39.880001068115234,1624400
2015-02-20,39.84000015258789,39.915000915527344,39.25,39.65999984741211,2321200
2015-02-23,39.85499954223633,40.150001525878906,39.66999816894531,40.13999938964844,1999800
2015-02-24,40.125,40.53499984741211,39.935001373291016,40.22999954223633,2741200
2015-02-25,40.084999084472656,40.404998779296875,39.584999084472656,39.689998626708984,2417200
2015-02-26,39.85499954223633,39.915000915527344,39.474998474121094,39.599998474121094,2056200
2015-02-27,39.625,39.78499984741211,39.255001068115234,39.755001068115234,3019000
2015-03-02,39.59000015258789,39.69499969482422,38.41999816894531,38.834999084472656,4140600
2015-03-03,38.775001525878906,38.88999938964844,38.36000061035156,38.7400016784668,2135400
2015-03-04,38.45000076293945,38.63999938964844,38.005001068115234,38.25,2293400
2015-03-05,38.41999816894531,38.654998779296875,38.310001373291016,38.5099983215332,1690200
2015-03-06,38.04999923706055,38.04999923706055,37.150001525878906,37.334999084472656,2490200
2015-03-09,37.41999816894531,37.65999984741211,37.22999954223633,37.349998474121094,2063400
2015-03-10,37.21500015258789,37.94499969482422,37.17499923706055,37.7400016784668,3290000
2015-03-11,37.85499954223633,37.85499954223633,37.20500183105469,37.345001220703125,2216600
2015-03-12,37.560001373291016,38.345001220703125,37.560001373291016,38.130001068115234,2415600
2015-03-13,37.869998931884766,37.900001525878906,36.939998626708984,37.32500076293945,3833000
2015-03-16,37.494998931884766,38.32500076293945,37.494998931884766,38.0,2152600
2015-03-17,37.849998474121094,38.18000030517578,37.78499984741211,37.98500061035156,1859200
2015-03-18,37.91999816894531,39.32500076293945,37.834999084472656,39.06999969482422,2590800
2015-03-19,38.974998474121094,39.474998474121094,38.834999084472656,38.970001220703125,4860000
2015-03-20,39.150001525878906,39.68000030517578,39.02000045776367,39.525001525878906,6074000
2015-03-23,39.494998931884766,39.57500076293945,39.1349983215332,39.244998931884766,2429600
2015-03-24,39.09000015258789,39.34000015258789,38.584999084472656,38.64500045776367,2439200
2015-03-25,38.845001220703125,39.06999969482422,38.439998626708984,38.470001220703125,2746000
2015-03-26,38.275001525878906,38.67499923706055,37.95000076293945,38.2599983215332,1926800
2015-03-27,38.22999954223633,38.619998931884766,38.125,38.34000015258789,1652000
2015-03-30,38.435001373291016,38.94499969482422,38.185001373291016,38.654998779296875,2387000
2015-03-31,38.665000915527344,39.040000915527344,38.39500045776367,38.744998931884766,2615800
2015-04-01,38.654998779296875,38.915000915527344,38.125,38.845001220703125,1903600
2015-04-02,38.78499984741211,39.040000915527344,38.63999938964844,38.834999084472656,1682800
2015-04-06,38.959999084472656,39.72999954223633,38.959999084472656,39.70500183105469,2269000
2015-04-07,39.70500183105469,39.71500015258789,39.0099983215332,39.05500030517578,1664200
2015-04-08,39.0099983215332,39.099998474121094,38.540000915527344,38.97999954223633,2081600
2015-04-09,38.88999938964844,39.084999084472656,38.345001220703125,38.505001068115234,2260200
2015-04-10,38.709999084472656,39.19499969482422,38.54999923706055,39.04499816894531,1188800
2015-04-13,38.845001220703125,39.04999923706055,38.61000061035156,38.63999938964844,1133200
2015-04-14,38.775001525878906,39.03499984741211,38.584999084472656,38.88999938964844,1209600
2015-04-15,38.88999938964844,39.3849983215332,38.88999938964844,38.904998779296875,1276000
2015-04-16,38.8650016784668,38.974998474121094,38.34000015258789,38.68000030517578,1698000
2015-04-17,38.53499984741211,38.91999816894531,38.5099983215332,38.64500045776367,2236200
2015-04-20,38.78499984741211,39.470001220703125,38.76499938964844,39.18000030517578,1724400
2015-04-21,39.21500015258789,39.54999923706055,38.935001373291016,39.029998779296875,2389400
2015-04-22,39.1150016784668,39.18000030517578,38.55500030517578,38.935001373291016,1915200
2015-04-23,38.93000030517578,39.61000061035156,38.84000015258789,39.28499984741211,1882400
2015-04-24,39.244998931884766,39.91999816894531,39.04999923706055,39.56999969482422,2815000
2015-04-27,39.70500183105469,39.70500183105469,38.904998779296875,39.06999969482422,2228200
2015-04-28,38.96500015258789,39.61000061035156,38.790000915527344,39.5099983215332,2731200
2015-04-29,38.80500030517578,39.345001220703125,38.3849983215332,39.20000076293945,3734600
2015-04-30,39.16999816894531,39.16999816894531,38.31999969482422,38.59000015258789,2499600
2015-05-01,38.599998474121094,38.709999084472656,38.29499816894531,38.595001220703125,1788800
2015-05-04,38.59000015258789,39.22999954223633,38.5,38.90999984741211,1811800
2015-05-05,38.724998474121094,38.959999084472656,37.71500015258789,37.775001525878906,2569400
2015-05-06,37.80500030517578,38.1150016784668,37.439998626708984,37.88999938964844,2781800
2015-05-07,38.10499954223633,38.474998474121094,37.8849983215332,38.23500061035156,2278400
2015-05-08,38.56999969482422,38.79499816894531,37.994998931884766,38.20000076293945,2559400
2015-05-11,38.20000076293945,38.3650016784668,38.005001068115234,38.04499816894531,3719400
2015-05-12,37.505001068115234,37.56999969482422,36.974998474121094,37.1150016784668,3559800
2015-05-13,37.28499984741211,37.61000061035156,36.75,36.880001068115234,3170800
2015-05-14,37.029998779296875,37.32500076293945,36.95000076293945,37.1150016784668,2312200
2015-05-15,37.244998931884766,37.650001525878906,37.16999816894531,37.4900016784668,3002800
2015-05-18,37.310001373291016,37.69499969482422,37.290000915527344,37.63999938964844,1467600
2015-05-19,37.51499938964844,38.1349983215332,37.375,38.10499954223633,2322000
2015-05-20,38.05500030517578,38.30500030517578,37.88999938964844,38.02000045776367,2215000
2015-05-21,38.040000915527344,38.20000076293945,37.83000183105469,38.060001373291016,1661200
2015-05-22,37.959999084472656,38.13999938964844,37.689998626708984,38.02000045776367,1318600
2015-05-26,38.040000915527344,38.150001525878906,37.474998474121094,37.7400016784668,2556800
2015-05-27,37.849998474121094,38.279998779296875,37.775001525878906,38.20500183105469,2268200
2015-05-28,38.119998931884766,38.40999984741211,37.96500015258789,38.275001525878906,2137000
2015-05-29,38.275001525878906,38.540000915527344,38.14500045776367,38.23500061035156,2155800
2015-06-01,38.27000045776367,38.58000183105469,38.21500015258789,38.290000915527344,2257600
2015-06-02,37.95500183105469,38.154998779296875,37.290000915527344,37.55500030517578,2845600
2015-06-03,37.41999816894531,37.60499954223633,36.685001373291016,36.915000915527344,4106200
2015-06-04,36.755001068115234,37.2400016784668,36.69499969482422,36.880001068115234,2056400
2015-06-05,36.52000045776367,36.52000045776367,35.96500015258789,36.060001373291016,2470200
2015-06-08,36.119998931884766,36.29499816894531,35.97999954223633,35.9900016784668,2127400
2015-06-09,36.314998626708984,36.314998626708984,35.439998626708984,35.45000076293945,2918800
2015-06-10,35.665000915527344,35.869998931884766,35.31999969482422,35.35499954223633,5417800
2015-06-11,35.599998474121094,35.875,35.36000061035156,35.709999084472656,3488200
2015-06-12,35.58000183105469,35.790000915527344,35.349998474121094,35.35499954223633,1806800
2015-06-15,35.244998931884766,35.5,35.060001373291016,35.474998474121094,2951600
2015-06-16,35.439998626708984,35.595001220703125,35.220001220703125,35.415000915527344,1565600
2015-06-17,35.3849983215332,35.810001373291016,35.209999084472656,35.595001220703125,3169200
2015-06-18,35.65999984741211,36.18000030517578,35.65999984741211,36.02000045776367,3906800
2015-06-19,35.81999969482422,36.1150016784668,35.72999954223633,35.78499984741211,2988200
2015-06-22,35.90999984741211,35.95000076293945,35.625,35.75,1691400
2015-06-23,35.72999954223633,35.790000915527344,35.27000045776367,35.38999938964844,2132200
2015-06-24,35.42499923706055,35.59000015258789,35.25,35.255001068115234,2389000
2015-06-25,35.2599983215332,35.26499938964844,34.72999954223633,34.73500061035156,1572200
2015-06-26,34.69499969482422,35.314998626708984,34.529998779296875,35.255001068115234,3973400
2015-06-29,35.275001525878906,35.595001220703125,34.91999816894531,34.974998474121094,2709800
2015-06-30,35.150001525878906,35.70500183105469,34.994998931884766,35.25,9107800
2015-07-01,35.33000183105469,35.75,35.2400016784668,35.724998474121094,4656000
2015-07-02,36.119998931884766,36.334999084472656,35.78499984741211,35.939998626708984,2788200
2015-07-06,35.869998931884766,36.23500061035156,35.7400016784668,36.23500061035156,2841800
2015-07-07,36.380001068115234,37.0,36.334999084472656,36.80500030517578,5372600
2015-07-08,36.65999984741211,37.04499816894531,36.56999969482422,36.650001525878906,3464000
2015-07-09,36.73500061035156,36.8650016784668,36.185001373291016,36.2599983215332,2532400
2015-07-10,36.244998931884766,36.58000183105469,36.05500030517578,36.244998931884766,1899000
2015-07-13,36.40999984741211,36.494998931884766,36.0099983215332,36.125,1678600
2015-07-14,36.130001068115234,36.43000030517578,35.994998931884766,36.14500045776367,2593800
2015-07-15,36.220001220703125,36.2599983215332,35.869998931884766,36.125,3073600
2015-07-16,36.18000030517578,36.720001220703125,36.18000030517578,36.48500061035156,2966000
2015-07-17,36.560001373291016,36.560001373291016,36.154998779296875,36.185001373291016,1733600
2015-07-20,36.16999816894531,36.21500015258789,35.814998626708984,36.13999938964844,1810800
2015-07-21,36.11000061035156,36.19499969482422,35.46500015258789,35.650001525878906,2077200
2015-07-22,35.66999816894531,35.900001525878906,35.435001373291016,35.5,2846200
2015-07-23,35.345001220703125,35.39500045776367,34.57500076293945,34.849998474121094,3411000
2015-07-24,34.88999938964844,34.94499969482422,34.57500076293945,34.60499954223633,1843400
2015-07-27,34.625,35.400001525878906,34.625,35.20000076293945,2222200
2015-07-28,34.875,35.23500061035156,34.775001525878906,34.9900016784668,2912200
2015-07-29,34.915000915527344,35.11000061035156,34.71500015258789,35.05500030517578,2369400
2015-07-30,34.95000076293945,35.54499816894531,34.86000061035156,35.18000030517578,2053400
2015-07-31,35.44499969482422,35.75,35.44499969482422,35.5099983215332,2375800
2015-08-03,35.625,35.779998779296875,35.44499969482422,35.599998474121094,3206800
2015-08-04,35.0,35.29999923706055,34.1150016784668,34.290000915527344,5658200
2015-08-05,34.290000915527344,34.29499816894531,33.875,33.939998626708984,5953600
2015-08-06,33.93000030517578,34.744998931884766,33.6150016784668,34.720001220703125,3543200
2015-08-07,34.689998626708984,35.435001373291016,34.43000030517578,35.130001068115234,2762800
2015-08-10,35.15999984741211,35.35499954223633,34.275001525878906,34.45500183105469,3758800
2015-08-11,34.15999984741211,34.76499938964844,34.125,34.470001220703125,3808400
2015-08-12,34.314998626708984,35.11000061035156,34.25,35.005001068115234,3767600
2015-08-13,35.005001068115234,35.029998779296875,34.540000915527344,34.89500045776367,2486800
2015-08-14,34.79999923706055,35.099998474121094,34.724998474121094,35.04999923706055,3062600
2015-08-17,35.040000915527344,35.45500183105469,34.95500183105469,35.33000183105469,3565600
2015-08-18,35.21500015258789,35.5099983215332,35.1150016784668,35.310001373291016,2661600
2015-08-19,35.130001068115234,35.56999969482422,35.05500030517578,35.435001373291016,2042200
2015-08-20,35.185001373291016,35.779998779296875,35.05500030517578,35.279998779296875,2360600
2015-08-21,35.16999816894531,35.43000030517578,34.69499969482422,34.69499969482422,3125000
2015-08-24,33.70000076293945,34.7400016784668,32.77000045776367,32.95000076293945,4975200
2015-08-25,33.209999084472656,33.61000061035156,31.799999237060547,31.799999237060547,4653800
2015-08-26,32.17499923706055,32.2599983215332,31.600000381469727,32.14500045776367,4202600
2015-08-27,32.2400016784668,32.95500183105469,32.2400016784668,32.904998779296875,4750600
2015-08-28,32.88999938964844,33.1349983215332,32.53499984741211,32.95000076293945,3429200
2015-08-31,32.810001373291016,32.81999969482422,32.21500015258789,32.665000915527344,3409600
2015-09-01,32.22999954223633,32.22999954223633,31.329999923706055,31.530000686645508,3279200
2015-09-02,31.8799991607666,31.90999984741211,31.225000381469727,31.3799991607666,2582400
2015-09-03,31.405000686645508,31.704999923706055,31.309999465942383,31.4950008392334,2222800
2015-09-04,31.239999771118164,31.2549991607666,30.635000228881836,30.764999389648438,2994200
2015-09-08,31.135000228881836,31.364999771118164,30.924999237060547,31.19499969482422,3972800
2015-09-09,31.389999389648438,31.434999465942383,30.875,30.94499969482422,2585600
2015-09-10,30.915000915527344,31.385000228881836,30.8799991607666,31.014999389648438,3562000
2015-09-11,30.875,31.350000381469727,30.78499984741211,31.34000015258789,2369800
2015-09-14,31.34000015258789,31.639999389648438,31.274999618530273,31.415000915527344,2346200
2015-09-15,31.459999084472656,31.704999923706055,31.274999618530273,31.614999771118164,2515200
2015-09-16,31.68000030517578,32.244998931884766,31.614999771118164,31.975000381469727,3033200
2015-09-17,31.96500015258789,32.72999954223633,31.899999618530273,32.209999084472656,2103600
2015-09-18,31.954999923706055,32.43000030517578,31.8799991607666,32.125,3953000
2015-09-21,32.185001373291016,32.39500045776367,31.905000686645508,31.96500015258789,2503000
2015-09-22,32.20500183105469,32.314998626708984,31.844999313354492,32.02000045776367,3907400
2015-09-23,32.02000045776367,32.02000045776367,31.559999465942383,31.770000457763672,2888600
2015-09-24,31.19499969482422,31.8700008392334,31.149999618530273,31.795000076293945,3267400
2015-09-25,31.790000915527344,32.625,31.649999618530273,32.29499816894531,3283400
2015-09-28,32.15999984741211,32.53499984741211,32.0,32.029998779296875,2132200
2015-09-29,32.06999969482422,32.47999954223633,31.96500015258789,32.165000915527344,1649800
2015-09-30,32.2599983215332,32.56999969482422,32.125,32.54999923706055,2765000
2015-10-01,32.58000183105469,32.630001068115234,31.950000762939453,32.20500183105469,2472200
2015-10-02,32.459999084472656,32.96500015258789,32.20500183105469,32.94499969482422,2829600
2015-10-05,33.09000015258789,33.595001220703125,32.869998931884766,33.48500061035156,2234200
2015-10-06,33.400001525878906,33.494998931884766,32.81999969482422,33.05500030517578,2481400
2015-10-07,33.060001373291016,33.38999938964844,33.04999923706055,33.38999938964844,3140600
2015-10-08,33.375,34.11000061035156,33.119998931884766,33.834999084472656,2852400
2015-10-09,33.849998474121094,33.97999954223633,33.625,33.779998779296875,2732600
2015-10-12,33.8650016784668,34.529998779296875,33.6150016784668,34.13999938964844,1901800
2015-10-13,34.09000015258789,34.310001373291016,33.91999816894531,34.04999923706055,2697000
2015-10-14,34.07500076293945,34.28499984741211,33.834999084472656,33.959999084472656,2182200
2015-10-15,34.09000015258789,34.599998474121094,33.845001220703125,34.540000915527344,2188800
2015-10-16,34.779998779296875,35.0,34.540000915527344,34.650001525878906,3260800
2015-10-19,34.755001068115234,34.875,34.38999938964844,34.689998626708984,2534400
2015-10-20,34.595001220703125,35.2599983215332,34.45500183105469,35.03499984741211,2681600
2015-10-21,35.14500045776367,35.334999084472656,34.685001373291016,34.709999084472656,1458400
2015-10-22,34.810001373291016,35.064998626708984,34.65999984741211,35.029998779296875,2072800
2015-10-23,34.93000030517578,35.0099983215332,34.29499816894531,34.32500076293945,1991800
2015-10-26,34.439998626708984,34.4900016784668,33.89500045776367,34.244998931884766,2507200
2015-10-27,34.20000076293945,34.349998474121094,33.935001373291016,34.22999954223633,1553200
2015-10-28,34.22999954223633,34.459999084472656,33.599998474121094,33.880001068115234,2230600
2015-10-29,33.689998626708984,33.81999969482422,33.0099983215332,33.75,2360200
2015-10-30,33.75,34.18000030517578,33.630001068115234,34.08000183105469,3550000
2015-11-02,33.875,34.5,33.21500015258789,34.275001525878906,5021400
2015-11-03,34.2599983215332,34.96500015258789,34.17499923706055,34.64500045776367,3936000
2015-11-04,34.61000061035156,34.810001373291016,34.32500076293945,34.60499954223633,2686400
2015-11-05,34.599998474121094,34.775001525878906,33.915000915527344,34.029998779296875,2357000
2015-11-06,33.369998931884766,33.775001525878906,32.709999084472656,32.82500076293945,5129000
2015-11-09,32.415000915527344,32.685001373291016,32.05500030517578,32.56999969482422,2729600
2015-11-10,32.599998474121094,32.97999954223633,32.369998931884766,32.42499923706055,3459000
2015-11-11,32.47999954223633,33.20500183105469,32.35499954223633,33.029998779296875,3898600
2015-11-12,32.91999816894531,33.244998931884766,32.689998626708984,32.900001525878906,3557200
2015-11-13,32.93000030517578,33.14500045776367,32.494998931884766,32.57500076293945,2182800
2015-11-16,32.599998474121094,33.439998626708984,32.474998474121094,33.415000915527344,2377400
2015-11-17,33.334999084472656,33.459999084472656,32.650001525878906,32.720001220703125,2171600
2015-11-18,32.720001220703125,33.05500030517578,32.244998931884766,32.834999084472656,2431600
2015-11-19,32.9900016784668,33.10499954223633,32.6349983215332,32.91999816894531,2815600
2015-11-20,33.16999816894531,33.53499984741211,33.064998626708984,33.470001220703125,2568400
2015-11-23,33.45000076293945,33.650001525878906,33.279998779296875,33.334999084472656,1845600
2015-11-24,33.125,33.345001220703125,33.01499938964844,33.2400016784668,2394200
2015-11-25,33.334999084472656,33.334999084472656,32.70000076293945,33.06999969482422,1561000
2015-11-27,33.040000915527344,33.20000076293945,32.915000915527344,33.084999084472656,806800
2015-11-30,33.064998626708984,33.619998931884766,33.0099983215332,33.314998626708984,2813000
2015-12-01,33.3849983215332,33.974998474121094,32.72999954223633,33.69499969482422,2560800
2015-12-02,33.599998474121094,33.599998474121094,32.6150016784668,32.654998779296875,2213000
2015-12-03,32.48500061035156,32.625,32.09000015258789,32.18000030517578,2260200
2015-12-04,32.30500030517578,33.0,32.125,32.96500015258789,2374400
2015-12-07,32.869998931884766,33.35499954223633,32.625,33.345001220703125,2940600
2015-12-08,33.255001068115234,33.38999938964844,33.08000183105469,33.279998779296875,2660200
2015-12-09,33.119998931884766,34.314998626708984,33.05500030517578,34.02000045776367,4656000
2015-12-10,33.98500061035156,34.02000045776367,32.83000183105469,32.85499954223633,3574600
2015-12-11,32.650001525878906,33.18000030517578,32.540000915527344,32.83000183105469,3783600
2015-12-14,32.81999969482422,32.90999984741211,32.099998474121094,32.720001220703125,3886600
2015-12-15,32.7400016784668,32.900001525878906,32.529998779296875,32.61000061035156,3628800
2015-12-16,32.79999923706055,33.619998931884766,32.685001373291016,33.564998626708984,4056400
2015-12-17,33.54999923706055,33.834999084472656,33.189998626708984,33.6150016784668,2631400
2015-12-18,33.45500183105469,33.66999816894531,33.03499984741211,33.130001068115234,9391000
2015-12-21,33.31999969482422,33.32500076293945,32.8849983215332,33.09000015258789,3043000
2015-12-22,33.189998626708984,33.90999984741211,32.869998931884766,33.84000015258789,1942200
2015-12-23,33.959999084472656,34.48500061035156,33.95000076293945,34.39500045776367,1584800
2015-12-24,34.290000915527344,34.470001220703125,34.154998779296875,34.345001220703125,792600
2015-12-28,34.19499969482422,34.54499816894531,34.099998474121094,34.43000030517578,1348000
2015-12-29,34.564998626708984,34.70500183105469,34.44499969482422,34.599998474121094,1503800
2015-12-30,34.63999938964844,34.744998931884766,34.4900016784668,34.625,1404200
2015-12-31,34.55500030517578,34.55500030517578,33.82500076293945,34.18000030517578,1756200
2016-01-04,33.95500183105469,34.29999923706055,33.3849983215332,34.290000915527344,2702200
2016-01-05,34.23500061035156,34.58000183105469,33.51499938964844,34.474998474121094,2881200
2016-01-06,34.275001525878906,34.36000061035156,33.90999984741211,34.255001068115234,2531400
2016-01-07,33.95500183105469,34.30500030517578,33.63999938964844,33.77000045776367,2887200
2016-01-08,33.790000915527344,34.14500045776367,33.685001373291016,33.7599983215332,2702200
2016-01-11,33.869998931884766,34.095001220703125,33.53499984741211,33.775001525878906,2078800
2016-01-12,34.1349983215332,34.2599983215332,33.525001525878906,34.20000076293945,3781600
2016-01-13,34.310001373291016,34.540000915527344,33.849998474121094,34.099998474121094,3332600
2016-01-14,34.13999938964844,34.79499816894531,33.880001068115234,34.54999923706055,2315600
2016-01-15,34.29499816894531,34.29499816894531,33.709999084472656,34.04499816894531,3153800
2016-01-19,34.415000915527344,34.619998931884766,34.08000183105469,34.435001373291016,3113200
2016-01-20,34.209999084472656,34.45500183105469,32.689998626708984,33.279998779296875,3030200
2016-01-21,33.290000915527344,33.540000915527344,32.81999969482422,33.34000015258789,2229200
2016-01-22,33.630001068115234,34.42499923706055,33.41999816894531,34.3650016784668,2644800
2016-01-25,34.32500076293945,34.3650016784668,33.6150016784668,33.790000915527344,1970400
2016-01-26,33.96500015258789,34.77000045776367,33.94499969482422,34.349998474121094,1669000
2016-01-27,34.29499816894531,35.0099983215332,34.19499969482422,34.775001525878906,2359800
2016-01-28,34.744998931884766,35.45500183105469,34.560001373291016,35.279998779296875,1815800
2016-01-29,35.63999938964844,35.78499984741211,35.19499969482422,35.290000915527344,3916200
2016-02-01,35.310001373291016,35.90999984741211,35.16999816894531,35.79999923706055,2416800
2016-02-02,35.54999923706055,35.970001220703125,35.36000061035156,35.869998931884766,2513200
2016-02-03,35.96500015258789,36.97999954223633,35.90999984741211,36.67499923706055,3151800
2016-02-04,36.560001373291016,37.2400016784668,36.095001220703125,36.150001525878906,2726200
2016-02-05,36.025001525878906,36.33000183105469,35.57500076293945,36.11000061035156,3312200
2016-02-08,36.185001373291016,36.5099983215332,35.20500183105469,35.724998474121094,3496600
2016-02-09,34.98500061035156,35.650001525878906,34.82500076293945,35.369998931884766,3511400
2016-02-10,35.28499984741211,35.92499923706055,34.66999816894531,35.720001220703125,2912400
2016-02-11,35.5,35.755001068115234,35.10499954223633,35.27000045776367,3018800
2016-02-12,35.15999984741211,35.290000915527344,34.66999816894531,35.220001220703125,2558000
2016-02-16,35.349998474121094,35.54999923706055,34.915000915527344,35.3849983215332,3525200
2016-02-17,35.38999938964844,35.595001220703125,34.970001220703125,35.505001068115234,3166200
2016-02-18,35.775001525878906,36.96500015258789,35.400001525878906,36.720001220703125,4776200
2016-02-19,36.89500045776367,36.959999084472656,36.0,36.4900016784668,4465200
2016-02-22,36.724998474121094,37.119998931884766,36.5099983215332,37.005001068115234,2018400
2016-02-23,36.939998626708984,37.1150016784668,36.4900016784668,36.744998931884766,2643000
2016-02-24,36.709999084472656,37.0,36.3849983215332,36.724998474121094,2024200
2016-02-25,36.81999969482422,37.165000915527344,36.564998626708984,37.125,1866600
2016-02-26,36.915000915527344,37.290000915527344,35.82500076293945,35.869998931884766,2543000
2016-02-29,35.915000915527344,36.55500030517578,35.76499938964844,36.10499954223633,2547000
2016-03-01,36.349998474121094,36.494998931884766,35.974998474121094,36.099998474121094,2251800
2016-03-02,35.93000030517578,36.625,35.30500030517578,36.61000061035156,2339600
2016-03-03,36.599998474121094,36.654998779296875,35.88999938964844,36.56999969482422,2306600
2016-03-04,36.39500045776367,37.1349983215332,36.11000061035156,37.095001220703125,2030600
2016-03-07,37.0,37.29499816894531,36.790000915527344,36.970001220703125,2371600
2016-03-08,37.02000045776367,37.334999084472656,36.66999816894531,37.28499984741211,2500200
2016-03-09,37.30500030517578,37.95500183105469,37.290000915527344,37.625,3002600
2016-03-10,37.654998779296875,38.06999969482422,37.58000183105469,37.9900016784668,3150000
2016-03-11,38.11000061035156,38.36000061035156,37.869998931884766,37.959999084472656,2569600
2016-03-14,38.0099983215332,38.45500183105469,37.75,38.27000045776367,2279200
2016-03-15,38.095001220703125,38.65999984741211,38.08000183105469,38.310001373291016,1731400
2016-03-16,38.255001068115234,39.1150016784668,37.904998779296875,39.0099983215332,2527800
2016-03-17,39.07500076293945,39.58000183105469,38.869998931884766,39.470001220703125,2219000
2016-03-18,39.459999084472656,39.625,38.95000076293945,38.96500015258789,4820200
2016-03-21,38.77000045776367,39.345001220703125,38.73500061035156,39.20000076293945,2577400
2016-03-22,39.18000030517578,39.41999816894531,38.80500030517578,38.849998474121094,2337400
2016-03-23,38.88999938964844,39.31999969482422,38.71500015258789,39.06999969482422,1769600
2016-03-24,38.91999816894531,39.494998931884766,38.79499816894531,39.41999816894531,1692800
2016-03-28,39.47999954223633,39.665000915527344,39.02000045776367,39.084999084472656,1674800
2016-03-29,39.17499923706055,39.81999969482422,38.970001220703125,39.80500030517578,1798200
2016-03-30,39.73500061035156,39.845001220703125,39.400001525878906,39.6150016784668,1577800
2016-03-31,39.6150016784668,39.86000061035156,39.44499969482422,39.63999938964844,3296600
2016-04-01,39.66999816894531,40.029998779296875,39.470001220703125,39.98500061035156,4778600
2016-04-04,39.974998474121094,40.0,39.35499954223633,39.470001220703125,2834200
2016-04-05,39.369998931884766,39.44499969482422,38.48500061035156,38.54499816894531,4677600
2016-04-06,38.54499816894531,38.70000076293945,38.28499984741211,38.60499954223633,2955400
2016-04-07,38.474998474121094,38.869998931884766,38.41999816894531,38.595001220703125,2746800
2016-04-08,38.75,39.05500030517578,38.404998779296875,38.47999954223633,4010200
2016-04-11,38.584999084472656,38.900001525878906,38.334999084472656,38.40999984741211,2478000
2016-04-12,38.125,38.45000076293945,38.05500030517578,38.279998779296875,6265400
2016-04-13,38.45500183105469,38.45500183105469,38.005001068115234,38.275001525878906,2573600
2016-04-14,38.16999816894531,38.400001525878906,37.82500076293945,37.91999816894531,2839000
2016-04-15,37.900001525878906,38.2400016784668,37.790000915527344,38.060001373291016,2878600
2016-04-18,37.900001525878906,38.185001373291016,37.849998474121094,38.125,3205000
2016-04-19,38.224998474121094,38.36000061035156,38.08000183105469,38.21500015258789,3694400
2016-04-20,38.20000076293945,38.28499984741211,37.220001220703125,37.314998626708984,3280400
2016-04-21,37.220001220703125,37.220001220703125,36.625,36.755001068115234,4491400
2016-04-22,36.915000915527344,37.30500030517578,36.8650016784668,37.17499923706055,2927200
2016-04-25,37.165000915527344,37.29999923706055,36.84000015258789,37.14500045776367,2807800
2016-04-26,37.375,37.75,36.91999816894531,37.30500030517578,4765600
2016-04-27,37.2400016784668,37.48500061035156,36.779998779296875,37.35499954223633,4263400
2016-04-28,36.974998474121094,37.310001373291016,36.7599983215332,37.21500015258789,3049000
2016-04-29,37.0099983215332,37.59000015258789,36.810001373291016,37.59000015258789,3320200
2016-05-02,37.65999984741211,38.0,37.6349983215332,37.779998779296875,2911600
2016-05-03,37.70500183105469,38.30500030517578,37.64500045776367,38.2599983215332,4416800
2016-05-04,38.23500061035156,38.95000076293945,38.1349983215332,38.494998931884766,3657200
2016-05-05,38.46500015258789,38.880001068115234,38.279998779296875,38.42499923706055,3200000
2016-05-06,38.349998474121094,38.349998474121094,37.82500076293945,38.08000183105469,2109000
2016-05-09,38.1150016784668,38.31999969482422,37.94499969482422,38.27000045776367,2877800
2016-05-10,37.834999084472656,38.15999984741211,37.68000030517578,38.0,3075000
2016-05-11,38.05500030517578,38.36000061035156,37.71500015258789,38.29499816894531,3470800
2016-05-12,38.345001220703125,38.630001068115234,38.165000915527344,38.53499984741211,2569800
2016-05-13,38.435001373291016,38.54499816894531,38.1349983215332,38.29999923706055,2602600
2016-05-16,38.22999954223633,38.34000015258789,37.849998474121094,38.209999084472656,2353600
2016-05-17,38.04499816894531,38.290000915527344,37.72999954223633,37.90999984741211,3275000
2016-05-18,37.654998779296875,37.67499923706055,36.55500030517578,36.685001373291016,4308800
2016-05-19,36.53499984741211,37.19499969482422,36.334999084472656,37.15999984741211,2557600
2016-05-20,37.28499984741211,37.31999969482422,36.93000030517578,37.150001525878906,5839800
2016-05-23,37.209999084472656,37.314998626708984,36.81999969482422,36.845001220703125,1671400
2016-05-24,36.91999816894531,37.07500076293945,36.775001525878906,37.040000915527344,2553200
2016-05-25,37.025001525878906,37.34000015258789,36.76499938964844,37.220001220703125,1853000
2016-05-26,37.189998626708984,37.82500076293945,37.189998626708984,37.790000915527344,1634000
2016-05-27,37.73500061035156,37.8650016784668,37.599998474121094,37.82500076293945,1396400
2016-05-31,37.724998474121094,37.994998931884766,37.6150016784668,37.959999084472656,2449600
2016-06-01,37.935001373291016,38.314998626708984,37.779998779296875,38.314998626708984,3027000
2016-06-02,38.1349983215332,38.45500183105469,37.91999816894531,38.44499969482422,2703000
2016-06-03,38.814998626708984,39.375,38.779998779296875,39.119998931884766,3148600
2016-06-06,39.42499923706055,39.650001525878906,39.0,39.165000915527344,2276800
2016-06-07,39.14500045776367,39.42499923706055,39.13999938964844,39.209999084472656,2879600
2016-06-08,39.220001220703125,39.3849983215332,39.06999969482422,39.30500030517578,2347600
2016-06-09,39.25,39.43000030517578,38.875,39.34000015258789,4177600
2016-06-10,39.220001220703125,39.55500030517578,39.099998474121094,39.32500076293945,3273200
2016-06-13,39.42499923706055,39.654998779296875,39.150001525878906,39.17499923706055,2861000
2016-06-14,39.255001068115234,39.53499984741211,39.08000183105469,39.505001068115234,2875600
2016-06-15,39.474998474121094,39.494998931884766,38.970001220703125,39.040000915527344,2499600
2016-06-16,39.01499938964844,39.349998474121094,38.869998931884766,39.224998474121094,1819800
2016-06-17,39.125,39.38999938964844,38.95000076293945,39.32500076293945,3117400
2016-06-20,39.33000183105469,39.494998931884766,38.8650016784668,39.05500030517578,2587200
2016-06-21,38.994998931884766,39.20500183105469,38.834999084472656,38.974998474121094,2335600
2016-06-22,39.040000915527344,39.15999984741211,38.88999938964844,38.939998626708984,1686400
2016-06-23,38.93000030517578,39.150001525878906,38.685001373291016,39.14500045776367,2003200
2016-06-24,38.790000915527344,39.48500061035156,38.77000045776367,38.994998931884766,2503200
2016-06-27,38.974998474121094,39.54499816894531,38.849998474121094,39.45500183105469,2630000
2016-06-28,39.48500061035156,39.595001220703125,39.04499816894531,39.57500076293945,2236000
2016-06-29,39.72999954223633,39.849998474121094,39.290000915527344,39.41999816894531,3051400
2016-06-30,39.58000183105469,40.68000030517578,39.439998626708984,40.67499923706055,4245800
2016-07-01,40.71500015258789,40.81999969482422,40.279998779296875,40.80500030517578,2653400
2016-07-05,40.79499816894531,40.95000076293945,40.6349983215332,40.8650016784668,1997200
2016-07-06,40.849998474121094,41.04499816894531,40.540000915527344,41.01499938964844,2218800
2016-07-07,40.95000076293945,41.005001068115234,40.084999084472656,40.25,2278000
2016-07-08,40.14500045776367,40.459999084472656,39.82500076293945,40.439998626708984,2247000
2016-07-11,40.30500030517578,40.529998779296875,39.92499923706055,40.505001068115234,2013600
2016-07-12,40.224998474121094,40.76499938964844,40.064998626708984,40.529998779296875,3246600
2016-07-13,40.755001068115234,40.90999984741211,40.349998474121094,40.459999084472656,3404800
2016-07-14,40.2400016784668,40.380001068115234,39.775001525878906,39.89500045776367,2814400
2016-07-15,39.970001220703125,40.255001068115234,39.93000030517578,40.13999938964844,1946800
2016-07-18,40.07500076293945,40.33000183105469,40.07500076293945,40.189998626708984,1232200
2016-07-19,40.189998626708984,40.20500183105469,39.94499969482422,40.19499969482422,2143800
2016-07-20,40.220001220703125,40.29999923706055,39.90999984741211,39.97999954223633,1579600
2016-07-21,39.875,40.119998931884766,39.64500045776367,40.1150016784668,1599200
2016-07-22,40.130001068115234,40.8650016784668,40.10499954223633,40.82500076293945,1517800
2016-07-25,40.73500061035156,40.869998931884766,40.470001220703125,40.72999954223633,1314400
2016-07-26,40.73500061035156,40.73500061035156,40.32500076293945,40.439998626708984,1260400
2016-07-27,40.3650016784668,40.45000076293945,39.724998474121094,40.07500076293945,1311400
2016-07-28,40.02000045776367,40.334999084472656,39.96500015258789,40.2599983215332,1277600
2016-07-29,40.22999954223633,40.7400016784668,40.16999816894531,40.69499969482422,2338600
2016-08-01,40.64500045776367,40.80500030517578,40.459999084472656,40.6349983215332,2532800
2016-08-02,40.95000076293945,41.0,39.935001373291016,40.18000030517578,3065400
2016-08-03,40.345001220703125,40.529998779296875,39.939998626708984,40.165000915527344,2766000
2016-08-04,40.165000915527344,40.46500015258789,39.875,40.005001068115234,1912400
2016-08-05,39.935001373291016,40.02000045776367,39.6349983215332,39.79499816894531,2545000
2016-08-08,39.81999969482422,40.19499969482422,39.724998474121094,39.875,2382400
2016-08-09,39.45000076293945,39.63999938964844,39.275001525878906,39.43000030517578,2516600
2016-08-10,39.47999954223633,39.630001068115234,39.21500015258789,39.400001525878906,2678200
2016-08-11,39.459999084472656,39.724998474121094,39.3650016784668,39.6349983215332,2018800
2016-08-12,39.7599983215332,40.0,39.72999954223633,39.7599983215332,1606200
2016-08-15,39.77000045776367,39.849998474121094,39.095001220703125,39.10499954223633,1440600
2016-08-16,39.09000015258789,39.10499954223633,38.45000076293945,38.665000915527344,2581000
2016-08-17,38.689998626708984,39.165000915527344,38.29999923706055,39.09000015258789,2705600
2016-08-18,38.97999954223633,39.650001525878906,38.93000030517578,39.63999938964844,2055200
2016-08-19,39.46500015258789,39.584999084472656,38.834999084472656,38.994998931884766,2132400
2016-08-22,39.290000915527344,39.6150016784668,39.119998931884766,39.474998474121094,1678800
2016-08-23,39.625,39.869998931884766,39.44499969482422,39.45500183105469,1240800
2016-08-24,39.36000061035156,39.5099983215332,39.07500076293945,39.415000915527344,1286800
2016-08-25,39.435001373291016,39.650001525878906,39.33000183105469,39.540000915527344,1240000
2016-08-26,39.53499984741211,39.81999969482422,38.595001220703125,38.630001068115234,1474000
2016-08-29,38.75,39.17499923706055,38.7400016784668,39.165000915527344,1704800
2016-08-30,39.165000915527344,39.334999084472656,38.78499984741211,38.85499954223633,1329200
2016-08-31,38.8849983215332,39.1349983215332,38.75,39.099998474121094,3402000
2016-09-01,39.07500076293945,39.224998474121094,38.76499938964844,38.82500076293945,3173200
2016-09-02,38.89500045776367,39.52000045776367,38.8849983215332,39.48500061035156,1766200
2016-09-06,39.69499969482422,39.94499969482422,39.5099983215332,39.78499984741211,2008800
2016-09-07,39.685001373291016,40.15999984741211,39.46500015258789,40.1349983215332,2574600
2016-09-08,39.974998474121094,40.65999984741211,39.974998474121094,40.38999938964844,3711600
2016-09-09,40.165000915527344,40.165000915527344,38.7400016784668,38.779998779296875,2377200
2016-09-12,38.6349983215332,39.43000030517578,38.6349983215332,39.30500030517578,2367800
2016-09-13,39.125,39.224998474121094,38.255001068115234,38.44499969482422,2934200
2016-09-14,38.58000183105469,38.904998779296875,38.27000045776367,38.470001220703125,2546400
2016-09-15,38.41999816894531,38.875,38.30500030517578,38.814998626708984,1352800
2016-09-16,38.68000030517578,39.279998779296875,38.57500076293945,39.23500061035156,2815600
2016-09-19,39.39500045776367,39.63999938964844,39.279998779296875,39.56999969482422,1919400
2016-09-20,39.75,39.8849983215332,39.58000183105469,39.625,2121400
2016-09-21,39.625,40.5,39.625,40.48500061035156,1906200
2016-09-22,40.709999084472656,40.904998779296875,40.540000915527344,40.8650016784668,2064400
2016-09-23,40.78499984741211,40.915000915527344,40.564998626708984,40.71500015258789,2190400
2016-09-26,40.76499938964844,40.779998779296875,40.459999084472656,40.4900016784668,2203800
2016-09-27,40.650001525878906,40.86000061035156,39.7599983215332,39.79999923706055,2132400
2016-09-28,39.9900016784668,40.03499984741211,39.35499954223633,39.459999084472656,3872800
2016-09-29,39.32500076293945,39.32500076293945,38.625,38.665000915527344,3920800
2016-09-30,38.78499984741211,38.97999954223633,37.994998931884766,38.3650016784668,3507000
2016-10-03,38.279998779296875,38.279998779296875,37.65999984741211,37.880001068115234,3256600
2016-10-04,37.77000045776367,37.775001525878906,36.790000915527344,37.0099983215332,3938400
2016-10-05,37.040000915527344,37.43000030517578,36.64500045776367,36.67499923706055,5156600
2016-10-06,36.560001373291016,37.20000076293945,36.22999954223633,36.904998779296875,3396400
2016-10-07,37.1349983215332,37.375,36.55500030517578,36.564998626708984,3904000
2016-10-10,36.685001373291016,36.9900016784668,36.619998931884766,36.94499969482422,2888200
2016-10-11,36.94499969482422,37.06999969482422,36.619998931884766,36.64500045776367,3034600
2016-10-12,36.65999984741211,37.06999969482422,36.625,37.029998779296875,3790200
2016-10-13,37.04999923706055,37.755001068115234,36.959999084472656,37.439998626708984,3561200
2016-10-14,37.29499816894531,37.5099983215332,37.025001525878906,37.08000183105469,2237400
2016-10-17,37.02000045776367,37.43000030517578,37.0,37.31999969482422,2473400
2016-10-18,37.54999923706055,37.720001220703125,37.060001373291016,37.46500015258789,1889200
2016-10-19,37.525001525878906,37.564998626708984,37.154998779296875,37.44499969482422,1917000
2016-10-20,37.380001068115234,37.53499984741211,37.18000030517578,37.255001068115234,1564600
2016-10-21,37.064998626708984,37.31999969482422,36.95000076293945,37.084999084472656,1952200
2016-10-24,37.025001525878906,37.2400016784668,36.724998474121094,37.03499984741211,2307400
2016-10-25,36.755001068115234,36.869998931884766,36.220001220703125,36.2400016784668,4436800
2016-10-26,36.17499923706055,36.26499938964844,35.625,36.13999938964844,3693000
2016-10-27,35.775001525878906,35.97999954223633,35.45000076293945,35.939998626708984,4340400
2016-10-28,36.02000045776367,36.35499954223633,35.875,36.18000030517578,3088600
2016-10-31,36.29499816894531,36.95500183105469,36.20500183105469,36.84000015258789,4080800
2016-11-01,36.77000045776367,36.85499954223633,35.85499954223633,35.96500015258789,3840800
2016-11-02,35.8849983215332,35.915000915527344,35.494998931884766,35.709999084472656,3330600
2016-11-03,35.65999984741211,35.880001068115234,35.54499816894531,35.69499969482422,2790200
2016-11-04,35.849998474121094,36.224998474121094,35.38999938964844,35.40999984741211,2459200
2016-11-07,35.57500076293945,35.78499984741211,35.244998931884766,35.755001068115234,3505200
2016-11-08,35.400001525878906,35.994998931884766,35.39500045776367,35.8650016784668,3516000
2016-11-09,35.18000030517578,35.404998779296875,34.3849983215332,34.42499923706055,3392600
2016-11-10,34.25,34.64500045776367,33.35499954223633,33.935001373291016,5886800
2016-11-11,33.939998626708984,34.275001525878906,33.560001373291016,33.70500183105469,2268400
2016-11-14,33.57500076293945,34.154998779296875,33.3650016784668,34.01499938964844,4263800
2016-11-15,34.16999816894531,34.404998779296875,33.845001220703125,34.314998626708984,3649400
2016-11-16,34.345001220703125,34.439998626708984,33.790000915527344,34.060001373291016,2090200
2016-11-17,33.96500015258789,34.30500030517578,33.880001068115234,34.09000015258789,2410400
2016-11-18,34.04499816894531,34.21500015258789,33.70000076293945,33.915000915527344,2596800
2016-11-21,34.084999084472656,34.275001525878906,33.970001220703125,34.209999084472656,2895000
2016-11-22,34.04499816894531,34.51499938964844,33.779998779296875,34.20500183105469,4200200
2016-11-23,33.970001220703125,34.279998779296875,33.89500045776367,34.060001373291016,2324000
2016-11-25,34.15999984741211,34.880001068115234,34.15999984741211,34.76499938964844,1480600
2016-11-28,34.8650016784668,35.415000915527344,34.834999084472656,35.290000915527344,2628000
2016-11-29,35.154998779296875,35.75,35.1349983215332,35.70000076293945,3714200
2016-11-30,35.32500076293945,35.32500076293945,34.35499954223633,34.3650016784668,4561200
2016-12-01,34.165000915527344,34.474998474121094,33.994998931884766,34.439998626708984,3985200
2016-12-02,34.68000030517578,35.064998626708984,34.435001373291016,34.63999938964844,4104200
2016-12-05,34.4900016784668,34.70000076293945,33.91999816894531,34.689998626708984,3844800
2016-12-06,34.775001525878906,34.78499984741211,34.435001373291016,34.630001068115234,2230000
2016-12-07,34.744998931884766,35.244998931884766,34.744998931884766,35.220001220703125,2275400
2016-12-08,34.939998626708984,35.34000015258789,34.755001068115234,35.20500183105469,3347200
2016-12-09,35.07500076293945,35.40999984741211,35.02000045776367,35.380001068115234,2004000
2016-12-12,35.27000045776367,35.834999084472656,35.189998626708984,35.779998779296875,2914800
2016-12-13,35.935001373291016,36.39500045776367,35.8849983215332,36.3650016784668,2553000
2016-12-14,36.584999084472656,36.89500045776367,35.79999923706055,35.834999084472656,3514200
2016-12-15,35.720001220703125,36.30500030517578,35.59000015258789,36.19499969482422,2921000
2016-12-16,36.1150016784668,36.6150016784668,36.1150016784668,36.584999084472656,9339000
2016-12-19,36.75,36.77000045776367,36.255001068115234,36.59000015258789,2155800
2016-12-20,36.505001068115234,36.83000183105469,36.415000915527344,36.6150016784668,2253800
2016-12-21,36.619998931884766,36.81999969482422,36.439998626708984,36.45000076293945,1931600
2016-12-22,36.43000030517578,36.70500183105469,36.40999984741211,36.59000015258789,2452800
2016-12-23,36.584999084472656,36.65999984741211,36.34000015258789,36.44499969482422,1408000
2016-12-27,36.39500045776367,36.64500045776367,36.23500061035156,36.505001068115234,1539800
2016-12-28,36.529998779296875,36.529998779296875,35.939998626708984,35.994998931884766,1537400
2016-12-29,36.185001373291016,36.79499816894531,36.1349983215332,36.75,1740800
2016-12-30,36.82500076293945,36.869998931884766,36.59000015258789,36.73500061035156,1941400
2017-01-03,36.75,36.83000183105469,36.20000076293945,36.470001220703125,2525800
2017-01-04,36.59000015258789,36.849998474121094,36.474998474121094,36.630001068115234,2502400
2017-01-05,36.584999084472656,36.70500183105469,36.185001373291016,36.5,4608800
2017-01-06,36.369998931884766,36.94499969482422,36.1349983215332,36.619998931884766,5032200
2017-01-09,36.709999084472656,36.78499984741211,35.51499938964844,35.54499816894531,4325000
2017-01-10,35.69499969482422,35.814998626708984,35.44499969482422,35.619998931884766,3030600
2017-01-11,35.72999954223633,35.970001220703125,35.66999816894531,35.849998474121094,2229000
2017-01-12,35.790000915527344,35.994998931884766,35.654998779296875,35.915000915527344,1917600
2017-01-13,35.935001373291016,35.974998474121094,35.66999816894531,35.790000915527344,1453200
2017-01-17,35.970001220703125,36.31999969482422,35.91999816894531,36.06999969482422,2645600
2017-01-18,36.040000915527344,36.26499938964844,35.88999938964844,35.94499969482422,2435600
2017-01-19,35.88999938964844,35.88999938964844,35.47999954223633,35.540000915527344,2520000
2017-01-20,35.61000061035156,35.75,35.2599983215332,35.584999084472656,1923800
2017-01-23,35.665000915527344,35.69499969482422,35.310001373291016,35.34000015258789,1575000
2017-01-24,35.380001068115234,35.53499984741211,35.189998626708984,35.220001220703125,2535400
2017-01-25,35.119998931884766,35.30500030517578,35.03499984741211,35.290000915527344,2423000
2017-01-26,35.35499954223633,35.45500183105469,35.06999969482422,35.26499938964844,1657400
2017-01-27,35.404998779296875,35.5,35.119998931884766,35.275001525878906,1831800
2017-01-30,35.439998626708984,35.439998626708984,35.0099983215332,35.30500030517578,2106400
2017-01-31,35.30500030517578,35.9900016784668,35.26499938964844,35.81999969482422,4071800
2017-02-01,35.58000183105469,35.83000183105469,35.04999923706055,35.36000061035156,2659800
2017-02-02,35.39500045776367,35.72999954223633,35.20000076293945,35.720001220703125,2829400
2017-02-03,35.814998626708984,36.05500030517578,35.73500061035156,35.90999984741211,1873400
2017-02-06,35.994998931884766,36.095001220703125,35.810001373291016,35.834999084472656,2646800
2017-02-07,35.505001068115234,35.56999969482422,35.20000076293945,35.34000015258789,2097200
2017-02-08,35.375,35.720001220703125,35.35499954223633,35.70000076293945,1886000
2017-02-09,35.70000076293945,35.755001068115234,35.32500076293945,35.5,2357600
2017-02-10,35.45000076293945,35.849998474121094,35.3849983215332,35.814998626708984,2047400
2017-02-13,35.834999084472656,36.0,35.7400016784668,35.97999954223633,1557800
2017-02-14,35.84000015258789,35.904998779296875,35.290000915527344,35.39500045776367,2966600
2017-02-15,35.47999954223633,35.904998779296875,34.814998626708984,35.3849983215332,3582600
2017-02-16,35.435001373291016,36.42499923706055,35.380001068115234,36.3849983215332,4727400
2017-02-17,36.5,36.834999084472656,36.43000030517578,36.775001525878906,3422600
2017-02-21,36.650001525878906,37.05500030517578,36.45500183105469,36.95500183105469,2451200
2017-02-22,36.875,36.994998931884766,36.54999923706055,36.85499954223633,3339000
2017-02-23,37.029998779296875,37.66999816894531,36.95000076293945,37.56999969482422,2181000
2017-02-24,37.77000045776367,37.93000030517578,37.55500030517578,37.900001525878906,2518600
2017-02-27,37.89500045776367,37.93000030517578,37.59000015258789,37.7400016784668,2785200
2017-02-28,37.689998626708984,38.39500045776367,37.67499923706055,38.33000183105469,3800400
2017-03-01,37.92499923706055,38.349998474121094,37.75,37.790000915527344,3730800
2017-03-02,37.685001373291016,38.10499954223633,37.48500061035156,37.77000045776367,4019800
2017-03-03,37.814998626708984,37.85499954223633,37.439998626708984,37.689998626708984,2077200
2017-03-06,37.665000915527344,37.73500061035156,37.375,37.48500061035156,2731200
2017-03-07,37.435001373291016,37.6349983215332,37.415000915527344,37.5,2963600
2017-03-08,37.08000183105469,37.310001373291016,36.625,36.64500045776367,4064800
2017-03-09,36.625,36.84000015258789,36.39500045776367,36.57500076293945,3758600
2017-03-10,36.83000183105469,36.89500045776367,36.630001068115234,36.80500030517578,1943000
2017-03-13,36.779998779296875,37.04499816894531,36.724998474121094,37.040000915527344,2711600
2017-03-14,37.025001525878906,37.16999816894531,36.8650016784668,36.93000030517578,1854800
2017-03-15,37.064998626708984,37.73500061035156,36.93000030517578,37.59000015258789,2651000
2017-03-16,37.665000915527344,37.75,37.36000061035156,37.474998474121094,3087600
2017-03-17,37.380001068115234,37.8849983215332,37.380001068115234,37.70500183105469,5096800
2017-03-20,37.77000045776367,37.845001220703125,37.39500045776367,37.599998474121094,2716400
2017-03-21,37.57500076293945,37.96500015258789,37.52000045776367,37.880001068115234,4086400
2017-03-22,38.0099983215332,38.755001068115234,38.0099983215332,38.2599983215332,5026000
2017-03-23,38.165000915527344,38.494998931884766,38.05500030517578,38.314998626708984,2750000
2017-03-24,38.025001525878906,38.540000915527344,38.025001525878906,38.404998779296875,2587600
2017-03-27,38.540000915527344,38.685001373291016,38.025001525878906,38.2400016784668,2301800
2017-03-28,38.125,38.28499984741211,38.0,38.255001068115234,1617400
2017-03-29,38.165000915527344,38.279998779296875,37.93000030517578,38.095001220703125,1157600
2017-03-30,38.095001220703125,38.095001220703125,37.755001068115234,37.92499923706055,1415400
2017-03-31,37.935001373291016,38.15999984741211,37.900001525878906,37.97999954223633,1653600
2017-04-03,37.900001525878906,37.900001525878906,37.60499954223633,37.845001220703125,2092000
2017-04-04,37.845001220703125,38.10499954223633,37.6349983215332,37.904998779296875,2399200
2017-04-05,37.89500045776367,38.130001068115234,37.72999954223633,38.064998626708984,5107200
2017-04-06,37.900001525878906,38.03499984741211,37.70000076293945,37.939998626708984,2158800
2017-04-07,37.9900016784668,38.224998474121094,37.880001068115234,37.974998474121094,3160600
2017-04-10,37.9900016784668,38.029998779296875,37.755001068115234,37.92499923706055,1484000
2017-04-11,38.0099983215332,38.38999938964844,37.790000915527344,38.29999923706055,2258400
2017-04-12,38.16999816894531,38.55500030517578,38.040000915527344,38.540000915527344,2359800
2017-04-13,38.5099983215332,38.58000183105469,38.22999954223633,38.494998931884766,2831800
2017-04-17,38.56999969482422,38.70500183105469,38.47999954223633,38.564998626708984,1220800
2017-04-18,38.525001525878906,38.70000076293945,38.38999938964844,38.44499969482422,2125200
2017-04-19,38.459999084472656,38.494998931884766,38.025001525878906,38.18000030517578,1944000
2017-04-20,38.18000030517578,38.18000030517578,37.71500015258789,37.900001525878906,1473800
2017-04-21,37.92499923706055,38.30500030517578,37.92499923706055,38.20500183105469,2151400
2017-04-24,38.314998626708984,38.39500045776367,37.89500045776367,38.22999954223633,4084800
2017-04-25,38.185001373291016,38.39500045776367,37.974998474121094,38.35499954223633,3110000
2017-04-26,38.125,38.29999923706055,37.869998931884766,37.994998931884766,2755000
2017-04-27,37.94499969482422,38.584999084472656,37.94499969482422,38.34000015258789,2667400
2017-04-28,38.41999816894531,38.44499969482422,37.96500015258789,38.130001068115234,2688800
2017-05-01,38.165000915527344,38.220001220703125,37.83000183105469,37.900001525878906,1789600
2017-05-02,37.935001373291016,38.13999938964844,37.755001068115234,38.130001068115234,2106200
2017-05-03,38.064998626708984,38.375,37.88999938964844,38.220001220703125,2117800
2017-05-04,38.154998779296875,38.369998931884766,38.11000061035156,38.279998779296875,2341800
2017-05-05,38.380001068115234,38.709999084472656,38.380001068115234,38.68000030517578,1716000
2017-05-08,38.66999816894531,38.685001373291016,38.43000030517578,38.56999969482422,2481600
2017-05-09,38.025001525878906,38.150001525878906,37.584999084472656,37.6150016784668,1845000
2017-05-10,37.65999984741211,37.875,37.54499816894531,37.84000015258789,2366200
2017-05-11,37.67499923706055,37.86000061035156,37.47999954223633,37.689998626708984,2454600
2017-05-12,37.69499969482422,37.94499969482422,37.67499923706055,37.849998474121094,1944400
2017-05-15,37.82500076293945,38.224998474121094,37.76499938964844,37.900001525878906,2006800
2017-05-16,37.900001525878906,37.9900016784668,37.560001373291016,37.56999969482422,1414000
2017-05-17,37.56999969482422,37.95500183105469,37.505001068115234,37.689998626708984,2255000
2017-05-18,37.75,37.98500061035156,37.439998626708984,37.8849983215332,1975800
2017-05-19,37.935001373291016,37.95000076293945,37.564998626708984,37.845001220703125,2215600
2017-05-22,37.77000045776367,38.31999969482422,37.7400016784668,38.18000030517578,2967000
2017-05-23,38.189998626708984,38.5099983215332,38.150001525878906,38.279998779296875,1561600
2017-05-24,38.27000045776367,38.54499816894531,38.209999084472656,38.5099983215332,1646000
2017-05-25,38.599998474121094,39.05500030517578,38.3849983215332,38.93000030517578,2717000
2017-05-26,38.994998931884766,39.03499984741211,38.76499938964844,38.82500076293945,2131600
2017-05-30,38.845001220703125,39.29499816894531,38.775001525878906,39.119998931884766,2081200
2017-05-31,39.17499923706055,39.7400016784668,39.025001525878906,39.529998779296875,4367400
2017-06-01,39.470001220703125,40.0,39.255001068115234,39.935001373291016,3368600
2017-06-02,40.060001373291016,40.28499984741211,39.98500061035156,40.119998931884766,1951400
2017-06-05,40.095001220703125,40.1349983215332,39.88999938964844,40.064998626708984,2366400
2017-06-06,40.1349983215332,40.154998779296875,39.93000030517578,40.01499938964844,1984000
2017-06-07,40.040000915527344,40.30500030517578,39.994998931884766,40.224998474121094,2436800
2017-06-08,40.224998474121094,40.224998474121094,39.439998626708984,39.654998779296875,2973600
2017-06-09,39.57500076293945,39.75,39.29499816894531,39.63999938964844,2211200
2017-06-12,39.63999938964844,39.959999084472656,39.31999969482422,39.57500076293945,2299200
2017-06-13,39.595001220703125,39.79999923706055,39.43000030517578,39.689998626708984,1578600
2017-06-14,39.8650016784668,40.005001068115234,39.64500045776367,39.709999084472656,2020200
2017-06-15,39.689998626708984,40.060001373291016,39.47999954223633,40.01499938964844,1764600
2017-06-16,40.09000015258789,40.099998474121094,39.7400016784668,40.005001068115234,4105000
2017-06-19,40.04499816894531,40.04499816894531,39.625,39.75,1400800
2017-06-20,39.77000045776367,39.939998626708984,39.66999816894531,39.869998931884766,1165600
2017-06-21,39.970001220703125,39.970001220703125,39.43000030517578,39.685001373291016,1446200
2017-06-22,39.724998474121094,39.875,39.56999969482422,39.595001220703125,1383200
2017-06-23,39.595001220703125,39.834999084472656,39.47999954223633,39.494998931884766,2066200
2017-06-26,39.625,39.994998931884766,39.4900016784668,39.8849983215332,1494800
2017-06-27,39.65999984741211,39.810001373291016,39.05500030517578,39.064998626708984,1822200
2017-06-28,39.279998779296875,39.345001220703125,38.900001525878906,38.915000915527344,1803000
2017-06-29,38.56999969482422,38.66999816894531,38.2599983215332,38.439998626708984,1729800
2017-06-30,38.57500076293945,38.72999954223633,38.369998931884766,38.3849983215332,2597000
2017-07-03,38.529998779296875,38.53499984741211,38.19499969482422,38.23500061035156,1058600
2017-07-05,38.255001068115234,38.27000045776367,37.900001525878906,37.97999954223633,2091600
2017-07-06,37.93000030517578,38.025001525878906,37.70500183105469,37.7599983215332,1786000
2017-07-07,37.7599983215332,38.06999969482422,37.69499969482422,37.89500045776367,1815600
2017-07-10,37.8650016784668,38.125,37.650001525878906,37.654998779296875,2284800
2017-07-11,37.71500015258789,37.775001525878906,37.415000915527344,37.59000015258789,2269000
2017-07-12,37.959999084472656,38.040000915527344,37.775001525878906,37.845001220703125,1327400
2017-07-13,37.7599983215332,37.810001373291016,37.47999954223633,37.529998779296875,1777400
2017-07-14,37.79999923706055,37.91999816894531,37.70000076293945,37.744998931884766,1048600
2017-07-17,37.7599983215332,37.900001525878906,37.6150016784668,37.80500030517578,2353600
2017-07-18,37.8849983215332,37.939998626708984,37.73500061035156,37.81999969482422,1461800
2017-07-19,37.8849983215332,37.9900016784668,37.73500061035156,37.95000076293945,1437000
2017-07-20,38.0,38.29999923706055,37.775001525878906,38.23500061035156,2561600
2017-07-21,38.2599983215332,38.595001220703125,38.22999954223633,38.59000015258789,2038000
2017-07-24,38.44499969482422,38.59000015258789,38.095001220703125,38.154998779296875,1436200
2017-07-25,38.130001068115234,38.165000915527344,37.630001068115234,37.709999084472656,1783800
2017-07-26,37.625,37.915000915527344,37.58000183105469,37.81999969482422,1479600
2017-07-27,37.70500183105469,38.07500076293945,37.63999938964844,38.07500076293945,1491600
2017-07-28,38.08000183105469,38.22999954223633,37.880001068115234,38.125,1643000
2017-07-31,38.119998931884766,38.439998626708984,38.0,38.36000061035156,3394800
2017-08-01,38.42499923706055,38.61000061035156,38.314998626708984,38.57500076293945,2244800
2017-08-02,38.529998779296875,38.84000015258789,38.025001525878906,38.26499938964844,3349600
2017-08-03,38.39500045776367,38.60499954223633,38.244998931884766,38.43000030517578,2241000
2017-08-04,38.275001525878906,38.45000076293945,37.98500061035156,38.439998626708984,2136200
2017-08-07,38.40999984741211,38.47999954223633,38.2400016784668,38.29499816894531,2601200
2017-08-08,37.8849983215332,38.75,37.8650016784668,38.75,3494800
2017-08-09,38.81999969482422,38.834999084472656,38.39500045776367,38.404998779296875,2144800
2017-08-10,38.3650016784668,38.505001068115234,38.150001525878906,38.41999816894531,2482200
2017-08-11,38.494998931884766,38.494998931884766,37.98500061035156,38.099998474121094,1614800
2017-08-14,38.209999084472656,38.6349983215332,38.03499984741211,38.525001525878906,1341800
2017-08-15,38.26499938964844,38.79999923706055,38.189998626708984,38.78499984741211,2032400
2017-08-16,38.77000045776367,39.1150016784668,38.67499923706055,39.060001373291016,1968200
2017-08-17,39.08000183105469,39.16999816894531,38.744998931884766,38.775001525878906,1224600
2017-08-18,38.744998931884766,39.029998779296875,38.650001525878906,38.91999816894531,1751400
2017-08-21,38.93000030517578,39.20500183105469,38.83000183105469,39.125,2960800
2017-08-22,39.1150016784668,39.345001220703125,39.0099983215332,39.29999923706055,2365000
2017-08-23,39.244998931884766,39.60499954223633,39.189998626708984,39.584999084472656,1861800
2017-08-24,39.525001525878906,39.66999816894531,39.369998931884766,39.494998931884766,1780000
2017-08-25,39.68000030517578,40.084999084472656,39.55500030517578,39.92499923706055,1864400
2017-08-28,40.0,40.0099983215332,39.72999954223633,39.91999816894531,1573400
2017-08-29,40.05500030517578,40.11000061035156,39.79499816894531,39.92499923706055,1991600
2017-08-30,39.8650016784668,39.939998626708984,39.65999984741211,39.689998626708984,1272800
2017-08-31,39.73500061035156,39.849998474121094,39.560001373291016,39.584999084472656,2251200
2017-09-01,39.685001373291016,39.779998779296875,39.46500015258789,39.630001068115234,1909400
2017-09-05,39.70000076293945,39.90999984741211,39.52000045776367,39.89500045776367,1765200
2017-09-06,39.959999084472656,39.96500015258789,39.32500076293945,39.3650016784668,3475400
2017-09-07,39.43000030517578,39.72999954223633,39.39500045776367,39.61000061035156,1491000
2017-09-08,39.650001525878906,39.97999954223633,39.494998931884766,39.904998779296875,1489000
2017-09-11,39.8849983215332,40.244998931884766,39.755001068115234,40.16999816894531,1941200
2017-09-12,40.165000915527344,40.23500061035156,39.38999938964844,39.52000045776367,1686000
2017-09-13,39.494998931884766,39.494998931884766,39.084999084472656,39.1150016784668,2460000
2017-09-14,39.04999923706055,39.64500045776367,38.96500015258789,39.56999969482422,1707800
2017-09-15,39.5099983215332,39.70000076293945,39.275001525878906,39.435001373291016,3026400
2017-09-18,39.494998931884766,39.54499816894531,38.90999984741211,39.185001373291016,1702600
2017-09-19,39.224998474121094,39.314998626708984,38.86000061035156,39.025001525878906,1544800
2017-09-20,39.150001525878906,39.20500183105469,38.67499923706055,38.900001525878906,3323600
2017-09-21,39.279998779296875,39.68000030517578,38.939998626708984,38.97999954223633,2175200
2017-09-22,39.099998474121094,39.2400016784668,38.279998779296875,38.375,1760200
2017-09-25,38.43000030517578,38.89500045776367,38.375,38.880001068115234,1846800
2017-09-26,38.875,38.970001220703125,38.69499969482422,38.724998474121094,1513800
2017-09-27,38.474998474121094,38.54999923706055,38.02000045776367,38.22999954223633,2152600
2017-09-28,38.16999816894531,38.38999938964844,37.9900016784668,38.16999816894531,1686400
2017-09-29,38.13999938964844,38.30500030517578,38.0,38.18000030517578,2299200
2017-10-02,38.31999969482422,38.45000076293945,38.119998931884766,38.209999084472656,1922400
2017-10-03,38.2400016784668,38.2400016784668,37.505001068115234,37.84000015258789,1994400
2017-10-04,37.72999954223633,39.220001220703125,37.625,39.20500183105469,5197200
2017-10-05,39.20000076293945,39.665000915527344,38.904998779296875,39.54499816894531,3353800
2017-10-06,39.244998931884766,39.619998931884766,38.814998626708984,39.32500076293945,3850800
2017-10-09,39.40999984741211,39.60499954223633,39.35499954223633,39.43000030517578,2245800
2017-10-10,39.525001525878906,39.904998779296875,39.30500030517578,39.81999969482422,2030800
2017-10-11,39.76499938964844,40.3650016784668,39.755001068115234,40.17499923706055,3284400
2017-10-12,40.15999984741211,40.90999984741211,40.0,40.900001525878906,2784400
2017-10-13,41.0,41.415000915527344,40.935001373291016,41.14500045776367,3046200
2017-10-16,41.27000045776367,41.974998474121094,41.1349983215332,41.70500183105469,4185800
2017-10-17,41.724998474121094,42.29999923706055,41.69499969482422,42.29999923706055,3119800
2017-10-18,41.974998474121094,42.38999938964844,41.974998474121094,42.33000183105469,2842400
2017-10-19,42.5,42.71500015258789,42.27000045776367,42.68000030517578,3031400
2017-10-20,42.625,42.86000061035156,42.47999954223633,42.83000183105469,3234000
2017-10-23,42.970001220703125,42.994998931884766,42.61000061035156,42.6150016784668,3450600
2017-10-24,42.82500076293945,43.20000076293945,42.34000015258789,42.9900016784668,3593400
2017-10-25,43.060001373291016,43.244998931884766,42.185001373291016,43.16999816894531,3173200
2017-10-26,43.3849983215332,43.5,43.05500030517578,43.09000015258789,2025600
2017-10-27,43.06999969482422,43.41999816894531,42.935001373291016,43.3849983215332,2284800
2017-10-30,43.349998474121094,43.349998474121094,43.0099983215332,43.19499969482422,2293400
2017-10-31,43.095001220703125,43.31999969482422,43.02000045776367,43.130001068115234,1958400
2017-11-01,43.15999984741211,43.18000030517578,42.619998931884766,42.834999084472656,2737000
2017-11-02,42.95000076293945,43.375,42.63999938964844,43.31999969482422,4434200
2017-11-03,43.2400016784668,43.92499923706055,43.150001525878906,43.5,2124600
2017-11-06,43.46500015258789,43.63999938964844,43.119998931884766,43.18000030517578,1912000
2017-11-07,43.17499923706055,43.53499984741211,43.01499938964844,43.42499923706055,1823400
2017-11-08,42.90999984741211,43.244998931884766,42.79999923706055,43.119998931884766,3875800
2017-11-09,42.97999954223633,43.29999923706055,42.810001373291016,43.209999084472656,2693000
2017-11-10,42.974998474121094,43.14500045776367,42.54999923706055,42.564998626708984,2393200
2017-11-13,42.6150016784668,43.345001220703125,42.6150016784668,43.31999969482422,2952200
2017-11-14,43.209999084472656,43.75,43.095001220703125,43.709999084472656,2439400
2017-11-15,43.75,43.974998474121094,43.13999938964844,43.21500015258789,3161400
2017-11-16,43.130001068115234,43.244998931884766,42.900001525878906,42.95000076293945,1750600
2017-11-17,42.83000183105469,43.61000061035156,42.83000183105469,43.255001068115234,2431600
2017-11-20,43.255001068115234,43.255001068115234,42.6150016784668,42.82500076293945,2015000
2017-11-21,42.86000061035156,43.05500030517578,42.744998931884766,42.80500030517578,1577000
2017-11-22,42.7599983215332,42.86000061035156,42.42499923706055,42.755001068115234,1145000
2017-11-24,42.775001525878906,42.959999084472656,42.6349983215332,42.685001373291016,470200
2017-11-27,42.79999923706055,43.189998626708984,42.625,43.040000915527344,2927200
2017-11-28,43.22999954223633,43.400001525878906,43.060001373291016,43.16999816894531,2436400
2017-11-29,43.005001068115234,43.18000030517578,42.72999954223633,43.07500076293945,1663200
2017-11-30,43.1150016784668,43.380001068115234,42.875,43.2400016784668,2810200
2017-12-01,43.40999984741211,43.54499816894531,42.55500030517578,42.7599983215332,2639400
2017-12-04,42.845001220703125,42.869998931884766,42.029998779296875,42.185001373291016,5330800
2017-12-05,42.275001525878906,42.29499816894531,41.3849983215332,41.564998626708984,3403600
2017-12-06,41.689998626708984,41.90999984741211,41.5,41.79499816894531,2297000
2017-12-07,41.76499938964844,41.86000061035156,41.5,41.849998474121094,1601000
2017-12-08,41.77000045776367,42.13999938964844,41.63999938964844,42.02000045776367,1890000
2017-12-11,41.91999816894531,42.314998626708984,41.82500076293945,42.290000915527344,4607200
2017-12-12,42.375,42.6150016784668,41.564998626708984,41.630001068115234,3082000
2017-12-13,41.68000030517578,41.900001525878906,41.48500061035156,41.65999984741211,2457000
2017-12-14,41.529998779296875,41.625,40.92499923706055,41.33000183105469,2577200
2017-12-15,41.5099983215332,42.04499816894531,41.470001220703125,41.900001525878906,9288800
2017-12-18,41.84000015258789,42.04499816894531,41.15999984741211,41.345001220703125,3578000
2017-12-19,41.38999938964844,41.435001373291016,40.48500061035156,40.51499938964844,3405200
2017-12-20,40.42499923706055,40.63999938964844,40.09000015258789,40.099998474121094,1956600
2017-12-21,39.94499969482422,40.400001525878906,39.83000183105469,40.060001373291016,1957400
2017-12-22,40.14500045776367,40.41999816894531,40.084999084472656,40.154998779296875,2328200
2017-12-26,40.26499938964844,40.42499923706055,39.90999984741211,39.95000076293945,1269600
2017-12-27,39.98500061035156,40.310001373291016,39.900001525878906,40.25,2043400
2017-12-28,40.375,40.584999084472656,40.23500061035156,40.58000183105469,1581200
2017-12-29,40.724998474121094,40.79999923706055,40.54999923706055,40.69499969482422,1554200
2018-01-02,40.85499954223633,41.314998626708984,40.45000076293945,41.29999923706055,3626400
2018-01-03,41.15999984741211,41.47999954223633,40.7599983215332,40.845001220703125,2949800
2018-01-04,40.76499938964844,40.880001068115234,40.21500015258789,40.27000045776367,2190600
2018-01-05,40.34000015258789,40.45500183105469,39.84000015258789,39.959999084472656,2657000
2018-01-08,40.04499816894531,40.439998626708984,39.98500061035156,40.41999816894531,2222000
2018-01-09,40.369998931884766,40.5099983215332,39.90999984741211,40.060001373291016,1876400
2018-01-10,39.875,39.95500183105469,39.5,39.7400016784668,1961600
2018-01-11,39.63999938964844,39.95000076293945,39.47999954223633,39.584999084472656,2967200
2018-01-12,39.369998931884766,39.599998474121094,39.095001220703125,39.11000061035156,1997400
2018-01-16,39.19499969482422,39.29499816894531,38.43000030517578,38.834999084472656,2704800
2018-01-17,39.0,39.36000061035156,38.88999938964844,39.255001068115234,2695200
2018-01-18,39.27000045776367,39.30500030517578,38.68000030517578,38.89500045776367,2138200
2018-01-19,38.974998474121094,39.15999984741211,38.380001068115234,38.494998931884766,2765400
2018-01-22,38.75,38.92499923706055,38.32500076293945,38.415000915527344,2696200
2018-01-23,38.48500061035156,39.20000076293945,38.435001373291016,38.83000183105469,2642400
2018-01-24,38.810001373291016,38.834999084472656,38.30500030517578,38.349998474121094,3891400
2018-01-25,38.349998474121094,39.04999923706055,38.275001525878906,39.040000915527344,2123400
2018-01-26,39.14500045776367,39.26499938964844,38.724998474121094,39.14500045776367,2740200
2018-01-29,39.0,39.07500076293945,38.36000061035156,38.415000915527344,2110400
2018-01-30,38.404998779296875,39.189998626708984,38.404998779296875,38.95000076293945,3572400
2018-01-31,38.935001373291016,39.404998779296875,38.45500183105469,39.345001220703125,3264600
2018-02-01,39.23500061035156,39.4900016784668,38.38999938964844,38.560001373291016,3686800
2018-02-02,38.369998931884766,38.72999954223633,37.95000076293945,37.9900016784668,2419600
2018-02-05,37.935001373291016,38.31999969482422,37.19499969482422,37.20500183105469,3394400
2018-02-06,36.81999969482422,37.17499923706055,35.974998474121094,36.880001068115234,4878600
2018-02-07,36.39500045776367,37.22999954223633,36.30500030517578,36.3849983215332,3519800
2018-02-08,36.28499984741211,36.849998474121094,35.994998931884766,36.0099983215332,3145400
2018-02-09,36.165000915527344,37.43000030517578,36.06999969482422,37.064998626708984,3234000
2018-02-12,37.125,37.5,36.709999084472656,37.314998626708984,2499600
2018-02-13,37.279998779296875,37.63999938964844,36.82500076293945,37.525001525878906,1515000
2018-02-14,37.26499938964844,37.459999084472656,36.8650016784668,36.9900016784668,1642000
2018-02-15,37.14500045776367,38.20000076293945,36.92499923706055,38.154998779296875,3253800
2018-02-16,38.119998931884766,38.5,38.119998931884766,38.36000061035156,2698200
2018-02-20,38.125,38.35499954223633,37.41999816894531,37.71500015258789,1810000
2018-02-21,37.709999084472656,38.025001525878906,37.21500015258789,37.220001220703125,2396000
2018-02-22,37.349998474121094,37.915000915527344,37.150001525878906,37.51499938964844,3595000
2018-02-23,37.404998779296875,38.93000030517578,36.775001525878906,38.869998931884766,4001000
2018-02-26,38.97999954223633,39.0,38.275001525878906,38.474998474121094,2237600
2018-02-27,38.5,39.18000030517578,38.0099983215332,38.02000045776367,3747400
2018-02-28,38.20000076293945,38.35499954223633,37.900001525878906,37.90999984741211,3564600
2018-03-01,37.935001373291016,38.6150016784668,37.78499984741211,37.939998626708984,3595800
2018-03-02,37.904998779296875,38.404998779296875,37.83000183105469,38.27000045776367,3320800
2018-03-05,38.22999954223633,39.42499923706055,38.025001525878906,39.28499984741211,2987200
2018-03-06,39.189998626708984,39.189998626708984,38.599998474121094,38.86000061035156,2904200
2018-03-07,38.70500183105469,38.86000061035156,38.1150016784668,38.380001068115234,2913200
2018-03-08,38.52000045776367,38.52000045776367,38.1150016784668,38.33000183105469,2874600
2018-03-09,38.40999984741211,38.474998474121094,38.095001220703125,38.38999938964844,3200000
2018-03-12,38.459999084472656,38.650001525878906,38.29499816894531,38.6150016784668,2108000
2018-03-13,38.69499969482422,39.095001220703125,38.42499923706055,38.54499816894531,1653200
2018-03-14,38.66999816894531,38.95500183105469,38.53499984741211,38.75,1997000
2018-03-15,38.76499938964844,39.209999084472656,38.595001220703125,38.76499938964844,2174200
2018-03-16,38.89500045776367,39.505001068115234,38.82500076293945,39.439998626708984,6991000
2018-03-19,39.439998626708984,39.619998931884766,39.08000183105469,39.27000045776367,2650800
2018-03-20,39.18000030517578,39.505001068115234,39.10499954223633,39.380001068115234,3040200
2018-03-21,39.375,39.5,38.724998474121094,39.125,2344200
2018-03-22,39.17499923706055,40.07500076293945,38.96500015258789,39.17499923706055,2350000
2018-03-23,39.310001373291016,39.57500076293945,38.595001220703125,38.67499923706055,1663400
2018-03-26,38.7400016784668,39.1349983215332,38.650001525878906,39.06999969482422,1497000
2018-03-27,39.11000061035156,40.05500030517578,38.959999084472656,39.64500045776367,2077000
2018-03-28,39.78499984741211,40.025001525878906,39.32500076293945,39.5,2599800
2018-03-29,39.60499954223633,39.849998474121094,39.380001068115234,39.38999938964844,2603400
2018-04-02,39.47999954223633,39.94499969482422,39.13999938964844,39.44499969482422,2445000
2018-04-03,39.3650016784668,39.869998931884766,39.21500015258789,39.595001220703125,2350400
2018-04-04,39.599998474121094,40.02000045776367,39.31999969482422,39.619998931884766,2312200
2018-04-05,39.630001068115234,39.97999954223633,38.94499969482422,39.880001068115234,2623800
2018-04-06,40.0099983215332,40.0099983215332,39.380001068115234,39.4900016784668,2082200
2018-04-09,39.5,39.810001373291016,39.369998931884766,39.47999954223633,1856400
2018-04-10,39.584999084472656,39.849998474121094,39.15999984741211,39.255001068115234,2985400
2018-04-11,39.22999954223633,39.439998626708984,39.08000183105469,39.224998474121094,1506800
2018-04-12,39.290000915527344,39.40999984741211,38.57500076293945,38.67499923706055,1419800
2018-04-13,38.75,39.3849983215332,38.75,39.32500076293945,2721400
2018-04-16,39.470001220703125,39.915000915527344,39.40999984741211,39.814998626708984,2511600
2018-04-17,39.79999923706055,40.20000076293945,39.584999084472656,40.07500076293945,2495600
2018-04-18,40.154998779296875,40.29499816894531,39.744998931884766,39.779998779296875,2915800
2018-04-19,39.75,40.18000030517578,39.505001068115234,40.0099983215332,3793800
2018-04-20,40.005001068115234,40.064998626708984,39.310001373291016,39.4900016784668,2832800
2018-04-23,39.665000915527344,39.869998931884766,39.43000030517578,39.625,1758800
2018-04-24,39.75,40.44499969482422,39.689998626708984,40.04999923706055,2773200
2018-04-25,39.689998626708984,40.07500076293945,39.10499954223633,39.709999084472656,2443200
2018-04-26,39.81999969482422,40.665000915527344,39.630001068115234,40.64500045776367,3431000
2018-04-27,40.540000915527344,41.209999084472656,40.470001220703125,41.05500030517578,3899800
2018-04-30,41.08000183105469,41.220001220703125,40.78499984741211,40.79499816894531,2122800
2018-05-01,40.810001373291016,40.915000915527344,40.494998931884766,40.6150016784668,1871800
2018-05-02,40.525001525878906,40.86000061035156,40.40999984741211,40.80500030517578,3854000
2018-05-03,40.75,41.314998626708984,40.40999984741211,41.17499923706055,3193400
2018-05-04,41.15999984741211,41.310001373291016,41.01499938964844,41.099998474121094,1945800
2018-05-07,41.09000015258789,41.209999084472656,40.69499969482422,40.775001525878906,1835400
2018-05-08,40.46500015258789,40.47999954223633,39.470001220703125,39.70000076293945,3077800
2018-05-09,39.31999969482422,39.44499969482422,38.78499984741211,39.0099983215332,2050600
2018-05-10,39.310001373291016,39.529998779296875,39.01499938964844,39.47999954223633,1454400
2018-05-11,39.57500076293945,39.61000061035156,39.334999084472656,39.42499923706055,986400
2018-05-14,39.529998779296875,39.564998626708984,39.05500030517578,39.275001525878906,2456200
2018-05-15,39.08000183105469,39.189998626708984,38.54499816894531,38.775001525878906,2031400
2018-05-16,38.834999084472656,38.8849983215332,38.290000915527344,38.48500061035156,1789600
2018-05-17,38.494998931884766,38.57500076293945,38.0099983215332,38.130001068115234,2585000
2018-05-18,38.150001525878906,38.255001068115234,37.724998474121094,38.06999969482422,2025800
2018-05-21,38.21500015258789,38.2400016784668,37.88999938964844,38.125,1755400
2018-05-22,38.279998779296875,38.54499816894531,38.04499816894531,38.34000015258789,1978400
2018-05-23,38.459999084472656,39.39500045776367,38.39500045776367,39.369998931884766,3917600
2018-05-24,39.2599983215332,39.775001525878906,39.095001220703125,39.7400016784668,2505600
2018-05-25,39.7400016784668,40.08000183105469,39.7400016784668,39.8650016784668,2256400
2018-05-29,39.78499984741211,40.22999954223633,39.619998931884766,39.810001373291016,3215000
2018-05-30,39.755001068115234,40.20500183105469,39.595001220703125,40.15999984741211,3964000
2018-05-31,40.20500183105469,40.564998626708984,39.94499969482422,40.45500183105469,3481400
2018-06-01,40.34000015258789,40.38999938964844,39.79999923706055,40.05500030517578,3198200
2018-06-04,40.185001373291016,40.26499938964844,39.125,39.150001525878906,3303200
2018-06-05,39.14500045776367,39.310001373291016,38.790000915527344,38.85499954223633,2453200
2018-06-06,38.85499954223633,38.91999816894531,38.1150016784668,38.20000076293945,1754600
2018-06-07,37.94499969482422,38.60499954223633,37.915000915527344,38.314998626708984,10891200
2018-06-08,38.415000915527344,38.52000045776367,38.01499938964844,38.44499969482422,4333000
2018-06-11,38.435001373291016,38.529998779296875,37.95500183105469,38.025001525878906,7077000
2018-06-12,38.04999923706055,38.584999084472656,38.025001525878906,38.4900016784668,8536600
2018-06-13,38.4900016784668,38.7599983215332,38.1150016784668,38.154998779296875,3997200
2018-06-14,38.2400016784668,38.5,38.099998474121094,38.35499954223633,3932000
2018-06-15,38.3650016784668,39.130001068115234,38.084999084472656,39.10499954223633,5780600
2018-06-18,39.0,39.52000045776367,38.900001525878906,39.20000076293945,6829600
2018-06-19,39.31999969482422,40.0,39.31999969482422,39.9900016784668,5213800
2018-06-20,40.0,40.20000076293945,39.7400016784668,40.125,6661800
2018-06-21,40.095001220703125,40.40999984741211,39.790000915527344,39.91999816894531,3688800
2018-06-22,40.1150016784668,40.36000061035156,39.849998474121094,40.10499954223633,4510600
2018-06-25,40.20000076293945,40.599998474121094,40.095001220703125,40.5099983215332,5540600
2018-06-26,40.404998779296875,40.869998931884766,40.34000015258789,40.45000076293945,3226200
2018-06-27,40.45000076293945,40.95500183105469,40.39500045776367,40.869998931884766,3282000
2018-06-28,40.85499954223633,41.06999969482422,40.53499984741211,40.630001068115234,6035200
2018-06-29,40.474998474121094,40.595001220703125,40.10499954223633,40.39500045776367,3977400
2018-07-02,40.54499816894531,40.72999954223633,40.244998931884766,40.71500015258789,3304200
2018-07-03,40.650001525878906,40.970001220703125,40.529998779296875,40.689998626708984,1149400
2018-07-05,40.77000045776367,41.0,40.529998779296875,40.97999954223633,3964000
2018-07-06,40.970001220703125,41.38999938964844,40.880001068115234,41.279998779296875,2448200
2018-07-09,41.33000183105469,41.33000183105469,39.93000030517578,40.07500076293945,3988200
2018-07-10,40.07500076293945,40.65999984741211,39.775001525878906,40.46500015258789,2444200
2018-07-11,40.529998779296875,41.20500183105469,40.474998474121094,41.10499954223633,3619200
2018-07-12,40.95500183105469,41.22999954223633,40.8650016784668,41.09000015258789,4215000
2018-07-13,40.98500061035156,41.185001373291016,40.775001525878906,40.94499969482422,2507800
2018-07-16,40.89500045776367,41.0,40.58000183105469,40.904998779296875,2448000
2018-07-17,40.97999954223633,41.06999969482422,40.834999084472656,40.849998474121094,1841800
2018-07-18,40.875,40.915000915527344,40.14500045776367,40.27000045776367,4864400
2018-07-19,40.35499954223633,40.755001068115234,40.32500076293945,40.5,2586400
2018-07-20,40.5099983215332,40.584999084472656,40.005001068115234,40.255001068115234,5002200
2018-07-23,40.30500030517578,40.43000030517578,39.58000183105469,39.70500183105469,2366000
2018-07-24,39.560001373291016,39.560001373291016,38.79499816894531,39.4900016784668,4449000
2018-07-25,39.45000076293945,39.779998779296875,39.35499954223633,39.625,2293200
2018-07-26,39.79499816894531,40.54999923706055,39.79499816894531,40.21500015258789,3807800
2018-07-27,40.27000045776367,40.595001220703125,40.119998931884766,40.275001525878906,1619600
2018-07-30,40.224998474121094,40.334999084472656,39.91999816894531,40.1349983215332,5557600
2018-07-31,40.310001373291016,40.689998626708984,40.04499816894531,40.63999938964844,4512000
2018-08-01,40.51499938964844,41.494998931884766,40.349998474121094,40.90999984741211,5231000
2018-08-02,41.025001525878906,41.689998626708984,40.66999816894531,41.380001068115234,3529000
2018-08-03,41.595001220703125,42.14500045776367,41.23500061035156,41.8849983215332,3618600
2018-08-06,41.810001373291016,42.064998626708984,41.65999984741211,41.724998474121094,2859200
2018-08-07,41.880001068115234,41.91999816894531,41.125,41.630001068115234,3631200
2018-08-08,41.084999084472656,41.40999984741211,41.01499938964844,41.310001373291016,2244400
2018-08-09,41.29999923706055,41.71500015258789,41.209999084472656,41.665000915527344,2929600
2018-08-10,41.779998779296875,42.084999084472656,41.68000030517578,41.69499969482422,2340400
2018-08-13,41.70000076293945,41.8650016784668,41.5099983215332,41.82500076293945,4530800
2018-08-14,41.849998474121094,42.1150016784668,41.6349983215332,41.9900016784668,5815800
2018-08-15,42.119998931884766,42.55500030517578,41.90999984741211,42.06999969482422,4679200
2018-08-16,42.060001373291016,42.584999084472656,41.85499954223633,42.56999969482422,3878200
2018-08-17,42.48500061035156,42.810001373291016,42.404998779296875,42.65999984741211,2553400
2018-08-20,42.65999984741211,42.72999954223633,42.38999938964844,42.6150016784668,1925800
2018-08-21,42.58000183105469,42.58000183105469,42.185001373291016,42.44499969482422,2836200
2018-08-22,42.5,42.654998779296875,42.005001068115234,42.14500045776367,1735000
2018-08-23,42.150001525878906,42.435001373291016,42.06999969482422,42.314998626708984,1828000
2018-08-24,42.275001525878906,42.564998626708984,42.060001373291016,42.54499816894531,1203800
2018-08-27,42.599998474121094,42.599998474121094,41.875,41.95000076293945,2432800
2018-08-28,41.935001373291016,41.9900016784668,41.650001525878906,41.810001373291016,2737000
2018-08-29,41.76499938964844,41.90999984741211,41.43000030517578,41.720001220703125,3133000
2018-08-30,41.88999938964844,42.2599983215332,41.79999923706055,42.165000915527344,2857800
2018-08-31,42.10499954223633,42.33000183105469,41.6349983215332,41.79499816894531,2681400
2018-09-04,41.775001525878906,42.150001525878906,41.77000045776367,42.150001525878906,2509000
2018-09-05,42.21500015258789,42.51499938964844,42.060001373291016,42.47999954223633,1815200
2018-09-06,42.54999923706055,42.904998779296875,42.3650016784668,42.76499938964844,1811000
2018-09-07,42.439998626708984,42.69499969482422,42.28499984741211,42.35499954223633,1808000
2018-09-10,42.4900016784668,42.810001373291016,42.334999084472656,42.595001220703125,1704200
2018-09-11,42.665000915527344,42.779998779296875,42.20000076293945,42.244998931884766,3263200
2018-09-12,42.27000045776367,42.459999084472656,41.97999954223633,42.02000045776367,2581400
2018-09-13,42.029998779296875,42.209999084472656,41.7400016784668,42.11000061035156,3167600
2018-09-14,42.04999923706055,42.06999969482422,41.48500061035156,41.880001068115234,2857800
2018-09-17,41.95000076293945,42.290000915527344,41.790000915527344,42.209999084472656,2003600
2018-09-18,42.15999984741211,42.2599983215332,41.84000015258789,41.96500015258789,1989800
2018-09-19,42.04999923706055,42.04999923706055,40.814998626708984,40.95000076293945,2012400
2018-09-20,40.845001220703125,41.310001373291016,40.584999084472656,41.244998931884766,2063400
2018-09-21,41.130001068115234,41.459999084472656,40.869998931884766,41.28499984741211,4265400
2018-09-24,41.209999084472656,41.30500030517578,40.79999923706055,40.81999969482422,2132000
2018-09-25,40.814998626708984,40.814998626708984,40.01499938964844,40.09000015258789,2514200
2018-09-26,40.23500061035156,40.2400016784668,39.494998931884766,39.54499816894531,3714000
2018-09-27,39.63999938964844,40.099998474121094,39.5,39.96500015258789,2952400
2018-09-28,40.084999084472656,40.63999938964844,40.084999084472656,40.564998626708984,2242000
2018-10-01,40.474998474121094,40.56999969482422,40.18000030517578,40.32500076293945,1331400
2018-10-02,40.46500015258789,41.06999969482422,40.46500015258789,40.915000915527344,2002400
2018-10-03,40.834999084472656,41.005001068115234,39.83000183105469,40.165000915527344,1573000
2018-10-04,40.119998931884766,40.625,39.78499984741211,40.599998474121094,2097200
2018-10-05,40.64500045776367,41.439998626708984,40.630001068115234,41.380001068115234,2448600
2018-10-08,41.400001525878906,42.165000915527344,41.3650016784668,41.81999969482422,2189200
2018-10-09,41.8849983215332,42.20000076293945,41.41999816894531,41.71500015258789,2355400
2018-10-10,41.709999084472656,42.28499984741211,41.44499969482422,41.474998474121094,3420600
2018-10-11,41.665000915527344,41.7400016784668,40.4900016784668,40.599998474121094,3196800
2018-10-12,40.560001373291016,40.82500076293945,40.02000045776367,40.67499923706055,3274000
2018-10-15,40.70000076293945,41.380001068115234,40.61000061035156,40.92499923706055,5572600
2018-10-16,40.8650016784668,41.665000915527344,40.779998779296875,41.36000061035156,4715000
2018-10-17,41.25,41.51499938964844,40.939998626708984,41.314998626708984,1898200
2018-10-18,41.349998474121094,41.60499954223633,41.1150016784668,41.30500030517578,2229800
2018-10-19,41.3650016784668,42.33000183105469,41.3650016784668,42.060001373291016,1749600
2018-10-22,42.060001373291016,42.20500183105469,41.64500045776367,41.685001373291016,3739400
2018-10-23,41.84000015258789,42.16999816894531,41.279998779296875,41.57500076293945,3724600
2018-10-24,41.814998626708984,43.0,41.599998474121094,42.70500183105469,4487800
2018-10-25,42.35499954223633,42.35499954223633,41.42499923706055,41.75,2837600
2018-10-26,42.0,42.16999816894531,41.03499984741211,41.21500015258789,3600000
2018-10-29,41.22999954223633,42.404998779296875,41.22999954223633,42.005001068115234,4102400
2018-10-30,42.150001525878906,42.25,41.220001220703125,41.470001220703125,3686400
2018-10-31,41.05500030517578,42.46500015258789,40.5099983215332,41.974998474121094,5353800
2018-11-01,42.154998779296875,42.154998779296875,41.35499954223633,41.505001068115234,3551800
2018-11-02,41.6150016784668,41.82500076293945,41.040000915527344,41.630001068115234,2558800
2018-11-05,41.790000915527344,42.36000061035156,41.685001373291016,42.185001373291016,2897400
2018-11-06,42.30500030517578,42.755001068115234,42.16999816894531,42.709999084472656,2595600
2018-11-07,42.349998474121094,42.78499984741211,42.084999084472656,42.650001525878906,2807000
2018-11-08,42.689998626708984,42.779998779296875,42.15999984741211,42.564998626708984,2251600
2018-11-09,42.54499816894531,42.88999938964844,42.314998626708984,42.779998779296875,4818200
2018-11-12,42.58000183105469,43.654998779296875,42.45000076293945,42.95500183105469,3274600
2018-11-13,43.0,43.07500076293945,42.60499954223633,42.95000076293945,2268000
2018-11-14,42.7599983215332,43.095001220703125,42.564998626708984,42.744998931884766,2585600
2018-11-15,42.57500076293945,43.349998474121094,42.209999084472656,42.98500061035156,2924800
2018-11-16,43.4900016784668,43.5,42.69499969482422,43.15999984741211,2722000
2018-11-19,43.084999084472656,43.6150016784668,42.880001068115234,43.380001068115234,2315200
2018-11-20,43.599998474121094,43.92499923706055,43.0,43.165000915527344,3418000
2018-11-21,43.0,43.150001525878906,42.529998779296875,42.67499923706055,1965800
2018-11-23,42.7599983215332,42.81999969482422,42.51499938964844,42.685001373291016,842600
2018-11-26,42.685001373291016,43.01499938964844,42.505001068115234,42.93000030517578,1687000
2018-11-27,42.95500183105469,43.224998474121094,42.625,43.14500045776367,2675000
2018-11-28,43.29999923706055,43.30500030517578,42.720001220703125,43.040000915527344,2329200
2018-11-29,42.974998474121094,43.084999084472656,42.57500076293945,42.935001373291016,2832000
2018-11-30,43.08000183105469,43.63999938964844,42.935001373291016,43.529998779296875,3373000
2018-12-03,43.3849983215332,43.90999984741211,43.05500030517578,43.904998779296875,3025000
2018-12-04,44.0,44.69499969482422,43.92499923706055,44.4900016784668,5095600
2018-12-06,44.685001373291016,44.71500015258789,43.29999923706055,44.125,4735600
2018-12-07,44.095001220703125,44.584999084472656,43.654998779296875,44.22999954223633,3580600
2018-12-10,44.28499984741211,44.7400016784668,43.775001525878906,44.57500076293945,2917400
2018-12-11,44.57500076293945,45.0,44.45000076293945,44.79499816894531,2088600
2018-12-12,44.79999923706055,45.130001068115234,44.345001220703125,44.45500183105469,2427800
2018-12-13,44.47999954223633,45.380001068115234,44.46500015258789,45.22999954223633,3321000
2018-12-14,45.20000076293945,45.39500045776367,44.54999923706055,44.88999938964844,2703200
2018-12-17,45.040000915527344,45.20000076293945,43.369998931884766,43.38999938964844,3355600
2018-12-18,43.68000030517578,44.154998779296875,43.45500183105469,43.54499816894531,4823000
2018-12-19,43.6150016784668,43.84000015258789,43.1349983215332,43.41999816894531,4659600
2018-12-20,43.36000061035156,44.064998626708984,42.904998779296875,43.66999816894531,4784400
2018-12-21,43.369998931884766,44.369998931884766,43.30500030517578,43.380001068115234,7499600
2018-12-24,43.435001373291016,43.78499984741211,41.54499816894531,41.619998931884766,1261400
2018-12-26,41.599998474121094,42.244998931884766,41.029998779296875,42.220001220703125,2023200
2018-12-27,42.275001525878906,42.685001373291016,41.459999084472656,42.66999816894531,2757400
2018-12-28,42.70500183105469,43.084999084472656,42.58000183105469,42.744998931884766,2974600
2018-12-31,42.810001373291016,43.04999923706055,42.404998779296875,43.03499984741211,2159400
2019-01-02,42.82500076293945,42.91999816894531,41.7599983215332,42.0,2644800
2019-01-03,41.91999816894531,42.40999984741211,41.70000076293945,42.084999084472656,2287400
2019-01-04,41.80500030517578,42.46500015258789,41.80500030517578,42.400001525878906,2112600
2019-01-07,42.2400016784668,42.38999938964844,41.900001525878906,42.20000076293945,4098600
2019-01-08,42.1150016784668,42.974998474121094,41.9900016784668,42.95000076293945,3275400
2019-01-09,42.689998626708984,42.970001220703125,42.35499954223633,42.724998474121094,2586600
2019-01-10,42.84000015258789,43.470001220703125,42.584999084472656,43.314998626708984,2976800
2019-01-11,43.32500076293945,43.470001220703125,42.69499969482422,42.90999984741211,3843000
2019-01-14,42.625,42.625,41.619998931884766,42.35499954223633,4706000
2019-01-15,42.31999969482422,43.654998779296875,42.23500061035156,43.31999969482422,3695000
2019-01-16,43.03499984741211,43.279998779296875,42.650001525878906,43.20000076293945,3525000
2019-01-17,43.20500183105469,43.27000045776367,42.77000045776367,43.01499938964844,3377400
2019-01-18,42.974998474121094,43.16999816894531,42.70500183105469,43.14500045776367,2673400
2019-01-22,43.255001068115234,43.54499816894531,42.845001220703125,43.33000183105469,1553200
2019-01-23,43.290000915527344,43.939998626708984,43.290000915527344,43.935001373291016,2017400
2019-01-24,43.994998931884766,44.380001068115234,43.60499954223633,44.314998626708984,2061600
2019-01-25,44.150001525878906,44.415000915527344,43.494998931884766,43.54999923706055,2064200
2019-01-28,43.525001525878906,43.720001220703125,42.98500061035156,43.255001068115234,1824200
2019-01-29,43.42499923706055,43.650001525878906,43.099998474121094,43.29999923706055,1823000
2019-01-30,43.10499954223633,43.779998779296875,43.10499954223633,43.55500030517578,1859800
2019-01-31,43.654998779296875,44.744998931884766,43.38999938964844,44.595001220703125,4001800
2019-02-01,44.51499938964844,44.6349983215332,43.98500061035156,44.415000915527344,1806600
2019-02-04,44.13999938964844,44.60499954223633,43.79499816894531,44.595001220703125,2246200
2019-02-05,44.53499984741211,44.720001220703125,44.21500015258789,44.595001220703125,2516200
2019-02-06,44.474998474121094,44.81999969482422,44.32500076293945,44.775001525878906,2043800
2019-02-07,44.71500015258789,45.189998626708984,44.48500061035156,45.1349983215332,1925000
2019-02-08,44.98500061035156,45.40999984741211,44.88999938964844,45.40999984741211,2178800
2019-02-11,45.310001373291016,45.505001068115234,45.119998931884766,45.29999923706055,1497800
2019-02-12,45.3849983215332,45.584999084472656,44.97999954223633,45.43000030517578,3085200
2019-02-13,44.849998474121094,45.03499984741211,44.474998474121094,44.68000030517578,1778200
2019-02-14,44.81999969482422,45.01499938964844,44.494998931884766,44.845001220703125,3422800
2019-02-15,45.07500076293945,45.150001525878906,44.64500045776367,44.93000030517578,2782800
2019-02-19,44.9900016784668,45.064998626708984,44.654998779296875,45.025001525878906,2369600
2019-02-20,44.54999923706055,46.07500076293945,44.41999816894531,45.619998931884766,5023600
2019-02-21,45.22999954223633,45.744998931884766,44.9900016784668,45.595001220703125,6154000
2019-02-22,45.630001068115234,46.40999984741211,45.529998779296875,46.3849983215332,3724800
2019-02-25,46.334999084472656,46.345001220703125,45.90999984741211,46.224998474121094,3294400
2019-02-26,46.41999816894531,46.57500076293945,46.06999969482422,46.349998474121094,3441000
2019-02-27,46.189998626708984,46.54999923706055,46.10499954223633,46.22999954223633,3138200
2019-02-28,46.27000045776367,46.80500030517578,45.974998474121094,46.665000915527344,3381800
2019-03-01,46.665000915527344,46.755001068115234,46.369998931884766,46.625,3044200
2019-03-04,46.78499984741211,46.92499923706055,46.0,46.31999969482422,2637200
2019-03-05,46.26499938964844,46.31999969482422,45.94499969482422,46.084999084472656,3116400
2019-03-06,46.21500015258789,46.314998626708984,45.95000076293945,46.04499816894531,2109000
2019-03-07,46.20000076293945,46.52000045776367,46.0099983215332,46.064998626708984,4285200
2019-03-08,46.189998626708984,46.27000045776367,45.79999923706055,46.244998931884766,3200000
2019-03-11,46.505001068115234,46.97999954223633,46.224998474121094,46.97999954223633,5032800
2019-03-12,47.099998474121094,47.4900016784668,46.97999954223633,47.44499969482422,3972800
2019-03-13,47.494998931884766,47.78499984741211,47.32500076293945,47.505001068115234,3498400
2019-03-14,47.5,47.814998626708984,47.28499984741211,47.470001220703125,4925600
2019-03-15,47.30500030517578,47.64500045776367,47.125,47.33000183105469,9114800
2019-03-18,47.32500076293945,47.494998931884766,47.06999969482422,47.244998931884766,2472200
2019-03-19,47.13999938964844,47.20000076293945,46.40999984741211,46.59000015258789,2456600
2019-03-20,46.72999954223633,47.16999816894531,46.56999969482422,46.78499984741211,2801200
2019-03-21,46.78499984741211,47.529998779296875,46.70500183105469,47.474998474121094,2929200
2019-03-22,47.5,48.3849983215332,47.439998626708984,48.060001373291016,3557400
2019-03-25,48.1150016784668,48.17499923706055,47.810001373291016,47.90999984741211,2439800
2019-03-26,48.005001068115234,48.435001373291016,47.98500061035156,48.255001068115234,2264600
2019-03-27,48.349998474121094,48.349998474121094,47.79999923706055,47.97999954223633,2493600
2019-03-28,48.06999969482422,48.25,47.3650016784668,47.529998779296875,3327000
2019-03-29,47.54499816894531,47.86000061035156,47.345001220703125,47.814998626708984,2182600
2019-04-01,47.79499816894531,47.79499816894531,47.029998779296875,47.18000030517578,2948800
2019-04-02,47.35499954223633,47.35499954223633,46.810001373291016,47.064998626708984,2869400
2019-04-03,47.04499816894531,47.2599983215332,46.75,47.025001525878906,2566800
2019-04-04,47.119998931884766,47.20000076293945,46.599998474121094,46.80500030517578,1961200
2019-04-05,46.82500076293945,47.31999969482422,46.599998474121094,47.23500061035156,3143000
2019-04-08,47.33000183105469,47.415000915527344,47.0099983215332,47.16999816894531,2343400
2019-04-09,47.244998931884766,47.369998931884766,47.1349983215332,47.35499954223633,2052600
2019-04-10,47.48500061035156,47.92499923706055,47.13999938964844,47.29499816894531,2214200
2019-04-11,47.375,47.619998931884766,47.189998626708984,47.5099983215332,2804200
2019-04-12,47.30500030517578,47.7599983215332,47.025001525878906,47.619998931884766,2609400
2019-04-15,47.6150016784668,47.78499984741211,47.3650016784668,47.525001525878906,2583200
2019-04-16,47.415000915527344,47.755001068115234,46.599998474121094,46.69499969482422,3529800
2019-04-17,46.685001373291016,46.775001525878906,46.3650016784668,46.45000076293945,2672600
2019-04-18,46.78499984741211,47.20500183105469,46.65999984741211,46.72999954223633,2986600
2019-04-22,46.72999954223633,46.939998626708984,46.619998931884766,46.81999969482422,2437000
2019-04-23,46.77000045776367,47.244998931884766,46.654998779296875,47.150001525878906,2852400
2019-04-24,47.20000076293945,47.525001525878906,47.060001373291016,47.31999969482422,2603400
2019-04-25,47.13999938964844,47.78499984741211,47.09000015258789,47.60499954223633,2085600
2019-04-26,47.80500030517578,48.08000183105469,47.529998779296875,47.564998626708984,3304000
2019-04-29,47.44499969482422,47.75,47.30500030517578,47.5,1963800
2019-04-30,47.47999954223633,48.470001220703125,47.38999938964844,48.45000076293945,2972800
2019-05-01,48.224998474121094,48.70500183105469,47.845001220703125,47.94499969482422,2986400
2019-05-02,48.03499984741211,48.47999954223633,47.630001068115234,48.11000061035156,2740600
2019-05-03,48.130001068115234,48.540000915527344,48.11000061035156,48.314998626708984,2113000
2019-05-06,48.35499954223633,48.470001220703125,47.95000076293945,48.10499954223633,1713200
2019-05-07,48.05500030517578,48.30500030517578,47.86000061035156,48.255001068115234,2677800
2019-05-08,47.64500045776367,47.810001373291016,46.9900016784668,47.1150016784668,4440800
2019-05-09,47.21500015258789,47.375,46.95500183105469,47.154998779296875,3150600
2019-05-10,47.10499954223633,48.16999816894531,47.10499954223633,48.165000915527344,2659800
2019-05-13,48.165000915527344,48.810001373291016,47.974998474121094,48.73500061035156,2407200
2019-05-14,48.650001525878906,48.75,48.244998931884766,48.244998931884766,3276600
2019-05-15,48.244998931884766,48.529998779296875,48.14500045776367,48.14500045776367,1846400
2019-05-16,48.0,48.6150016784668,47.915000915527344,48.45500183105469,1505000
2019-05-17,48.16999816894531,49.005001068115234,48.16999816894531,48.94499969482422,2147400
2019-05-20,49.0,49.255001068115234,48.72999954223633,48.974998474121094,2679000
2019-05-21,48.92499923706055,49.279998779296875,48.689998626708984,48.84000015258789,2595400
2019-05-22,48.880001068115234,49.2599983215332,48.69499969482422,49.244998931884766,1797800
2019-05-23,49.334999084472656,49.685001373291016,49.22999954223633,49.67499923706055,1854000
2019-05-24,49.67499923706055,49.91999816894531,49.470001220703125,49.494998931884766,2376200
2019-05-28,49.5099983215332,49.525001525878906,48.459999084472656,48.46500015258789,3340000
2019-05-29,48.560001373291016,48.67499923706055,47.75,47.83000183105469,3736600
2019-05-30,48.02000045776367,48.21500015258789,47.814998626708984,48.08000183105469,3937400
2019-05-31,48.1349983215332,48.69499969482422,47.95500183105469,48.53499984741211,5991800
2019-06-03,48.6349983215332,49.01499938964844,48.209999084472656,49.0099983215332,4483800
2019-06-04,48.974998474121094,48.974998474121094,47.709999084472656,48.720001220703125,5144600
2019-06-05,48.91999816894531,50.380001068115234,48.85499954223633,50.119998931884766,5399800
2019-06-06,50.16999816894531,50.76499938964844,50.14500045776367,50.4900016784668,3383400
2019-06-07,50.95000076293945,51.21500015258789,50.26499938964844,50.29999923706055,3752000
2019-06-10,50.14500045776367,50.369998931884766,49.709999084472656,49.92499923706055,4671200
2019-06-11,49.7599983215332,50.01499938964844,49.43000030517578,49.75,3456200
2019-06-12,50.119998931884766,50.875,50.0,50.654998779296875,3256600
2019-06-13,50.69499969482422,50.915000915527344,50.26499938964844,50.5099983215332,2707000
2019-06-14,50.630001068115234,51.23500061035156,50.630001068115234,51.02000045776367,2858200
2019-06-17,51.11000061035156,51.38999938964844,50.55500030517578,50.880001068115234,4176400
2019-06-18,51.095001220703125,51.165000915527344,50.29999923706055,50.650001525878906,2077600
2019-06-19,50.404998779296875,51.42499923706055,50.404998779296875,51.2400016784668,2706800
2019-06-20,51.5,51.89500045776367,51.26499938964844,51.720001220703125,3527600
2019-06-21,51.75,52.20500183105469,51.310001373291016,52.130001068115234,5630600
2019-06-24,52.15999984741211,52.2400016784668,51.720001220703125,51.845001220703125,2528400
2019-06-25,51.73500061035156,51.92499923706055,51.494998931884766,51.619998931884766,3637000
2019-06-26,51.61000061035156,51.654998779296875,50.54499816894531,50.60499954223633,4651000
2019-06-27,50.70000076293945,51.03499984741211,50.435001373291016,50.83000183105469,2307400
2019-06-28,50.755001068115234,51.53499984741211,50.744998931884766,51.46500015258789,6031400
2019-07-01,51.404998779296875,51.46500015258789,50.564998626708984,51.0,4721400
2019-07-02,51.23500061035156,52.04499816894531,51.17499923706055,51.845001220703125,3727200
2019-07-03,51.89500045776367,52.56999969482422,51.89500045776367,52.27000045776367,2909000
2019-07-05,51.744998931884766,52.21500015258789,51.30500030517578,52.16999816894531,2318800
2019-07-08,52.22999954223633,52.44499969482422,51.84000015258789,52.185001373291016,2940800
2019-07-09,52.1349983215332,52.244998931884766,51.67499923706055,52.119998931884766,4299000
2019-07-10,52.33000183105469,52.775001525878906,52.084999084472656,52.334999084472656,2386800
2019-07-11,52.165000915527344,52.625,51.775001525878906,52.224998474121094,2634000
2019-07-12,52.35499954223633,52.35499954223633,51.70000076293945,51.935001373291016,2215400
2019-07-15,52.064998626708984,52.41999816894531,51.70000076293945,52.41999816894531,3224200
2019-07-16,52.349998474121094,52.494998931884766,51.97999954223633,52.439998626708984,2501600
2019-07-17,52.650001525878906,52.959999084472656,52.525001525878906,52.77000045776367,1926000
2019-07-18,52.80500030517578,53.38999938964844,52.47999954223633,53.375,2119800
2019-07-19,53.310001373291016,53.67499923706055,52.79499816894531,52.79999923706055,3166800
2019-07-22,53.029998779296875,53.029998779296875,52.494998931884766,52.70000076293945,2687000
2019-07-23,52.709999084472656,52.775001525878906,52.334999084472656,52.43000030517578,2297600
2019-07-24,52.69499969482422,52.78499984741211,51.94499969482422,52.33000183105469,2283800
2019-07-25,52.14500045776367,52.400001525878906,51.73500061035156,52.0099983215332,2739600
2019-07-26,52.0,52.06999969482422,51.654998779296875,51.845001220703125,4300400
2019-07-29,52.0,52.47999954223633,51.84000015258789,52.470001220703125,2013200
2019-07-30,52.375,52.48500061035156,51.650001525878906,51.939998626708984,2062200
2019-07-31,52.45000076293945,53.03499984741211,52.30500030517578,52.810001373291016,6472200
2019-08-01,52.58000183105469,53.904998779296875,52.58000183105469,53.47999954223633,3363600
2019-08-02,53.5099983215332,53.77000045776367,53.095001220703125,53.36000061035156,2261600
2019-08-05,53.5,53.724998474121094,52.224998474121094,52.45500183105469,2472600
2019-08-06,52.4900016784668,53.474998474121094,51.959999084472656,53.275001525878906,2744600
2019-08-07,52.974998474121094,53.36000061035156,52.16999816894531,52.959999084472656,2590800
2019-08-08,52.91999816894531,53.76499938964844,52.73500061035156,53.52000045776367,1803600
2019-08-09,53.60499954223633,53.97999954223633,53.46500015258789,53.71500015258789,2611200
2019-08-12,53.75,54.1150016784668,53.584999084472656,53.869998931884766,1965600
2019-08-13,53.915000915527344,54.125,53.48500061035156,53.90999984741211,2057800
2019-08-14,54.064998626708984,54.26499938964844,53.29999923706055,53.5,1911400
2019-08-15,53.5099983215332,54.70000076293945,52.47999954223633,54.5,3031400
2019-08-16,54.529998779296875,54.82500076293945,54.39500045776367,54.595001220703125,1810400
2019-08-19,54.625,55.16999816894531,54.290000915527344,54.89500045776367,1979000
2019-08-20,55.20000076293945,55.279998779296875,54.72999954223633,55.10499954223633,2624600
2019-08-21,55.08000183105469,55.84000015258789,54.974998474121094,55.834999084472656,1992600
2019-08-22,55.84000015258789,55.88999938964844,55.275001525878906,55.654998779296875,2101200
2019-08-23,55.70500183105469,56.060001373291016,54.665000915527344,54.91999816894531,2599000
2019-08-26,55.02000045776367,55.779998779296875,55.02000045776367,55.77000045776367,1667400
2019-08-27,56.02000045776367,56.290000915527344,55.790000915527344,56.04999923706055,1836000
2019-08-28,56.16999816894531,56.29999923706055,55.75,56.15999984741211,1892400
2019-08-29,56.38999938964844,56.599998474121094,55.97999954223633,56.5099983215332,1516200
2019-08-30,56.630001068115234,56.72999954223633,56.19499969482422,56.41999816894531,1781200
2019-09-03,56.54499816894531,57.654998779296875,56.42499923706055,57.59000015258789,4073200
2019-09-04,57.720001220703125,57.95000076293945,57.35499954223633,57.78499984741211,1765600
2019-09-05,57.369998931884766,57.59000015258789,56.79499816894531,57.25,3576400
2019-09-06,57.06999969482422,57.31999969482422,56.70500183105469,56.775001525878906,3561400
2019-09-09,56.95000076293945,56.959999084472656,56.150001525878906,56.29499816894531,2828600
2019-09-10,56.150001525878906,56.15999984741211,55.54999923706055,56.125,2866200
2019-09-11,56.125,56.599998474121094,55.83000183105469,56.45500183105469,2756400
2019-09-12,56.915000915527344,57.36000061035156,56.470001220703125,56.94499969482422,2133400
2019-09-13,56.6349983215332,57.05500030517578,56.36000061035156,56.7599983215332,2650200
2019-09-16,56.834999084472656,56.93000030517578,56.3849983215332,56.76499938964844,2061000
2019-09-17,57.04999923706055,57.599998474121094,56.97999954223633,57.22999954223633,2129600
2019-09-18,57.435001373291016,57.564998626708984,56.92499923706055,57.32500076293945,2074600
2019-09-19,57.625,57.63999938964844,57.220001220703125,57.540000915527344,2253400
2019-09-20,57.96500015258789,58.28499984741211,57.314998626708984,57.60499954223633,8198400
2019-09-23,57.654998779296875,57.915000915527344,57.349998474121094,57.814998626708984,2485000
2019-09-24,58.029998779296875,58.744998931884766,58.0099983215332,58.54499816894531,2904800
2019-09-25,58.435001373291016,58.59000015258789,58.064998626708984,58.439998626708984,2378200
2019-09-26,58.599998474121094,59.04999923706055,58.470001220703125,58.775001525878906,2190400
2019-09-27,58.834999084472656,58.89500045776367,58.29499816894531,58.75,1726000
2019-09-30,58.71500015258789,59.16999816894531,58.56999969482422,58.68000030517578,2269400
2019-10-01,58.52000045776367,58.69499969482422,58.19499969482422,58.65999984741211,1511400
2019-10-02,58.63999938964844,58.849998474121094,58.0,58.224998474121094,2129000
2019-10-03,58.34000015258789,58.48500061035156,58.005001068115234,58.25,2448800
2019-10-04,58.3849983215332,59.43000030517578,58.209999084472656,59.3849983215332,2252800
2019-10-07,59.15999984741211,59.21500015258789,58.82500076293945,58.89500045776367,2192800
2019-10-08,58.994998931884766,59.26499938964844,58.619998931884766,58.810001373291016,2854200
2019-10-09,58.83000183105469,59.275001525878906,58.810001373291016,59.029998779296875,1780400
2019-10-10,58.82500076293945,59.10499954223633,58.45000076293945,58.89500045776367,1462800
2019-10-11,58.8650016784668,59.0099983215332,58.38999938964844,58.6150016784668,1589000
2019-10-14,58.75,58.93000030517578,58.1349983215332,58.30500030517578,1552600
2019-10-15,58.30500030517578,58.55500030517578,57.755001068115234,57.775001525878906,1932400
2019-10-16,57.73500061035156,58.029998779296875,57.41999816894531,58.02000045776367,2919800
2019-10-17,59.279998779296875,59.584999084472656,58.29499816894531,58.63999938964844,5776800
2019-10-18,58.494998931884766,59.21500015258789,58.41999816894531,59.07500076293945,3048800
2019-10-21,58.96500015258789,59.58000183105469,58.95500183105469,59.5099983215332,2652200
2019-10-22,59.64500045776367,59.92499923706055,59.505001068115234,59.70500183105469,2445400
2019-10-23,59.84000015258789,60.345001220703125,59.71500015258789,60.32500076293945,3756000
2019-10-24,60.2599983215332,60.724998474121094,60.2599983215332,60.625,1988400
2019-10-25,60.70500183105469,60.70500183105469,59.869998931884766,60.1349983215332,3052400
2019-10-28,59.790000915527344,59.994998931884766,58.98500061035156,59.060001373291016,5840200
2019-10-29,59.25,59.52000045776367,59.0099983215332,59.52000045776367,3084200
2019-10-30,59.474998474121094,60.810001373291016,59.130001068115234,60.779998779296875,3435000
2019-10-31,60.720001220703125,60.875,60.2599983215332,60.7400016784668,3154400
2019-11-01,60.79999923706055,61.04499816894531,59.72999954223633,59.83000183105469,3456000
2019-11-04,59.76499938964844,59.83000183105469,59.02000045776367,59.29499816894531,3602200
2019-11-05,58.9900016784668,59.279998779296875,58.26499938964844,58.290000915527344,3510200
2019-11-06,57.98500061035156,58.275001525878906,57.814998626708984,58.17499923706055,3837200
2019-11-07,57.939998626708984,58.060001373291016,56.91999816894531,57.3650016784668,4347800
2019-11-08,57.29499816894531,57.525001525878906,56.810001373291016,57.45000076293945,2790400
2019-11-11,57.48500061035156,57.650001525878906,56.97999954223633,57.04499816894531,2407200
2019-11-12,57.154998779296875,57.494998931884766,56.92499923706055,57.43000030517578,2926200
2019-11-13,57.66999816894531,58.82500076293945,57.66999816894531,58.7599983215332,4636600
2019-11-14,58.834999084472656,59.18000030517578,58.38999938964844,58.44499969482422,2430400
2019-11-15,58.459999084472656,58.5,57.88999938964844,58.35499954223633,2616600
2019-11-18,58.5,59.05500030517578,58.35499954223633,58.44499969482422,2279000
2019-11-19,58.29499816894531,58.525001525878906,57.82500076293945,58.095001220703125,2232400
2019-11-20,58.189998626708984,58.54999923706055,58.0,58.529998779296875,2263800
2019-11-21,58.470001220703125,58.67499923706055,57.654998779296875,57.95000076293945,3990400
2019-11-22,58.1150016784668,58.23500061035156,57.625,57.86000061035156,2446400
2019-11-25,57.8650016784668,58.21500015258789,57.6150016784668,57.689998626708984,2343800
2019-11-26,57.7599983215332,58.25,57.59000015258789,58.23500061035156,4664600
2019-11-27,58.275001525878906,58.58000183105469,58.08000183105469,58.459999084472656,1493400
2019-11-29,58.40999984741211,58.654998779296875,57.970001220703125,58.19499969482422,1500800
2019-12-02,57.974998474121094,58.1349983215332,57.525001525878906,57.9900016784668,3626200
2019-12-03,58.400001525878906,58.849998474121094,58.11000061035156,58.459999084472656,3075800
2019-12-04,58.35499954223633,59.290000915527344,58.35499954223633,59.05500030517578,3120200
2019-12-05,58.959999084472656,59.25,58.79499816894531,59.209999084472656,2118800
2019-12-06,59.01499938964844,59.36000061035156,58.845001220703125,59.04499816894531,1738800
2019-12-09,59.244998931884766,59.244998931884766,58.72999954223633,59.09000015258789,2890400
2019-12-10,59.09000015258789,59.165000915527344,58.65999984741211,58.834999084472656,2160800
2019-12-11,58.935001373291016,59.275001525878906,58.82500076293945,59.09000015258789,3273200
2019-12-12,58.974998474121094,59.07500076293945,58.2400016784668,58.459999084472656,3722600
2019-12-13,58.3849983215332,59.16999816894531,57.86000061035156,59.150001525878906,3889200
2019-12-16,58.79999923706055,59.560001373291016,58.59000015258789,59.560001373291016,5195000
2019-12-17,59.625,60.15999984741211,59.28499984741211,59.40999984741211,3458600
2019-12-18,59.5099983215332,59.88999938964844,59.130001068115234,59.83000183105469,4067800
2019-12-19,59.709999084472656,60.01499938964844,59.505001068115234,59.755001068115234,1854600
2019-12-20,59.94499969482422,60.17499923706055,59.529998779296875,60.084999084472656,7240600
2019-12-23,60.025001525878906,60.17499923706055,59.15999984741211,59.28499984741211,4536800
2019-12-24,59.560001373291016,59.83000183105469,59.29999923706055,59.720001220703125,1335800
2019-12-26,59.654998779296875,59.904998779296875,59.44499969482422,59.7599983215332,2678600
2019-12-27,59.7599983215332,59.94499969482422,59.59000015258789,59.93000030517578,1274600
2019-12-30,59.685001373291016,59.78499984741211,59.375,59.63999938964844,1444200
2019-12-31,59.66999816894531,59.92499923706055,59.48500061035156,59.900001525878906,2090800
2020-01-02,59.915000915527344,59.915000915527344,58.72999954223633,58.96500015258789,2906200
2020-01-03,58.85499954223633,59.41999816894531,58.70500183105469,59.3650016784668,2845800
2020-01-06,59.494998931884766,59.94499969482422,59.29999923706055,59.57500076293945,3055800
2020-01-07,59.314998626708984,59.79499816894531,59.150001525878906,59.564998626708984,2037800
2020-01-08,59.779998779296875,59.79499816894531,59.345001220703125,59.47999954223633,1735000
2020-01-09,59.43000030517578,60.14500045776367,59.279998779296875,60.130001068115234,1639200
2020-01-10,60.290000915527344,60.619998931884766,60.189998626708984,60.30500030517578,2116200
2020-01-13,60.29499816894531,61.09000015258789,60.29499816894531,60.7599983215332,3835000
2020-01-14,60.720001220703125,60.939998626708984,60.314998626708984,60.790000915527344,2255000
2020-01-15,61.025001525878906,61.959999084472656,60.915000915527344,61.869998931884766,2470800
2020-01-16,61.91999816894531,62.494998931884766,61.8650016784668,62.474998474121094,2260000
2020-01-17,62.54499816894531,63.21500015258789,62.459999084472656,63.154998779296875,2108200
2020-01-21,63.220001220703125,63.71500015258789,62.994998931884766,63.68000030517578,2221600
2020-01-22,64.0,64.23999786376953,63.709999084472656,63.94499969482422,1791800
2020-01-23,63.95000076293945,65.01499938964844,63.78499984741211,64.9749984741211,2556600
2020-01-24,64.9000015258789,65.59500122070312,64.88999938964844,65.36499786376953,1750000
2020-01-27,65.33499908447266,65.74500274658203,64.54000091552734,64.7750015258789,2269800
2020-01-28,64.81500244140625,65.12999725341797,64.3550033569336,64.99500274658203,2330800
2020-01-29,65.06500244140625,65.375,64.70999908447266,65.2750015258789,1770600
2020-01-30,65.25,65.8949966430664,65.01000213623047,65.86000061035156,1539400
2020-01-31,65.8499984741211,66.01000213623047,65.33499908447266,65.76000213623047,4816600
2020-02-03,65.95500183105469,66.19499969482422,65.7249984741211,66.09500122070312,1668800
2020-02-04,66.06999969482422,66.44000244140625,65.20999908447266,65.27999877929688,1907200
2020-02-05,65.18499755859375,65.75,65.04000091552734,65.27999877929688,2722600
2020-02-06,65.31500244140625,65.83999633789062,65.30999755859375,65.70500183105469,2254600
2020-02-07,65.9000015258789,66.28500366210938,65.8499984741211,65.97000122070312,2743200
2020-02-10,66.06999969482422,66.46499633789062,65.8499984741211,66.44499969482422,1393400
2020-02-11,66.53500366210938,66.91500091552734,66.29000091552734,66.44499969482422,2070600
2020-02-12,65.63999938964844,66.09500122070312,65.27999877929688,65.77999877929688,1831400
2020-02-13,65.83499908447266,66.75,65.58999633789062,66.62000274658203,1477000
2020-02-14,66.81999969482422,67.24500274658203,66.54000091552734,67.06500244140625,3278000
2020-02-18,67.3550033569336,67.7300033569336,66.92500305175781,67.38999938964844,2910400
2020-02-19,67.5,67.7750015258789,66.44999694824219,66.54499816894531,3266200
2020-02-20,66.51000213623047,66.54000091552734,65.41999816894531,65.7249984741211,3867400
2020-02-21,65.68499755859375,66.04499816894531,64.88999938964844,64.9800033569336,5692600
2020-02-24,64.88500213623047,65.54000091552734,64.63500213623047,64.87000274658203,3119200
2020-02-25,64.91999816894531,65.0,62.89500045776367,63.150001525878906,3198400
2020-02-26,63.130001068115234,63.61000061035156,62.79999923706055,62.82500076293945,3059800
2020-02-27,62.64500045776367,62.744998931884766,60.345001220703125,60.400001525878906,5108600
2020-02-28,59.38999938964844,59.38999938964844,56.94499969482422,58.45500183105469,5471000
2020-03-02,58.70000076293945,62.189998626708984,58.45000076293945,62.060001373291016,3914000
2020-03-03,62.2400016784668,63.369998931884766,60.54499816894531,60.94499969482422,3960000
2020-03-04,61.80500030517578,64.375,61.80500030517578,64.18000030517578,3012000
2020-03-05,63.025001525878906,64.08000183105469,62.21500015258789,63.72999954223633,4400000
2020-03-06,61.97999954223633,62.5,60.224998474121094,62.13999938964844,3755200
2020-03-09,59.09000015258789,59.459999084472656,57.005001068115234,57.70000076293945,6543400
2020-03-10,58.68000030517578,59.78499984741211,56.83000183105469,59.64500045776367,5639800
2020-03-11,58.18000030517578,58.30500030517578,54.76499938964844,55.810001373291016,3530800
2020-03-12,52.720001220703125,53.71500015258789,49.224998474121094,50.81999969482422,5744400
2020-03-13,53.31999969482422,53.63999938964844,48.310001373291016,51.46500015258789,5350400
2020-03-16,47.290000915527344,48.02000045776367,42.91999816894531,43.369998931884766,6870000
2020-03-17,44.35499954223633,49.92499923706055,43.69499969482422,49.810001373291016,6942000
2020-03-18,46.849998474121094,47.71500015258789,39.755001068115234,43.20500183105469,8217600
2020-03-19,42.79999923706055,44.08000183105469,38.79499816894531,42.025001525878906,5604200
2020-03-20,42.86000061035156,44.790000915527344,39.53499984741211,39.994998931884766,4987600
2020-03-23,39.47999954223633,41.25,37.595001220703125,39.09000015258789,4360400
2020-03-24,40.80500030517578,43.625,39.79999923706055,43.165000915527344,3721000
2020-03-25,43.029998779296875,46.494998931884766,41.8849983215332,44.47999954223633,3844000
2020-03-26,44.814998626708984,49.03499984741211,44.560001373291016,48.35499954223633,3345400
2020-03-27,46.380001068115234,50.29999923706055,46.20000076293945,48.66999816894531,3671200
2020-03-30,49.185001373291016,50.595001220703125,47.65999984741211,50.03499984741211,3652000
2020-03-31,49.35499954223633,50.02000045776367,46.654998779296875,46.98500061035156,5240600
2020-04-01,44.98500061035156,45.849998474121094,42.07500076293945,42.790000915527344,3061000
2020-04-02,41.724998474121094,44.82500076293945,41.404998779296875,44.099998474121094,4130000
2020-04-03,43.599998474121094,44.58000183105469,41.470001220703125,41.689998626708984,4751800
2020-04-06,43.70500183105469,46.994998931884766,43.084999084472656,46.5,2600400
2020-04-07,48.04999923706055,48.334999084472656,46.31999969482422,46.82500076293945,2720600
2020-04-08,46.90999984741211,50.78499984741211,46.90999984741211,50.2599983215332,2860000
2020-04-09,51.040000915527344,53.61000061035156,50.814998626708984,51.45500183105469,2994800
2020-04-13,50.83000183105469,50.83000183105469,48.56999969482422,48.94499969482422,3525800
2020-04-14,49.95500183105469,50.650001525878906,49.404998779296875,50.33000183105469,2209200
2020-04-15,48.90999984741211,49.57500076293945,48.43000030517578,48.654998779296875,2829200
2020-04-16,48.779998779296875,49.10499954223633,47.720001220703125,48.58000183105469,3454200
2020-04-17,49.505001068115234,50.88999938964844,49.08000183105469,50.6349983215332,2641800
2020-04-20,49.915000915527344,50.04999923706055,47.915000915527344,48.224998474121094,2441600
2020-04-21,47.35499954223633,48.064998626708984,46.64500045776367,47.33000183105469,2515000
2020-04-22,48.275001525878906,50.08000183105469,47.665000915527344,49.7400016784668,3543800
2020-04-23,49.70500183105469,50.16999816894531,48.415000915527344,48.48500061035156,2359400
2020-04-24,48.54499816894531,49.08000183105469,47.84000015258789,48.76499938964844,3076200
2020-04-27,49.875,51.18000030517578,49.71500015258789,50.654998779296875,3811600
2020-04-28,51.775001525878906,52.47999954223633,49.53499984741211,49.834999084472656,2271200
2020-04-29,50.880001068115234,50.880001068115234,49.10499954223633,49.189998626708984,1973400
2020-04-30,48.96500015258789,49.0,46.98500061035156,47.755001068115234,2995000
2020-05-01,47.279998779296875,47.279998779296875,46.04999923706055,46.78499984741211,1975000
2020-05-04,46.685001373291016,48.0099983215332,46.130001068115234,47.709999084472656,2444000
2020-05-05,47.5,49.80500030517578,47.5,48.375,2707200
2020-05-06,48.125,48.2400016784668,46.119998931884766,46.334999084472656,2077600
2020-05-07,46.7400016784668,47.494998931884766,46.310001373291016,46.3849983215332,2370600
2020-05-08,47.005001068115234,47.83000183105469,46.459999084472656,47.505001068115234,3254000
2020-05-11,48.3849983215332,48.584999084472656,46.86000061035156,48.11000061035156,5357600
2020-05-12,48.119998931884766,48.36000061035156,47.334999084472656,48.0,4866400
2020-05-13,47.64500045776367,48.0,46.650001525878906,47.05500030517578,4599200
2020-05-14,46.470001220703125,47.59000015258789,45.494998931884766,47.470001220703125,3147800
2020-05-15,47.224998474121094,47.73500061035156,46.25,47.4900016784668,5742400
2020-05-18,48.84000015258789,50.22999954223633,48.755001068115234,49.709999084472656,2528600
2020-05-19,49.470001220703125,49.65999984741211,48.279998779296875,48.279998779296875,1684000
2020-05-20,48.78499984741211,49.26499938964844,48.43000030517578,48.79499816894531,1502800
2020-05-21,48.755001068115234,49.15999984741211,48.599998474121094,48.814998626708984,2258400
2020-05-22,48.775001525878906,49.119998931884766,48.529998779296875,48.97999954223633,1911000
2020-05-26,50.14500045776367,50.625,49.76499938964844,49.869998931884766,2242000
2020-05-27,50.665000915527344,50.7400016784668,49.1349983215332,49.73500061035156,1624000
2020-05-28,50.474998474121094,51.689998626708984,50.20500183105469,51.53499984741211,2403800
2020-05-29,51.375,51.560001373291016,50.48500061035156,50.90999984741211,3640600
2020-06-01,50.810001373291016,51.900001525878906,50.625,51.34000015258789,1886400
2020-06-02,51.36000061035156,51.790000915527344,50.7400016784668,51.76499938964844,2357400
2020-06-03,52.05500030517578,52.63999938964844,51.814998626708984,52.02000045776367,1945000
2020-06-04,51.69499969482422,51.849998474121094,50.025001525878906,50.6150016784668,2078000
2020-06-05,51.90999984741211,53.2400016784668,51.54499816894531,51.8650016784668,2117400
2020-06-08,51.900001525878906,53.150001525878906,51.560001373291016,52.94499969482422,2266000
2020-06-09,52.244998931884766,52.27000045776367,51.2599983215332,51.66999816894531,2002800
2020-06-10,51.904998779296875,52.1349983215332,50.88999938964844,51.095001220703125,2185800
2020-06-11,50.005001068115234,50.040000915527344,47.994998931884766,48.3849983215332,2998400
2020-06-12,49.375,49.40999984741211,47.3650016784668,48.209999084472656,3380000
2020-06-15,47.16999816894531,48.814998626708984,46.6349983215332,48.595001220703125,2843200
2020-06-16,50.029998779296875,50.32500076293945,48.540000915527344,48.959999084472656,2264400
2020-06-17,49.41999816894531,49.5099983215332,47.915000915527344,48.53499984741211,2202200
2020-06-18,48.2400016784668,48.83000183105469,47.79499816894531,48.75,2425000
2020-06-19,49.529998779296875,49.529998779296875,47.10499954223633,47.2599983215332,8592400
2020-06-22,47.17499923706055,48.775001525878906,46.744998931884766,48.48500061035156,3242800
2020-06-23,48.95000076293945,48.9900016784668,47.47999954223633,47.5,3419000
2020-06-24,47.029998779296875,47.20000076293945,45.959999084472656,46.755001068115234,2432400
2020-06-25,46.70000076293945,46.70000076293945,45.54999923706055,46.18000030517578,3167200
2020-06-26,46.18000030517578,46.9900016784668,45.540000915527344,45.83000183105469,3946400
2020-06-29,46.224998474121094,46.89500045776367,45.52000045776367,46.8849983215332,1646200
2020-06-30,46.91999816894531,47.31999969482422,46.540000915527344,46.904998779296875,2120400
2020-07-01,46.8849983215332,48.57500076293945,46.869998931884766,48.36000061035156,1865600
2020-07-02,48.95500183105469,49.334999084472656,48.255001068115234,48.43000030517578,1754600
2020-07-06,48.91999816894531,49.349998474121094,47.54999923706055,48.20000076293945,1287800
2020-07-07,47.755001068115234,48.255001068115234,47.474998474121094,47.92499923706055,1857400
2020-07-08,47.935001373291016,48.650001525878906,47.6349983215332,48.45000076293945,2632200
2020-07-09,48.599998474121094,48.599998474121094,46.900001525878906,48.224998474121094,2745800
2020-07-10,48.04999923706055,49.165000915527344,48.04999923706055,49.07500076293945,1575600
2020-07-13,49.099998474121094,49.29999923706055,47.91999816894531,48.16999816894531,2629200
2020-07-14,48.20000076293945,49.13999938964844,48.165000915527344,48.814998626708984,2691800
2020-07-15,49.529998779296875,49.6349983215332,48.005001068115234,48.119998931884766,3168000
2020-07-16,48.255001068115234,49.32500076293945,48.04999923706055,49.165000915527344,2168800
2020-07-17,49.529998779296875,50.27000045776367,49.290000915527344,50.220001220703125,1799200
2020-07-20,50.0,50.11000061035156,49.060001373291016,49.19499969482422,1488800
2020-07-21,50.095001220703125,50.189998626708984,49.35499954223633,49.775001525878906,2325400
2020-07-22,49.650001525878906,51.915000915527344,49.21500015258789,51.564998626708984,4280600
2020-07-23,51.61000061035156,52.47999954223633,51.33000183105469,52.0099983215332,2171600
2020-07-24,52.09000015258789,52.48500061035156,50.974998474121094,51.33000183105469,1768800
2020-07-27,51.20500183105469,51.20500183105469,50.375,50.8650016784668,1480600
2020-07-28,50.625,51.70500183105469,50.625,51.334999084472656,1931400
2020-07-29,51.744998931884766,52.70500183105469,51.220001220703125,52.064998626708984,2895800
2020-07-30,51.54999923706055,52.435001373291016,51.29999923706055,52.31999969482422,1935600
2020-07-31,52.02000045776367,52.6349983215332,51.85499954223633,52.564998626708984,3372200
2020-08-03,52.564998626708984,52.650001525878906,51.125,51.310001373291016,1881000
2020-08-04,51.25,52.04999923706055,51.095001220703125,51.58000183105469,1448000
2020-08-05,51.70000076293945,51.75,50.165000915527344,50.18000030517578,2329400
2020-08-06,50.1349983215332,51.16999816894531,50.0,51.14500045776367,1774800
2020-08-07,51.01499938964844,52.400001525878906,51.01499938964844,52.334999084472656,1701200
2020-08-10,52.56999969482422,52.97999954223633,52.255001068115234,52.849998474121094,1479400
2020-08-11,52.939998626708984,53.275001525878906,50.86000061035156,51.05500030517578,3069800
2020-08-12,50.814998626708984,51.5,50.45500183105469,50.82500076293945,2309000
2020-08-13,50.595001220703125,50.94499969482422,50.25,50.8650016784668,1233600
2020-08-14,50.76499938964844,51.08000183105469,50.10499954223633,50.46500015258789,1442000
2020-08-17,50.47999954223633,51.025001525878906,50.14500045776367,50.29999923706055,2182400
2020-08-18,50.3650016784668,50.505001068115234,49.46500015258789,50.04999923706055,1567800
2020-08-19,50.119998931884766,50.2599983215332,49.459999084472656,49.494998931884766,1224400
2020-08-20,49.220001220703125,49.45000076293945,48.459999084472656,48.85499954223633,1733400
2020-08-21,49.064998626708984,49.119998931884766,48.3849983215332,49.064998626708984,1843600
2020-08-24,49.25,49.42499923706055,48.584999084472656,49.31999969482422,1506000
2020-08-25,49.529998779296875,49.529998779296875,48.709999084472656,48.90999984741211,1587600
2020-08-26,48.630001068115234,48.67499923706055,48.09000015258789,48.125,2314400
2020-08-27,48.35499954223633,48.76499938964844,47.779998779296875,48.630001068115234,2331200
2020-08-28,48.72999954223633,49.55500030517578,48.404998779296875,49.47999954223633,2393000
2020-08-31,49.31999969482422,49.814998626708984,49.20500183105469,49.56999969482422,2392200
2020-09-01,49.474998474121094,49.47999954223633,48.505001068115234,48.845001220703125,1809600
2020-09-02,48.86000061035156,50.54499816894531,48.654998779296875,50.2400016784668,1728600
2020-09-03,50.45500183105469,50.75,48.4900016784668,49.0,3363000
2020-09-04,49.275001525878906,49.36000061035156,48.39500045776367,48.95000076293945,1975000
2020-09-08,48.89500045776367,49.279998779296875,48.025001525878906,48.974998474121094,2522000
2020-09-09,49.17499923706055,49.935001373291016,49.1349983215332,49.185001373291016,1700000
2020-09-10,49.01499938964844,49.255001068115234,47.880001068115234,47.92499923706055,2010800
2020-09-11,47.974998474121094,47.974998474121094,47.334999084472656,47.724998474121094,2973400
2020-09-14,48.040000915527344,48.709999084472656,47.95000076293945,48.36000061035156,1498800
2020-09-15,48.689998626708984,49.2400016784668,48.01499938964844,48.27000045776367,1706800
2020-09-16,48.150001525878906,48.810001373291016,48.060001373291016,48.41999816894531,2157600
2020-09-17,48.04999923706055,48.8849983215332,47.540000915527344,48.814998626708984,2720400
2020-09-18,48.71500015258789,48.94499969482422,47.66999816894531,47.71500015258789,3401200
2020-09-21,47.26499938964844,47.98500061035156,46.64500045776367,47.415000915527344,2774400
2020-09-22,47.40999984741211,48.935001373291016,47.279998779296875,48.63999938964844,3147000
2020-09-23,48.66999816894531,48.83000183105469,47.540000915527344,47.584999084472656,2564600
2020-09-24,47.439998626708984,48.1349983215332,46.81999969482422,47.88999938964844,2177600
2020-09-25,47.689998626708984,48.52000045776367,47.51499938964844,48.4900016784668,1602400
2020-09-28,48.79999923706055,49.0099983215332,48.27000045776367,48.34000015258789,1880000
2020-09-29,48.474998474121094,48.63999938964844,47.57500076293945,47.88999938964844,1651200
2020-09-30,48.29999923706055,49.474998474121094,48.255001068115234,49.26499938964844,3302800
2020-10-01,49.40999984741211,50.67499923706055,49.334999084472656,50.63999938964844,3269800
2020-10-02,50.25,52.11000061035156,50.084999084472656,51.82500076293945,4642000
2020-10-05,51.709999084472656,52.529998779296875,51.16999816894531,52.404998779296875,2290400
2020-10-06,52.625,53.93000030517578,52.32500076293945,53.025001525878906,3082200
2020-10-07,53.45000076293945,53.5,52.125,52.349998474121094,3145200
2020-10-08,52.55500030517578,53.689998626708984,52.46500015258789,53.60499954223633,1771800
2020-10-09,53.650001525878906,53.68000030517578,52.56999969482422,52.92499923706055,1896000
2020-10-12,52.98500061035156,53.3650016784668,52.70500183105469,53.099998474121094,2372200
2020-10-13,52.724998474121094,53.42499923706055,52.54499816894531,53.2400016784668,2625000
2020-10-14,53.27000045776367,53.685001373291016,52.415000915527344,52.880001068115234,2207600
2020-10-15,52.375,53.1349983215332,52.1349983215332,52.65999984741211,1689800
2020-10-16,52.71500015258789,53.529998779296875,52.400001525878906,53.334999084472656,2214000
2020-10-19,53.165000915527344,53.665000915527344,52.560001373291016,52.66999816894531,2325800
2020-10-20,52.959999084472656,53.4900016784668,52.584999084472656,53.11000061035156,2262400
2020-10-21,52.86000061035156,54.10499954223633,52.85499954223633,53.43000030517578,2373000
2020-10-22,53.505001068115234,54.16999816894531,53.025001525878906,54.02000045776367,1966600
2020-10-23,54.375,54.72999954223633,53.904998779296875,54.474998474121094,2248200
2020-10-26,53.94499969482422,54.67499923706055,53.67499923706055,54.505001068115234,2185800
2020-10-27,54.369998931884766,54.6150016784668,53.5,53.779998779296875,2360400
2020-10-28,52.939998626708984,53.6349983215332,51.29499816894531,51.404998779296875,3726600
2020-10-29,51.16999816894531,51.3650016784668,50.380001068115234,50.7400016784668,3034600
2020-10-30,50.560001373291016,50.90999984741211,49.529998779296875,50.61000061035156,3023200
2020-11-02,51.38999938964844,52.76499938964844,50.654998779296875,52.66999816894531,2339800
2020-11-03,53.380001068115234,54.459999084472656,53.029998779296875,54.095001220703125,3886600
2020-11-04,53.67499923706055,54.54999923706055,52.755001068115234,52.875,1984600
2020-11-05,53.2599983215332,54.29499816894531,53.2400016784668,53.40999984741211,1451800
2020-11-06,53.314998626708984,53.779998779296875,52.2599983215332,52.45500183105469,1580800
2020-11-09,54.8650016784668,56.35499954223633,54.470001220703125,54.57500076293945,2147600
2020-11-10,54.34000015258789,55.13999938964844,54.07500076293945,54.6150016784668,1895600
2020-11-11,54.904998779296875,55.064998626708984,54.185001373291016,54.915000915527344,1818200
2020-11-12,54.540000915527344,54.81999969482422,53.43000030517578,53.875,1824400
2020-11-13,54.07500076293945,54.834999084472656,54.07500076293945,54.59000015258789,2459600
2020-11-16,56.04499816894531,56.435001373291016,55.1349983215332,56.3849983215332,2550600
2020-11-17,56.1349983215332,56.55500030517578,55.845001220703125,55.97999954223633,2479600
2020-11-18,56.30500030517578,56.68000030517578,55.04999923706055,55.095001220703125,2646000
2020-11-19,55.11000061035156,55.11000061035156,54.18000030517578,54.48500061035156,2098000
2020-11-20,54.43000030517578,54.94499969482422,54.185001373291016,54.4900016784668,2814400
2020-11-23,54.65999984741211,55.11000061035156,54.2400016784668,54.86000061035156,2251800
2020-11-24,55.42499923706055,55.43000030517578,54.869998931884766,55.29999923706055,2461600
2020-11-25,55.400001525878906,56.224998474121094,54.845001220703125,56.125,2338400
2020-11-27,56.185001373291016,56.185001373291016,55.244998931884766,55.755001068115234,1625400
2020-11-30,55.4900016784668,55.4900016784668,54.1150016784668,54.42499923706055,4758800
2020-12-01,54.84000015258789,55.540000915527344,54.36000061035156,54.42499923706055,2185400
2020-12-02,54.1349983215332,54.38999938964844,53.150001525878906,54.30500030517578,3282600
2020-12-03,54.0099983215332,54.189998626708984,53.09000015258789,53.31999969482422,2351200
2020-12-04,53.474998474121094,53.69499969482422,52.81999969482422,53.3650016784668,1848200
2020-12-07,52.91999816894531,53.849998474121094,52.69499969482422,53.30500030517578,1845200
2020-12-08,52.869998931884766,53.375,52.6349983215332,52.64500045776367,2117800
2020-12-09,52.8650016784668,53.06999969482422,51.875,52.22999954223633,3288800
2020-12-10,52.22999954223633,52.54999923706055,51.48500061035156,51.630001068115234,2960000
2020-12-11,51.470001220703125,51.71500015258789,51.04999923706055,51.38999938964844,2261200
2020-12-14,51.595001220703125,52.20500183105469,50.6349983215332,50.70500183105469,2064000
2020-12-15,50.880001068115234,51.525001525878906,50.224998474121094,51.290000915527344,3280400
2020-12-16,51.189998626708984,51.71500015258789,50.21500015258789,50.25,3067200
2020-12-17,50.4900016784668,50.9900016784668,50.150001525878906,50.279998779296875,2371600
2020-12-18,50.255001068115234,50.439998626708984,49.685001373291016,50.0099983215332,4423000
2020-12-21,49.54499816894531,49.56999969482422,48.290000915527344,48.5099983215332,2568200
2020-12-22,48.60499954223633,48.60499954223633,47.7400016784668,48.005001068115234,2444800
2020-12-23,48.29999923706055,48.68000030517578,47.720001220703125,47.73500061035156,2614800
2020-12-24,47.79999923706055,47.875,47.349998474121094,47.67499923706055,1232200
2020-12-28,47.82500076293945,48.11000061035156,47.57500076293945,47.83000183105469,2543600
2020-12-29,48.11000061035156,48.595001220703125,48.099998474121094,48.369998931884766,4530000
2020-12-30,48.310001373291016,49.474998474121094,48.189998626708984,49.31999969482422,2538600
2020-12-31,49.17499923706055,49.98500061035156,48.834999084472656,49.91999816894531,1984600
2021-01-04,49.90999984741211,50.040000915527344,48.76499938964844,49.005001068115234,2916000
2021-01-05,49.154998779296875,49.349998474121094,48.255001068115234,48.349998474121094,3258400
2021-01-06,48.78499984741211,49.404998779296875,48.470001220703125,49.1150016784668,2973400
2021-01-07,49.10499954223633,49.28499984741211,47.38999938964844,47.41999816894531,3225200
2021-01-08,47.439998626708984,47.77000045776367,47.060001373291016,47.744998931884766,2667600
2021-01-11,47.505001068115234,47.935001373291016,46.869998931884766,47.19499969482422,2067800
2021-01-12,46.96500015258789,47.150001525878906,45.88999938964844,46.349998474121094,2758000
2021-01-13,46.43000030517578,46.880001068115234,46.01499938964844,46.82500076293945,3729000
2021-01-14,47.18000030517578,47.2400016784668,46.415000915527344,47.0,3770800
2021-01-15,46.875,47.834999084472656,46.529998779296875,47.625,3567400
2021-01-19,47.625,47.96500015258789,47.32500076293945,47.560001373291016,3362000
2021-01-20,47.20000076293945,47.61000061035156,47.13999938964844,47.36000061035156,2256600
2021-01-21,47.400001525878906,47.51499938964844,46.814998626708984,46.834999084472656,2343400
2021-01-22,46.654998779296875,47.14500045776367,46.064998626708984,46.98500061035156,2347600
2021-01-25,46.70000076293945,47.75,46.595001220703125,47.375,3469200
2021-01-26,47.52000045776367,47.724998474121094,47.130001068115234,47.345001220703125,3165000
2021-01-27,46.959999084472656,47.540000915527344,46.29499816894531,46.80500030517578,4611000
2021-01-28,46.80500030517578,48.54499816894531,46.80500030517578,47.935001373291016,3877600
2021-01-29,47.63999938964844,48.15999984741211,47.19499969482422,47.665000915527344,5146600
2021-02-01,47.654998779296875,48.165000915527344,47.275001525878906,47.57500076293945,3848200
2021-02-02,47.775001525878906,48.7400016784668,47.380001068115234,47.915000915527344,2552400
2021-02-03,47.8849983215332,48.14500045776367,47.39500045776367,47.44499969482422,1968200
2021-02-04,47.529998779296875,48.53499984741211,47.29499816894531,48.23500061035156,2524000
2021-02-05,48.5,48.900001525878906,48.23500061035156,48.314998626708984,1647800
2021-02-08,48.16999816894531,48.22999954223633,47.154998779296875,47.23500061035156,2301800
2021-02-09,47.58000183105469,47.63999938964844,46.88999938964844,47.5,1561200
2021-02-10,47.8849983215332,48.20500183105469,47.42499923706055,48.005001068115234,2495000
2021-02-11,47.6349983215332,47.79499816894531,47.13999938964844,47.31999969482422,3014200
2021-02-12,47.32500076293945,47.595001220703125,47.040000915527344,47.44499969482422,2215200
2021-02-16,47.44499969482422,47.5,46.845001220703125,46.875,2304800
2021-02-17,46.98500061035156,47.095001220703125,46.26499938964844,46.595001220703125,1622000
2021-02-18,46.69499969482422,47.20500183105469,46.48500061035156,46.96500015258789,1670000
2021-02-19,47.0,47.099998474121094,46.45000076293945,46.59000015258789,2653400
2021-02-22,46.69499969482422,46.93000030517578,44.35499954223633,44.540000915527344,6824000
2021-02-23,44.8650016784668,45.63999938964844,44.63999938964844,45.58000183105469,3328200
2021-02-24,45.57500076293945,46.275001525878906,44.80500030517578,44.98500061035156,3502200
2021-02-25,44.755001068115234,45.095001220703125,43.564998626708984,44.02000045776367,2899400
2021-02-26,44.13999938964844,44.5099983215332,43.400001525878906,43.404998779296875,3420200
2021-03-01,43.96500015258789,44.94499969482422,43.834999084472656,43.880001068115234,3591400
2021-03-02,43.900001525878906,44.685001373291016,43.55500030517578,44.380001068115234,3493600
2021-03-03,44.19499969482422,44.334999084472656,43.189998626708984,43.71500015258789,3424200
2021-03-04,43.79999923706055,44.1349983215332,42.88999938964844,43.79499816894531,4538600
2021-03-05,43.78499984741211,44.869998931884766,43.60499954223633,44.564998626708984,4265200
2021-03-08,44.415000915527344,45.36000061035156,44.095001220703125,45.08000183105469,5125400
2021-03-09,45.255001068115234,45.595001220703125,44.529998779296875,45.375,3680200
2021-03-10,45.45000076293945,47.30500030517578,45.29499816894531,47.220001220703125,5387600
2021-03-11,46.935001373291016,47.755001068115234,46.66999816894531,46.67499923706055,3147000
2021-03-12,47.05500030517578,47.994998931884766,46.71500015258789,47.880001068115234,2180600
2021-03-15,48.0,49.1150016784668,48.0,49.064998626708984,3277600
2021-03-16,48.755001068115234,49.4900016784668,48.560001373291016,49.45500183105469,3281800
2021-03-17,49.435001373291016,49.91999816894531,49.0,49.470001220703125,2970800
2021-03-18,49.474998474121094,49.775001525878906,48.79999923706055,49.025001525878906,2674400
2021-03-19,49.439998626708984,49.83000183105469,48.34000015258789,49.220001220703125,8450000
2021-03-22,49.220001220703125,49.220001220703125,48.08000183105469,48.84000015258789,2946800
2021-03-23,48.72999954223633,49.38999938964844,48.459999084472656,49.05500030517578,2270000
2021-03-24,48.845001220703125,49.41999816894531,48.685001373291016,48.71500015258789,3191800
2021-03-25,49.0,49.36000061035156,48.400001525878906,49.154998779296875,2619400
2021-03-26,49.05500030517578,49.439998626708984,48.7400016784668,49.220001220703125,1437400
2021-03-29,49.05500030517578,49.7400016784668,48.900001525878906,49.58000183105469,1656800
2021-03-30,49.48500061035156,49.5,48.72999954223633,49.33000183105469,1674600
2021-03-31,49.369998931884766,49.834999084472656,49.209999084472656,49.73500061035156,2731600
2021-04-01,49.52000045776367,49.89500045776367,49.209999084472656,49.81999969482422,1882200
2021-04-05,50.0,50.869998931884766,49.95500183105469,50.26499938964844,2164200
2021-04-06,50.13999938964844,50.98500061035156,49.875,50.95000076293945,2559400
2021-04-07,51.0,51.18000030517578,50.525001525878906,50.86000061035156,3381800
2021-04-08,50.95000076293945,51.14500045776367,50.58000183105469,50.63999938964844,1540600
2021-04-09,50.6349983215332,51.029998779296875,50.3849983215332,50.56999969482422,1617000
2021-04-12,50.599998474121094,51.150001525878906,50.599998474121094,50.98500061035156,1490600
2021-04-13,50.56999969482422,51.834999084472656,50.494998931884766,51.70500183105469,2221600
2021-04-14,51.60499954223633,52.119998931884766,51.31999969482422,52.09000015258789,2009400
2021-04-15,52.0,52.84000015258789,51.95000076293945,52.79499816894531,1955000
2021-04-16,53.060001373291016,53.57500076293945,52.88999938964844,53.31999969482422,3042400
2021-04-19,53.540000915527344,53.540000915527344,52.959999084472656,53.290000915527344,1453800
2021-04-20,53.36000061035156,54.220001220703125,53.29499816894531,53.994998931884766,1433600
2021-04-21,54.19499969482422,54.439998626708984,53.54999923706055,53.84000015258789,1547200
2021-04-22,53.779998779296875,53.875,53.290000915527344,53.29999923706055,1595000
2021-04-23,53.220001220703125,53.459999084472656,52.80500030517578,53.35499954223633,2162000
2021-04-26,53.40999984741211,53.560001373291016,53.09000015258789,53.5,2496800
2021-04-27,53.26499938964844,53.65999984741211,53.060001373291016,53.27000045776367,3793200
2021-04-28,53.14500045776367,53.474998474121094,52.584999084472656,53.290000915527344,4290600
2021-04-29,53.380001068115234,54.474998474121094,53.380001068115234,54.29499816894531,2998600
2021-04-30,54.3650016784668,54.71500015258789,54.05500030517578,54.64500045776367,2918600
2021-05-03,54.70500183105469,55.16999816894531,54.564998626708984,54.6150016784668,1831400
2021-05-04,54.7400016784668,54.80500030517578,54.0,54.55500030517578,2650200
2021-05-05,53.79999923706055,54.005001068115234,52.9900016784668,53.470001220703125,2835600
2021-05-06,53.599998474121094,53.90999984741211,53.119998931884766,53.814998626708984,2795400
2021-05-07,53.69499969482422,54.5,53.69499969482422,54.154998779296875,1667400
2021-05-10,54.470001220703125,54.900001525878906,54.32500076293945,54.55500030517578,1920400
2021-05-11,54.540000915527344,54.67499923706055,53.064998626708984,53.51499938964844,1948800
2021-05-12,53.4900016784668,53.4900016784668,51.92499923706055,51.939998626708984,2146000
2021-05-13,52.025001525878906,53.474998474121094,51.939998626708984,53.029998779296875,2558800
2021-05-14,53.20000076293945,53.810001373291016,53.20000076293945,53.59000015258789,1438000
2021-05-17,53.63999938964844,53.744998931884766,52.7599983215332,52.7599983215332,2204800
2021-05-18,52.595001220703125,52.9900016784668,52.334999084472656,52.76499938964844,2891400
2021-05-19,52.625,52.7400016784668,51.90999984741211,52.505001068115234,1730600
2021-05-20,52.45000076293945,53.279998779296875,52.45000076293945,52.869998931884766,1434600
2021-05-21,53.005001068115234,53.39500045776367,52.80500030517578,53.31999969482422,3803000
2021-05-24,53.48500061035156,53.540000915527344,53.07500076293945,53.400001525878906,1873000
2021-05-25,53.43000030517578,53.43000030517578,52.79499816894531,52.959999084472656,1816600
2021-05-26,52.94499969482422,53.05500030517578,52.57500076293945,52.665000915527344,1681600
2021-05-27,52.92499923706055,52.92499923706055,52.3849983215332,52.400001525878906,2015000
2021-05-28,52.65999984741211,52.869998931884766,52.375,52.630001068115234,1445200
2021-06-01,52.75,52.875,52.130001068115234,52.314998626708984,1779000
2021-06-02,52.29999923706055,52.654998779296875,51.98500061035156,52.34000015258789,1764000
2021-06-03,52.05500030517578,53.029998779296875,51.98500061035156,52.904998779296875,1420800
2021-06-04,53.0,53.15999984741211,52.810001373291016,52.959999084472656,1141600
2021-06-07,53.14500045776367,53.34000015258789,52.93000030517578,53.29499816894531,1428000
2021-06-08,53.23500061035156,53.3849983215332,52.630001068115234,53.064998626708984,1739000
2021-06-09,53.279998779296875,53.935001373291016,53.005001068115234,53.810001373291016,1733800
2021-06-10,53.92499923706055,54.46500015258789,53.689998626708984,54.33000183105469,1438600
2021-06-11,54.06999969482422,54.5,53.875,54.470001220703125,1278600
2021-06-14,54.56999969482422,54.56999969482422,54.099998474121094,54.45000076293945,1886800
2021-06-15,54.5099983215332,54.8650016784668,54.345001220703125,54.6150016784668,1835400
2021-06-16,54.91999816894531,55.1150016784668,53.60499954223633,53.70000076293945,2351000
2021-06-17,53.584999084472656,54.185001373291016,53.349998474121094,53.82500076293945,1840600
2021-06-18,53.67499923706055,53.67499923706055,51.46500015258789,51.69499969482422,5128800
2021-06-21,51.875,52.505001068115234,51.70500183105469,52.244998931884766,2283000
2021-06-22,52.099998474121094,52.244998931884766,51.61000061035156,51.61000061035156,1905400
2021-06-23,51.5,51.5099983215332,50.630001068115234,50.689998626708984,2112400
2021-06-24,50.81999969482422,50.88999938964844,50.26499938964844,50.47999954223633,2025200
2021-06-25,50.404998779296875,50.80500030517578,50.22999954223633,50.790000915527344,2623400
2021-06-28,50.89500045776367,51.29499816894531,50.72999954223633,51.165000915527344,1785000
2021-06-29,51.0,51.255001068115234,50.08000183105469,50.22999954223633,2113000
2021-06-30,50.29999923706055,50.40999984741211,49.6349983215332,49.849998474121094,2390200
2021-07-01,49.849998474121094,51.040000915527344,49.744998931884766,50.779998779296875,1542600
2021-07-02,50.85499954223633,51.040000915527344,50.529998779296875,50.904998779296875,1552200
2021-07-06,50.75,51.185001373291016,50.244998931884766,51.154998779296875,1548400
2021-07-07,51.08000183105469,51.41999816894531,50.79999923706055,51.39500045776367,1551800
2021-07-08,51.130001068115234,51.41999816894531,50.97999954223633,51.1349983215332,1588200
2021-07-09,51.36000061035156,51.595001220703125,50.974998474121094,51.459999084472656,1347000
2021-07-12,51.2599983215332,51.625,51.064998626708984,51.52000045776367,1190200
2021-07-13,51.540000915527344,51.595001220703125,50.6349983215332,50.83000183105469,1140400
2021-07-14,50.8650016784668,51.540000915527344,50.61000061035156,51.26499938964844,1283800
2021-07-15,51.09000015258789,51.86000061035156,51.04499816894531,51.810001373291016,1954800
2021-07-16,51.89500045776367,52.66999816894531,51.69499969482422,52.36000061035156,1498400
2021-07-19,52.025001525878906,52.22999954223633,50.099998474121094,50.80500030517578,2314000
2021-07-20,50.834999084472656,51.66999816894531,50.834999084472656,51.17499923706055,1534600
2021-07-21,51.47999954223633,51.47999954223633,50.53499984741211,50.57500076293945,1077000
2021-07-22,50.560001373291016,50.80500030517578,50.224998474121094,50.44499969482422,1156600
2021-07-23,50.56999969482422,51.380001068115234,50.525001525878906,51.369998931884766,1597400
2021-07-26,51.3849983215332,52.005001068115234,51.2400016784668,51.88999938964844,2103000
2021-07-27,51.83000183105469,52.96500015258789,51.599998474121094,52.66999816894531,1432600
2021-07-28,52.630001068115234,52.75,51.790000915527344,52.154998779296875,1280000
2021-07-29,52.3650016784668,52.47999954223633,51.90999984741211,52.189998626708984,1116400
2021-07-30,52.22999954223633,52.755001068115234,51.33000183105469,51.459999084472656,2322800
2021-08-02,51.67499923706055,52.099998474121094,51.505001068115234,51.790000915527344,3356800
2021-08-03,51.875,52.349998474121094,51.58000183105469,51.98500061035156,1888600
2021-08-04,51.345001220703125,52.04499816894531,51.07500076293945,51.85499954223633,2528200
2021-08-05,52.029998779296875,53.29999923706055,51.79999923706055,53.22999954223633,2219200
2021-08-06,53.3849983215332,53.44499969482422,52.79999923706055,53.04499816894531,2519200
2021-08-09,53.095001220703125,53.46500015258789,52.900001525878906,53.415000915527344,2222600
2021-08-10,53.400001525878906,54.459999084472656,53.224998474121094,54.334999084472656,2540800
2021-08-11,54.005001068115234,54.654998779296875,53.7599983215332,54.505001068115234,2075600
2021-08-12,54.43000030517578,54.744998931884766,54.20500183105469,54.345001220703125,1907800
2021-08-13,54.224998474121094,55.02000045776367,54.20500183105469,54.939998626708984,1883600
2021-08-16,54.97999954223633,55.875,54.505001068115234,55.13999938964844,3447600
2021-08-17,55.1349983215332,55.28499984741211,54.41999816894531,55.04999923706055,2148800
2021-08-18,54.95000076293945,55.28499984741211,54.71500015258789,55.06999969482422,2042000
2021-08-19,55.11000061035156,56.095001220703125,55.040000915527344,55.89500045776367,3245000
2021-08-20,55.79999923706055,57.35499954223633,55.5099983215332,57.29999923706055,3975600
2021-08-23,57.33000183105469,57.439998626708984,56.665000915527344,57.0,3361200
2021-08-24,57.0099983215332,57.060001373291016,56.380001068115234,56.869998931884766,3998800
2021-08-25,56.775001525878906,57.19499969482422,56.5,56.89500045776367,3034000
2021-08-26,56.845001220703125,57.15999984741211,56.474998474121094,56.84000015258789,3897400
2021-08-27,56.84000015258789,56.91999816894531,55.66999816894531,55.845001220703125,5609600
2021-08-30,55.0,55.04999923706055,53.779998779296875,54.68000030517578,6153000
2021-08-31,54.57500076293945,55.36000061035156,54.35499954223633,55.30500030517578,5706000
2021-09-01,55.51499938964844,56.39500045776367,55.279998779296875,56.26499938964844,3695200
2021-09-02,56.39500045776367,56.8650016784668,56.16999816894531,56.85499954223633,4136800
2021-09-03,56.63999938964844,56.689998626708984,56.11000061035156,56.279998779296875,3173400
2021-09-07,56.099998474121094,56.32500076293945,55.54499816894531,56.25,4378200
2021-09-08,56.220001220703125,57.505001068115234,56.0,57.415000915527344,3032400
2021-09-09,57.29999923706055,57.494998931884766,56.43000030517578,56.470001220703125,3307000
2021-09-10,56.470001220703125,56.470001220703125,55.869998931884766,55.91999816894531,1525200
2021-09-13,56.435001373291016,56.959999084472656,56.2400016784668,56.67499923706055,1909000
2021-09-14,57.025001525878906,57.5099983215332,56.724998474121094,57.19499969482422,4029000
2021-09-15,56.95000076293945,57.16999816894531,55.90999984741211,56.44499969482422,5304800
2021-09-16,56.38999938964844,56.654998779296875,55.935001373291016,56.20500183105469,2322800
2021-09-17,56.060001373291016,56.345001220703125,55.39500045776367,55.52000045776367,4751000
2021-09-20,55.31999969482422,55.67499923706055,54.185001373291016,54.755001068115234,2827200
2021-09-21,54.80500030517578,55.2599983215332,53.98500061035156,53.9900016784668,3620200
2021-09-22,54.04999923706055,54.30500030517578,52.83000183105469,52.994998931884766,3228600
2021-09-23,52.7400016784668,52.95000076293945,51.255001068115234,51.30500030517578,4127000
2021-09-24,51.154998779296875,51.47999954223633,50.224998474121094,50.42499923706055,4818800
2021-09-27,50.255001068115234,50.85499954223633,49.970001220703125,50.0099983215332,5224200
2021-09-28,50.0,50.47999954223633,49.25,49.630001068115234,4047800
2021-09-29,49.724998474121094,50.845001220703125,49.53499984741211,50.369998931884766,4042800
2021-09-30,50.494998931884766,50.560001373291016,49.619998931884766,49.654998779296875,2568000
2021-10-01,49.95000076293945,50.290000915527344,49.54499816894531,49.685001373291016,3711200
2021-10-04,49.71500015258789,50.880001068115234,49.654998779296875,50.689998626708984,3277800
2021-10-05,50.72999954223633,51.099998474121094,50.51499938964844,50.73500061035156,2477600
2021-10-06,50.58000183105469,51.6150016784668,50.21500015258789,51.584999084472656,2354800
2021-10-07,51.66999816894531,52.310001373291016,51.59000015258789,51.72999954223633,2247600
2021-10-08,51.689998626708984,51.970001220703125,51.31999969482422,51.595001220703125,1885600
2021-10-11,51.459999084472656,51.685001373291016,50.94499969482422,51.34000015258789,2147600
2021-10-12,51.474998474121094,51.8849983215332,51.20000076293945,51.404998779296875,1406400
2021-10-13,51.11000061035156,51.52000045776367,50.814998626708984,51.279998779296875,2145200
2021-10-14,51.400001525878906,51.89500045776367,51.29999923706055,51.7400016784668,1618400
2021-10-15,51.904998779296875,52.095001220703125,51.10499954223633,51.125,3087000
2021-10-18,50.709999084472656,51.03499984741211,50.130001068115234,50.8849983215332,2568600
2021-10-19,51.0,51.15999984741211,50.81999969482422,51.029998779296875,1137400
2021-10-20,51.19499969482422,52.34000015258789,51.165000915527344,52.025001525878906,1283200
2021-10-21,52.02000045776367,52.31999969482422,51.91999816894531,51.959999084472656,1250200
2021-10-22,52.189998626708984,52.595001220703125,52.10499954223633,52.30500030517578,1323600
2021-10-25,52.2400016784668,52.29999923706055,51.849998474121094,51.89500045776367,1349800
2021-10-26,51.95500183105469,52.45000076293945,51.915000915527344,51.95000076293945,1286000
2021-10-27,52.18000030517578,52.28499984741211,51.474998474121094,51.55500030517578,1647400
2021-10-28,51.5099983215332,51.83000183105469,51.064998626708984,51.400001525878906,1592400
2021-10-29,51.31999969482422,51.939998626708984,51.11000061035156,51.5099983215332,3114400
2021-11-01,51.494998931884766,52.275001525878906,51.345001220703125,51.744998931884766,1880800
2021-11-02,51.755001068115234,51.95500183105469,50.959999084472656,51.900001525878906,3317800
2021-11-03,52.255001068115234,53.095001220703125,51.27000045776367,51.68000030517578,2745800
2021-11-04,51.70000076293945,52.0,50.939998626708984,51.45000076293945,3422400
2021-11-05,51.630001068115234,52.310001373291016,51.625,52.125,2656600
2021-11-08,52.21500015258789,52.21500015258789,50.130001068115234,50.540000915527344,2514000
2021-11-09,50.650001525878906,51.244998931884766,50.54999923706055,51.15999984741211,3440000
2021-11-10,51.31999969482422,51.75,51.21500015258789,51.720001220703125,2920800
2021-11-11,51.70000076293945,52.255001068115234,51.209999084472656,51.564998626708984,2680200
2021-11-12,51.064998626708984,51.189998626708984,50.150001525878906,50.79999923706055,2054400
2021-11-15,51.20500183105469,52.53499984741211,51.125,52.52000045776367,3129800
2021-11-16,52.70500183105469,53.02000045776367,52.5,52.65999984741211,2835800
2021-11-17,52.5099983215332,52.97999954223633,52.15999984741211,52.88999938964844,1831800
2021-11-18,52.939998626708984,53.125,52.459999084472656,52.7400016784668,1936600
2021-11-19,52.869998931884766,53.095001220703125,52.724998474121094,52.974998474121094,2790600
2021-11-22,52.775001525878906,53.79499816894531,52.68000030517578,53.650001525878906,2363000
2021-11-23,53.599998474121094,53.65999984741211,52.959999084472656,53.150001525878906,3405400
2021-11-24,53.189998626708984,53.3650016784668,52.564998626708984,53.20000076293945,2351800
2021-11-26,52.7400016784668,53.165000915527344,51.33000183105469,51.54499816894531,1797800
2021-11-29,52.0,52.79499816894531,51.67499923706055,52.53499984741211,2520800
2021-11-30,52.20000076293945,52.290000915527344,50.165000915527344,50.16999816894531,4311000
2021-12-01,50.654998779296875,51.435001373291016,50.165000915527344,50.20000076293945,2249800
2021-12-02,50.439998626708984,51.6150016784668,50.439998626708984,50.994998931884766,2301200
2021-12-03,51.38999938964844,51.67499923706055,50.60499954223633,51.630001068115234,1945600
2021-12-06,52.31999969482422,53.46500015258789,52.005001068115234,52.459999084472656,2787600
2021-12-07,52.41999816894531,52.76499938964844,52.165000915527344,52.42499923706055,1604400
2021-12-08,52.51499938964844,53.095001220703125,52.26499938964844,52.755001068115234,2106200
2021-12-09,52.79499816894531,53.59000015258789,52.5,53.125,2860200
2021-12-10,53.34000015258789,53.95500183105469,53.16999816894531,53.70500183105469,3888200
2021-12-13,53.625,54.2400016784668,53.21500015258789,53.939998626708984,2397600
2021-12-14,54.01499938964844,54.5,53.51499938964844,53.64500045776367,2207400
2021-12-15,53.51499938964844,55.060001373291016,53.51499938964844,54.92499923706055,2179400
2021-12-16,55.04499816894531,56.05500030517578,54.869998931884766,55.334999084472656,2596400
2021-12-17,54.724998474121094,55.470001220703125,54.599998474121094,54.7599983215332,3784000
2021-12-20,54.275001525878906,54.83000183105469,53.41999816894531,54.724998474121094,1916000
2021-12-21,55.185001373291016,55.6150016784668,54.290000915527344,54.6349983215332,2065600
2021-12-22,54.470001220703125,54.9900016784668,54.334999084472656,54.9900016784668,1026200
2021-12-23,55.060001373291016,55.25,54.90999984741211,55.04499816894531,919600
2021-12-27,55.11000061035156,55.45000076293945,54.880001068115234,55.415000915527344,872600
2021-12-28,55.48500061035156,55.97999954223633,55.41999816894531,55.94499969482422,682000
2021-12-29,55.96500015258789,56.27000045776367,55.71500015258789,56.244998931884766,931200
2021-12-30,56.310001373291016,56.34000015258789,55.58000183105469,55.81999969482422,1311400
2021-12-31,55.709999084472656,56.540000915527344,55.38999938964844,56.32500076293945,1102600
2022-01-03,56.32500076293945,56.32500076293945,55.220001220703125,55.70000076293945,2060000
2022-01-04,55.69499969482422,56.165000915527344,55.42499923706055,55.63999938964844,2194600
2022-01-05,55.43000030517578,56.275001525878906,55.43000030517578,55.77000045776367,1773200
2022-01-06,55.275001525878906,55.505001068115234,54.61000061035156,54.82500076293945,3144600
2022-01-07,54.92499923706055,56.404998779296875,54.54999923706055,56.064998626708984,2535600
2022-01-10,55.939998626708984,56.54999923706055,55.720001220703125,55.849998474121094,2556400
2022-01-11,56.064998626708984,56.064998626708984,54.125,54.369998931884766,2926200
2022-01-12,54.06999969482422,54.709999084472656,53.63999938964844,54.619998931884766,2725200
2022-01-13,54.720001220703125,55.7599983215332,54.40999984741211,55.31999969482422,2267600
2022-01-14,55.4900016784668,55.755001068115234,55.025001525878906,55.53499984741211,2249200
2022-01-18,55.42499923706055,55.61000061035156,54.060001373291016,54.91999816894531,2956600
2022-01-19,55.0,55.58000183105469,54.68000030517578,55.17499923706055,1911200
2022-01-20,55.314998626708984,55.755001068115234,54.95000076293945,54.994998931884766,2055600
2022-01-21,55.439998626708984,55.439998626708984,54.65999984741211,54.709999084472656,1965400
2022-01-24,54.5,54.724998474121094,52.88999938964844,54.095001220703125,4276800
2022-01-25,53.31999969482422,54.400001525878906,53.16999816894531,53.834999084472656,3840400
2022-01-26,53.78499984741211,54.404998779296875,53.39500045776367,53.63999938964844,2777400
2022-01-27,54.334999084472656,55.290000915527344,53.834999084472656,54.79499816894531,3377800
2022-01-28,54.630001068115234,55.625,54.29999923706055,55.58000183105469,2858800
2022-01-31,55.220001220703125,56.1150016784668,54.93000030517578,55.8849983215332,3697400
2022-02-01,55.755001068115234,55.974998474121094,54.54499816894531,55.005001068115234,2892000
2022-02-02,55.01499938964844,56.119998931884766,54.779998779296875,56.005001068115234,3165600
2022-02-03,56.130001068115234,56.29499816894531,55.685001373291016,55.98500061035156,2069800
2022-02-04,55.494998931884766,55.97999954223633,54.8650016784668,55.45000076293945,2280200
2022-02-07,55.31999969482422,55.540000915527344,54.69499969482422,54.83000183105469,2755000
2022-02-08,55.25,55.31999969482422,54.77000045776367,54.9900016784668,2281600
2022-02-09,55.345001220703125,55.880001068115234,55.11000061035156,55.73500061035156,2315600
2022-02-10,54.779998779296875,55.06999969482422,53.17499923706055,53.224998474121094,2142000
2022-02-11,53.369998931884766,53.970001220703125,52.64500045776367,52.90999984741211,3585600
2022-02-14,53.165000915527344,53.375,51.64500045776367,52.25,2694800
2022-02-15,52.54999923706055,52.80500030517578,51.41999816894531,51.71500015258789,2365200
2022-02-16,51.82500076293945,52.279998779296875,51.459999084472656,51.97999954223633,2423400
2022-02-17,51.7599983215332,52.77000045776367,51.599998474121094,52.474998474121094,3382400
2022-02-18,52.255001068115234,52.78499984741211,52.07500076293945,52.310001373291016,1789600
2022-02-22,52.529998779296875,52.654998779296875,51.744998931884766,52.255001068115234,3047400
2022-02-23,52.25,53.459999084472656,52.03499984741211,52.369998931884766,3276200
2022-02-24,51.90999984741211,52.1150016784668,50.09000015258789,51.15999984741211,2914800
2022-02-25,51.82500076293945,53.01499938964844,51.68000030517578,52.790000915527344,2839200
2022-02-28,52.31999969482422,52.86000061035156,52.07500076293945,52.60499954223633,3246600
2022-03-01,52.654998779296875,52.900001525878906,51.45000076293945,51.93000030517578,2226400
2022-03-02,51.85499954223633,53.564998626708984,51.85499954223633,53.310001373291016,2992600
2022-03-03,53.46500015258789,55.0,53.45000076293945,54.68000030517578,2508400
2022-03-04,54.31999969482422,56.15999984741211,54.150001525878906,56.119998931884766,3569800
2022-03-07,56.11000061035156,56.209999084472656,55.2599983215332,55.93000030517578,2365000
2022-03-08,56.0,56.25,54.67499923706055,54.69499969482422,1686600
2022-03-09,55.209999084472656,55.42499923706055,53.939998626708984,53.9900016784668,3666200
2022-03-10,53.599998474121094,54.619998931884766,53.595001220703125,54.505001068115234,2333800
2022-03-11,54.2599983215332,54.70500183105469,54.130001068115234,54.375,1771000
2022-03-14,54.974998474121094,55.349998474121094,54.505001068115234,55.1349983215332,1622400
2022-03-15,55.875,56.03499984741211,55.369998931884766,55.625,2362800
2022-03-16,55.654998779296875,55.80500030517578,54.60499954223633,55.2599983215332,1933400
2022-03-17,55.0,55.505001068115234,54.84000015258789,55.19499969482422,2807000
2022-03-18,55.314998626708984,55.40999984741211,54.275001525878906,54.724998474121094,4432200
2022-03-21,55.10499954223633,55.51499938964844,54.814998626708984,55.3849983215332,2161200
2022-03-22,55.814998626708984,55.814998626708984,54.68000030517578,54.84000015258789,1920000
2022-03-23,54.904998779296875,55.69499969482422,54.599998474121094,55.42499923706055,1593400
2022-03-24,55.51499938964844,56.42499923706055,55.51499938964844,56.3650016784668,1908200
2022-03-25,56.73500061035156,57.525001525878906,56.55500030517578,57.415000915527344,1535800
2022-03-28,57.45000076293945,57.685001373291016,56.95000076293945,57.66999816894531,1460600
2022-03-29,57.84000015258789,58.20000076293945,57.28499984741211,58.185001373291016,1390000
2022-03-30,58.01499938964844,58.560001373291016,57.849998474121094,58.52000045776367,1249400
2022-03-31,58.53499984741211,59.26499938964844,58.369998931884766,58.375,2041400
2022-04-01,58.334999084472656,60.125,58.16999816894531,60.04499816894531,4222000
2022-04-04,59.685001373291016,59.83000183105469,58.80500030517578,59.70500183105469,2462800
2022-04-05,59.90999984741211,61.04999923706055,59.724998474121094,60.654998779296875,3179800
2022-04-06,60.869998931884766,61.880001068115234,60.435001373291016,61.79999923706055,2937600
2022-04-07,61.6349983215332,61.8650016784668,60.650001525878906,61.494998931884766,2302000
2022-04-08,61.84000015258789,62.025001525878906,61.01499938964844,61.65999984741211,1784400
2022-04-11,61.79999923706055,62.154998779296875,60.70000076293945,60.89500045776367,1609800
2022-04-12,60.689998626708984,61.915000915527344,60.2400016784668,61.654998779296875,3055400
2022-04-13,61.529998779296875,61.810001373291016,61.154998779296875,61.685001373291016,1974200
2022-04-14,61.79999923706055,62.380001068115234,61.625,62.099998474121094,1850200
2022-04-18,62.275001525878906,62.43000030517578,62.0,62.220001220703125,2054400
2022-04-19,62.310001373291016,62.43000030517578,61.494998931884766,62.275001525878906,1679400
2022-04-20,62.810001373291016,63.3650016784668,62.494998931884766,62.91999816894531,2765800
2022-04-21,62.775001525878906,63.40999984741211,62.380001068115234,62.665000915527344,2214400
2022-04-22,62.564998626708984,62.61000061035156,61.584999084472656,61.66999816894531,1573800
2022-04-25,61.93000030517578,61.93000030517578,60.06999969482422,61.119998931884766,1763000
2022-04-26,61.029998779296875,61.73500061035156,60.31999969482422,60.33000183105469,2004800
2022-04-27,59.939998626708984,61.279998779296875,59.060001373291016,60.34000015258789,2527000
2022-04-28,60.689998626708984,61.459999084472656,60.025001525878906,61.15999984741211,1597200
2022-04-29,60.959999084472656,61.0,59.33000183105469,59.42499923706055,3189000
2022-05-02,59.755001068115234,60.130001068115234,58.28499984741211,59.02000045776367,2312400
2022-05-03,59.2599983215332,60.025001525878906,58.650001525878906,58.76499938964844,1815800
2022-05-04,58.60499954223633,59.529998779296875,58.29499816894531,59.33000183105469,2429200
2022-05-05,59.025001525878906,59.625,58.45500183105469,59.150001525878906,1825200
2022-05-06,58.959999084472656,59.775001525878906,58.77000045776367,59.6349983215332,1644200
2022-05-09,59.290000915527344,60.25,58.57500076293945,59.630001068115234,2025800
2022-05-10,59.65999984741211,60.39500045776367,57.56999969482422,58.154998779296875,2544600
2022-05-11,58.380001068115234,59.7599983215332,58.244998931884766,58.86000061035156,3205800
2022-05-12,58.80500030517578,58.95000076293945,57.23500061035156,58.084999084472656,2607600
2022-05-13,58.470001220703125,58.65999984741211,57.51499938964844,58.584999084472656,2512400
2022-05-16,58.81999969482422,59.244998931884766,58.5099983215332,58.89500045776367,2234000
2022-05-17,58.959999084472656,59.23500061035156,58.0,59.154998779296875,2728200
2022-05-18,59.38999938964844,59.459999084472656,58.1150016784668,58.23500061035156,2312400
2022-05-19,58.01499938964844,58.16999816894531,57.19499969482422,57.834999084472656,2106600
2022-05-20,57.85499954223633,58.525001525878906,57.08000183105469,58.4900016784668,3223200
2022-05-23,59.099998474121094,59.494998931884766,58.099998474121094,58.400001525878906,2910000
2022-05-24,58.63999938964844,59.619998931884766,57.8650016784668,59.58000183105469,1633000
2022-05-25,59.459999084472656,59.599998474121094,59.02000045776367,59.41999816894531,1606000
2022-05-26,59.875,60.2599983215332,59.470001220703125,59.939998626708984,1984400
2022-05-27,59.775001525878906,60.66999816894531,59.63999938964844,60.540000915527344,1803800
2022-05-31,60.0,60.59000015258789,59.33000183105469,60.15999984741211,3301400
2022-06-01,60.32500076293945,60.43000030517578,59.42499923706055,60.09000015258789,2180400
2022-06-02,60.275001525878906,60.55500030517578,58.720001220703125,60.20500183105469,1600600
2022-06-03,60.09000015258789,60.31999969482422,59.755001068115234,60.0,1399200
2022-06-06,60.20500183105469,60.7400016784668,59.93000030517578,60.66999816894531,1596600
2022-06-07,60.59000015258789,60.834999084472656,60.02000045776367,60.654998779296875,1896600
2022-06-08,60.3849983215332,60.3849983215332,59.09000015258789,59.154998779296875,1593800
2022-06-09,59.185001373291016,59.4900016784668,58.029998779296875,58.095001220703125,1350200
2022-06-10,57.505001068115234,58.584999084472656,57.150001525878906,57.96500015258789,1664800
2022-06-13,57.40999984741211,57.5,54.59000015258789,54.849998474121094,2305400
2022-06-14,54.98500061035156,55.040000915527344,52.89500045776367,53.64500045776367,2964000
2022-06-15,54.029998779296875,54.70000076293945,52.93000030517578,53.8849983215332,3608600
2022-06-16,53.095001220703125,53.36000061035156,52.525001525878906,52.935001373291016,3124600
2022-06-17,52.96500015258789,53.345001220703125,50.92499923706055,51.22999954223633,5952000
2022-06-21,51.275001525878906,52.619998931884766,51.255001068115234,52.349998474121094,2817600
2022-06-22,52.130001068115234,52.790000915527344,52.099998474121094,52.314998626708984,1992200
2022-06-23,52.349998474121094,53.244998931884766,52.27000045776367,52.95500183105469,1939000
2022-06-24,53.18000030517578,55.55500030517578,53.150001525878906,55.275001525878906,3468200
2022-06-27,55.20500183105469,56.029998779296875,55.099998474121094,55.97999954223633,1859000
2022-06-28,56.275001525878906,56.665000915527344,55.779998779296875,55.92499923706055,3139800
2022-06-29,56.064998626708984,56.494998931884766,55.59000015258789,55.845001220703125,2551400
2022-06-30,55.5,56.68000030517578,55.279998779296875,56.31999969482422,3403000
2022-07-01,56.45000076293945,57.775001525878906,56.05500030517578,57.650001525878906,2617400
2022-07-05,57.36000061035156,57.494998931884766,54.15999984741211,54.880001068115234,3836400
2022-07-06,55.11000061035156,56.23500061035156,54.709999084472656,55.685001373291016,1875000
2022-07-07,55.79999923706055,56.209999084472656,55.255001068115234,55.29999923706055,1310800
2022-07-08,55.27000045776367,55.470001220703125,54.89500045776367,55.04499816894531,1558600
2022-07-11,54.915000915527344,55.70500183105469,54.709999084472656,55.38999938964844,1218600
2022-07-12,55.185001373291016,56.29499816894531,55.13999938964844,55.4900016784668,1578000
2022-07-13,54.95000076293945,55.540000915527344,54.595001220703125,54.7599983215332,1674400
2022-07-14,53.76499938964844,54.97999954223633,53.76499938964844,54.875,1636600
2022-07-15,55.29499816894531,55.314998626708984,54.244998931884766,55.060001373291016,1534200
2022-07-18,55.0,55.275001525878906,54.584999084472656,54.6349983215332,1936800
2022-07-19,54.96500015258789,55.439998626708984,54.584999084472656,55.11000061035156,1680600
2022-07-20,55.19499969482422,55.334999084472656,54.119998931884766,54.1349983215332,1606600
2022-07-21,54.0,54.18000030517578,53.57500076293945,53.97999954223633,1533400
2022-07-22,54.30500030517578,54.75,54.20000076293945,54.685001373291016,1218000
2022-07-25,54.59000015258789,55.470001220703125,54.439998626708984,55.39500045776367,1382600
2022-07-26,55.279998779296875,55.95000076293945,55.255001068115234,55.63999938964844,1532800
2022-07-27,55.560001373291016,55.82500076293945,55.05500030517578,55.529998779296875,1607200
2022-07-28,56.15999984741211,57.150001525878906,55.73500061035156,57.0,1457400
2022-07-29,56.88999938964844,57.65999984741211,56.810001373291016,57.564998626708984,2755400
2022-08-01,57.404998779296875,57.779998779296875,57.064998626708984,57.70500183105469,2108600
2022-08-02,57.845001220703125,58.42499923706055,57.5099983215332,57.55500030517578,2941600
2022-08-03,57.5,58.77000045776367,56.84000015258789,58.689998626708984,2813000
2022-08-04,58.744998931884766,59.82500076293945,58.46500015258789,59.46500015258789,2990000
2022-08-05,59.334999084472656,59.3849983215332,58.380001068115234,58.869998931884766,1692600
2022-08-08,59.28499984741211,59.720001220703125,58.900001525878906,59.11000061035156,1575800
2022-08-09,59.439998626708984,60.119998931884766,59.189998626708984,59.86000061035156,1829400
2022-08-10,59.69499969482422,59.69499969482422,58.54999923706055,59.11000061035156,2042200
2022-08-11,59.029998779296875,59.91999816894531,58.63999938964844,59.38999938964844,1654200
2022-08-12,59.775001525878906,60.53499984741211,59.595001220703125,60.505001068115234,1648200
2022-08-15,60.5,60.95500183105469,60.064998626708984,60.904998779296875,1394400
2022-08-16,60.7400016784668,61.22999954223633,60.66999816894531,61.11000061035156,1164400
2022-08-17,60.849998474121094,60.94499969482422,60.439998626708984,60.6349983215332,1700000
2022-08-18,60.76499938964844,60.92499923706055,59.91999816894531,60.2400016784668,2022400
2022-08-19,60.27000045776367,60.94499969482422,60.27000045776367,60.82500076293945,1534200
2022-08-22,60.53499984741211,60.970001220703125,60.15999984741211,60.334999084472656,2032000
2022-08-23,60.380001068115234,60.380001068115234,59.54499816894531,59.75,1377200
2022-08-24,59.77000045776367,59.845001220703125,59.05500030517578,59.6349983215332,1869800
2022-08-25,59.72999954223633,59.7400016784668,59.185001373291016,59.689998626708984,2406400
2022-08-26,59.81999969482422,60.220001220703125,59.29999923706055,59.48500061035156,3218200
2022-08-29,59.29999923706055,60.275001525878906,58.89500045776367,59.71500015258789,1150600
2022-08-30,59.900001525878906,59.900001525878906,58.28499984741211,58.42499923706055,2576600
2022-08-31,58.38999938964844,58.79999923706055,57.61000061035156,57.650001525878906,2556200
2022-09-01,57.689998626708984,58.64500045776367,57.46500015258789,58.5099983215332,2325200
2022-09-02,58.4900016784668,59.244998931884766,57.994998931884766,58.11000061035156,2400200
2022-09-06,57.85499954223633,58.720001220703125,57.599998474121094,57.814998626708984,2475800
2022-09-07,58.01499938964844,59.63999938964844,57.939998626708984,59.584999084472656,1611200
2022-09-08,59.26499938964844,59.689998626708984,59.025001525878906,59.2400016784668,1527200
2022-09-09,59.494998931884766,60.150001525878906,59.165000915527344,59.970001220703125,1548000
2022-09-12,60.060001373291016,61.05500030517578,59.76499938964844,61.02000045776367,2644000
2022-09-13,60.439998626708984,60.63999938964844,58.63999938964844,58.85499954223633,1610400
2022-09-14,58.959999084472656,59.915000915527344,58.939998626708984,59.35499954223633,1724400
2022-09-15,58.98500061035156,59.05500030517578,57.630001068115234,57.650001525878906,1682400
2022-09-16,57.56999969482422,58.20000076293945,57.5,57.709999084472656,3412800
2022-09-19,57.584999084472656,57.959999084472656,57.0,57.939998626708984,2528400
2022-09-20,57.5,57.685001373291016,56.46500015258789,57.150001525878906,2462000
2022-09-21,57.64500045776367,58.01499938964844,56.584999084472656,56.595001220703125,2706200
2022-09-22,56.625,57.334999084472656,56.26499938964844,56.959999084472656,2874600
2022-09-23,56.29999923706055,56.5,55.025001525878906,55.79499816894531,1789400
2022-09-26,55.7400016784668,55.78499984741211,53.70500183105469,54.404998779296875,2066600
2022-09-27,54.625,54.689998626708984,52.7599983215332,52.900001525878906,2553400
2022-09-28,53.560001373291016,54.25,52.845001220703125,53.915000915527344,2176600
2022-09-29,53.73500061035156,53.73500061035156,51.279998779296875,51.314998626708984,2012800
2022-09-30,51.82500076293945,51.89500045776367,50.2400016784668,50.314998626708984,3381600
2022-10-03,51.27000045776367,52.32500076293945,50.67499923706055,51.97999954223633,3659600
2022-10-04,52.18000030517578,53.32500076293945,52.0,53.07500076293945,2683800
2022-10-05,52.31999969482422,52.79999923706055,51.29999923706055,52.45500183105469,2687200
2022-10-06,52.23500061035156,52.23500061035156,51.11000061035156,51.35499954223633,3793400
2022-10-07,51.31999969482422,51.55500030517578,50.09000015258789,50.6150016784668,3022200
2022-10-10,50.834999084472656,51.63999938964844,50.744998931884766,51.1150016784668,2278600
2022-10-11,50.92499923706055,51.22999954223633,50.35499954223633,50.57500076293945,3196600
2022-10-12,50.17499923706055,50.36000061035156,48.2599983215332,48.290000915527344,2474000
2022-10-13,47.70500183105469,50.3849983215332,47.470001220703125,50.279998779296875,2556000
2022-10-14,50.65999984741211,50.97999954223633,49.43000030517578,50.005001068115234,2315400
2022-10-17,50.845001220703125,51.16999816894531,50.48500061035156,50.65999984741211,2074800
2022-10-18,51.61000061035156,52.11000061035156,51.275001525878906,51.720001220703125,2058000
2022-10-19,51.040000915527344,51.439998626708984,50.560001373291016,50.869998931884766,1665200
2022-10-20,50.900001525878906,50.9900016784668,49.55500030517578,49.98500061035156,2219800
2022-10-21,50.150001525878906,51.46500015258789,49.685001373291016,51.14500045776367,1807200
2022-10-24,51.63999938964844,52.0,50.80500030517578,51.16999816894531,2121000
2022-10-25,51.21500015258789,52.55500030517578,51.02000045776367,52.375,1837600
2022-10-26,52.68000030517578,52.970001220703125,52.20000076293945,52.36000061035156,1781400
2022-10-27,52.83000183105469,53.44499969482422,52.474998474121094,52.51499938964844,1947000
2022-10-28,52.65999984741211,54.0,52.65999984741211,53.8650016784668,2291400
2022-10-31,53.880001068115234,54.01499938964844,53.2400016784668,53.56999969482422,2584600
2022-11-01,53.775001525878906,54.18000030517578,53.2599983215332,54.15999984741211,2308000
2022-11-02,54.08000183105469,55.58000183105469,52.790000915527344,54.380001068115234,3852200
2022-11-03,54.095001220703125,55.185001373291016,53.86000061035156,54.67499923706055,2298000
2022-11-04,55.01499938964844,55.42499923706055,54.45500183105469,55.36000061035156,2590200
2022-11-07,55.29499816894531,55.38999938964844,53.96500015258789,54.2400016784668,3232600
2022-11-08,54.55500030517578,54.93000030517578,53.689998626708984,54.025001525878906,2599400
2022-11-09,53.86000061035156,54.349998474121094,53.52000045776367,53.560001373291016,1819600
2022-11-10,54.275001525878906,55.6349983215332,53.564998626708984,55.52000045776367,2061400
2022-11-11,55.57500076293945,55.665000915527344,54.55500030517578,55.314998626708984,3025800
2022-11-14,55.41999816894531,55.5099983215332,54.26499938964844,54.279998779296875,1954400
2022-11-15,54.8650016784668,55.27000045776367,54.06999969482422,54.76499938964844,1667400
2022-11-16,54.88999938964844,55.51499938964844,54.88999938964844,55.064998626708984,2535200
2022-11-17,54.46500015258789,54.720001220703125,53.95000076293945,54.41999816894531,2000600
2022-11-18,55.01499938964844,56.05500030517578,54.7400016784668,55.959999084472656,1530600
2022-11-21,55.8650016784668,56.65999984741211,55.8650016784668,56.525001525878906,1601400
2022-11-22,56.51499938964844,57.154998779296875,55.810001373291016,56.345001220703125,2969200
2022-11-23,56.2599983215332,56.505001068115234,55.88999938964844,56.47999954223633,3530000
2022-11-25,56.83000183105469,57.1349983215332,56.47999954223633,56.875,1447200
2022-11-28,56.52000045776367,56.7599983215332,55.98500061035156,56.625,3427600
2022-11-29,56.3650016784668,56.474998474121094,55.904998779296875,56.404998779296875,3127600
2022-11-30,56.29999923706055,58.23500061035156,56.15999984741211,58.1349983215332,4979800
2022-12-01,59.0,59.165000915527344,58.1150016784668,58.150001525878906,2716600
2022-12-02,57.630001068115234,58.07500076293945,57.255001068115234,57.95500183105469,2896000
2022-12-05,57.44499969482422,58.099998474121094,57.224998474121094,57.70000076293945,1481000
2022-12-06,57.69499969482422,58.57500076293945,57.625,58.540000915527344,1683600
2022-12-07,58.43000030517578,58.650001525878906,57.86000061035156,58.0,1559600
2022-12-08,58.099998474121094,58.834999084472656,57.86000061035156,58.5,1867000
2022-12-09,58.279998779296875,58.775001525878906,58.279998779296875,58.435001373291016,1573000
2022-12-12,58.880001068115234,59.275001525878906,57.8849983215332,59.20000076293945,2622800
2022-12-13,59.89500045776367,60.38999938964844,58.41999816894531,59.17499923706055,3156800
2022-12-14,59.32500076293945,60.1150016784668,59.05500030517578,59.220001220703125,3130800
2022-12-15,58.95000076293945,59.21500015258789,58.18000030517578,58.39500045776367,2825800
2022-12-16,57.63999938964844,57.814998626708984,56.540000915527344,57.224998474121094,6534400
2022-12-19,57.220001220703125,57.375,56.310001373291016,56.56999969482422,2975800
2022-12-20,56.55500030517578,56.79999923706055,56.084999084472656,56.39500045776367,2727800
2022-12-21,56.71500015258789,57.08000183105469,56.51499938964844,57.04999923706055,2693400
2022-12-22,56.779998779296875,56.779998779296875,55.40999984741211,56.349998474121094,2330400
2022-12-23,56.275001525878906,56.814998626708984,56.16999816894531,56.71500015258789,2332800
2022-12-27,56.81999969482422,57.529998779296875,56.595001220703125,57.35499954223633,1937000
2022-12-28,57.58000183105469,57.599998474121094,56.46500015258789,56.48500061035156,2023400
2022-12-29,56.79999923706055,57.529998779296875,56.25,57.04499816894531,1668200
2022-12-30,57.06999969482422,57.14500045776367,55.744998931884766,56.25,1812800
2023-01-03,55.70500183105469,55.849998474121094,53.165000915527344,54.564998626708984,5681800
2023-01-04,54.685001373291016,55.45000076293945,54.28499984741211,54.60499954223633,3173000
2023-01-05,54.185001373291016,54.505001068115234,51.584999084472656,51.83000183105469,4259800
2023-01-06,52.43000030517578,54.494998931884766,52.43000030517578,53.84000015258789,3561600
2023-01-09,53.755001068115234,54.400001525878906,53.470001220703125,54.22999954223633,3722200
2023-01-10,54.154998779296875,54.22999954223633,53.279998779296875,53.8650016784668,2666000
2023-01-11,53.8650016784668,54.45000076293945,53.83000183105469,54.39500045776367,3642800
2023-01-12,54.43000030517578,54.595001220703125,53.345001220703125,53.41999816894531,2968200
2023-01-13,53.099998474121094,53.470001220703125,52.904998779296875,53.279998779296875,3274400
2023-01-17,53.5099983215332,54.150001525878906,53.07500076293945,53.45500183105469,5248400
2023-01-18,53.64500045776367,54.970001220703125,53.23500061035156,53.79499816894531,7846800
2023-01-19,53.77000045776367,53.904998779296875,53.224998474121094,53.5,3084800
2023-01-20,53.52000045776367,53.73500061035156,52.63999938964844,53.720001220703125,2612000
2023-01-23,53.6150016784668,54.04999923706055,53.18000030517578,53.375,1892200
2023-01-24,53.64500045776367,53.814998626708984,52.939998626708984,53.6349983215332,2013200
2023-01-25,53.26499938964844,53.94499969482422,53.040000915527344,53.75,2330600
2023-01-26,53.59000015258789,54.244998931884766,53.59000015258789,54.23500061035156,1525800
2023-01-27,54.2599983215332,54.64500045776367,53.994998931884766,54.35499954223633,1575200
2023-01-30,54.10499954223633,54.70500183105469,53.80500030517578,53.845001220703125,1813400
2023-01-31,54.04499816894531,54.150001525878906,53.334999084472656,54.13999938964844,3280600
2023-02-01,53.875,54.96500015258789,53.834999084472656,54.60499954223633,2669600
2023-02-02,54.7400016784668,55.86000061035156,54.40999984741211,55.275001525878906,4321000
2023-02-03,54.875,55.165000915527344,53.14500045776367,54.040000915527344,3507000
2023-02-06,53.91999816894531,54.470001220703125,53.369998931884766,54.415000915527344,3718000
2023-02-07,54.119998931884766,54.119998931884766,53.060001373291016,53.880001068115234,2738800
2023-02-08,53.474998474121094,53.630001068115234,52.5099983215332,52.79999923706055,1957000
2023-02-09,52.415000915527344,52.83000183105469,51.41999816894531,51.70500183105469,2073000
2023-02-10,51.8650016784668,52.91999816894531,51.779998779296875,52.89500045776367,1513200
2023-02-13,52.880001068115234,53.150001525878906,52.72999954223633,52.915000915527344,2062400
2023-02-14,52.79499816894531,53.58000183105469,52.6150016784668,53.04499816894531,3973000
2023-02-15,52.94499969482422,53.83000183105469,52.79999923706055,53.775001525878906,3474800
2023-02-16,53.32500076293945,55.029998779296875,53.23500061035156,54.1349983215332,6161800
2023-02-17,54.19499969482422,55.1150016784668,53.900001525878906,54.71500015258789,2812800
2023-02-21,54.34000015258789,54.58000183105469,53.619998931884766,53.79999923706055,1580200
2023-02-22,53.7599983215332,54.41999816894531,53.54499816894531,53.75,3226400
2023-02-23,53.83000183105469,54.040000915527344,53.540000915527344,53.61000061035156,3173400
2023-02-24,53.220001220703125,54.07500076293945,53.04999923706055,53.654998779296875,3090200
2023-02-27,53.83000183105469,54.345001220703125,52.95000076293945,53.040000915527344,2874200
2023-02-28,52.625,53.005001068115234,51.43000030517578,51.435001373291016,3121800
2023-03-01,50.94499969482422,51.314998626708984,50.3849983215332,50.709999084472656,2769400
2023-03-02,50.7400016784668,52.0099983215332,50.625,51.86000061035156,2655000
2023-03-03,52.095001220703125,52.599998474121094,51.61000061035156,52.53499984741211,2742400
2023-03-06,52.6349983215332,53.22999954223633,52.54999923706055,52.904998779296875,2271200
2023-03-07,52.939998626708984,53.130001068115234,51.36000061035156,51.54999923706055,2170200
2023-03-08,51.595001220703125,52.1349983215332,51.41999816894531,51.880001068115234,2929800
2023-03-09,52.040000915527344,52.654998779296875,51.380001068115234,51.43000030517578,2440800
2023-03-10,51.625,51.70000076293945,50.119998931884766,50.310001373291016,2553600
2023-03-13,50.29499816894531,52.04499816894531,50.08000183105469,50.92499923706055,2876000
2023-03-14,51.334999084472656,52.209999084472656,51.23500061035156,51.845001220703125,2907400
2023-03-15,51.775001525878906,53.14500045776367,51.474998474121094,52.54499816894531,2947200
2023-03-16,52.48500061035156,53.16999816894531,52.10499954223633,52.95000076293945,2192000
2023-03-17,52.56999969482422,52.9900016784668,51.974998474121094,52.28499984741211,5292200
2023-03-20,52.45000076293945,53.23500061035156,52.38999938964844,53.03499984741211,2699000
2023-03-21,52.974998474121094,52.974998474121094,51.084999084472656,51.57500076293945,2675800
2023-03-22,51.27000045776367,51.51499938964844,50.185001373291016,50.21500015258789,1538200
2023-03-23,50.15999984741211,50.775001525878906,49.849998474121094,50.17499923706055,4159000
2023-03-24,50.21500015258789,51.845001220703125,50.04999923706055,51.845001220703125,2622800
2023-03-27,52.15999984741211,52.66999816894531,51.96500015258789,52.255001068115234,2429200
2023-03-28,52.244998931884766,53.05500030517578,52.040000915527344,52.540000915527344,1765200
2023-03-29,52.875,53.31999969482422,52.875,53.08000183105469,1243200
2023-03-30,53.209999084472656,53.70500183105469,53.0099983215332,53.4900016784668,1158800
2023-03-31,53.6349983215332,53.875,53.154998779296875,53.869998931884766,2029600
2023-04-03,53.60499954223633,53.869998931884766,53.119998931884766,53.59000015258789,2004200
2023-04-04,53.59000015258789,53.904998779296875,53.43000030517578,53.7400016784668,1076800
2023-04-05,54.09000015258789,55.46500015258789,54.09000015258789,55.28499984741211,3058400
2023-04-06,55.7400016784668,55.95000076293945,54.85499954223633,55.48500061035156,1835200
2023-04-10,55.189998626708984,55.505001068115234,54.7599983215332,55.505001068115234,1270600
2023-04-11,55.5,55.505001068115234,55.095001220703125,55.220001220703125,1977800
2023-04-12,55.25,55.630001068115234,54.89500045776367,55.040000915527344,2349800
2023-04-13,54.60499954223633,54.83000183105469,53.44499969482422,54.584999084472656,2545800
2023-04-14,54.220001220703125,54.27000045776367,53.599998474121094,53.81999969482422,1941000
2023-04-17,54.07500076293945,54.505001068115234,53.95500183105469,54.46500015258789,2017000
2023-04-18,54.63999938964844,54.78499984741211,54.040000915527344,54.290000915527344,1954800
2023-04-19,54.439998626708984,54.92499923706055,54.23500061035156,54.70000076293945,1879400
2023-04-20,54.65999984741211,54.810001373291016,54.09000015258789,54.310001373291016,2175600
2023-04-21,54.79499816894531,54.849998474121094,54.224998474121094,54.31999969482422,1607600
2023-04-24,54.3849983215332,54.69499969482422,53.81999969482422,54.51499938964844,2272200
2023-04-25,54.564998626708984,54.76499938964844,54.275001525878906,54.3849983215332,3014000
2023-04-26,54.04499816894531,54.48500061035156,52.435001373291016,52.525001525878906,4539000
2023-04-27,52.540000915527344,53.6150016784668,52.52000045776367,53.59000015258789,3719000
2023-04-28,53.525001525878906,53.9900016784668,53.400001525878906,53.790000915527344,2600800
2023-05-01,53.689998626708984,54.404998779296875,53.595001220703125,53.70500183105469,2236200
2023-05-02,53.86000061035156,53.92499923706055,52.875,53.21500015258789,2480400
2023-05-03,52.869998931884766,53.39500045776367,52.28499984741211,52.51499938964844,1562800
2023-05-04,52.55500030517578,53.46500015258789,52.125,53.04999923706055,2068000
2023-05-05,52.8650016784668,53.70000076293945,52.8650016784668,53.68000030517578,1483400
2023-05-08,53.61000061035156,53.95000076293945,53.125,53.45500183105469,1695400
2023-05-09,53.38999938964844,53.71500015258789,53.040000915527344,53.48500061035156,1136200
2023-05-10,53.8849983215332,54.1150016784668,53.26499938964844,53.79999923706055,1500000
2023-05-11,53.85499954223633,53.94499969482422,52.79999923706055,53.154998779296875,1823600
2023-05-12,53.52000045776367,53.8650016784668,53.31999969482422,53.56999969482422,1272000
2023-05-15,53.68000030517578,53.73500061035156,52.345001220703125,52.720001220703125,1548800
2023-05-16,52.88999938964844,52.88999938964844,51.459999084472656,51.5,1353200
2023-05-17,51.584999084472656,51.66999816894531,50.79499816894531,51.060001373291016,2558400
2023-05-18,50.755001068115234,50.97999954223633,50.40999984741211,50.75,2295800
2023-05-19,51.01499938964844,51.224998474121094,50.18000030517578,50.275001525878906,3867800
2023-05-22,50.470001220703125,50.7400016784668,49.900001525878906,50.209999084472656,3301200
2023-05-23,50.15999984741211,50.92499923706055,49.970001220703125,50.14500045776367,4431000
2023-05-24,50.064998626708984,50.31999969482422,49.46500015258789,49.48500061035156,2098400
2023-05-25,49.25,49.29499816894531,48.18000030517578,48.61000061035156,3430600
2023-05-26,48.459999084472656,48.59000015258789,47.79499816894531,48.400001525878906,2114000
2023-05-30,48.3849983215332,48.72999954223633,48.040000915527344,48.3650016784668,2817200
2023-05-31,48.45500183105469,49.244998931884766,48.11000061035156,49.099998474121094,3863800
2023-06-01,48.97999954223633,49.10499954223633,47.8849983215332,48.689998626708984,5225000
2023-06-02,48.5,49.970001220703125,48.415000915527344,49.720001220703125,3812800
2023-06-05,49.869998931884766,50.439998626708984,49.625,49.880001068115234,2553200
2023-06-06,50.165000915527344,50.26499938964844,49.40999984741211,49.48500061035156,3778200
2023-06-07,49.66999816894531,50.76499938964844,49.224998474121094,50.654998779296875,2774800
2023-06-08,50.57500076293945,50.79999923706055,49.97999954223633,50.75,2510600
2023-06-09,50.869998931884766,50.959999084472656,50.505001068115234,50.720001220703125,2434800
2023-06-12,50.83000183105469,51.0,50.38999938964844,50.64500045776367,1202600
2023-06-13,50.244998931884766,50.71500015258789,50.09000015258789,50.400001525878906,1843200
2023-06-14,50.57500076293945,51.154998779296875,50.48500061035156,50.650001525878906,2285200
2023-06-15,50.81999969482422,51.19499969482422,50.63999938964844,51.095001220703125,2290000
2023-06-16,51.17499923706055,51.6349983215332,50.915000915527344,51.005001068115234,7547000
2023-06-20,50.86000061035156,50.96500015258789,49.67499923706055,49.76499938964844,3577200
2023-06-21,49.58000183105469,50.44499969482422,49.060001373291016,50.29499816894531,2577600
2023-06-22,50.56999969482422,50.63999938964844,49.525001525878906,49.59000015258789,2219800
2023-06-23,49.84000015258789,49.93000030517578,48.3849983215332,48.564998626708984,3488200
2023-06-26,48.72999954223633,49.60499954223633,48.65999984741211,49.474998474121094,2503600
2023-06-27,49.625,49.724998474121094,49.279998779296875,49.400001525878906,2315400
2023-06-28,48.95000076293945,48.9900016784668,47.08000183105469,47.8849983215332,10432800
2023-06-29,47.40999984741211,48.0099983215332,47.125,47.8650016784668,8844400
2023-06-30,47.97999954223633,48.79499816894531,47.724998474121094,48.685001373291016,8158200
2023-07-03,48.2599983215332,49.189998626708984,48.1349983215332,49.06999969482422,3206400
2023-07-05,48.71500015258789,49.92499923706055,48.43000030517578,49.58000183105469,6064200
2023-07-06,49.154998779296875,49.56999969482422,48.619998931884766,49.38999938964844,5432200
2023-07-07,49.025001525878906,49.224998474121094,48.665000915527344,48.72999954223633,3663800
2023-07-10,48.54999923706055,48.834999084472656,47.85499954223633,48.18000030517578,2499600
2023-07-11,48.23500061035156,48.834999084472656,48.0,48.79999923706055,2177800
2023-07-12,49.01499938964844,49.4900016784668,48.65999984741211,49.165000915527344,1967400
2023-07-13,49.04999923706055,49.5099983215332,48.974998474121094,49.5099983215332,2337400
2023-07-14,49.334999084472656,50.125,49.1150016784668,49.939998626708984,2815400
2023-07-17,49.779998779296875,49.900001525878906,49.224998474121094,49.369998931884766,2888000
2023-07-18,49.435001373291016,49.91999816894531,48.63999938964844,49.5,4138400
2023-07-19,49.76499938964844,50.814998626708984,49.76499938964844,50.6349983215332,4867600
2023-07-20,50.91999816894531,52.02000045776367,50.650001525878906,51.86000061035156,4823800
2023-07-21,52.02000045776367,52.400001525878906,51.66999816894531,51.994998931884766,2240200
2023-07-24,52.084999084472656,52.3650016784668,51.66999816894531,52.22999954223633,1612600
2023-07-25,52.16999816894531,52.599998474121094,52.02000045776367,52.224998474121094,1434400
2023-07-26,52.20000076293945,52.875,52.150001525878906,52.19499969482422,2510800
2023-07-27,52.029998779296875,52.36000061035156,51.619998931884766,51.814998626708984,2609800
2023-07-28,52.209999084472656,52.44499969482422,51.279998779296875,51.6349983215332,2100200
2023-07-31,51.98500061035156,52.005001068115234,51.005001068115234,51.349998474121094,2633800
2023-08-01,51.310001373291016,51.400001525878906,50.459999084472656,50.584999084472656,2601200
2023-08-02,51.05500030517578,51.380001068115234,50.33000183105469,50.70000076293945,3441200
2023-08-03,50.345001220703125,50.3849983215332,48.834999084472656,49.13999938964844,3396200
2023-08-04,49.35499954223633,49.779998779296875,48.375,48.81999969482422,3725800
2023-08-07,49.05500030517578,49.34000015258789,48.61000061035156,48.6150016784668,2614000
2023-08-08,48.48500061035156,48.720001220703125,47.834999084472656,48.689998626708984,4057200
2023-08-09,48.540000915527344,48.98500061035156,48.255001068115234,48.45000076293945,3573200
2023-08-10,48.099998474121094,48.400001525878906,47.834999084472656,48.08000183105469,2248200
2023-08-11,48.25,48.375,47.93000030517578,48.154998779296875,2925200
2023-08-14,47.96500015258789,48.2599983215332,47.650001525878906,48.165000915527344,3428600
2023-08-15,47.869998931884766,48.1349983215332,47.165000915527344,47.310001373291016,2626000
2023-08-16,47.53499984741211,47.939998626708984,47.375,47.790000915527344,2775000
2023-08-17,47.77000045776367,48.33000183105469,47.51499938964844,47.525001525878906,1763400
2023-08-18,47.55500030517578,48.0099983215332,47.54499816894531,47.790000915527344,6893400
2023-08-21,47.77000045776367,47.95500183105469,47.005001068115234,47.540000915527344,1650200
2023-08-22,47.459999084472656,47.625,47.224998474121094,47.3650016784668,1639400
2023-08-23,47.54499816894531,47.755001068115234,47.025001525878906,47.75,2638600
2023-08-24,47.540000915527344,48.19499969482422,47.39500045776367,47.400001525878906,2972400
2023-08-25,47.48500061035156,47.92499923706055,47.33000183105469,47.400001525878906,2199600
2023-08-28,47.44499969482422,48.08000183105469,47.44499969482422,47.63999938964844,1898200
2023-08-29,47.93000030517578,49.29999923706055,47.85499954223633,48.9900016784668,5518400
2023-08-30,48.69499969482422,49.084999084472656,48.33000183105469,48.36000061035156,3719800
2023-08-31,48.525001525878906,48.630001068115234,47.619998931884766,47.625,3355600
2023-09-01,47.880001068115234,47.95000076293945,46.7599983215332,47.16999816894531,2369400
2023-09-05,47.0099983215332,47.16999816894531,45.900001525878906,46.334999084472656,2382600
2023-09-06,46.435001373291016,46.9900016784668,46.2400016784668,46.92499923706055,2846600
2023-09-07,47.224998474121094,47.45500183105469,46.939998626708984,47.17499923706055,3016200
2023-09-08,47.255001068115234,47.7400016784668,46.9900016784668,47.6349983215332,2659800
2023-09-11,47.6150016784668,48.03499984741211,47.54499816894531,47.665000915527344,2256600
2023-09-12,47.720001220703125,48.060001373291016,47.45000076293945,47.869998931884766,2120600
2023-09-13,47.76499938964844,48.70000076293945,47.7400016784668,48.54499816894531,2421200
2023-09-14,49.029998779296875,49.400001525878906,48.744998931884766,49.375,2055200
2023-09-15,49.369998931884766,49.724998474121094,49.10499954223633,49.20000076293945,3490400
2023-09-18,49.314998626708984,49.41999816894531,48.66999816894531,49.38999938964844,2091000
2023-09-19,49.44499969482422,49.709999084472656,49.209999084472656,49.22999954223633,1856400
2023-09-20,49.560001373291016,49.7599983215332,48.94499969482422,49.10499954223633,2254800
2023-09-21,48.9900016784668,49.119998931884766,48.459999084472656,48.47999954223633,1709200
2023-09-22,48.28499984741211,48.6150016784668,48.029998779296875,48.275001525878906,1644000
2023-09-25,47.974998474121094,48.36000061035156,47.6349983215332,48.08000183105469,1474200
2023-09-26,47.7400016784668,47.80500030517578,46.44499969482422,46.599998474121094,2962200
2023-09-27,46.57500076293945,47.04499816894531,46.375,46.625,2739600
2023-09-28,46.79999923706055,46.814998626708984,45.66999816894531,46.14500045776367,3509000
2023-09-29,46.58000183105469,46.84000015258789,45.97999954223633,46.25,2485000
2023-10-02,45.95000076293945,46.03499984741211,44.02000045776367,44.435001373291016,6052800
2023-10-03,43.96500015258789,45.23500061035156,43.54999923706055,45.04499816894531,4894000
2023-10-04,45.095001220703125,45.60499954223633,44.48500061035156,45.5099983215332,3444600
2023-10-05,45.744998931884766,46.08000183105469,45.060001373291016,45.880001068115234,2983000
2023-10-06,45.310001373291016,46.22999954223633,44.78499984741211,45.994998931884766,4199200
2023-10-09,45.95500183105469,46.5099983215332,45.79499816894531,46.5099983215332,2717200
2023-10-10,46.474998474121094,47.01499938964844,46.380001068115234,46.80500030517578,2866000
2023-10-11,47.16999816894531,47.505001068115234,46.63999938964844,47.47999954223633,2776200
2023-10-12,47.31999969482422,47.435001373291016,46.60499954223633,46.79499816894531,2392600
2023-10-13,47.25,47.404998779296875,46.7400016784668,46.775001525878906,2541800
2023-10-16,47.27000045776367,47.779998779296875,46.63999938964844,47.599998474121094,3936400
2023-10-17,47.29999923706055,47.900001525878906,47.220001220703125,47.3849983215332,3411200
2023-10-18,47.35499954223633,47.60499954223633,46.88999938964844,47.3650016784668,3896800
2023-10-19,47.2599983215332,47.61000061035156,46.654998779296875,46.685001373291016,3771800
2023-10-20,46.7400016784668,47.35499954223633,46.53499984741211,46.540000915527344,2379000
2023-10-23,46.0,46.345001220703125,45.43000030517578,45.459999084472656,2773000
2023-10-24,45.95500183105469,46.5099983215332,45.86000061035156,46.20000076293945,3078400
2023-10-25,46.025001525878906,46.61000061035156,46.01499938964844,46.279998779296875,4904800
2023-10-26,46.3650016784668,47.07500076293945,46.224998474121094,46.599998474121094,3573600
2023-10-27,46.46500015258789,46.5099983215332,45.38999938964844,45.689998626708984,2729800
2023-10-30,46.154998779296875,47.57500076293945,46.154998779296875,47.3849983215332,5152800
2023-10-31,47.5,47.97999954223633,47.314998626708984,47.79499816894531,4968800
2023-11-01,47.970001220703125,49.16999816894531,47.474998474121094,48.869998931884766,5474200
2023-11-02,48.80500030517578,49.845001220703125,48.40999984741211,49.32500076293945,3999000
2023-11-03,50.09000015258789,50.38999938964844,48.97999954223633,49.09000015258789,3156200
2023-11-06,49.435001373291016,49.505001068115234,48.97999954223633,49.03499984741211,2941800
2023-11-07,49.25,49.25,48.689998626708984,48.82500076293945,3283600
2023-11-08,48.43000030517578,48.6150016784668,47.92499923706055,48.5,3255800
2023-11-09,48.599998474121094,48.939998626708984,48.310001373291016,48.415000915527344,4216600
2023-11-10,48.70500183105469,48.71500015258789,48.1349983215332,48.30500030517578,3506200
2023-11-13,47.7400016784668,47.994998931884766,47.42499923706055,47.540000915527344,3838600
2023-11-14,48.400001525878906,49.2400016784668,48.345001220703125,49.17499923706055,5301600
2023-11-15,49.064998626708984,49.59000015258789,48.92499923706055,49.15999984741211,4294000
2023-11-16,49.599998474121094,49.70500183105469,49.17499923706055,49.42499923706055,6865800
2023-11-17,49.76499938964844,49.939998626708984,49.369998931884766,49.55500030517578,4389600
2023-11-20,49.244998931884766,49.72999954223633,48.834999084472656,49.47999954223633,2568000
2023-11-21,49.72999954223633,50.345001220703125,49.42499923706055,50.29999923706055,3358400
2023-11-22,50.44499969482422,50.66999816894531,50.025001525878906,50.595001220703125,2228200
2023-11-24,50.6150016784668,50.72999954223633,50.25,50.54999923706055,744200
2023-11-27,50.6349983215332,51.04999923706055,50.119998931884766,50.814998626708984,2423200
2023-11-28,50.73500061035156,51.39500045776367,50.60499954223633,50.82500076293945,2817800
2023-11-29,50.775001525878906,51.099998474121094,50.03499984741211,50.29499816894531,2962000
2023-11-30,50.41999816894531,50.935001373291016,50.150001525878906,50.70500183105469,4105000
2023-12-01,50.70000076293945,51.1150016784668,50.505001068115234,51.01499938964844,3860000
2023-12-04,50.6150016784668,51.2400016784668,50.279998779296875,50.69499969482422,2954800
2023-12-05,50.7400016784668,50.78499984741211,50.150001525878906,50.209999084472656,2003000
2023-12-06,50.439998626708984,50.779998779296875,50.18000030517578,50.775001525878906,2546400
2023-12-07,50.8650016784668,51.20500183105469,50.439998626708984,50.94499969482422,3088800
2023-12-08,50.880001068115234,51.095001220703125,50.529998779296875,51.005001068115234,3046800
2023-12-11,50.845001220703125,51.185001373291016,50.54999923706055,51.05500030517578,2528400
2023-12-12,51.20500183105469,51.20500183105469,50.224998474121094,50.79499816894531,2906000
2023-12-13,50.79499816894531,52.72999954223633,50.47999954223633,52.70000076293945,3256600
2023-12-14,53.005001068115234,53.224998474121094,51.625,51.6349983215332,4415800
2023-12-15,50.974998474121094,51.27000045776367,50.0099983215332,50.439998626708984,6296400
2023-12-18,50.5,51.04999923706055,50.5,50.76499938964844,4085000
2023-12-19,50.560001373291016,51.0,50.44499969482422,50.775001525878906,3082200
2023-12-20,50.665000915527344,51.0,49.79499816894531,49.814998626708984,2380400
2023-12-21,49.875,50.10499954223633,49.404998779296875,49.8650016784668,1970800
2023-12-22,50.17499923706055,50.6349983215332,49.9900016784668,50.11000061035156,2341200
2023-12-26,50.0,50.470001220703125,50.0,50.17499923706055,3039600
2023-12-27,50.060001373291016,50.185001373291016,49.8650016784668,50.154998779296875,1489600
2023-12-28,50.15999984741211,50.599998474121094,50.150001525878906,50.45500183105469,1433200
2023-12-29,50.185001373291016,50.630001068115234,50.099998474121094,50.595001220703125,1688200
2024-01-02,50.30500030517578,51.334999084472656,50.25,51.31999969482422,2159200
2024-01-03,51.3650016784668,51.60499954223633,50.994998931884766,51.53499984741211,2521600
2024-01-04,51.709999084472656,52.209999084472656,51.380001068115234,51.52000045776367,2480200
2024-01-05,51.39500045776367,52.06999969482422,51.314998626708984,51.970001220703125,2146000
2024-01-08,51.974998474121094,52.36000061035156,51.76499938964844,52.34000015258789,2066400
2024-01-09,52.03499984741211,52.275001525878906,51.845001220703125,52.185001373291016,1770400
2024-01-10,52.185001373291016,52.45500183105469,51.939998626708984,52.27000045776367,1535800
2024-01-11,52.13999938964844,52.185001373291016,50.96500015258789,51.23500061035156,2258800
2024-01-12,51.560001373291016,51.724998474121094,51.36000061035156,51.564998626708984,1944200
2024-01-16,51.400001525878906,51.86000061035156,51.05500030517578,51.47999954223633,2923600
2024-01-17,51.15999984741211,51.36000061035156,49.724998474121094,50.35499954223633,3858200
2024-01-18,50.0,50.1150016784668,49.380001068115234,49.43000030517578,2437800
2024-01-19,49.599998474121094,49.71500015258789,49.20000076293945,49.540000915527344,2840400
2024-01-22,49.53499984741211,49.85499954223633,48.90999984741211,49.16999816894531,2644400
2024-01-23,49.220001220703125,49.400001525878906,48.744998931884766,49.165000915527344,2250400
2024-01-24,49.52000045776367,49.625,48.54999923706055,48.599998474121094,4028800
2024-01-25,49.46500015258789,49.65999984741211,48.779998779296875,49.540000915527344,2581600
2024-01-26,49.61000061035156,49.935001373291016,49.435001373291016,49.654998779296875,2229400
2024-01-29,49.689998626708984,50.060001373291016,49.3849983215332,49.869998931884766,2261000
2024-01-30,49.869998931884766,50.349998474121094,49.47999954223633,50.125,2803200
2024-01-31,50.459999084472656,50.54499816894531,49.564998626708984,49.880001068115234,5430400
2024-02-01,49.67499923706055,51.040000915527344,49.375,50.994998931884766,1863200
2024-02-02,50.505001068115234,50.779998779296875,49.625,50.29499816894531,3296800
2024-02-05,49.79999923706055,50.165000915527344,49.400001525878906,49.79999923706055,3579000
2024-02-06,49.689998626708984,49.915000915527344,49.349998474121094,49.724998474121094,4461400
2024-02-07,49.904998779296875,50.025001525878906,49.29999923706055,49.380001068115234,3034200
2024-02-08,48.61000061035156,48.880001068115234,48.119998931884766,48.70000076293945,2674200
2024-02-09,48.53499984741211,49.01499938964844,48.400001525878906,48.974998474121094,1896200
2024-02-12,49.025001525878906,49.68000030517578,48.77000045776367,49.525001525878906,2694800
2024-02-13,49.2599983215332,49.494998931884766,48.07500076293945,49.125,3865800
2024-02-14,49.22999954223633,49.435001373291016,48.80500030517578,49.040000915527344,2056800
2024-02-15,49.20000076293945,50.025001525878906,48.93000030517578,50.0,2514200
2024-02-16,49.67499923706055,50.3849983215332,49.5,50.07500076293945,3153000
2024-02-20,50.095001220703125,50.54499816894531,49.880001068115234,50.005001068115234,2515400
2024-02-21,50.35499954223633,50.845001220703125,50.06999969482422,50.630001068115234,3112400
2024-02-22,50.14500045776367,50.779998779296875,49.90999984741211,50.7599983215332,3799800
2024-02-23,51.0,51.54499816894531,50.78499984741211,51.25,4086000
2024-02-26,51.1150016784668,51.1349983215332,49.89500045776367,49.974998474121094,3075400
2024-02-27,50.290000915527344,50.41999816894531,49.97999954223633,50.3849983215332,1750600
2024-02-28,50.35499954223633,50.459999084472656,50.04499816894531,50.28499984741211,1596200
2024-02-29,50.56999969482422,50.904998779296875,50.29499816894531,50.78499984741211,2774600
2024-03-01,50.630001068115234,50.64500045776367,49.79999923706055,50.23500061035156,2876200
2024-03-04,50.0,51.189998626708984,49.91999816894531,51.0099983215332,2169000
2024-03-05,51.255001068115234,51.959999084472656,50.81999969482422,51.02000045776367,2211000
2024-03-06,51.36000061035156,51.625,51.025001525878906,51.349998474121094,2226600
2024-03-07,51.8650016784668,51.98500061035156,51.34000015258789,51.41999816894531,2942000
2024-03-08,51.4900016784668,51.78499984741211,51.19499969482422,51.67499923706055,2486000
2024-03-11,51.564998626708984,52.125,51.42499923706055,51.68000030517578,2091200
2024-03-12,51.5,51.69499969482422,50.959999084472656,51.3849983215332,2249200
2024-03-13,51.55500030517578,51.94499969482422,51.404998779296875,51.494998931884766,2034600
2024-03-14,50.6150016784668,51.25,50.55500030517578,51.244998931884766,3410800
2024-03-15,50.92499923706055,51.55500030517578,50.80500030517578,50.97999954223633,5287600
2024-03-18,50.97999954223633,51.39500045776367,50.81999969482422,51.30500030517578,2910800
2024-03-19,51.44499969482422,51.79999923706055,51.224998474121094,51.619998931884766,2655200
2024-03-20,51.51499938964844,51.994998931884766,51.30500030517578,51.5099983215332,2454200
2024-03-21,51.61000061035156,52.09000015258789,51.525001525878906,51.685001373291016,2571600
2024-03-22,51.9900016784668,52.04999923706055,51.45500183105469,51.584999084472656,1849800
2024-03-25,51.67499923706055,51.779998779296875,51.380001068115234,51.54499816894531,2539000
2024-03-26,51.5099983215332,51.66999816894531,51.07500076293945,51.17499923706055,2043400
2024-03-27,51.43000030517578,52.45500183105469,51.34000015258789,52.439998626708984,3338000
2024-03-28,52.5,52.900001525878906,52.39500045776367,52.84000015258789,2014400
2024-04-01,52.755001068115234,52.810001373291016,52.125,52.369998931884766,1835400
2024-04-02,52.415000915527344,53.165000915527344,52.415000915527344,52.6349983215332,2030400
2024-04-03,52.654998779296875,52.814998626708984,52.099998474121094,52.20000076293945,3059600
2024-04-04,52.66999816894531,52.755001068115234,51.68000030517578,52.15999984741211,2986000
2024-04-05,51.939998626708984,52.404998779296875,51.685001373291016,52.1150016784668,4088200
2024-04-08,52.07500076293945,52.89500045776367,52.07500076293945,52.880001068115234,2990800
2024-04-09,53.125,53.2400016784668,52.7599983215332,53.15999984741211,2984400
2024-04-10,52.345001220703125,52.38999938964844,51.75,52.279998779296875,3329200
2024-04-11,52.58000183105469,52.58000183105469,51.689998626708984,51.915000915527344,2123600
2024-04-12,52.03499984741211,52.10499954223633,51.1349983215332,51.45500183105469,2660400
2024-04-15,51.80500030517578,51.95000076293945,50.904998779296875,51.14500045776367,2030600
2024-04-16,51.095001220703125,51.209999084472656,50.189998626708984,50.30500030517578,3157000
2024-04-17,50.744998931884766,51.685001373291016,50.5099983215332,51.595001220703125,3326800
2024-04-18,51.869998931884766,51.96500015258789,51.165000915527344,51.875,3605400
2024-04-19,52.32500076293945,53.60499954223633,52.125,53.3849983215332,4237600
2024-04-22,53.15999984741211,53.915000915527344,52.845001220703125,53.724998474121094,5620600
2024-04-23,53.650001525878906,54.224998474121094,53.47999954223633,53.59000015258789,3043400
2024-04-24,52.83000183105469,53.540000915527344,51.744998931884766,53.22999954223633,5335600
2024-04-25,53.28499984741211,53.8849983215332,52.88999938964844,53.76499938964844,3991400
2024-04-26,53.75,53.77000045776367,53.05500030517578,53.25,4289800
2024-04-29,53.529998779296875,53.88999938964844,53.435001373291016,53.584999084472656,2665400
2024-04-30,53.26499938964844,53.76499938964844,52.93000030517578,53.334999084472656,3024200
2024-05-01,52.654998779296875,53.939998626708984,52.52000045776367,53.4900016784668,2465200
2024-05-02,53.599998474121094,53.79999923706055,53.1349983215332,53.58000183105469,2383800
2024-05-03,54.0,54.130001068115234,53.375,54.040000915527344,3441000
2024-05-06,54.25,54.689998626708984,53.92499923706055,54.5099983215332,5119000
2024-05-07,54.86000061035156,55.36000061035156,54.689998626708984,55.290000915527344,4548400
2024-05-08,55.20500183105469,55.45500183105469,54.85499954223633,55.415000915527344,3198800
2024-05-09,55.415000915527344,55.76499938964844,55.35499954223633,55.7400016784668,3180200
2024-05-10,56.0,56.30500030517578,55.584999084472656,55.994998931884766,3164600
2024-05-13,55.994998931884766,56.35499954223633,55.77000045776367,55.92499923706055,2958600
2024-05-14,56.099998474121094,56.22999954223633,55.51499938964844,55.650001525878906,2591200
2024-05-15,56.119998931884766,56.53499984741211,55.959999084472656,56.29499816894531,2816800
2024-05-16,56.28499984741211,56.8849983215332,56.209999084472656,56.685001373291016,2895800
2024-05-17,56.720001220703125,56.7400016784668,56.29999923706055,56.51499938964844,4794600
2024-05-20,56.720001220703125,56.73500061035156,56.314998626708984,56.400001525878906,2759400
2024-05-21,56.564998626708984,57.13999938964844,56.275001525878906,57.11000061035156,3157400
2024-05-22,56.91999816894531,56.959999084472656,56.22999954223633,56.349998474121094,3270600
2024-05-23,56.064998626708984,56.064998626708984,54.66999816894531,54.70000076293945,3256200
2024-05-24,54.80500030517578,55.02000045776367,54.52000045776367,54.56999969482422,2570200
2024-05-28,54.43000030517578,54.915000915527344,53.73500061035156,53.76499938964844,4185600
2024-05-29,53.3650016784668,53.625,53.15999984741211,53.35499954223633,3069400
2024-05-30,53.525001525878906,54.0,53.1349983215332,53.88999938964844,4948400
2024-05-31,54.505001068115234,56.34000015258789,54.095001220703125,56.244998931884766,6212800
2024-06-03,56.01499938964844,56.244998931884766,55.6150016784668,55.88999938964844,3310800
2024-06-04,55.69499969482422,56.095001220703125,55.2400016784668,55.79499816894531,2463200
2024-06-05,55.875,55.875,55.02000045776367,55.439998626708984,3791800
2024-06-06,55.25,55.834999084472656,54.76499938964844,54.92499923706055,4223000
2024-06-07,54.5,54.95500183105469,54.17499923706055,54.23500061035156,3894200
2024-06-10,54.11000061035156,54.20500183105469,53.599998474121094,54.029998779296875,4181800
2024-06-11,53.6349983215332,54.32500076293945,53.34000015258789,54.08000183105469,4264800
2024-06-12,54.45000076293945,54.54999923706055,53.33000183105469,53.68000030517578,4368000
2024-06-13,53.744998931884766,53.810001373291016,52.814998626708984,53.54999923706055,3729200
2024-06-14,53.255001068115234,53.665000915527344,53.064998626708984,53.5099983215332,3052800
2024-06-17,53.09000015258789,53.599998474121094,52.81999969482422,53.185001373291016,3176200
2024-06-18,53.09000015258789,53.4900016784668,52.790000915527344,53.025001525878906,3000400
2024-06-20,53.0,53.525001525878906,52.92499923706055,53.14500045776367,3494000
2024-06-21,53.095001220703125,53.70000076293945,52.79499816894531,52.904998779296875,5143600
2024-06-24,53.0,54.18000030517578,52.994998931884766,53.8650016784668,2731000
2024-06-25,53.79999923706055,53.81999969482422,52.86000061035156,53.32500076293945,3646600
2024-06-26,53.084999084472656,53.29499816894531,52.67499923706055,53.20000076293945,1871200
2024-06-27,53.224998474121094,53.400001525878906,52.959999084472656,53.380001068115234,1894000
2024-06-28,53.595001220703125,53.665000915527344,53.224998474121094,53.5,5106600
2024-07-01,53.724998474121094,53.86000061035156,52.779998779296875,52.869998931884766,2091000
2024-07-02,52.92499923706055,53.2599983215332,52.845001220703125,52.94499969482422,3060400
2024-07-03,52.98500061035156,53.665000915527344,52.75,52.775001525878906,2248400
2024-07-05,52.720001220703125,53.0,52.470001220703125,52.685001373291016,5158200
2024-07-08,52.64500045776367,52.81999969482422,52.154998779296875,52.375,3738000
2024-07-09,52.28499984741211,52.79499816894531,52.064998626708984,52.474998474121094,2723800
2024-07-10,52.790000915527344,52.96500015258789,52.45500183105469,52.959999084472656,2584000
2024-07-11,53.23500061035156,54.375,53.1349983215332,54.244998931884766,2771800
2024-07-12,54.474998474121094,54.93000030517578,54.30500030517578,54.584999084472656,2085400
2024-07-15,54.28499984741211,54.29999923706055,53.38999938964844,53.415000915527344,2688000
2024-07-16,53.900001525878906,54.45000076293945,53.78499984741211,54.23500061035156,2663600
2024-07-17,54.45500183105469,55.56999969482422,54.224998474121094,55.31999969482422,2693600
2024-07-18,55.0099983215332,56.11000061035156,55.0099983215332,55.3650016784668,1945800
2024-07-19,55.70000076293945,55.70000076293945,55.0099983215332,55.2400016784668,2024400
2024-07-22,55.1150016784668,55.75,55.040000915527344,55.5099983215332,1634600
2024-07-23,55.43000030517578,55.47999954223633,55.07500076293945,55.17499923706055,1364400
2024-07-24,55.61000061035156,56.029998779296875,55.209999084472656,55.93000030517578,2209400
2024-07-25,56.28499984741211,56.81999969482422,55.349998474121094,55.709999084472656,2840200
2024-07-26,56.0,57.09000015258789,56.0,56.814998626708984,2811000
2024-07-29,56.814998626708984,57.435001373291016,56.46500015258789,57.18000030517578,2728400
2024-07-30,56.97999954223633,58.27000045776367,56.97999954223633,58.16999816894531,2826400
2024-07-31,58.32500076293945,58.5,57.470001220703125,57.98500061035156,3755400
2024-08-01,58.75,60.59000015258789,58.099998474121094,60.40999984741211,4210200
2024-08-02,61.31999969482422,61.80500030517578,59.005001068115234,60.400001525878906,4969200
2024-08-05,60.58000183105469,60.89500045776367,57.71500015258789,57.755001068115234,3623400
2024-08-06,57.89500045776367,58.91999816894531,57.76499938964844,58.08000183105469,3938000
2024-08-07,58.310001373291016,59.334999084472656,57.900001525878906,58.4900016784668,3835000
2024-08-08,57.58000183105469,58.959999084472656,57.58000183105469,58.61000061035156,4598200
2024-08-09,58.61000061035156,58.869998931884766,57.654998779296875,58.76499938964844,2296600
2024-08-12,58.814998626708984,59.0,58.3650016784668,58.7599983215332,2820400
2024-08-13,58.404998779296875,58.73500061035156,58.165000915527344,58.6349983215332,2489200
2024-08-14,58.32500076293945,59.68000030517578,58.185001373291016,58.994998931884766,3989800
2024-08-15,58.52000045776367,58.82500076293945,58.21500015258789,58.54999923706055,3247400
2024-08-16,58.79499816894531,59.19499969482422,58.45500183105469,58.79999923706055,2419600
2024-08-19,59.005001068115234,59.29999923706055,58.790000915527344,59.19499969482422,2173200
2024-08-20,59.21500015258789,59.54999923706055,59.1150016784668,59.439998626708984,3082400
2024-08-21,59.42499923706055,59.709999084472656,59.255001068115234,59.439998626708984,3434400
2024-08-22,59.400001525878906,59.599998474121094,59.2400016784668,59.400001525878906,2626800
2024-08-23,59.650001525878906,59.779998779296875,59.26499938964844,59.400001525878906,2665200
2024-08-26,59.51499938964844,60.04999923706055,59.439998626708984,59.75,4961200
2024-08-27,59.6349983215332,59.834999084472656,59.375,59.540000915527344,2232200
2024-08-28,59.744998931884766,60.06999969482422,59.435001373291016,59.64500045776367,2678600
2024-08-29,59.6150016784668,59.94499969482422,59.04999923706055,59.915000915527344,2159800
2024-08-30,60.0,60.48500061035156,59.8650016784668,60.345001220703125,2729800
2024-09-03,60.18000030517578,61.55500030517578,60.0,61.09000015258789,3772200
2024-09-04,61.29999923706055,61.8650016784668,60.82500076293945,61.26499938964844,2624200
2024-09-05,61.724998474121094,61.814998626708984,60.915000915527344,61.154998779296875,2346600
2024-09-06,61.375,61.4900016784668,60.8849983215332,60.95000076293945,3047600
2024-09-09,60.939998626708984,61.380001068115234,60.529998779296875,61.084999084472656,7794800
2024-09-10,61.064998626708984,61.42499923706055,60.459999084472656,60.814998626708984,4613600
2024-09-11,60.51499938964844,61.20500183105469,60.0,61.1150016784668,4381400
2024-09-12,61.220001220703125,61.834999084472656,61.040000915527344,61.775001525878906,3143400
2024-09-13,62.42499923706055,63.66999816894531,62.30500030517578,63.54499816894531,6034200
2024-09-16,63.904998779296875,64.45999908447266,63.474998474121094,64.2300033569336,4948600
2024-09-17,64.68499755859375,64.83000183105469,63.900001525878906,64.54000091552734,5259000
2024-09-18,64.31999969482422,64.75,63.95500183105469,64.30500030517578,3653400
2024-09-19,64.08999633789062,64.2699966430664,63.18000030517578,63.84000015258789,3873200
2024-09-20,64.4000015258789,64.8499984741211,63.95000076293945,64.625,6308800
2024-09-23,64.93499755859375,65.08000183105469,64.55500030517578,65.01499938964844,3758400
2024-09-24,64.6050033569336,65.51499938964844,64.41000366210938,65.01499938964844,6605600
2024-09-25,65.33999633789062,65.33999633789062,64.56500244140625,64.87000274658203,5282000
2024-09-26,64.56999969482422,65.09500122070312,64.44999694824219,64.79000091552734,1909600
2024-09-27,65.11000061035156,65.7750015258789,64.94499969482422,65.56500244140625,1658200
2024-09-30,65.87000274658203,65.875,65.16500091552734,65.80500030517578,2933400
2024-10-01,65.95500183105469,66.69000244140625,65.43000030517578,66.4749984741211,3382800
2024-10-02,65.83999633789062,66.44999694824219,65.61000061035156,66.36499786376953,2249200
2024-10-03,66.5,66.58499908447266,66.05999755859375,66.5,1689200
2024-10-04,65.9000015258789,66.36000061035156,65.43499755859375,66.25,2066800
2024-10-07,66.0,66.02999877929688,65.34500122070312,65.44999694824219,2524200
2024-10-08,65.8949966430664,65.9800033569336,65.2300033569336,65.26499938964844,4944800
2024-10-09,65.25,65.65499877929688,64.77999877929688,65.0250015258789,2719600
2024-10-10,65.1050033569336,65.5250015258789,64.37999725341797,64.52999877929688,2308600
2024-10-11,64.83000183105469,65.44999694824219,64.7249984741211,65.31999969482422,1758800
2024-10-14,65.32499694824219,66.05500030517578,65.30000305175781,65.94999694824219,1594600
2024-10-15,66.5,67.31500244140625,66.34500122070312,66.68000030517578,2230000
2024-10-16,66.79499816894531,67.2750015258789,66.70500183105469,67.16000366210938,3147200
2024-10-17,67.2300033569336,67.58000183105469,66.86499786376953,67.31500244140625,2143600
2024-10-18,67.15499877929688,67.8949966430664,66.8550033569336,67.63999938964844,2034200
2024-10-21,67.63999938964844,68.01000213623047,67.43000030517578,67.5199966430664,2045200
2024-10-22,66.88500213623047,67.62999725341797,66.75499725341797,67.48999786376953,2022600
2024-10-23,67.4000015258789,68.5250015258789,67.38500213623047,68.4749984741211,2192000
2024-10-24,68.5199966430664,68.8499984741211,68.3550033569336,68.73500061035156,3878000
2024-10-25,69.12000274658203,69.12000274658203,67.67500305175781,67.69000244140625,4111800
2024-10-28,67.88500213623047,68.42500305175781,67.69499969482422,68.16000366210938,3359600
2024-10-29,67.74500274658203,67.76499938964844,67.02999877929688,67.06500244140625,5491000
2024-10-30,67.43499755859375,67.625,66.8499984741211,67.19999694824219,4791800
2024-10-31,71.0,78.42500305175781,70.70500183105469,77.38999938964844,12033200
2024-11-01,77.18000030517578,77.26499938964844,72.16500091552734,72.3949966430664,7743000
2024-11-04,72.08499908447266,72.3550033569336,70.21499633789062,71.21499633789062,5933800
2024-11-05,71.01499938964844,72.9800033569336,70.79499816894531,72.9749984741211,3213600
2024-11-06,72.83499908447266,74.16500091552734,72.16999816894531,73.02999877929688,3949800
2024-11-07,72.76000213623047,73.47000122070312,72.34500122070312,72.9800033569336,2840600
2024-11-08,73.0,74.67500305175781,72.6449966430664,74.48999786376953,4929200
2024-11-11,74.36000061035156,76.29000091552734,74.36000061035156,75.17500305175781,3857000
2024-11-12,74.98999786376953,75.34500122070312,74.2249984741211,74.61499786376953,3078200
2024-11-13,74.24500274658203,74.55000305175781,73.23999786376953,73.80500030517578,3292600
2024-11-14,74.02999877929688,74.26000213623047,73.42500305175781,73.5199966430664,3501800
2024-11-15,73.75,74.88500213623047,73.55999755859375,74.55999755859375,5180200
2024-11-18,74.33499908447266,75.61000061035156,74.33499908447266,74.63500213623047,2800200
2024-11-19,74.18499755859375,75.08499908447266,73.71499633789062,74.94499969482422,2150400
2024-11-20,75.28500366210938,75.93499755859375,74.87000274658203,75.3550033569336,3683200
2024-11-21,75.26499938964844,76.37999725341797,74.88999938964844,75.7750015258789,3386000
2024-11-22,76.5,76.6449966430664,75.4749984741211,75.52999877929688,3700000
2024-11-25,76.15499877929688,76.43000030517578,75.13500213623047,76.25,5319000
2024-11-26,76.58000183105469,78.0199966430664,76.33499908447266,77.96499633789062,3712800
2024-11-27,78.11000061035156,79.03500366210938,78.01499938964844,78.19999694824219,3827600
2024-11-29,78.43000030517578,78.69000244140625,77.75,78.08499908447266,1542200
2024-12-02,78.11000061035156,78.2699966430664,76.4800033569336,76.625,3390200
2024-12-03,77.19499969482422,77.48999786376953,75.66000366210938,75.66500091552734,3542200
2024-12-04,75.61000061035156,76.52999877929688,74.81500244140625,75.82499694824219,4636600
2024-12-05,75.68000030517578,77.42500305175781,75.54499816894531,76.86499786376953,3497600
2024-12-06,76.75,77.08999633789062,75.4749984741211,75.77999877929688,2249800
2024-12-09,75.81500244140625,76.0,74.75499725341797,74.77999877929688,2343800
2024-12-10,74.52999877929688,74.66000366210938,73.5250015258789,74.16500091552734,3279400
2024-12-11,74.30999755859375,74.45999908447266,73.8550033569336,73.94000244140625,2424200
2024-12-12,74.44499969482422,75.06999969482422,74.03500366210938,74.13500213623047,3252000
2024-12-13,74.12999725341797,74.48999786376953,73.62000274658203,74.23999786376953,3294500
2024-12-16,74.80999755859375,75.66000366210938,73.5199966430664,74.76000213623047,3607900
2024-12-17,74.43000030517578,75.68000030517578,73.87999725341797,74.83999633789062,3754800
2024-12-18,74.56999969482422,75.30000305175781,73.1500015258789,73.19000244140625,2807000
2024-12-19,73.62999725341797,75.06999969482422,73.43000030517578,74.48999786376953,4577100
2024-12-20,74.05999755859375,75.18000030517578,73.69999694824219,75.12999725341797,6807000
2024-12-23,74.70999908447266,75.55000305175781,74.19000244140625,75.43000030517578,2524300
2024-12-24,75.56999969482422,76.25,75.30999755859375,76.2300033569336,830700
2024-12-26,76.06999969482422,76.22000122070312,75.5,75.94000244140625,1391100
2024-12-27,75.43000030517578,76.27999877929688,75.25,75.76000213623047,1429300
2024-12-30,75.51000213623047,76.04000091552734,74.72000122070312,75.75,1829700
2024-12-31,75.79000091552734,76.19000244140625,75.23999786376953,75.81999969482422,2015400
2025-01-02,76.2699966430664,76.54000091552734,74.7699966430664,75.4000015258789,3188100
2025-01-03,75.66999816894531,77.16000366210938,74.80999755859375,76.68000030517578,2740100
2025-01-06,76.51000213623047,76.63999938964844,75.01000213623047,75.26000213623047,2733200
2025-01-07,75.48999786376953,76.7300033569336,75.48999786376953,75.95999908447266,2420000
2025-01-08,75.83000183105469,76.87999725341797,75.19000244140625,76.5999984741211,3373500
2025-01-10,76.44999694824219,76.80000305175781,75.47000122070312,76.19000244140625,3089000
2025-01-13,76.08999633789062,77.16000366210938,75.04000091552734,77.06999969482422,4703300
2025-01-14,77.04000091552734,77.94000244140625,76.63999938964844,77.55999755859375,3671500
2025-01-15,78.44000244140625,79.33999633789062,78.18000030517578,78.98999786376953,3611600
2025-01-16,78.77999877929688,81.37000274658203,78.66000366210938,81.30999755859375,3968500
2025-01-17,81.20999908447266,82.5,80.87999725341797,81.98999786376953,2853100
2025-01-21,82.69000244140625,84.26000213623047,82.5999984741211,83.62000274658203,3128900
2025-01-22,83.43000030517578,83.43000030517578,82.08000183105469,82.58999633789062,3043000
2025-01-23,82.98999786376953,83.16000366210938,81.72000122070312,81.9000015258789,4066200
2025-01-24,81.8499984741211,82.80000305175781,81.70999908447266,82.5199966430664,4218600
2025-01-27,81.80000305175781,82.66999816894531,77.75,78.79000091552734,7685200
2025-01-28,79.04000091552734,79.08999633789062,75.55000305175781,77.62000274658203,7949500
2025-01-29,77.94999694824219,80.23999786376953,77.68000030517578,79.23999786376953,4953200
2025-01-30,80.44999694824219,81.5,80.06999969482422,81.18000030517578,3595300
2025-01-31,81.06999969482422,81.73999786376953,80.70999908447266,81.08000183105469,7475600
2025-02-03,80.16000366210938,82.19000244140625,79.62000274658203,82.04000091552734,2746100
2025-02-04,81.48999786376953,82.5,80.66000366210938,81.66000366210938,2770500
2025-02-05,82.31999969482422,83.26000213623047,81.70999908447266,82.5,2844700
2025-02-06,83.12000274658203,83.36000061035156,82.31999969482422,82.79000091552734,2232200
2025-02-07,82.80000305175781,83.44999694824219,81.70999908447266,82.4000015258789,2348800
2025-02-10,81.81999969482422,82.04000091552734,80.72000122070312,81.80000305175781,4117800
2025-02-11,81.5999984741211,82.13999938964844,80.7300033569336,82.0199966430664,2885500
2025-02-12,80.73999786376953,83.0,80.5999984741211,82.81999969482422,2680300
2025-02-13,82.69999694824219,83.69000244140625,82.2300033569336,83.25,2248800
2025-02-14,83.12999725341797,84.45999908447266,82.44999694824219,82.48999786376953,3916800
2025-02-18,85.4000015258789,88.37999725341797,85.0,87.4000015258789,5841400
2025-02-19,87.55999755859375,87.88999938964844,86.47000122070312,87.31999969482422,4675000
2025-02-20,87.16000366210938,87.30999755859375,85.22000122070312,85.86000061035156,4006600
2025-02-21,85.27999877929688,86.37000274658203,84.22000122070312,85.08999633789062,4755100
2025-02-24,84.7699966430664,85.80000305175781,83.91999816894531,85.29000091552734,6463900
2025-02-25,85.36000061035156,85.66999816894531,83.30000305175781,85.44000244140625,4079100
2025-02-26,86.16999816894531,86.98999786376953,85.7699966430664,86.1500015258789,4035000
2025-02-27,86.05999755859375,86.91000366210938,85.12999725341797,85.2699966430664,2979200
2025-02-28,85.41000366210938,87.51000213623047,85.2699966430664,87.30999755859375,3540200
2025-03-03,86.86000061035156,88.0199966430664,86.5999984741211,87.88999938964844,3920100
2025-03-04,87.5999984741211,88.0,84.94999694824219,85.08000183105469,3881500
2025-03-05,84.5,85.38999938964844,83.95999908447266,84.66000366210938,2250500
2025-03-06,83.83000183105469,83.94000244140625,80.98999786376953,81.18000030517578,3903600
2025-03-07,81.16000366210938,82.44999694824219,79.93000030517578,81.33000183105469,4808800
2025-03-10,80.66999816894531,81.22000122070312,78.94000244140625,80.45999908447266,6206600
2025-03-11,80.61000061035156,83.26000213623047,80.29000091552734,82.37999725341797,5745200
2025-03-12,83.27999877929688,84.44000244140625,82.52999877929688,82.63999938964844,4793500
2025-03-13,82.6500015258789,83.2300033569336,81.75,82.83999633789062,2759700
2025-03-14,82.88999938964844,85.16999816894531,82.83000183105469,84.98999786376953,3297500
2025-03-17,84.98999786376953,86.41999816894531,84.55999755859375,85.44999694824219,2590400
2025-03-18,83.25,83.58999633789062,82.30000305175781,83.4800033569336,9991300
2025-03-19,83.80999755859375,84.95999908447266,83.12000274658203,84.66000366210938,7870600
2025-03-20,84.5199966430664,84.8499984741211,84.18000030517578,84.63999938964844,3952800
2025-03-21,83.5,84.4000015258789,83.38999938964844,83.87999725341797,9132300
2025-03-24,84.27999877929688,84.77999877929688,82.54000091552734,84.01000213623047,4836600
2025-03-25,84.0199966430664,84.08999633789062,82.41999816894531,82.91999816894531,4658300
2025-03-26,83.04000091552734,84.2699966430664,82.86000061035156,84.11000061035156,3732500
2025-03-27,84.08000183105469,84.83000183105469,83.44000244140625,84.0199966430664,4320700
2025-03-28,84.37999725341797,85.05999755859375,84.0999984741211,84.41000366210938,3388700
2025-03-31,84.36000061035156,85.6500015258789,84.16000366210938,85.48999786376953,6230800
2025-04-01,85.36000061035156,86.06999969482422,84.19000244140625,85.66000366210938,4601100
2025-04-02,85.5199966430664,86.94000244140625,85.0199966430664,86.61000061035156,3126000
2025-04-03,85.55000305175781,87.25,84.8499984741211,85.05999755859375,6498500
2025-04-04,85.0199966430664,85.0199966430664,78.51000213623047,79.02999877929688,7635300
2025-04-07,76.6500015258789,81.3499984741211,75.62000274658203,79.33999633789062,6618800
2025-04-08,81.66999816894531,81.7699966430664,78.06999969482422,79.01000213623047,5000200
2025-04-09,78.0,81.31999969482422,75.56999969482422,80.51000213623047,10462100
2025-04-10,79.9000015258789,81.36000061035156,78.45999908447266,80.27999877929688,5178000
2025-04-11,80.05999755859375,82.04000091552734,78.98999786376953,81.72000122070312,3384300
2025-04-14,82.54000091552734,83.37999725341797,82.08000183105469,82.58000183105469,2604800
2025-04-15,83.20999908447266,84.45999908447266,82.8499984741211,83.45999908447266,2994100
2025-04-16,83.47000122070312,83.73999786376953,81.91999816894531,82.23999786376953,2006400
2025-04-17,82.5199966430664,84.37999725341797,82.5,83.2699966430664,3228200
2025-04-21,82.72000122070312,82.75,79.4800033569336,80.51000213623047,3200200
2025-04-22,81.80999755859375,83.69000244140625,81.2300033569336,83.27999877929688,4772700
2025-04-23,83.41000366210938,85.11000061035156,83.31999969482422,84.26000213623047,3037200
2025-04-24,83.72000122070312,85.26000213623047,83.25,84.97000122070312,3437200
2025-04-25,84.76000213623047,85.19999694824219,84.19000244140625,84.61000061035156,2697800
2025-04-28,84.68000030517578,85.1500015258789,84.0199966430664,85.08999633789062,3018600
2025-04-29,83.31999969482422,84.83999633789062,82.36000061035156,83.52999877929688,3931200
2025-04-30,83.12000274658203,84.0,81.44000244140625,83.16999816894531,4003400
2025-05-01,83.36000061035156,84.76000213623047,82.41999816894531,83.37000274658203,3669600
2025-05-02,83.06999969482422,84.73999786376953,82.56999969482422,84.47000122070312,2919800
2025-05-05,84.37000274658203,84.68000030517578,83.30999755859375,84.38999938964844,2239000
2025-05-06,83.83000183105469,84.5,83.62000274658203,83.91999816894531,3609900
2025-05-07,83.5,84.95999908447266,83.37000274658203,84.23999786376953,4369200
2025-05-08,84.04000091552734,84.2300033569336,83.1500015258789,83.30999755859375,4275700
2025-05-09,83.6500015258789,83.88999938964844,82.47000122070312,82.91999816894531,2170800
2025-05-12,83.0,83.12999725341797,81.05999755859375,81.2699966430664,4293800
2025-05-13,81.43000030517578,82.0999984741211,80.55999755859375,80.88999938964844,3921700
2025-05-14,81.36000061035156,81.36000061035156,79.4000015258789,80.51000213623047,3728300
2025-05-15,80.93000030517578,82.55000305175781,80.83000183105469,81.81999969482422,5058100
2025-05-16,82.02999877929688,83.1500015258789,81.77999877929688,83.13999938964844,2444500
2025-05-19,82.76000213623047,83.1500015258789,82.30999755859375,83.01000213623047,2490500
2025-05-20,82.48999786376953,84.62999725341797,82.27999877929688,84.33000183105469,3736900
2025-05-21,84.27999877929688,84.41999816894531,82.44000244140625,82.56999969482422,2415400
2025-05-22,82.27999877929688,82.36000061035156,80.5999984741211,81.27999877929688,1905200
2025-05-23,82.04000091552734,82.91000366210938,80.9800033569336,82.81999969482422,1945200
2025-05-27,83.62000274658203,83.62000274658203,82.08000183105469,82.77999877929688,2406100
2025-05-28,82.62000274658203,82.83999633789062,81.4000015258789,81.80999755859375,1952300
2025-05-29,81.72000122070312,82.69999694824219,81.23999786376953,82.36000061035156,1805700
2025-05-30,81.97000122070312,83.44999694824219,81.5,83.27999877929688,4051000
2025-06-02,82.62000274658203,83.37999725341797,81.88999938964844,83.13999938964844,2577200
2025-06-03,84.19999694824219,84.20999908447266,81.66999816894531,82.93000030517578,2376500
2025-06-04,82.7699966430664,83.29000091552734,81.63999938964844,81.88999938964844,1817700
2025-06-05,82.01000213623047,82.3499984741211,81.30000305175781,81.80000305175781,1735300
2025-06-06,82.13999938964844,82.5999984741211,81.52999877929688,82.1500015258789,2381500
2025-06-09,82.01000213623047,83.77999877929688,81.55000305175781,82.80999755859375,3315100
2025-06-10,82.81999969482422,83.12000274658203,81.4800033569336,82.20999908447266,3124300
2025-06-11,82.33000183105469,82.97000122070312,81.79000091552734,82.1500015258789,2535000
2025-06-12,82.2300033569336,83.38999938964844,81.87000274658203,83.29000091552734,2575000
2025-06-13,82.83000183105469,83.0999984741211,81.7699966430664,82.06999969482422,2540300
2025-06-16,83.01000213623047,83.22000122070312,81.37000274658203,81.7300033569336,2147400
2025-06-17,81.52999877929688,81.62000274658203,80.68000030517578,80.9800033569336,1905200
2025-06-18,81.16999816894531,81.4800033569336,80.5,80.91999816894531,2723700
2025-06-20,81.22000122070312,82.05000305175781,80.87000274658203,80.97000122070312,7933900
2025-06-23,81.23999786376953,82.66999816894531,81.23999786376953,82.61000061035156,2567100
2025-06-24,82.86000061035156,83.69999694824219,82.68000030517578,82.97000122070312,3003900
2025-06-25,82.58000183105469,82.83000183105469,81.1500015258789,81.31999969482422,2499300
2025-06-26,81.47000122070312,82.2300033569336,81.3499984741211,81.86000061035156,2281400
2025-06-27,82.0199966430664,83.08999633789062,81.63999938964844,82.4800033569336,3236600
2025-06-30,82.33000183105469,83.16999816894531,82.12999725341797,83.12000274658203,2526700
2025-07-01,83.0999984741211,83.2300033569336,81.6500015258789,82.52999877929688,3198200
2025-07-02,82.19000244140625,82.81999969482422,80.83999633789062,81.31999969482422,2343800
2025-07-03,81.13999938964844,82.29000091552734,81.05000305175781,81.91999816894531,1120800
2025-07-07,81.83000183105469,82.05999755859375,81.06999969482422,81.72000122070312,1744200
2025-07-08,81.18000030517578,81.4000015258789,80.11000061035156,80.93000030517578,2444900
2025-07-09,81.51000213623047,81.75,80.3499984741211,81.45999908447266,2342200
2025-07-10,81.19999694824219,82.3499984741211,81.05999755859375,82.12000274658203,1676000
2025-07-11,81.62000274658203,82.0,80.86000061035156,81.75,1892700
2025-07-14,81.48999786376953,83.0,81.3499984741211,82.79000091552734,2925200
2025-07-15,83.0,83.61000061035156,81.91000366210938,82.87000274658203,3368600
2025-07-16,82.77999877929688,83.66999816894531,82.37999725341797,83.55000305175781,2989600
2025-07-17,83.31999969482422,85.19999694824219,83.13999938964844,84.54000091552734,3138100
2025-07-18,84.91000366210938,86.45999908447266,84.76000213623047,86.4000015258789,2512500
2025-07-21,86.9800033569336,87.16000366210938,86.12000274658203,87.02999877929688,2468200
2025-07-22,87.36000061035156,88.5999984741211,87.0999984741211,88.52999877929688,2743600
2025-07-23,89.08000183105469,89.3499984741211,87.5999984741211,88.12000274658203,2539100
2025-07-24,88.30000305175781,88.98999786376953,87.62999725341797,88.1500015258789,2563100
2025-07-25,88.05000305175781,88.45999908447266,87.8499984741211,88.16000366210938,1804800
2025-07-28,88.16999816894531,88.30000305175781,86.48999786376953,86.68000030517578,2814400
2025-07-29,87.02999877929688,88.54000091552734,86.75,88.23999786376953,3357000
2025-07-30,90.19999694824219,91.45999908447266,89.2699966430664,89.29000091552734,5480900
2025-07-31,89.69000244140625,90.63999938964844,89.16000366210938,90.43000030517578,2965300
2025-08-01,90.06999969482422,90.44000244140625,89.0999984741211,89.66999816894531,2658300
2025-08-04,90.1500015258789,91.9000015258789,90.08999633789062,91.62000274658203,3509600
2025-08-05,91.73999786376953,92.4000015258789,89.9000015258789,90.4000015258789,3800600
2025-08-06,90.30000305175781,91.47000122070312,89.91000366210938,90.27999877929688,2678000
2025-08-07,90.0,90.83999633789062,89.91999816894531,90.52999877929688,2131600
2025-08-08,90.75,91.23999786376953,90.05000305175781,90.47000122070312,1627500
2025-08-11,90.01000213623047,90.47000122070312,89.12000274658203,90.08999633789062,1916400
2025-08-12,90.2300033569336,90.93000030517578,88.86000061035156,90.88999938964844,2399100
2025-08-13,90.6500015258789,91.0,89.7699966430664,90.9800033569336,1789800
2025-08-14,90.69999694824219,91.0,90.25,90.29000091552734,2461100
2025-08-15,90.51000213623047,90.51000213623047,88.62000274658203,89.12000274658203,4104800
2025-08-18,89.05000305175781,89.37999725341797,87.56999969482422,87.8499984741211,1915100
2025-08-19,87.9800033569336,88.83999633789062,87.8499984741211,88.80999755859375,2805800
2025-08-20,89.06999969482422,90.3499984741211,88.9000015258789,89.83000183105469,2620600
2025-08-21,89.80000305175781,90.06999969482422,88.58000183105469,89.22000122070312,1459600
2025-08-22,89.81999969482422,90.2699966430664,88.83999633789062,89.33000183105469,2029200
2025-08-25,89.02999877929688,89.69999694824219,89.0,89.16999816894531,1540000
2025-08-26,89.26000213623047,89.86000061035156,88.63999938964844,89.58999633789062,3385600
2025-08-27,89.54000091552734,90.0,88.83999633789062,89.55000305175781,1632200
2025-08-28,89.30000305175781,89.69000244140625,87.8499984741211,88.12999725341797,5441200
2025-08-29,88.26000213623047,88.69000244140625,87.86000061035156,88.08999633789062,1705100
2025-09-02,87.62999725341797,88.06999969482422,86.88999938964844,87.41000366210938,1727800
2025-09-03,87.04000091552734,87.63999938964844,86.70999908447266,87.19999694824219,1626600
2025-09-04,88.77999877929688,89.5999984741211,87.44999694824219,88.18000030517578,3500000
2025-09-05,88.31999969482422,88.55999755859375,86.80999755859375,87.75,1952000
2025-09-08,87.69000244140625,88.0,86.4000015258789,86.83000183105469,3264500
2025-09-09,86.69999694824219,87.47000122070312,86.48999786376953,87.01000213623047,1936700
2025-09-10,86.9000015258789,88.5199966430664,86.9000015258789,88.44000244140625,2756700
2025-09-11,88.6500015258789,89.94000244140625,88.37000274658203,89.86000061035156,2366000
2025-09-12,89.7300033569336,90.73999786376953,89.7300033569336,90.29000091552734,2082800
2025-09-15,90.16999816894531,90.69999694824219,89.98999786376953,90.19000244140625,2062300
2025-09-16,90.19000244140625,90.45999908447266,88.16999816894531,88.26000213623047,1967600
2025-09-17,88.44999694824219,88.8499984741211,87.93000030517578,88.18000030517578,2936800
2025-09-18,87.9000015258789,88.56999969482422,87.37999725341797,87.83000183105469,2464900
2025-09-19,88.5199966430664,89.27999877929688,87.69000244140625,88.66999816894531,4786600
2025-09-22,88.66000366210938,89.41000366210938,88.05999755859375,89.23999786376953,2325200
2025-09-23,89.25,90.9800033569336,88.9000015258789,90.8499984741211,2134400
2025-09-24,91.43000030517578,91.73999786376953,90.7300033569336,91.58999633789062,2524500
2025-09-25,91.25,91.66999816894531,90.20999908447266,90.33000183105469,2869700
2025-09-26,90.81999969482422,92.29000091552734,90.4800033569336,92.25,2670900
2025-09-29,92.44999694824219,93.80999755859375,91.9000015258789,93.55000305175781,3821800
2025-09-30,93.6500015258789,93.91999816894531,91.6500015258789,93.19000244140625,3040900
2025-10-01,93.2300033569336,94.30999755859375,93.0199966430664,93.4000015258789,2398400
2025-10-02,93.19999694824219,94.06999969482422,92.3499984741211,93.56999969482422,2709000
2025-10-03,95.91000366210938,96.61000061035156,94.26000213623047,95.38999938964844,3714100
2025-10-06,95.5999984741211,98.58000183105469,95.5999984741211,97.4800033569336,4137300
2025-10-07,97.63999938964844,97.76000213623047,95.20999908447266,95.9800033569336,3570700
2025-10-08,96.55999755859375,97.4000015258789,95.87999725341797,96.66000366210938,2858900
2025-10-09,97.27999877929688,97.61000061035156,95.45999908447266,95.62000274658203,2244500
2025-10-10,95.94000244140625,97.4000015258789,95.0,95.26000213623047,3743500
2025-10-13,95.44999694824219,96.52999877929688,95.33999633789062,95.72000122070312,2186100
2025-10-14,95.55000305175781,97.29000091552734,95.30999755859375,96.66000366210938,2648400
2025-10-15,97.06999969482422,97.9000015258789,96.77999877929688,97.6500015258789,2125000
2025-10-16,98.0,98.55999755859375,95.9800033569336,96.0199966430664,1894800
2025-10-17,96.36000061035156,96.58999633789062,95.44000244140625,95.83999633789062,2332400
2025-10-20,96.37999725341797,96.94000244140625,95.58000183105469,96.70999908447266,2793400
2025-10-21,96.83999633789062,97.11000061035156,95.02999877929688,95.66000366210938,1999900
2025-10-22,95.9800033569336,96.54000091552734,95.58999633789062,96.0,2018800
2025-10-23,96.20999908447266,96.72000122070312,95.44000244140625,95.66999816894531,1964800
2025-10-24,96.12000274658203,97.22000122070312,95.7300033569336,96.58000183105469,2217600
2025-10-27,97.33000183105469,97.37999725341797,95.7300033569336,97.36000061035156,3179900
2025-10-28,98.0,98.0,95.01000213623047,95.0199966430664,2543000
2025-10-29,94.0,96.97000122070312,92.76000213623047,95.45999908447266,4739600
2025-10-30,95.18000030517578,97.22000122070312,95.0999984741211,96.05000305175781,3029200
2025-10-31,96.12000274658203,97.01000213623047,95.55999755859375,96.08999633789062,3196600
2025-11-03,95.81999969482422,97.47000122070312,94.93000030517578,96.87000274658203,3291600
2025-11-04,96.87999725341797,97.08999633789062,95.8499984741211,96.2300033569336,2511300
2025-11-05,96.26000213623047,97.0999984741211,95.45999908447266,96.27999877929688,2212700
2025-11-06,96.2300033569336,96.76000213623047,95.66999816894531,95.69999694824219,1786100
2025-11-07,95.88999938964844,97.19000244140625,95.16999816894531,97.19000244140625,2658600
2025-11-10,97.20999908447266,98.45999908447266,97.0,97.11000061035156,2657300
2025-11-11,96.80000305175781,97.33000183105469,95.75,96.87000274658203,2197900
2025-11-12,96.88999938964844,97.20999908447266,96.25,96.54000091552734,2247000
2025-11-13,95.43000030517578,96.0,94.30000305175781,94.41999816894531,2706500
2025-11-14,94.29000091552734,95.6500015258789,93.9800033569336,95.05000305175781,2465000
2025-11-17,95.44999694824219,96.37999725341797,94.75,95.54000091552734,2949100
2025-11-18,95.54000091552734,96.19999694824219,94.43000030517578,94.44000244140625,2481800
2025-11-19,94.44999694824219,95.0999984741211,93.69999694824219,94.02999877929688,2179200
2025-11-20,94.62999725341797,95.88999938964844,93.3499984741211,93.3499984741211,3767100
2025-11-21,93.56999969482422,94.20999908447266,92.73999786376953,93.69999694824219,2601100
2025-11-24,93.69999694824219,95.73999786376953,93.16000366210938,95.4800033569336,3528000
2025-11-25,95.80000305175781,96.02999877929688,94.58000183105469,95.2699966430664,2318200
2025-11-26,95.93000030517578,96.86000061035156,95.54000091552734,96.55000305175781,1902100
2025-11-28,97.0,97.66000366210938,96.66000366210938,97.5199966430664,928700
2025-12-01,96.66999816894531,96.98999786376953,94.41999816894531,94.58999633789062,2295400
2025-12-02,95.06999969482422,95.06999969482422,92.91999816894531,92.97000122070312,2029100
2025-12-03,93.25,94.26000213623047,92.38999938964844,94.23999786376953,5825900
2025-12-04,93.95999908447266,95.0,93.4000015258789,94.45999908447266,3742400
