date,open,high,low,close,volume
2010-01-04,18.728437423706055,19.025136947631836,18.66597557067871,18.879390716552734,8334301
2010-01-05,18.84815788269043,18.947057723999023,18.671180725097656,18.785694122314453,4704110
2010-01-06,18.775285720825195,18.84815788269043,18.692001342773438,18.72323226928711,5095062
2010-01-07,18.74925994873047,18.900209426879883,18.62953758239746,18.85856819152832,6697872
2010-01-08,18.785694122314453,18.98349380493164,18.655563354492188,18.921031951904297,6177818
2010-01-11,19.025136947631836,19.45196533203125,19.01993179321289,19.410324096679688,7072879
2010-01-12,19.264577865600586,19.483196258544922,19.170883178710938,19.384296417236328,4880471
2010-01-13,19.384296417236328,19.514427185058594,19.176088333129883,19.207319259643555,5235306
2010-01-14,19.186498641967773,19.488401412963867,19.186498641967773,19.405118942260742,3614630
2010-01-15,19.43114471435547,19.602916717529297,19.129241943359375,19.540454864501953,6473290
2010-01-19,20.040157318115234,20.23795509338379,19.524839401245117,19.878795623779297,26371909
2010-01-20,19.821537017822266,19.95166778564453,19.649763107299805,19.85276985168457,13688525
2010-01-21,19.925642013549805,20.003719329833984,19.519634246826172,19.639354705810547,8785193
2010-01-22,19.628942489624023,19.707021713256836,19.243755340576172,19.285398483276367,10818915
2010-01-25,19.483196258544922,19.55607032775879,19.16567611694336,19.19170379638672,5772649
2010-01-26,19.014726638793945,19.2125244140625,18.98349380493164,19.035547256469727,7965249
2010-01-27,18.978288650512695,19.056367874145508,18.764873504638672,18.999109268188477,7212354
2010-01-28,18.999109268188477,19.11882972717285,18.639949798583984,18.79090118408203,7451344
2010-01-29,18.863773345947266,18.88459587097168,18.34845542907715,18.442150115966797,8245352
2010-02-01,18.577486038208008,18.61912727355957,18.31201934814453,18.499406814575195,7287662
2010-02-02,18.582691192626953,19.035547256469727,18.582691192626953,18.99390411376953,9120048
2010-02-03,19.014726638793945,19.20211410522461,18.96267318725586,19.009519577026367,6606233
2010-02-04,18.822132110595703,18.84815788269043,18.24435043334961,18.24435043334961,6909389
2010-02-05,18.37968635559082,18.457765579223633,17.703006744384766,17.95806312561035,11036196
2010-02-08,18.020526885986328,18.06216812133789,17.671775817871094,17.671775817871094,6179163
2010-02-09,17.93724250793457,18.228734970092773,17.874778747558594,18.114219665527344,7954683
2010-02-10,18.093399047851562,18.223529815673828,17.95806312561035,17.999704360961914,5359027
2010-02-11,17.963268280029297,18.135040283203125,17.843547821044922,18.046552658081055,6031427
2010-02-12,17.843547821044922,17.963268280029297,17.614517211914062,17.963268280029297,4510267
2010-02-16,17.99449920654297,18.218324661254883,17.906009674072266,18.171476364135742,5611465
2010-02-17,18.296403884887695,18.546253204345703,18.26517105102539,18.37968635559082,5468725
2010-02-18,18.306814193725586,18.478586196899414,18.259965896606445,18.43694496154785,4584615
2010-02-19,18.410917282104492,18.681591033935547,18.317224502563477,18.535844802856445,4518720
2010-02-22,18.520227432250977,18.759668350219727,18.462970733642578,18.468175888061523,4895264
2010-02-23,18.39009666442871,18.567075729370117,18.1975040435791,18.306814193725586,6530348
2010-02-24,18.37968635559082,18.457765579223633,18.270376205444336,18.35886573791504,4271084
2010-02-25,18.24435043334961,18.60871696472168,17.859163284301758,18.582691192626953,8461673
2010-02-26,18.525434494018555,18.842952728271484,18.431739807128906,18.77008056640625,6987388
2010-03-01,18.832542419433594,19.285398483276367,18.832542419433594,19.12403678894043,7228683
2010-03-02,19.22293472290039,19.43114471435547,19.181293487548828,19.248960494995117,7764298
2010-03-03,19.264577865600586,19.33745002746582,19.071983337402344,19.129241943359375,9334832
2010-03-04,19.092803955078125,19.10841941833496,18.86897850036621,19.051162719726562,8197708
2010-03-05,19.25937271118164,19.602916717529297,19.22293472290039,19.524839401245117,6749166
2010-03-08,19.602916717529297,19.618532180786133,19.290603637695312,19.415529251098633,6528235
2010-03-09,19.410324096679688,19.644559860229492,19.34786033630371,19.61332893371582,5409746
2010-03-10,19.561275482177734,19.779895782470703,19.254165649414062,19.618532180786133,5365367
2010-03-11,19.644559860229492,19.790306091308594,19.524839401245117,19.753868103027344,6837539
2010-03-12,19.80592155456543,19.962078094482422,19.524839401245117,19.602916717529297,7127055
2010-03-15,19.59771156311035,19.59771156311035,19.25937271118164,19.446760177612305,7296115
2010-03-16,19.540454864501953,19.602916717529297,19.25937271118164,19.389503479003906,8877408
2010-03-17,19.425939559936523,19.59771156311035,19.08759880065918,19.1552677154541,9399190
2010-03-18,19.19170379638672,19.332244873046875,18.97308349609375,19.30621910095215,10016838
2010-03-19,19.150062561035156,19.384296417236328,18.95226287841797,19.150062561035156,8575981
2010-03-22,19.07718849182129,19.415529251098633,18.96267318725586,19.373886108398438,7501101
2010-03-23,19.342655181884766,19.467580795288086,19.274986267089844,19.436349868774414,4773463
2010-03-24,19.368682861328125,19.405118942260742,19.170883178710938,19.332244873046875,5941134
2010-03-25,19.50922393798828,19.519634246826172,19.12403678894043,19.139650344848633,6428912
2010-03-26,19.22293472290039,19.33745002746582,19.025136947631836,19.186498641967773,4282995
2010-03-29,19.31662940979004,19.561275482177734,19.301013946533203,19.467580795288086,6738792
2010-03-30,19.47278594970703,19.98810577392578,19.44155502319336,19.8944091796875,13123902
2010-03-31,19.94125747680664,19.977693557739258,19.764280319213867,19.91002655029297,7300726
2010-04-01,19.92043685913086,20.196313858032227,19.92043685913086,20.175493240356445,9280848
2010-04-05,20.175493240356445,20.62314224243164,20.102619171142578,20.42013931274414,9304670
2010-04-06,20.331649780273438,20.58150291442871,20.331649780273438,20.508628845214844,7434054
2010-04-07,20.42013931274414,20.482601165771484,20.3160343170166,20.414934158325195,8461481
2010-04-08,20.331649780273438,20.565885543823242,20.206724166870117,20.52424430847168,5430302
2010-04-09,20.560680389404297,20.711631774902344,20.472192764282227,20.685606002807617,4895840
2010-04-12,20.696016311645508,20.737659454345703,20.529449462890625,20.529449462890625,4590955
2010-04-13,20.456575393676758,20.737659454345703,20.373292922973633,20.586706161499023,7173931
2010-04-14,20.75327491760254,21.060382843017578,20.607528686523438,20.78450584411621,11566623
2010-04-15,20.65958023071289,21.008331298828125,20.65958023071289,20.83135223388672,7898394
2010-04-16,20.75327491760254,20.883405685424805,20.48780632019043,20.779300689697266,8931392
2010-04-19,20.66999053955078,20.732452392578125,20.482601165771484,20.722042083740234,9443569
2010-04-20,20.810531616210938,20.83135223388672,20.565885543823242,20.737659454345703,9045700
2010-04-21,20.685606002807617,20.883405685424805,20.65958023071289,20.86779022216797,6608923
2010-04-22,20.7064266204834,21.02394676208496,20.617937088012695,21.008331298828125,8431895
2010-04-23,20.9823055267334,21.107229232788086,20.872995376586914,21.10202407836914,7560657
2010-04-26,21.13846206665039,21.13846206665039,20.90943145751953,21.029151916503906,14186486
2010-04-27,20.586706161499023,20.94586753845215,20.560680389404297,20.586706161499023,15802167
2010-04-28,20.612733840942383,20.84176254272461,20.53465461730957,20.59191131591797,14086202
2010-04-29,20.711631774902344,20.737659454345703,20.300418853759766,20.378496170043945,17513136
2010-04-30,20.336854934692383,20.5034236907959,20.081798553466797,20.19110870361328,9862378
2010-05-03,20.326444625854492,20.435754776000977,20.097415924072266,20.336854934692383,10919198
2010-05-04,20.13385009765625,20.378496170043945,19.936052322387695,20.19110870361328,12994225
2010-05-05,20.0245418548584,20.373292922973633,19.889205932617188,20.029747009277344,15032173
2010-05-06,19.925642013549805,20.290008544921875,17.69780158996582,19.44155502319336,17332741
2010-05-07,19.467580795288086,19.514427185058594,18.66597557067871,19.082393646240234,19668466
2010-05-10,19.904821395874023,19.95166778564453,19.493606567382812,19.660175323486328,14516730
2010-05-11,19.44155502319336,20.1702880859375,19.44155502319336,19.946462631225586,17857789
2010-05-12,20.11302947998047,20.820941925048828,20.029747009277344,20.815736770629883,17627444
2010-05-13,20.680400848388672,20.857379913330078,20.378496170043945,20.414934158325195,18715195
2010-05-14,20.165082931518555,20.425344467163086,19.8944091796875,20.029747009277344,11152425
2010-05-17,20.05577278137207,20.253572463989258,19.608123779296875,19.842357635498047,10919967
2010-05-18,20.029747009277344,20.38890838623047,19.774690628051758,19.847562789916992,17085874
2010-05-19,19.71222686767578,19.8371524810791,19.368682861328125,19.608123779296875,13911954
2010-05-20,19.243755340576172,19.311424255371094,18.733642578125,18.738847732543945,15829447
2010-05-21,18.535844802856445,19.1552677154541,18.509817123413086,19.10841941833496,15986404
2010-05-24,19.0667781829834,19.301013946533203,18.47338104248047,18.926237106323242,11923187
2010-05-25,18.613922119140625,18.692001342773438,18.29119873046875,18.60871696472168,17911389
2010-05-26,18.74925994873047,19.07718849182129,18.509817123413086,18.525434494018555,18122331
2010-05-27,18.79090118408203,19.103214263916016,18.733642578125,19.103214263916016,9128693
2010-05-28,19.103214263916016,19.1552677154541,18.738847732543945,18.83774757385254,13467786
2010-06-01,18.75446319580078,19.0667781829834,18.650358200073242,18.655563354492188,8405767
2010-06-02,18.733642578125,18.96267318725586,18.650358200073242,18.96267318725586,14541321
2010-06-03,19.10841941833496,19.25937271118164,18.936647415161133,19.186498641967773,8825729
2010-06-04,18.806516647338867,18.97308349609375,18.49420166015625,18.593101501464844,11326288
2010-06-07,18.567075729370117,18.66597557067871,18.2547607421875,18.322429656982422,14618743
2010-06-08,18.24435043334961,18.535844802856445,18.11942481994629,18.218324661254883,15733966
2010-06-09,18.374481201171875,18.593101501464844,18.213119506835938,18.317224502563477,11066550
2010-06-10,18.738847732543945,19.040752410888672,18.546253204345703,19.009519577026367,10631411
2010-06-11,18.775285720825195,19.207319259643555,18.775285720825195,19.176088333129883,10930917
2010-06-14,19.233346939086914,19.571685791015625,19.14485740661621,19.176088333129883,12260348
2010-06-15,19.31662940979004,19.70181655883789,19.280193328857422,19.696611404418945,8320084
2010-06-16,19.514427185058594,19.8371524810791,19.514427185058594,19.769485473632812,6737447
2010-06-17,19.753868103027344,20.019336700439453,19.6341495513916,19.967283248901367,11593904
2010-06-18,20.029747009277344,20.201519012451172,19.904821395874023,20.201519012451172,11010837
2010-06-21,20.331649780273438,20.394113540649414,20.060977935791016,20.243160247802734,9642215
2010-06-22,20.310829162597656,20.39931869506836,19.842357635498047,19.8944091796875,11496310
2010-06-23,19.91002655029297,19.972488403320312,19.59771156311035,19.707021713256836,11333012
2010-06-24,19.582096099853516,19.696611404418945,18.879390716552734,19.11882972717285,21639174
2010-06-25,19.2697811126709,19.467580795288086,18.931442260742188,19.31662940979004,63036532
2010-06-28,19.301013946533203,19.353065490722656,18.921031951904297,19.134445190429688,8231712
2010-06-29,18.921031951904297,18.988698959350586,18.36927604675293,18.478586196899414,10720360
2010-06-30,18.43694496154785,18.639949798583984,18.280786514282227,18.338045120239258,9083354
2010-07-01,18.285993576049805,18.405712127685547,17.817520141601562,18.093399047851562,11380657
2010-07-02,18.16106605529785,18.29119873046875,17.859163284301758,17.9216251373291,7660364
2010-07-06,18.056961059570312,18.624332427978516,18.010114669799805,18.561870574951172,17815524
2010-07-07,18.74405288696289,19.228139877319336,18.634742736816406,19.207319259643555,15880741
2010-07-08,19.2697811126709,19.3582706451416,19.051162719726562,19.19170379638672,12570228
2010-07-09,19.12403678894043,19.160472869873047,18.832542419433594,19.035547256469727,11716088
2010-07-12,19.035547256469727,19.113624572753906,18.738847732543945,19.03034019470215,8687215
2010-07-13,19.16567611694336,19.524839401245117,19.16567611694336,19.420734405517578,5966493
2010-07-14,19.31662940979004,19.389503479003906,18.931442260742188,18.999109268188477,13837414
2010-07-15,18.967878341674805,19.2125244140625,18.801311492919922,19.176088333129883,8556385
2010-07-16,18.999109268188477,19.103214263916016,18.707616806030273,18.71282196044922,7218309
2010-07-19,18.718027114868164,18.79090118408203,18.41612434387207,18.59830665588379,10331137
2010-07-20,18.353660583496094,18.6763858795166,18.17668342590332,18.62953758239746,15980064
2010-07-21,18.77008056640625,18.78049087524414,18.447355270385742,18.692001342773438,13429555
2010-07-22,18.88459587097168,19.113624572753906,18.85856819152832,19.004314422607422,5793590
2010-07-23,19.071983337402344,19.353065490722656,18.85856819152832,19.321834564208984,6652341
2010-07-26,19.321834564208984,19.44155502319336,19.254165649414062,19.3582706451416,7394670
2010-07-27,19.45196533203125,19.504018783569336,19.051162719726562,19.139650344848633,10665992
2010-07-28,19.025136947631836,19.160472869873047,18.900209426879883,19.040752410888672,7986382
2010-07-29,18.66597557067871,19.31662940979004,18.61912727355957,19.243755340576172,10538428
2010-07-30,19.0667781829834,19.982898712158203,19.025136947631836,19.925642013549805,11842884
2010-08-02,20.050567626953125,20.1702880859375,19.94125747680664,20.0245418548584,6455616
2010-08-03,19.857973098754883,20.06618309020996,19.80592155456543,20.040157318115234,4585191
2010-08-04,20.04536247253418,20.139057159423828,19.925642013549805,19.977693557739258,8719682
2010-08-05,19.936052322387695,20.03495216369629,19.75907325744629,19.91002655029297,6743211
2010-08-06,19.639354705810547,19.82674217224121,19.446760177612305,19.61332893371582,10994699
2010-08-09,19.654970169067383,19.92043685913086,19.608123779296875,19.904821395874023,6650419
2010-08-10,19.69140625,19.733047485351562,19.39470863342285,19.55607032775879,6110578
2010-08-11,19.30621910095215,19.540454864501953,19.160472869873047,19.22293472290039,10109629
2010-08-12,18.900209426879883,19.139650344848633,18.832542419433594,19.035547256469727,5685045
2010-08-13,18.941852569580078,19.11882972717285,18.90541648864746,18.988698959350586,10329792
2010-08-16,18.910621643066406,19.207319259643555,18.75446319580078,19.181293487548828,5854874
2010-08-17,19.2697811126709,19.61332893371582,19.19170379638672,19.415529251098633,6308456
2010-08-18,19.436349868774414,19.608123779296875,19.274986267089844,19.504018783569336,5157692
2010-08-19,19.368682861328125,19.50922393798828,19.071983337402344,19.12403678894043,5765733
2010-08-20,20.097415924072266,20.28480339050293,19.863178253173828,20.144262313842773,38417089
2010-08-23,20.232751846313477,20.326444625854492,20.060977935791016,20.243160247802734,17169444
2010-08-24,19.993310928344727,20.154672622680664,19.800716400146484,20.040157318115234,17196724
2010-08-25,19.92043685913086,20.087003707885742,19.85276985168457,19.98810577392578,28535116
2010-08-26,20.008926391601562,20.008926391601562,19.61332893371582,19.936052322387695,209199945
2010-08-27,19.904821395874023,20.06618309020996,19.743459701538086,20.040157318115234,33713364
2010-08-30,20.008926391601562,20.087003707885742,19.618532180786133,19.639354705810547,16127608
2010-08-31,19.57689094543457,19.78510093688965,19.2697811126709,19.405118942260742,17417848
2010-09-01,19.70181655883789,20.040157318115234,19.686201095581055,19.962078094482422,15922046
2010-09-02,19.936052322387695,20.123441696166992,19.8944091796875,20.092208862304688,8570986
2010-09-03,20.253572463989258,20.43054962158203,20.15987777709961,20.19110870361328,9863723
2010-09-07,20.092208862304688,20.28480339050293,20.019336700439453,20.217134475708008,10824486
2010-09-08,20.196313858032227,20.690811157226562,20.196313858032227,20.602323532104492,14525183
2010-09-09,20.758480072021484,20.805326461791992,20.550270080566406,20.711631774902344,7878990
2010-09-10,20.7064266204834,20.846969604492188,20.664785385131836,20.680400848388672,6427759
2010-09-13,20.815736770629883,20.83135223388672,20.42013931274414,20.53465461730957,10196272
2010-09-14,20.586706161499023,20.711631774902344,20.38890838623047,20.597116470336914,8053430
2010-09-15,19.790306091308594,20.35247039794922,19.790306091308594,20.300418853759766,11455966
2010-09-16,20.29521369934082,20.39931869506836,20.206724166870117,20.29521369934082,6138243
2010-09-17,20.461780548095703,20.529449462890625,20.22754669189453,20.519039154052734,12548712
2010-09-20,20.586706161499023,20.66999053955078,20.394113540649414,20.52424430847168,9920973
2010-09-21,20.565885543823242,20.649169921875,20.211929321289062,20.378496170043945,10225282
2010-09-22,20.373292922973633,20.48780632019043,20.165082931518555,20.357675552368164,6510944
2010-09-23,20.118236541748047,20.258777618408203,19.87359046936035,19.93084716796875,6314796
2010-09-24,20.081798553466797,20.310829162597656,20.019336700439453,20.06618309020996,8757144
2010-09-27,19.85276985168457,19.99851417541504,19.602916717529297,19.623737335205078,10648317
2010-09-28,19.618532180786133,19.811126708984375,19.425939559936523,19.514427185058594,36104994
2010-09-29,19.43114471435547,19.530044555664062,19.274986267089844,19.332244873046875,13367118
2010-09-30,19.457170486450195,19.561275482177734,18.931442260742188,19.11882972717285,15644825
2010-10-01,19.196908950805664,19.514427185058594,19.150062561035156,19.43114471435547,10097334
2010-10-04,19.384296417236328,19.457170486450195,18.88459587097168,18.947057723999023,12305303
2010-10-05,19.014726638793945,19.665380477905273,19.004314422607422,19.59771156311035,12585982
2010-10-06,19.561275482177734,19.727842330932617,19.493606567382812,19.519634246826172,11701872
2010-10-07,19.535249710083008,19.582096099853516,19.134445190429688,19.342655181884766,12812292
2010-10-08,19.32703971862793,19.530044555664062,19.2125244140625,19.45196533203125,10466385
2010-10-11,19.373886108398438,19.488401412963867,19.248960494995117,19.410324096679688,8913525
2010-10-12,19.399913787841797,19.540454864501953,19.22293472290039,19.410324096679688,11005842
2010-10-13,19.3582706451416,19.707021713256836,19.071983337402344,19.59771156311035,14677914
2010-10-14,19.56648063659668,19.74866485595703,19.44155502319336,19.74866485595703,9645289
2010-10-15,19.878795623779297,19.925642013549805,19.6341495513916,19.769485473632812,9409757
2010-10-18,19.727842330932617,19.80592155456543,19.592506408691406,19.71222686767578,4762705
2010-10-19,19.504018783569336,19.6341495513916,19.353065490722656,19.45196533203125,12542564
2010-10-20,19.457170486450195,19.831947326660156,19.45196533203125,19.769485473632812,5343274
2010-10-21,19.847562789916992,20.107824325561523,19.769485473632812,20.003719329833984,6233724
2010-10-22,19.98810577392578,20.128646850585938,19.863178253173828,20.060977935791016,5355761
2010-10-25,20.14946746826172,20.321239471435547,20.05577278137207,20.217134475708008,8176767
2010-10-26,20.13385009765625,20.206724166870117,19.92043685913086,20.03495216369629,6519782
2010-10-27,19.764280319213867,19.842357635498047,19.582096099853516,19.764280319213867,4774424
2010-10-28,19.8371524810791,19.962078094482422,19.70181655883789,19.936052322387695,4802664
2010-10-29,19.87359046936035,19.993310928344727,19.779895782470703,19.925642013549805,6448123
2010-11-01,20.029747009277344,20.22754669189453,19.707021713256836,19.80592155456543,6353411
2010-11-02,19.962078094482422,20.232751846313477,19.962078094482422,20.196313858032227,5206489
2010-11-03,20.253572463989258,20.336854934692383,19.92043685913086,20.253572463989258,4134683
2010-11-04,20.461780548095703,20.539859771728516,20.258777618408203,20.493013381958008,6466758
2010-11-05,20.493013381958008,20.508628845214844,20.15987777709961,20.243160247802734,9098339
2010-11-08,20.128646850585938,20.378496170043945,20.050567626953125,20.357675552368164,7293042
2010-11-09,20.768890380859375,20.925046920776367,20.06618309020996,20.451370239257812,17029008
2010-11-10,20.451370239257812,20.52424430847168,20.19110870361328,20.29521369934082,6861169
2010-11-11,20.154672622680664,20.23795509338379,19.915231704711914,19.982898712158203,6498457
2010-11-12,19.842357635498047,19.982898712158203,19.56648063659668,19.660175323486328,7098430
2010-11-15,19.70181655883789,19.81633186340332,19.488401412963867,19.59771156311035,8485495
2010-11-16,19.389503479003906,19.696611404418945,19.34786033630371,19.405118942260742,12554091
2010-11-17,19.415529251098633,19.535249710083008,19.353065490722656,19.44155502319336,7126671
2010-11-18,19.649763107299805,19.774690628051758,19.550865173339844,19.717432022094727,7908384
2010-11-19,19.660175323486328,19.75907325744629,19.43114471435547,19.753868103027344,7294771
2010-11-22,19.58730125427246,19.81633186340332,19.446760177612305,19.80592155456543,7189684
2010-11-23,19.592506408691406,19.602916717529297,19.332244873046875,19.483196258544922,7586400
2010-11-24,19.47278594970703,19.75907325744629,19.47278594970703,19.717432022094727,8398083
2010-11-26,19.524839401245117,19.80592155456543,19.504018783569336,19.722637176513672,3398117
2010-11-29,19.59771156311035,19.686201095581055,19.32703971862793,19.6341495513916,5817028
2010-11-30,19.379091262817383,19.800716400146484,19.31662940979004,19.722637176513672,11175095
2010-12-01,19.982898712158203,20.40972900390625,19.93084716796875,20.28480339050293,15685361
2010-12-02,20.342060089111328,21.237361907958984,20.336854934692383,21.1853084564209,14891161
2010-12-03,21.075998306274414,21.466392517089844,21.075998306274414,21.43515968322754,10108668
2010-12-06,21.226951599121094,21.429954528808594,21.21653938293457,21.294618606567383,8187141
2010-12-07,21.445571899414062,21.54967498779297,21.20612907409668,21.211334228515625,11313801
2010-12-08,21.268592834472656,21.37790298461914,21.086408615112305,21.237361907958984,7891478
2010-12-09,21.341466903686523,21.409133911132812,21.19571876525879,21.26338768005371,6921493
2010-12-10,21.268592834472656,21.508033752441406,21.26338768005371,21.429954528808594,7350292
2010-12-13,21.565290451049805,21.69542121887207,21.38831329345703,21.450775146484375,9197662
2010-12-14,21.50282859802246,21.997325897216797,21.497623443603516,21.919246673583984,11581800
2010-12-15,21.90363121032715,22.20033073425293,21.773500442504883,21.794321060180664,9509656
2010-12-16,21.8099365234375,22.023351669311523,21.70583152770996,22.023351669311523,6291934
2010-12-17,21.929658889770508,22.012941360473633,21.700626373291016,21.73185920715332,10503463
2010-12-20,21.882810592651367,21.940067291259766,21.632959365844727,21.872400283813477,4911977
2010-12-21,21.976505279541016,22.075403213500977,21.648574829101562,21.6641902923584,6350721
2010-12-22,21.716243743896484,21.815141677856445,21.539264678955078,21.60693359375,4621885
2010-12-23,21.528854370117188,21.700626373291016,21.482006072998047,21.59652328491211,3227327
2010-12-27,21.54967498779297,21.74226951599121,21.539264678955078,21.73185920715332,2901886
2010-12-28,21.783910751342773,21.83075714111328,21.716243743896484,21.783910751342773,4185209
2010-12-29,21.763090133666992,21.86719512939453,21.74226951599121,21.74226951599121,3143181
2010-12-30,21.69542121887207,21.8099365234375,21.56008529663086,21.580907821655273,3205619
2010-12-31,21.59131622314453,21.643369674682617,21.49241828918457,21.57049560546875,4154471
2011-01-03,21.690216064453125,22.018146514892578,21.62775421142578,21.940067291259766,5977443
2011-01-04,22.012941360473633,22.252382278442383,21.91404151916504,22.247177124023438,7421374
2011-01-05,22.137866973876953,22.43977165222168,22.10663604736328,22.26799774169922,5566511
2011-01-06,22.283613204956055,22.366897583007812,22.127456665039062,22.247177124023438,4105482
2011-01-07,22.684417724609375,22.89262580871582,22.210739135742188,22.450180053710938,9682943
2011-01-10,22.294023513793945,22.627159118652344,22.26799774169922,22.42415428161621,5661415
2011-01-11,22.50743865966797,22.63236427307129,22.372102737426758,22.486618041992188,6788357
2011-01-12,22.647979736328125,23.03316879272461,22.616748809814453,22.840574264526367,9198431
2011-01-13,22.877010345458984,23.439176559448242,22.856189727783203,23.397533416748047,13615138
2011-01-14,23.319454193115234,23.616153717041016,23.173709869384766,23.548486709594727,8170812
2011-01-18,23.491228103637695,23.558895111083984,23.251787185668945,23.480817794799805,6037383
2011-01-19,23.480817794799805,23.564102172851562,22.970705032348633,23.095630645751953,6553210
2011-01-20,22.67400550842285,23.173709869384766,22.533464431762695,22.897830963134766,8734091
2011-01-21,23.090425491333008,23.319454193115234,22.86139488220215,23.126861572265625,7602730
2011-01-24,23.090425491333008,23.309045791625977,22.877010345458984,23.288223266601562,8264179
2011-01-25,23.262197494506836,23.42876434326172,23.059194564819336,23.277814865112305,8036140
2011-01-26,23.262197494506836,23.470407485961914,23.163297653198242,23.230966567993164,9278158
2011-01-27,23.42876434326172,23.569307327270508,23.095630645751953,23.288223266601562,13378645
2011-01-28,23.423559188842773,23.532869338989258,23.095630645751953,23.26740264892578,14629117
2011-01-31,23.376712799072266,23.454792022705078,23.277814865112305,23.335071563720703,14889624
2011-02-01,23.548486709594727,23.756694793701172,23.387123107910156,23.699438095092773,11004881
2011-02-02,23.636974334716797,24.006547927856445,23.5797176361084,23.892030715942383,8744465
2011-02-03,23.808748245239258,24.037778854370117,23.7254638671875,23.881620407104492,8121246
2011-02-04,23.855594635009766,24.011751174926758,23.787927627563477,24.011751174926758,5780334
2011-02-07,23.980520248413086,24.235576629638672,23.970109939575195,24.152292251586914,5359988
2011-02-08,24.18352508544922,24.344886779785156,24.152292251586914,24.344886779785156,4216908
2011-02-09,24.230371475219727,24.272014617919922,23.95449447631836,24.10024070739746,5123687
2011-02-10,24.037778854370117,24.19393539428711,23.902442932128906,24.105445861816406,6624292
2011-02-11,24.037778854370117,24.162704467773438,23.912851333618164,24.095035552978516,7667280
2011-02-14,23.970109939575195,24.136676788330078,23.538074493408203,23.54328155517578,9506198
2011-02-15,23.517253875732422,23.683822631835938,23.444381713867188,23.5797176361084,8468205
2011-02-16,23.642179489135742,24.032573699951172,23.642179489135742,23.892030715942383,9480070
2011-02-17,23.7827205657959,24.381324768066406,23.7827205657959,24.355297088623047,8316434
2011-02-18,24.407350540161133,24.63637924194336,24.355297088623047,24.63637924194336,7361050
2011-02-22,24.22516632080078,24.605148315429688,23.928468704223633,24.027368545532227,7232910
2011-02-23,23.881620407104492,23.881620407104492,23.215351104736328,23.241376876831055,8695092
2011-02-24,23.184118270874023,23.41835594177246,23.080015182495117,23.26740264892578,9361920
2011-02-25,23.413150787353516,23.512048721313477,23.204940795898438,23.288223266601562,8036908
2011-02-28,23.40794563293457,23.683822631835938,23.345481872558594,23.60053825378418,6290397
2011-03-01,23.709848403930664,23.772310256958008,23.199735641479492,23.199735641479492,7180078
2011-03-02,23.12165641784668,23.584922790527344,23.12165641784668,23.335071563720703,5491010
2011-03-03,23.62135887145996,24.07942008972168,23.595333099365234,24.048187255859375,5027630
2011-03-04,23.980520248413086,24.011751174926758,23.366302490234375,23.558895111083984,6500570
2011-03-07,23.642179489135742,23.94408416748047,23.355892181396484,23.470407485961914,6269073
2011-03-08,23.595333099365234,23.689027786254883,23.345481872558594,23.548486709594727,5855835
2011-03-09,23.54328155517578,23.62135887145996,23.34027671813965,23.470407485961914,6482704
2011-03-10,23.277814865112305,23.35068702697754,22.98632049560547,23.048782348632812,5618574
2011-03-11,23.001935958862305,23.5797176361084,22.939472198486328,23.439176559448242,5855258
2011-03-14,23.251787185668945,23.277814865112305,22.92906379699707,23.16850471496582,5276418
2011-03-15,22.595928192138672,23.126861572265625,22.413745880126953,22.955089569091797,7012555
2011-03-16,22.845779418945312,23.116451263427734,22.330461502075195,22.523054122924805,8349670
2011-03-17,22.86139488220215,23.173709869384766,22.68962287902832,22.87180519104004,5496197
2011-03-18,23.204940795898438,23.272607803344727,22.78852081298828,22.850984573364258,9658545
2011-03-21,23.230966567993164,23.48602294921875,23.085220336914062,23.387123107910156,5927686
2011-03-22,23.413150787353516,23.433971405029297,23.069604873657227,23.12165641784668,4569438
2011-03-23,23.080015182495117,23.173709869384766,22.668800354003906,22.975910186767578,7531648
2011-03-24,23.137271881103516,23.309045791625977,23.03316879272461,23.309045791625977,6692492
2011-03-25,23.314250946044922,23.470407485961914,23.163297653198242,23.314250946044922,4885466
2011-03-28,23.329866409301758,23.355892181396484,23.137271881103516,23.137271881103516,5581880
2011-03-29,23.095630645751953,23.34027671813965,23.043577194213867,23.288223266601562,5875238
2011-03-30,23.423559188842773,23.444381713867188,23.173709869384766,23.366302490234375,6657912
2011-03-31,23.355892181396484,23.444381713867188,23.24658203125,23.30384063720703,7438280
2011-04-01,23.423559188842773,23.663000106811523,23.3923282623291,23.553691864013672,9733853
2011-04-04,23.62135887145996,24.095035552978516,23.49643325805664,24.032573699951172,16099367
2011-04-05,24.136676788330078,25.120466232299805,24.11065101623535,24.542686462402344,25239395
2011-04-06,24.79774284362793,24.849794387817383,24.46460723876953,24.594738006591797,9370757
2011-04-07,24.719663619995117,24.802947998046875,24.480222702026367,24.527069091796875,8166777
2011-04-08,24.620763778686523,24.79774284362793,24.44378662109375,24.542686462402344,6907853
2011-04-11,25.552501678466797,25.896047592163086,25.016361236572266,25.359907150268555,32968537
2011-04-12,25.354703903198242,27.785547256469727,25.10485076904297,27.238998413085938,63242094
2011-04-13,26.48423957824707,27.32748794555664,25.76591682434082,27.072429656982422,77008618
2011-04-14,26.400955200195312,27.332691192626953,26.34890365600586,27.035993576049805,19725140
2011-04-15,27.067224502563477,27.228586196899414,26.806962966918945,26.911067962646484,19791035
2011-04-18,26.525880813598633,26.885042190551758,26.2656192779541,26.728885650634766,15575856
2011-04-19,26.713268280029297,26.911067962646484,26.546701431274414,26.567522048950195,9946908
2011-04-20,26.786142349243164,26.963119506835938,25.18292999267578,25.484834671020508,37958704
2011-04-21,25.63058090209961,25.791942596435547,25.51606559753418,25.568117141723633,9247612
2011-04-25,25.609758377075195,25.729480743408203,25.328676223754883,25.3651123046875,6481935
2011-04-26,25.510860443115234,25.635784149169922,25.474422454833984,25.59414291381836,8068799
2011-04-27,25.578527450561523,25.646196365356445,25.28703498840332,25.437986373901367,12142390
2011-04-28,25.339086532592773,25.339086532592773,24.678022384643555,25.198545455932617,15491326
2011-04-29,25.281829833984375,25.484834671020508,25.130876541137695,25.370317459106445,6531885
2011-05-02,25.406755447387695,25.672222137451172,25.292240142822266,25.40155029296875,7207359
2011-05-03,25.22977638244629,25.58373260498047,25.18292999267578,25.333881378173828,6919764
2011-05-04,25.432781219482422,25.62017059326172,25.28703498840332,25.339086532592773,9234356
2011-05-05,25.323471069335938,25.760711669921875,25.271419525146484,25.417165756225586,7067884
2011-05-06,25.6409912109375,25.65140151977539,25.17251968383789,25.38072967529297,6296929
2011-05-09,25.333881378173828,25.99494743347168,25.26621437072754,25.885637283325195,8414989
2011-05-10,25.922073364257812,26.255207061767578,25.885637283325195,26.192745208740234,7218117
2011-05-11,26.250003814697266,26.411365509033203,25.812763214111328,25.864816665649414,9214184
2011-05-12,25.817968368530273,25.906457901000977,25.510860443115234,25.76591682434082,5679666
2011-05-13,26.963119506835938,26.963119506835938,25.984535217285156,26.432186126708984,21414593
2011-05-16,26.088640213012695,26.36972427368164,26.000152587890625,26.114667892456055,6680197
2011-05-17,26.114667892456055,26.151103973388672,25.65140151977539,25.745094299316406,8027687
2011-05-18,25.807558059692383,26.30205535888672,25.62017059326172,25.95850944519043,7705703
2011-05-19,26.22918128967285,26.22918128967285,25.875225067138672,26.01576805114746,4893919
2011-05-20,25.942893981933594,25.984535217285156,25.59414291381836,25.63058090209961,5501960
2011-05-23,25.437986373901367,25.510860443115234,25.162109375,25.18292999267578,4282611
2011-05-24,25.188135147094727,25.323471069335938,25.016361236572266,25.042388916015625,4950400
2011-05-25,24.938283920288086,25.14128875732422,24.839384078979492,24.959104537963867,7091898
2011-05-26,24.927873611450195,25.214160919189453,24.776920318603516,25.110057830810547,6442552
2011-05-27,25.193340301513672,25.521270751953125,25.193340301513672,25.313060760498047,6211438
2011-05-31,25.510860443115234,25.70865821838379,25.370317459106445,25.687837600708008,5564205
2011-06-01,25.490039825439453,25.495243072509766,24.594738006591797,24.599943161010742,10510571
2011-06-02,24.6259708404541,25.29744529724121,24.480222702026367,25.042388916015625,9722903
2011-06-03,24.792537689208984,24.93307876586914,24.485427856445312,24.485427856445312,5303122
2011-06-06,24.344886779785156,24.6259708404541,24.235576629638672,24.46460723876953,9555187
2011-06-07,24.573917388916016,25.167314529418945,24.5374813079834,24.657201766967773,7930861
2011-06-08,24.573917388916016,24.766511917114258,24.469812393188477,24.605148315429688,6652533
2011-06-09,24.88623046875,24.88623046875,24.344886779785156,24.370912551879883,7827119
2011-06-10,24.277219772338867,24.417760848999023,24.08983039855957,24.19393539428711,8314129
2011-06-13,24.240781784057617,24.412555694580078,24.199140548706055,24.287628173828125,4546384
2011-06-14,24.485427856445312,24.896642684936523,24.480222702026367,24.78733253479004,5174021
2011-06-15,24.54789161682129,24.641584396362305,24.188730239868164,24.2616024017334,5950355
2011-06-16,24.230371475219727,24.417760848999023,23.85038948059082,24.162704467773438,7216196
2011-06-17,24.391733169555664,24.475017547607422,24.167909622192383,24.199140548706055,7211201
2011-06-20,24.14708709716797,24.542686462402344,24.048187255859375,24.469812393188477,4505848
2011-06-21,24.6259708404541,24.813358306884766,24.542686462402344,24.745689392089844,5151352
2011-06-22,24.599943161010742,24.891437530517578,24.3500919342041,24.521865844726562,5150968
2011-06-23,24.126266479492188,24.370912551879883,23.866004943847656,24.32927131652832,8239589
2011-06-24,24.360502243041992,24.516660690307617,24.0585994720459,24.2616024017334,8493179
2011-06-27,24.313655853271484,24.67281723022461,24.245986938476562,24.584327697753906,6080032
2011-06-28,24.714458465576172,25.385934829711914,24.70404815673828,25.313060760498047,8498943
2011-06-29,25.328676223754883,25.53688621520996,25.28703498840332,25.46921730041504,8622088
2011-06-30,25.510860443115234,25.82317352294922,25.495243072509766,25.729480743408203,6059476
2011-07-01,25.87002182006836,25.875225067138672,25.703453063964844,25.807558059692383,10084462
2011-07-05,25.76591682434082,25.97933006286621,25.682632446289062,25.864816665649414,5999728
2011-07-06,25.77632713317871,26.020973205566406,25.656606674194336,25.87002182006836,6661370
2011-07-07,25.99494743347168,26.33328628540039,25.849199295043945,26.07302474975586,8197900
2011-07-08,25.87002182006836,25.932483673095703,25.66181182861328,25.89084243774414,5206104
2011-07-11,25.578527450561523,25.599348068237305,25.3078556060791,25.46921730041504,4459164
2011-07-12,25.40155029296875,25.443191528320312,25.18292999267578,25.318265914916992,5160958
2011-07-13,25.417165756225586,25.437986373901367,25.078824996948242,25.151697158813477,7581981
2011-07-14,25.214160919189453,25.375524520874023,24.91225814819336,25.005952835083008,5479675
2011-07-15,25.063209533691406,25.063209533691406,24.709253311157227,24.719663619995117,8774819
2011-07-18,24.735279083251953,24.735279083251953,24.245986938476562,24.381324768066406,6616607
2011-07-19,24.58953285217285,24.8289737701416,24.485427856445312,24.70404815673828,5564782
2011-07-20,24.78733253479004,24.849794387817383,24.610353469848633,24.688432693481445,3206963
2011-07-21,24.77171516418457,24.917463302612305,24.553096771240234,24.724868774414062,7679383
2011-07-22,24.667612075805664,24.745689392089844,24.459402084350586,24.66240692138672,4477799
2011-07-25,24.49063491821289,24.88623046875,24.44378662109375,24.698843002319336,5444710
2011-07-26,24.69363784790039,24.69363784790039,24.188730239868164,24.272014617919922,6223349
2011-07-27,24.131471633911133,24.131471633911133,23.26740264892578,23.288223266601562,10666952
2011-07-28,23.689027786254883,23.90764617919922,23.00714111328125,23.30384063720703,12556972
2011-07-29,23.13206672668457,23.38191795349121,22.850984573364258,23.053987503051758,8681067
2011-08-01,23.288223266601562,23.309045791625977,22.720853805541992,23.137271881103516,7286894
2011-08-02,22.897830963134766,23.106040954589844,22.22115135192871,22.241971969604492,9568443
2011-08-03,22.288818359375,22.798931121826172,21.966093063354492,22.77811050415039,11420809
2011-08-04,22.444976806640625,22.47100257873535,21.653779983520508,21.6641902923584,13495451
2011-08-05,21.908836364746094,22.012941360473633,21.049972534179688,21.539264678955078,10937257
2011-08-08,21.039562225341797,21.174898147583008,19.639354705810547,19.68099594116211,17716201
2011-08-09,20.092208862304688,20.86779022216797,19.46237564086914,20.820941925048828,18652182
2011-08-10,20.435754776000977,21.08120346069336,19.764280319213867,19.842357635498047,16782334
2011-08-11,20.019336700439453,21.47159767150879,19.779895782470703,21.133256912231445,12206364
2011-08-12,21.393518447875977,21.403928756713867,20.94586753845215,21.122846603393555,9486794
2011-08-15,21.59131622314453,21.908836364746094,21.341466903686523,21.554880142211914,10746488
2011-08-16,21.32064437866211,21.74226951599121,21.226951599121094,21.528854370117188,8651097
2011-08-17,21.783910751342773,22.023351669311523,21.544469833374023,21.669395446777344,16729118
2011-08-18,20.9823055267334,21.060382843017578,19.811126708984375,20.139057159423828,13053204
2011-08-19,19.821537017822266,20.35247039794922,19.524839401245117,19.69140625,12262269
2011-08-22,20.14946746826172,20.217134475708008,19.56648063659668,19.78510093688965,5061827
2011-08-23,19.868383407592773,20.690811157226562,19.738252639770508,20.675195693969727,6809490
2011-08-24,20.612733840942383,21.03435707092285,20.51383399963379,20.893815994262695,6723231
2011-08-25,21.075998306274414,21.35187530517578,20.576295852661133,20.716838836669922,7323780
2011-08-26,20.597116470336914,21.174898147583008,20.11302947998047,21.01353645324707,4827639
2011-08-29,21.341466903686523,21.601728439331055,21.226951599121094,21.554880142211914,5623377
2011-08-30,21.51323890686035,21.61734390258789,21.190513610839844,21.461185455322266,6297890
2011-08-31,21.601728439331055,21.95047950744629,21.487213134765625,21.643369674682617,6468487
2011-09-01,21.67460060119629,21.95047950744629,21.45598030090332,21.50282859802246,5934217
2011-09-02,20.94586753845215,20.987510681152344,20.612733840942383,20.680400848388672,5207833
2011-09-06,20.04536247253418,20.758480072021484,19.889205932617188,20.716838836669922,8418063
2011-09-07,21.091615676879883,21.299823760986328,20.9979190826416,21.200925827026367,7937585
2011-09-08,21.008331298828125,21.2737979888916,20.84176254272461,20.97709846496582,5933833
2011-09-09,20.664785385131836,20.88861083984375,20.326444625854492,20.654375076293945,8905649
2011-09-12,20.310829162597656,20.9823055267334,20.23795509338379,20.96668815612793,9856230
2011-09-13,21.075998306274414,21.59131622314453,20.893815994262695,21.482006072998047,7764490
2011-09-14,21.586111068725586,21.783910751342773,21.258182525634766,21.518444061279297,7395823
2011-09-15,21.78911590576172,22.132661819458008,21.69542121887207,22.05978775024414,6303653
2011-09-16,22.18471336364746,23.866004943847656,21.95047950744629,22.74687957763672,35155757
2011-09-19,23.793132781982422,24.037778854370117,22.991525650024414,23.293428421020508,48905183
2011-09-20,23.42876434326172,23.683822631835938,23.30384063720703,23.449586868286133,18757844
2011-09-21,23.376712799072266,23.65779685974121,22.856189727783203,22.88221549987793,13427442
2011-09-22,22.491823196411133,22.533464431762695,21.877605438232422,22.377307891845703,20389471
2011-09-23,22.210739135742188,22.736469268798828,22.15348243713379,22.372102737426758,11482477
2011-09-26,22.53866958618164,22.68962287902832,22.137866973876953,22.361692428588867,9055882
2011-09-27,22.840574264526367,22.90303611755371,21.986915588378906,22.158687591552734,10566092
2011-09-28,22.273202896118164,22.42415428161621,21.45598030090332,21.54967498779297,11129371
2011-09-29,21.872400283813477,21.98171043395996,21.440364837646484,21.98171043395996,8896812
2011-09-30,21.534059524536133,21.966093063354492,21.174898147583008,21.211334228515625,10357648
2011-10-03,21.018741607666016,21.346670150756836,20.42013931274414,20.43054962158203,10511724
2011-10-04,20.102619171142578,21.02394676208496,19.936052322387695,21.01353645324707,12103199
2011-10-05,21.112436294555664,21.523649215698242,20.86779022216797,21.37790298461914,7272678
2011-10-06,21.1853084564209,21.898426055908203,21.180103302001953,21.877605438232422,5425115
2011-10-07,22.06499481201172,22.3460750579834,21.700626373291016,22.05978775024414,7390636
2011-10-10,22.450180053710938,22.65839195251465,22.273202896118164,22.52825927734375,6103278
2011-10-11,22.325254440307617,22.88221549987793,22.325254440307617,22.835369110107422,4502198
2011-10-12,22.752084732055664,23.402738571166992,22.741674423217773,23.069604873657227,7418876
2011-10-13,22.908241271972656,23.001935958862305,22.63236427307129,22.923858642578125,4942139
2011-10-14,23.11124610900879,23.25699234008789,22.731264114379883,23.199735641479492,5136943
2011-10-17,23.001935958862305,23.080015182495117,22.569902420043945,22.606338500976562,4697578
2011-10-18,22.569902420043945,23.553691864013672,22.481412887573242,23.277814865112305,5592446
2011-10-19,23.137271881103516,23.215351104736328,22.58551788330078,22.67400550842285,5642588
2011-10-20,22.783315658569336,23.03316879272461,22.450180053710938,22.78852081298828,4538123
2011-10-21,23.059194564819336,23.30384063720703,22.90303611755371,23.288223266601562,5453932
2011-10-24,23.272607803344727,23.798337936401367,23.204940795898438,23.62135887145996,4110477
2011-10-25,23.423559188842773,23.694232940673828,23.147682189941406,23.491228103637695,7891285
2011-10-26,23.61094856262207,23.855594635009766,23.012346267700195,23.262197494506836,8251692
2011-10-27,23.949289321899414,24.38652992248535,23.777515411376953,24.188730239868164,7435206
2011-10-28,23.980520248413086,24.542686462402344,23.980520248413086,24.49063491821289,5002655
2011-10-31,23.996135711669922,24.188730239868164,23.683822631835938,23.709848403930664,4956548
2011-11-01,22.88221549987793,23.61094856262207,22.77811050415039,23.053987503051758,6803919
2011-11-02,23.694232940673828,23.777515411376953,23.210145950317383,23.40794563293457,4191165
2011-11-03,23.63176918029785,23.918058395385742,23.439176559448242,23.663000106811523,6477517
2011-11-04,23.40794563293457,23.65779685974121,23.090425491333008,23.605743408203125,3625196
2011-11-07,23.527664184570312,24.204345703125,23.527664184570312,24.188730239868164,7666512
2011-11-08,24.31886100769043,24.495838165283203,23.89723777770996,24.43337631225586,7893399
2011-11-09,23.787927627563477,23.912851333618164,23.184118270874023,23.288223266601562,5597249
2011-11-10,23.63176918029785,23.678617477416992,22.92906379699707,23.210145950317383,5697148
2011-11-11,23.59012794494629,24.084625244140625,23.459997177124023,24.006547927856445,5612810
2011-11-14,23.82956886291504,24.615558624267578,23.787927627563477,23.97531509399414,9973228
2011-11-15,23.86079978942871,24.095035552978516,23.538074493408203,23.834774017333984,6760309
2011-11-16,23.918058395385742,25.255802154541016,23.694232940673828,24.459402084350586,15455400
2011-11-17,24.282424926757812,24.563507080078125,23.82956886291504,24.084625244140625,10920735
2011-11-18,24.06900978088379,24.38652992248535,23.990930557250977,24.313655853271484,7964865
2011-11-21,23.918058395385742,24.19393539428711,23.798337936401367,24.048187255859375,7710698
2011-11-22,23.902442932128906,23.933673858642578,23.41835594177246,23.652591705322266,6542067
2011-11-23,23.423559188842773,23.459997177124023,23.116451263427734,23.15288734436035,5869859
2011-11-25,23.02796173095703,23.444381713867188,23.012346267700195,23.07480812072754,1889060
2011-11-28,23.89723777770996,24.277219772338867,23.834774017333984,24.037778854370117,6073116
2011-11-29,24.15749740600586,24.31886100769043,23.886825561523438,23.933673858642578,4268395
2011-11-30,24.678022384643555,24.995540618896484,24.56871223449707,24.964309692382812,6794121
2011-12-01,24.8289737701416,25.031978607177734,24.448991775512695,24.678022384643555,5062403
2011-12-02,24.92266845703125,25.005952835083008,24.688432693481445,24.714458465576172,7393710
2011-12-05,25.031978607177734,25.042388916015625,24.3500919342041,24.53227424621582,6357253
2011-12-06,24.54789161682129,24.823768615722656,24.448991775512695,24.599943161010742,6148041
2011-12-07,24.438581466674805,24.761306762695312,24.121061325073242,24.599943161010742,6134401
2011-12-08,24.422964096069336,24.542686462402344,23.902442932128906,23.97531509399414,4926770
2011-12-09,24.14708709716797,24.605148315429688,24.04298210144043,24.506248474121094,4301438
2011-12-12,24.245986938476562,24.272014617919922,23.71505355834961,23.996135711669922,5051452
2011-12-13,24.152292251586914,24.407350540161133,23.647384643554688,23.7827205657959,6243906
2011-12-14,23.61094856262207,23.7254638671875,23.262197494506836,23.376712799072266,5819525
2011-12-15,23.647384643554688,23.730669021606445,23.272607803344727,23.37150764465332,4935223
2011-12-16,23.584922790527344,23.80354118347168,23.1893253326416,23.35068702697754,7733175
2011-12-19,23.355892181396484,23.558895111083984,23.095630645751953,23.178913116455078,5835279
2011-12-20,23.558895111083984,24.31886100769043,23.50684356689453,24.204345703125,5616460
2011-12-21,24.204345703125,24.240781784057617,23.767105102539062,24.105445861816406,4911785
2011-12-22,24.204345703125,24.3500919342041,23.996135711669922,24.188730239868164,4741572
2011-12-23,24.219961166381836,24.599943161010742,24.18352508544922,24.516660690307617,2358971
2011-12-27,24.469812393188477,24.599943161010742,24.230371475219727,24.38652992248535,1805298
2011-12-28,24.417760848999023,24.428171157836914,24.02216148376465,24.235576629638672,2125168
2011-12-29,24.370912551879883,24.527069091796875,24.235576629638672,24.428171157836914,2044096
2011-12-30,24.360502243041992,24.438581466674805,24.178319931030273,24.313655853271484,3444225
2012-01-03,24.709253311157227,25.120466232299805,24.709253311157227,24.90705108642578,9844319
2012-01-04,24.802947998046875,25.01115608215332,24.724868774414062,24.985130310058594,7434246
2012-01-05,24.761306762695312,25.18292999267578,24.678022384643555,25.099645614624023,6710167
2012-01-06,25.089235305786133,25.188135147094727,24.91225814819336,25.094440460205078,3948140
2012-01-09,25.084030151367188,25.3078556060791,25.021568298339844,25.250598907470703,4651471
2012-01-10,25.65140151977539,25.82317352294922,25.349496841430664,25.46921730041504,5413204
2012-01-11,25.24018669128418,25.51606559753418,25.214160919189453,25.313060760498047,3589079
2012-01-12,25.385934829711914,25.58373260498047,25.27662467956543,25.562911987304688,3524336
2012-01-13,25.318265914916992,25.406755447387695,25.078824996948242,25.271419525146484,4100679
2012-01-17,25.65140151977539,25.76591682434082,25.27662467956543,25.313060760498047,4064561
2012-01-18,25.2193660736084,25.62017059326172,24.896642684936523,25.46921730041504,4774616
2012-01-19,25.573322296142578,25.687837600708008,25.40155029296875,25.60455322265625,7100927
2012-01-20,25.568117141723633,26.00535774230957,25.47962760925293,25.932483673095703,5504458
2012-01-23,25.87002182006836,26.00535774230957,25.65140151977539,25.750301361083984,3338177
2012-01-24,25.562911987304688,25.713863372802734,25.453601837158203,25.635784149169922,3332030
2012-01-25,25.521270751953125,26.125076293945312,25.432781219482422,25.89084243774414,7699171
2012-01-26,25.94809913635254,26.281234741210938,25.50044822692871,25.646196365356445,5877544
2012-01-27,25.51606559753418,25.75550651550293,25.40155029296875,25.609758377075195,4362915
2012-01-30,25.28703498840332,25.85440444946289,25.24018669128418,25.61496353149414,5436257
2012-01-31,26.234386444091797,26.728885650634766,26.000152587890625,26.520675659179688,12162754
2012-02-01,26.61957550048828,26.942298889160156,26.286439895629883,26.31246566772461,6680389
2012-02-02,26.250003814697266,26.58313751220703,26.218772888183594,26.276029586791992,5092181
2012-02-03,26.411365509033203,26.588342666625977,26.2656192779541,26.473827362060547,7629434
2012-02-06,26.328081130981445,26.546701431274414,26.328081130981445,26.421775817871094,3250189
2012-02-07,26.276029586791992,26.354108810424805,26.041793823242188,26.135488510131836,4005390
2012-02-08,26.078229904174805,26.260414123535156,25.984535217285156,26.088640213012695,4567324
2012-02-09,26.08343505859375,26.239593505859375,25.817968368530273,25.864816665649414,4802664
2012-02-10,25.417165756225586,25.77632713317871,25.375524520874023,25.635784149169922,5321949
2012-02-13,25.750301361083984,25.97933006286621,25.6982479095459,25.875225067138672,6333047
2012-02-14,25.745094299316406,25.838790893554688,25.292240142822266,25.52647590637207,7100159
2012-02-15,25.62017059326172,25.687837600708008,25.26621437072754,25.323471069335938,4399032
2012-02-16,25.3078556060791,25.599348068237305,25.04759407043457,25.542091369628906,6631400
2012-02-17,25.693042755126953,26.046998977661133,25.656606674194336,26.000152587890625,6517284
2012-02-21,26.239593505859375,26.806962966918945,26.239593505859375,26.7445011138916,7468826
2012-02-22,26.832990646362305,27.06201934814453,26.61957550048828,26.765321731567383,5088146
2012-02-23,26.7445011138916,27.046403884887695,26.661216735839844,26.832990646362305,3878979
2012-02-24,26.79134750366211,26.90586280822754,26.609163284301758,26.624780654907227,3558917
2012-02-27,26.8017578125,27.32748794555664,26.67683219909668,27.11927604675293,7591587
2012-02-28,27.088045120239258,27.29104995727539,26.85901641845703,27.067224502563477,4039010
2012-02-29,27.171329498291016,27.32748794555664,26.786142349243164,26.97353172302246,4828600
2012-03-01,27.046403884887695,27.1348934173584,26.749706268310547,26.968326568603516,5118692
2012-03-02,26.93709373474121,26.989147186279297,26.749706268310547,26.885042190551758,2575292
2012-03-05,26.81216812133789,27.09845733642578,26.67683219909668,27.088045120239258,5047994
2012-03-06,26.70285987854004,26.999557495117188,26.69765281677246,26.78093719482422,7181423
2012-03-07,26.82257843017578,27.2806396484375,26.713268280029297,27.207765579223633,6226615
2012-03-08,27.30146026611328,27.4263858795166,27.14530372619629,27.379539489746094,5108702
2012-03-09,27.468027114868164,27.639801025390625,27.275434494018555,27.546106338500977,5651617
2012-03-12,27.587749481201172,27.618980407714844,27.306665420532227,27.32748794555664,3573710
2012-03-13,27.41597557067871,27.598159790039062,27.093250274658203,27.56692886352539,8247273
2012-03-14,27.592954635620117,27.946910858154297,27.421180725097656,27.478439331054688,5270463
2012-03-15,27.546106338500977,27.8167781829834,27.363924026489258,27.764726638793945,5131756
2012-03-16,27.801162719726562,27.97814178466797,27.754316329956055,27.910472869873047,4701612
2012-03-19,27.801162719726562,27.926088333129883,27.63459587097168,27.8167781829834,3936613
2012-03-20,27.650211334228516,27.764726638793945,27.40556526184082,27.50967025756836,3491485
2012-03-21,27.582542419433594,27.728290557861328,27.488849639892578,27.62418556213379,2870763
2012-03-22,27.468027114868164,27.587749481201172,27.306665420532227,27.561723709106445,3134921
2012-03-23,27.66582679748535,27.66582679748535,27.2806396484375,27.514875411987305,3142797
2012-03-26,27.691852569580078,27.84800910949707,27.63459587097168,27.686647415161133,3667269
2012-03-27,27.686647415161133,27.926088333129883,27.660621643066406,27.86362648010254,4107211
2012-03-28,28.96713638305664,29.49286460876465,28.59235954284668,29.0504207611084,34677009
2012-03-29,28.909879684448242,29.326297760009766,28.758926391601562,29.159730911254883,10532857
2012-03-30,29.440813064575195,29.487659454345703,28.94631576538086,29.243013381958008,5448745
2012-04-02,29.13890838623047,29.21698760986328,28.894262313842773,29.045215606689453,6652341
2012-04-03,29.008777618408203,29.201372146606445,28.769336700439453,29.154525756835938,4216140
2012-04-04,28.873441696166992,28.982751846313477,28.555923461914062,28.753721237182617,5193041
2012-04-05,28.628795623779297,28.790157318115234,28.46743392944336,28.48825454711914,4490671
2012-04-09,28.160324096679688,28.24881362915039,27.98855209350586,28.13429832458496,8855315
2012-04-10,28.077041625976562,28.13429832458496,27.598159790039062,27.650211334228516,4987863
2012-04-11,27.967731475830078,28.11347770690918,27.6137752532959,28.061424255371094,10108668
2012-04-12,28.035398483276367,28.529895782470703,27.94170570373535,28.503870010375977,5659494
2012-04-13,28.37373924255371,28.483049392700195,28.01978302001953,28.326892852783203,5839313
2012-04-16,28.389354705810547,28.61318016052246,28.11347770690918,28.410175323486328,4560216
2012-04-17,28.62359046936035,28.72769546508789,28.430997848510742,28.57674217224121,4139870
2012-04-18,28.446613311767578,28.748516082763672,28.332096099853516,28.68084716796875,3485913
2012-04-19,28.68084716796875,28.758926391601562,28.394559860229492,28.62359046936035,5098136
2012-04-20,28.81618309020996,29.086856842041016,28.670438766479492,28.779748916625977,5624145
2012-04-23,28.451818466186523,28.555923461914062,28.196760177612305,28.44140625,3756602
2012-04-24,28.597564697265625,28.654821395874023,28.326892852783203,28.430997848510742,4029020
2012-04-25,28.68084716796875,28.78495216369629,28.37373924255371,28.451818466186523,6271762
2012-04-26,28.634000778198242,29.815589904785156,28.462228775024414,29.482454299926758,9554611
2012-04-27,29.706279754638672,30.06023597717285,29.336708068847656,29.966541290283203,6414311
2012-04-30,29.76353645324707,29.89887237548828,29.045215606689453,29.21698760986328,7950072
2012-05-01,29.14931869506836,29.498069763183594,28.97754669189453,29.190961837768555,4380397
2012-05-02,28.915084838867188,29.159730911254883,28.837005615234375,28.993162155151367,5301969
2012-05-03,29.02439308166504,29.118087768554688,28.62359046936035,28.769336700439453,4670298
2012-05-04,28.691259384155273,28.868236541748047,28.503870010375977,28.753721237182617,5245104
2012-05-07,28.628795623779297,28.894262313842773,28.503870010375977,28.70687484741211,3353931
2012-05-08,28.483049392700195,28.61318016052246,28.01978302001953,28.49866485595703,6310185
2012-05-09,28.165529251098633,28.686052322387695,27.926088333129883,28.58194923400879,5959577
2012-05-10,28.779748916625977,28.998367309570312,28.54551124572754,28.66002655029297,5122535
2012-05-11,28.472639083862305,29.055625915527344,28.472639083862305,28.587154388427734,3912599
2012-05-14,28.233198165893555,28.70687484741211,28.191556930541992,28.524690628051758,4763857
2012-05-15,28.5715389251709,28.878646850585938,28.430997848510742,28.555923461914062,4188475
2012-05-16,28.62359046936035,28.758926391601562,27.889652252197266,27.900062561035156,8558114
2012-05-17,27.889652252197266,27.889652252197266,27.129688262939453,27.275434494018555,6661370
2012-05-18,27.363924026489258,27.587749481201172,27.1348934173584,27.2233829498291,5615884
2012-05-21,27.592954635620117,28.024988174438477,27.478439331054688,27.972936630249023,4724474
2012-05-22,28.0926570892334,28.446613311767578,27.88444709777832,28.155118942260742,7553549
2012-05-23,27.837600708007812,28.45702362060547,27.29104995727539,28.3841495513916,4325068
2012-05-24,28.378944396972656,28.628795623779297,28.22799301147461,28.607975006103516,3800981
2012-05-25,28.550716400146484,28.925493240356445,28.36332893371582,28.42058563232422,4002701
2012-05-29,28.587154388427734,28.691259384155273,28.207172393798828,28.42058563232422,3668230
2012-05-30,28.155118942260742,28.196760177612305,27.6137752532959,27.790752410888672,5676976
2012-05-31,27.775136947631836,27.900062561035156,27.311870574951172,27.671031951904297,4811117
2012-06-01,27.249408721923828,27.369129180908203,26.525880813598633,26.796552658081055,8404807
2012-06-04,26.79134750366211,26.978736877441406,26.510265350341797,26.89545249938965,4697386
2012-06-05,26.775732040405273,27.082841873168945,26.546701431274414,26.97353172302246,4511996
2012-06-06,27.1348934173584,27.65541648864746,27.009967803955078,27.65541648864746,3433466
2012-06-07,27.686647415161133,28.155118942260742,27.65541648864746,27.759521484375,4517951
2012-06-08,27.63459587097168,27.967731475830078,27.473234176635742,27.842805862426758,3165275
2012-06-11,28.030193328857422,28.097862243652344,27.38474464416504,27.421180725097656,3262292
2012-06-12,27.759521484375,27.759521484375,27.233793258666992,27.6137752532959,3469584
2012-06-13,27.39515495300293,27.478439331054688,26.91627311706543,27.04119873046875,4546384
2012-06-14,27.04119873046875,27.639801025390625,26.843399047851562,27.592954635620117,5170755
2012-06-15,27.717880249023438,28.108272552490234,27.707469940185547,28.040603637695312,6780289
2012-06-18,27.842805862426758,27.99896240234375,27.618980407714844,27.9052677154541,4730237
2012-06-19,28.024988174438477,28.212377548217773,27.87403678894043,28.12388801574707,4294906
2012-06-20,28.06662940979004,28.160324096679688,27.50967025756836,27.827190399169922,5091412
2012-06-21,28.05621910095215,28.269634246826172,27.046403884887695,27.124483108520508,5497734
2012-06-22,27.14530372619629,27.265024185180664,27.02037811279297,27.21297264099121,4657234
2012-06-25,26.869426727294922,26.900657653808594,26.406160354614258,26.44780158996582,7053667
2012-06-26,26.531085968017578,26.69765281677246,26.270824432373047,26.307260513305664,6125179
2012-06-27,26.31246566772461,26.963119506835938,26.31246566772461,26.957914352416992,4485868
2012-06-28,26.671627044677734,26.93709373474121,26.395750045776367,26.760116577148438,3944106
2012-06-29,28.0926570892334,28.12388801574707,27.343103408813477,27.50967025756836,5672174
2012-07-02,27.639801025390625,27.790752410888672,27.150508880615234,27.754316329956055,5545955
2012-07-03,27.8167781829834,28.300865173339844,27.73870086669922,28.285249710083008,3338177
2012-07-05,28.097862243652344,28.34250831604004,28.024988174438477,28.097862243652344,2496717
2012-07-06,27.842805862426758,27.868831634521484,27.322282791137695,27.41597557067871,4323531
2012-07-09,27.592954635620117,27.8167781829834,27.3378963470459,27.759521484375,5387076
2012-07-10,27.754316329956055,28.071836471557617,26.957914352416992,27.129688262939453,9231475
2012-07-11,27.067224502563477,27.160919189453125,26.593549728393555,26.931888580322266,6622947
2012-07-12,26.73409080505371,26.7445011138916,26.395750045776367,26.536291122436523,8443806
2012-07-13,26.515470504760742,27.129688262939453,26.432186126708984,26.978736877441406,6333815
2012-07-16,26.93709373474121,27.228586196899414,26.645601272583008,27.1348934173584,4497587
2012-07-17,27.254613876342773,27.39515495300293,26.91627311706543,27.249408721923828,3699352
2012-07-18,27.093250274658203,27.671031951904297,27.025583267211914,27.598159790039062,5207833
2012-07-19,27.629390716552734,27.650211334228516,27.358718872070312,27.587749481201172,3748918
2012-07-20,27.37433433532715,27.618980407714844,27.285844802856445,27.3378963470459,5060674
2012-07-23,26.978736877441406,27.004762649536133,26.728885650634766,26.874631881713867,6362824
2012-07-24,26.843399047851562,27.035993576049805,26.43739128112793,26.640396118164062,8115867
2012-07-25,26.692447662353516,27.103662490844727,26.4686222076416,26.89545249938965,4829368
2012-07-26,27.3378963470459,27.629390716552734,27.07763671875,27.296255111694336,5890992
2012-07-27,27.400360107421875,28.196760177612305,27.348308563232422,28.087451934814453,7213506
2012-07-30,28.097862243652344,28.21758270263672,27.879241943359375,27.993757247924805,4762897
2012-07-31,28.051015853881836,28.993162155151367,28.051015853881836,28.597564697265625,9493134
2012-08-01,28.72769546508789,28.748516082763672,28.44140625,28.524690628051758,6157838
2012-08-02,28.1811466217041,28.81618309020996,28.077041625976562,28.62359046936035,4933302
2012-08-03,28.84221076965332,29.30547523498535,27.785547256469727,29.263835906982422,7991569
2012-08-06,29.373144149780273,29.56053352355957,29.21698760986328,29.21698760986328,3465165
2012-08-07,29.393964767456055,29.669843673706055,29.31068229675293,29.602174758911133,4351388
2012-08-08,29.461633682250977,29.576148986816406,29.347118377685547,29.404375076293945,4310468
2012-08-09,29.3419132232666,29.591764450073242,29.279449462890625,29.44601821899414,2533603
2012-08-10,29.28465461730957,29.654226303100586,29.27424430847168,29.602174758911133,2186452
2012-08-13,29.419992446899414,29.53971290588379,29.232603073120117,29.5293025970459,2871532
2012-08-14,29.5293025970459,29.61779022216797,29.32109260559082,29.430402755737305,2578750
2012-08-15,29.347118377685547,29.56053352355957,29.269039154052734,29.487659454345703,2636576
2012-08-16,29.466838836669922,30.22159767150879,29.44601821899414,30.159135818481445,7616562
2012-08-17,30.25282859802246,30.25282859802246,29.706279754638672,29.831205368041992,5806077
2012-08-20,29.721895217895508,29.826000213623047,29.53971290588379,29.78435707092285,3198510
2012-08-21,29.924898147583008,30.044620513916016,29.5449161529541,29.68545913696289,3397541
2012-08-22,29.596969604492188,29.669843673706055,29.37834930419922,29.53971290588379,2551085
2012-08-23,29.347118377685547,29.53971290588379,29.232603073120117,29.347118377685547,3273435
2012-08-24,29.227397918701172,29.56053352355957,29.133703231811523,29.393964767456055,3677067
2012-08-27,29.399171829223633,29.85723114013672,29.31068229675293,29.555328369140625,4540621
2012-08-28,29.50327491760254,29.669843673706055,29.315887451171875,29.367938995361328,4322379
2012-08-29,29.347118377685547,29.45642852783203,29.123292922973633,29.21698760986328,4217677
2012-08-30,29.07124137878418,29.21698760986328,29.003572463989258,29.180551528930664,6902281
2012-08-31,29.295066833496094,29.43560791015625,29.029598236083984,29.347118377685547,6769722
2012-09-04,29.30547523498535,29.383554458618164,29.019187927246094,29.190961837768555,3406954
2012-09-05,29.243013381958008,29.31068229675293,28.79536247253418,28.909879684448242,4131225
2012-09-06,29.10247230529785,29.57094383239746,29.09206199645996,29.5449161529541,5895410
2012-09-07,29.55012321472168,29.826000213623047,29.404375076293945,29.477249145507812,5046650
2012-09-10,29.060829162597656,29.180551528930664,28.81097984313965,28.941110610961914,6941280
2012-09-11,28.81097984313965,29.180551528930664,28.78495216369629,28.987957000732422,6120953
2012-09-12,29.123292922973633,29.300270080566406,28.993162155151367,29.258628845214844,3627886
2012-09-13,29.060829162597656,29.201372146606445,28.285249710083008,28.96713638305664,16425769
2012-09-14,28.889057159423828,28.951520919799805,28.389354705810547,28.753721237182617,14976459
2012-09-17,28.60276985168457,29.27424430847168,28.509075164794922,28.57674217224121,16059792
2012-09-18,28.57674217224121,28.628795623779297,28.22799301147461,28.316482543945312,17500265
2012-09-19,28.316482543945312,29.404375076293945,28.280044555664062,28.712080001831055,18923063
2012-09-20,28.61318016052246,28.81618309020996,28.503870010375977,28.79536247253418,10227011
2012-09-21,28.883852005004883,29.362733840942383,28.7745418548584,29.164934158325195,20606176
2012-09-24,28.961931228637695,29.227397918701172,28.81097984313965,29.222192764282227,13348099
2012-09-25,29.190961837768555,29.279449462890625,28.509075164794922,28.529895782470703,18877724
2012-09-26,28.503870010375977,28.58194923400879,28.321687698364258,28.45702362060547,12647842
2012-09-27,28.53510284423828,29.2534236907959,28.42058563232422,29.17534637451172,15104984
2012-09-28,29.190961837768555,29.336708068847656,28.941110610961914,29.28465461730957,13364044
2012-10-01,29.130889892578125,30.0,29.130889892578125,29.842931747436523,8411258
2012-10-02,30.052356719970703,30.638742446899414,29.98952865600586,30.345550537109375,11991267
2012-10-03,30.335079193115234,30.397905349731445,29.842931747436523,30.02094268798828,8399798
2012-10-04,29.97905731201172,30.19895362854004,29.821989059448242,30.052356719970703,4775478
2012-10-05,30.1884822845459,30.1884822845459,29.50785255432129,29.53926658630371,4904976
2012-10-08,29.424083709716797,29.560209274291992,29.308900833129883,29.49738121032715,4293871
2012-10-09,29.518325805664062,29.581151962280273,29.2879581451416,29.392669677734375,3626708
2012-10-10,29.141361236572266,29.48691177368164,28.99476432800293,29.434555053710938,5553707
2012-10-11,29.52879524230957,29.52879524230957,28.638742446899414,28.75392723083496,8464929
2012-10-12,28.638742446899414,28.74345588684082,28.094240188598633,28.356021881103516,9378482
2012-10-15,27.968585968017578,28.691099166870117,27.842931747436523,28.680627822875977,4259778
2012-10-16,28.806283950805664,29.162303924560547,28.701570510864258,29.078533172607422,4675298
2012-10-17,28.98429298400879,29.298429489135742,28.701570510864258,29.151832580566406,4514285
2012-10-18,29.057592391967773,29.25654411315918,28.879581451416016,29.151832580566406,3807299
2012-10-19,29.036649703979492,29.057592391967773,28.74345588684082,28.879581451416016,3459679
2012-10-22,28.701570510864258,28.879581451416016,28.356021881103516,28.691099166870117,2659007
2012-10-23,28.429319381713867,28.429319381713867,27.905759811401367,28.083770751953125,4294253
2012-10-24,28.25130844116211,28.25130844116211,27.685863494873047,27.769634246826172,3795934
2012-10-25,28.031414031982422,28.052356719970703,27.675392150878906,28.041885375976562,2679348
2012-10-26,27.98952865600586,28.27225112915039,27.92670249938965,28.136125564575195,3785716
2012-10-31,28.167539596557617,28.376962661743164,28.02094268798828,28.136125564575195,2574107
2012-11-01,28.146596908569336,28.97382164001465,28.02094268798828,28.952880859375,2719554
2012-11-02,29.057592391967773,29.319372177124023,28.827224731445312,29.120418548583984,4034684
2012-11-05,29.00523567199707,29.24607276916504,28.900524139404297,29.068063735961914,2018584
2012-11-06,29.183246612548828,30.209423065185547,29.057592391967773,29.895288467407227,4845766
2012-11-07,29.570680618286133,29.570680618286133,28.72251319885254,29.078533172607422,4220909
2012-11-08,29.057592391967773,29.382198333740234,28.900524139404297,28.900524139404297,2663304
2012-11-09,28.827224731445312,29.204187393188477,28.74345588684082,28.858638763427734,2173580
2012-11-12,28.848167419433594,29.036649703979492,28.596858978271484,28.701570510864258,2120769
2012-11-13,28.481674194335938,29.00523567199707,28.376962661743164,28.617801666259766,3674172
2012-11-14,28.230365753173828,29.298429489135742,27.863874435424805,27.863874435424805,8311938
2012-11-15,27.863874435424805,28.418848037719727,27.54973793029785,27.74869155883789,5707271
2012-11-16,27.80104637145996,28.052356719970703,27.403141021728516,28.031414031982422,5290796
2012-11-19,28.303665161132812,28.418848037719727,27.93717384338379,28.27225112915039,4583618
2012-11-20,28.28272247314453,28.46073341369629,28.041885375976562,28.418848037719727,3364370
2012-11-21,28.376962661743164,28.795812606811523,28.28272247314453,28.49214744567871,2768545
2012-11-23,28.49214744567871,29.193716049194336,28.49214744567871,28.963350296020508,1890136
2012-11-26,28.795812606811523,28.98429298400879,28.554973602294922,28.97382164001465,3053708
2012-11-27,29.00523567199707,29.308900833129883,28.795812606811523,28.837696075439453,2680876
2012-11-28,28.72251319885254,29.643978118896484,28.638742446899414,29.633508682250977,3774924
2012-11-29,29.780105590820312,30.052356719970703,29.71727752685547,29.8115177154541,5076971
2012-11-30,29.790576934814453,30.041885375976562,29.602094650268555,29.706806182861328,2987622
2012-12-03,29.72774887084961,29.863874435424805,29.151832580566406,29.21466064453125,3410496
2012-12-04,29.2879581451416,29.54973793029785,28.98429298400879,29.4764404296875,2594067
2012-12-05,29.53926658630371,30.07329750061035,29.445026397705078,29.98952865600586,4013292
2012-12-06,29.93717384338379,30.146596908569336,29.780105590820312,29.947643280029297,4285276
2012-12-07,30.01047134399414,30.125654220581055,29.664920806884766,30.01047134399414,2052486
2012-12-10,30.0,30.052356719970703,29.842931747436523,29.97905731201172,2207483
2012-12-11,30.052356719970703,30.366491317749023,29.675392150878906,29.73822021484375,3593856
2012-12-12,29.98952865600586,30.314136505126953,29.905759811401367,30.094240188598633,2936530
2012-12-13,30.104711532592773,30.293193817138672,29.884817123413086,29.947643280029297,3602833
2012-12-14,29.884817123413086,30.209423065185547,29.80104637145996,29.895288467407227,2017247
2012-12-17,29.916229248046875,30.47120475769043,29.916229248046875,30.45026206970215,4290242
2012-12-18,30.50261878967285,30.806283950805664,30.366491317749023,30.680627822875977,3923331
2012-12-19,30.628271102905273,30.848167419433594,30.293193817138672,30.617801666259766,2931277
2012-12-20,30.659685134887695,30.869110107421875,30.429319381713867,30.869110107421875,2560928
2012-12-21,30.617801666259766,31.078533172607422,30.418848037719727,30.7643985748291,4313353
2012-12-24,30.638742446899414,30.7643985748291,30.366491317749023,30.628271102905273,1000363
2012-12-26,30.691099166870117,30.72251319885254,30.230365753173828,30.397905349731445,2497039
2012-12-27,30.418848037719727,30.565444946289062,29.97905731201172,30.27225112915039,2826036
2012-12-28,30.115182876586914,30.303665161132812,29.895288467407227,29.916229248046875,2238329
2012-12-31,29.769634246826172,30.628271102905273,29.664920806884766,30.628271102905273,3511631
2013-01-02,31.162303924560547,32.01047134399414,31.120418548583984,32.01047134399414,4557642
2013-01-03,31.92670249938965,32.02094268798828,31.141361236572266,31.225130081176758,4381254
2013-01-04,31.382198333740234,31.445026397705078,31.109947204589844,31.183246612548828,2990869
2013-01-07,31.02617835998535,31.361257553100586,30.97382164001465,31.225130081176758,1705821
2013-01-08,31.183246612548828,31.26701545715332,30.98429298400879,31.172775268554688,1876002
2013-01-09,31.298429489135742,32.0,31.25654411315918,31.98952865600586,3610187
2013-01-10,32.12565231323242,32.198951721191406,31.560209274291992,31.821989059448242,4142981
2013-01-11,31.958114624023438,31.98952865600586,31.518325805664062,31.675392150878906,2023550
2013-01-14,31.581151962280273,31.72774887084961,31.361257553100586,31.72774887084961,1813927
2013-01-15,31.49738121032715,31.968585968017578,31.413612365722656,31.968585968017578,2169760
2013-01-16,31.8115177154541,32.02094268798828,31.591623306274414,31.97905731201172,1864733
2013-01-17,32.083770751953125,32.94240951538086,32.0523567199707,32.81675338745117,3809304
2013-01-18,32.80628204345703,32.858638763427734,32.28272247314453,32.848167419433594,3333905
2013-01-22,32.76439666748047,32.93193817138672,32.53403091430664,32.722511291503906,2918098
2013-01-23,32.5235595703125,32.691097259521484,32.366493225097656,32.56544494628906,2149514
2013-01-24,32.460731506347656,32.76439666748047,32.21989440917969,32.39790725708008,2872163
2013-01-25,32.48167419433594,32.73298263549805,32.20942306518555,32.70157241821289,2377664
2013-01-28,32.617801666259766,32.70157241821289,32.104713439941406,32.14659881591797,3988176
2013-01-29,31.905759811401367,32.30366516113281,31.654449462890625,31.947643280029297,4088355
2013-01-30,31.97905731201172,32.23036575317383,31.48691177368164,31.581151962280273,2738272
2013-01-31,31.602094650268555,31.780105590820312,31.49738121032715,31.654449462890625,2714683
2013-02-01,31.832460403442383,32.094242095947266,31.570680618286133,31.675392150878906,2711150
2013-02-04,31.4764404296875,31.54973793029785,31.371728897094727,31.424083709716797,2577068
2013-02-05,31.54973793029785,32.188480377197266,31.46596908569336,32.04188537597656,2760237
2013-02-06,31.853403091430664,32.03141403198242,31.570680618286133,31.874345779418945,3670256
2013-02-07,31.80104637145996,31.93717384338379,31.54973793029785,31.874345779418945,2231358
2013-02-08,31.958114624023438,32.29319381713867,31.895288467407227,32.20942306518555,1887558
2013-02-11,32.178009033203125,32.50261688232422,32.11518478393555,32.178009033203125,2011994
2013-02-12,32.27225112915039,32.48167419433594,32.198951721191406,32.4712028503418,2211207
2013-02-13,32.324607849121094,33.03664779663086,32.324607849121094,32.98429489135742,3591755
2013-02-14,32.722511291503906,33.371726989746094,32.722511291503906,33.371726989746094,3327793
2013-02-15,33.49738311767578,33.72774887084961,33.403141021728516,33.56020736694336,4003074
2013-02-19,33.539268493652344,33.86387252807617,33.46596908569336,33.86387252807617,2442126
2013-02-20,33.76963424682617,33.95811462402344,33.581153869628906,33.821990966796875,3759262
2013-02-21,33.643978118896484,33.643978118896484,32.92146682739258,33.25654602050781,3966306
2013-02-22,33.413612365722656,33.56020736694336,33.22513198852539,33.35078430175781,2030521
2013-02-25,33.4764404296875,33.51832580566406,32.76439666748047,32.77486801147461,2693769
2013-02-26,32.91099548339844,32.9947624206543,32.68062973022461,32.74345397949219,3473144
2013-02-27,32.64921569824219,33.539268493652344,32.55497360229492,33.4240837097168,2829092
2013-02-28,33.44502639770508,33.85340118408203,33.371726989746094,33.51832580566406,2904824
2013-03-01,33.29842758178711,33.6230354309082,33.047119140625,33.16230392456055,2717166
2013-03-04,33.03664779663086,33.44502639770508,32.98429489135742,33.392669677734375,2464187
2013-03-05,33.539268493652344,33.9476432800293,33.51832580566406,33.79057693481445,2466765
2013-03-06,34.0,34.02094268798828,33.643978118896484,33.74869155883789,1616338
2013-03-07,33.76963424682617,33.76963424682617,33.32984161376953,33.34031295776367,2451676
2013-03-08,33.4764404296875,33.654449462890625,33.29842758178711,33.59162139892578,2039021
2013-03-11,33.49738311767578,33.76963424682617,33.46596908569336,33.75916290283203,1383795
2013-03-12,33.70680618286133,33.73822021484375,33.07853317260742,33.130889892578125,2449862
2013-03-13,33.20418930053711,33.32984161376953,33.03664779663086,33.22513198852539,1935117
2013-03-14,33.31937026977539,33.49738311767578,33.25654602050781,33.382198333740234,1711169
2013-03-15,33.20418930053711,33.371726989746094,32.9947624206543,33.109947204589844,2547272
2013-03-18,32.722511291503906,33.08900451660156,32.70157241821289,32.81675338745117,2017438
2013-03-19,32.91099548339844,32.91099548339844,32.26177978515625,32.70157241821289,2798437
2013-03-20,32.93193817138672,33.08900451660156,32.82722473144531,32.94240951538086,2593207
2013-03-21,32.80628204345703,32.952880859375,32.324607849121094,32.335079193115234,3195908
2013-03-22,32.43979263305664,32.722511291503906,32.366493225097656,32.71204376220703,2731491
2013-03-25,32.79581069946289,32.92146682739258,32.28272247314453,32.450260162353516,1705153
2013-03-26,32.617801666259766,32.73298263549805,32.418846130371094,32.73298263549805,1886698
2013-03-27,32.50261688232422,32.691097259521484,32.345550537109375,32.64921569824219,1856616
2013-03-28,32.67015838623047,33.581153869628906,32.56544494628906,33.50785446166992,4382782
2013-04-01,33.61256408691406,33.675392150878906,33.05759048461914,33.24607467651367,2533711
2013-04-02,33.308902740478516,33.45549774169922,32.97382354736328,33.130889892578125,3440388
2013-04-03,33.18324661254883,33.46596908569336,32.91099548339844,33.01570510864258,3976429
2013-04-04,33.0052375793457,33.34031295776367,32.858638763427734,33.07853317260742,2198792
2013-04-05,32.68062973022461,32.848167419433594,32.40837860107422,32.5759162902832,2741041
2013-04-08,32.48167419433594,32.80628204345703,32.48167419433594,32.63874435424805,2631598
2013-04-09,32.78533935546875,33.28795623779297,32.5759162902832,33.17277526855469,4293394
2013-04-10,33.308902740478516,34.03141403198242,33.20418930053711,33.96858596801758,2914756
2013-04-11,34.0,34.31413650512695,33.95811462402344,34.25130844116211,2970050
2013-04-12,34.157066345214844,34.20942306518555,33.6230354309082,33.76963424682617,2617178
2013-04-15,33.570682525634766,33.821990966796875,32.76439666748047,32.83769607543945,3262853
2013-04-16,33.06806182861328,33.20418930053711,32.858638763427734,33.06806182861328,2438593
2013-04-17,32.83769607543945,32.890052795410156,32.21989440917969,32.63874435424805,2983420
2013-04-18,32.64921569824219,32.67015838623047,32.198951721191406,32.335079193115234,2248643
2013-04-19,32.49214553833008,32.83769607543945,32.366493225097656,32.79581069946289,2835013
2013-04-22,32.79581069946289,32.9005241394043,32.198951721191406,32.24083709716797,3210424
2013-04-23,32.43979263305664,32.70157241821289,32.198951721191406,32.51308822631836,2189624
2013-04-24,32.43979263305664,32.628273010253906,32.062828063964844,32.14659881591797,3703777
2013-04-25,32.198951721191406,32.67015838623047,32.094242095947266,32.54450225830078,3579531
2013-04-26,33.832462310791016,34.50261688232422,32.848167419433594,32.9005241394043,11971976
2013-04-29,33.06806182861328,33.95811462402344,33.0052375793457,33.675392150878906,5802294
2013-04-30,33.74869155883789,34.0,33.50785446166992,33.633506774902344,4839845
2013-05-01,33.48691177368164,33.78010559082031,32.97382354736328,32.98429489135742,4546373
2013-05-02,33.0052375793457,33.49738311767578,32.9947624206543,33.24607467651367,5894356
2013-05-03,33.549739837646484,34.21989440917969,33.49738311767578,33.539268493652344,4415443
2013-05-06,33.49738311767578,34.429317474365234,33.46596908569336,34.39790725708008,2597791
2013-05-07,34.53403091430664,34.73298263549805,34.3769645690918,34.71204376220703,2025364
2013-05-08,34.67015838623047,35.371726989746094,34.617801666259766,35.36125564575195,3706546
2013-05-09,35.23560333251953,35.61256408691406,35.19371795654297,35.56020736694336,3025631
2013-05-10,35.50785446166992,35.60209274291992,35.29842758178711,35.46596908569336,5297003
2013-05-13,35.43455505371094,35.570682525634766,35.32984161376953,35.45549774169922,1558083
2013-05-14,35.43455505371094,35.85340118408203,35.392669677734375,35.71727752685547,2325521
2013-05-15,35.60209274291992,35.78010559082031,35.382198333740234,35.75916290283203,2385877
2013-05-16,35.68586349487305,35.68586349487305,35.4240837097168,35.50785446166992,3059056
2013-05-17,35.50785446166992,36.0523567199707,35.50785446166992,35.87434768676758,2071300
2013-05-20,35.75916290283203,35.937171936035156,35.68586349487305,35.85340118408203,2620234
2013-05-21,35.832462310791016,36.02094268798828,35.79057693481445,35.87434768676758,1279796
2013-05-22,35.87434768676758,35.926700592041016,35.50785446166992,35.68586349487305,4455171
2013-05-23,35.413612365722656,35.832462310791016,35.382198333740234,35.664920806884766,3424153
2013-05-24,35.48691177368164,35.97905731201172,35.32984161376953,35.88481521606445,2814099
2013-05-28,36.20942306518555,36.324607849121094,36.062828063964844,36.12565231323242,1779070
2013-05-29,35.85340118408203,36.01047134399414,35.72774887084961,35.832462310791016,2518144
2013-05-30,35.842933654785156,36.14659881591797,35.71727752685547,35.811519622802734,2775803
2013-05-31,35.68586349487305,35.95811462402344,35.403141021728516,35.403141021728516,2948563
2013-06-03,35.413612365722656,35.549739837646484,35.06806182861328,35.4240837097168,3824393
2013-06-04,35.371726989746094,35.664920806884766,35.21466064453125,35.28795623779297,3452707
2013-06-05,35.130889892578125,35.22513198852539,34.78533935546875,34.848167419433594,3994192
2013-06-06,34.848167419433594,35.141361236572266,34.64921569824219,35.141361236572266,2256474
2013-06-07,35.48691177368164,36.460731506347656,35.382198333740234,35.895286560058594,2995931
2013-06-10,35.905757904052734,36.14659881591797,35.76963424682617,36.0523567199707,3575234
2013-06-11,35.570682525634766,35.75916290283203,35.26701736450195,35.29842758178711,5186510
2013-06-12,35.49738311767578,35.50785446166992,34.691097259521484,34.879581451416016,4059705
2013-06-13,34.81675338745117,35.120418548583984,34.55497360229492,35.02617645263672,2828042
2013-06-14,35.03664779663086,35.21466064453125,34.78533935546875,34.879581451416016,3804720
2013-06-17,35.07853317260742,35.25654602050781,34.75392532348633,34.96335220336914,4205056
2013-06-18,34.92146682739258,35.49738311767578,34.890052795410156,35.34031295776367,2607628
2013-06-19,35.371726989746094,35.413612365722656,34.94240951538086,34.96335220336914,4267609
2013-06-20,34.65968704223633,34.65968704223633,33.664920806884766,33.78010559082031,6756339
2013-06-21,34.062828063964844,34.062828063964844,33.382198333740234,33.937171936035156,5963784
2013-06-24,33.675392150878906,33.675392150878906,33.21466064453125,33.21466064453125,4919778
2013-06-25,33.4764404296875,33.6230354309082,33.19371795654297,33.48691177368164,5095403
2013-06-26,33.73822021484375,33.76963424682617,33.48691177368164,33.51832580566406,5099509
2013-06-27,33.811519622802734,34.586387634277344,33.801048278808594,34.429317474365234,5146686
2013-06-28,34.31413650512695,34.56544494628906,34.0523567199707,34.50261688232422,20544915
2013-07-01,35.21466064453125,36.28272247314453,35.047119140625,36.02094268798828,7396762
2013-07-02,36.01047134399414,36.366493225097656,35.633506774902344,36.03141403198242,3391014
2013-07-03,35.75916290283203,35.937171936035156,35.539268493652344,35.76963424682617,1523607
2013-07-05,36.03141403198242,36.28272247314453,35.86387252807617,36.198951721191406,1395351
2013-07-08,36.43979263305664,36.628273010253906,36.24083709716797,36.418846130371094,2300022
2013-07-09,36.64921569824219,37.05759048461914,36.63874435424805,36.98429489135742,3625085
2013-07-10,36.96335220336914,37.151832580566406,36.65968704223633,36.78533935546875,2403640
2013-07-11,37.21466064453125,37.29842758178711,36.607330322265625,36.74345397949219,3727843
2013-07-12,36.77486801147461,36.96335220336914,36.51308822631836,36.73298263549805,4064958
2013-07-15,36.9005241394043,37.43455505371094,36.74345397949219,37.109947204589844,2408415
2013-07-16,37.130889892578125,37.17277526855469,36.65968704223633,36.76439666748047,2369451
2013-07-17,36.96335220336914,36.97382354736328,36.70157241821289,36.81675338745117,1217816
2013-07-18,36.96335220336914,36.9947624206543,36.722511291503906,36.81675338745117,1378065
2013-07-19,36.869110107421875,37.25654602050781,36.73298263549805,37.19371795654297,2315302
2013-07-22,37.29842758178711,37.31937026977539,36.64921569824219,36.71204376220703,1471751
2013-07-23,36.879581451416016,36.91099548339844,36.607330322265625,36.67015838623047,1933684
2013-07-24,36.617801666259766,36.77486801147461,36.429317474365234,36.586387634277344,1958514
2013-07-25,36.54450225830078,36.848167419433594,36.356021881103516,36.80628204345703,2059744
2013-07-26,36.81675338745117,36.94240951538086,35.98952865600586,36.21989440917969,4433683
2013-07-29,36.198951721191406,36.324607849121094,35.633506774902344,35.821990966796875,3160573
2013-07-30,35.96858596801758,36.429317474365234,35.832462310791016,36.324607849121094,3077201
2013-07-31,36.43979263305664,36.71204376220703,36.24083709716797,36.450260162353516,3083122
2013-08-01,36.691097259521484,37.23560333251953,36.691097259521484,37.22513198852539,2502673
2013-08-02,37.03664779663086,37.371726989746094,36.83769607543945,37.371726989746094,2005500
2013-08-05,37.22513198852539,37.643978118896484,37.0994758605957,37.60209274291992,2307471
2013-08-06,37.45549774169922,37.6230354309082,37.34031295776367,37.570682525634766,2860416
2013-08-07,37.50785446166992,37.549739837646484,37.19371795654297,37.36125564575195,2266502
2013-08-08,37.50785446166992,37.570682525634766,36.879581451416016,36.91099548339844,2462277
2013-08-09,36.869110107421875,37.05759048461914,36.75392532348633,36.81675338745117,2220375
2013-08-12,36.628273010253906,36.77486801147461,36.20942306518555,36.26177978515625,2755939
2013-08-13,36.38743591308594,36.952880859375,36.29319381713867,36.70157241821289,2120960
2013-08-14,36.63874435424805,36.74345397949219,36.02094268798828,36.104713439941406,1855470
2013-08-15,35.842933654785156,35.895286560058594,35.60209274291992,35.832462310791016,2084383
2013-08-16,35.6230354309082,36.073299407958984,35.539268493652344,35.87434768676758,3521372
2013-08-19,35.821990966796875,35.895286560058594,35.34031295776367,35.371726989746094,2114943
2013-08-20,35.45549774169922,35.633506774902344,35.277488708496094,35.5287971496582,1579284
2013-08-21,35.48691177368164,36.01047134399414,35.31937026977539,35.50785446166992,2393421
2013-08-22,35.549739837646484,36.27225112915039,35.4240837097168,36.14659881591797,1975800
2013-08-23,36.167537689208984,36.188480377197266,35.382198333740234,35.4240837097168,3518507
2013-08-26,35.43455505371094,35.842933654785156,35.31937026977539,35.49738311767578,3548207
2013-08-27,35.109947204589844,35.141361236572266,34.80628204345703,34.98429489135742,3549449
2013-08-28,34.96335220336914,35.130889892578125,34.75392532348633,34.94240951538086,2364198
2013-08-29,34.79581069946289,35.047119140625,34.722511291503906,34.83769607543945,1749274
2013-08-30,34.890052795410156,34.952880859375,34.460731506347656,34.596858978271484,1709450
2013-09-03,35.03664779663086,35.141361236572266,34.38743591308594,34.48167419433594,2427992
2013-09-04,34.50261688232422,35.08900451660156,34.48167419433594,34.952880859375,2301932
2013-09-05,34.92146682739258,35.59162139892578,34.869110107421875,35.34031295776367,2070536
2013-09-06,35.4240837097168,35.49738311767578,34.869110107421875,35.19371795654297,2031763
2013-09-09,35.24607467651367,35.811519622802734,35.23560333251953,35.643978118896484,1576419
2013-09-10,35.76963424682617,36.01047134399414,35.633506774902344,35.842933654785156,2439070
2013-09-11,35.85340118408203,35.905757904052734,35.50785446166992,35.821990966796875,1864256
2013-09-12,35.654449462890625,35.801048278808594,35.29842758178711,35.34031295776367,2154671
2013-09-13,35.34031295776367,35.570682525634766,35.16230392456055,35.48691177368164,2248834
2013-09-16,35.916229248046875,36.20942306518555,35.71727752685547,36.20942306518555,2848956
2013-09-17,36.178009033203125,36.9947624206543,36.073299407958984,36.93193817138672,3114255
2013-09-18,36.83769607543945,37.18324661254883,36.55497360229492,37.109947204589844,2146458
2013-09-19,37.28795623779297,37.539268493652344,37.16230392456055,37.24607467651367,2495511
2013-09-20,37.23560333251953,37.277488708496094,36.53403091430664,36.53403091430664,2956967
2013-09-23,36.31413650512695,36.4712028503418,35.96858596801758,36.12565231323242,2384158
2013-09-24,36.062828063964844,36.49214553833008,35.916229248046875,36.062828063964844,2352356
2013-09-25,36.13612747192383,36.79581069946289,35.96858596801758,36.55497360229492,3229237
2013-09-26,36.617801666259766,36.952880859375,36.49214553833008,36.879581451416016,2275001
2013-09-27,36.628273010253906,36.76439666748047,36.418846130371094,36.596858978271484,1375869
2013-09-30,36.29319381713867,36.73298263549805,36.094242095947266,36.628273010253906,2824699
2013-10-01,36.65968704223633,36.97382354736328,36.607330322265625,36.75392532348633,1777733
2013-10-02,36.586387634277344,36.79581069946289,36.198951721191406,36.55497360229492,1925567
2013-10-03,36.43979263305664,36.5759162902832,36.083770751953125,36.429317474365234,2653850
2013-10-04,36.43979263305664,36.74345397949219,36.25130844116211,36.50261688232422,1589025
2013-10-07,36.21989440917969,36.4712028503418,35.926700592041016,36.24083709716797,1357246
2013-10-08,36.13612747192383,36.335079193115234,35.68586349487305,35.811519622802734,2594449
2013-10-09,35.75916290283203,36.26177978515625,35.72774887084961,35.97905731201172,2875028
2013-10-10,36.356021881103516,37.0052375793457,36.30366516113281,37.0052375793457,3058770
2013-10-11,36.94240951538086,37.48691177368164,36.869110107421875,37.28795623779297,2556440
2013-10-14,37.01570510864258,37.392669677734375,36.879581451416016,37.31937026977539,1420085
2013-10-15,37.17277526855469,37.25654602050781,36.617801666259766,36.74345397949219,2192489
2013-10-16,36.79581069946289,36.858638763427734,36.24083709716797,36.53403091430664,5856538
2013-10-17,36.429317474365234,37.4764404296875,36.418846130371094,37.413612365722656,2720604
2013-10-18,37.6230354309082,37.88481521606445,37.392669677734375,37.654449462890625,3044827
2013-10-21,37.73822021484375,37.895286560058594,37.46596908569336,37.539268493652344,2222858
2013-10-22,37.654449462890625,38.14659881591797,37.549739837646484,37.937171936035156,2689089
2013-10-23,37.69633483886719,37.97905731201172,37.664920806884766,37.926700592041016,1623309
2013-10-24,38.094242095947266,38.324607849121094,37.86387252807617,37.916229248046875,1552066
2013-10-25,37.78010559082031,38.20942306518555,37.581153869628906,38.20942306518555,1261460
2013-10-28,38.14659881591797,38.29319381713867,37.675392150878906,37.842933654785156,2186568
2013-10-29,37.916229248046875,38.27225112915039,37.87434768676758,38.167537689208984,1735522
2013-10-30,38.345550537109375,38.67015838623047,37.895286560058594,38.167537689208984,2494842
2013-10-31,38.13612747192383,38.51308822631836,37.811519622802734,38.27225112915039,2767304
2013-11-01,38.28272247314453,38.48167419433594,38.0523567199707,38.27225112915039,1497727
2013-11-04,38.345550537109375,38.356021881103516,38.02094268798828,38.356021881103516,1578711
2013-11-05,38.335079193115234,38.617801666259766,36.418846130371094,38.51308822631836,2575158
2013-11-06,38.51308822631836,38.586387634277344,37.96858596801758,38.198951721191406,2086198
2013-11-07,38.25130844116211,38.366493225097656,37.382198333740234,37.56020736694336,2466001
2013-11-08,37.6230354309082,38.23036575317383,37.59162139892578,38.11518478393555,2840648
2013-11-11,38.21989440917969,38.55497360229492,38.167537689208984,38.54450225830078,1355909
2013-11-12,38.3769645690918,38.4712028503418,37.75916290283203,38.0523567199707,3385953
2013-11-13,37.801048278808594,38.54450225830078,37.79057693481445,38.460731506347656,4319561
2013-11-14,38.869110107421875,39.79057693481445,38.74345397949219,39.371726989746094,6723869
2013-11-15,39.392669677734375,39.392669677734375,38.65968704223633,38.869110107421875,5303879
2013-11-18,38.81675338745117,39.570682525634766,38.80628204345703,39.371726989746094,3225799
2013-11-19,39.32984161376953,39.70680618286133,39.151832580566406,39.32984161376953,2084861
2013-11-20,39.29842758178711,39.413612365722656,38.848167419433594,38.9005241394043,2576877
2013-11-21,38.83769607543945,39.5287971496582,38.76439666748047,39.45549774169922,2929272
2013-11-22,39.35078430175781,40.25130844116211,39.20418930053711,40.24083709716797,4866585
2013-11-25,40.24083709716797,40.586387634277344,40.13612747192383,40.24083709716797,3158281
2013-11-26,40.178009033203125,40.596858978271484,39.832462310791016,39.86387252807617,3413075
2013-11-27,39.87434768676758,40.178009033203125,39.643978118896484,39.79057693481445,2694724
2013-11-29,39.95811462402344,40.345550537109375,39.6230354309082,39.937171936035156,1298514
2013-12-02,40.0,40.26177978515625,39.403141021728516,39.4764404296875,2404404
2013-12-03,39.26701736450195,39.72774887084961,39.17277526855469,39.643978118896484,3774065
2013-12-04,39.43455505371094,39.75916290283203,38.848167419433594,39.277488708496094,3876632
2013-12-05,39.277488708496094,39.46596908569336,38.92146682739258,39.0052375793457,2503342
2013-12-06,38.952880859375,39.68586349487305,38.890052795410156,39.5287971496582,2879516
2013-12-09,39.78010559082031,39.79057693481445,39.28795623779297,39.51832580566406,2107972
2013-12-10,39.48691177368164,39.916229248046875,39.277488708496094,39.29842758178711,2118572
2013-12-11,39.23560333251953,39.48691177368164,38.879581451416016,38.93193817138672,2368591
2013-12-12,38.93193817138672,39.70680618286133,38.869110107421875,39.570682525634766,3241652
2013-12-13,39.5287971496582,39.5287971496582,38.848167419433594,39.109947204589844,2788314
2013-12-16,39.24607467651367,39.916229248046875,39.120418548583984,39.71727752685547,2646592
2013-12-17,39.74869155883789,39.926700592041016,39.61256408691406,39.73822021484375,2122297
2013-12-18,39.675392150878906,40.98429489135742,39.49738311767578,40.91099548339844,3097256
2013-12-19,40.74345397949219,40.78533935546875,40.366493225097656,40.74345397949219,2094602
2013-12-20,40.78533935546875,41.570682525634766,40.71204376220703,41.46596908569336,3806248
2013-12-23,41.926700592041016,42.167537689208984,41.675392150878906,42.062828063964844,2758327
2013-12-24,41.95811462402344,42.157066345214844,41.937171936035156,42.14659881591797,944209
2013-12-26,41.25654602050781,42.63874435424805,41.25654602050781,42.53403091430664,1469172
2013-12-27,42.5759162902832,43.392669677734375,42.5759162902832,43.151832580566406,4193692
2013-12-30,43.07853317260742,43.371726989746094,42.97382354736328,43.120418548583984,2051436
2013-12-31,43.130889892578125,43.26701736450195,42.5759162902832,42.97382354736328,2503246
2014-01-02,42.80628204345703,43.01570510864258,42.366493225097656,42.5759162902832,2881522
2014-01-03,42.5759162902832,42.79581069946289,42.13612747192383,42.345550537109375,2331346
2014-01-06,42.93193817138672,43.61256408691406,42.691097259521484,42.75392532348633,3714759
2014-01-07,42.53403091430664,43.08900451660156,42.53403091430664,42.9005241394043,2476697
2014-01-08,43.371726989746094,43.46596908569336,42.92146682739258,43.0994758605957,3077583
2014-01-09,43.31937026977539,43.539268493652344,42.77486801147461,42.92146682739258,2030903
2014-01-10,42.94240951538086,43.0994758605957,42.628273010253906,43.05759048461914,2429807
2014-01-13,42.82722473144531,43.047119140625,42.11518478393555,42.24083709716797,2383012
2014-01-14,42.39790725708008,42.81675338745117,42.345550537109375,42.78533935546875,2686893
2014-01-15,42.71204376220703,43.23560333251953,42.64921569824219,43.21466064453125,1841622
2014-01-16,43.06806182861328,43.17277526855469,42.82722473144531,43.141361236572266,2104820
2014-01-17,43.19371795654297,43.392669677734375,43.02617645263672,43.32984161376953,2870157
2014-01-21,43.28795623779297,44.062828063964844,43.02617645263672,43.31937026977539,1752903
2014-01-22,43.20418930053711,43.382198333740234,42.9947624206543,43.277488708496094,2330009
2014-01-23,43.05759048461914,43.26701736450195,42.24083709716797,42.43979263305664,2764343
2014-01-24,42.04188537597656,42.198951721191406,41.25654602050781,41.25654602050781,2538104
2014-01-27,41.31937026977539,41.78010559082031,41.07853317260742,41.28795623779297,2511459
2014-01-28,41.36125564575195,41.937171936035156,41.35078430175781,41.832462310791016,2394281
2014-01-29,41.382198333740234,42.104713439941406,41.308902740478516,41.56020736694336,2141397
2014-01-30,41.78010559082031,41.842933654785156,41.36125564575195,41.539268493652344,3684390
2014-01-31,41.539268493652344,42.9005241394043,40.9947624206543,42.39790725708008,6191170
2014-02-03,42.5759162902832,42.78533935546875,41.34031295776367,41.413612365722656,3724214
2014-02-04,41.70680618286133,41.937171936035156,41.25654602050781,41.811519622802734,2936434
2014-02-05,41.6230354309082,42.30366516113281,41.382198333740234,42.157066345214844,3885895
2014-02-06,42.24083709716797,42.9005241394043,42.20942306518555,42.74345397949219,2438784
2014-02-07,42.93193817138672,43.633506774902344,42.74345397949219,43.50785446166992,2831384
2014-02-10,43.49738311767578,43.549739837646484,43.16230392456055,43.35078430175781,2786117
2014-02-11,43.403141021728516,43.76963424682617,43.25654602050781,43.570682525634766,2107972
2014-02-12,43.643978118896484,43.895286560058594,43.22513198852539,43.403141021728516,1743066
2014-02-13,43.308902740478516,43.78010559082031,43.03664779663086,43.70680618286133,1919837
2014-02-14,43.56020736694336,44.188480377197266,43.44502639770508,43.905757904052734,2821357
2014-02-18,44.12565231323242,44.30366516113281,44.01047134399414,44.167537689208984,1657116
2014-02-19,43.97905731201172,44.38743591308594,43.6230354309082,43.72774887084961,2149419
2014-02-20,43.811519622802734,44.3769645690918,43.49738311767578,44.24083709716797,2806077
2014-02-21,44.366493225097656,44.607330322265625,44.178009033203125,44.28272247314453,2359519
2014-02-24,44.356021881103516,44.93193817138672,44.356021881103516,44.55497360229492,3134215
2014-02-25,44.5235595703125,44.64921569824219,44.335079193115234,44.450260162353516,3875486
2014-02-26,44.48167419433594,44.9005241394043,44.39790725708008,44.628273010253906,2445851
2014-02-27,44.39790725708008,44.68062973022461,44.31413650512695,44.460731506347656,2466956
2014-02-28,44.5759162902832,44.617801666259766,43.95811462402344,44.167537689208984,2608392
2014-03-03,44.418846130371094,45.18324661254883,44.167537689208984,45.047119140625,3846263
2014-03-04,45.73822021484375,45.76963424682617,45.07853317260742,45.45549774169922,3531781
2014-03-05,45.59162139892578,45.905757904052734,45.28795623779297,45.73822021484375,2432099
2014-03-06,45.801048278808594,46.0523567199707,45.74869155883789,45.87434768676758,1912961
2014-03-07,45.97905731201172,46.178009033203125,45.70680618286133,45.88481521606445,2314729
2014-03-10,45.675392150878906,46.03141403198242,45.29842758178711,45.72774887084961,2247593
2014-03-11,45.842933654785156,45.895286560058594,44.869110107421875,44.93193817138672,2034341
2014-03-12,44.691097259521484,45.02617645263672,44.48167419433594,44.96335220336914,2936243
2014-03-13,45.120418548583984,45.392669677734375,44.38743591308594,44.64921569824219,3402665
2014-03-14,44.65968704223633,45.02617645263672,44.586387634277344,44.91099548339844,2744288
2014-03-17,45.07853317260742,45.69633483886719,45.07853317260742,45.45549774169922,2686702
2014-03-18,45.45549774169922,45.6230354309082,44.691097259521484,44.92146682739258,3471903
2014-03-19,44.93193817138672,45.0994758605957,44.167537689208984,44.345550537109375,3214244
2014-03-20,44.345550537109375,44.51308822631836,44.083770751953125,44.366493225097656,1605642
2014-03-21,44.71204376220703,44.92146682739258,44.418846130371094,44.722511291503906,3959621
2014-03-24,44.78533935546875,45.0052375793457,43.811519622802734,43.916229248046875,2424172
2014-03-25,44.20942306518555,44.40837860107422,43.88481521606445,44.157066345214844,1923275
2014-03-26,44.345550537109375,44.67015838623047,44.27225112915039,44.356021881103516,3554415
2014-03-27,44.335079193115234,44.418846130371094,43.570682525634766,43.643978118896484,3391778
2014-03-28,43.842933654785156,44.25130844116211,43.69633483886719,43.78010559082031,2351210
2014-03-31,43.97905731201172,44.5235595703125,43.74869155883789,44.39790725708008,2373939
2014-04-01,44.628273010253906,45.01570510864258,44.50261688232422,44.96335220336914,2898807
2014-04-02,44.92146682739258,45.07853317260742,44.429317474365234,44.43979263305664,3880547
2014-04-03,44.607330322265625,44.81675338745117,44.366493225097656,44.596858978271484,5540719
2014-04-04,44.80628204345703,45.02617645263672,44.157066345214844,44.27225112915039,1805428
2014-04-07,44.157066345214844,44.21989440917969,42.879581451416016,42.9947624206543,2715256
2014-04-08,42.94240951538086,43.34031295776367,42.429317474365234,43.28795623779297,3070898
2014-04-09,43.4764404296875,43.61256408691406,43.05759048461914,43.45549774169922,5914697
2014-04-10,43.46596908569336,43.98952865600586,42.890052795410156,42.91099548339844,3413648
2014-04-11,42.75392532348633,43.0052375793457,42.48167419433594,42.53403091430664,2188860
2014-04-14,42.74345397949219,43.05759048461914,42.324607849121094,42.64921569824219,2534857
2014-04-15,42.81675338745117,43.29842758178711,42.43979263305664,42.848167419433594,2963747
2014-04-16,43.109947204589844,43.51832580566406,42.93193817138672,43.51832580566406,2572866
2014-04-17,43.392669677734375,44.51308822631836,43.392669677734375,44.20942306518555,3769767
2014-04-21,44.24083709716797,44.5235595703125,44.23036575317383,44.50261688232422,1687581
2014-04-22,44.48167419433594,44.74345397949219,44.28272247314453,44.617801666259766,1625601
2014-04-23,44.50261688232422,44.879581451416016,44.31413650512695,44.39790725708008,2535430
2014-04-24,44.607330322265625,44.607330322265625,44.104713439941406,44.198951721191406,2446328
2014-04-25,43.4764404296875,44.062828063964844,42.81675338745117,43.23560333251953,8267817
2014-04-28,43.32984161376953,43.4764404296875,42.0523567199707,42.76439666748047,4909082
2014-04-29,42.879581451416016,43.130889892578125,42.607330322265625,42.92146682739258,2649839
2014-04-30,42.952880859375,43.25654602050781,42.63874435424805,42.82722473144531,3365229
2014-05-01,42.890052795410156,43.01570510864258,42.51308822631836,42.691097259521484,2309763
2014-05-02,42.73298263549805,43.18324661254883,42.617801666259766,42.73298263549805,2192489
2014-05-05,42.450260162353516,42.70157241821289,42.04188537597656,42.63874435424805,3543241
2014-05-06,42.607330322265625,42.82722473144531,42.429317474365234,42.5235595703125,2614408
2014-05-07,42.67015838623047,42.9947624206543,42.50261688232422,42.97382354736328,2823171
2014-05-08,42.97382354736328,43.5287971496582,42.848167419433594,43.20418930053711,2554243
2014-05-09,43.17277526855469,43.675392150878906,43.047119140625,43.549739837646484,2904728
2014-05-12,43.88481521606445,45.29842758178711,43.86387252807617,45.07853317260742,6438419
2014-05-13,45.05759048461914,45.46596908569336,44.94240951538086,44.96335220336914,2421498
2014-05-14,44.98429489135742,45.08900451660156,44.722511291503906,44.75392532348633,2020207
2014-05-15,44.586387634277344,44.607330322265625,44.0,44.460731506347656,1541275
2014-05-16,44.366493225097656,44.691097259521484,44.23036575317383,44.67015838623047,1877148
2014-05-19,44.54450225830078,45.277488708496094,44.4712028503418,45.20418930053711,1762739
2014-05-20,45.130889892578125,45.29842758178711,44.596858978271484,44.77486801147461,2208247
2014-05-21,44.97382354736328,45.18324661254883,44.48167419433594,44.63874435424805,2947512
2014-05-22,44.71204376220703,45.0994758605957,44.628273010253906,44.78533935546875,3425490
2014-05-23,44.879581451416016,45.4240837097168,44.75392532348633,45.32984161376953,1705439
2014-05-27,45.539268493652344,45.832462310791016,45.4240837097168,45.70680618286133,1910096
2014-05-28,45.832462310791016,46.345550537109375,45.74869155883789,45.78010559082031,2681258
2014-05-29,45.79057693481445,45.926700592041016,45.403141021728516,45.75916290283203,2683455
2014-05-30,45.69633483886719,45.87434768676758,45.59162139892578,45.69633483886719,3044349
2014-06-02,45.69633483886719,46.0,45.31937026977539,45.801048278808594,2697684
2014-06-03,45.59162139892578,45.801048278808594,45.141361236572266,45.31937026977539,3236877
2014-06-04,45.31937026977539,46.0,45.21466064453125,45.79057693481445,2862517
2014-06-05,45.937171936035156,46.167537689208984,45.6230354309082,45.9476432800293,2241863
2014-06-06,46.167537689208984,46.53403091430664,46.167537689208984,46.5235595703125,2591966
2014-06-09,46.607330322265625,47.120418548583984,46.51308822631836,46.952880859375,1724348
2014-06-10,46.869110107421875,47.02617645263672,46.53403091430664,46.68062973022461,2313774
2014-06-11,46.5759162902832,46.858638763427734,46.40837860107422,46.76439666748047,1919646
2014-06-12,46.77486801147461,46.97382354736328,46.5759162902832,46.71204376220703,2616987
2014-06-13,46.73298263549805,46.952880859375,46.450260162353516,46.858638763427734,1714321
2014-06-16,46.81675338745117,47.73822021484375,46.81675338745117,47.50785446166992,3568644
2014-06-17,47.382198333740234,48.25130844116211,47.34031295776367,48.167537689208984,3516979
2014-06-18,48.0,48.43979263305664,47.76963424682617,48.3769645690918,2597887
2014-06-19,48.356021881103516,48.83769607543945,48.157066345214844,48.64921569824219,3907192
2014-06-20,48.77486801147461,48.77486801147461,48.25130844116211,48.40837860107422,4833924
2014-06-23,48.40837860107422,48.4712028503418,47.95811462402344,48.13612747192383,3316811
2014-06-24,48.083770751953125,48.26177978515625,47.69633483886719,47.73822021484375,3026682
2014-06-25,47.59162139892578,48.062828063964844,47.21466064453125,47.98952865600586,3792878
2014-06-26,48.02094268798828,48.02094268798828,47.46596908569336,47.78010559082031,3342023
2014-06-27,47.801048278808594,48.188480377197266,47.0052375793457,47.51832580566406,25377406
2014-06-30,47.34031295776367,47.895286560058594,46.952880859375,47.74869155883789,6730554
2014-07-01,47.842933654785156,48.26177978515625,47.78010559082031,48.04188537597656,2051340
2014-07-02,47.87434768676758,48.14659881591797,47.539268493652344,47.76963424682617,2372125
2014-07-03,47.821990966796875,48.23036575317383,47.811519622802734,48.11518478393555,1357055
2014-07-07,47.937171936035156,47.937171936035156,47.35078430175781,47.46596908569336,2258002
2014-07-08,47.392669677734375,47.56020736694336,47.08900451660156,47.16230392456055,3362651
2014-07-09,47.29842758178711,47.70680618286133,47.18324661254883,47.20418930053711,3164011
2014-07-10,46.82722473144531,47.16230392456055,46.63874435424805,46.93193817138672,2528076
2014-07-11,46.97382354736328,47.56020736694336,46.97382354736328,47.43455505371094,2202708
2014-07-14,47.643978118896484,47.916229248046875,47.371726989746094,47.403141021728516,2236133
2014-07-15,47.413612365722656,47.821990966796875,47.28795623779297,47.539268493652344,2517380
2014-07-16,47.71727752685547,47.88481521606445,47.43455505371094,47.59162139892578,2169569
2014-07-17,47.18324661254883,47.6230354309082,46.73298263549805,46.76439666748047,2230403
2014-07-18,46.9005241394043,47.392669677734375,46.79581069946289,47.371726989746094,1517304
2014-07-21,47.36125564575195,47.570682525634766,47.047119140625,47.49738311767578,2144835
2014-07-22,47.79057693481445,48.0,47.43455505371094,47.44502639770508,2557586
2014-07-23,47.24607467651367,47.392669677734375,46.98429489135742,47.03664779663086,2527599
2014-07-24,47.02617645263672,47.35078430175781,46.858638763427734,46.92146682739258,2335262
2014-07-25,47.109947204589844,48.01047134399414,47.109947204589844,47.34031295776367,3626135
2014-07-28,47.36125564575195,47.61256408691406,47.01570510864258,47.43455505371094,3391587
2014-07-29,47.46596908569336,47.675392150878906,46.70157241821289,46.73298263549805,3446691
2014-07-30,46.78533935546875,46.97382354736328,46.24083709716797,46.586387634277344,3640938
2014-07-31,46.356021881103516,46.450260162353516,45.151832580566406,45.18324661254883,4489933
2014-08-01,45.141361236572266,45.308902740478516,44.43979263305664,45.130889892578125,4010045
2014-08-04,45.32984161376953,45.45549774169922,44.98429489135742,45.36125564575195,1775536
2014-08-05,45.22513198852539,45.539268493652344,44.80628204345703,44.98429489135742,1694934
2014-08-06,44.67015838623047,45.07853317260742,44.5759162902832,44.848167419433594,2154003
2014-08-07,45.16230392456055,45.28795623779297,44.63874435424805,44.71204376220703,2079035
2014-08-08,44.76439666748047,45.5287971496582,44.73298263549805,45.51832580566406,2352165
2014-08-11,45.633506774902344,45.916229248046875,45.4764404296875,45.51832580566406,1244461
2014-08-12,45.4240837097168,45.69633483886719,45.29842758178711,45.413612365722656,1213137
2014-08-13,45.60209274291992,45.905757904052734,45.570682525634766,45.895286560058594,1316945
2014-08-14,45.88481521606445,46.188480377197266,45.85340118408203,46.04188537597656,1489323
2014-08-15,46.20942306518555,46.24083709716797,45.49738311767578,45.926700592041016,1709641
2014-08-18,46.29319381713867,46.65968704223633,46.24083709716797,46.54450225830078,1481683
2014-08-19,46.586387634277344,46.92146682739258,46.55497360229492,46.82722473144531,1480728
2014-08-20,46.890052795410156,47.21466064453125,46.75392532348633,47.0994758605957,1803327
2014-08-21,47.17277526855469,47.371726989746094,47.08900451660156,47.277488708496094,1085262
2014-08-22,47.20418930053711,47.34031295776367,46.9947624206543,47.05759048461914,1553785
2014-08-25,47.23560333251953,47.35078430175781,46.75392532348633,46.76439666748047,1899304
2014-08-26,46.92146682739258,46.92146682739258,46.366493225097656,46.48167419433594,2101287
2014-08-27,46.56544494628906,46.76439666748047,46.4712028503418,46.63874435424805,1947150
2014-08-28,46.48167419433594,46.869110107421875,46.157066345214844,46.79581069946289,3098689
2014-08-29,46.82722473144531,46.92146682739258,46.39790725708008,46.722511291503906,1949251
2014-09-02,46.722511291503906,46.858638763427734,46.062828063964844,46.23036575317383,3331995
2014-09-03,46.39790725708008,46.4712028503418,46.03141403198242,46.0523567199707,2118095
2014-09-04,46.12565231323242,46.157066345214844,45.74869155883789,45.78010559082031,3493295
2014-09-05,45.68586349487305,46.188480377197266,45.549739837646484,46.167537689208984,2535048
2014-09-08,46.083770751953125,46.38743591308594,46.073299407958984,46.26177978515625,2477557
2014-09-09,46.27225112915039,46.29319381713867,46.02094268798828,46.0523567199707,2383012
2014-09-10,46.04188537597656,46.63874435424805,45.88481521606445,46.3769645690918,2919531
2014-09-11,46.345550537109375,47.20418930053711,46.157066345214844,47.047119140625,4123117
2014-09-12,47.05759048461914,47.120418548583984,46.356021881103516,46.418846130371094,3056764
2014-09-15,46.335079193115234,46.450260162353516,46.094242095947266,46.30366516113281,2603808
2014-09-16,46.20942306518555,46.65968704223633,46.12565231323242,46.54450225830078,2871972
2014-09-17,46.56544494628906,46.78533935546875,46.23036575317383,46.39790725708008,2952765
2014-09-18,46.51308822631836,47.28795623779297,46.38743591308594,47.16230392456055,3203070
2014-09-19,47.22513198852539,47.35078430175781,46.81675338745117,47.02617645263672,5515125
2014-09-22,47.01570510864258,47.05759048461914,46.67015838623047,46.75392532348633,2533233
2014-09-23,46.56544494628906,46.67015838623047,46.429317474365234,46.43979263305664,2482236
2014-09-24,46.31413650512695,46.5235595703125,46.27225112915039,46.3769645690918,3833179
2014-09-25,46.188480377197266,46.324607849121094,45.79057693481445,45.85340118408203,3115497
2014-09-26,45.85340118408203,46.3769645690918,45.69633483886719,46.31413650512695,2445278
2014-09-29,46.24083709716797,46.40837860107422,45.821990966796875,46.38743591308594,3043108
2014-09-30,46.43979263305664,46.73298263549805,46.335079193115234,46.67015838623047,3571509
2014-10-01,46.56544494628906,46.9005241394043,46.429317474365234,46.5235595703125,5381043
2014-10-02,46.38743591308594,46.54450225830078,44.952880859375,45.29842758178711,5078786
2014-10-03,45.539268493652344,45.75916290283203,45.403141021728516,45.549739837646484,3431029
2014-10-06,45.664920806884766,45.71727752685547,44.94240951538086,44.97382354736328,4279546
2014-10-07,44.56544494628906,44.73298263549805,44.30366516113281,44.3769645690918,3494823
2014-10-08,44.51308822631836,45.75916290283203,44.39790725708008,45.74869155883789,5408547
2014-10-09,45.73822021484375,45.801048278808594,44.345550537109375,44.48167419433594,5105144
2014-10-10,44.55497360229492,44.890052795410156,43.96858596801758,44.01047134399414,6646896
2014-10-13,44.14659881591797,44.30366516113281,43.4764404296875,43.49738311767578,5704693
2014-10-14,43.32984161376953,43.49738311767578,41.31937026977539,41.56020736694336,9506261
2014-10-15,40.65968704223633,40.98429489135742,39.9476432800293,40.78533935546875,6877433
2014-10-16,40.073299407958984,41.19371795654297,40.073299407958984,40.76439666748047,5276471
2014-10-17,41.48691177368164,42.596858978271484,41.44502639770508,42.083770751953125,3834898
2014-10-20,41.86387252807617,42.28272247314453,41.664920806884766,42.0523567199707,2711818
2014-10-21,42.49214553833008,42.858638763427734,42.27225112915039,42.82722473144531,4510370
2014-10-22,42.70157241821289,42.73298263549805,41.821990966796875,41.96858596801758,3808922
2014-10-23,42.55497360229492,43.28795623779297,42.4712028503418,42.96335220336914,3203261
2014-10-24,42.96335220336914,43.570682525634766,42.722511291503906,43.549739837646484,1632859
2014-10-27,43.44502639770508,43.6230354309082,42.92146682739258,43.35078430175781,2483096
2014-10-28,43.56020736694336,44.073299407958984,43.48691177368164,44.062828063964844,1608507
2014-10-29,43.95811462402344,44.30366516113281,43.76963424682617,44.178009033203125,2330296
2014-10-30,44.01047134399414,44.4712028503418,43.654449462890625,44.23036575317383,1557987
2014-10-31,44.91099548339844,44.97382354736328,44.4712028503418,44.952880859375,2547558
2014-11-03,44.93193817138672,45.06806182861328,44.628273010253906,44.76439666748047,1784322
2014-11-04,44.78533935546875,45.0052375793457,44.628273010253906,44.98429489135742,2292478
2014-11-05,45.141361236572266,45.277488708496094,44.81675338745117,45.16230392456055,1284953
2014-11-06,45.19371795654297,45.5287971496582,45.109947204589844,45.48691177368164,1498109
2014-11-07,45.46596908569336,45.60209274291992,45.19371795654297,45.35078430175781,1994040
2014-11-10,45.26701736450195,45.72774887084961,45.16230392456055,45.71727752685547,1750324
2014-11-11,45.87434768676758,46.178009033203125,45.35078430175781,45.43455505371094,2309954
2014-11-12,45.35078430175781,45.539268493652344,45.109947204589844,45.403141021728516,3442298
2014-11-13,44.64921569824219,44.79581069946289,43.72774887084961,44.43979263305664,6054891
2014-11-14,44.450260162353516,44.5759162902832,44.083770751953125,44.39790725708008,2859939
2014-11-17,44.23036575317383,44.64921569824219,44.167537689208984,44.607330322265625,1865306
2014-11-18,44.56544494628906,44.628273010253906,43.86387252807617,43.926700592041016,3010065
2014-11-19,43.937171936035156,43.937171936035156,43.44502639770508,43.581153869628906,2287225
2014-11-20,43.308902740478516,43.4240837097168,43.20418930053711,43.25654602050781,2969382
2014-11-21,43.74869155883789,45.277488708496094,43.59162139892578,44.91099548339844,5586082
2014-11-24,44.617801666259766,44.83769607543945,44.23036575317383,44.5235595703125,3605698
2014-11-25,44.586387634277344,45.6230354309082,44.356021881103516,45.4240837097168,5478071
2014-11-26,45.130889892578125,45.25654602050781,44.607330322265625,44.869110107421875,3021811
2014-11-28,44.70157241821289,44.92146682739258,44.43979263305664,44.92146682739258,4971539
2014-12-01,44.71204376220703,45.22513198852539,44.418846130371094,44.890052795410156,3424535
2014-12-02,45.047119140625,45.36125564575195,44.77486801147461,45.19371795654297,2591584
2014-12-03,45.413612365722656,45.821990966796875,45.28795623779297,45.49738311767578,2727003
2014-12-04,45.392669677734375,45.48691177368164,44.879581451416016,45.28795623779297,2595690
2014-12-05,45.28795623779297,45.664920806884766,45.22513198852539,45.403141021728516,1560566
2014-12-08,45.403141021728516,45.59162139892578,45.109947204589844,45.413612365722656,2155244
2014-12-09,44.9005241394043,45.43455505371094,44.79581069946289,45.403141021728516,1801990
2014-12-10,45.277488708496094,45.392669677734375,44.324607849121094,44.39790725708008,2760619
2014-12-11,44.4712028503418,44.63874435424805,44.03141403198242,44.167537689208984,2101382
2014-12-12,43.675392150878906,44.03141403198242,43.46596908569336,43.50785446166992,2227442
2014-12-15,43.821990966796875,44.0,43.403141021728516,43.56020736694336,3075769
2014-12-16,43.48691177368164,44.607330322265625,43.4764404296875,43.56020736694336,3220642
2014-12-17,43.539268493652344,43.916229248046875,43.151832580566406,43.821990966796875,2723851
2014-12-18,44.63874435424805,45.03664779663086,44.335079193115234,45.03664779663086,2214263
2014-12-19,45.277488708496094,45.5287971496582,45.17277526855469,45.19371795654297,4085490
2014-12-22,45.277488708496094,45.78010559082031,45.17277526855469,45.76963424682617,1539842
2014-12-23,45.95811462402344,46.73298263549805,45.87434768676758,46.460731506347656,1439376
2014-12-24,46.54450225830078,46.952880859375,46.54450225830078,46.80628204345703,928451
2014-12-26,46.82722473144531,46.94240951538086,46.429317474365234,46.48167419433594,1121457
2014-12-29,46.38743591308594,46.848167419433594,46.335079193115234,46.67015838623047,956242
2014-12-30,46.4712028503418,46.596858978271484,46.167537689208984,46.30366516113281,876404
2014-12-31,46.48167419433594,46.54450225830078,45.895286560058594,45.926700592041016,1274830
2015-01-02,46.062828063964844,46.198951721191406,45.34031295776367,45.664920806884766,1665329
2015-01-05,45.277488708496094,45.56020736694336,44.91099548339844,44.97382354736328,1621017
2015-01-06,44.890052795410156,44.94240951538086,43.9476432800293,44.48167419433594,2111792
2015-01-07,44.77486801147461,45.21466064453125,44.68062973022461,45.19371795654297,2606482
2015-01-08,45.4764404296875,46.062828063964844,45.45549774169922,46.062828063964844,2564557
2015-01-09,46.14659881591797,46.31413650512695,45.61256408691406,45.78010559082031,2570478
2015-01-12,45.832462310791016,45.86387252807617,45.18324661254883,45.308902740478516,2405072
2015-01-13,45.539268493652344,45.96858596801758,45.06806182861328,45.403141021728516,3210042
2015-01-14,44.858638763427734,44.952880859375,44.178009033203125,44.879581451416016,2171575
2015-01-15,44.92146682739258,45.02617645263672,44.5235595703125,44.65968704223633,2929654
2015-01-16,44.366493225097656,44.55497360229492,43.87434768676758,44.50261688232422,2835968
2015-01-20,44.26177978515625,44.596858978271484,43.78010559082031,44.11518478393555,2946080
2015-01-21,43.811519622802734,44.345550537109375,43.801048278808594,44.11518478393555,2252559
2015-01-22,44.03141403198242,44.596858978271484,43.46596908569336,44.586387634277344,2575062
2015-01-23,44.4712028503418,44.586387634277344,44.25130844116211,44.38743591308594,1725399
2015-01-26,44.27225112915039,44.39790725708008,43.96858596801758,44.188480377197266,2222572
2015-01-27,43.664920806884766,43.821990966796875,43.16230392456055,43.56020736694336,3218159
2015-01-28,43.842933654785156,44.11518478393555,43.141361236572266,43.17277526855469,2256665
2015-01-29,43.0052375793457,43.811519622802734,42.890052795410156,43.675392150878906,3346989
2015-01-30,41.98952865600586,43.413612365722656,41.76963424682617,42.73298263549805,5473392
2015-02-02,42.691097259521484,43.549739837646484,42.366493225097656,43.392669677734375,4268946
2015-02-03,43.570682525634766,44.157066345214844,43.382198333740234,43.821990966796875,3204980
2015-02-04,43.48691177368164,43.937171936035156,43.24607467651367,43.36125564575195,3068893
2015-02-05,43.50785446166992,44.073299407958984,43.382198333740234,44.02094268798828,2007410
2015-02-06,44.083770751953125,44.20942306518555,43.308902740478516,43.5287971496582,4453165
2015-02-09,43.403141021728516,43.97905731201172,43.32984161376953,43.72774887084961,4872697
2015-02-10,43.95811462402344,44.083770751953125,43.78010559082031,43.937171936035156,4632037
2015-02-11,43.937171936035156,44.198951721191406,43.72774887084961,43.916229248046875,3938898
2015-02-12,43.97905731201172,45.06806182861328,43.97905731201172,44.94240951538086,4637194
2015-02-13,44.869110107421875,45.34031295776367,44.83769607543945,45.22513198852539,3686109
2015-02-17,45.19371795654297,45.382198333740234,44.98429489135742,45.151832580566406,1425338
2015-02-18,45.16230392456055,45.45549774169922,44.63874435424805,44.78533935546875,3537416
2015-02-19,44.77486801147461,45.047119140625,44.63874435424805,44.75392532348633,1389812
2015-02-20,44.56544494628906,44.75392532348633,43.97905731201172,44.71204376220703,2569141
2015-02-23,44.70157241821289,44.71204376220703,44.198951721191406,44.49214553833008,1958132
2015-02-24,44.418846130371094,44.71204376220703,44.198951721191406,44.617801666259766,1338528
2015-02-25,44.628273010253906,45.23560333251953,44.429317474365234,44.92146682739258,2855832
2015-02-26,44.858638763427734,44.94240951538086,44.586387634277344,44.70157241821289,1607647
2015-02-27,44.71204376220703,44.83769607543945,44.11518478393555,44.20942306518555,2881426
2015-03-02,44.20942306518555,45.29842758178711,44.167537689208984,45.29842758178711,3204980
2015-03-03,44.98429489135742,45.18324661254883,44.73298263549805,45.151832580566406,2016483
2015-03-04,45.02617645263672,45.02617645263672,44.450260162353516,44.81675338745117,2678871
2015-03-05,44.83769607543945,44.91099548339844,44.586387634277344,44.68062973022461,1066640
2015-03-06,44.366493225097656,44.56544494628906,43.98952865600586,44.083770751953125,1800844
2015-03-09,43.916229248046875,44.71204376220703,43.88481521606445,44.5235595703125,1520647
2015-03-10,44.083770751953125,44.083770751953125,43.60209274291992,43.60209274291992,1748701
2015-03-11,43.59162139892578,43.71727752685547,43.4240837097168,43.51832580566406,1417411
2015-03-12,43.76963424682617,44.460731506347656,43.68586349487305,44.3769645690918,1225265
2015-03-13,44.3769645690918,44.4712028503418,43.5287971496582,44.062828063964844,2038925
2015-03-16,44.24083709716797,44.49214553833008,44.073299407958984,44.31413650512695,1594086
2015-03-17,44.14659881591797,44.39790725708008,44.104713439941406,44.27225112915039,1528573
2015-03-18,44.13612747192383,45.18324661254883,43.926700592041016,44.94240951538086,1729028
2015-03-19,44.75392532348633,44.82722473144531,44.345550537109375,44.67015838623047,1108564
2015-03-20,45.05759048461914,45.22513198852539,44.74345397949219,45.17277526855469,2972724
2015-03-23,46.02094268798828,46.073299407958984,45.36125564575195,45.50785446166992,2676483
2015-03-24,45.392669677734375,45.72774887084961,45.26701736450195,45.36125564575195,2129937
2015-03-25,45.382198333740234,45.5287971496582,45.047119140625,45.16230392456055,3204407
2015-03-26,45.02617645263672,45.02617645263672,44.607330322265625,44.70157241821289,1678317
2015-03-27,44.54450225830078,44.82722473144531,44.324607849121094,44.80628204345703,1351898
2015-03-30,44.94240951538086,45.76963424682617,44.91099548339844,45.50785446166992,1580525
2015-03-31,45.36125564575195,45.46596908569336,45.01570510864258,45.08900451660156,1713939
2015-04-01,45.0052375793457,45.4240837097168,44.429317474365234,45.109947204589844,2585854
2015-04-02,45.01570510864258,45.570682525634766,44.82722473144531,45.371726989746094,1803900
2015-04-06,44.97382354736328,45.45549774169922,44.79581069946289,45.22513198852539,1593704
2015-04-07,45.18324661254883,45.29842758178711,44.78533935546875,44.81675338745117,1499732
2015-04-08,44.81675338745117,45.151832580566406,44.722511291503906,45.03664779663086,2353311
2015-04-09,45.03664779663086,45.581153869628906,44.96335220336914,45.50785446166992,1755577
2015-04-10,45.50785446166992,45.74869155883789,45.28795623779297,45.49738311767578,945355
2015-04-13,45.382198333740234,45.392669677734375,45.06806182861328,45.18324661254883,1128237
2015-04-14,45.08900451660156,45.32984161376953,44.80628204345703,45.25654602050781,1529433
2015-04-15,45.29842758178711,45.6230354309082,45.24607467651367,45.413612365722656,1281228
2015-04-16,45.277488708496094,45.549739837646484,45.05759048461914,45.35078430175781,1018126
2015-04-17,44.96335220336914,45.0052375793457,44.28272247314453,44.429317474365234,3000992
2015-04-20,44.607330322265625,44.890052795410156,44.51308822631836,44.75392532348633,1360207
2015-04-21,45.0052375793457,45.34031295776367,44.460731506347656,44.5759162902832,1722438
2015-04-22,44.39790725708008,44.691097259521484,44.104713439941406,44.607330322265625,1481492
2015-04-23,44.4712028503418,44.9947624206543,44.3769645690918,44.596858978271484,2826991
2015-04-24,41.71727752685547,43.45549774169922,41.59162139892578,41.926700592041016,12089823
2015-04-27,42.073299407958984,42.324607849121094,41.78010559082031,41.895286560058594,5573285
2015-04-28,41.926700592041016,41.96858596801758,41.43455505371094,41.85340118408203,2527599
2015-04-29,41.88481521606445,42.157066345214844,41.69633483886719,41.895286560058594,4054644
2015-04-30,41.71727752685547,41.832462310791016,41.109947204589844,41.23560333251953,4628694
2015-05-01,41.28795623779297,41.633506774902344,41.25654602050781,41.49738311767578,2680017
2015-05-04,41.51832580566406,41.926700592041016,41.51832580566406,41.74869155883789,2222667
2015-05-05,41.78010559082031,41.937171936035156,41.24607467651367,41.36125564575195,2324184
2015-05-06,41.654449462890625,41.78010559082031,41.151832580566406,41.45549774169922,2455783
2015-05-07,41.539268493652344,41.74869155883789,41.24607467651367,41.44502639770508,1363931
2015-05-08,41.69633483886719,42.0,41.4764404296875,41.643978118896484,2694724
2015-05-11,41.61256408691406,41.85340118408203,41.35078430175781,41.371726989746094,1720051
2015-05-12,41.26701736450195,41.371726989746094,40.869110107421875,40.890052795410156,2882572
2015-05-13,40.97382354736328,41.36125564575195,40.97382354736328,41.130889892578125,2791179
2015-05-14,41.36125564575195,41.56020736694336,41.0052375793457,41.4764404296875,3290835
2015-05-15,41.43455505371094,41.6230354309082,41.20418930053711,41.32984161376953,2327908
2015-05-18,41.20418930053711,41.78010559082031,41.16230392456055,41.6230354309082,2252368
2015-05-19,41.832462310791016,42.39790725708008,41.79057693481445,42.083770751953125,5706603
2015-05-20,41.811519622802734,42.79581069946289,41.811519622802734,42.75392532348633,8044729
2015-05-21,42.63874435424805,43.07853317260742,42.4712028503418,42.81675338745117,4762012
2015-05-22,42.722511291503906,42.9947624206543,42.5759162902832,42.858638763427734,2307662
2015-05-26,42.722511291503906,42.79581069946289,42.29319381713867,42.324607849121094,2873977
2015-05-27,42.29319381713867,42.722511291503906,42.27225112915039,42.691097259521484,1586828
2015-05-28,42.55497360229492,42.68062973022461,42.38743591308594,42.67015838623047,1744117
2015-05-29,42.70157241821289,42.70157241821289,42.188480377197266,42.26177978515625,3050175
2015-06-01,42.29319381713867,42.366493225097656,42.0523567199707,42.167537689208984,2103388
2015-06-02,42.11518478393555,42.324607849121094,41.937171936035156,42.26177978515625,3009874
2015-06-03,42.450260162353516,42.628273010253906,42.28272247314453,42.460731506347656,1140939
2015-06-04,42.13612747192383,42.345550537109375,41.9476432800293,42.01047134399414,1474329
2015-06-05,41.895286560058594,42.14659881591797,41.821990966796875,42.11518478393555,1298036
2015-06-08,42.02094268798828,42.167537689208984,41.916229248046875,41.96858596801758,2014000
2015-06-09,42.01047134399414,42.26177978515625,41.916229248046875,42.12565231323242,1773722
2015-06-10,42.21989440917969,42.586387634277344,42.167537689208984,42.3769645690918,1281419
2015-06-11,42.450260162353516,42.596858978271484,42.30366516113281,42.51308822631836,1252005
2015-06-12,42.40837860107422,42.418846130371094,42.02094268798828,42.178009033203125,1708400
2015-06-15,41.821990966796875,41.832462310791016,41.047119140625,41.50785446166992,1920219
2015-06-16,41.50785446166992,41.832462310791016,41.23560333251953,41.801048278808594,1976850
2015-06-17,41.811519622802734,42.39790725708008,41.76963424682617,42.167537689208984,2393899
2015-06-18,42.30366516113281,42.628273010253906,42.14659881591797,42.356021881103516,2595022
2015-06-19,42.178009033203125,42.335079193115234,41.96858596801758,42.03141403198242,2280827
2015-06-22,42.14659881591797,42.30366516113281,41.88481521606445,41.88481521606445,2035105
2015-06-23,41.916229248046875,42.073299407958984,41.60209274291992,41.70680618286133,3073095
2015-06-24,41.664920806884766,41.88481521606445,41.539268493652344,41.570682525634766,3198295
2015-06-25,41.51832580566406,41.76963424682617,41.03664779663086,41.05759048461914,2082187
2015-06-26,41.06806182861328,41.413612365722656,40.98429489135742,41.24607467651367,2227347
2015-06-29,40.83769607543945,40.952880859375,40.104713439941406,40.13612747192383,1852605
2015-06-30,40.418846130371094,40.55497360229492,40.03141403198242,40.29319381713867,3081594
2015-07-01,40.54450225830078,40.70157241821289,40.31413650512695,40.67015838623047,2183894
2015-07-02,40.76439666748047,40.83769607543945,40.062828063964844,40.21989440917969,1977041
2015-07-06,39.79057693481445,40.27225112915039,39.73822021484375,40.01047134399414,1696844
2015-07-07,40.03141403198242,40.55497360229492,39.643978118896484,40.51308822631836,2366968
2015-07-08,40.073299407958984,40.188480377197266,39.45549774169922,39.549739837646484,1621304
2015-07-09,39.95811462402344,40.31413650512695,39.74869155883789,39.75916290283203,3865172
2015-07-10,40.188480377197266,40.30366516113281,39.43455505371094,39.49738311767578,3284532
2015-07-13,39.79057693481445,40.0523567199707,39.76963424682617,39.926700592041016,2240621
2015-07-14,39.937171936035156,40.14659881591797,39.832462310791016,39.905757904052734,3096588
2015-07-15,39.9476432800293,40.083770751953125,39.664920806884766,39.96858596801758,2006073
2015-07-16,40.24083709716797,40.54450225830078,40.188480377197266,40.366493225097656,4072884
2015-07-17,40.29319381713867,40.366493225097656,40.02094268798828,40.20942306518555,1961761
2015-07-20,40.167537689208984,40.188480377197266,39.9476432800293,40.11518478393555,2268221
2015-07-21,40.062828063964844,40.167537689208984,39.86387252807617,39.87434768676758,2095270
2015-07-22,39.68586349487305,39.74869155883789,38.94240951538086,38.94240951538086,2705420
2015-07-23,38.93193817138672,39.23560333251953,38.73298263549805,38.81675338745117,2353025
2015-07-24,38.75392532348633,38.78533935546875,38.13612747192383,38.157066345214844,2874837
2015-07-27,37.937171936035156,38.345550537109375,37.905757904052734,38.0,3196863
2015-07-28,38.188480377197266,38.27225112915039,37.61256408691406,38.157066345214844,6974938
2015-07-29,38.157066345214844,38.63874435424805,38.02094268798828,38.5235595703125,6029966
2015-07-30,38.345550537109375,38.81675338745117,38.335079193115234,38.67015838623047,3236018
2015-07-31,38.96335220336914,40.23036575317383,38.952880859375,39.78010559082031,5520664
2015-08-03,39.78010559082031,40.0523567199707,39.22513198852539,39.97905731201172,3814843
2015-08-04,40.062828063964844,40.65968704223633,39.937171936035156,40.073299407958984,2960118
2015-08-05,40.418846130371094,40.43979263305664,39.905757904052734,40.083770751953125,1941229
2015-08-06,40.198951721191406,40.28272247314453,39.95811462402344,40.13612747192383,2057357
2015-08-07,40.083770751953125,40.178009033203125,39.549739837646484,39.76963424682617,1511383
2015-08-10,40.12565231323242,40.43979263305664,40.073299407958984,40.345550537109375,2145026
2015-08-11,39.86387252807617,39.96858596801758,39.5287971496582,39.6230354309082,1143899
2015-08-12,39.277488708496094,39.895286560058594,39.16230392456055,39.68586349487305,3635685
2015-08-13,39.59162139892578,39.70680618286133,39.22513198852539,39.23560333251953,2457979
2015-08-14,39.29842758178711,39.5287971496582,39.19371795654297,39.382198333740234,2109404
2015-08-17,39.277488708496094,39.86387252807617,38.97382354736328,39.75916290283203,3129726
2015-08-18,39.75916290283203,40.01047134399414,39.675392150878906,39.86387252807617,2065570
2015-08-19,39.4764404296875,40.14659881591797,39.141361236572266,39.17277526855469,2125830
2015-08-20,38.83769607543945,39.047119140625,38.4712028503418,38.48167419433594,2497994
2015-08-21,38.188480377197266,38.28272247314453,37.56020736694336,37.6230354309082,3248815
2015-08-24,35.72774887084961,37.308902740478516,35.61256408691406,36.24083709716797,5161966
2015-08-25,37.18324661254883,37.44502639770508,36.335079193115234,36.38743591308594,5976868
2015-08-26,37.18324661254883,37.26701736450195,36.366493225097656,37.19371795654297,3607704
2015-08-27,37.6230354309082,38.188480377197266,37.371726989746094,38.13612747192383,2924783
2015-08-28,37.95811462402344,38.20942306518555,37.842933654785156,38.094242095947266,1391913
2015-08-31,37.937171936035156,38.30366516113281,37.75916290283203,38.0,2281973
2015-09-01,37.08900451660156,37.581153869628906,36.9005241394043,37.0994758605957,3820573
2015-09-02,37.45549774169922,37.69633483886719,37.01570510864258,37.69633483886719,2205095
2015-09-03,37.74869155883789,38.418846130371094,37.60209274291992,37.87434768676758,2273282
2015-09-04,37.392669677734375,37.392669677734375,36.96335220336914,37.07853317260742,2445946
2015-09-08,37.675392150878906,38.11518478393555,37.48691177368164,38.094242095947266,1793872
2015-09-09,38.40837860107422,38.49214553833008,37.49738311767578,37.549739837646484,1652437
2015-09-10,37.56020736694336,37.71727752685547,37.24607467651367,37.413612365722656,1789097
2015-09-11,37.4240837097168,37.654449462890625,37.16230392456055,37.654449462890625,1203969
2015-09-14,37.654449462890625,37.74869155883789,37.308902740478516,37.73822021484375,2590342
2015-09-15,37.821990966796875,38.39790725708008,37.675392150878906,38.345550537109375,2313965
2015-09-16,38.345550537109375,38.70157241821289,38.25130844116211,38.628273010253906,1933111
2015-09-17,38.56544494628906,38.76439666748047,38.062828063964844,38.14659881591797,1745167
2015-09-18,37.70680618286133,37.70680618286133,37.08900451660156,37.19371795654297,2924210
2015-09-21,37.308902740478516,37.43455505371094,37.0052375793457,37.18324661254883,1482829
2015-09-22,36.74345397949219,36.79581069946289,36.29319381713867,36.55497360229492,1445106
2015-09-23,36.55497360229492,36.68062973022461,36.157066345214844,36.25130844116211,1962334
2015-09-24,35.73822021484375,35.937171936035156,35.34031295776367,35.832462310791016,3172988
2015-09-25,36.157066345214844,36.324607849121094,35.87434768676758,36.094242095947266,1655779
2015-09-28,35.86387252807617,35.937171936035156,35.07853317260742,35.130889892578125,1755481
2015-09-29,35.130889892578125,35.23560333251953,34.617801666259766,34.96335220336914,4551435
2015-09-30,35.25654602050781,35.49738311767578,34.71204376220703,35.03664779663086,4137538
2015-10-01,35.109947204589844,35.50785446166992,34.858638763427734,35.46596908569336,3214053
2015-10-02,35.0052375793457,36.01047134399414,34.63874435424805,36.01047134399414,2874264
2015-10-05,36.12565231323242,36.64921569824219,34.75392532348633,36.51308822631836,3767953
2015-10-06,36.48167419433594,36.92146682739258,36.418846130371094,36.82722473144531,2678871
2015-10-07,37.03664779663086,37.69633483886719,37.03664779663086,37.25654602050781,3265432
2015-10-08,36.607330322265625,38.14659881591797,36.607330322265625,37.937171936035156,2652417
2015-10-09,38.01047134399414,38.29319381713867,37.76963424682617,38.073299407958984,1869890
2015-10-12,38.104713439941406,38.178009033203125,37.71727752685547,37.78010559082031,1345022
2015-10-13,37.50785446166992,37.926700592041016,37.371726989746094,37.4240837097168,2100523
2015-10-14,37.36125564575195,38.04188537597656,37.22513198852539,37.75916290283203,2179310
2015-10-15,37.9476432800293,38.20942306518555,37.48691177368164,38.178009033203125,2275861
2015-10-16,38.24083709716797,38.39790725708008,37.86387252807617,38.188480377197266,2881808
2015-10-19,37.95811462402344,38.21989440917969,37.70680618286133,37.85340118408203,1713270
2015-10-20,37.633506774902344,38.38743591308594,37.633506774902344,38.356021881103516,1987164
2015-10-21,38.24083709716797,38.40837860107422,37.68586349487305,37.75916290283203,2046279
2015-10-22,37.88481521606445,39.36125564575195,37.832462310791016,38.9005241394043,3027350
2015-10-23,39.06806182861328,39.20418930053711,38.49214553833008,38.691097259521484,2434868
2015-10-26,38.722511291503906,38.890052795410156,38.25130844116211,38.31413650512695,1393918
2015-10-27,38.03141403198242,38.167537689208984,37.413612365722656,37.68586349487305,1942661
2015-10-28,37.916229248046875,38.27225112915039,37.43455505371094,37.926700592041016,2714397
2015-10-29,37.88481521606445,38.25130844116211,37.71727752685547,38.198951721191406,1960997
2015-10-30,38.28272247314453,38.429317474365234,38.083770751953125,38.157066345214844,3354151
2015-11-02,38.198951721191406,38.9005241394043,38.01047134399414,38.80628204345703,1920887
2015-11-03,38.79581069946289,39.01570510864258,38.56544494628906,38.83769607543945,1568683
2015-11-04,38.91099548339844,39.151832580566406,38.64921569824219,38.74345397949219,3811692
2015-11-05,38.78533935546875,38.92146682739258,38.356021881103516,38.65968704223633,1417316
2015-11-06,38.450260162353516,38.78533935546875,38.23036575317383,38.76439666748047,1854133
2015-11-09,38.64921569824219,38.848167419433594,38.418846130371094,38.50261688232422,3108430
2015-11-10,38.48167419433594,38.691097259521484,38.062828063964844,38.450260162353516,2776854
2015-11-11,39.02617645263672,39.382198333740234,38.93193817138672,39.0994758605957,3204598
2015-11-12,38.77486801147461,39.02617645263672,38.167537689208984,38.21989440917969,3019137
2015-11-13,36.27225112915039,37.28795623779297,35.73822021484375,36.97382354736328,7657763
2015-11-16,36.879581451416016,37.549739837646484,36.73298263549805,37.392669677734375,5336731
2015-11-17,37.581153869628906,37.69633483886719,37.02617645263672,37.151832580566406,3669015
2015-11-18,37.17277526855469,37.581153869628906,36.98429489135742,37.5287971496582,2851821
2015-11-19,37.56020736694336,37.68586349487305,37.24607467651367,37.51832580566406,1762930
2015-11-20,37.581153869628906,37.811519622802734,37.141361236572266,37.31937026977539,4387843
2015-11-23,36.77486801147461,37.413612365722656,36.596858978271484,36.97382354736328,3054854
2015-11-24,36.80628204345703,37.01570510864258,36.51308822631836,36.869110107421875,3723736
2015-11-25,36.869110107421875,37.047119140625,36.48167419433594,36.91099548339844,2654900
2015-11-27,36.94240951538086,37.120418548583984,36.64921569824219,36.80628204345703,1013064
2015-11-30,36.94240951538086,37.35078430175781,36.869110107421875,36.97382354736328,2709622
2015-12-01,37.05759048461914,37.19371795654297,36.418846130371094,36.63874435424805,2732924
2015-12-02,36.51308822631836,36.617801666259766,35.581153869628906,35.69633483886719,4058655
2015-12-03,35.79057693481445,35.97905731201172,35.0994758605957,35.32984161376953,2604763
2015-12-04,35.43455505371094,35.643978118896484,35.06806182861328,35.56020736694336,3223125
2015-12-07,35.48691177368164,35.60209274291992,35.17277526855469,35.4240837097168,2067289
2015-12-08,35.07853317260742,35.32984161376953,34.722511291503906,34.79581069946289,2028038
2015-12-09,34.691097259521484,35.23560333251953,34.56544494628906,34.81675338745117,1890041
2015-12-10,34.81675338745117,34.858638763427734,34.429317474365234,34.51308822631836,6414735
2015-12-11,34.24083709716797,34.460731506347656,33.905757904052734,33.98952865600586,3049602
2015-12-14,33.6230354309082,33.71727752685547,32.96335220336914,33.26701736450195,5173713
2015-12-15,33.56020736694336,33.905757904052734,32.9947624206543,33.34031295776367,4835356
2015-12-16,33.43455505371094,33.821990966796875,33.21466064453125,33.73822021484375,2234605
2015-12-17,33.664920806884766,33.832462310791016,32.722511291503906,32.75392532348633,3852470
2015-12-18,32.596858978271484,32.722511291503906,32.29319381713867,32.29319381713867,4127319
2015-12-21,32.5759162902832,32.848167419433594,32.429317474365234,32.64921569824219,2769405
2015-12-22,32.73298263549805,33.44502639770508,32.65968704223633,33.24607467651367,2325330
2015-12-23,33.539268493652344,34.094242095947266,33.5287971496582,33.85340118408203,3816849
2015-12-24,33.68586349487305,33.895286560058594,33.46596908569336,33.61256408691406,1311024
2015-12-28,33.549739837646484,33.821990966796875,33.36125564575195,33.71727752685547,1455134
2015-12-29,33.895286560058594,34.21989440917969,33.86387252807617,34.188480377197266,1870559
2015-12-30,34.083770751953125,34.23036575317383,33.664920806884766,33.71727752685547,1538983
2015-12-31,33.539268493652344,33.88481521606445,33.382198333740234,33.392669677734375,2016960
2016-01-04,32.92146682739258,33.413612365722656,32.869110107421875,33.28795623779297,3318912
2016-01-05,33.25654602050781,33.4764404296875,32.70157241821289,32.890052795410156,3283099
2016-01-06,32.073299407958984,32.586387634277344,31.863874435424805,32.5759162902832,5867711
2016-01-07,31.905759811401367,32.23036575317383,31.612564086914062,31.74869155883789,3120558
2016-01-08,31.958114624023438,32.178009033203125,31.633508682250977,31.696334838867188,3259129
2016-01-11,31.75916290283203,31.958114624023438,31.45549774169922,31.706806182861328,3598822
2016-01-12,32.25130844116211,32.77486801147461,31.75916290283203,32.01047134399414,4440655
2016-01-13,32.68062973022461,33.02617645263672,31.057592391967773,31.21466064453125,3161814
2016-01-14,31.2879581451416,31.958114624023438,30.99476432800293,31.643978118896484,3916169
2016-01-15,30.900524139404297,31.853403091430664,30.900524139404297,31.71727752685547,4019118
2016-01-19,32.27225112915039,32.27225112915039,31.560209274291992,31.958114624023438,4565378
2016-01-20,30.942407608032227,31.49738121032715,30.303665161132812,31.225130081176758,4572158
2016-01-21,31.193716049194336,31.832460403442383,30.952880859375,31.403141021728516,2977499
2016-01-22,31.80104637145996,32.20942306518555,31.612564086914062,32.03141403198242,2124398
2016-01-25,34.40837860107422,36.01047134399414,33.581153869628906,35.75916290283203,22872059
2016-01-26,35.20418930053711,35.86387252807617,34.64921569824219,35.581153869628906,8051223
2016-01-27,35.539268493652344,36.3769645690918,35.03664779663086,35.20418930053711,6547671
2016-01-28,35.61256408691406,35.801048278808594,34.96335220336914,35.05759048461914,4597943
2016-01-29,35.905757904052734,36.40837860107422,35.539268493652344,36.01047134399414,4978129
2016-02-01,35.801048278808594,36.11518478393555,35.21466064453125,35.68586349487305,3567689
2016-02-02,35.35078430175781,35.43455505371094,35.120418548583984,35.34031295776367,4370176
2016-02-03,35.633506774902344,36.198951721191406,35.382198333740234,35.895286560058594,5171039
2016-02-04,35.59162139892578,36.67015838623047,35.46596908569336,36.335079193115234,4525650
2016-02-05,36.27225112915039,36.64921569824219,36.094242095947266,36.628273010253906,5099605
2016-02-08,36.324607849121094,36.49214553833008,35.98952865600586,36.366493225097656,3081499
2016-02-09,36.083770751953125,36.49214553833008,36.01047134399414,36.28272247314453,3356730
2016-02-10,36.335079193115234,36.64921569824219,35.654449462890625,35.70680618286133,4315550
2016-02-11,35.20418930053711,35.45549774169922,34.4712028503418,34.81675338745117,2863472
2016-02-12,35.109947204589844,35.20418930053711,34.55497360229492,35.0994758605957,4829817
2016-02-16,35.60209274291992,35.96858596801758,35.308902740478516,35.811519622802734,3213002
2016-02-17,35.811519622802734,36.71204376220703,35.76963424682617,36.596858978271484,3350236
2016-02-18,36.607330322265625,36.70157241821289,36.062828063964844,36.12565231323242,3830696
2016-02-19,36.062828063964844,36.12565231323242,34.71204376220703,35.151832580566406,7676863
2016-02-22,35.20418930053711,35.86387252807617,35.20418930053711,35.78010559082031,4195220
2016-02-23,35.60209274291992,36.0,35.26701736450195,35.413612365722656,3175757
2016-02-24,35.130889892578125,36.073299407958984,34.56544494628906,36.02094268798828,4623346
2016-02-25,36.178009033203125,36.53403091430664,35.654449462890625,36.5235595703125,4810717
2016-02-26,36.64921569824219,37.151832580566406,36.586387634277344,37.07853317260742,3618400
2016-02-29,37.0052375793457,37.0994758605957,36.71204376220703,36.83769607543945,5408261
2016-03-01,37.109947204589844,37.71727752685547,37.03664779663086,37.71727752685547,4043757
2016-03-02,37.69633483886719,37.811519622802734,37.392669677734375,37.56020736694336,2452345
2016-03-03,37.403141021728516,37.86387252807617,37.36125564575195,37.821990966796875,2223145
2016-03-04,37.821990966796875,38.094242095947266,37.60209274291992,38.01047134399414,2901099
2016-03-07,37.87434768676758,38.12565231323242,37.633506774902344,38.04188537597656,1899782
2016-03-08,37.87434768676758,37.95811462402344,37.32984161376953,37.4764404296875,2887920
2016-03-09,37.633506774902344,37.821990966796875,37.60209274291992,37.68586349487305,1521793
2016-03-10,37.73822021484375,37.96858596801758,36.93193817138672,37.08900451660156,2161452
2016-03-11,37.29842758178711,38.02094268798828,37.29842758178711,37.98952865600586,1549297
2016-03-14,37.937171936035156,38.24083709716797,37.87434768676758,38.157066345214844,1189930
2016-03-15,37.832462310791016,37.842933654785156,37.56020736694336,37.79057693481445,1071510
2016-03-16,37.60209274291992,38.23036575317383,37.4240837097168,38.062828063964844,1181526
2016-03-17,38.104713439941406,38.53403091430664,38.03141403198242,38.40837860107422,1994327
2016-03-18,38.54450225830078,38.67015838623047,38.23036575317383,38.28272247314453,5077735
2016-03-21,38.366493225097656,38.366493225097656,38.073299407958984,38.23036575317383,2124398
2016-03-22,38.073299407958984,38.23036575317383,37.75916290283203,37.87434768676758,3207941
2016-03-23,37.75916290283203,37.895286560058594,37.36125564575195,37.403141021728516,2425414
2016-03-24,37.29842758178711,37.72774887084961,37.05759048461914,37.70680618286133,2000439
2016-03-28,37.87434768676758,38.094242095947266,37.801048278808594,37.87434768676758,2053441
2016-03-29,37.69633483886719,38.01047134399414,37.60209274291992,37.86387252807617,2890690
2016-03-30,38.167537689208984,38.54450225830078,37.9476432800293,38.345550537109375,3434658
2016-03-31,38.335079193115234,38.56544494628906,38.14659881591797,38.43979263305664,2795954
2016-04-01,38.178009033203125,38.628273010253906,37.926700592041016,38.54450225830078,1954694
2016-04-04,38.50261688232422,38.607330322265625,38.21989440917969,38.23036575317383,1382840
2016-04-05,37.633506774902344,37.633506774902344,36.65968704223633,37.08900451660156,5541865
2016-04-06,37.01570510864258,37.08900451660156,36.29319381713867,36.9005241394043,5000762
2016-04-07,36.79581069946289,37.151832580566406,36.39790725708008,36.70157241821289,3918747
2016-04-08,37.01570510864258,37.643978118896484,36.9947624206543,37.08900451660156,2453968
2016-04-11,37.130889892578125,37.61256408691406,37.130889892578125,37.31937026977539,1980575
2016-04-12,37.35078430175781,37.97905731201172,37.35078430175781,37.664920806884766,1675357
2016-04-13,37.79057693481445,38.54450225830078,37.72774887084961,38.43979263305664,2536289
2016-04-14,38.48167419433594,38.80628204345703,38.27225112915039,38.77486801147461,2821739
2016-04-15,38.82722473144531,38.9005241394043,38.38743591308594,38.5235595703125,1417411
2016-04-18,38.40837860107422,38.890052795410156,38.25130844116211,38.691097259521484,1324490
2016-04-19,38.858638763427734,39.08900451660156,38.460731506347656,38.460731506347656,3224940
2016-04-20,38.3769645690918,38.586387634277344,38.0,38.38743591308594,2291045
2016-04-21,38.952880859375,40.98429489135742,38.82722473144531,40.67015838623047,5590188
2016-04-22,40.55497360229492,41.371726989746094,40.53403091430664,41.03664779663086,3357398
2016-04-25,40.9947624206543,41.02617645263672,40.71204376220703,40.98429489135742,2772079
2016-04-26,40.9947624206543,41.50785446166992,40.9947624206543,41.29842758178711,2754602
2016-04-27,41.29842758178711,41.79057693481445,41.24607467651367,41.59162139892578,2936243
2016-04-28,41.20418930053711,42.0,41.05759048461914,41.25654602050781,2443750
2016-04-29,40.722511291503906,40.75392532348633,39.96858596801758,40.335079193115234,3601974
2016-05-02,40.48167419433594,40.65968704223633,39.98952865600586,40.12565231323242,2313010
2016-05-03,39.821990966796875,39.821990966796875,39.08900451660156,39.570682525634766,3342596
2016-05-04,39.371726989746094,39.570682525634766,38.722511291503906,39.08900451660156,3548494
2016-05-05,39.0994758605957,39.549739837646484,38.96335220336914,38.9947624206543,2581270
2016-05-06,38.65968704223633,39.49738311767578,38.450260162353516,39.43455505371094,2410802
2016-05-09,39.21466064453125,39.581153869628906,39.17277526855469,39.45549774169922,1664374
2016-05-10,39.60209274291992,40.188480377197266,39.4764404296875,40.083770751953125,2625295
2016-05-11,40.188480377197266,40.50261688232422,39.88481521606445,40.29319381713867,2674573
2016-05-12,40.29319381713867,40.890052795410156,40.178009033203125,40.5235595703125,3431411
2016-05-13,40.418846130371094,41.02617645263672,39.97905731201172,40.178009033203125,1982771
2016-05-16,40.26177978515625,42.31413650512695,40.02094268798828,42.12565231323242,4917391
2016-05-17,41.95811462402344,42.450260162353516,41.51832580566406,42.01047134399414,5730764
2016-05-18,41.801048278808594,42.5235595703125,41.539268493652344,42.094242095947266,3836713
2016-05-19,41.842933654785156,42.418846130371094,41.643978118896484,42.25130844116211,2989437
2016-05-20,42.51308822631836,43.109947204589844,42.50261688232422,43.06806182861328,3933741
2016-05-23,43.0994758605957,43.413612365722656,42.858638763427734,43.130889892578125,3506760
2016-05-24,43.31937026977539,44.429317474365234,43.23560333251953,44.345550537109375,3276032
2016-05-25,44.418846130371094,45.01570510864258,44.3769645690918,44.70157241821289,2980078
2016-05-26,45.01570510864258,45.08900451660156,44.49214553833008,44.63874435424805,2630739
2016-05-27,44.596858978271484,44.858638763427734,44.54450225830078,44.691097259521484,1953357
2016-05-31,44.75392532348633,44.879581451416016,44.3769645690918,44.628273010253906,2642772
2016-06-01,44.356021881103516,45.308902740478516,44.062828063964844,45.277488708496094,4078805
2016-06-02,45.23560333251953,45.549739837646484,44.97382354736328,45.48691177368164,3328175
2016-06-03,45.44502639770508,45.48691177368164,44.92146682739258,45.29842758178711,2121628
2016-06-06,45.45549774169922,45.60209274291992,45.141361236572266,45.36125564575195,2966994
2016-06-07,45.4764404296875,45.71727752685547,45.403141021728516,45.46596908569336,2592157
2016-06-08,45.51832580566406,45.72774887084961,45.36125564575195,45.48691177368164,3023817
2016-06-09,45.17277526855469,45.821990966796875,45.047119140625,45.74869155883789,3172892
2016-06-10,45.4764404296875,45.905757904052734,45.29842758178711,45.539268493652344,2365535
2016-06-13,45.50785446166992,45.85340118408203,45.31937026977539,45.34031295776367,2686606
2016-06-14,45.28795623779297,45.6230354309082,45.03664779663086,45.34031295776367,2121055
2016-06-15,45.4240837097168,45.539268493652344,45.01570510864258,45.07853317260742,2040835
2016-06-16,44.91099548339844,45.371726989746094,44.54450225830078,45.277488708496094,3423102
2016-06-17,45.28795623779297,45.308902740478516,44.82722473144531,45.01570510864258,2608965
2016-06-20,45.51832580566406,45.842933654785156,45.130889892578125,45.19371795654297,2521773
2016-06-21,45.23560333251953,45.49738311767578,45.07853317260742,45.21466064453125,2623576
2016-06-22,45.28795623779297,45.6230354309082,45.120418548583984,45.51832580566406,1488463
2016-06-23,45.98952865600586,46.0523567199707,45.811519622802734,46.04188537597656,1699041
2016-06-24,44.38743591308594,44.76439666748047,43.403141021728516,43.56020736694336,8887517
2016-06-27,43.08900451660156,43.141361236572266,41.68586349487305,42.11518478393555,4473889
2016-06-28,42.54450225830078,42.94240951538086,41.88481521606445,42.869110107421875,5789115
2016-06-29,43.56020736694336,43.801048278808594,43.18324661254883,43.664920806884766,3204025
2016-06-30,43.87434768676758,44.92146682739258,43.87434768676758,44.607330322265625,4774618
2016-07-01,44.75392532348633,45.382198333740234,44.607330322265625,44.9005241394043,2084479
2016-07-05,44.75392532348633,44.75392532348633,43.48691177368164,43.549739837646484,3520321
2016-07-06,43.34031295776367,43.570682525634766,42.79581069946289,43.51832580566406,3560909
2016-07-07,43.51832580566406,43.86387252807617,43.0994758605957,43.69633483886719,3152360
2016-07-08,43.95811462402344,44.848167419433594,42.21989440917969,44.78533935546875,4759816
2016-07-11,44.9947624206543,45.277488708496094,44.848167419433594,44.98429489135742,1666093
2016-07-12,45.277488708496094,45.51832580566406,45.047119140625,45.130889892578125,3214244
2016-07-13,45.151832580566406,45.45549774169922,44.848167419433594,45.35078430175781,3308884
2016-07-14,45.79057693481445,46.03141403198242,45.36125564575195,45.382198333740234,2038257
2016-07-15,45.5287971496582,45.56020736694336,44.98429489135742,45.22513198852539,3139085
2016-07-18,45.392669677734375,45.403141021728516,45.03664779663086,45.18324661254883,1476526
2016-07-19,45.17277526855469,45.34031295776367,44.9947624206543,45.24607467651367,2122679
2016-07-20,45.06806182861328,45.35078430175781,44.890052795410156,45.26701736450195,3269252
2016-07-21,45.28795623779297,47.832462310791016,45.28795623779297,46.70157241821289,9185954
2016-07-22,46.617801666259766,47.95811462402344,46.429317474365234,47.916229248046875,5151175
2016-07-25,47.895286560058594,47.895286560058594,47.109947204589844,47.29842758178711,2359041
2016-07-26,47.32984161376953,47.87434768676758,47.32984161376953,47.72774887084961,2551092
2016-07-27,47.75916290283203,48.30366516113281,47.69633483886719,47.895286560058594,3130777
2016-07-28,47.675392150878906,47.675392150878906,46.98429489135742,47.549739837646484,1994518
2016-07-29,47.130889892578125,47.905757904052734,47.109947204589844,47.71727752685547,2258862
2016-08-01,47.71727752685547,48.366493225097656,47.34031295776367,47.916229248046875,3112632
2016-08-02,47.75916290283203,47.842933654785156,46.869110107421875,47.130889892578125,2564557
2016-08-03,46.73298263549805,47.06806182861328,46.345550537109375,47.06806182861328,3362937
2016-08-04,47.16230392456055,47.277488708496094,46.48167419433594,46.722511291503906,2056211
2016-08-05,46.98429489135742,47.50785446166992,46.96335220336914,47.45549774169922,1371667
2016-08-08,47.50785446166992,47.78010559082031,47.19371795654297,47.29842758178711,1204160
2016-08-09,47.43455505371094,47.43455505371094,46.628273010253906,46.83769607543945,1299851
2016-08-10,46.79581069946289,46.952880859375,46.586387634277344,46.78533935546875,1175319
2016-08-11,46.82722473144531,46.92146682739258,46.26177978515625,46.586387634277344,2689185
2016-08-12,46.4712028503418,46.4712028503418,45.643978118896484,45.87434768676758,2451772
2016-08-15,45.905757904052734,46.324607849121094,45.78010559082031,46.23036575317383,1664661
2016-08-16,46.178009033203125,46.3769645690918,45.56020736694336,46.03141403198242,3628905
2016-08-17,45.98952865600586,46.29319381713867,45.6230354309082,46.26177978515625,3280234
2016-08-18,46.26177978515625,47.03664779663086,46.12565231323242,47.02617645263672,3302772
2016-08-19,46.879581451416016,47.34031295776367,46.722511291503906,47.07853317260742,2754698
2016-08-22,46.9005241394043,47.06806182861328,46.29319381713867,46.429317474365234,2831766
2016-08-23,46.64921569824219,47.59162139892578,46.607330322265625,47.24607467651367,6025191
2016-08-24,47.07853317260742,47.277488708496094,45.916229248046875,46.25130844116211,5568796
2016-08-25,46.13612747192383,46.50261688232422,46.062828063964844,46.198951721191406,4102680
2016-08-26,46.198951721191406,46.48167419433594,45.74869155883789,45.75916290283203,3597676
2016-08-29,45.79057693481445,46.49214553833008,45.79057693481445,46.366493225097656,3536652
2016-08-30,46.43979263305664,46.43979263305664,46.0,46.073299407958984,5932842
2016-08-31,45.88481521606445,46.617801666259766,45.61256408691406,45.73822021484375,4810908
2016-09-01,45.79057693481445,47.130889892578125,45.79057693481445,47.130889892578125,6300422
2016-09-02,47.633506774902344,48.23036575317383,47.45549774169922,47.73822021484375,27850570
2016-09-06,47.65999984741211,48.970001220703125,47.25,48.900001525878906,6146400
2016-09-07,48.83000183105469,48.93000030517578,47.06999969482422,47.220001220703125,10753600
2016-09-08,47.5099983215332,47.97999954223633,47.27000045776367,47.86000061035156,10999300
2016-09-09,47.58000183105469,47.70000076293945,45.70000076293945,45.70000076293945,12709700
2016-09-12,45.27000045776367,46.400001525878906,44.630001068115234,46.099998474121094,13340200
2016-09-13,45.47999954223633,45.84000015258789,44.439998626708984,44.849998474121094,10513700
2016-09-14,44.91999816894531,44.97999954223633,44.369998931884766,44.529998779296875,7276800
2016-09-15,44.4900016784668,44.77000045776367,44.209999084472656,44.279998779296875,7445500
2016-09-16,44.470001220703125,44.900001525878906,44.29999923706055,44.54999923706055,8395700
2016-09-19,44.709999084472656,44.7599983215332,43.869998931884766,44.20000076293945,6704300
2016-09-20,44.41999816894531,44.5099983215332,43.77000045776367,43.939998626708984,7665800
2016-09-21,44.2599983215332,44.599998474121094,43.970001220703125,44.54999923706055,8083100
2016-09-22,44.93000030517578,45.349998474121094,44.81999969482422,44.959999084472656,4841300
2016-09-23,44.7599983215332,44.900001525878906,44.38999938964844,44.38999938964844,5536800
2016-09-26,43.9900016784668,44.540000915527344,43.529998779296875,44.290000915527344,4386700
2016-09-27,44.29999923706055,45.04999923706055,43.61000061035156,44.97999954223633,9300800
2016-09-28,45.2599983215332,46.369998931884766,45.08000183105469,46.209999084472656,9520000
2016-09-29,46.220001220703125,46.619998931884766,45.75,45.90999984741211,7051600
2016-09-30,46.290000915527344,46.790000915527344,45.810001373291016,46.529998779296875,6369000
2016-10-03,46.31999969482422,46.86000061035156,46.209999084472656,46.34000015258789,4764800
2016-10-04,46.400001525878906,46.529998779296875,45.25,45.470001220703125,4639200
2016-10-05,45.61000061035156,46.439998626708984,45.540000915527344,45.95000076293945,4951100
2016-10-06,45.779998779296875,45.939998626708984,45.349998474121094,45.650001525878906,3797100
2016-10-07,45.790000915527344,45.97999954223633,45.2400016784668,45.290000915527344,3851000
2016-10-10,45.45000076293945,45.650001525878906,44.68000030517578,44.7400016784668,3736400
2016-10-11,44.31999969482422,44.810001373291016,44.02000045776367,44.2400016784668,4336900
2016-10-12,44.22999954223633,44.439998626708984,44.02000045776367,44.189998626708984,3606100
2016-10-13,43.790000915527344,43.93000030517578,42.88999938964844,43.4900016784668,5997100
2016-10-14,43.79999923706055,44.29999923706055,43.66999816894531,43.880001068115234,5328600
2016-10-17,43.88999938964844,44.81999969482422,43.65999984741211,43.7400016784668,10730100
2016-10-18,44.22999954223633,44.27000045776367,43.849998474121094,43.970001220703125,7937700
2016-10-19,44.189998626708984,44.810001373291016,43.9900016784668,44.380001068115234,4713600
2016-10-20,44.369998931884766,44.58000183105469,44.16999816894531,44.189998626708984,5724800
2016-10-21,43.869998931884766,44.15999984741211,43.459999084472656,44.060001373291016,3719000
2016-10-24,44.56999969482422,44.720001220703125,44.189998626708984,44.38999938964844,3602000
2016-10-25,44.27000045776367,44.349998474121094,43.75,43.90999984741211,3972600
2016-10-26,43.720001220703125,44.189998626708984,43.630001068115234,44.09000015258789,3890400
2016-10-27,44.220001220703125,44.40999984741211,43.84000015258789,44.0099983215332,4656700
2016-10-28,43.97999954223633,44.20000076293945,43.54999923706055,43.7599983215332,6006900
2016-10-31,39.290000915527344,40.650001525878906,39.15999984741211,40.31999969482422,16630600
2016-11-01,40.810001373291016,41.58000183105469,40.810001373291016,41.2599983215332,8530700
2016-11-02,41.2400016784668,41.4900016784668,41.08000183105469,41.349998474121094,7198600
2016-11-03,41.4900016784668,41.63999938964844,40.619998931884766,40.810001373291016,4515100
2016-11-04,40.970001220703125,41.18000030517578,40.650001525878906,40.880001068115234,5362500
2016-11-07,41.599998474121094,42.029998779296875,41.27000045776367,41.56999969482422,7389800
2016-11-08,43.0,44.380001068115234,42.33000183105469,43.939998626708984,12196100
2016-11-09,43.70000076293945,44.380001068115234,42.88999938964844,43.84000015258789,10083800
2016-11-10,44.11000061035156,45.310001373291016,44.11000061035156,45.25,9671000
2016-11-11,45.029998779296875,45.27000045776367,43.93000030517578,44.15999984741211,6603700
2016-11-14,44.2599983215332,44.380001068115234,43.27000045776367,44.06999969482422,6311300
2016-11-15,44.2599983215332,44.599998474121094,44.11000061035156,44.5,5239600
2016-11-16,44.52000045776367,44.59000015258789,44.20000076293945,44.5099983215332,4424400
2016-11-17,44.66999816894531,45.0,44.540000915527344,44.7400016784668,4809200
2016-11-18,44.619998931884766,44.86000061035156,44.54999923706055,44.709999084472656,4641800
2016-11-21,44.779998779296875,45.029998779296875,44.63999938964844,44.849998474121094,4570000
2016-11-22,44.93000030517578,45.349998474121094,44.7599983215332,45.25,4480000
2016-11-23,45.25,45.63999938964844,45.209999084472656,45.61000061035156,3650900
2016-11-25,45.650001525878906,45.88999938964844,45.529998779296875,45.88999938964844,1412600
2016-11-28,45.72999954223633,46.16999816894531,44.959999084472656,44.970001220703125,6220400
2016-11-29,44.91999816894531,45.869998931884766,44.91999816894531,45.380001068115234,5292600
2016-11-30,45.54999923706055,45.81999969482422,44.97999954223633,44.97999954223633,4012900
2016-12-01,45.099998474121094,45.810001373291016,45.099998474121094,45.72999954223633,6191800
2016-12-02,45.66999816894531,45.779998779296875,44.97999954223633,45.31999969482422,4771400
2016-12-05,45.38999938964844,45.90999984741211,44.54999923706055,44.630001068115234,6506400
2016-12-06,44.47999954223633,44.47999954223633,43.40999984741211,44.099998474121094,9801800
2016-12-07,44.349998474121094,44.5,43.720001220703125,44.27000045776367,6694700
2016-12-08,44.06999969482422,44.22999954223633,43.529998779296875,43.650001525878906,5674200
2016-12-09,43.68000030517578,43.849998474121094,43.5099983215332,43.72999954223633,5066900
2016-12-12,43.33000183105469,43.79999923706055,43.2599983215332,43.38999938964844,4725100
2016-12-13,43.650001525878906,43.849998474121094,43.33000183105469,43.439998626708984,5776000
2016-12-14,43.18000030517578,43.810001373291016,42.90999984741211,42.9900016784668,5263100
2016-12-15,42.97999954223633,43.369998931884766,42.380001068115234,42.41999816894531,8167500
2016-12-16,42.47999954223633,42.66999816894531,41.95000076293945,42.08000183105469,12472800
2016-12-19,42.09000015258789,42.47999954223633,41.93000030517578,42.310001373291016,4807800
2016-12-20,42.650001525878906,42.95000076293945,42.189998626708984,42.869998931884766,4318100
2016-12-21,43.0,43.4900016784668,42.79999923706055,42.810001373291016,5183800
2016-12-22,42.79999923706055,43.13999938964844,42.470001220703125,42.61000061035156,3817000
2016-12-23,42.65999984741211,42.7599983215332,42.380001068115234,42.5,2422500
2016-12-27,42.45000076293945,42.70000076293945,42.27000045776367,42.369998931884766,3172300
2016-12-28,42.529998779296875,42.779998779296875,41.790000915527344,41.86000061035156,4058400
2016-12-29,41.79999923706055,42.09000015258789,41.38999938964844,41.68000030517578,3151300
2016-12-30,41.79999923706055,42.0,40.9900016784668,41.189998626708984,4885600
2017-01-03,41.630001068115234,42.540000915527344,41.470001220703125,42.43000030517578,9453800
2017-01-04,42.439998626708984,42.59000015258789,42.22999954223633,42.4900016784668,5106800
2017-01-05,42.459999084472656,42.63999938964844,41.79999923706055,41.939998626708984,5184800
2017-01-06,41.95000076293945,43.150001525878906,41.95000076293945,42.790000915527344,6010100
2017-01-09,42.619998931884766,42.75,42.349998474121094,42.599998474121094,3569900
2017-01-10,42.83000183105469,43.630001068115234,42.630001068115234,43.61000061035156,10411800
2017-01-11,43.65999984741211,44.41999816894531,43.59000015258789,44.08000183105469,14690600
2017-01-12,44.189998626708984,44.220001220703125,43.08000183105469,43.790000915527344,5546600
2017-01-13,43.7599983215332,44.0,43.630001068115234,43.65999984741211,4865900
2017-01-17,43.5099983215332,43.54999923706055,42.880001068115234,43.11000061035156,4710300
2017-01-18,43.150001525878906,43.380001068115234,42.88999938964844,43.09000015258789,3998100
2017-01-19,43.060001373291016,43.20000076293945,42.56999969482422,42.869998931884766,3193300
2017-01-20,43.099998474121094,43.47999954223633,42.5099983215332,42.900001525878906,5968400
2017-01-23,42.70000076293945,43.27000045776367,42.650001525878906,43.2400016784668,4863400
2017-01-24,43.38999938964844,44.189998626708984,43.36000061035156,43.95000076293945,5367000
2017-01-25,44.25,44.61000061035156,43.95000076293945,44.189998626708984,4290800
2017-01-26,44.130001068115234,44.380001068115234,43.81999969482422,44.29999923706055,5391400
2017-01-27,44.630001068115234,44.70000076293945,43.630001068115234,43.72999954223633,4716800
2017-01-30,43.72999954223633,43.79999923706055,43.09000015258789,43.77000045776367,4153600
2017-01-31,43.59000015258789,44.540000915527344,43.09000015258789,43.97999954223633,9406900
2017-02-01,43.20000076293945,43.31999969482422,42.25,42.5,10608800
2017-02-02,42.47999954223633,42.56999969482422,42.0099983215332,42.29999923706055,7591100
2017-02-03,42.31999969482422,42.689998626708984,42.099998474121094,42.65999984741211,6130000
2017-02-06,42.59000015258789,42.7599983215332,42.0099983215332,42.29999923706055,6650700
2017-02-07,42.52000045776367,42.650001525878906,41.0099983215332,41.22999954223633,8410600
2017-02-08,41.22999954223633,41.34000015258789,40.810001373291016,41.0099983215332,7211400
2017-02-09,41.06999969482422,41.560001373291016,40.959999084472656,41.310001373291016,5818800
2017-02-10,41.34000015258789,42.06999969482422,41.16999816894531,41.849998474121094,6262700
2017-02-13,42.029998779296875,42.09000015258789,41.599998474121094,41.75,4764400
2017-02-14,41.61000061035156,41.79999923706055,40.95000076293945,41.4900016784668,6170000
2017-02-15,41.349998474121094,41.72999954223633,40.630001068115234,41.619998931884766,8504300
2017-02-16,41.619998931884766,41.810001373291016,41.380001068115234,41.68000030517578,5549000
2017-02-17,41.58000183105469,42.13999938964844,41.439998626708984,41.90999984741211,5994400
2017-02-21,42.08000183105469,42.79999923706055,41.9900016784668,42.630001068115234,6770900
2017-02-22,42.369998931884766,42.4900016784668,41.93000030517578,42.16999816894531,4387700
2017-02-23,42.369998931884766,42.369998931884766,41.459999084472656,41.4900016784668,5052300
2017-02-24,41.380001068115234,41.81999969482422,41.25,41.81999969482422,4854400
2017-02-27,41.720001220703125,42.27000045776367,41.709999084472656,42.2400016784668,3628300
2017-02-28,42.16999816894531,42.540000915527344,41.880001068115234,41.939998626708984,7027200
2017-03-01,42.25,42.849998474121094,42.25,42.68000030517578,4738100
2017-03-02,42.630001068115234,42.72999954223633,42.22999954223633,42.27000045776367,3384000
2017-03-03,42.20000076293945,42.22999954223633,41.84000015258789,42.060001373291016,3279100
2017-03-06,41.650001525878906,41.83000183105469,41.470001220703125,41.7599983215332,4173600
2017-03-07,41.63999938964844,41.91999816894531,41.380001068115234,41.470001220703125,3810600
2017-03-08,41.459999084472656,41.619998931884766,41.099998474121094,41.13999938964844,4517200
2017-03-09,41.2599983215332,41.33000183105469,40.439998626708984,40.81999969482422,4723600
2017-03-10,41.099998474121094,42.27000045776367,40.630001068115234,41.22999954223633,5340900
2017-03-13,40.810001373291016,41.2599983215332,40.66999816894531,41.2400016784668,5567600
2017-03-14,41.060001373291016,41.13999938964844,40.720001220703125,40.88999938964844,3517600
2017-03-15,41.119998931884766,42.04999923706055,41.0099983215332,41.93000030517578,4746800
2017-03-16,42.13999938964844,42.45000076293945,41.689998626708984,41.77000045776367,5082400
2017-03-17,41.959999084472656,42.060001373291016,41.689998626708984,41.970001220703125,7041200
2017-03-20,41.959999084472656,42.45000076293945,41.779998779296875,42.27000045776367,5224700
2017-03-21,42.400001525878906,42.56999969482422,41.33000183105469,41.380001068115234,7114000
2017-03-22,41.380001068115234,41.900001525878906,41.11000061035156,41.810001373291016,3972400
2017-03-23,41.72999954223633,42.06999969482422,41.40999984741211,41.5,4278700
2017-03-24,41.45000076293945,41.45000076293945,40.790000915527344,41.220001220703125,5944500
2017-03-27,40.83000183105469,41.52000045776367,40.65999984741211,41.36000061035156,3659000
2017-03-28,41.220001220703125,41.95000076293945,41.099998474121094,41.7400016784668,4177800
2017-03-29,41.72999954223633,42.36000061035156,41.59000015258789,42.25,3467500
2017-03-30,42.18000030517578,42.400001525878906,41.90999984741211,42.13999938964844,2944500
2017-03-31,42.150001525878906,42.380001068115234,41.970001220703125,42.119998931884766,3800300
2017-04-03,42.150001525878906,42.27000045776367,40.97999954223633,41.16999816894531,5869800
2017-04-04,41.09000015258789,41.529998779296875,40.95000076293945,41.29999923706055,3164700
2017-04-05,41.5099983215332,41.91999816894531,40.959999084472656,40.97999954223633,3276500
2017-04-06,41.02000045776367,41.41999816894531,40.88999938964844,41.18000030517578,4143900
2017-04-07,41.13999938964844,41.31999969482422,40.880001068115234,40.9900016784668,3282500
2017-04-10,41.029998779296875,41.459999084472656,40.93000030517578,41.119998931884766,3297800
2017-04-11,41.099998474121094,41.279998779296875,40.97999954223633,41.220001220703125,4184800
2017-04-12,41.189998626708984,41.2599983215332,40.68000030517578,40.900001525878906,3432700
2017-04-13,40.84000015258789,41.0099983215332,40.599998474121094,40.599998474121094,2526600
2017-04-17,40.630001068115234,41.119998931884766,40.36000061035156,41.09000015258789,4277100
2017-04-18,40.90999984741211,41.52000045776367,40.84000015258789,41.349998474121094,3707400
2017-04-19,41.599998474121094,41.7400016784668,41.18000030517578,41.279998779296875,3809600
2017-04-20,41.52000045776367,41.939998626708984,41.38999938964844,41.72999954223633,2947800
2017-04-21,41.70000076293945,42.15999984741211,41.59000015258789,42.040000915527344,3904800
2017-04-24,42.5,43.099998474121094,42.380001068115234,42.90999984741211,5542800
2017-04-25,42.9900016784668,43.380001068115234,42.9900016784668,43.20000076293945,4372500
2017-04-26,43.15999984741211,43.61000061035156,43.029998779296875,43.04999923706055,5503500
2017-04-27,41.93000030517578,42.65999984741211,41.33000183105469,42.15999984741211,7485700
2017-04-28,42.220001220703125,42.279998779296875,41.41999816894531,41.56999969482422,6319900
2017-05-01,41.77000045776367,41.849998474121094,41.33000183105469,41.5099983215332,5670300
2017-05-02,41.56999969482422,41.83000183105469,41.18000030517578,41.459999084472656,4911500
2017-05-03,41.34000015258789,41.65999984741211,41.099998474121094,41.61000061035156,4932400
2017-05-04,41.7400016784668,41.810001373291016,41.439998626708984,41.470001220703125,3219300
2017-05-05,41.58000183105469,42.0,41.58000183105469,41.970001220703125,3315900
2017-05-08,41.900001525878906,42.099998474121094,41.84000015258789,42.02000045776367,2620400
2017-05-09,42.0,42.13999938964844,41.849998474121094,42.0099983215332,4376500
2017-05-10,41.93000030517578,42.470001220703125,41.900001525878906,42.40999984741211,4423100
2017-05-11,42.15999984741211,42.29999923706055,41.7400016784668,41.90999984741211,2916000
2017-05-12,41.869998931884766,42.130001068115234,41.650001525878906,42.040000915527344,4340100
2017-05-15,42.029998779296875,42.720001220703125,42.029998779296875,42.45000076293945,6970700
2017-05-16,42.61000061035156,42.72999954223633,41.959999084472656,42.06999969482422,4339300
2017-05-17,42.06999969482422,42.06999969482422,41.22999954223633,41.33000183105469,4671000
2017-05-18,41.380001068115234,41.95000076293945,41.2400016784668,41.77000045776367,4568800
2017-05-19,41.81999969482422,42.939998626708984,41.790000915527344,42.599998474121094,7334200
2017-05-22,42.810001373291016,43.040000915527344,42.599998474121094,42.63999938964844,2897100
2017-05-23,42.7400016784668,42.7400016784668,41.939998626708984,41.97999954223633,3503500
2017-05-24,41.959999084472656,42.099998474121094,41.7400016784668,42.02000045776367,2968900
2017-05-25,42.15999984741211,42.36000061035156,41.93000030517578,42.15999984741211,4372400
2017-05-26,42.08000183105469,42.20000076293945,41.939998626708984,42.029998779296875,3261500
2017-05-30,41.9900016784668,42.08000183105469,41.790000915527344,41.97999954223633,2525000
2017-05-31,42.08000183105469,42.11000061035156,41.56999969482422,41.7599983215332,4880300
2017-06-01,41.970001220703125,42.27000045776367,41.779998779296875,42.18000030517578,4135500
2017-06-02,42.209999084472656,42.470001220703125,42.08000183105469,42.25,3091500
2017-06-05,42.06999969482422,42.38999938964844,42.029998779296875,42.040000915527344,6086700
2017-06-06,41.849998474121094,41.869998931884766,41.22999954223633,41.2599983215332,5939700
2017-06-07,41.34000015258789,41.40999984741211,40.779998779296875,41.15999984741211,6529800
2017-06-08,41.15999984741211,41.369998931884766,41.09000015258789,41.27000045776367,3944200
2017-06-09,41.09000015258789,42.09000015258789,40.939998626708984,42.06999969482422,4641400
2017-06-12,41.810001373291016,41.959999084472656,41.22999954223633,41.470001220703125,7140400
2017-06-13,41.43000030517578,41.95000076293945,41.38999938964844,41.91999816894531,4885500
2017-06-14,42.0099983215332,42.099998474121094,41.58000183105469,41.86000061035156,4668500
2017-06-15,41.5,42.0,41.5,41.939998626708984,4168300
2017-06-16,41.959999084472656,42.13999938964844,41.630001068115234,41.86000061035156,5166500
2017-06-19,42.13999938964844,42.70000076293945,42.13999938964844,42.540000915527344,5602600
2017-06-20,42.29999923706055,42.31999969482422,41.880001068115234,42.0099983215332,4473700
2017-06-21,42.08000183105469,42.16999816894531,41.400001525878906,41.45000076293945,4206300
2017-06-22,41.40999984741211,42.11000061035156,41.279998779296875,41.81999969482422,3927800
2017-06-23,41.939998626708984,42.02000045776367,41.66999816894531,41.81999969482422,16759600
2017-06-26,41.72999954223633,42.41999816894531,41.72999954223633,42.310001373291016,5475200
2017-06-27,42.279998779296875,42.279998779296875,42.029998779296875,42.150001525878906,4370600
2017-06-28,42.459999084472656,42.93000030517578,42.38999938964844,42.880001068115234,5718600
2017-06-29,42.880001068115234,43.029998779296875,42.33000183105469,42.54999923706055,4899900
2017-06-30,42.79999923706055,43.709999084472656,42.779998779296875,43.36000061035156,5918500
2017-07-03,43.61000061035156,43.7400016784668,43.119998931884766,43.25,2933900
2017-07-05,43.29999923706055,43.70000076293945,43.209999084472656,43.56999969482422,3759100
2017-07-06,43.47999954223633,43.5099983215332,43.029998779296875,43.04999923706055,2697500
2017-07-07,43.13999938964844,43.31999969482422,43.0099983215332,43.15999984741211,2760500
2017-07-10,43.150001525878906,43.790000915527344,43.060001373291016,43.380001068115234,3164500
2017-07-11,43.310001373291016,43.459999084472656,42.869998931884766,43.08000183105469,5877500
2017-07-12,43.33000183105469,43.709999084472656,43.310001373291016,43.400001525878906,2813400
2017-07-13,43.29999923706055,43.779998779296875,43.29999923706055,43.54999923706055,3331500
2017-07-14,43.54999923706055,44.09000015258789,43.380001068115234,43.869998931884766,3443300
2017-07-17,43.84000015258789,44.18000030517578,43.790000915527344,44.09000015258789,2973700
2017-07-18,43.970001220703125,44.08000183105469,43.779998779296875,44.0,3553400
2017-07-19,44.06999969482422,44.15999984741211,43.849998474121094,44.150001525878906,2986100
2017-07-20,44.15999984741211,44.2400016784668,43.869998931884766,44.11000061035156,2876900
2017-07-21,44.040000915527344,44.27000045776367,43.900001525878906,44.189998626708984,3006400
2017-07-24,44.099998474121094,44.189998626708984,43.900001525878906,44.0,3308400
2017-07-25,44.349998474121094,44.369998931884766,43.93000030517578,44.18000030517578,4867100
2017-07-26,44.08000183105469,44.18000030517578,43.310001373291016,43.31999969482422,7298300
2017-07-27,40.0099983215332,40.5,38.75,40.13999938964844,17870000
2017-07-28,40.040000915527344,40.20000076293945,38.900001525878906,39.63999938964844,14471800
2017-07-31,39.63999938964844,39.689998626708984,38.650001525878906,38.95000076293945,8509200
2017-08-01,39.099998474121094,39.150001525878906,38.540000915527344,38.75,5365900
2017-08-02,38.599998474121094,39.47999954223633,38.5099983215332,39.369998931884766,5682600
2017-08-03,39.34000015258789,39.5099983215332,38.77000045776367,39.459999084472656,4998600
2017-08-04,39.41999816894531,39.41999816894531,38.90999984741211,39.16999816894531,6439700
2017-08-07,39.20000076293945,39.880001068115234,39.15999984741211,39.779998779296875,5036500
2017-08-08,39.709999084472656,39.97999954223633,39.40999984741211,39.61000061035156,5272900
2017-08-09,39.459999084472656,39.630001068115234,39.310001373291016,39.45000076293945,3493800
2017-08-10,39.189998626708984,39.40999984741211,38.810001373291016,38.88999938964844,4337100
2017-08-11,39.0,39.099998474121094,38.650001525878906,38.66999816894531,2936800
2017-08-14,38.95000076293945,38.9900016784668,38.540000915527344,38.650001525878906,3155300
2017-08-15,38.470001220703125,38.5,37.75,37.83000183105469,6708200
2017-08-16,37.91999816894531,37.970001220703125,37.369998931884766,37.54999923706055,9637700
2017-08-17,37.45000076293945,37.709999084472656,36.81999969482422,36.88999938964844,10463500
2017-08-18,36.869998931884766,37.41999816894531,36.7400016784668,37.04999923706055,4524000
2017-08-21,37.150001525878906,38.83000183105469,37.13999938964844,38.27000045776367,13091900
2017-08-22,38.34000015258789,38.650001525878906,37.77000045776367,38.619998931884766,8637400
2017-08-23,38.369998931884766,38.84000015258789,38.27000045776367,38.560001373291016,6255000
2017-08-24,38.63999938964844,38.84000015258789,38.43000030517578,38.59000015258789,5425700
2017-08-25,38.869998931884766,39.119998931884766,38.720001220703125,38.83000183105469,3941300
2017-08-28,38.90999984741211,38.9900016784668,38.61000061035156,38.84000015258789,2652700
2017-08-29,38.70000076293945,38.880001068115234,38.47999954223633,38.75,2576800
2017-08-30,38.93000030517578,39.220001220703125,38.68000030517578,39.13999938964844,3427100
2017-08-31,39.34000015258789,40.0,39.2599983215332,39.59000015258789,7634300
2017-09-01,39.66999816894531,40.06999969482422,39.4900016784668,39.88999938964844,3953900
2017-09-05,39.88999938964844,40.119998931884766,39.7599983215332,40.0,4166100
2017-09-06,40.040000915527344,40.34000015258789,39.54999923706055,39.619998931884766,5104100
2017-09-07,39.79999923706055,39.79999923706055,39.040000915527344,39.209999084472656,3533500
2017-09-08,39.20000076293945,39.47999954223633,38.959999084472656,39.15999984741211,4264800
2017-09-11,39.34000015258789,39.650001525878906,39.06999969482422,39.400001525878906,4681800
2017-09-12,39.470001220703125,40.11000061035156,39.41999816894531,40.0,2877200
2017-09-13,40.08000183105469,40.099998474121094,39.70000076293945,39.900001525878906,3028400
2017-09-14,39.7599983215332,40.11000061035156,39.61000061035156,40.099998474121094,4057200
2017-09-15,40.02000045776367,40.099998474121094,39.66999816894531,39.810001373291016,6186100
2017-09-18,39.880001068115234,39.880001068115234,39.279998779296875,39.56999969482422,5758700
2017-09-19,39.63999938964844,39.63999938964844,38.95000076293945,39.040000915527344,5653600
2017-09-20,39.18000030517578,40.31999969482422,39.18000030517578,39.75,5681500
2017-09-21,39.81999969482422,40.029998779296875,39.5099983215332,39.97999954223633,3170700
2017-09-22,39.790000915527344,39.95000076293945,39.4900016784668,39.88999938964844,2617300
2017-09-25,39.88999938964844,40.130001068115234,39.72999954223633,40.119998931884766,3752500
2017-09-26,40.02000045776367,41.119998931884766,39.91999816894531,40.939998626708984,6582000
2017-09-27,41.099998474121094,41.189998626708984,40.38999938964844,40.45000076293945,6322400
2017-09-28,40.29999923706055,40.400001525878906,39.310001373291016,40.060001373291016,6972900
2017-09-29,40.0,40.349998474121094,39.7599983215332,40.290000915527344,3899300
2017-10-02,40.41999816894531,40.7599983215332,40.310001373291016,40.45000076293945,3492400
2017-10-03,40.5,40.7400016784668,40.209999084472656,40.470001220703125,3773900
2017-10-04,40.54999923706055,41.0,40.290000915527344,40.95000076293945,3854100
2017-10-05,40.90999984741211,41.459999084472656,40.790000915527344,41.20000076293945,3645900
2017-10-06,41.16999816894531,41.29999923706055,40.9900016784668,41.06999969482422,3167700
2017-10-09,41.11000061035156,41.20000076293945,40.52000045776367,40.599998474121094,2932200
2017-10-10,40.65999984741211,41.93000030517578,40.65999984741211,41.4900016784668,8196100
2017-10-11,41.5,41.650001525878906,41.18000030517578,41.349998474121094,3866700
2017-10-12,41.150001525878906,41.47999954223633,41.0099983215332,41.38999938964844,2884400
2017-10-13,41.45000076293945,41.77000045776367,41.349998474121094,41.689998626708984,3202300
2017-10-16,41.81999969482422,41.86000061035156,41.40999984741211,41.75,2965100
2017-10-17,41.619998931884766,41.72999954223633,41.099998474121094,41.20000076293945,3429200
2017-10-18,40.869998931884766,41.18000030517578,40.630001068115234,40.65999984741211,3736400
2017-10-19,40.66999816894531,41.349998474121094,40.599998474121094,41.2400016784668,3588600
2017-10-20,41.459999084472656,41.93000030517578,41.349998474121094,41.619998931884766,4016700
2017-10-23,41.630001068115234,41.779998779296875,41.45000076293945,41.61000061035156,3016200
2017-10-24,41.59000015258789,42.189998626708984,41.45000076293945,41.959999084472656,4193600
2017-10-25,41.959999084472656,42.119998931884766,40.779998779296875,41.20000076293945,4505100
2017-10-26,41.4900016784668,42.310001373291016,41.40999984741211,42.16999816894531,5360800
2017-10-27,42.119998931884766,42.599998474121094,42.029998779296875,42.40999984741211,3886400
2017-10-30,42.18000030517578,42.45000076293945,41.84000015258789,42.13999938964844,4778200
2017-10-31,41.97999954223633,41.97999954223633,41.2400016784668,41.38999938964844,5013400
2017-11-01,41.7599983215332,41.849998474121094,41.099998474121094,41.20000076293945,3969600
2017-11-02,41.150001525878906,41.400001525878906,40.560001373291016,40.650001525878906,3376900
2017-11-03,40.5099983215332,40.97999954223633,40.33000183105469,40.68000030517578,3560700
2017-11-06,40.84000015258789,41.349998474121094,40.72999954223633,41.09000015258789,3468300
2017-11-07,41.220001220703125,41.560001373291016,40.77000045776367,40.9900016784668,4198100
2017-11-08,40.880001068115234,41.18000030517578,40.68000030517578,41.0,3617300
2017-11-09,40.209999084472656,41.2599983215332,38.279998779296875,38.5099983215332,10586400
2017-11-10,37.79999923706055,37.79999923706055,36.47999954223633,36.93000030517578,13793700
2017-11-13,36.630001068115234,36.65999984741211,35.849998474121094,36.0,11404700
2017-11-14,35.849998474121094,36.16999816894531,35.619998931884766,35.88999938964844,12358100
2017-11-15,35.4900016784668,35.810001373291016,34.5099983215332,35.72999954223633,10840300
2017-11-16,35.81999969482422,36.220001220703125,35.36000061035156,36.13999938964844,5557200
2017-11-17,35.959999084472656,36.540000915527344,35.72999954223633,36.38999938964844,5414700
2017-11-20,36.7400016784668,36.790000915527344,35.900001525878906,36.060001373291016,4311600
2017-11-21,36.0099983215332,36.349998474121094,35.72999954223633,36.0,4548500
2017-11-22,36.0,36.83000183105469,36.0,36.790000915527344,5848200
2017-11-24,36.810001373291016,36.939998626708984,36.56999969482422,36.90999984741211,1935100
2017-11-27,36.93000030517578,37.25,36.689998626708984,37.09000015258789,6357800
2017-11-28,37.25,38.529998779296875,37.040000915527344,38.41999816894531,6661300
2017-11-29,38.36000061035156,38.5,37.900001525878906,38.09000015258789,4917400
2017-11-30,38.209999084472656,38.310001373291016,37.45000076293945,37.63999938964844,8348300
2017-12-01,37.72999954223633,37.81999969482422,36.77000045776367,37.41999816894531,6359800
2017-12-04,37.720001220703125,37.790000915527344,37.310001373291016,37.43000030517578,8025300
2017-12-05,37.41999816894531,37.459999084472656,37.02000045776367,37.130001068115234,6577700
2017-12-06,37.130001068115234,37.689998626708984,37.08000183105469,37.2400016784668,5860800
2017-12-07,37.68000030517578,37.90999984741211,37.209999084472656,37.36000061035156,5506500
2017-12-08,36.720001220703125,37.45000076293945,36.52000045776367,37.40999984741211,7141700
2017-12-11,37.290000915527344,38.029998779296875,37.290000915527344,37.709999084472656,4515700
2017-12-12,37.72999954223633,38.290000915527344,37.45000076293945,38.25,6616900
2017-12-13,38.09000015258789,38.220001220703125,37.650001525878906,37.65999984741211,5143600
2017-12-14,37.619998931884766,37.709999084472656,37.369998931884766,37.40999984741211,3072100
2017-12-15,37.45000076293945,37.47999954223633,36.790000915527344,37.2599983215332,8063000
2017-12-18,37.560001373291016,37.75,37.189998626708984,37.5099983215332,5518700
2017-12-19,37.54999923706055,37.650001525878906,37.20000076293945,37.459999084472656,6150300
2017-12-20,37.63999938964844,37.86000061035156,37.43000030517578,37.650001525878906,4742900
2017-12-21,37.7599983215332,38.08000183105469,37.63999938964844,38.0,5973400
2017-12-22,37.970001220703125,38.209999084472656,37.880001068115234,38.11000061035156,4355200
2017-12-26,38.11000061035156,38.290000915527344,37.880001068115234,37.900001525878906,3642000
2017-12-27,37.900001525878906,38.02000045776367,37.630001068115234,37.91999816894531,5233900
2017-12-28,37.88999938964844,38.189998626708984,37.709999084472656,38.18000030517578,3757800
2017-12-29,38.20000076293945,38.349998474121094,38.040000915527344,38.11000061035156,3886200
2018-01-02,38.31999969482422,38.459999084472656,37.75,38.22999954223633,5875000
2018-01-03,38.16999816894531,39.06999969482422,38.09000015258789,38.959999084472656,4805100
2018-01-04,39.29999923706055,40.13999938964844,39.15999984741211,39.849998474121094,10941900
2018-01-05,39.31999969482422,39.91999816894531,38.04999923706055,38.41999816894531,9508800
2018-01-08,38.209999084472656,39.15999984741211,38.13999938964844,38.939998626708984,5222900
2018-01-09,38.9900016784668,39.16999816894531,38.66999816894531,38.75,7898000
2018-01-10,38.869998931884766,39.189998626708984,38.459999084472656,39.060001373291016,4825600
2018-01-11,39.04999923706055,39.61000061035156,39.04999923706055,39.560001373291016,3776400
2018-01-12,39.65999984741211,39.970001220703125,39.439998626708984,39.79999923706055,5939600
2018-01-16,39.93000030517578,40.31999969482422,39.86000061035156,40.16999816894531,7696900
2018-01-17,40.16999816894531,40.27000045776367,39.380001068115234,39.529998779296875,9552400
2018-01-18,38.720001220703125,39.68000030517578,38.54999923706055,39.290000915527344,9700500
2018-01-19,39.34000015258789,39.36000061035156,38.68000030517578,38.900001525878906,10415900
2018-01-22,38.900001525878906,39.209999084472656,38.599998474121094,39.20000076293945,6868500
2018-01-23,39.54999923706055,40.56999969482422,39.349998474121094,40.470001220703125,7437600
2018-01-24,40.470001220703125,40.689998626708984,40.0099983215332,40.599998474121094,5648600
2018-01-25,40.75,40.88999938964844,40.279998779296875,40.790000915527344,4054700
2018-01-26,40.95000076293945,41.529998779296875,40.790000915527344,41.43000030517578,8190400
2018-01-29,41.2599983215332,41.439998626708984,40.400001525878906,40.459999084472656,5990200
2018-01-30,40.22999954223633,40.41999816894531,39.29999923706055,39.84000015258789,6945800
2018-01-31,40.18000030517578,40.40999984741211,38.36000061035156,39.130001068115234,8171800
2018-02-01,38.790000915527344,40.20000076293945,38.779998779296875,39.810001373291016,8174200
2018-02-02,39.41999816894531,39.91999816894531,39.40999984741211,39.529998779296875,5307500
2018-02-05,39.33000183105469,39.540000915527344,37.470001220703125,37.52000045776367,7449900
2018-02-06,36.90999984741211,38.0,36.459999084472656,37.619998931884766,7436100
2018-02-07,37.5099983215332,38.2400016784668,37.45000076293945,37.599998474121094,5186800
2018-02-08,37.61000061035156,37.720001220703125,36.529998779296875,36.54999923706055,5363400
2018-02-09,36.970001220703125,37.130001068115234,35.43000030517578,36.290000915527344,8006900
2018-02-12,36.58000183105469,37.630001068115234,36.52000045776367,37.40999984741211,8825000
2018-02-13,37.2599983215332,37.81999969482422,37.130001068115234,37.38999938964844,4508500
2018-02-14,37.099998474121094,37.68000030517578,37.099998474121094,37.5099983215332,7114200
2018-02-15,37.75,38.2599983215332,37.45000076293945,38.189998626708984,6726100
2018-02-16,38.16999816894531,38.84000015258789,38.09000015258789,38.41999816894531,5131200
2018-02-20,38.189998626708984,38.470001220703125,37.75,37.869998931884766,3563700
2018-02-21,37.86000061035156,38.54999923706055,37.81999969482422,37.849998474121094,2956000
2018-02-22,38.099998474121094,38.66999816894531,37.83000183105469,37.97999954223633,3766300
2018-02-23,38.130001068115234,38.849998474121094,38.04999923706055,38.81999969482422,3319400
2018-02-26,38.869998931884766,39.0,38.400001525878906,38.7400016784668,3046100
2018-02-27,38.72999954223633,38.9900016784668,38.02000045776367,38.02000045776367,3527500
2018-02-28,38.029998779296875,38.18000030517578,36.869998931884766,36.869998931884766,4555400
2018-03-01,36.869998931884766,36.869998931884766,35.060001373291016,35.900001525878906,9791600
2018-03-02,35.5099983215332,36.349998474121094,34.9900016784668,36.27000045776367,6717200
2018-03-05,36.08000183105469,37.02000045776367,36.040000915527344,36.91999816894531,5658800
2018-03-06,37.04999923706055,37.540000915527344,36.869998931884766,37.38999938964844,3705600
2018-03-07,36.91999816894531,37.150001525878906,36.33000183105469,37.06999969482422,4190400
2018-03-08,37.18000030517578,37.650001525878906,37.029998779296875,37.630001068115234,3926700
2018-03-09,37.810001373291016,38.540000915527344,37.66999816894531,38.540000915527344,3016600
2018-03-12,39.25,39.5099983215332,38.43000030517578,38.70000076293945,6003200
2018-03-13,39.0099983215332,39.689998626708984,38.810001373291016,38.880001068115234,4590200
2018-03-14,39.04999923706055,39.04999923706055,37.150001525878906,37.220001220703125,7578500
2018-03-15,37.290000915527344,37.34000015258789,36.77000045776367,37.04999923706055,5288700
2018-03-16,36.72999954223633,36.90999984741211,36.560001373291016,36.70000076293945,7465100
2018-03-19,36.689998626708984,36.86000061035156,36.130001068115234,36.40999984741211,4151000
2018-03-20,36.43000030517578,36.5099983215332,35.61000061035156,35.849998474121094,7017700
2018-03-21,35.97999954223633,36.7599983215332,35.849998474121094,36.33000183105469,4170500
2018-03-22,36.02000045776367,36.41999816894531,35.43000030517578,35.5,6112800
2018-03-23,35.5,35.689998626708984,34.209999084472656,34.33000183105469,5598100
2018-03-26,34.720001220703125,35.0,33.88999938964844,34.939998626708984,5403900
2018-03-27,34.86000061035156,35.119998931884766,34.09000015258789,34.31999969482422,4581600
2018-03-28,34.43000030517578,34.560001373291016,33.91999816894531,34.290000915527344,6098100
2018-03-29,34.41999816894531,35.47999954223633,34.41999816894531,35.2400016784668,4209300
2018-04-02,35.060001373291016,35.13999938964844,33.54999923706055,33.93000030517578,4588500
2018-04-03,33.97999954223633,34.459999084472656,33.56999969482422,34.43000030517578,4655000
2018-04-04,33.90999984741211,35.09000015258789,33.77000045776367,35.0,4005500
2018-04-05,34.15999984741211,35.13999938964844,33.91999816894531,34.599998474121094,5741100
2018-04-06,34.41999816894531,34.52000045776367,33.43000030517578,33.63999938964844,4806200
2018-04-09,33.810001373291016,33.970001220703125,33.22999954223633,33.2599983215332,4831200
2018-04-10,33.65999984741211,34.060001373291016,33.439998626708984,33.720001220703125,9458200
2018-04-11,33.47999954223633,34.470001220703125,33.290000915527344,34.29999923706055,4901400
2018-04-12,34.380001068115234,34.45000076293945,34.08000183105469,34.209999084472656,4674800
2018-04-13,34.560001373291016,34.66999816894531,33.90999984741211,34.08000183105469,4627600
2018-04-16,34.22999954223633,34.79999923706055,34.16999816894531,34.70000076293945,5453100
2018-04-17,34.790000915527344,34.84000015258789,34.25,34.290000915527344,3716800
2018-04-18,34.459999084472656,34.61000061035156,34.25,34.439998626708984,3692800
2018-04-19,34.20000076293945,34.31999969482422,33.779998779296875,34.0099983215332,4022000
2018-04-20,34.22999954223633,34.630001068115234,34.09000015258789,34.27000045776367,6002500
2018-04-23,34.290000915527344,34.54999923706055,34.0,34.150001525878906,5283400
2018-04-24,34.29999923706055,34.40999984741211,32.9900016784668,33.27000045776367,5633600
2018-04-25,33.119998931884766,33.790000915527344,32.88999938964844,33.790000915527344,5152800
2018-04-26,33.83000183105469,34.439998626708984,33.650001525878906,34.34000015258789,5538900
2018-04-27,34.22999954223633,34.689998626708984,33.959999084472656,34.470001220703125,5021300
2018-04-30,34.439998626708984,34.630001068115234,33.84000015258789,33.869998931884766,5415900
2018-05-01,34.59000015258789,35.970001220703125,34.349998474121094,35.939998626708984,8402500
2018-05-02,35.959999084472656,36.0,34.9900016784668,35.310001373291016,6465300
2018-05-03,35.13999938964844,35.63999938964844,34.630001068115234,35.38999938964844,5149500
2018-05-04,35.130001068115234,36.33000183105469,35.040000915527344,36.25,4309800
2018-05-07,36.31999969482422,36.869998931884766,36.25,36.650001525878906,7192200
2018-05-08,36.33000183105469,36.58000183105469,36.04999923706055,36.290000915527344,5289800
2018-05-09,36.29999923706055,36.61000061035156,35.970001220703125,36.27000045776367,3403600
2018-05-10,36.34000015258789,36.88999938964844,36.310001373291016,36.720001220703125,3358700
2018-05-11,36.75,36.79999923706055,36.189998626708984,36.29999923706055,3430000
2018-05-14,36.31999969482422,36.810001373291016,36.29999923706055,36.47999954223633,2814600
2018-05-15,36.18000030517578,36.400001525878906,36.06999969482422,36.27000045776367,3023900
2018-05-16,36.2599983215332,36.630001068115234,36.130001068115234,36.41999816894531,3918000
2018-05-17,36.43000030517578,36.779998779296875,36.33000183105469,36.5099983215332,3624200
2018-05-18,36.45000076293945,36.560001373291016,35.790000915527344,35.95000076293945,6234600
2018-05-21,36.16999816894531,36.38999938964844,35.630001068115234,35.72999954223633,6020000
2018-05-22,35.77000045776367,35.95000076293945,35.15999984741211,35.189998626708984,6522600
2018-05-23,35.0,35.11000061035156,33.86000061035156,34.220001220703125,7769000
2018-05-24,34.220001220703125,34.650001525878906,34.08000183105469,34.41999816894531,4105400
2018-05-25,34.45000076293945,35.119998931884766,34.36000061035156,34.63999938964844,5770700
2018-05-29,34.349998474121094,34.56999969482422,33.810001373291016,34.060001373291016,4750100
2018-05-30,34.36000061035156,34.65999984741211,34.04999923706055,34.40999984741211,3134000
2018-05-31,34.470001220703125,34.4900016784668,33.470001220703125,33.560001373291016,4499500
2018-06-01,33.77000045776367,34.040000915527344,33.459999084472656,33.72999954223633,4280800
2018-06-04,33.970001220703125,34.130001068115234,33.810001373291016,34.08000183105469,3457800
2018-06-05,34.20000076293945,34.540000915527344,34.15999984741211,34.5099983215332,3243000
2018-06-06,34.470001220703125,34.720001220703125,34.2400016784668,34.56999969482422,4446100
2018-06-07,34.66999816894531,34.970001220703125,34.54999923706055,34.939998626708984,3243300
2018-06-08,34.95000076293945,35.15999984741211,34.79999923706055,35.13999938964844,3546100
2018-06-11,35.130001068115234,35.41999816894531,34.849998474121094,35.09000015258789,3115700
2018-06-12,35.189998626708984,35.2599983215332,34.869998931884766,35.189998626708984,3487500
2018-06-13,35.2400016784668,35.2400016784668,34.65999984741211,34.91999816894531,4840800
2018-06-14,35.0,35.15999984741211,34.779998779296875,34.88999938964844,2792100
2018-06-15,34.88999938964844,35.08000183105469,34.0,35.040000915527344,7690000
2018-06-18,34.65999984741211,34.72999954223633,34.310001373291016,34.540000915527344,3943700
2018-06-19,34.310001373291016,34.58000183105469,33.939998626708984,34.5,5157000
2018-06-20,34.7400016784668,35.2599983215332,34.5099983215332,35.25,5432900
2018-06-21,35.22999954223633,35.22999954223633,34.25,34.33000183105469,6162400
2018-06-22,34.2400016784668,34.52000045776367,33.97999954223633,33.9900016784668,4252700
2018-06-25,33.93000030517578,34.5,33.52000045776367,34.36000061035156,4667100
2018-06-26,34.41999816894531,34.5099983215332,34.029998779296875,34.15999984741211,2854800
2018-06-27,34.150001525878906,34.349998474121094,33.529998779296875,33.529998779296875,3967900
2018-06-28,33.529998779296875,33.54999923706055,32.900001525878906,33.290000915527344,4075600
2018-06-29,33.47999954223633,33.75,33.29999923706055,33.45000076293945,4480900
2018-07-02,33.150001525878906,33.349998474121094,32.93000030517578,33.31999969482422,3427100
2018-07-03,33.4900016784668,34.209999084472656,33.45000076293945,33.630001068115234,2515200
2018-07-05,33.720001220703125,34.33000183105469,33.56999969482422,34.220001220703125,3512500
2018-07-06,34.22999954223633,34.779998779296875,34.20000076293945,34.63999938964844,3113400
2018-07-09,34.689998626708984,35.27000045776367,34.400001525878906,34.959999084472656,2524700
2018-07-10,34.9900016784668,34.9900016784668,34.5099983215332,34.869998931884766,2736800
2018-07-11,34.560001373291016,34.560001373291016,33.970001220703125,34.15999984741211,3341600
2018-07-12,34.290000915527344,34.81999969482422,33.93000030517578,34.7400016784668,3452900
2018-07-13,34.720001220703125,35.290000915527344,34.720001220703125,35.119998931884766,3410600
2018-07-16,35.130001068115234,35.220001220703125,34.560001373291016,34.7599983215332,2650500
2018-07-17,34.61000061035156,35.439998626708984,34.540000915527344,35.310001373291016,4340600
2018-07-18,35.2400016784668,35.470001220703125,35.02000045776367,35.41999816894531,4181500
2018-07-19,35.310001373291016,35.9900016784668,35.25,35.849998474121094,4666300
2018-07-20,35.70000076293945,36.34000015258789,35.56999969482422,36.13999938964844,4900100
2018-07-23,35.97999954223633,36.18000030517578,35.540000915527344,35.560001373291016,3540700
2018-07-24,35.689998626708984,35.869998931884766,35.40999984741211,35.52000045776367,2395200
2018-07-25,35.36000061035156,35.709999084472656,35.119998931884766,35.459999084472656,4445800
2018-07-26,35.470001220703125,35.9900016784668,35.18000030517578,35.720001220703125,3156600
2018-07-27,35.84000015258789,36.11000061035156,35.689998626708984,36.060001373291016,2898900
2018-07-30,36.11000061035156,36.630001068115234,36.04999923706055,36.459999084472656,5506700
2018-07-31,36.529998779296875,37.650001525878906,36.15999984741211,37.5099983215332,8142100
2018-08-01,36.95000076293945,38.15999984741211,36.95000076293945,37.68000030517578,7858500
2018-08-02,37.459999084472656,37.9900016784668,37.31999969482422,37.810001373291016,3956300
2018-08-03,37.9900016784668,38.099998474121094,37.150001525878906,37.939998626708984,4375700
2018-08-06,38.0099983215332,38.099998474121094,37.58000183105469,37.689998626708984,3438100
2018-08-07,37.790000915527344,38.36000061035156,37.619998931884766,37.86000061035156,3863500
2018-08-08,37.79999923706055,37.900001525878906,37.290000915527344,37.31999969482422,4247800
2018-08-09,37.310001373291016,37.880001068115234,37.2400016784668,37.33000183105469,4464200
2018-08-10,37.16999816894531,37.20000076293945,36.650001525878906,36.900001525878906,3738700
2018-08-13,36.959999084472656,37.04999923706055,36.369998931884766,36.650001525878906,4529900
2018-08-14,36.720001220703125,37.209999084472656,36.720001220703125,36.9900016784668,2648400
2018-08-15,36.40999984741211,37.63999938964844,36.40999984741211,37.54999923706055,4455500
2018-08-16,37.56999969482422,37.86000061035156,37.45000076293945,37.619998931884766,3760300
2018-08-17,37.63999938964844,38.470001220703125,37.61000061035156,38.25,4218700
2018-08-20,38.310001373291016,38.810001373291016,38.22999954223633,38.7400016784668,4513300
2018-08-21,39.0,40.33000183105469,38.79999923706055,40.0099983215332,9581200
2018-08-22,39.95000076293945,39.959999084472656,39.08000183105469,39.61000061035156,5858300
2018-08-23,39.45000076293945,39.59000015258789,39.09000015258789,39.13999938964844,3791800
2018-08-24,39.15999984741211,39.369998931884766,39.11000061035156,39.209999084472656,3067100
2018-08-27,39.36000061035156,40.08000183105469,39.36000061035156,39.720001220703125,5158000
2018-08-28,39.75,39.83000183105469,38.72999954223633,38.93000030517578,7477200
2018-08-29,38.88999938964844,39.04999923706055,38.38999938964844,38.41999816894531,20122600
2018-08-30,38.279998779296875,38.4900016784668,37.529998779296875,37.650001525878906,6062000
2018-08-31,37.560001373291016,38.11000061035156,37.52000045776367,37.77000045776367,4383700
2018-09-04,37.75,37.849998474121094,37.4900016784668,37.77000045776367,3487600
2018-09-05,37.630001068115234,38.29999923706055,37.59000015258789,38.27000045776367,6946100
2018-09-06,38.279998779296875,38.900001525878906,38.130001068115234,38.83000183105469,6881600
2018-09-07,38.5099983215332,38.720001220703125,38.209999084472656,38.29999923706055,4213500
2018-09-10,38.689998626708984,38.90999984741211,38.38999938964844,38.400001525878906,2887100
2018-09-11,37.5,37.880001068115234,37.119998931884766,37.599998474121094,4913300
2018-09-12,37.599998474121094,37.63999938964844,37.2599983215332,37.56999969482422,3481500
2018-09-13,37.880001068115234,38.02000045776367,37.58000183105469,37.939998626708984,3788800
2018-09-14,37.959999084472656,38.119998931884766,37.72999954223633,38.0,2353400
2018-09-17,37.790000915527344,37.95000076293945,37.209999084472656,37.25,3968400
2018-09-18,37.20000076293945,37.38999938964844,36.689998626708984,37.11000061035156,4371700
2018-09-19,37.13999938964844,37.54999923706055,36.959999084472656,37.0,4152600
2018-09-20,37.310001373291016,37.540000915527344,37.040000915527344,37.369998931884766,4973700
2018-09-21,36.939998626708984,37.08000183105469,36.63999938964844,36.959999084472656,8920900
2018-09-24,36.790000915527344,36.91999816894531,35.9900016784668,36.2400016784668,4230900
2018-09-25,36.11000061035156,36.16999816894531,35.63999938964844,35.779998779296875,4721400
2018-09-26,35.79999923706055,35.959999084472656,35.619998931884766,35.68000030517578,3975400
2018-09-27,35.65999984741211,35.86000061035156,35.439998626708984,35.54999923706055,3576400
2018-09-28,35.470001220703125,35.470001220703125,34.9900016784668,35.0,7674700
2018-10-01,35.279998779296875,35.630001068115234,35.06999969482422,35.18000030517578,4130500
2018-10-02,35.25,35.72999954223633,35.220001220703125,35.56999969482422,4030900
2018-10-03,35.619998931884766,36.06999969482422,35.470001220703125,35.790000915527344,3386700
2018-10-04,35.619998931884766,36.45000076293945,35.619998931884766,36.369998931884766,5022100
2018-10-05,36.43000030517578,36.58000183105469,36.15999984741211,36.310001373291016,5890600
2018-10-08,36.18000030517578,36.540000915527344,36.04999923706055,36.5099983215332,4186500
2018-10-09,36.4900016784668,36.4900016784668,34.9900016784668,35.0099983215332,4110500
2018-10-10,34.7400016784668,34.810001373291016,34.189998626708984,34.209999084472656,6082300
2018-10-11,34.25,34.470001220703125,33.59000015258789,33.72999954223633,5846100
2018-10-12,34.310001373291016,34.31999969482422,32.349998474121094,32.959999084472656,7738600
2018-10-15,32.72999954223633,33.47999954223633,32.650001525878906,33.150001525878906,5924500
2018-10-16,33.29999923706055,34.02000045776367,33.13999938964844,33.9900016784668,4360100
2018-10-17,34.0099983215332,34.15999984741211,33.349998474121094,33.86000061035156,5813200
2018-10-18,33.68000030517578,33.84000015258789,32.849998474121094,33.189998626708984,4670400
2018-10-19,33.2400016784668,33.380001068115234,32.70000076293945,32.93000030517578,4994100
2018-10-22,32.93000030517578,33.04999923706055,32.41999816894531,32.65999984741211,6505400
2018-10-23,32.22999954223633,32.79999923706055,31.65999984741211,32.58000183105469,6100000
2018-10-24,32.470001220703125,32.63999938964844,31.31999969482422,31.3700008392334,4735500
2018-10-25,31.799999237060547,32.380001068115234,31.559999465942383,32.099998474121094,5826300
2018-10-26,31.84000015258789,31.920000076293945,30.90999984741211,31.31999969482422,7173900
2018-10-29,31.799999237060547,32.70000076293945,30.600000381469727,31.280000686645508,7741900
2018-10-30,31.329999923706055,31.950000762939453,31.059999465942383,31.809999465942383,8146800
2018-10-31,32.119998931884766,32.279998779296875,31.709999084472656,31.969999313354492,6542600
2018-11-01,32.220001220703125,33.459999084472656,32.09000015258789,33.34000015258789,6302400
2018-11-02,33.58000183105469,33.790000915527344,32.439998626708984,32.5,6339500
2018-11-05,32.540000915527344,33.20000076293945,32.540000915527344,33.08000183105469,4926900
2018-11-06,32.970001220703125,33.43000030517578,32.90999984741211,33.2599983215332,3730200
2018-11-07,33.59000015258789,33.630001068115234,32.79999923706055,33.400001525878906,4548500
2018-11-08,34.0,35.54999923706055,33.59000015258789,34.47999954223633,9455500
2018-11-09,34.220001220703125,34.5099983215332,33.84000015258789,34.349998474121094,5367000
2018-11-12,34.29999923706055,34.689998626708984,33.90999984741211,34.189998626708984,4209500
2018-11-13,34.95000076293945,35.7400016784668,34.650001525878906,34.779998779296875,7721600
2018-11-14,34.810001373291016,35.029998779296875,33.150001525878906,33.40999984741211,9379400
2018-11-15,33.04999923706055,33.720001220703125,32.849998474121094,33.52000045776367,9033900
2018-11-16,33.43000030517578,33.970001220703125,33.38999938964844,33.439998626708984,5059900
2018-11-19,33.209999084472656,33.70000076293945,32.97999954223633,33.45000076293945,5085400
2018-11-20,33.029998779296875,33.90999984741211,33.029998779296875,33.34000015258789,5750600
2018-11-21,33.31999969482422,33.72999954223633,33.06999969482422,33.25,3172200
2018-11-23,33.02000045776367,33.7599983215332,32.7599983215332,33.38999938964844,1811100
2018-11-26,33.54999923706055,34.060001373291016,33.540000915527344,33.779998779296875,4818500
2018-11-27,33.470001220703125,33.83000183105469,33.34000015258789,33.5,4103100
2018-11-28,33.529998779296875,34.0,33.09000015258789,34.0,5314200
2018-11-29,33.93000030517578,34.4900016784668,33.689998626708984,34.27000045776367,4503200
2018-11-30,34.22999954223633,34.81999969482422,34.209999084472656,34.779998779296875,6471500
2018-12-03,35.0,35.630001068115234,34.439998626708984,35.040000915527344,5503000
2018-12-04,34.880001068115234,35.099998474121094,33.790000915527344,33.88999938964844,6933300
2018-12-06,33.34000015258789,33.529998779296875,32.7599983215332,33.38999938964844,7029200
2018-12-07,33.310001373291016,33.880001068115234,32.630001068115234,32.65999984741211,5435200
2018-12-10,32.70000076293945,32.709999084472656,31.729999542236328,32.349998474121094,5016900
2018-12-11,32.86000061035156,33.16999816894531,32.16999816894531,32.22999954223633,7442300
2018-12-12,32.61000061035156,33.22999954223633,32.560001373291016,32.599998474121094,4842100
2018-12-13,32.7599983215332,33.0099983215332,32.11000061035156,32.13999938964844,4642300
2018-12-14,31.700000762939453,32.439998626708984,31.649999618530273,31.969999313354492,4700600
2018-12-17,31.950000762939453,32.27000045776367,30.920000076293945,31.059999465942383,6283900
2018-12-18,31.270000457763672,32.029998779296875,31.1200008392334,31.790000915527344,6476000
2018-12-19,31.8799991607666,32.61000061035156,30.719999313354492,30.829999923706055,6450900
2018-12-20,30.790000915527344,31.309999465942383,30.309999465942383,30.489999771118164,8358800
2018-12-21,30.420000076293945,31.06999969482422,29.43000030517578,29.469999313354492,13082300
2018-12-24,29.3700008392334,29.690000534057617,28.5,28.510000228881836,5092900
2018-12-26,28.6200008392334,29.739999771118164,28.299999237060547,29.739999771118164,6327900
2018-12-27,29.329999923706055,29.709999084472656,28.639999389648438,29.709999084472656,7024900
2018-12-28,29.850000381469727,30.110000610351562,29.389999389648438,29.610000610351562,6511600
2018-12-31,29.649999618530273,29.90999984741211,29.149999618530273,29.649999618530273,6441300
2019-01-02,29.299999237060547,30.510000228881836,29.15999984741211,30.5,5291900
2019-01-03,30.31999969482422,30.729999542236328,29.950000762939453,30.010000228881836,5661000
2019-01-04,30.420000076293945,31.399999618530273,30.420000076293945,31.209999084472656,6400300
2019-01-07,31.329999923706055,32.040000915527344,31.200000762939453,31.719999313354492,5555000
2019-01-08,32.099998474121094,32.400001525878906,31.530000686645508,31.940000534057617,5591600
2019-01-09,32.040000915527344,32.209999084472656,31.440000534057617,31.969999313354492,4273300
2019-01-10,31.700000762939453,32.150001525878906,31.579999923706055,31.8799991607666,4885400
2019-01-11,31.5,32.349998474121094,31.5,32.18000030517578,6557400
2019-01-14,31.979999542236328,32.63999938964844,31.979999542236328,32.369998931884766,5315100
2019-01-15,32.25,32.400001525878906,31.479999542236328,31.709999084472656,4707900
2019-01-16,31.639999389648438,31.989999771118164,31.639999389648438,31.670000076293945,3528100
2019-01-17,31.489999771118164,32.349998474121094,31.440000534057617,32.2599983215332,4449300
2019-01-18,32.369998931884766,33.060001373291016,32.29999923706055,32.72999954223633,5493100
2019-01-22,32.54999923706055,32.58000183105469,32.060001373291016,32.54999923706055,5963400
2019-01-23,32.619998931884766,32.70000076293945,31.81999969482422,32.040000915527344,4237400
2019-01-24,32.0099983215332,32.41999816894531,31.989999771118164,32.27000045776367,3096900
2019-01-25,32.619998931884766,33.02000045776367,32.56999969482422,32.709999084472656,3050700
2019-01-28,32.40999984741211,32.83000183105469,32.11000061035156,32.689998626708984,5234400
2019-01-29,32.61000061035156,33.029998779296875,32.61000061035156,32.81999969482422,3791800
2019-01-30,32.939998626708984,33.29999923706055,32.58000183105469,33.09000015258789,4546800
2019-01-31,32.9900016784668,33.880001068115234,32.77000045776367,33.77000045776367,7861100
2019-02-01,33.720001220703125,34.099998474121094,32.900001525878906,33.25,6945000
2019-02-04,33.09000015258789,33.84000015258789,33.09000015258789,33.81999969482422,7255900
2019-02-05,33.790000915527344,34.119998931884766,33.599998474121094,34.040000915527344,4083900
2019-02-06,34.029998779296875,34.38999938964844,33.95000076293945,34.119998931884766,4357100
2019-02-07,33.95000076293945,34.09000015258789,33.45000076293945,33.88999938964844,6616000
2019-02-08,33.720001220703125,34.0099983215332,33.34000015258789,34.0,4308700
2019-02-11,34.119998931884766,34.380001068115234,33.95000076293945,34.06999969482422,4073700
2019-02-12,34.2599983215332,34.7400016784668,34.2599983215332,34.61000061035156,5415500
2019-02-13,34.75,35.13999938964844,34.720001220703125,34.83000183105469,3771100
2019-02-14,34.58000183105469,34.939998626708984,34.47999954223633,34.650001525878906,2654200
2019-02-15,34.86000061035156,35.2400016784668,34.7599983215332,35.099998474121094,3407600
2019-02-19,34.880001068115234,35.09000015258789,34.75,34.90999984741211,2793500
2019-02-20,34.95000076293945,35.5,34.869998931884766,35.43000030517578,3478000
2019-02-21,35.25,35.7599983215332,35.18000030517578,35.59000015258789,4487600
2019-02-22,35.70000076293945,35.970001220703125,35.5099983215332,35.77000045776367,3499800
2019-02-25,35.97999954223633,36.18000030517578,35.81999969482422,35.83000183105469,2694800
2019-02-26,35.630001068115234,35.959999084472656,35.54999923706055,35.58000183105469,3482500
2019-02-27,35.369998931884766,35.7599983215332,35.04999923706055,35.5099983215332,3183500
2019-02-28,35.5099983215332,35.5099983215332,35.099998474121094,35.27000045776367,3821800
2019-03-01,35.439998626708984,35.470001220703125,35.0,35.290000915527344,3765000
2019-03-04,35.43000030517578,35.599998474121094,34.95000076293945,35.310001373291016,4143200
2019-03-05,35.369998931884766,35.5,35.189998626708984,35.22999954223633,2998700
2019-03-06,35.22999954223633,35.459999084472656,35.150001525878906,35.15999984741211,2422500
2019-03-07,35.43000030517578,35.75,34.7400016784668,35.66999816894531,6603800
2019-03-08,35.220001220703125,35.939998626708984,35.119998931884766,35.880001068115234,4679200
2019-03-11,35.86000061035156,36.16999816894531,35.7599983215332,36.13999938964844,3167300
2019-03-12,36.13999938964844,36.33000183105469,36.060001373291016,36.09000015258789,2531600
2019-03-13,36.2599983215332,36.41999816894531,36.0099983215332,36.27000045776367,2552500
2019-03-14,36.13999938964844,36.27000045776367,35.849998474121094,36.0099983215332,3182900
2019-03-15,35.90999984741211,36.310001373291016,35.650001525878906,35.83000183105469,6559000
2019-03-18,36.5,36.52000045776367,36.099998474121094,36.41999816894531,4595300
2019-03-19,36.619998931884766,36.81999969482422,36.2400016784668,36.369998931884766,3781900
2019-03-20,36.380001068115234,36.619998931884766,35.90999984741211,36.380001068115234,2839300
2019-03-21,36.290000915527344,37.09000015258789,36.15999984741211,36.959999084472656,2747200
2019-03-22,36.810001373291016,37.02000045776367,36.08000183105469,36.130001068115234,3345400
2019-03-25,36.20000076293945,36.619998931884766,36.02000045776367,36.15999984741211,3017600
2019-03-26,36.31999969482422,36.65999984741211,36.290000915527344,36.560001373291016,3029800
2019-03-27,36.650001525878906,36.91999816894531,36.400001525878906,36.470001220703125,2596900
2019-03-28,36.65999984741211,36.90999984741211,36.4900016784668,36.900001525878906,2304900
2019-03-29,37.150001525878906,37.25,36.61000061035156,36.939998626708984,3615200
2019-04-01,37.2400016784668,37.36000061035156,36.83000183105469,36.91999816894531,4867400
2019-04-02,37.02000045776367,37.02000045776367,36.36000061035156,36.5,5215500
2019-04-03,36.66999816894531,36.75,35.91999816894531,36.0099983215332,7136900
2019-04-04,36.0,36.650001525878906,35.9900016784668,36.13999938964844,8130400
2019-04-05,36.119998931884766,36.56999969482422,36.11000061035156,36.189998626708984,8554800
2019-04-08,36.20000076293945,36.52000045776367,36.11000061035156,36.400001525878906,4818100
2019-04-09,36.20000076293945,36.2599983215332,35.810001373291016,35.869998931884766,5066700
2019-04-10,36.02000045776367,36.08000183105469,35.72999954223633,35.81999969482422,5095600
2019-04-11,35.849998474121094,35.93000030517578,35.689998626708984,35.810001373291016,9273300
2019-04-12,35.900001525878906,36.20000076293945,35.72999954223633,36.08000183105469,7693400
2019-04-15,36.11000061035156,36.599998474121094,35.9900016784668,36.599998474121094,5244600
2019-04-16,36.70000076293945,36.95000076293945,36.439998626708984,36.86000061035156,7312700
2019-04-17,37.0,37.060001373291016,36.4900016784668,36.59000015258789,4150100
2019-04-18,36.709999084472656,36.84000015258789,36.529998779296875,36.75,2119900
2019-04-22,36.59000015258789,36.68000030517578,36.2599983215332,36.650001525878906,2157300
2019-04-23,36.619998931884766,37.0,36.619998931884766,36.959999084472656,3268100
2019-04-24,36.90999984741211,37.2599983215332,36.709999084472656,37.099998474121094,3069700
2019-04-25,36.939998626708984,36.939998626708984,36.59000015258789,36.650001525878906,2898300
2019-04-26,36.81999969482422,37.189998626708984,36.619998931884766,37.189998626708984,7389300
2019-04-29,37.20000076293945,37.41999816894531,37.13999938964844,37.31999969482422,3037600
2019-04-30,37.400001525878906,37.58000183105469,37.09000015258789,37.5,4803000
2019-05-01,39.029998779296875,39.84000015258789,38.79999923706055,39.290000915527344,12988900
2019-05-02,39.25,39.33000183105469,38.720001220703125,38.97999954223633,7163500
2019-05-03,39.150001525878906,39.61000061035156,39.06999969482422,39.58000183105469,3700400
2019-05-06,39.189998626708984,39.689998626708984,38.93000030517578,39.59000015258789,3644800
2019-05-07,39.349998474121094,39.529998779296875,38.95000076293945,39.25,5142800
2019-05-08,39.16999816894531,39.599998474121094,39.11000061035156,39.380001068115234,6987200
2019-05-09,39.150001525878906,39.61000061035156,39.060001373291016,39.59000015258789,6883000
2019-05-10,39.33000183105469,39.79999923706055,39.040000915527344,39.68000030517578,5353700
2019-05-13,39.06999969482422,39.45000076293945,38.9900016784668,39.099998474121094,7744700
2019-05-14,39.209999084472656,39.59000015258789,39.119998931884766,39.25,5727000
2019-05-15,39.20000076293945,39.29999923706055,39.040000915527344,39.04999923706055,6203600
2019-05-16,39.06999969482422,39.34000015258789,38.93000030517578,39.18000030517578,5678400
2019-05-17,39.0,39.18000030517578,38.86000061035156,38.95000076293945,5040900
2019-05-20,38.86000061035156,39.119998931884766,38.7400016784668,39.09000015258789,6675500
2019-05-21,39.18000030517578,39.52000045776367,39.11000061035156,39.4900016784668,6483700
2019-05-22,39.290000915527344,39.43000030517578,39.11000061035156,39.209999084472656,7390800
2019-05-23,39.04999923706055,39.11000061035156,38.7400016784668,38.7599983215332,15821100
2019-05-24,38.84000015258789,38.939998626708984,38.470001220703125,38.5099983215332,14041200
2019-05-28,38.61000061035156,38.7400016784668,38.439998626708984,38.459999084472656,13800200
2019-05-29,38.349998474121094,38.41999816894531,37.959999084472656,38.25,17837600
2019-05-30,38.40999984741211,38.959999084472656,38.400001525878906,38.93000030517578,25331900
2019-05-31,38.540000915527344,38.810001373291016,38.470001220703125,38.52000045776367,27662400
2019-06-03,39.40999984741211,39.47999954223633,38.5,39.0,22706800
2019-06-04,38.90999984741211,39.58000183105469,38.70000076293945,39.54999923706055,14166300
2019-06-05,39.83000183105469,39.93000030517578,39.290000915527344,39.459999084472656,17685700
2019-06-06,39.45000076293945,39.4900016784668,39.0,39.45000076293945,7369500
2019-06-07,39.470001220703125,39.54999923706055,39.040000915527344,39.11000061035156,9042000
2019-06-10,39.08000183105469,39.20000076293945,38.79999923706055,38.810001373291016,8651400
2019-06-11,38.900001525878906,39.0,38.7400016784668,38.869998931884766,8044300
2019-06-12,38.9900016784668,40.040000915527344,38.95000076293945,39.529998779296875,8776200
2019-06-13,39.81999969482422,40.31999969482422,39.5,40.27000045776367,5996200
2019-06-14,40.08000183105469,40.20000076293945,39.77000045776367,39.95000076293945,4964800
2019-06-17,40.04999923706055,40.099998474121094,39.15999984741211,39.16999816894531,6890500
2019-06-18,39.459999084472656,39.9900016784668,39.279998779296875,39.65999984741211,6630800
2019-06-19,39.58000183105469,39.65999984741211,38.7599983215332,39.060001373291016,6177800
2019-06-20,39.310001373291016,39.81999969482422,39.15999984741211,39.70000076293945,7667200
2019-06-21,39.459999084472656,40.09000015258789,39.290000915527344,40.09000015258789,27707400
2019-06-24,39.9900016784668,40.880001068115234,39.86000061035156,40.439998626708984,7712600
2019-06-25,40.599998474121094,41.0099983215332,40.380001068115234,40.58000183105469,5953100
2019-06-26,40.54999923706055,40.83000183105469,40.40999984741211,40.619998931884766,4252300
2019-06-27,40.619998931884766,40.66999816894531,40.38999938964844,40.529998779296875,4981100
2019-06-28,40.61000061035156,41.400001525878906,40.52000045776367,41.310001373291016,5236400
2019-07-01,41.68000030517578,41.90999984741211,41.470001220703125,41.88999938964844,3751600
2019-07-02,41.88999938964844,42.06999969482422,41.58000183105469,41.63999938964844,4368400
2019-07-03,41.68000030517578,41.939998626708984,41.56999969482422,41.83000183105469,2952700
2019-07-05,41.29999923706055,41.900001525878906,41.25,41.869998931884766,3023500
2019-07-08,42.0,42.18000030517578,41.4900016784668,41.689998626708984,5176600
2019-07-09,41.65999984741211,41.79999923706055,41.439998626708984,41.650001525878906,4571800
2019-07-10,41.68000030517578,41.88999938964844,41.310001373291016,41.33000183105469,3635800
2019-07-11,41.40999984741211,41.529998779296875,41.06999969482422,41.33000183105469,4286900
2019-07-12,41.2599983215332,41.58000183105469,41.189998626708984,41.540000915527344,6417800
2019-07-15,41.540000915527344,41.849998474121094,41.290000915527344,41.81999969482422,4185000
2019-07-16,41.81999969482422,42.150001525878906,41.720001220703125,42.060001373291016,3424500
2019-07-17,42.08000183105469,42.08000183105469,41.029998779296875,41.060001373291016,4453800
2019-07-18,40.93000030517578,41.33000183105469,40.66999816894531,41.16999816894531,2873100
2019-07-19,41.38999938964844,41.59000015258789,41.2599983215332,41.31999969482422,3216600
2019-07-22,41.0,41.220001220703125,40.849998474121094,41.0,2729200
2019-07-23,41.2400016784668,41.2599983215332,40.720001220703125,41.060001373291016,4628900
2019-07-24,40.90999984741211,41.47999954223633,40.779998779296875,41.400001525878906,3074700
2019-07-25,41.439998626708984,41.56999969482422,41.029998779296875,41.119998931884766,3160000
2019-07-26,41.09000015258789,41.369998931884766,40.93000030517578,41.20000076293945,2874600
2019-07-29,41.22999954223633,41.31999969482422,40.77000045776367,40.90999984741211,3405800
2019-07-30,40.7400016784668,41.290000915527344,40.630001068115234,41.27000045776367,3695000
2019-07-31,41.45000076293945,42.849998474121094,41.31999969482422,42.439998626708984,8660400
2019-08-01,42.16999816894531,42.83000183105469,41.59000015258789,42.0099983215332,6032700
2019-08-02,41.81999969482422,42.40999984741211,41.720001220703125,41.93000030517578,4375700
2019-08-05,41.41999816894531,41.90999984741211,40.9900016784668,41.400001525878906,5493700
2019-08-06,41.2400016784668,42.0,41.220001220703125,41.869998931884766,4536600
2019-08-07,41.459999084472656,41.970001220703125,41.11000061035156,41.880001068115234,4222300
2019-08-08,42.029998779296875,42.68000030517578,42.0099983215332,42.599998474121094,4707200
2019-08-09,42.47999954223633,42.68000030517578,41.9900016784668,42.310001373291016,2972400
2019-08-12,42.16999816894531,42.310001373291016,41.779998779296875,41.849998474121094,2335500
2019-08-13,41.7599983215332,42.88999938964844,41.75,42.869998931884766,4863800
2019-08-14,42.29999923706055,42.380001068115234,41.45000076293945,41.5099983215332,4527800
2019-08-15,41.650001525878906,41.75,41.279998779296875,41.540000915527344,5091400
2019-08-16,41.849998474121094,42.5099983215332,41.810001373291016,42.33000183105469,4848500
2019-08-19,42.7599983215332,43.04999923706055,42.61000061035156,42.63999938964844,4262400
2019-08-20,42.599998474121094,43.150001525878906,42.33000183105469,42.369998931884766,3793900
2019-08-21,42.77000045776367,43.150001525878906,42.66999816894531,42.900001525878906,4361900
2019-08-22,42.9900016784668,43.220001220703125,41.959999084472656,42.130001068115234,5080700
2019-08-23,41.91999816894531,42.369998931884766,41.029998779296875,41.290000915527344,6418400
2019-08-26,41.470001220703125,41.66999816894531,41.22999954223633,41.59000015258789,4297200
2019-08-27,41.90999984741211,42.209999084472656,41.72999954223633,41.9900016784668,5574000
2019-08-28,41.779998779296875,42.56999969482422,41.619998931884766,42.540000915527344,2928100
2019-08-29,42.97999954223633,43.15999984741211,42.349998474121094,42.619998931884766,5835700
2019-08-30,42.900001525878906,43.09000015258789,42.52000045776367,42.689998626708984,4049100
2019-09-03,42.41999816894531,42.41999816894531,41.84000015258789,42.0099983215332,3772600
2019-09-04,42.40999984741211,42.59000015258789,42.290000915527344,42.400001525878906,4946800
2019-09-05,42.7599983215332,43.29999923706055,42.70000076293945,42.849998474121094,4681100
2019-09-06,43.029998779296875,43.209999084472656,42.7599983215332,42.81999969482422,3731600
2019-09-09,42.93000030517578,42.93000030517578,42.29999923706055,42.88999938964844,4637000
2019-09-10,42.97999954223633,43.25,42.79999923706055,42.970001220703125,4191000
2019-09-11,43.08000183105469,44.119998931884766,43.02000045776367,44.119998931884766,5124100
2019-09-12,44.31999969482422,44.5,43.97999954223633,44.29999923706055,3703500
2019-09-13,44.310001373291016,44.43000030517578,43.83000183105469,44.040000915527344,3659800
2019-09-16,43.849998474121094,43.97999954223633,43.56999969482422,43.709999084472656,3173300
2019-09-17,43.630001068115234,44.060001373291016,43.5099983215332,43.86000061035156,3989600
2019-09-18,43.900001525878906,44.15999984741211,43.68000030517578,44.11000061035156,4360800
2019-09-19,44.130001068115234,44.5,43.849998474121094,44.029998779296875,3204400
2019-09-20,44.310001373291016,44.58000183105469,43.79999923706055,43.90999984741211,9911500
2019-09-23,43.720001220703125,44.4900016784668,43.599998474121094,44.2400016784668,3276100
2019-09-24,44.349998474121094,44.650001525878906,43.41999816894531,43.459999084472656,5410700
2019-09-25,43.439998626708984,43.77000045776367,43.27000045776367,43.70000076293945,3710500
2019-09-26,43.79999923706055,43.88999938964844,43.439998626708984,43.59000015258789,4234900
2019-09-27,43.75,43.75,43.279998779296875,43.66999816894531,3566900
2019-09-30,44.0099983215332,44.20000076293945,43.81999969482422,43.88999938964844,3961600
2019-10-01,44.11000061035156,44.130001068115234,42.900001525878906,42.95000076293945,3846800
2019-10-02,42.65999984741211,42.68000030517578,41.63999938964844,41.86000061035156,5734000
2019-10-03,41.77000045776367,42.11000061035156,41.34000015258789,42.029998779296875,6224400
2019-10-04,42.2400016784668,42.58000183105469,42.0,42.439998626708984,4371800
2019-10-07,42.119998931884766,42.650001525878906,41.7400016784668,42.2400016784668,4597200
2019-10-08,41.84000015258789,42.029998779296875,41.290000915527344,41.310001373291016,4889700
2019-10-09,41.70000076293945,42.0099983215332,41.560001373291016,41.599998474121094,9277800
2019-10-10,41.619998931884766,42.38999938964844,41.619998931884766,41.790000915527344,5980000
2019-10-11,42.2599983215332,43.04999923706055,42.18000030517578,42.720001220703125,5266000
2019-10-14,42.61000061035156,42.689998626708984,42.209999084472656,42.2400016784668,2593800
2019-10-15,42.380001068115234,42.66999816894531,42.16999816894531,42.20000076293945,3268400
2019-10-16,41.83000183105469,42.45000076293945,41.7400016784668,42.0,6424800
2019-10-17,42.189998626708984,42.810001373291016,42.150001525878906,42.58000183105469,7635500
2019-10-18,42.47999954223633,42.61000061035156,41.689998626708984,41.849998474121094,6123500
2019-10-21,42.06999969482422,42.86000061035156,41.91999816894531,42.38999938964844,8328400
2019-10-22,42.349998474121094,42.869998931884766,42.22999954223633,42.689998626708984,6055000
2019-10-23,42.58000183105469,42.65999984741211,41.9900016784668,42.369998931884766,4961400
2019-10-24,42.58000183105469,42.650001525878906,42.22999954223633,42.29999923706055,4231900
2019-10-25,42.349998474121094,42.91999816894531,42.2400016784668,42.560001373291016,3821100
2019-10-28,42.720001220703125,42.84000015258789,42.34000015258789,42.66999816894531,5384500
2019-10-29,42.470001220703125,43.77000045776367,42.31999969482422,43.36000061035156,4769500
2019-10-30,43.290000915527344,43.40999984741211,42.810001373291016,43.209999084472656,3598700
2019-10-31,43.099998474121094,43.470001220703125,43.0099983215332,43.33000183105469,4611700
2019-11-01,43.68000030517578,43.91999816894531,43.40999984741211,43.81999969482422,4608900
2019-11-04,44.22999954223633,44.81999969482422,44.119998931884766,44.459999084472656,5980700
2019-11-05,44.349998474121094,44.40999984741211,43.72999954223633,43.88999938964844,6389200
2019-11-06,43.83000183105469,44.22999954223633,43.79999923706055,44.22999954223633,4880100
2019-11-07,44.279998779296875,44.599998474121094,42.150001525878906,42.290000915527344,6062100
2019-11-08,42.18000030517578,42.52000045776367,41.810001373291016,42.52000045776367,4933400
2019-11-11,42.209999084472656,42.529998779296875,42.130001068115234,42.2400016784668,3582100
2019-11-12,42.43000030517578,42.61000061035156,42.25,42.560001373291016,4000300
2019-11-13,42.36000061035156,42.470001220703125,41.619998931884766,41.849998474121094,5754800
2019-11-14,41.720001220703125,42.380001068115234,41.5099983215332,42.29999923706055,4268100
2019-11-15,42.630001068115234,42.77000045776367,42.27000045776367,42.38999938964844,4105000
2019-11-18,42.41999816894531,42.619998931884766,42.18000030517578,42.529998779296875,2953200
2019-11-19,42.689998626708984,42.9900016784668,42.560001373291016,42.90999984741211,5009500
2019-11-20,42.83000183105469,42.88999938964844,42.08000183105469,42.40999984741211,3449400
2019-11-21,42.119998931884766,42.33000183105469,42.02000045776367,42.22999954223633,4205200
2019-11-22,42.290000915527344,42.75,42.22999954223633,42.70000076293945,3278900
2019-11-25,42.79999923706055,42.959999084472656,42.56999969482422,42.619998931884766,3916200
2019-11-26,42.70000076293945,43.0,42.599998474121094,42.95000076293945,4520500
2019-11-27,42.9900016784668,43.18000030517578,42.86000061035156,43.11000061035156,3420000
2019-11-29,43.209999084472656,43.209999084472656,42.77000045776367,42.83000183105469,1855400
2019-12-02,42.790000915527344,42.880001068115234,42.27000045776367,42.27000045776367,5633600
2019-12-03,41.84000015258789,42.060001373291016,41.61000061035156,41.790000915527344,4376700
2019-12-04,41.88999938964844,42.529998779296875,41.84000015258789,42.130001068115234,3924600
2019-12-05,42.27000045776367,42.380001068115234,41.70000076293945,41.75,4461800
2019-12-06,42.119998931884766,42.33000183105469,41.939998626708984,42.09000015258789,3964600
2019-12-09,42.040000915527344,42.220001220703125,41.93000030517578,42.0,3669700
2019-12-10,42.09000015258789,42.310001373291016,41.84000015258789,42.09000015258789,3809000
2019-12-11,42.16999816894531,42.72999954223633,42.13999938964844,42.70000076293945,3511600
2019-12-12,42.04999923706055,42.27000045776367,41.75,42.0099983215332,5562300
2019-12-13,41.63999938964844,41.63999938964844,40.2400016784668,40.439998626708984,9084000
2019-12-16,40.720001220703125,40.97999954223633,40.459999084472656,40.599998474121094,9359200
2019-12-17,40.58000183105469,40.880001068115234,40.459999084472656,40.68000030517578,7422300
2019-12-18,40.75,40.869998931884766,40.38999938964844,40.599998474121094,6431500
2019-12-19,40.470001220703125,40.869998931884766,40.31999969482422,40.7599983215332,5532700
2019-12-20,41.20000076293945,41.2400016784668,40.849998474121094,41.220001220703125,13167500
2019-12-23,41.2400016784668,41.38999938964844,41.09000015258789,41.209999084472656,3240700
2019-12-24,41.11000061035156,41.16999816894531,40.88999938964844,41.119998931884766,983700
2019-12-26,41.060001373291016,41.209999084472656,40.90999984741211,41.11000061035156,1851600
2019-12-27,41.16999816894531,41.310001373291016,41.02000045776367,41.060001373291016,1800300
2019-12-30,41.040000915527344,41.130001068115234,40.599998474121094,40.650001525878906,2029200
2019-12-31,40.59000015258789,40.79999923706055,40.36000061035156,40.709999084472656,3609600
2020-01-02,40.90999984741211,41.40999984741211,40.72999954223633,41.400001525878906,4201500
2020-01-03,40.810001373291016,41.02000045776367,40.40999984741211,40.65999984741211,4206700
2020-01-06,41.029998779296875,41.43000030517578,40.970001220703125,41.18000030517578,4998100
2020-01-07,41.0099983215332,41.18000030517578,40.630001068115234,40.75,5157100
2020-01-08,40.83000183105469,41.54999923706055,40.77000045776367,41.08000183105469,4994300
2020-01-09,41.22999954223633,41.59000015258789,41.099998474121094,41.33000183105469,4643900
2020-01-10,41.41999816894531,41.5099983215332,40.900001525878906,40.97999954223633,3553800
2020-01-13,41.0,41.31999969482422,40.959999084472656,41.15999984741211,4860300
2020-01-14,41.18000030517578,41.22999954223633,40.86000061035156,40.97999954223633,3166300
2020-01-15,40.959999084472656,41.22999954223633,40.810001373291016,40.93000030517578,3517600
2020-01-16,40.9900016784668,41.15999984741211,40.7599983215332,41.040000915527344,5733900
2020-01-17,40.90999984741211,41.36000061035156,40.849998474121094,40.9900016784668,6685800
2020-01-21,40.86000061035156,41.25,40.81999969482422,41.029998779296875,4928600
2020-01-22,41.20000076293945,41.459999084472656,41.0099983215332,41.369998931884766,5673800
2020-01-23,41.189998626708984,41.77000045776367,41.189998626708984,41.75,4467300
2020-01-24,41.63999938964844,41.70000076293945,41.11000061035156,41.349998474121094,4563300
2020-01-27,40.849998474121094,41.09000015258789,40.27000045776367,40.29999923706055,3765500
2020-01-28,40.349998474121094,41.029998779296875,40.09000015258789,40.810001373291016,6266900
2020-01-29,41.04999923706055,41.2400016784668,40.470001220703125,40.4900016784668,3785200
2020-01-30,40.290000915527344,40.779998779296875,40.209999084472656,40.5099983215332,8705600
2020-01-31,41.25,42.34000015258789,39.22999954223633,39.45000076293945,7536800
2020-02-03,39.58000183105469,39.9900016784668,39.27000045776367,39.290000915527344,4574500
2020-02-04,39.689998626708984,40.04999923706055,39.209999084472656,39.2400016784668,5920800
2020-02-05,39.61000061035156,40.02000045776367,39.29999923706055,39.810001373291016,5966900
2020-02-06,39.91999816894531,40.099998474121094,39.70000076293945,39.91999816894531,3840700
2020-02-07,39.7599983215332,40.029998779296875,39.58000183105469,39.810001373291016,2991600
2020-02-10,39.709999084472656,40.63999938964844,39.599998474121094,40.540000915527344,5277200
2020-02-11,40.65999984741211,40.970001220703125,40.599998474121094,40.7599983215332,3116900
2020-02-12,40.93000030517578,41.86000061035156,40.93000030517578,41.790000915527344,5993700
2020-02-13,41.54999923706055,41.560001373291016,40.779998779296875,41.130001068115234,3835700
2020-02-14,41.119998931884766,41.959999084472656,41.0099983215332,41.959999084472656,4706300
2020-02-18,41.97999954223633,42.36000061035156,41.5099983215332,41.9900016784668,4339400
2020-02-19,42.09000015258789,42.439998626708984,41.849998474121094,41.970001220703125,4206100
2020-02-20,41.81999969482422,42.40999984741211,41.68000030517578,42.2400016784668,4741200
2020-02-21,42.060001373291016,42.650001525878906,41.88999938964844,42.45000076293945,12196500
2020-02-24,41.66999816894531,41.84000015258789,41.029998779296875,41.630001068115234,6659800
2020-02-25,41.630001068115234,41.689998626708984,39.43000030517578,39.45000076293945,7673500
2020-02-26,39.849998474121094,40.400001525878906,39.29999923706055,39.310001373291016,6226500
2020-02-27,38.720001220703125,39.41999816894531,37.900001525878906,37.900001525878906,8569100
2020-02-28,36.90999984741211,37.34000015258789,35.58000183105469,36.56999969482422,13381400
2020-03-02,36.810001373291016,38.119998931884766,36.099998474121094,38.06999969482422,8790700
2020-03-03,37.91999816894531,39.470001220703125,37.310001373291016,37.45000076293945,9620000
2020-03-04,38.16999816894531,39.47999954223633,37.58000183105469,39.349998474121094,8141200
2020-03-05,38.47999954223633,39.400001525878906,38.18000030517578,38.81999969482422,9336500
2020-03-06,37.279998779296875,38.47999954223633,37.2599983215332,38.15999984741211,9936100
2020-03-09,35.58000183105469,36.900001525878906,35.22999954223633,35.720001220703125,13133800
2020-03-10,36.83000183105469,37.599998474121094,35.15999984741211,37.54999923706055,11199900
2020-03-11,36.41999816894531,36.77000045776367,34.95000076293945,35.209999084472656,10216500
2020-03-12,32.63999938964844,33.22999954223633,30.520000457763672,30.520000457763672,9363000
2020-03-13,32.040000915527344,32.810001373291016,30.65999984741211,32.810001373291016,9801000
2020-03-16,28.75,32.849998474121094,28.579999923706055,30.600000381469727,9864600
2020-03-17,31.290000915527344,31.899999618530273,28.719999313354492,29.530000686645508,9708500
2020-03-18,27.670000076293945,28.1299991607666,23.959999084472656,26.31999969482422,7365400
2020-03-19,25.940000534057617,26.6299991607666,24.1200008392334,26.079999923706055,7761700
2020-03-20,26.690000534057617,26.690000534057617,24.110000610351562,24.90999984741211,12206800
2020-03-23,24.440000534057617,24.549999237060547,22.780000686645508,23.5,10135000
2020-03-24,24.639999389648438,25.639999389648438,24.299999237060547,25.360000610351562,12893300
2020-03-25,25.559999465942383,27.3700008392334,24.780000686645508,26.1299991607666,13131700
2020-03-26,26.40999984741211,27.549999237060547,25.81999969482422,27.0,11994200
2020-03-27,26.1299991607666,26.670000076293945,25.229999542236328,25.940000534057617,7731300
2020-03-30,25.940000534057617,26.690000534057617,24.65999984741211,26.489999771118164,8695900
2020-03-31,26.200000762939453,27.469999313354492,25.979999542236328,26.959999084472656,8473000
2020-04-01,25.790000915527344,26.219999313354492,24.770000457763672,25.15999984741211,7616600
2020-04-02,25.18000030517578,26.670000076293945,25.149999618530273,26.049999237060547,8349700
2020-04-03,25.979999542236328,26.299999237060547,25.0,25.469999313354492,6786900
2020-04-06,26.729999542236328,27.959999084472656,26.6299991607666,27.40999984741211,8617700
2020-04-07,28.600000381469727,29.530000686645508,28.100000381469727,28.270000457763672,5960000
2020-04-08,28.520000457763672,29.729999542236328,28.299999237060547,29.309999465942383,4418100
2020-04-09,29.6299991607666,31.34000015258789,29.6200008392334,30.600000381469727,8105500
2020-04-13,30.350000381469727,30.530000686645508,29.0,29.360000610351562,4041300
2020-04-14,30.0,31.100000381469727,29.790000915527344,30.799999237060547,6660800
2020-04-15,29.790000915527344,29.809999465942383,28.940000534057617,29.100000381469727,4256200
2020-04-16,29.030000686645508,29.170000076293945,28.100000381469727,28.5,5279400
2020-04-17,29.219999313354492,30.079999923706055,29.100000381469727,29.540000915527344,4144400
2020-04-20,28.790000915527344,29.06999969482422,28.190000534057617,28.469999313354492,4635900
2020-04-21,27.709999084472656,28.239999771118164,27.489999771118164,27.59000015258789,4027900
2020-04-22,28.299999237060547,28.469999313354492,27.399999618530273,27.75,5615300
2020-04-23,28.100000381469727,28.290000915527344,27.670000076293945,27.850000381469727,4893900
2020-04-24,27.969999313354492,28.030000686645508,27.290000915527344,27.90999984741211,7403600
2020-04-27,28.15999984741211,29.309999465942383,28.149999618530273,29.049999237060547,4649300
2020-04-28,29.65999984741211,30.399999618530273,29.540000915527344,29.729999542236328,6102700
2020-04-29,30.700000762939453,31.25,30.31999969482422,30.6299991607666,5273800
2020-04-30,30.149999618530273,30.149999618530273,29.030000686645508,29.110000610351562,5628600
2020-05-01,28.670000076293945,29.15999984741211,27.459999084472656,27.860000610351562,4747900
2020-05-04,27.6299991607666,28.6299991607666,26.920000076293945,28.530000686645508,5083800
2020-05-05,28.799999237060547,29.209999084472656,28.420000076293945,28.649999618530273,5869500
2020-05-06,28.889999389648438,28.959999084472656,28.299999237060547,28.309999465942383,4784400
2020-05-07,28.540000915527344,28.940000534057617,28.360000610351562,28.520000457763672,5134100
2020-05-08,28.989999771118164,29.889999389648438,28.969999313354492,29.799999237060547,4212700
2020-05-11,29.43000030517578,29.43000030517578,28.399999618530273,28.559999465942383,4188500
2020-05-12,28.68000030517578,28.850000381469727,27.850000381469727,27.90999984741211,5765400
2020-05-13,27.709999084472656,27.899999618530273,26.780000686645508,27.219999313354492,6449500
2020-05-14,27.260000228881836,28.799999237060547,26.229999542236328,28.59000015258789,5778500
2020-05-15,28.3700008392334,28.920000076293945,28.030000686645508,28.459999084472656,8629200
2020-05-18,29.579999923706055,30.079999923706055,29.280000686645508,29.530000686645508,5082100
2020-05-19,29.579999923706055,29.739999771118164,28.989999771118164,29.0,4633600
2020-05-20,29.190000534057617,29.309999465942383,28.579999923706055,28.739999771118164,6842500
2020-05-21,28.610000610351562,29.540000915527344,28.610000610351562,29.40999984741211,6588800
2020-05-22,29.40999984741211,29.559999465942383,29.079999923706055,29.530000686645508,3649500
2020-05-26,30.489999771118164,31.479999542236328,30.420000076293945,31.06999969482422,4874800
2020-05-27,32.0,32.529998779296875,31.469999313354492,31.8700008392334,6167600
2020-05-28,32.20000076293945,32.29999923706055,31.360000610351562,31.530000686645508,4835000
2020-05-29,31.149999618530273,31.770000457763672,31.030000686645508,31.40999984741211,6992700
2020-06-01,31.450000762939453,31.850000381469727,31.170000076293945,31.770000457763672,3187400
2020-06-02,32.0,32.380001068115234,32.0,32.349998474121094,4552900
2020-06-03,32.7400016784668,33.720001220703125,32.560001373291016,33.56999969482422,3561800
2020-06-04,33.34000015258789,34.47999954223633,33.290000915527344,34.40999984741211,5905100
2020-06-05,35.720001220703125,36.459999084472656,35.560001373291016,36.04999923706055,5940000
2020-06-08,36.18000030517578,37.06999969482422,36.18000030517578,36.810001373291016,4902700
2020-06-09,36.08000183105469,36.27000045776367,35.4900016784668,35.7400016784668,4352400
2020-06-10,35.5,35.5,34.38999938964844,34.43000030517578,6768800
2020-06-11,33.02000045776367,33.77000045776367,32.810001373291016,33.619998931884766,12949500
2020-06-12,34.86000061035156,35.060001373291016,33.66999816894531,34.45000076293945,12188100
2020-06-15,33.38999938964844,35.5,33.22999954223633,35.349998474121094,7030300
2020-06-16,36.599998474121094,36.900001525878906,35.18000030517578,35.43000030517578,6416300
2020-06-17,35.36000061035156,35.619998931884766,34.95000076293945,35.25,4378000
2020-06-18,35.0099983215332,35.52000045776367,34.560001373291016,34.709999084472656,3901900
2020-06-19,35.11000061035156,35.150001525878906,33.77000045776367,34.31999969482422,11215800
2020-06-22,34.66999816894531,35.119998931884766,34.41999816894531,34.93000030517578,4876500
2020-06-23,35.45000076293945,35.45000076293945,34.54999923706055,34.790000915527344,4659900
2020-06-24,34.45000076293945,34.61000061035156,33.209999084472656,33.290000915527344,5388300
2020-06-25,33.18000030517578,33.4900016784668,32.70000076293945,33.459999084472656,3908500
2020-06-26,33.25,33.45000076293945,32.810001373291016,33.36000061035156,13590200
2020-06-29,33.439998626708984,33.91999816894531,33.119998931884766,33.81999969482422,5076400
2020-06-30,33.63999938964844,34.310001373291016,33.560001373291016,34.13999938964844,4211100
2020-07-01,34.2400016784668,34.58000183105469,33.83000183105469,33.88999938964844,4954300
2020-07-02,34.43000030517578,35.02000045776367,34.25,34.34000015258789,3585600
2020-07-06,34.880001068115234,35.06999969482422,34.540000915527344,34.72999954223633,3220000
2020-07-07,34.41999816894531,34.619998931884766,34.15999984741211,34.25,4771000
2020-07-08,34.27000045776367,34.529998779296875,33.93000030517578,34.150001525878906,3901300
2020-07-09,34.08000183105469,34.279998779296875,33.33000183105469,33.380001068115234,5543300
2020-07-10,33.459999084472656,33.880001068115234,33.310001373291016,33.869998931884766,5140000
2020-07-13,34.11000061035156,34.560001373291016,33.93000030517578,34.0,5851500
2020-07-14,34.0,34.97999954223633,33.54999923706055,34.970001220703125,6221700
2020-07-15,35.72999954223633,36.720001220703125,35.63999938964844,36.439998626708984,8046200
2020-07-16,36.400001525878906,37.56999969482422,36.06999969482422,37.16999816894531,7025000
2020-07-17,37.22999954223633,37.720001220703125,36.95000076293945,37.66999816894531,6259900
2020-07-20,37.439998626708984,37.849998474121094,36.790000915527344,36.79999923706055,4176000
2020-07-21,36.79999923706055,37.11000061035156,36.560001373291016,36.709999084472656,4355000
2020-07-22,36.470001220703125,37.15999984741211,36.40999984741211,37.04999923706055,3335400
2020-07-23,37.06999969482422,37.63999938964844,36.97999954223633,37.349998474121094,4929100
2020-07-24,37.34000015258789,37.43000030517578,36.70000076293945,36.79999923706055,3674100
2020-07-27,36.720001220703125,37.209999084472656,36.5,37.06999969482422,3199100
2020-07-28,36.91999816894531,37.150001525878906,36.529998779296875,36.58000183105469,3124600
2020-07-29,36.63999938964844,38.279998779296875,36.560001373291016,37.9900016784668,6896500
2020-07-30,37.33000183105469,37.4900016784668,36.84000015258789,37.2400016784668,4262800
2020-07-31,39.119998931884766,39.95000076293945,38.11000061035156,38.47999954223633,8532500
2020-08-03,38.58000183105469,39.150001525878906,38.310001373291016,38.91999816894531,8042800
2020-08-04,38.59000015258789,38.779998779296875,37.81999969482422,38.36000061035156,5214000
2020-08-05,38.29999923706055,38.630001068115234,38.08000183105469,38.34000015258789,4306400
2020-08-06,38.13999938964844,38.61000061035156,38.13999938964844,38.38999938964844,2762100
2020-08-07,38.40999984741211,39.15999984741211,38.34000015258789,39.04999923706055,3218700
2020-08-10,39.33000183105469,40.20000076293945,39.08000183105469,40.099998474121094,5176000
2020-08-11,41.29999923706055,42.130001068115234,40.720001220703125,40.790000915527344,8454300
2020-08-12,41.09000015258789,41.40999984741211,40.810001373291016,41.060001373291016,4808700
2020-08-13,40.75,41.04999923706055,40.349998474121094,40.650001525878906,4043300
2020-08-14,40.380001068115234,41.029998779296875,40.2599983215332,40.86000061035156,3105200
2020-08-17,40.77000045776367,40.939998626708984,40.58000183105469,40.72999954223633,3545200
2020-08-18,40.650001525878906,40.93000030517578,40.2400016784668,40.33000183105469,4218300
2020-08-19,40.220001220703125,40.65999984741211,40.130001068115234,40.22999954223633,3395100
2020-08-20,39.959999084472656,40.619998931884766,39.79999923706055,40.11000061035156,4732700
2020-08-21,40.22999954223633,40.63999938964844,39.95000076293945,40.59000015258789,7170600
2020-08-24,40.79999923706055,41.2400016784668,40.7400016784668,40.9900016784668,4331800
2020-08-25,41.25,41.369998931884766,40.790000915527344,41.20000076293945,3753000
2020-08-26,41.13999938964844,41.4900016784668,40.900001525878906,41.06999969482422,4702200
2020-08-27,41.2400016784668,41.470001220703125,40.779998779296875,40.900001525878906,3356800
2020-08-28,41.0,41.33000183105469,40.75,41.29999923706055,3702100
2020-08-31,41.290000915527344,41.40999984741211,40.709999084472656,40.72999954223633,4452800
2020-09-01,40.52000045776367,41.34000015258789,40.369998931884766,41.18000030517578,3580700
2020-09-02,41.25,42.33000183105469,41.11000061035156,42.18000030517578,4217500
2020-09-03,42.20000076293945,42.34000015258789,40.34000015258789,40.540000915527344,4930700
2020-09-04,41.099998474121094,41.58000183105469,40.70000076293945,41.310001373291016,8616400
2020-09-08,41.04999923706055,41.34000015258789,40.45000076293945,40.7400016784668,5846100
2020-09-09,40.779998779296875,41.630001068115234,40.75,41.209999084472656,4436700
2020-09-10,41.369998931884766,41.650001525878906,41.0099983215332,41.130001068115234,5009500
2020-09-11,41.45000076293945,42.31999969482422,41.29999923706055,41.66999816894531,4951300
2020-09-14,41.95000076293945,42.810001373291016,41.90999984741211,42.5099983215332,4234000
2020-09-15,42.52000045776367,42.869998931884766,42.2400016784668,42.290000915527344,4711500
2020-09-16,42.70000076293945,43.130001068115234,42.2400016784668,42.900001525878906,5812700
2020-09-17,42.47999954223633,43.150001525878906,42.06999969482422,42.970001220703125,4498400
2020-09-18,42.7599983215332,43.20000076293945,42.40999984741211,42.779998779296875,5590500
2020-09-21,41.939998626708984,42.029998779296875,40.470001220703125,40.90999984741211,4655200
2020-09-22,40.79999923706055,41.47999954223633,40.790000915527344,41.33000183105469,3451500
2020-09-23,41.31999969482422,41.689998626708984,40.29999923706055,40.349998474121094,3748000
2020-09-24,40.34000015258789,41.29999923706055,39.79999923706055,40.93000030517578,4299600
2020-09-25,40.380001068115234,40.779998779296875,40.189998626708984,40.4900016784668,4389200
2020-09-28,41.08000183105469,41.959999084472656,41.04999923706055,41.439998626708984,4504800
2020-09-29,41.40999984741211,41.459999084472656,40.72999954223633,40.959999084472656,5056300
2020-09-30,41.15999984741211,41.54999923706055,40.599998474121094,40.849998474121094,4861000
2020-10-01,41.2400016784668,41.38999938964844,40.47999954223633,40.68000030517578,5196700
2020-10-02,40.150001525878906,42.11000061035156,40.150001525878906,41.59000015258789,6407700
2020-10-05,41.95000076293945,42.56999969482422,41.91999816894531,42.150001525878906,3819400
2020-10-06,42.349998474121094,42.61000061035156,41.560001373291016,41.650001525878906,4009600
2020-10-07,42.25,42.880001068115234,42.2400016784668,42.5,3466100
2020-10-08,42.75,43.27000045776367,42.68000030517578,43.209999084472656,4622600
2020-10-09,43.439998626708984,43.63999938964844,42.93000030517578,42.970001220703125,4381300
2020-10-12,43.0,43.65999984741211,42.93000030517578,43.2599983215332,3561800
2020-10-13,42.970001220703125,43.290000915527344,42.380001068115234,42.439998626708984,3227000
2020-10-14,42.5099983215332,42.81999969482422,42.349998474121094,42.5099983215332,2945100
2020-10-15,42.16999816894531,42.7599983215332,42.0,42.619998931884766,3200400
2020-10-16,42.72999954223633,43.279998779296875,42.43000030517578,43.02000045776367,3993100
2020-10-19,43.060001373291016,43.38999938964844,42.290000915527344,42.41999816894531,3911500
2020-10-20,42.84000015258789,43.70000076293945,42.630001068115234,43.099998474121094,3349000
2020-10-21,43.45000076293945,43.970001220703125,43.150001525878906,43.720001220703125,4760900
2020-10-22,43.77000045776367,44.5099983215332,43.77000045776367,44.47999954223633,5164400
2020-10-23,44.56999969482422,44.7599983215332,43.959999084472656,44.400001525878906,3599700
2020-10-26,43.720001220703125,43.81999969482422,42.529998779296875,42.959999084472656,3632500
2020-10-27,42.90999984741211,43.09000015258789,42.06999969482422,42.18000030517578,2835200
2020-10-28,41.52000045776367,42.439998626708984,41.099998474121094,41.13999938964844,4711100
2020-10-29,41.189998626708984,42.47999954223633,40.91999816894531,42.310001373291016,3909100
2020-10-30,42.33000183105469,42.86000061035156,41.369998931884766,42.209999084472656,4632600
2020-11-02,42.939998626708984,44.09000015258789,42.880001068115234,43.939998626708984,5877100
2020-11-03,44.04999923706055,45.08000183105469,43.400001525878906,44.220001220703125,6147500
2020-11-04,44.0,44.060001373291016,41.689998626708984,41.79999923706055,10159000
2020-11-05,42.47999954223633,43.900001525878906,42.0,43.47999954223633,7535000
2020-11-06,43.380001068115234,43.88999938964844,43.25,43.7400016784668,5828200
2020-11-09,45.91999816894531,47.58000183105469,44.400001525878906,44.41999816894531,7864100
2020-11-10,44.7400016784668,45.310001373291016,44.2400016784668,44.41999816894531,7835400
2020-11-11,44.79999923706055,44.970001220703125,43.91999816894531,44.0,8088400
2020-11-12,43.84000015258789,44.029998779296875,43.459999084472656,43.81999969482422,5238700
2020-11-13,44.189998626708984,45.0,44.189998626708984,44.650001525878906,6850200
2020-11-16,45.31999969482422,45.5,44.7400016784668,45.36000061035156,9023800
2020-11-17,44.9900016784668,45.369998931884766,44.11000061035156,44.709999084472656,14183400
2020-11-18,44.91999816894531,46.29999923706055,44.84000015258789,45.959999084472656,6541300
2020-11-19,45.790000915527344,45.900001525878906,45.119998931884766,45.709999084472656,4792000
2020-11-20,45.52000045776367,45.7599983215332,45.029998779296875,45.290000915527344,3366700
2020-11-23,45.59000015258789,46.060001373291016,45.459999084472656,45.650001525878906,3645400
2020-11-24,46.27000045776367,47.0099983215332,45.88999938964844,46.65999984741211,3314400
2020-11-25,46.310001373291016,46.54999923706055,45.81999969482422,46.40999984741211,2808300
2020-11-27,46.380001068115234,46.66999816894531,45.88999938964844,45.970001220703125,1810800
2020-11-30,45.939998626708984,46.54999923706055,45.83000183105469,46.040000915527344,7699600
2020-12-01,46.7599983215332,47.29999923706055,46.22999954223633,46.27000045776367,4760500
2020-12-02,46.15999984741211,46.68000030517578,45.61000061035156,45.88999938964844,4471100
2020-12-03,45.970001220703125,46.189998626708984,45.45000076293945,45.72999954223633,5228100
2020-12-04,45.970001220703125,46.31999969482422,45.59000015258789,45.88999938964844,5273200
2020-12-07,45.849998474121094,45.849998474121094,45.150001525878906,45.25,3575700
2020-12-08,45.099998474121094,45.56999969482422,45.08000183105469,45.2599983215332,4645200
2020-12-09,45.709999084472656,45.9900016784668,45.33000183105469,45.790000915527344,6058900
2020-12-10,45.400001525878906,45.88999938964844,45.040000915527344,45.689998626708984,3417600
2020-12-11,45.43000030517578,45.70000076293945,45.25,45.54999923706055,4008300
2020-12-14,45.68000030517578,46.11000061035156,45.02000045776367,45.099998474121094,4690700
2020-12-15,45.16999816894531,46.040000915527344,44.90999984741211,46.040000915527344,4695600
2020-12-16,46.08000183105469,46.25,45.40999984741211,45.77000045776367,4755300
2020-12-17,46.08000183105469,46.560001373291016,45.83000183105469,46.45000076293945,3906300
2020-12-18,46.45000076293945,46.72999954223633,45.90999984741211,46.2400016784668,11405800
2020-12-21,45.5,46.220001220703125,45.349998474121094,45.95000076293945,4485200
2020-12-22,46.119998931884766,46.220001220703125,45.560001373291016,45.63999938964844,3298400
2020-12-23,45.709999084472656,46.16999816894531,45.4900016784668,45.91999816894531,4227100
2020-12-24,46.20000076293945,46.20000076293945,45.68000030517578,45.93000030517578,842500
2020-12-28,46.18000030517578,46.689998626708984,46.029998779296875,46.11000061035156,2504700
2020-12-29,46.380001068115234,46.5099983215332,45.54999923706055,45.900001525878906,2436700
2020-12-30,46.04999923706055,46.810001373291016,45.95000076293945,46.41999816894531,2281200
2020-12-31,46.31999969482422,46.650001525878906,45.9900016784668,46.59000015258789,1934200
2021-01-04,46.61000061035156,47.22999954223633,45.90999984741211,46.18000030517578,5389300
2021-01-05,46.02000045776367,47.54999923706055,46.02000045776367,47.52000045776367,5564000
2021-01-06,48.0,50.2599983215332,47.84000015258789,49.75,10215100
2021-01-07,50.36000061035156,51.38999938964844,49.4900016784668,51.18000030517578,5068800
2021-01-08,51.400001525878906,51.56999969482422,50.560001373291016,51.29999923706055,5098600
2021-01-11,49.04999923706055,51.290000915527344,49.0,50.9900016784668,3906000
2021-01-12,51.220001220703125,51.959999084472656,50.38999938964844,51.84000015258789,3982200
2021-01-13,51.9900016784668,52.31999969482422,51.439998626708984,52.0099983215332,5697000
2021-01-14,52.150001525878906,52.91999816894531,52.02000045776367,52.45000076293945,3010600
2021-01-15,52.09000015258789,52.150001525878906,51.060001373291016,51.810001373291016,3855600
2021-01-19,52.369998931884766,52.83000183105469,51.61000061035156,51.630001068115234,3135900
2021-01-20,51.81999969482422,52.40999984741211,51.45000076293945,52.38999938964844,5056800
2021-01-21,52.060001373291016,52.349998474121094,51.630001068115234,52.15999984741211,3968900
2021-01-22,51.83000183105469,52.70000076293945,51.59000015258789,52.349998474121094,5810900
2021-01-25,51.939998626708984,52.18000030517578,51.150001525878906,51.459999084472656,4047300
2021-01-26,51.529998779296875,51.91999816894531,50.290000915527344,50.36000061035156,3667600
2021-01-27,49.91999816894531,49.91999816894531,48.11000061035156,48.400001525878906,4765900
2021-01-28,49.130001068115234,50.0,48.54999923706055,49.34000015258789,4501600
2021-01-29,49.0099983215332,50.11000061035156,48.220001220703125,49.81999969482422,6002100
2021-02-01,50.2400016784668,51.529998779296875,50.220001220703125,50.90999984741211,5785600
2021-02-02,51.220001220703125,51.630001068115234,50.709999084472656,50.709999084472656,3189900
2021-02-03,50.54999923706055,50.84000015258789,50.060001373291016,50.619998931884766,4290100
2021-02-04,50.619998931884766,51.5099983215332,50.619998931884766,51.20000076293945,3335200
2021-02-05,51.40999984741211,51.619998931884766,50.81999969482422,51.04999923706055,3890400
2021-02-08,51.11000061035156,51.7599983215332,50.97999954223633,51.709999084472656,2740500
2021-02-09,51.380001068115234,52.02000045776367,51.290000915527344,51.599998474121094,3657600
2021-02-10,51.88999938964844,52.27000045776367,51.36000061035156,52.040000915527344,3303300
2021-02-11,52.18000030517578,52.93000030517578,51.59000015258789,52.88999938964844,4821400
2021-02-12,52.599998474121094,53.65999984741211,52.40999984741211,53.58000183105469,5962900
2021-02-16,53.81999969482422,54.060001373291016,52.9900016784668,53.0,4050600
2021-02-17,52.779998779296875,55.33000183105469,52.65999984741211,55.20000076293945,5815300
2021-02-18,55.29999923706055,55.93000030517578,54.810001373291016,55.66999816894531,4850800
2021-02-19,56.16999816894531,56.83000183105469,55.880001068115234,56.02000045776367,4800300
2021-02-22,56.0,56.70000076293945,55.40999984741211,56.31999969482422,5937900
2021-02-23,56.47999954223633,56.47999954223633,55.31999969482422,55.97999954223633,3752800
2021-02-24,56.0,56.560001373291016,55.459999084472656,56.099998474121094,3965100
2021-02-25,56.150001525878906,56.599998474121094,55.33000183105469,55.599998474121094,3617300
2021-02-26,55.650001525878906,56.439998626708984,55.13999938964844,55.790000915527344,6865000
2021-03-01,56.36000061035156,57.58000183105469,56.36000061035156,57.18000030517578,3275300
2021-03-02,57.34000015258789,57.560001373291016,56.43000030517578,57.45000076293945,4509800
2021-03-03,57.4900016784668,58.29999923706055,57.20000076293945,57.95000076293945,5193700
2021-03-04,57.630001068115234,58.209999084472656,55.83000183105469,57.27000045776367,5967600
2021-03-05,57.79999923706055,59.310001373291016,56.970001220703125,59.20000076293945,5304300
2021-03-08,59.380001068115234,60.939998626708984,59.0099983215332,60.220001220703125,5113200
2021-03-09,60.08000183105469,60.29999923706055,59.209999084472656,59.220001220703125,3698000
2021-03-10,59.25,60.54999923706055,58.959999084472656,60.22999954223633,3991900
2021-03-11,60.459999084472656,61.40999984741211,60.20000076293945,61.09000015258789,6168400
2021-03-12,61.08000183105469,61.90999984741211,60.84000015258789,61.810001373291016,5318300
2021-03-15,61.52000045776367,62.400001525878906,60.720001220703125,62.290000915527344,3680400
2021-03-16,62.06999969482422,62.27000045776367,60.04999923706055,60.56999969482422,5524200
2021-03-17,60.7400016784668,60.849998474121094,59.900001525878906,60.52000045776367,5740600
2021-03-18,60.529998779296875,62.150001525878906,60.529998779296875,61.52000045776367,4627500
2021-03-19,60.959999084472656,61.06999969482422,59.41999816894531,60.0,8218300
2021-03-22,59.79999923706055,60.470001220703125,59.40999984741211,59.959999084472656,6027100
2021-03-23,59.38999938964844,59.93000030517578,58.20000076293945,58.439998626708984,4325600
2021-03-24,59.220001220703125,59.52000045776367,58.470001220703125,58.59000015258789,4981700
2021-03-25,58.619998931884766,59.689998626708984,58.150001525878906,59.380001068115234,5505800
2021-03-26,60.0,60.130001068115234,59.38999938964844,59.9900016784668,5218900
2021-03-29,60.84000015258789,61.099998474121094,59.88999938964844,60.470001220703125,5501300
2021-03-30,60.25,60.86000061035156,60.119998931884766,60.72999954223633,2535400
2021-03-31,60.560001373291016,60.86000061035156,59.630001068115234,59.66999816894531,5172400
2021-04-01,59.95000076293945,60.06999969482422,59.529998779296875,59.900001525878906,3049000
2021-04-05,60.4900016784668,61.36000061035156,60.33000183105469,60.88999938964844,2726200
2021-04-06,60.95000076293945,61.369998931884766,60.75,60.970001220703125,2619900
2021-04-07,60.75,61.0099983215332,60.060001373291016,60.150001525878906,3222200
2021-04-08,60.08000183105469,60.52000045776367,59.529998779296875,60.45000076293945,3415700
2021-04-09,61.11000061035156,61.91999816894531,60.4900016784668,61.7599983215332,4073600
2021-04-12,61.75,62.06999969482422,61.58000183105469,62.029998779296875,2795600
2021-04-13,62.029998779296875,62.11000061035156,61.04999923706055,61.459999084472656,2709800
2021-04-14,61.33000183105469,61.88999938964844,61.27000045776367,61.38999938964844,2313100
2021-04-15,61.70000076293945,62.16999816894531,61.2400016784668,62.13999938964844,2336300
2021-04-16,62.58000183105469,62.849998474121094,62.11000061035156,62.4900016784668,3349300
2021-04-19,62.34000015258789,62.630001068115234,62.029998779296875,62.31999969482422,2374900
2021-04-20,62.25,62.290000915527344,60.86000061035156,61.20000076293945,4211000
2021-04-21,61.22999954223633,61.959999084472656,60.970001220703125,61.880001068115234,3315400
2021-04-22,62.400001525878906,63.52000045776367,62.11000061035156,62.290000915527344,4083600
2021-04-23,62.279998779296875,63.25,62.099998474121094,62.900001525878906,2117600
2021-04-26,63.220001220703125,63.79999923706055,62.529998779296875,62.810001373291016,3710200
2021-04-27,62.869998931884766,63.70000076293945,62.650001525878906,63.400001525878906,4280400
2021-04-28,63.439998626708984,64.08000183105469,62.970001220703125,63.099998474121094,4816600
2021-04-29,63.189998626708984,63.4900016784668,62.4900016784668,63.279998779296875,4454500
2021-04-30,61.04999923706055,62.540000915527344,60.11000061035156,62.34000015258789,8711900
2021-05-03,62.970001220703125,64.08999633789062,62.36000061035156,63.88999938964844,4850300
2021-05-04,63.599998474121094,64.30999755859375,63.33000183105469,63.63999938964844,6186700
2021-05-05,63.84000015258789,64.69999694824219,63.15999984741211,64.47000122070312,5179400
2021-05-06,64.77999877929688,65.18000030517578,64.55000305175781,64.87000274658203,5257600
2021-05-07,64.43000030517578,65.97000122070312,63.869998931884766,65.69999694824219,5670700
2021-05-10,65.9000015258789,66.69000244140625,65.77999877929688,65.83000183105469,5264100
2021-05-11,65.30999755859375,65.33000183105469,63.5,64.12999725341797,9007100
2021-05-12,63.560001373291016,64.41000366210938,62.86000061035156,63.06999969482422,4991400
2021-05-13,63.130001068115234,64.77999877929688,62.900001525878906,64.30999755859375,3902600
2021-05-14,64.70999908447266,65.80000305175781,64.4000015258789,65.55000305175781,4274200
2021-05-17,65.2300033569336,66.22000122070312,65.05999755859375,65.91000366210938,3182000
2021-05-18,65.97000122070312,66.19000244140625,63.77000045776367,63.83000183105469,5348200
2021-05-19,63.119998931884766,63.5099983215332,62.34000015258789,63.25,5457100
2021-05-20,63.650001525878906,64.37999725341797,63.2400016784668,64.2300033569336,5448500
2021-05-21,64.58000183105469,65.25,64.30000305175781,64.5,3223200
2021-05-24,64.87999725341797,65.05999755859375,64.5,64.73999786376953,2743100
2021-05-25,64.87000274658203,65.66999816894531,64.6500015258789,64.94000244140625,5131300
2021-05-26,65.69999694824219,66.23999786376953,65.4000015258789,65.94000244140625,5103700
2021-05-27,66.18000030517578,66.38999938964844,65.66999816894531,66.22000122070312,9009000
2021-05-28,66.44000244140625,66.70999908447266,65.88999938964844,66.54000091552734,2772500
2021-06-01,68.33000183105469,68.33000183105469,66.87999725341797,67.02999877929688,3464700
2021-06-02,66.94000244140625,67.16000366210938,66.16999816894531,66.38999938964844,3253800
2021-06-03,66.22000122070312,66.70999908447266,65.61000061035156,66.5999984741211,2465900
2021-06-04,66.87999725341797,67.0,66.30000305175781,66.7300033569336,3269000
2021-06-07,67.08000183105469,67.29000091552734,65.94000244140625,66.19999694824219,2439300
2021-06-08,68.0,68.0,66.54000091552734,67.23999786376953,4417000
2021-06-09,66.91000366210938,67.30000305175781,66.58000183105469,66.86000061035156,3960300
2021-06-10,67.37000274658203,67.48999786376953,66.73999786376953,66.9800033569336,3915900
2021-06-11,67.0,67.2699966430664,66.44000244140625,67.04000091552734,3452200
2021-06-14,66.73999786376953,67.1500015258789,65.61000061035156,66.16000366210938,3142700
2021-06-15,66.37999725341797,67.36000061035156,65.95999908447266,67.30999755859375,3925100
2021-06-16,67.12000274658203,67.47000122070312,66.5,67.26000213623047,4586700
2021-06-17,67.22000122070312,67.36000061035156,64.95999908447266,65.93000030517578,5628500
2021-06-18,65.2300033569336,65.38999938964844,64.37000274658203,64.44000244140625,7274400
2021-06-21,65.02999877929688,66.5,64.87000274658203,66.33000183105469,3844100
2021-06-22,66.37999725341797,67.11000061035156,65.87999725341797,66.72000122070312,3037000
2021-06-23,66.94999694824219,67.0199966430664,66.25,66.44000244140625,2294300
2021-06-24,66.86000061035156,67.01000213623047,66.2699966430664,66.58000183105469,2819400
2021-06-25,66.87000274658203,67.4800033569336,66.75,67.08999633789062,11399700
2021-06-28,67.31999969482422,67.72000122070312,66.7300033569336,67.55999755859375,3756200
2021-06-29,67.95999908447266,68.55999755859375,67.8499984741211,68.37000274658203,5069000
2021-06-30,68.19000244140625,68.94999694824219,68.05999755859375,68.62999725341797,4800300
2021-07-01,69.0199966430664,69.20999908447266,68.44000244140625,69.01000213623047,2842000
2021-07-02,68.94000244140625,69.22000122070312,68.75,69.18000030517578,1978500
2021-07-06,69.30000305175781,69.3499984741211,67.56999969482422,68.3499984741211,3136700
2021-07-07,68.30999755859375,69.69999694824219,68.05999755859375,69.52999877929688,5716400
2021-07-08,68.0,69.22000122070312,68.0,68.91000366210938,5123800
2021-07-09,69.68000030517578,70.44999694824219,69.48999786376953,70.05999755859375,4171700
2021-07-12,69.58000183105469,70.80999755859375,69.33000183105469,70.69000244140625,2728400
2021-07-13,70.6500015258789,70.69000244140625,69.44000244140625,69.62000274658203,3523200
2021-07-14,69.83999633789062,70.44999694824219,69.70999908447266,69.8499984741211,4298100
2021-07-15,69.48999786376953,70.18000030517578,69.30999755859375,70.12000274658203,4558400
2021-07-16,70.33999633789062,70.51000213623047,69.47000122070312,69.7300033569336,4840900
2021-07-19,68.56999969482422,68.73999786376953,67.38999938964844,68.02999877929688,4949300
2021-07-20,67.98999786376953,69.94999694824219,67.98999786376953,69.73999786376953,3448900
2021-07-21,70.12000274658203,70.70999908447266,69.9000015258789,70.55999755859375,3715000
2021-07-22,70.87999725341797,70.87999725341797,69.79000091552734,70.16000366210938,3716800
2021-07-23,70.44000244140625,71.1500015258789,70.3499984741211,70.91999816894531,2605600
2021-07-26,70.8499984741211,71.08000183105469,70.12000274658203,70.63999938964844,3098800
2021-07-27,70.1500015258789,71.0999984741211,69.91999816894531,70.7699966430664,2817600
2021-07-28,70.69000244140625,70.76000213623047,69.75,70.29000091552734,3952300
2021-07-29,70.94000244140625,71.77999877929688,70.51000213623047,71.5999984741211,3377900
2021-07-30,69.98999786376953,71.61000061035156,69.25,71.41999816894531,3910900
2021-08-02,71.69999694824219,72.36000061035156,70.66000366210938,70.69999694824219,2436900
2021-08-03,70.9800033569336,72.36000061035156,70.58999633789062,72.29000091552734,3574100
2021-08-04,71.98999786376953,72.4800033569336,71.3499984741211,71.36000061035156,3964400
2021-08-05,71.76000213623047,72.18000030517578,71.27999877929688,71.88999938964844,3350600
2021-08-06,72.23999786376953,72.66000366210938,71.91000366210938,72.06999969482422,1953000
2021-08-09,71.73999786376953,72.01000213623047,71.2699966430664,71.7300033569336,2754900
2021-08-10,71.83000183105469,72.6500015258789,71.6500015258789,72.33999633789062,2074500
2021-08-11,72.55000305175781,73.0,72.23999786376953,72.98999786376953,2135000
2021-08-12,73.0,73.22000122070312,72.5,73.0,1704600
2021-08-13,73.0,73.1500015258789,72.62000274658203,72.81999969482422,1734400
2021-08-16,72.76000213623047,73.68000030517578,72.36000061035156,73.51000213623047,2134200
2021-08-17,72.94000244140625,73.06999969482422,71.97000122070312,73.0,2454400
2021-08-18,72.69000244140625,73.41000366210938,72.38999938964844,72.44000244140625,2645600
2021-08-19,71.69000244140625,73.44999694824219,71.62999725341797,73.02999877929688,3795500
2021-08-20,73.1500015258789,73.55999755859375,72.77999877929688,73.4000015258789,2372000
2021-08-23,73.75,74.33000183105469,73.33999633789062,74.16999816894531,3129700
2021-08-24,74.04000091552734,74.93000030517578,74.04000091552734,74.62000274658203,1874200
2021-08-25,74.81999969482422,75.68000030517578,74.69000244140625,75.12999725341797,2004900
2021-08-26,75.0199966430664,75.27999877929688,74.61000061035156,74.7699966430664,1916200
2021-08-27,75.18000030517578,75.63999938964844,74.58999633789062,74.7300033569336,2778700
2021-08-30,74.94000244140625,75.37000274658203,74.68000030517578,74.97000122070312,4681000
2021-08-31,74.7699966430664,75.30000305175781,74.43000030517578,74.80000305175781,4563200
2021-09-01,74.77999877929688,74.94999694824219,74.04000091552734,74.31999969482422,2925800
2021-09-02,74.69000244140625,75.12000274658203,74.5199966430664,75.11000061035156,2814000
2021-09-03,75.0199966430664,75.37000274658203,74.47000122070312,75.0199966430664,3329300
2021-09-07,74.62000274658203,74.95999908447266,72.8499984741211,73.3499984741211,4077700
2021-09-08,73.12000274658203,75.56999969482422,72.98999786376953,74.69999694824219,7783100
2021-09-09,75.05999755859375,76.83000183105469,75.0,75.62999725341797,5018200
2021-09-10,76.37000274658203,76.51000213623047,75.0199966430664,75.06999969482422,4193300
2021-09-13,75.68000030517578,76.08000183105469,74.12999725341797,74.73999786376953,3851400
2021-09-14,75.04000091552734,75.43000030517578,74.29000091552734,74.37000274658203,3666400
2021-09-15,74.33000183105469,76.02999877929688,74.25,75.7699966430664,3507400
2021-09-16,75.7699966430664,76.16999816894531,75.23999786376953,75.30999755859375,3559200
2021-09-17,74.69999694824219,75.54000091552734,74.4000015258789,74.58999633789062,6720700
2021-09-20,73.27999877929688,73.41000366210938,71.75,72.7300033569336,5632700
2021-09-21,73.37999725341797,73.5199966430664,71.98999786376953,72.25,4125800
2021-09-22,72.6500015258789,73.43000030517578,72.63999938964844,72.81999969482422,4666300
2021-09-23,73.19999694824219,74.63999938964844,73.19999694824219,74.08000183105469,4888600
2021-09-24,73.43000030517578,73.9000015258789,73.19000244140625,73.56999969482422,3372500
2021-09-27,73.44000244140625,73.72000122070312,71.86000061035156,71.91999816894531,4940100
2021-09-28,71.22000122070312,71.43000030517578,69.66000366210938,70.44000244140625,9213300
2021-09-29,70.75,71.37999725341797,70.27999877929688,70.48999786376953,4293400
2021-09-30,70.87999725341797,71.19999694824219,68.05999755859375,68.08000183105469,6255200
2021-10-01,68.33999633789062,69.33000183105469,67.80000305175781,69.0199966430664,4209600
2021-10-04,68.5,69.26000213623047,67.94000244140625,68.58999633789062,3834100
2021-10-05,69.01000213623047,70.05000305175781,68.5199966430664,69.2699966430664,2671600
2021-10-06,68.61000061035156,69.58999633789062,68.43000030517578,69.4800033569336,3360900
2021-10-07,70.06999969482422,71.08999633789062,70.05999755859375,70.29000091552734,2681000
2021-10-08,70.56999969482422,70.62000274658203,68.97000122070312,69.01000213623047,2717900
2021-10-11,68.73999786376953,69.63999938964844,68.72000122070312,68.79000091552734,2283500
2021-10-12,69.02999877929688,69.31999969482422,67.95999908447266,68.16000366210938,3479800
2021-10-13,68.56999969482422,69.30000305175781,68.11000061035156,68.94999694824219,3877700
2021-10-14,69.43000030517578,71.27999877929688,69.4000015258789,71.25,3038500
2021-10-15,71.88999938964844,72.36000061035156,71.26000213623047,71.30000305175781,3299300
2021-10-18,70.70999908447266,72.16000366210938,70.62000274658203,72.0999984741211,2996500
2021-10-19,72.41999816894531,73.06999969482422,72.22000122070312,72.4800033569336,3337600
2021-10-20,72.66000366210938,73.55999755859375,72.31999969482422,73.12000274658203,2327800
2021-10-21,72.91000366210938,73.9800033569336,72.5999984741211,73.93000030517578,2084000
2021-10-22,74.25,74.66999816894531,73.77999877929688,73.87000274658203,2635100
2021-10-25,73.87999725341797,74.44999694824219,72.93000030517578,73.94999694824219,3452600
2021-10-26,74.2699966430664,74.2699966430664,73.04000091552734,73.06999969482422,2313000
2021-10-27,73.08000183105469,73.62000274658203,71.69999694824219,71.7300033569336,3366000
2021-10-28,72.2699966430664,73.54000091552734,72.13999938964844,73.43000030517578,3898800
2021-10-29,72.97000122070312,73.81999969482422,72.91000366210938,73.37000274658203,3216000
2021-11-01,73.30000305175781,74.05999755859375,72.93000030517578,73.58000183105469,3431000
2021-11-02,73.88999938964844,74.7300033569336,73.63999938964844,74.2300033569336,3597600
2021-11-03,73.83000183105469,73.83000183105469,71.91000366210938,72.45999908447266,3336200
2021-11-04,72.69000244140625,73.83000183105469,72.52999877929688,73.80000305175781,3280100
2021-11-05,74.37999725341797,74.80999755859375,73.04000091552734,74.62999725341797,4185500
2021-11-08,75.56999969482422,75.88999938964844,74.22000122070312,74.47000122070312,3055000
2021-11-09,74.51000213623047,76.52999877929688,74.51000213623047,76.41000366210938,3781100
2021-11-10,75.9000015258789,76.79000091552734,75.18000030517578,76.1500015258789,2487200
2021-11-11,76.19000244140625,76.44000244140625,75.81999969482422,76.18000030517578,1689100
2021-11-12,76.69000244140625,78.27999877929688,76.37000274658203,78.19999694824219,2629500
2021-11-15,77.83999633789062,79.12000274658203,77.83999633789062,78.33000183105469,4272600
2021-11-16,78.30999755859375,80.0199966430664,78.30999755859375,79.69000244140625,3468300
2021-11-17,79.7300033569336,80.04000091552734,78.94999694824219,79.58999633789062,3713300
2021-11-18,79.94999694824219,80.41999816894531,79.33999633789062,80.33999633789062,3970200
2021-11-19,80.27999877929688,81.1500015258789,80.05999755859375,80.8499984741211,3192600
2021-11-22,81.11000061035156,81.13999938964844,79.56999969482422,79.6500015258789,4999700
2021-11-23,79.37000274658203,80.05999755859375,78.55000305175781,79.19999694824219,2889900
2021-11-24,78.63999938964844,79.4000015258789,78.41000366210938,78.88999938964844,2158200
2021-11-26,77.62000274658203,78.25,76.94999694824219,77.41999816894531,1885200
2021-11-29,78.23999786376953,78.80000305175781,77.77999877929688,78.36000061035156,2855700
2021-11-30,77.9000015258789,77.9000015258789,74.56999969482422,74.76000213623047,7478700
2021-12-01,76.38999938964844,77.93000030517578,74.93000030517578,74.97000122070312,3693500
2021-12-02,75.47000122070312,77.11000061035156,75.47000122070312,76.66000366210938,3390900
2021-12-03,77.0999984741211,78.1500015258789,76.58999633789062,77.94999694824219,4115500
2021-12-06,78.87000274658203,79.05000305175781,78.19000244140625,78.19000244140625,3186500
2021-12-07,79.19999694824219,79.9800033569336,78.4000015258789,79.1500015258789,2483100
2021-12-08,79.31999969482422,79.86000061035156,78.91999816894531,79.54000091552734,2506500
2021-12-09,79.3499984741211,79.97000122070312,78.91000366210938,78.9800033569336,2389500
2021-12-10,79.13999938964844,79.4800033569336,78.62999725341797,79.31999969482422,2350400
2021-12-13,79.47000122070312,79.72000122070312,78.5,78.9000015258789,2781600
2021-12-14,78.44000244140625,79.27999877929688,77.08000183105469,77.77999877929688,2807400
2021-12-15,77.91000366210938,78.7699966430664,76.9000015258789,78.63999938964844,3444700
2021-12-16,79.11000061035156,79.8499984741211,78.62999725341797,79.0999984741211,2731400
2021-12-17,78.86000061035156,78.95999908447266,76.80999755859375,77.05000305175781,6034900
2021-12-20,76.19000244140625,76.38999938964844,74.36000061035156,75.94000244140625,3261700
2021-12-21,76.5999984741211,77.43000030517578,75.95999908447266,77.16999816894531,2333000
2021-12-22,77.16000366210938,77.8499984741211,77.0199966430664,77.66999816894531,3738500
2021-12-23,78.05000305175781,78.77999877929688,78.01000213623047,78.11000061035156,1772300
2021-12-27,78.66999816894531,79.76000213623047,78.30000305175781,79.73999786376953,1406300
2021-12-28,79.73999786376953,80.61000061035156,79.73999786376953,80.38999938964844,1778100
2021-12-29,80.5199966430664,81.05000305175781,80.48999786376953,80.98999786376953,2728800
2021-12-30,81.22000122070312,81.69000244140625,80.87999725341797,81.0,1558700
2021-12-31,81.08000183105469,81.7699966430664,80.93000030517578,81.30999755859375,2005700
2022-01-03,81.18000030517578,81.44999694824219,78.72000122070312,79.3499984741211,3598900
2022-01-04,79.94999694824219,81.44000244140625,79.63999938964844,80.33999633789062,2941500
2022-01-05,80.3499984741211,80.86000061035156,78.94999694824219,79.02999877929688,2944100
2022-01-06,79.3499984741211,81.0,79.06999969482422,80.37999725341797,2925200
2022-01-07,80.25,80.5,79.23999786376953,79.2699966430664,2759900
2022-01-10,78.26000213623047,78.81999969482422,76.36000061035156,78.41000366210938,2832400
2022-01-11,78.66000366210938,79.62999725341797,77.61000061035156,79.55999755859375,2518500
2022-01-12,80.41999816894531,81.0,79.62999725341797,80.02999877929688,2467900
2022-01-13,79.7699966430664,80.45999908447266,78.1500015258789,78.43000030517578,2653300
2022-01-14,77.37999725341797,77.81999969482422,75.7300033569336,76.55999755859375,3376400
2022-01-18,75.97000122070312,75.97000122070312,74.05000305175781,74.73999786376953,4331600
2022-01-19,74.98999786376953,75.66999816894531,73.56999969482422,73.70999908447266,3209300
2022-01-20,74.27999877929688,75.0,72.56999969482422,72.69999694824219,3914600
2022-01-21,72.7699966430664,73.87000274658203,72.08999633789062,72.72000122070312,4563800
2022-01-24,71.18000030517578,74.11000061035156,70.52999877929688,73.79000091552734,5566400
2022-01-25,72.69999694824219,73.45999908447266,70.75,72.98999786376953,5432600
2022-01-26,73.6500015258789,75.19999694824219,71.87000274658203,72.5,5387400
2022-01-27,73.12000274658203,73.79000091552734,71.25,71.55000305175781,4010400
2022-01-28,71.37000274658203,72.22000122070312,70.44999694824219,72.16000366210938,3851800
2022-01-31,72.02999877929688,72.72000122070312,71.5199966430664,72.66999816894531,4917500
2022-02-01,73.19000244140625,73.2300033569336,71.04000091552734,72.30999755859375,5607600
2022-02-02,72.7300033569336,74.69999694824219,71.05000305175781,72.31999969482422,6147800
2022-02-03,70.80999755859375,71.20999908447266,68.58999633789062,68.87999725341797,6618500
2022-02-04,68.11000061035156,68.97000122070312,66.18000030517578,67.47000122070312,6969800
2022-02-07,67.63999938964844,67.9000015258789,66.47000122070312,66.68000030517578,5065400
2022-02-08,66.80000305175781,68.06999969482422,66.2300033569336,67.45999908447266,5279900
2022-02-09,68.69000244140625,70.20999908447266,68.45999908447266,69.38999938964844,5720600
2022-02-10,68.02999877929688,69.7699966430664,67.80000305175781,68.33999633789062,4501400
2022-02-11,68.52999877929688,68.66000366210938,66.12999725341797,66.44999694824219,3389300
2022-02-14,66.4000015258789,66.97000122070312,65.77999877929688,66.5,6010000
2022-02-15,67.55999755859375,68.2699966430664,67.16000366210938,67.69999694824219,3947600
2022-02-16,67.31999969482422,67.91000366210938,67.06999969482422,67.48999786376953,2673200
2022-02-17,66.98999786376953,67.33000183105469,65.7300033569336,65.81999969482422,4139400
2022-02-18,65.91000366210938,66.23999786376953,65.16999816894531,65.37000274658203,4152800
2022-02-22,65.19999694824219,65.83999633789062,64.68000030517578,65.22000122070312,4147000
2022-02-23,65.58999633789062,65.61000061035156,63.5,63.83000183105469,3499500
2022-02-24,62.529998779296875,64.0199966430664,61.790000915527344,63.810001373291016,5678000
2022-02-25,63.9900016784668,65.62000274658203,63.66999816894531,65.43000030517578,4969300
2022-02-28,64.55999755859375,65.48999786376953,64.16999816894531,64.95999908447266,6055100
2022-03-01,64.95999908447266,65.13999938964844,62.13999938964844,62.58000183105469,5001100
2022-03-02,63.349998474121094,64.87999725341797,62.959999084472656,64.52999877929688,4179700
2022-03-03,64.95999908447266,65.19999694824219,63.61000061035156,64.63999938964844,4200900
2022-03-04,63.630001068115234,63.939998626708984,62.25,62.91999816894531,5740000
2022-03-07,63.2400016784668,63.2400016784668,60.25,60.310001373291016,4825900
2022-03-08,60.540000915527344,61.81999969482422,59.81999969482422,60.16999816894531,4011900
2022-03-09,61.810001373291016,63.54999923706055,61.689998626708984,62.810001373291016,3317600
2022-03-10,61.650001525878906,62.349998474121094,61.04999923706055,61.459999084472656,3137500
2022-03-11,62.150001525878906,62.70000076293945,60.43000030517578,60.47999954223633,4916500
2022-03-14,61.029998779296875,61.599998474121094,60.11000061035156,60.56999969482422,4693000
2022-03-15,60.9900016784668,61.630001068115234,60.349998474121094,61.4900016784668,5501900
2022-03-16,62.369998931884766,64.70999908447266,62.31999969482422,64.62000274658203,5607000
2022-03-17,64.11000061035156,65.0199966430664,63.41999816894531,64.87000274658203,4449100
2022-03-18,64.48999786376953,65.66000366210938,63.810001373291016,65.61000061035156,5929100
2022-03-21,65.31999969482422,66.7300033569336,65.1500015258789,65.88999938964844,4040700
2022-03-22,65.91000366210938,66.41999816894531,65.3499984741211,65.63999938964844,5332500
2022-03-23,65.01000213623047,65.66999816894531,64.38999938964844,64.76000213623047,5473800
2022-03-24,65.76000213623047,65.93000030517578,64.77999877929688,65.58000183105469,4073500
2022-03-25,65.79000091552734,66.27999877929688,65.4000015258789,66.23999786376953,2858000
2022-03-28,66.05000305175781,66.12999725341797,65.37000274658203,65.98999786376953,2790300
2022-03-29,67.29000091552734,67.98999786376953,66.55999755859375,67.12000274658203,4461900
2022-03-30,66.94999694824219,67.52999877929688,66.55999755859375,67.0,3160000
2022-03-31,66.66999816894531,67.33000183105469,65.55999755859375,65.56999969482422,4848900
2022-04-01,66.23999786376953,66.55999755859375,65.4000015258789,66.48999786376953,2879500
2022-04-04,66.0199966430664,66.8499984741211,65.44999694824219,66.63999938964844,3913800
2022-04-05,66.08999633789062,66.9800033569336,66.0,66.19999694824219,4142000
2022-04-06,65.29000091552734,65.97000122070312,64.75,65.86000061035156,4638900
2022-04-07,65.05999755859375,65.83999633789062,64.62999725341797,65.51000213623047,3987700
2022-04-08,65.62999725341797,65.66000366210938,64.29000091552734,64.5,3321600
2022-04-11,64.19000244140625,64.56999969482422,63.130001068115234,63.34000015258789,4421900
2022-04-12,63.59000015258789,64.63999938964844,61.54999923706055,62.150001525878906,5153300
2022-04-13,62.2599983215332,62.849998474121094,62.119998931884766,62.66999816894531,2692300
2022-04-14,62.86000061035156,63.119998931884766,61.38999938964844,61.529998779296875,3877100
2022-04-18,61.560001373291016,62.439998626708984,61.45000076293945,61.86000061035156,2442300
2022-04-19,62.22999954223633,63.63999938964844,62.189998626708984,63.529998779296875,2966300
2022-04-20,64.25,65.63999938964844,64.23999786376953,65.0999984741211,3111600
2022-04-21,65.91000366210938,66.61000061035156,64.83000183105469,65.13999938964844,3711300
2022-04-22,64.69000244140625,64.83999633789062,62.83000183105469,62.93000030517578,3774200
2022-04-25,62.400001525878906,62.72999954223633,61.220001220703125,62.709999084472656,3971100
2022-04-26,62.08000183105469,62.619998931884766,60.369998931884766,60.380001068115234,3334200
2022-04-27,60.31999969482422,61.619998931884766,60.04999923706055,60.84000015258789,7091300
2022-04-28,61.08000183105469,61.959999084472656,59.54999923706055,61.5,5113400
2022-04-29,61.290000915527344,61.63999938964844,59.81999969482422,59.869998931884766,6823900
2022-05-02,60.22999954223633,61.66999816894531,59.88999938964844,61.54999923706055,6106000
2022-05-03,61.4900016784668,62.33000183105469,61.31999969482422,61.90999984741211,4808300
2022-05-04,54.060001373291016,56.689998626708984,51.79999923706055,56.52000045776367,17195300
2022-05-05,55.869998931884766,55.869998931884766,53.68000030517578,54.18000030517578,9968500
2022-05-06,53.779998779296875,53.84000015258789,52.5,53.2599983215332,7430000
2022-05-09,52.56999969482422,52.790000915527344,51.02000045776367,51.77000045776367,6496300
2022-05-10,52.47999954223633,52.83000183105469,50.13999938964844,51.20000076293945,6075500
2022-05-11,51.04999923706055,53.150001525878906,50.810001373291016,51.029998779296875,8965500
2022-05-12,50.59000015258789,51.709999084472656,49.41999816894531,51.0099983215332,5754300
2022-05-13,51.58000183105469,52.66999816894531,51.279998779296875,52.209999084472656,3768800
2022-05-16,51.86000061035156,52.27000045776367,50.880001068115234,51.810001373291016,4005800
2022-05-17,52.72999954223633,52.959999084472656,51.650001525878906,52.369998931884766,3967000
2022-05-18,51.31999969482422,52.290000915527344,50.95000076293945,51.41999816894531,5227400
2022-05-19,51.150001525878906,52.560001373291016,50.95000076293945,51.88999938964844,5806700
2022-05-20,52.16999816894531,52.40999984741211,49.72999954223633,51.11000061035156,4162800
2022-05-23,51.75,51.95000076293945,50.59000015258789,51.72999954223633,3806100
2022-05-24,51.47999954223633,51.61000061035156,49.70000076293945,50.95000076293945,3833200
2022-05-25,50.65999984741211,51.97999954223633,50.47999954223633,51.77000045776367,4190800
2022-05-26,52.27000045776367,53.720001220703125,52.27000045776367,53.599998474121094,6077700
2022-05-27,54.08000183105469,54.86000061035156,53.849998474121094,54.709999084472656,4396500
2022-05-31,54.310001373291016,55.13999938964844,53.790000915527344,54.5099983215332,7405200
2022-06-01,54.779998779296875,55.06999969482422,53.459999084472656,54.0,3031300
2022-06-02,54.4900016784668,55.630001068115234,54.36000061035156,55.56999969482422,2950500
2022-06-03,54.939998626708984,55.220001220703125,54.119998931884766,54.40999984741211,3173600
2022-06-06,54.97999954223633,55.47999954223633,54.43000030517578,55.0,4560000
2022-06-07,54.560001373291016,55.540000915527344,54.02000045776367,55.45000076293945,2277800
2022-06-08,55.029998779296875,55.349998474121094,54.470001220703125,54.849998474121094,2539900
2022-06-09,54.4900016784668,54.970001220703125,53.66999816894531,53.720001220703125,2252000
2022-06-10,52.599998474121094,52.619998931884766,51.75,51.91999816894531,3485900
2022-06-13,50.720001220703125,50.9900016784668,49.880001068115234,50.22999954223633,3968800
2022-06-14,50.13999938964844,50.790000915527344,49.09000015258789,49.599998474121094,4843300
2022-06-15,50.040000915527344,50.599998474121094,49.130001068115234,49.86000061035156,3773000
2022-06-16,48.709999084472656,48.77000045776367,47.0099983215332,47.369998931884766,4673700
2022-06-17,46.88999938964844,48.029998779296875,46.54999923706055,47.22999954223633,9204300
2022-06-21,48.11000061035156,48.189998626708984,47.150001525878906,47.400001525878906,5033700
2022-06-22,46.7400016784668,47.959999084472656,46.630001068115234,47.439998626708984,5564400
2022-06-23,47.31999969482422,47.66999816894531,46.33000183105469,47.40999984741211,5018700
2022-06-24,48.060001373291016,49.060001373291016,47.97999954223633,48.95000076293945,3985600
2022-06-27,49.119998931884766,49.2400016784668,48.38999938964844,48.650001525878906,2857300
2022-06-28,48.97999954223633,49.63999938964844,48.310001373291016,48.439998626708984,3425600
2022-06-29,48.40999984741211,49.0,47.36000061035156,48.68000030517578,5796400
2022-06-30,48.18000030517578,48.86000061035156,47.630001068115234,47.880001068115234,8834700
2022-07-01,47.880001068115234,48.77000045776367,47.560001373291016,48.47999954223633,7548000
2022-07-05,47.72999954223633,48.15999984741211,46.75,48.13999938964844,4751600
2022-07-06,48.43000030517578,48.54999923706055,47.54999923706055,47.81999969482422,3818600
2022-07-07,47.91999816894531,48.15999984741211,46.220001220703125,47.43000030517578,7085800
2022-07-08,47.68000030517578,47.959999084472656,46.75,47.27000045776367,5143300
2022-07-11,46.88999938964844,47.720001220703125,46.52000045776367,47.09000015258789,4478400
2022-07-12,46.86000061035156,48.150001525878906,46.619998931884766,47.040000915527344,3813000
2022-07-13,46.18000030517578,47.689998626708984,45.7400016784668,47.279998779296875,5210300
2022-07-14,46.36000061035156,46.45000076293945,45.52000045776367,46.29999923706055,4786900
2022-07-15,47.16999816894531,47.41999816894531,46.52000045776367,46.90999984741211,4219400
2022-07-18,47.15999984741211,47.56999969482422,46.5,46.689998626708984,2975900
2022-07-19,47.290000915527344,48.7599983215332,47.290000915527344,48.65999984741211,3805400
2022-07-20,48.58000183105469,49.220001220703125,48.369998931884766,49.16999816894531,4084400
2022-07-21,49.220001220703125,50.810001373291016,49.040000915527344,50.7599983215332,4130700
2022-07-22,50.91999816894531,51.369998931884766,50.56999969482422,50.779998779296875,3777800
2022-07-25,50.720001220703125,50.79999923706055,50.16999816894531,50.619998931884766,1858600
2022-07-26,50.38999938964844,50.88999938964844,50.06999969482422,50.380001068115234,2497800
2022-07-27,50.66999816894531,52.060001373291016,50.20000076293945,51.709999084472656,3238100
2022-07-28,52.11000061035156,52.93000030517578,51.56999969482422,52.79999923706055,2586900
2022-07-29,52.880001068115234,54.060001373291016,52.79999923706055,53.90999984741211,3065700
2022-08-01,53.369998931884766,54.400001525878906,53.189998626708984,54.119998931884766,3537900
2022-08-02,54.0,54.58000183105469,53.61000061035156,53.7599983215332,4217400
2022-08-03,53.689998626708984,54.54999923706055,53.689998626708984,54.279998779296875,5422800
2022-08-04,54.5,55.689998626708984,53.720001220703125,54.630001068115234,5431700
2022-08-05,54.099998474121094,55.220001220703125,53.84000015258789,55.099998474121094,4328200
2022-08-08,55.52000045776367,55.790000915527344,54.86000061035156,55.04999923706055,2759600
2022-08-09,54.70000076293945,54.77000045776367,53.75,54.11000061035156,3410200
2022-08-10,55.209999084472656,55.81999969482422,55.20000076293945,55.45000076293945,4074400
2022-08-11,55.90999984741211,57.20000076293945,55.849998474121094,56.36000061035156,3471800
2022-08-12,56.54999923706055,58.130001068115234,56.5099983215332,58.04999923706055,4084700
2022-08-15,57.63999938964844,58.9900016784668,57.529998779296875,58.790000915527344,3638300
2022-08-16,58.18000030517578,59.58000183105469,58.18000030517578,59.0,2773900
2022-08-17,58.2599983215332,58.810001373291016,57.95000076293945,58.529998779296875,2138400
2022-08-18,58.7599983215332,58.97999954223633,58.08000183105469,58.93000030517578,2291900
2022-08-19,58.43000030517578,58.47999954223633,57.18000030517578,57.2599983215332,2278700
2022-08-22,56.279998779296875,56.439998626708984,55.2599983215332,55.400001525878906,3384300
2022-08-23,54.900001525878906,55.84000015258789,54.779998779296875,55.220001220703125,4156900
2022-08-24,55.130001068115234,55.68000030517578,54.90999984741211,55.470001220703125,2107900
2022-08-25,55.880001068115234,57.08000183105469,55.68000030517578,57.02000045776367,2722900
2022-08-26,57.13999938964844,57.439998626708984,54.59000015258789,54.61000061035156,3219800
2022-08-29,54.0,55.0,53.90999984741211,54.43000030517578,2448900
2022-08-30,54.79999923706055,55.09000015258789,53.77000045776367,54.4900016784668,4601000
2022-08-31,54.77000045776367,55.04999923706055,54.08000183105469,54.13999938964844,8143300
2022-09-01,54.099998474121094,55.779998779296875,53.90999984741211,55.650001525878906,5244400
2022-09-02,56.83000183105469,56.959999084472656,54.54999923706055,54.88999938964844,3499900
2022-09-06,55.099998474121094,55.2400016784668,54.150001525878906,54.9900016784668,3511600
2022-09-07,55.060001373291016,56.9900016784668,54.90999984741211,56.959999084472656,4073500
2022-09-08,56.5,57.52000045776367,56.13999938964844,57.459999084472656,3422500
2022-09-09,57.70000076293945,58.380001068115234,57.63999938964844,58.150001525878906,4790900
2022-09-12,58.52000045776367,59.59000015258789,58.290000915527344,58.86000061035156,5380000
2022-09-13,57.31999969482422,57.630001068115234,56.189998626708984,56.439998626708984,3593000
2022-09-14,56.65999984741211,56.91999816894531,55.689998626708984,56.290000915527344,3725500
2022-09-15,56.290000915527344,56.959999084472656,55.54999923706055,55.88999938964844,3218800
2022-09-16,55.22999954223633,55.22999954223633,53.13999938964844,53.61000061035156,8204100
2022-09-19,53.189998626708984,54.4900016784668,53.04999923706055,54.310001373291016,4420300
2022-09-20,53.7400016784668,53.849998474121094,52.459999084472656,53.09000015258789,2413500
2022-09-21,53.63999938964844,54.040000915527344,52.41999816894531,52.54999923706055,3514200
2022-09-22,52.459999084472656,52.599998474121094,51.220001220703125,51.2400016784668,3388400
2022-09-23,50.47999954223633,51.0,49.81999969482422,50.66999816894531,2816400
2022-09-26,50.5,50.869998931884766,49.5099983215332,49.68000030517578,2816500
2022-09-27,50.31999969482422,50.63999938964844,48.81999969482422,49.290000915527344,3400600
2022-09-28,49.689998626708984,51.4900016784668,49.470001220703125,51.279998779296875,3751100
2022-09-29,50.720001220703125,50.869998931884766,49.279998779296875,49.470001220703125,2553400
2022-09-30,49.36000061035156,50.22999954223633,49.13999938964844,49.220001220703125,4424700
2022-10-03,49.91999816894531,51.95000076293945,49.720001220703125,51.5099983215332,4050600
2022-10-04,52.36000061035156,53.72999954223633,52.27000045776367,53.54999923706055,3503300
2022-10-05,52.599998474121094,53.7599983215332,52.59000015258789,53.34000015258789,2857300
2022-10-06,53.060001373291016,53.36000061035156,52.150001525878906,52.45000076293945,2856600
2022-10-07,51.86000061035156,51.95000076293945,50.16999816894531,50.439998626708984,3431300
2022-10-10,50.939998626708984,51.18000030517578,50.290000915527344,50.66999816894531,4104500
2022-10-11,50.16999816894531,51.630001068115234,50.040000915527344,51.04999923706055,4485600
2022-10-12,51.349998474121094,51.70000076293945,50.75,51.029998779296875,3823200
2022-10-13,49.88999938964844,52.689998626708984,49.189998626708984,52.439998626708984,3905700
2022-10-14,52.779998779296875,53.400001525878906,50.66999816894531,50.84000015258789,3629600
2022-10-17,52.119998931884766,52.7400016784668,51.689998626708984,52.45000076293945,3757700
2022-10-18,53.84000015258789,54.09000015258789,52.41999816894531,53.220001220703125,3325900
2022-10-19,52.619998931884766,53.310001373291016,51.95000076293945,52.40999984741211,2580200
2022-10-20,52.279998779296875,52.52000045776367,50.959999084472656,51.290000915527344,3149000
2022-10-21,51.529998779296875,53.189998626708984,51.33000183105469,53.040000915527344,4820800
2022-10-24,53.52000045776367,55.380001068115234,53.2599983215332,54.95000076293945,5535100
2022-10-25,54.900001525878906,57.45000076293945,54.84000015258789,57.18000030517578,6867600
2022-10-26,57.279998779296875,57.91999816894531,56.27000045776367,56.91999816894531,4725000
2022-10-27,57.2599983215332,58.5,57.2599983215332,57.68000030517578,4838100
2022-10-28,57.84000015258789,58.970001220703125,57.459999084472656,58.70000076293945,3355400
2022-10-31,58.189998626708984,59.02000045776367,57.790000915527344,57.84000015258789,5097800
2022-11-01,58.630001068115234,58.75,57.54999923706055,58.0,3606800
2022-11-02,57.720001220703125,59.68000030517578,57.11000061035156,57.11000061035156,7185700
2022-11-03,59.0,60.880001068115234,58.15999984741211,60.38999938964844,7940200
2022-11-04,62.630001068115234,64.23999786376953,61.439998626708984,63.810001373291016,6783200
2022-11-07,63.810001373291016,64.25,63.04999923706055,64.12999725341797,5160600
2022-11-08,64.37999725341797,65.26000213623047,63.88999938964844,64.87999725341797,5341600
2022-11-09,64.33000183105469,65.11000061035156,63.79999923706055,63.849998474121094,3356500
2022-11-10,66.41999816894531,66.81999969482422,65.62000274658203,66.66000366210938,4164600
2022-11-11,66.45999908447266,67.61000061035156,66.19999694824219,66.38999938964844,4611100
2022-11-14,66.06999969482422,66.37000274658203,65.44000244140625,65.58000183105469,4879200
2022-11-15,66.52999877929688,67.5999984741211,65.94000244140625,66.4000015258789,5120200
2022-11-16,66.2699966430664,66.55999755859375,65.44999694824219,65.81999969482422,4981000
2022-11-17,64.6500015258789,65.81999969482422,64.58999633789062,65.7699966430664,3091400
2022-11-18,67.0,67.4000015258789,66.22000122070312,66.9800033569336,3739000
2022-11-21,66.77999877929688,67.2300033569336,66.43000030517578,66.6500015258789,2834200
2022-11-22,67.23999786376953,67.76000213623047,66.76000213623047,67.58000183105469,3552500
2022-11-23,67.63999938964844,68.02999877929688,66.8499984741211,66.94999694824219,2447700
2022-11-25,67.12000274658203,67.30999755859375,66.72000122070312,66.8499984741211,1431000
2022-11-28,66.23999786376953,66.69999694824219,65.25,65.83999633789062,3240300
2022-11-29,65.5999984741211,65.97000122070312,65.29000091552734,65.4000015258789,2644800
2022-11-30,65.26000213623047,66.69000244140625,64.63999938964844,66.44000244140625,7976100
2022-12-01,67.48999786376953,67.91999816894531,66.33999633789062,66.9000015258789,3695000
2022-12-02,66.41999816894531,68.6500015258789,66.19000244140625,68.12000274658203,3895200
2022-12-05,67.27999877929688,67.5199966430664,66.37999725341797,67.20999908447266,3201000
2022-12-06,67.18000030517578,67.36000061035156,65.5199966430664,66.0999984741211,2459200
2022-12-07,65.94999694824219,67.08000183105469,65.69000244140625,66.38999938964844,2842600
2022-12-08,66.56999969482422,66.91000366210938,66.2699966430664,66.7699966430664,2027800
2022-12-09,66.69999694824219,67.01000213623047,65.63999938964844,65.7699966430664,3316100
2022-12-12,64.88999938964844,65.68000030517578,64.52999877929688,65.63999938964844,3463900
2022-12-13,67.83000183105469,67.98999786376953,65.76000213623047,66.58000183105469,5130500
2022-12-14,66.83000183105469,67.2699966430664,65.98999786376953,66.55000305175781,4725300
2022-12-15,65.41000366210938,65.66000366210938,64.2699966430664,64.81999969482422,3396300
2022-12-16,63.880001068115234,64.19999694824219,62.95000076293945,63.349998474121094,7851000
2022-12-19,63.4900016784668,64.4000015258789,62.97999954223633,63.459999084472656,3681200
2022-12-20,63.470001220703125,63.83000183105469,63.150001525878906,63.25,3896700
2022-12-21,63.849998474121094,64.76000213623047,63.720001220703125,64.62000274658203,3262500
2022-12-22,63.939998626708984,64.13999938964844,63.02000045776367,64.12999725341797,3798800
2022-12-23,64.08000183105469,64.33000183105469,63.43000030517578,64.0999984741211,1568400
2022-12-27,64.18000030517578,64.75,63.84000015258789,64.30000305175781,1162900
2022-12-28,64.4800033569336,64.56999969482422,63.220001220703125,63.220001220703125,1275600
2022-12-29,63.7400016784668,64.87999725341797,63.7400016784668,64.45999908447266,1625600
2022-12-30,63.91999816894531,64.16000366210938,63.310001373291016,64.0,1594300
2023-01-03,64.9000015258789,65.54000091552734,64.0199966430664,64.73999786376953,2095100
2023-01-04,65.44999694824219,66.08000183105469,64.95999908447266,65.80000305175781,2469500
2023-01-05,65.55000305175781,65.83000183105469,64.73999786376953,65.02999877929688,2539100
2023-01-06,65.87000274658203,67.44999694824219,65.31999969482422,67.1500015258789,2246900
2023-01-09,67.44000244140625,68.25,66.72000122070312,66.77999877929688,3698000
2023-01-10,66.25,67.37000274658203,66.04000091552734,67.30999755859375,2089100
2023-01-11,67.88999938964844,68.02999877929688,67.36000061035156,67.58999633789062,3080000
2023-01-12,68.01000213623047,68.52999877929688,67.26000213623047,68.37999725341797,3177800
2023-01-13,67.8499984741211,69.06999969482422,67.81999969482422,68.83000183105469,2388800
2023-01-17,68.86000061035156,69.1500015258789,67.31999969482422,67.7699966430664,4216900
2023-01-18,68.0,68.12999725341797,66.06999969482422,66.16000366210938,4103200
2023-01-19,65.95999908447266,66.25,64.69000244140625,64.83000183105469,3444700
2023-01-20,65.33999633789062,66.11000061035156,65.01000213623047,66.05000305175781,2998900
2023-01-23,66.26000213623047,66.94999694824219,65.77999877929688,66.7300033569336,3013400
2023-01-24,66.37000274658203,68.4000015258789,66.27999877929688,68.05999755859375,2498400
2023-01-25,67.44999694824219,68.31999969482422,66.94000244140625,68.0999984741211,2438000
2023-01-26,68.4800033569336,68.86000061035156,67.75,68.81999969482422,3046900
2023-01-27,68.68000030517578,69.30000305175781,68.37999725341797,68.8499984741211,2865400
2023-01-30,68.33999633789062,68.9800033569336,68.23999786376953,68.26000213623047,2870400
2023-01-31,68.55999755859375,69.5999984741211,68.41999816894531,69.56999969482422,4920100
2023-02-01,66.25,66.98999786376953,64.37000274658203,66.36000061035156,8301800
2023-02-02,66.25,66.36000061035156,64.5199966430664,64.56999969482422,6505900
2023-02-03,64.02999877929688,65.91000366210938,63.849998474121094,65.72000122070312,4821600
2023-02-06,65.22000122070312,66.31999969482422,64.80000305175781,65.81999969482422,3836900
2023-02-07,65.33999633789062,65.48999786376953,63.70000076293945,64.5199966430664,3587900
2023-02-08,64.0199966430664,65.1500015258789,63.5,65.05999755859375,3452100
2023-02-09,65.94999694824219,66.20999908447266,64.54000091552734,64.69000244140625,2645700
2023-02-10,64.62000274658203,64.7699966430664,64.16999816894531,64.58999633789062,2234100
2023-02-13,65.0,65.7300033569336,64.62999725341797,65.69999694824219,1984900
2023-02-14,65.37999725341797,65.83000183105469,64.70999908447266,65.19000244140625,1788100
2023-02-15,64.44999694824219,65.30999755859375,64.3499984741211,65.19999694824219,3431400
2023-02-16,64.20999908447266,64.98999786376953,64.0,64.44999694824219,2375800
2023-02-17,64.0999984741211,65.01000213623047,63.75,64.70999908447266,2831500
2023-02-21,64.19000244140625,64.62999725341797,62.27000045776367,62.689998626708984,3153400
2023-02-22,63.029998779296875,63.029998779296875,62.08000183105469,62.4900016784668,3535100
2023-02-23,63.0,63.61000061035156,62.56999969482422,63.119998931884766,4923800
2023-02-24,62.29999923706055,63.0099983215332,62.15999984741211,62.54999923706055,2678600
2023-02-27,62.90999984741211,63.15999984741211,62.540000915527344,62.7400016784668,3050200
2023-02-28,62.56999969482422,63.2400016784668,62.43000030517578,62.720001220703125,6011800
2023-03-01,62.43000030517578,63.619998931884766,62.400001525878906,63.189998626708984,4857400
2023-03-02,62.810001373291016,63.7599983215332,62.2599983215332,63.689998626708984,5155500
2023-03-03,64.05999755859375,65.37000274658203,63.47999954223633,65.20999908447266,3553400
2023-03-06,65.30999755859375,65.7300033569336,65.19000244140625,65.55000305175781,3677300
2023-03-07,65.51000213623047,66.0,64.97000122070312,65.11000061035156,5708200
2023-03-08,65.45999908447266,65.63999938964844,64.27999877929688,65.0199966430664,2351500
2023-03-09,65.37999725341797,65.45999908447266,63.2400016784668,63.29999923706055,2230800
2023-03-10,63.36000061035156,63.459999084472656,60.869998931884766,61.459999084472656,4253200
2023-03-13,60.540000915527344,61.54999923706055,60.060001373291016,60.529998779296875,3096400
2023-03-14,62.04999923706055,62.7599983215332,61.43000030517578,62.56999969482422,4858900
2023-03-15,61.20000076293945,61.459999084472656,58.09000015258789,58.9900016784668,4746500
2023-03-16,58.36000061035156,59.849998474121094,58.220001220703125,59.45000076293945,4957400
2023-03-17,58.369998931884766,58.380001068115234,56.880001068115234,57.29999923706055,7202600
2023-03-20,57.970001220703125,58.7400016784668,57.709999084472656,58.540000915527344,3256000
2023-03-21,59.65999984741211,59.959999084472656,59.18000030517578,59.66999816894531,4133000
2023-03-22,59.689998626708984,60.54999923706055,58.86000061035156,58.880001068115234,2596300
2023-03-23,58.880001068115234,60.09000015258789,58.2400016784668,58.709999084472656,3310100
2023-03-24,58.040000915527344,58.25,57.150001525878906,58.22999954223633,4130900
2023-03-27,59.029998779296875,59.209999084472656,58.15999984741211,58.560001373291016,4487600
2023-03-28,58.77000045776367,59.34000015258789,58.529998779296875,58.90999984741211,2586600
2023-03-29,59.599998474121094,59.75,59.150001525878906,59.560001373291016,5953100
2023-03-30,60.11000061035156,60.36000061035156,59.099998474121094,59.439998626708984,4145300
2023-03-31,59.869998931884766,60.25,59.33000183105469,60.220001220703125,4017200
2023-04-03,60.02000045776367,60.630001068115234,59.790000915527344,60.400001525878906,2812200
2023-04-04,60.349998474121094,60.5099983215332,57.04999923706055,57.279998779296875,4968300
2023-04-05,56.93000030517578,57.220001220703125,55.09000015258789,55.70000076293945,9487300
2023-04-06,55.54999923706055,56.2400016784668,54.900001525878906,55.97999954223633,7828900
2023-04-10,55.7599983215332,56.560001373291016,55.7599983215332,56.36000061035156,3212600
2023-04-11,56.619998931884766,57.43000030517578,56.5,56.66999816894531,3844500
2023-04-12,57.349998474121094,57.720001220703125,56.880001068115234,57.369998931884766,3132200
2023-04-13,57.150001525878906,57.72999954223633,56.290000915527344,57.5,4112700
2023-04-14,57.56999969482422,58.439998626708984,57.040000915527344,57.4900016784668,2937900
2023-04-17,57.7400016784668,58.22999954223633,57.65999984741211,58.22999954223633,2437900
2023-04-18,58.58000183105469,58.95000076293945,58.060001373291016,58.189998626708984,2127000
2023-04-19,57.91999816894531,59.11000061035156,57.91999816894531,58.869998931884766,3659700
2023-04-20,58.66999816894531,59.040000915527344,58.43000030517578,58.59000015258789,2546500
2023-04-21,58.4900016784668,58.88999938964844,58.150001525878906,58.61000061035156,3032400
2023-04-24,59.02000045776367,59.220001220703125,58.06999969482422,58.41999816894531,3790900
2023-04-25,58.08000183105469,59.09000015258789,58.08000183105469,58.29999923706055,2751500
2023-04-26,57.689998626708984,58.40999984741211,57.06999969482422,57.290000915527344,3822400
2023-04-27,57.790000915527344,59.43000030517578,57.779998779296875,59.369998931884766,3260900
2023-04-28,59.310001373291016,60.0,58.88999938964844,59.84000015258789,2738000
2023-05-01,59.84000015258789,60.459999084472656,59.58000183105469,59.61000061035156,3124100
2023-05-02,59.380001068115234,59.9900016784668,58.4900016784668,59.88999938964844,3194700
2023-05-03,60.189998626708984,60.45000076293945,58.79999923706055,58.97999954223633,3484600
2023-05-04,59.119998931884766,59.25,58.11000061035156,58.5099983215332,3357500
2023-05-05,61.900001525878906,62.529998779296875,60.310001373291016,62.09000015258789,6385700
2023-05-08,63.0,63.459999084472656,62.119998931884766,63.09000015258789,6068600
2023-05-09,62.880001068115234,63.189998626708984,62.33000183105469,62.97999954223633,4114000
2023-05-10,63.380001068115234,63.68000030517578,61.470001220703125,62.29999923706055,3435800
2023-05-11,61.900001525878906,62.130001068115234,61.33000183105469,62.060001373291016,2251800
2023-05-12,62.439998626708984,62.720001220703125,61.349998474121094,62.029998779296875,3427900
2023-05-15,62.02000045776367,62.70000076293945,61.7400016784668,62.41999816894531,4336400
2023-05-16,62.09000015258789,62.41999816894531,60.77000045776367,60.79999923706055,3724300
2023-05-17,61.2599983215332,62.06999969482422,61.130001068115234,61.970001220703125,4251800
2023-05-18,61.91999816894531,63.349998474121094,61.790000915527344,63.189998626708984,4588600
2023-05-19,64.05000305175781,64.11000061035156,62.72999954223633,63.220001220703125,5242000
2023-05-22,63.20000076293945,63.81999969482422,62.400001525878906,63.0,5268300
2023-05-23,62.439998626708984,62.720001220703125,61.93000030517578,61.970001220703125,3739000
2023-05-24,61.619998931884766,61.619998931884766,60.56999969482422,60.75,4105900
2023-05-25,61.2599983215332,61.290000915527344,60.20000076293945,61.040000915527344,5017800
2023-05-26,61.18000030517578,62.15999984741211,61.18000030517578,61.880001068115234,3433400
2023-05-30,62.209999084472656,62.36000061035156,61.11000061035156,61.68000030517578,2764200
2023-05-31,61.220001220703125,61.5,59.599998474121094,59.70000076293945,8579200
2023-06-01,59.060001373291016,59.9900016784668,59.0,59.959999084472656,6097900
2023-06-02,60.86000061035156,62.47999954223633,60.59000015258789,62.38999938964844,3370100
2023-06-05,62.47999954223633,62.47999954223633,61.41999816894531,61.790000915527344,3067300
2023-06-06,61.849998474121094,63.29999923706055,61.380001068115234,62.54999923706055,3321200
2023-06-07,62.86000061035156,64.02999877929688,62.47999954223633,63.83000183105469,4253400
2023-06-08,63.68000030517578,63.900001525878906,63.27000045776367,63.54999923706055,2287900
2023-06-09,63.65999984741211,63.93000030517578,62.72999954223633,63.5099983215332,2657500
2023-06-12,63.61000061035156,63.81999969482422,63.15999984741211,63.54999923706055,2080200
2023-06-13,63.810001373291016,65.01000213623047,63.810001373291016,64.7300033569336,2641000
2023-06-14,65.33000183105469,65.37999725341797,64.0199966430664,64.5,2599400
2023-06-15,64.80000305175781,65.91000366210938,64.41999816894531,65.6500015258789,3810700
2023-06-16,65.6500015258789,65.95999908447266,65.31999969482422,65.47000122070312,3938300
2023-06-20,64.91999816894531,65.87000274658203,64.83999633789062,65.69999694824219,2985100
2023-06-21,65.62999725341797,66.51000213623047,65.2699966430664,66.4800033569336,3520000
2023-06-22,66.51000213623047,66.61000061035156,65.22000122070312,65.33999633789062,3679500
2023-06-23,64.48999786376953,65.5999984741211,64.33999633789062,64.98999786376953,5643500
2023-06-26,65.16999816894531,66.20999908447266,64.93000030517578,66.0,3800700
2023-06-27,66.19999694824219,67.20999908447266,66.01000213623047,66.94999694824219,3387900
2023-06-28,66.81999969482422,67.26000213623047,66.72000122070312,66.80000305175781,3206200
2023-06-29,67.0199966430664,67.69999694824219,66.8499984741211,67.31999969482422,3820500
2023-06-30,67.79000091552734,68.66000366210938,67.5199966430664,68.13999938964844,4120200
2023-07-03,67.91000366210938,68.08000183105469,66.95999908447266,67.66999816894531,2530700
2023-07-05,67.55999755859375,67.91999816894531,67.01000213623047,67.1500015258789,3133200
2023-07-06,66.58000183105469,67.0,66.04000091552734,66.86000061035156,2902500
2023-07-07,66.80000305175781,67.8499984741211,66.63999938964844,66.9000015258789,3806500
2023-07-10,67.30999755859375,68.2699966430664,67.26000213623047,68.04000091552734,3915200
2023-07-11,68.2300033569336,68.80000305175781,67.91999816894531,68.33999633789062,3632600
2023-07-12,69.13999938964844,69.5,68.68000030517578,68.80000305175781,5611200
2023-07-13,68.68000030517578,69.0199966430664,68.0199966430664,68.79000091552734,3666300
2023-07-14,68.79000091552734,68.94999694824219,68.33000183105469,68.70999908447266,2912400
2023-07-17,68.76000213623047,69.44000244140625,68.68000030517578,69.37000274658203,2015100
2023-07-18,69.2300033569336,69.7300033569336,69.08000183105469,69.44999694824219,2879600
2023-07-19,69.18000030517578,69.5999984741211,68.62999725341797,69.47000122070312,3004600
2023-07-20,69.76000213623047,69.9000015258789,68.61000061035156,68.7699966430664,3107200
2023-07-21,68.86000061035156,69.04000091552734,68.33999633789062,68.97000122070312,3057800
2023-07-24,69.06999969482422,69.81999969482422,68.86000061035156,68.9000015258789,2504900
2023-07-25,68.33999633789062,69.16000366210938,68.31999969482422,68.83000183105469,2488900
2023-07-26,68.66999816894531,69.01000213623047,68.19999694824219,68.75,3522000
2023-07-27,69.1500015258789,70.05999755859375,68.88999938964844,69.31999969482422,4285900
2023-07-28,69.8499984741211,69.9000015258789,69.16999816894531,69.19000244140625,3767300
2023-07-31,69.4000015258789,69.72000122070312,69.16999816894531,69.55000305175781,3466300
2023-08-01,69.27999877929688,70.43000030517578,69.12000274658203,70.02999877929688,3750300
2023-08-02,69.0,69.0,62.93000030517578,63.54999923706055,10345500
2023-08-03,63.439998626708984,63.560001373291016,61.939998626708984,62.040000915527344,6237100
2023-08-04,62.45000076293945,63.59000015258789,61.560001373291016,62.7599983215332,7332100
2023-08-07,62.779998779296875,63.04999923706055,62.13999938964844,62.56999969482422,3595800
2023-08-08,62.09000015258789,62.099998474121094,60.95000076293945,61.380001068115234,5362200
2023-08-09,61.310001373291016,61.63999938964844,60.439998626708984,60.59000015258789,3731500
2023-08-10,60.470001220703125,60.9900016784668,59.099998474121094,59.65999984741211,5943900
2023-08-11,59.4900016784668,59.91999816894531,59.04999923706055,59.38999938964844,3448200
2023-08-14,58.959999084472656,59.47999954223633,58.7599983215332,59.41999816894531,3424200
2023-08-15,59.09000015258789,59.470001220703125,58.630001068115234,59.130001068115234,3251900
2023-08-16,59.220001220703125,60.540000915527344,58.88999938964844,59.279998779296875,4996400
2023-08-17,59.4900016784668,59.709999084472656,58.95000076293945,59.15999984741211,4078700
2023-08-18,58.68000030517578,59.630001068115234,58.68000030517578,59.290000915527344,3365500
2023-08-21,59.290000915527344,59.47999954223633,58.36000061035156,58.849998474121094,3491200
2023-08-22,59.27000045776367,59.540000915527344,58.439998626708984,58.650001525878906,5383500
2023-08-23,58.84000015258789,59.630001068115234,58.619998931884766,59.290000915527344,3658000
2023-08-24,58.97999954223633,59.5,58.31999969482422,58.369998931884766,2913800
2023-08-25,58.630001068115234,58.900001525878906,57.86000061035156,58.529998779296875,2354800
2023-08-28,58.77000045776367,59.189998626708984,58.43000030517578,58.630001068115234,2310900
2023-08-29,58.560001373291016,59.279998779296875,58.34000015258789,58.959999084472656,3044900
2023-08-30,59.119998931884766,59.56999969482422,58.939998626708984,59.029998779296875,3584200
2023-08-31,59.25,59.54999923706055,58.939998626708984,59.060001373291016,5099100
2023-09-01,59.470001220703125,59.83000183105469,59.25,59.779998779296875,2682800
2023-09-05,59.5099983215332,59.779998779296875,58.31999969482422,58.349998474121094,3456500
2023-09-06,58.29999923706055,58.5,57.36000061035156,57.58000183105469,5838300
2023-09-07,57.279998779296875,57.470001220703125,56.130001068115234,57.0,5073600
2023-09-08,56.959999084472656,57.88999938964844,56.779998779296875,57.349998474121094,6773800
2023-09-11,57.7400016784668,57.7599983215332,57.040000915527344,57.16999816894531,4134800
2023-09-12,56.65999984741211,57.70000076293945,56.36000061035156,57.33000183105469,2839000
2023-09-13,57.2400016784668,58.119998931884766,56.93000030517578,57.18000030517578,5799500
2023-09-14,57.72999954223633,57.939998626708984,56.38999938964844,57.119998931884766,5115800
2023-09-15,56.9900016784668,57.599998474121094,56.560001373291016,57.130001068115234,5428400
2023-09-18,57.0,57.93000030517578,56.709999084472656,57.560001373291016,2537500
2023-09-19,57.34000015258789,57.540000915527344,56.52000045776367,57.2599983215332,4019400
2023-09-20,57.56999969482422,57.7599983215332,56.459999084472656,56.5099983215332,3052800
2023-09-21,56.119998931884766,56.2400016784668,55.18000030517578,55.220001220703125,3843600
2023-09-22,54.81999969482422,55.529998779296875,54.689998626708984,55.150001525878906,2905300
2023-09-25,54.7400016784668,55.119998931884766,54.459999084472656,55.09000015258789,3133100
2023-09-26,54.68000030517578,55.36000061035156,54.150001525878906,54.18000030517578,3165100
2023-09-27,55.38999938964844,55.40999984741211,54.310001373291016,54.540000915527344,5066900
2023-09-28,51.689998626708984,53.93000030517578,51.459999084472656,53.189998626708984,8483400
2023-09-29,53.91999816894531,54.099998474121094,52.790000915527344,53.209999084472656,4196600
2023-10-02,52.939998626708984,53.209999084472656,52.08000183105469,52.380001068115234,3968700
2023-10-03,52.09000015258789,52.29999923706055,51.529998779296875,51.970001220703125,3243000
2023-10-04,51.9900016784668,52.349998474121094,51.619998931884766,52.15999984741211,3650000
2023-10-05,52.0,52.150001525878906,51.04999923706055,51.33000183105469,5188800
2023-10-06,51.29999923706055,52.81999969482422,51.09000015258789,52.349998474121094,4281700
2023-10-09,52.150001525878906,52.68000030517578,51.709999084472656,52.619998931884766,2827000
2023-10-10,52.880001068115234,53.04999923706055,52.56999969482422,52.630001068115234,4512800
2023-10-11,52.77000045776367,53.5099983215332,52.52000045776367,53.40999984741211,3511100
2023-10-12,53.16999816894531,53.2599983215332,51.81999969482422,52.36000061035156,2544000
2023-10-13,52.459999084472656,52.59000015258789,51.279998779296875,51.63999938964844,3896500
2023-10-16,52.15999984741211,52.689998626708984,51.75,52.63999938964844,4157000
2023-10-17,52.31999969482422,53.0099983215332,52.02000045776367,52.810001373291016,2681600
2023-10-18,52.11000061035156,52.11000061035156,50.380001068115234,50.540000915527344,3371700
2023-10-19,50.540000915527344,50.77000045776367,49.09000015258789,49.20000076293945,5207500
2023-10-20,49.18000030517578,49.29999923706055,48.650001525878906,48.709999084472656,6901900
2023-10-23,48.599998474121094,49.22999954223633,48.31999969482422,48.400001525878906,6148600
2023-10-24,49.04999923706055,49.41999816894531,48.439998626708984,48.720001220703125,7672500
2023-10-25,48.400001525878906,48.709999084472656,47.900001525878906,48.099998474121094,5018800
2023-10-26,48.59000015258789,49.45000076293945,48.470001220703125,48.88999938964844,4455600
2023-10-27,48.7400016784668,48.959999084472656,48.08000183105469,48.209999084472656,3292000
2023-10-30,48.650001525878906,48.959999084472656,48.130001068115234,48.619998931884766,3626800
2023-10-31,48.63999938964844,49.16999816894531,48.529998779296875,49.02000045776367,4492300
2023-11-01,49.41999816894531,50.04999923706055,49.20000076293945,49.779998779296875,7851700
2023-11-02,50.61000061035156,51.0099983215332,49.63999938964844,50.86000061035156,5614000
2023-11-03,51.83000183105469,52.150001525878906,51.43000030517578,51.47999954223633,6299500
2023-11-06,51.400001525878906,51.52000045776367,50.58000183105469,51.15999984741211,6613800
2023-11-07,50.84000015258789,51.310001373291016,50.619998931884766,50.91999816894531,4784000
2023-11-08,50.9900016784668,51.119998931884766,50.38999938964844,50.619998931884766,4311000
2023-11-09,51.04999923706055,51.060001373291016,50.06999969482422,50.25,4239400
2023-11-10,50.56999969482422,51.290000915527344,50.0,51.25,2815200
2023-11-13,50.88999938964844,51.08000183105469,50.599998474121094,50.790000915527344,3068200
2023-11-14,51.4900016784668,52.81999969482422,51.34000015258789,52.439998626708984,5384300
2023-11-15,52.400001525878906,52.84000015258789,51.849998474121094,51.869998931884766,5974000
2023-11-16,51.84000015258789,52.150001525878906,51.41999816894531,51.91999816894531,5039700
2023-11-17,52.459999084472656,52.540000915527344,51.40999984741211,52.2400016784668,4330500
2023-11-20,52.27000045776367,52.43000030517578,51.599998474121094,52.400001525878906,4140400
2023-11-21,52.0,52.7599983215332,51.849998474121094,52.529998779296875,3469700
2023-11-22,52.630001068115234,52.93000030517578,52.189998626708984,52.720001220703125,2536500
2023-11-24,52.7400016784668,52.810001373291016,52.33000183105469,52.400001525878906,1485400
2023-11-27,52.150001525878906,52.61000061035156,52.0099983215332,52.43000030517578,3081100
2023-11-28,52.20000076293945,52.7599983215332,52.060001373291016,52.27000045776367,3219900
2023-11-29,52.63999938964844,53.189998626708984,52.38999938964844,52.7599983215332,3402200
2023-11-30,52.959999084472656,53.02000045776367,52.2599983215332,52.79999923706055,8551900
2023-12-01,52.970001220703125,53.95000076293945,52.790000915527344,53.88999938964844,4526100
2023-12-04,53.400001525878906,54.34000015258789,53.400001525878906,54.2599983215332,4597600
2023-12-05,54.369998931884766,54.79999923706055,54.20000076293945,54.41999816894531,4928000
2023-12-06,54.810001373291016,55.619998931884766,54.79999923706055,55.040000915527344,6240400
2023-12-07,55.349998474121094,55.65999984741211,54.84000015258789,55.5,5543400
2023-12-08,55.72999954223633,57.119998931884766,55.630001068115234,56.08000183105469,7686100
2023-12-11,56.29999923706055,56.88999938964844,56.15999984741211,56.56999969482422,7022700
2023-12-12,54.5099983215332,55.25,52.099998474121094,53.189998626708984,18484500
2023-12-13,52.2400016784668,53.31999969482422,51.70000076293945,53.290000915527344,13261900
2023-12-14,53.75,55.279998779296875,53.75,54.099998474121094,14047200
2023-12-15,53.470001220703125,53.709999084472656,52.209999084472656,52.439998626708984,12475500
2023-12-18,52.5,54.2400016784668,52.310001373291016,53.52000045776367,9292700
2023-12-19,54.11000061035156,54.70000076293945,53.790000915527344,54.119998931884766,9628000
2023-12-20,54.0,55.58000183105469,53.630001068115234,54.709999084472656,8365000
2023-12-21,55.029998779296875,56.06999969482422,54.91999816894531,55.970001220703125,5838800
2023-12-22,56.13999938964844,57.2400016784668,56.119998931884766,56.7400016784668,4732000
2023-12-26,56.790000915527344,57.72999954223633,56.75,57.630001068115234,4644300
2023-12-27,57.79999923706055,58.22999954223633,57.61000061035156,57.68000030517578,4558200
2023-12-28,57.4900016784668,57.880001068115234,57.290000915527344,57.70000076293945,3093700
2023-12-29,57.599998474121094,57.880001068115234,57.369998931884766,57.63999938964844,3358100
2024-01-02,57.380001068115234,58.029998779296875,57.0,57.08000183105469,6739700
2024-01-03,56.54999923706055,56.58000183105469,55.38999938964844,56.040000915527344,4722600
2024-01-04,55.84000015258789,57.04999923706055,55.779998779296875,56.720001220703125,5406200
2024-01-05,56.61000061035156,57.52000045776367,56.22999954223633,57.18000030517578,4597100
2024-01-08,57.20000076293945,57.61000061035156,56.95000076293945,57.20000076293945,4924800
2024-01-09,57.0,57.779998779296875,56.810001373291016,57.65999984741211,4457200
2024-01-10,57.65999984741211,57.79999923706055,57.22999954223633,57.439998626708984,5918800
2024-01-11,57.619998931884766,57.959999084472656,57.150001525878906,57.790000915527344,4712500
2024-01-12,57.86000061035156,58.029998779296875,56.310001373291016,56.34000015258789,5240000
2024-01-16,55.61000061035156,55.61000061035156,52.380001068115234,52.400001525878906,12190900
2024-01-17,52.20000076293945,54.369998931884766,51.709999084472656,54.22999954223633,8753700
2024-01-18,54.4900016784668,54.58000183105469,53.380001068115234,53.66999816894531,5753100
2024-01-19,53.65999984741211,54.31999969482422,52.880001068115234,54.189998626708984,4095300
2024-01-22,54.33000183105469,55.040000915527344,54.33000183105469,54.900001525878906,4527700
2024-01-23,55.130001068115234,55.66999816894531,54.880001068115234,55.63999938964844,5304600
2024-01-24,55.959999084472656,55.959999084472656,54.9900016784668,55.02000045776367,5044900
2024-01-25,55.650001525878906,55.7400016784668,54.689998626708984,55.70000076293945,6448900
2024-01-26,55.84000015258789,58.0,55.5099983215332,56.59000015258789,10346200
2024-01-29,56.38999938964844,56.66999816894531,55.79999923706055,56.650001525878906,9004300
2024-01-30,55.310001373291016,55.88999938964844,53.209999084472656,54.4900016784668,10868700
2024-01-31,53.95000076293945,54.27000045776367,52.02000045776367,52.689998626708984,11717500
2024-02-01,53.2599983215332,54.52000045776367,52.97999954223633,54.029998779296875,5815300
2024-02-02,53.630001068115234,54.4900016784668,53.290000915527344,54.45000076293945,5413100
2024-02-05,53.790000915527344,54.150001525878906,53.310001373291016,53.34000015258789,5822500
2024-02-06,53.099998474121094,53.56999969482422,52.790000915527344,53.2599983215332,8325100
2024-02-07,53.939998626708984,54.41999816894531,53.34000015258789,54.400001525878906,4807800
2024-02-08,54.52000045776367,55.34000015258789,54.189998626708984,55.11000061035156,5620800
2024-02-09,55.220001220703125,55.72999954223633,55.099998474121094,55.5,4475900
2024-02-12,55.52000045776367,56.040000915527344,55.400001525878906,55.459999084472656,3520200
2024-02-13,54.75,55.20000076293945,54.06999969482422,54.7400016784668,7073000
2024-02-14,55.06999969482422,57.310001373291016,55.06999969482422,57.06999969482422,9543600
2024-02-15,56.91999816894531,58.130001068115234,56.83000183105469,57.400001525878906,6408800
2024-02-16,57.279998779296875,57.90999984741211,56.689998626708984,56.86000061035156,4529300
2024-02-20,56.310001373291016,56.91999816894531,56.279998779296875,56.630001068115234,5807600
2024-02-21,56.47999954223633,57.81999969482422,56.439998626708984,57.79999923706055,4742300
2024-02-22,58.0,58.5,57.790000915527344,58.27000045776367,5316000
2024-02-23,58.220001220703125,58.91999816894531,58.099998474121094,58.439998626708984,5334800
2024-02-26,58.2599983215332,58.70000076293945,58.150001525878906,58.58000183105469,3891000
2024-02-27,59.27000045776367,59.54999923706055,58.900001525878906,59.41999816894531,4043500
2024-02-28,59.369998931884766,59.599998474121094,59.04999923706055,59.5099983215332,3601400
2024-02-29,59.95000076293945,60.060001373291016,59.189998626708984,59.27000045776367,6170800
2024-03-01,59.16999816894531,60.36000061035156,59.11000061035156,60.119998931884766,3761800
2024-03-04,60.2400016784668,60.83000183105469,59.84000015258789,60.36000061035156,5160100
2024-03-05,60.13999938964844,60.709999084472656,59.849998474121094,60.349998474121094,10455600
2024-03-06,60.900001525878906,61.16999816894531,60.45000076293945,60.5099983215332,4251000
2024-03-07,61.0099983215332,61.380001068115234,60.849998474121094,61.31999969482422,4019500
2024-03-08,61.689998626708984,61.97999954223633,61.369998931884766,61.72999954223633,4707500
2024-03-11,61.59000015258789,61.7599983215332,60.77000045776367,61.209999084472656,4254100
2024-03-12,61.38999938964844,62.09000015258789,61.02000045776367,61.9900016784668,4085400
2024-03-13,61.93000030517578,62.34000015258789,61.849998474121094,62.29999923706055,4437500
2024-03-14,62.45000076293945,63.220001220703125,62.310001373291016,63.09000015258789,9737600
2024-03-15,62.95000076293945,63.54999923706055,62.81999969482422,63.189998626708984,10462600
2024-03-18,63.470001220703125,63.689998626708984,63.0099983215332,63.15999984741211,5138200
2024-03-19,63.18000030517578,63.81999969482422,62.959999084472656,63.7599983215332,3601700
2024-03-20,63.869998931884766,64.37000274658203,63.439998626708984,64.12999725341797,3077800
2024-03-21,64.30000305175781,64.8499984741211,64.0999984741211,64.77999877929688,4690600
2024-03-22,64.4800033569336,64.58999633789062,63.709999084472656,63.75,3631900
2024-03-25,63.83000183105469,63.9900016784668,63.5,63.630001068115234,5133000
2024-03-26,63.790000915527344,64.44999694824219,63.619998931884766,64.0999984741211,6032800
2024-03-27,64.37000274658203,64.87999725341797,64.0999984741211,64.87000274658203,4126000
2024-03-28,64.9800033569336,65.4000015258789,64.77999877929688,65.31999969482422,9387800
2024-04-01,65.37000274658203,65.44999694824219,64.66999816894531,65.12999725341797,4797100
2024-04-02,65.20999908447266,65.58000183105469,64.88999938964844,65.5,5658500
2024-04-03,65.5,66.16000366210938,65.2699966430664,65.5199966430664,4702600
2024-04-04,66.30000305175781,66.48999786376953,64.13999938964844,64.38999938964844,5979200
2024-04-05,64.61000061035156,65.44000244140625,64.55999755859375,65.19000244140625,3043100
2024-04-08,65.44999694824219,65.55000305175781,64.80999755859375,64.8499984741211,3761600
2024-04-09,64.87000274658203,65.72000122070312,64.45999908447266,65.66000366210938,3605100
2024-04-10,64.8499984741211,65.51000213623047,64.62000274658203,65.41000366210938,4016100
2024-04-11,65.77999877929688,65.86000061035156,64.3499984741211,65.16999816894531,3438200
2024-04-12,64.56999969482422,65.4800033569336,64.5,65.29000091552734,4673200
2024-04-15,66.20999908447266,66.30000305175781,64.18000030517578,64.4000015258789,3384400
2024-04-16,64.11000061035156,64.41000366210938,63.5099983215332,64.2300033569336,3655100
2024-04-17,64.77999877929688,64.77999877929688,63.15999984741211,63.689998626708984,3920400
2024-04-18,64.12999725341797,64.5999984741211,63.709999084472656,63.77000045776367,3263200
2024-04-19,63.970001220703125,64.5,63.560001373291016,63.65999984741211,5220300
2024-04-22,63.70000076293945,65.1500015258789,63.70000076293945,64.63999938964844,3195600
2024-04-23,64.8499984741211,65.44999694824219,64.77999877929688,65.16999816894531,2654700
2024-04-24,65.01000213623047,65.55999755859375,63.9900016784668,64.61000061035156,7309700
2024-04-25,64.51000213623047,64.77999877929688,63.779998779296875,64.44999694824219,5145300
2024-04-26,64.69000244140625,65.41999816894531,64.45999908447266,65.11000061035156,6408000
2024-04-29,65.12000274658203,65.61000061035156,64.98999786376953,65.30999755859375,4758100
2024-04-30,65.31999969482422,65.98999786376953,64.9800033569336,65.06999969482422,5314700
2024-05-01,62.06999969482422,62.880001068115234,59.83000183105469,60.470001220703125,14984500
2024-05-02,60.720001220703125,61.13999938964844,60.040000915527344,60.75,7559400
2024-05-03,61.25,62.470001220703125,60.84000015258789,62.380001068115234,7096200
2024-05-06,62.279998779296875,63.439998626708984,62.099998474121094,63.380001068115234,7291800
2024-05-07,63.56999969482422,64.5999984741211,63.38999938964844,64.45999908447266,5413400
2024-05-08,64.58000183105469,65.44999694824219,64.19000244140625,65.23999786376953,4819600
2024-05-09,65.5,65.97000122070312,65.0,65.73999786376953,4620400
2024-05-10,65.91000366210938,66.1500015258789,65.23999786376953,65.58999633789062,3957300
2024-05-13,65.91999816894531,66.4000015258789,65.87000274658203,66.05999755859375,5026100
2024-05-14,66.52999877929688,67.23999786376953,66.43000030517578,66.87999725341797,3894900
2024-05-15,67.04000091552734,68.30999755859375,66.97000122070312,68.18000030517578,5961300
2024-05-16,68.33000183105469,69.48999786376953,68.18000030517578,68.2699966430664,5774400
2024-05-17,68.19999694824219,69.22000122070312,67.97000122070312,69.0199966430664,5002700
2024-05-20,71.80000305175781,72.98999786376953,70.26000213623047,70.62000274658203,13185800
2024-05-21,70.62000274658203,73.08000183105469,70.62000274658203,72.86000061035156,11636200
2024-05-22,72.08999633789062,73.27999877929688,72.05000305175781,73.19000244140625,7181000
2024-05-23,73.66000366210938,73.68000030517578,72.25,73.26000213623047,6172400
2024-05-24,73.7300033569336,74.2300033569336,73.12999725341797,73.9000015258789,4473000
2024-05-28,73.80000305175781,73.91999816894531,72.33000183105469,72.68000030517578,5684300
2024-05-29,72.9000015258789,73.41000366210938,71.01000213623047,71.0999984741211,6001600
2024-05-30,71.16000366210938,71.76000213623047,70.81999969482422,71.55999755859375,3705200
2024-05-31,71.61000061035156,72.05000305175781,70.87000274658203,71.91000366210938,6091000
2024-06-03,72.20999908447266,72.30000305175781,70.70999908447266,71.66000366210938,4976600
2024-06-04,71.4000015258789,72.08999633789062,70.81999969482422,71.08000183105469,3815400
2024-06-05,71.11000061035156,72.13999938964844,71.0,71.94999694824219,2577300
2024-06-06,71.81999969482422,71.83999633789062,69.47000122070312,69.58000183105469,4226700
2024-06-07,69.37000274658203,70.36000061035156,68.7699966430664,69.94999694824219,3976900
2024-06-10,69.63999938964844,70.9000015258789,69.11000061035156,70.79000091552734,2989900
2024-06-11,70.31999969482422,70.69999694824219,69.7699966430664,70.55000305175781,2173700
2024-06-12,71.38999938964844,71.61000061035156,70.27999877929688,71.16999816894531,5608300
2024-06-13,71.05999755859375,71.0999984741211,69.68000030517578,70.62000274658203,3969200
2024-06-14,69.94999694824219,70.16999816894531,68.61000061035156,69.43000030517578,4533500
2024-06-17,69.02999877929688,69.5,68.75,69.30999755859375,3502700
2024-06-18,69.25,69.37999725341797,67.52999877929688,69.0999984741211,4749300
2024-06-20,68.95999908447266,69.33999633789062,68.12999725341797,68.19000244140625,4164800
2024-06-21,68.12999725341797,68.51000213623047,67.55000305175781,68.16999816894531,7321900
2024-06-24,68.27999877929688,69.31999969482422,68.04000091552734,68.7699966430664,4352900
2024-06-25,68.69999694824219,68.98999786376953,67.51000213623047,67.62000274658203,3489600
2024-06-26,67.19000244140625,67.41000366210938,65.87999725341797,65.91000366210938,5102300
2024-06-27,66.19999694824219,67.08999633789062,65.91999816894531,67.02999877929688,5580300
2024-06-28,66.70999908447266,67.80000305175781,66.41999816894531,66.47000122070312,5242300
2024-07-01,66.77999877929688,67.04000091552734,65.48999786376953,65.5199966430664,4176900
2024-07-02,65.81999969482422,66.58000183105469,65.58000183105469,66.31999969482422,3126400
2024-07-03,66.1500015258789,67.1500015258789,66.1500015258789,66.86000061035156,1934300
2024-07-05,66.86000061035156,67.0,66.18000030517578,66.79000091552734,3702900
2024-07-08,67.0,67.62000274658203,66.86000061035156,67.2300033569336,3082500
2024-07-09,67.5999984741211,67.7699966430664,67.08000183105469,67.13999938964844,3723600
2024-07-10,67.30999755859375,67.87999725341797,66.58999633789062,67.80000305175781,3187300
2024-07-11,68.1500015258789,69.94000244140625,68.0999984741211,69.69999694824219,3220200
2024-07-12,70.0,70.4000015258789,69.69000244140625,69.9800033569336,2482500
2024-07-15,70.75,71.1500015258789,69.97000122070312,70.01000213623047,2630100
2024-07-16,70.3499984741211,72.23999786376953,70.3499984741211,72.18000030517578,2998000
2024-07-17,71.69999694824219,71.8499984741211,69.75,69.8499984741211,2923100
2024-07-18,69.4800033569336,71.80000305175781,69.12999725341797,69.54000091552734,6398900
2024-07-19,70.12000274658203,70.12000274658203,68.81999969482422,68.94999694824219,2441700
2024-07-22,69.63999938964844,70.2300033569336,68.9000015258789,70.19999694824219,2133300
2024-07-23,69.63999938964844,69.9800033569336,68.19999694824219,69.12000274658203,7095200
2024-07-24,68.80000305175781,68.83999633789062,67.41999816894531,67.54000091552734,8242600
2024-07-25,67.55000305175781,68.02999877929688,66.58000183105469,66.72000122070312,5836200
2024-07-26,67.8499984741211,69.2300033569336,67.70999908447266,68.7699966430664,4794400
2024-07-29,68.91999816894531,69.62999725341797,68.8499984741211,69.30000305175781,6716400
2024-07-30,69.36000061035156,69.9800033569336,68.9800033569336,69.02999877929688,4127100
2024-07-31,75.0,75.36000061035156,70.72000122070312,71.54000091552734,13980000
2024-08-01,71.79000091552734,72.97000122070312,69.91999816894531,70.33000183105469,6129100
2024-08-02,69.0,69.08000183105469,66.87000274658203,67.41999816894531,10348400
2024-08-05,65.5999984741211,66.12000274658203,64.30999755859375,65.70999908447266,6572600
2024-08-06,65.77999877929688,67.72000122070312,65.61000061035156,66.69999694824219,3423600
2024-08-07,67.51000213623047,68.69000244140625,65.69000244140625,65.76000213623047,4611500
2024-08-08,66.37000274658203,68.05000305175781,66.16000366210938,67.7699966430664,6337500
2024-08-09,67.7699966430664,68.06999969482422,66.9800033569336,67.6500015258789,2757200
2024-08-12,67.47000122070312,67.80000305175781,66.4000015258789,66.55999755859375,6673700
2024-08-13,67.2699966430664,68.33999633789062,67.12000274658203,67.81999969482422,3747400
2024-08-14,68.02999877929688,69.02999877929688,68.0,68.5,4915300
2024-08-15,69.33999633789062,69.95999908447266,68.94000244140625,69.76000213623047,4469400
2024-08-16,69.58000183105469,69.8499984741211,69.05000305175781,69.37999725341797,3270800
2024-08-19,69.70999908447266,70.63999938964844,69.44999694824219,70.52999877929688,2900400
2024-08-20,70.5,70.69000244140625,70.0999984741211,70.30000305175781,1782600
2024-08-21,70.69000244140625,71.05999755859375,70.31999969482422,70.55000305175781,5150600
2024-08-22,70.70999908447266,71.0199966430664,70.06999969482422,70.5999984741211,3012800
2024-08-23,71.11000061035156,71.55999755859375,70.70999908447266,71.23999786376953,6220300
2024-08-26,71.51000213623047,71.79000091552734,71.0199966430664,71.44999694824219,4921000
2024-08-27,71.11000061035156,71.51000213623047,70.73999786376953,71.44999694824219,3700400
2024-08-28,71.47000122070312,71.55000305175781,70.4800033569336,70.79000091552734,4208500
2024-08-29,71.2300033569336,71.91999816894531,70.63999938964844,71.08000183105469,5178200
2024-08-30,71.5,72.95999908447266,71.25,72.8499984741211,2740200
2024-09-03,72.75,73.05999755859375,70.37000274658203,70.76000213623047,2418100
2024-09-04,70.62999725341797,71.0999984741211,69.7699966430664,70.04000091552734,3000700
2024-09-05,70.12999725341797,70.91000366210938,68.79000091552734,69.37999725341797,3643100
2024-09-06,69.56999969482422,70.31999969482422,67.68000030517578,67.83999633789062,4249100
2024-09-09,68.38999938964844,69.12999725341797,68.02999877929688,68.5999984741211,4203200
2024-09-10,70.41999816894531,70.52999877929688,69.38999938964844,70.33999633789062,4591400
2024-09-11,70.12000274658203,70.95999908447266,68.41000366210938,70.68000030517578,4111000
2024-09-12,70.69999694824219,71.2300033569336,69.81999969482422,71.22000122070312,4658700
2024-09-13,71.5,72.95999908447266,71.33999633789062,72.55000305175781,4559100
2024-09-16,73.01000213623047,73.38999938964844,72.43000030517578,72.51000213623047,2674600
2024-09-17,72.86000061035156,73.1500015258789,72.25,72.87000274658203,3163000
2024-09-18,72.2300033569336,73.97000122070312,72.19000244140625,72.7699966430664,3276700
2024-09-19,74.56999969482422,74.88999938964844,73.80999755859375,74.2300033569336,4425900
2024-09-20,73.7699966430664,74.20999908447266,73.54000091552734,74.0999984741211,7051300
2024-09-23,75.0,75.80999755859375,74.66999816894531,75.2699966430664,7033600
2024-09-24,75.55000305175781,75.9800033569336,75.22000122070312,75.55000305175781,5299400
2024-09-25,75.54000091552734,75.94999694824219,75.23999786376953,75.83000183105469,5474000
2024-09-26,76.58000183105469,76.93000030517578,75.95999908447266,76.54000091552734,3953500
2024-09-27,76.94999694824219,77.70999908447266,76.73999786376953,77.20999908447266,3796500
2024-09-30,76.95999908447266,77.69999694824219,76.73999786376953,77.61000061035156,5719900
2024-10-01,78.0199966430664,78.2300033569336,76.51000213623047,76.80999755859375,3424900
2024-10-02,76.19000244140625,77.12999725341797,76.0999984741211,76.56999969482422,2271000
2024-10-03,76.30000305175781,76.47000122070312,74.9800033569336,75.48999786376953,2443700
2024-10-04,76.08000183105469,76.16999816894531,74.8499984741211,75.68000030517578,2435900
2024-10-07,75.02999877929688,75.73999786376953,74.61000061035156,75.55000305175781,2260700
2024-10-08,75.77999877929688,76.48999786376953,75.27999877929688,76.3499984741211,3644500
2024-10-09,76.63999938964844,77.87000274658203,76.47000122070312,77.69999694824219,3194800
2024-10-10,77.37000274658203,77.58000183105469,76.63999938964844,76.91999816894531,2198200
2024-10-11,76.43000030517578,77.83000183105469,76.36000061035156,77.61000061035156,2613600
2024-10-14,77.43000030517578,77.76000213623047,77.12999725341797,77.68000030517578,1971700
2024-10-15,77.5199966430664,77.75,76.4800033569336,76.5999984741211,3095400
2024-10-16,76.69000244140625,77.08999633789062,76.11000061035156,76.38999938964844,2547100
2024-10-17,77.0999984741211,77.38999938964844,76.5999984741211,77.25,2407800
2024-10-18,77.6500015258789,77.75,77.0199966430664,77.44000244140625,2567400
2024-10-21,77.47000122070312,77.87999725341797,76.7300033569336,77.16999816894531,2546700
2024-10-22,76.91000366210938,77.20999908447266,76.05000305175781,76.63999938964844,2491900
2024-10-23,76.44000244140625,77.56999969482422,76.0999984741211,76.4800033569336,3293300
2024-10-24,77.12000274658203,77.26000213623047,75.7300033569336,76.86000061035156,4002400
2024-10-25,77.3499984741211,77.87999725341797,76.52999877929688,76.73999786376953,3227000
2024-10-28,77.31999969482422,77.98999786376953,77.19999694824219,77.7300033569336,7183700
2024-10-29,77.0999984741211,77.44999694824219,76.5,77.06999969482422,3038800
2024-10-30,76.38999938964844,76.83999633789062,76.08000183105469,76.31999969482422,3832400
2024-10-31,75.9000015258789,76.5199966430664,75.38999938964844,75.55000305175781,3652500
2024-11-01,75.94999694824219,76.20999908447266,75.37000274658203,75.5,2284800
2024-11-04,75.30999755859375,75.8499984741211,73.80999755859375,74.2300033569336,3412300
2024-11-05,74.02999877929688,74.98999786376953,73.91999816894531,74.86000061035156,4247600
2024-11-06,77.55000305175781,81.9800033569336,77.0999984741211,81.47000122070312,7906600
2024-11-07,81.45999908447266,82.20999908447266,80.2699966430664,81.91000366210938,4840100
2024-11-08,81.87000274658203,84.79000091552734,81.86000061035156,84.62000274658203,4393000
2024-11-11,84.77999877929688,87.16000366210938,84.77999877929688,86.5999984741211,5489100
2024-11-12,86.08999633789062,86.88999938964844,84.55999755859375,85.16000366210938,3623200
2024-11-13,85.44000244140625,86.45999908447266,85.25,85.70999908447266,3449900
2024-11-14,85.41000366210938,85.9800033569336,84.87000274658203,85.13999938964844,3545200
2024-11-15,84.58000183105469,85.2300033569336,84.29000091552734,84.4000015258789,3143200
2024-11-18,84.2699966430664,84.5,83.54000091552734,83.6500015258789,3439200
2024-11-19,82.9000015258789,83.91999816894531,82.44000244140625,83.52999877929688,3419100
2024-11-20,83.61000061035156,83.69000244140625,82.58000183105469,82.9800033569336,3632400
2024-11-21,83.44999694824219,84.75,83.08000183105469,83.98999786376953,3040100
2024-11-22,83.7699966430664,84.16999816894531,83.13999938964844,83.44999694824219,4360700
2024-11-25,84.12999725341797,84.43000030517578,83.27999877929688,83.33999633789062,4764300
2024-11-26,83.02999877929688,84.12000274658203,82.31999969482422,83.75,4448000
2024-11-27,83.91999816894531,84.4800033569336,83.37000274658203,83.70999908447266,2754700
2024-11-29,84.16999816894531,85.58000183105469,83.86000061035156,83.86000061035156,2898300
2024-12-02,84.16000366210938,84.43000030517578,83.6500015258789,83.66999816894531,2720600
2024-12-03,83.63999938964844,84.08999633789062,82.44000244140625,82.4800033569336,2673800
2024-12-04,82.23999786376953,84.16000366210938,82.0199966430664,83.79000091552734,2455400
2024-12-05,83.2699966430664,84.0,83.0,83.08999633789062,3668400
2024-12-06,83.37000274658203,84.37000274658203,83.0999984741211,84.33999633789062,4223000
2024-12-09,83.98999786376953,85.12999725341797,83.7300033569336,83.91999816894531,4337000
2024-12-10,83.5,83.69999694824219,82.19999694824219,82.77999877929688,2983900
2024-12-11,83.27999877929688,84.18000030517578,82.54000091552734,84.0199966430664,3310600
2024-12-12,84.0199966430664,84.4800033569336,83.30999755859375,83.33000183105469,2121600
2024-12-13,83.0199966430664,83.76000213623047,82.51000213623047,82.62999725341797,2354200
2024-12-16,82.33999633789062,84.63999938964844,81.88999938964844,84.0199966430664,4600400
2024-12-17,83.41000366210938,83.98999786376953,81.56999969482422,81.8499984741211,4465300
2024-12-18,82.69000244140625,82.8499984741211,78.75,78.81999969482422,4206300
2024-12-19,80.05000305175781,81.33999633789062,78.48999786376953,78.70999908447266,3905600
2024-12-20,78.5999984741211,81.02999877929688,78.2699966430664,80.63999938964844,6394200
2024-12-23,79.83999633789062,80.72000122070312,79.54000091552734,80.30999755859375,4021000
2024-12-24,80.05000305175781,80.98999786376953,79.9800033569336,80.98999786376953,1241100
2024-12-26,80.76000213623047,81.27999877929688,80.5,80.8499984741211,1348600
2024-12-27,79.77999877929688,80.80000305175781,79.5,79.81999969482422,1651800
2024-12-30,78.75,79.58999633789062,78.12999725341797,79.13999938964844,1621600
2024-12-31,79.61000061035156,79.94999694824219,78.63999938964844,78.93000030517578,1689500
2025-01-02,79.68000030517578,80.13999938964844,78.51000213623047,78.94999694824219,1929000
2025-01-03,79.4000015258789,80.48999786376953,79.19000244140625,79.91999816894531,1849400
2025-01-06,80.01000213623047,81.01000213623047,79.05999755859375,79.2699966430664,2261800
2025-01-07,79.23999786376953,80.04000091552734,78.77999877929688,79.16999816894531,2859700
2025-01-08,78.81999969482422,80.11000061035156,78.81999969482422,80.04000091552734,2185100
2025-01-10,79.2300033569336,79.66999816894531,78.37999725341797,78.66000366210938,3036200
2025-01-13,77.38999938964844,79.4000015258789,77.22000122070312,79.30000305175781,2766200
2025-01-14,79.7699966430664,80.61000061035156,79.43000030517578,80.20999908447266,2144900
2025-01-15,81.94000244140625,81.94000244140625,79.29000091552734,79.44000244140625,5092500
2025-01-16,79.7699966430664,80.69000244140625,79.41999816894531,80.45999908447266,3962400
2025-01-17,80.95999908447266,81.55000305175781,80.62999725341797,81.13999938964844,3591100
2025-01-21,82.01000213623047,82.52999877929688,81.4800033569336,82.4800033569336,3827300
2025-01-22,82.70999908447266,82.9000015258789,82.05999755859375,82.0999984741211,2588700
2025-01-23,82.18000030517578,82.26000213623047,81.48999786376953,82.02999877929688,4748500
2025-01-24,82.02999877929688,82.22000122070312,81.0,81.5999984741211,4893200
2025-01-27,78.75,78.79000091552734,75.95999908447266,77.05999755859375,8283500
2025-01-28,77.5999984741211,77.83000183105469,75.31999969482422,76.12000274658203,8319500
2025-01-29,75.94000244140625,77.08000183105469,75.91000366210938,76.27999877929688,5511700
2025-01-30,77.11000061035156,78.66999816894531,76.44999694824219,78.20999908447266,5231000
2025-01-31,78.19000244140625,79.04000091552734,77.73999786376953,78.0,6427700
2025-02-03,76.44000244140625,77.44000244140625,75.88999938964844,77.0,4182300
2025-02-04,77.2699966430664,77.91000366210938,76.94000244140625,77.29000091552734,4008600
2025-02-05,87.11000061035156,88.9000015258789,85.41000366210938,86.01000213623047,12268400
2025-02-06,86.93000030517578,88.37000274658203,85.6500015258789,88.0,11127600
2025-02-07,88.41000366210938,88.75,87.37000274658203,87.6500015258789,7031100
2025-02-10,89.7699966430664,89.94999694824219,88.77999877929688,89.5199966430664,5918900
2025-02-11,89.23999786376953,89.7699966430664,88.51000213623047,89.16000366210938,4399700
2025-02-12,87.72000122070312,89.3499984741211,87.33999633789062,89.02999877929688,2846700
2025-02-13,89.06999969482422,89.16999816894531,87.97000122070312,88.55000305175781,3231700
2025-02-14,88.5999984741211,89.86000061035156,88.37000274658203,89.7699966430664,2800400
2025-02-18,90.0,91.13999938964844,89.61000061035156,90.5999984741211,3508200
2025-02-19,90.11000061035156,90.55999755859375,89.61000061035156,90.44999694824219,2118500
2025-02-20,90.30000305175781,90.44999694824219,88.4800033569336,88.83000183105469,3639000
2025-02-21,88.93000030517578,89.26000213623047,84.52999877929688,85.27999877929688,4748500
2025-02-24,85.37999725341797,85.48999786376953,83.27999877929688,84.02999877929688,4767900
2025-02-25,83.98999786376953,84.45999908447266,82.66999816894531,83.9000015258789,4467200
2025-02-26,85.08000183105469,86.5199966430664,84.83999633789062,84.91000366210938,4657300
2025-02-27,85.27999877929688,86.27999877929688,84.19999694824219,84.25,3921500
2025-02-28,84.29000091552734,85.70999908447266,83.95999908447266,85.66000366210938,7334400
2025-03-03,86.2300033569336,86.5,82.08999633789062,82.55999755859375,4011800
2025-03-04,81.0999984741211,82.58999633789062,79.29000091552734,80.9000015258789,5895700
2025-03-05,81.26000213623047,82.93000030517578,81.05999755859375,82.22000122070312,4603000
2025-03-06,80.95999908447266,82.20999908447266,80.69000244140625,81.06999969482422,5345100
2025-03-07,80.0999984741211,81.2300033569336,79.06999969482422,80.05999755859375,5576700
2025-03-10,77.88999938964844,78.80000305175781,77.25,77.91999816894531,6093000
2025-03-11,77.91999816894531,78.73999786376953,76.5999984741211,76.98999786376953,6666300
2025-03-12,78.5,79.93000030517578,78.01000213623047,78.68000030517578,4958000
2025-03-13,78.2300033569336,79.12000274658203,76.94000244140625,77.45999908447266,3503200
2025-03-14,78.9000015258789,79.86000061035156,78.37999725341797,79.6500015258789,4696600
2025-03-17,79.19000244140625,82.05000305175781,79.01000213623047,81.51000213623047,4057400
2025-03-18,80.76000213623047,81.68000030517578,80.2300033569336,81.61000061035156,4736000
2025-03-19,81.41999816894531,83.43000030517578,81.37999725341797,82.88999938964844,4495500
2025-03-20,81.93000030517578,83.38999938964844,81.8499984741211,83.1500015258789,3842000
2025-03-21,82.41000366210938,82.79000091552734,81.2699966430664,82.7300033569336,6990700
2025-03-24,83.79000091552734,84.58000183105469,83.30000305175781,84.5199966430664,3866000
2025-03-25,84.5199966430664,85.0999984741211,83.7699966430664,84.33999633789062,3086300
2025-03-26,84.26000213623047,84.80000305175781,82.45999908447266,82.76000213623047,5015700
2025-03-27,82.73999786376953,82.83000183105469,81.69000244140625,82.16999816894531,4444700
2025-03-28,81.77999877929688,82.04000091552734,79.37999725341797,79.69000244140625,3498600
2025-03-31,78.62999725341797,80.56999969482422,77.51000213623047,80.11000061035156,3930200
2025-04-01,79.72000122070312,81.44999694824219,79.06999969482422,81.4000015258789,4099700
2025-04-02,80.01000213623047,83.05999755859375,80.01000213623047,82.86000061035156,3437600
2025-04-03,78.08999633789062,79.5,76.94000244140625,77.2300033569336,5782600
2025-04-04,75.0199966430664,75.73999786376953,71.62000274658203,71.69999694824219,7065000
2025-04-07,70.0999984741211,74.19000244140625,68.02999877929688,72.02999877929688,9017400
2025-04-08,73.29000091552734,74.6500015258789,69.98999786376953,71.13999938964844,5603800
2025-04-09,70.70999908447266,79.93000030517578,70.08000183105469,78.83000183105469,7791700
2025-04-10,76.5,77.51000213623047,74.08000183105469,76.2300033569336,6458800
2025-04-11,76.02999877929688,78.12999725341797,74.83999633789062,77.72000122070312,3026700
2025-04-14,78.73999786376953,79.37999725341797,77.77999877929688,78.5,3308600
2025-04-15,78.61000061035156,79.83999633789062,78.37999725341797,78.58999633789062,3519900
2025-04-16,77.5199966430664,78.0999984741211,75.91000366210938,76.66000366210938,3346400
2025-04-17,76.94000244140625,77.86000061035156,76.58999633789062,76.83000183105469,4893500
2025-04-21,75.69999694824219,76.33999633789062,73.55000305175781,74.44999694824219,4544600
2025-04-22,75.69000244140625,76.87999725341797,75.16999816894531,76.61000061035156,3873400
2025-04-23,78.95999908447266,80.33000183105469,78.12000274658203,78.27999877929688,4031700
2025-04-24,78.08000183105469,80.61000061035156,77.98999786376953,80.36000061035156,3277100
2025-04-25,80.3499984741211,81.47000122070312,80.01000213623047,81.06999969482422,2920600
2025-04-28,81.33000183105469,81.94999694824219,80.19000244140625,81.0999984741211,3155600
2025-04-29,80.8499984741211,82.4800033569336,80.55000305175781,82.33000183105469,3220900
2025-04-30,82.47000122070312,84.0199966430664,81.55000305175781,83.9000015258789,4910100
2025-05-01,84.6500015258789,88.26000213623047,84.61000061035156,87.25,7535800
2025-05-02,88.16000366210938,89.37999725341797,88.05999755859375,88.91999816894531,5868600
2025-05-05,88.08000183105469,89.48999786376953,87.30999755859375,89.33000183105469,3961800
2025-05-06,87.93000030517578,89.23999786376953,87.93000030517578,88.80999755859375,4590900
2025-05-07,88.5,91.05000305175781,87.7699966430664,89.75,7014600
2025-05-08,90.80999755859375,92.41000366210938,90.3499984741211,91.23999786376953,9040800
2025-05-09,91.83000183105469,92.08000183105469,90.91000366210938,91.91999816894531,3018800
2025-05-12,95.33000183105469,95.5,94.3499984741211,95.27999877929688,4890100
2025-05-13,95.58000183105469,97.11000061035156,95.30999755859375,96.05999755859375,4950700
2025-05-14,96.05999755859375,96.69000244140625,95.63999938964844,96.3499984741211,4820000
2025-05-15,95.80000305175781,96.9800033569336,95.80000305175781,96.79000091552734,2544800
2025-05-16,96.77999877929688,97.94999694824219,96.30000305175781,97.93000030517578,3609600
2025-05-19,96.52999877929688,98.33000183105469,96.05000305175781,97.86000061035156,3201300
2025-05-20,97.75,98.19000244140625,97.05000305175781,97.6500015258789,3542300
2025-05-21,96.20999908447266,97.87000274658203,96.01000213623047,97.20999908447266,5303900
2025-05-22,97.02999877929688,98.52999877929688,96.69999694824219,97.93000030517578,5306900
2025-05-23,96.66999816894531,98.0999984741211,96.30999755859375,97.98999786376953,3224500
2025-05-27,99.30000305175781,101.05000305175781,98.73999786376953,101.0199966430664,5542000
2025-05-28,101.0199966430664,101.5,100.4000015258789,101.48999786376953,5433100
2025-05-29,102.26000213623047,102.36000061035156,100.47000122070312,102.13999938964844,4489700
2025-05-30,101.66999816894531,101.66999816894531,100.54000091552734,101.37000274658203,6829400
2025-06-02,100.9000015258789,101.0,99.11000061035156,100.38999938964844,4524600
2025-06-03,100.38999938964844,101.36000061035156,100.0999984741211,101.18000030517578,3803800
2025-06-04,102.18000030517578,102.97000122070312,101.2300033569336,102.33000183105469,3788700
2025-06-05,102.63999938964844,102.68000030517578,101.37000274658203,102.31999969482422,3363300
2025-06-06,103.27999877929688,103.83999633789062,102.5,103.79000091552734,3687500
2025-06-09,103.23999786376953,104.0,102.66999816894531,103.54000091552734,3063400
2025-06-10,103.80999755859375,104.01000213623047,101.6500015258789,102.9000015258789,4080800
2025-06-11,103.19999694824219,104.1500015258789,102.30000305175781,103.19000244140625,4816400
2025-06-12,102.97000122070312,103.94999694824219,102.80999755859375,103.5999984741211,5976300
2025-06-13,102.33999633789062,102.73999786376953,101.29000091552734,101.97000122070312,5525700
2025-06-16,103.33000183105469,105.19000244140625,103.25,104.48999786376953,6221200
2025-06-17,104.44000244140625,104.87999725341797,103.5199966430664,103.83999633789062,3150900
2025-06-18,103.97000122070312,104.83999633789062,103.22000122070312,103.4800033569336,4118100
2025-06-20,103.72000122070312,104.0,100.86000061035156,102.25,7548600
2025-06-23,101.95999908447266,103.43000030517578,101.25,103.3499984741211,6015200
2025-06-24,104.0,104.4000015258789,102.86000061035156,103.5999984741211,2831000
2025-06-25,104.0199966430664,104.0199966430664,102.98999786376953,103.3499984741211,3752200
2025-06-26,103.8499984741211,104.79000091552734,103.66000366210938,104.44000244140625,7391700
2025-06-27,104.75,105.88999938964844,104.5,105.06999969482422,4955300
2025-06-30,105.16999816894531,105.68000030517578,104.55999755859375,105.62000274658203,5090800
2025-07-01,105.22000122070312,106.06999969482422,103.58999633789062,104.66999816894531,4994700
2025-07-02,104.69999694824219,105.19000244140625,104.33000183105469,105.06999969482422,3676500
2025-07-03,104.9800033569336,106.95999908447266,104.9800033569336,106.70999908447266,2982000
2025-07-07,106.81999969482422,107.05999755859375,105.4800033569336,105.9800033569336,3524800
2025-07-08,106.43000030517578,107.08999633789062,104.69999694824219,105.5,6179700
2025-07-09,106.44000244140625,106.55999755859375,105.27999877929688,106.5,5242900
2025-07-10,106.76000213623047,107.19999694824219,105.55999755859375,106.33000183105469,4247300
2025-07-11,105.68000030517578,106.62999725341797,105.16999816894531,105.8499984741211,2234200
2025-07-14,105.77999877929688,106.68000030517578,105.1500015258789,106.26000213623047,3223100
2025-07-15,106.55000305175781,106.87999725341797,105.83000183105469,106.0199966430664,2934600
2025-07-16,106.2300033569336,107.36000061035156,105.19000244140625,107.27999877929688,3841600
2025-07-17,107.05999755859375,109.0199966430664,106.9000015258789,108.94999694824219,3512100
2025-07-18,108.94999694824219,109.4000015258789,108.3499984741211,108.95999908447266,3220000
2025-07-21,109.06999969482422,109.18000030517578,107.87999725341797,108.2699966430664,2882600
2025-07-22,108.01000213623047,108.51000213623047,105.4000015258789,108.30000305175781,4866900
2025-07-23,109.01000213623047,110.58999633789062,108.69999694824219,110.12999725341797,6925100
2025-07-24,109.43000030517578,110.66999816894531,109.05999755859375,110.0199966430664,4598100
2025-07-25,110.20999908447266,112.0,109.66999816894531,111.7300033569336,4408800
2025-07-28,112.0,112.62999725341797,111.01000213623047,111.5199966430664,6984500
2025-07-29,106.55999755859375,108.5999984741211,102.5199966430664,103.23999786376953,11353400
2025-07-30,102.68000030517578,105.19999694824219,102.08999633789062,104.0199966430664,7926700
2025-07-31,104.36000061035156,107.19999694824219,104.2699966430664,105.0,6355100
2025-08-01,104.2699966430664,107.4800033569336,103.36000061035156,106.4800033569336,5337500
2025-08-04,107.0,107.19999694824219,105.88999938964844,106.4800033569336,3107400
2025-08-05,107.0,107.0,103.72000122070312,104.83999633789062,3827300
2025-08-06,104.83000183105469,105.41999816894531,103.76000213623047,104.66999816894531,2962000
2025-08-07,105.58000183105469,105.94000244140625,104.01000213623047,104.30999755859375,2832400
2025-08-08,105.02999877929688,105.9800033569336,104.33000183105469,105.55000305175781,6227800
2025-08-11,105.44000244140625,105.9800033569336,105.12999725341797,105.70999908447266,8854100
2025-08-12,106.16999816894531,106.83000183105469,105.08999633789062,106.63999938964844,6756000
2025-08-13,107.27999877929688,107.87000274658203,104.68000030517578,105.7699966430664,7802200
2025-08-14,104.86000061035156,105.9800033569336,104.86000061035156,105.0199966430664,5250400
2025-08-15,105.44000244140625,105.44000244140625,103.37999725341797,103.5199966430664,6360300
2025-08-18,103.48999786376953,105.94999694824219,103.06999969482422,105.70999908447266,4879500
2025-08-19,105.54000091552734,105.98999786376953,103.95999908447266,104.5199966430664,5470600
2025-08-20,104.20999908447266,106.44000244140625,103.66000366210938,106.0,4755200
2025-08-21,105.70999908447266,106.44999694824219,104.56999969482422,104.75,3801800
2025-08-22,105.33999633789062,107.95999908447266,105.11000061035156,107.26000213623047,5090900
2025-08-25,107.02999877929688,107.61000061035156,106.37000274658203,106.4000015258789,3927700
2025-08-26,106.68000030517578,108.76000213623047,106.37999725341797,108.45999908447266,6269500
2025-08-27,108.23999786376953,110.3499984741211,108.05999755859375,109.2699966430664,4714400
2025-08-28,109.51000213623047,109.63999938964844,108.5,108.6500015258789,3751900
2025-08-29,108.68000030517578,109.16999816894531,106.2300033569336,106.88999938964844,4216500
2025-09-02,105.05999755859375,106.02999877929688,103.81999969482422,105.95999908447266,4591000
2025-09-03,106.01000213623047,106.29000091552734,104.80000305175781,105.33999633789062,3934900
2025-09-04,105.87999725341797,107.16000366210938,105.25,107.08999633789062,2745900
2025-09-05,107.26000213623047,107.69000244140625,104.02999877929688,106.2300033569336,4278900
2025-09-08,106.56999969482422,108.26000213623047,105.70999908447266,107.16999816894531,4681500
2025-09-09,106.69000244140625,107.20999908447266,104.5199966430664,106.29000091552734,4016100
2025-09-10,107.75,109.9800033569336,105.86000061035156,107.80000305175781,4182600
2025-09-11,108.0199966430664,109.29000091552734,107.23999786376953,107.81999969482422,4620500
2025-09-12,107.31999969482422,108.72000122070312,107.05999755859375,107.52999877929688,2826300
2025-09-15,107.80999755859375,108.05999755859375,106.55000305175781,107.80999755859375,4277700
2025-09-16,107.86000061035156,107.94000244140625,106.08000183105469,106.95999908447266,3223700
2025-09-17,106.94000244140625,108.37000274658203,106.41999816894531,107.41000366210938,3196100
2025-09-18,107.80999755859375,109.88999938964844,107.62999725341797,108.4800033569336,3792700
2025-09-19,109.19000244140625,109.19000244140625,107.02999877929688,108.69000244140625,7388800
2025-09-22,107.69000244140625,109.58999633789062,107.2300033569336,109.29000091552734,4214200
2025-09-23,109.16999816894531,110.33000183105469,107.44000244140625,108.29000091552734,4009700
2025-09-24,108.54000091552734,108.93000030517578,106.25,106.54000091552734,5199900
2025-09-25,105.62999725341797,106.0,104.58000183105469,105.7699966430664,4860300
2025-09-26,106.33000183105469,107.29000091552734,105.66999816894531,107.01000213623047,2940500
2025-09-29,108.23999786376953,108.87999725341797,107.44000244140625,108.16000366210938,2719200
2025-09-30,108.4000015258789,110.01000213623047,108.22000122070312,109.94999694824219,3341100
2025-10-01,109.12000274658203,109.80999755859375,107.25,108.88999938964844,4189000
2025-10-02,109.41000366210938,110.25,107.44999694824219,108.66000366210938,3383300
2025-10-03,108.76000213623047,109.33999633789062,107.5999984741211,108.79000091552734,3791900
2025-10-06,110.11000061035156,111.22000122070312,109.47000122070312,109.58000183105469,2940300
2025-10-07,110.05999755859375,110.13999938964844,107.66999816894531,108.30999755859375,2824900
2025-10-08,108.58000183105469,109.91000366210938,107.0,108.43000030517578,3893000
2025-10-09,108.97000122070312,110.0,106.80000305175781,107.76000213623047,3626000
2025-10-10,108.41999816894531,109.33999633789062,105.41000366210938,105.55000305175781,3140500
2025-10-13,106.69000244140625,107.5999984741211,106.0199966430664,106.37999725341797,2336700
2025-10-14,105.0,108.25,104.48999786376953,107.8499984741211,2819600
2025-10-15,108.77999877929688,111.12999725341797,108.69999694824219,110.81999969482422,3935300
2025-10-16,111.44999694824219,111.44999694824219,108.44999694824219,109.37000274658203,3678800
2025-10-17,108.87000274658203,109.69000244140625,107.7699966430664,108.83000183105469,4228700
2025-10-20,109.86000061035156,110.62999725341797,109.36000061035156,110.5999984741211,3116100
2025-10-21,110.22000122070312,111.58999633789062,109.7300033569336,111.18000030517578,3962600
2025-10-22,112.0,112.16999816894531,107.83999633789062,108.54000091552734,3933100
2025-10-23,108.80000305175781,110.70999908447266,108.47000122070312,110.55000305175781,3740800
2025-10-24,112.0,113.37999725341797,111.5999984741211,112.94000244140625,4231500
2025-10-27,114.06999969482422,114.5999984741211,112.38999938964844,113.05000305175781,3660100
2025-10-28,112.97000122070312,113.41000366210938,111.54000091552734,112.20999908447266,2952800
2025-10-29,112.06999969482422,114.30999755859375,112.06999969482422,113.33999633789062,3187100
2025-10-30,113.06999969482422,116.4800033569336,112.38999938964844,114.20999908447266,3424100
2025-10-31,113.80000305175781,115.16000366210938,113.80000305175781,114.38999938964844,3696600
2025-11-03,114.48999786376953,114.94999694824219,112.62999725341797,113.18000030517578,4320400
2025-11-04,111.56999969482422,112.3499984741211,110.69999694824219,111.04000091552734,6765600
2025-11-05,120.93000030517578,123.05000305175781,118.0,120.86000061035156,13299800
2025-11-06,120.6500015258789,123.37000274658203,119.0199966430664,122.25,6802200
2025-11-07,120.80000305175781,122.55000305175781,119.3499984741211,122.25,4900800
2025-11-10,122.75,123.76000213623047,121.8499984741211,122.58000183105469,5589200
2025-11-11,122.30999755859375,122.66999816894531,121.33999633789062,121.94000244140625,4340700
2025-11-12,122.06999969482422,123.77999877929688,122.06999969482422,122.66000366210938,5138800
2025-11-13,122.7300033569336,123.6500015258789,119.75,120.19999694824219,4220300
2025-11-14,118.5999984741211,120.27999877929688,118.0,118.72000122070312,3399900
2025-11-17,118.48999786376953,119.08000183105469,115.83000183105469,116.37999725341797,4266700
2025-11-18,115.80000305175781,116.01000213623047,114.06999969482422,114.44000244140625,4865400
2025-11-19,114.4000015258789,116.37000274658203,114.11000061035156,114.41999816894531,4288300
2025-11-20,116.30000305175781,117.31999969482422,112.83000183105469,112.98999786376953,7047400
2025-11-21,113.05999755859375,114.30999755859375,112.20999908447266,113.55000305175781,5121900
2025-11-24,114.08000183105469,115.5199966430664,113.55000305175781,114.19000244140625,6430300
2025-11-25,114.76000213623047,115.5,112.56999969482422,114.6500015258789,6359300
2025-11-26,114.69000244140625,117.18000030517578,114.55000305175781,116.29000091552734,3488400
2025-11-28,116.87999725341797,117.26000213623047,115.43000030517578,116.30999755859375,1396000
2025-12-01,115.41000366210938,116.12000274658203,114.7699966430664,114.94000244140625,3481600
2025-12-02,115.33999633789062,115.73999786376953,114.58000183105469,115.27999877929688,3870400
2025-12-03,115.0,115.4000015258789,113.47000122070312,114.22000122070312,5046000
2025-12-04,113.61000061035156,115.16000366210938,113.0,114.19999694824219,4471700
