date,open,high,low,close,volume
2010-01-04,25.445735931396484,25.678295135498047,25.155038833618164,25.29069709777832,904961
2010-01-05,25.58139419555664,25.71705436706543,25.203487396240234,25.71705436706543,685248
2010-01-06,25.784883499145508,25.784883499145508,25.445735931396484,25.697673797607422,1002588
2010-01-07,25.765504837036133,26.30813980102539,25.53294563293457,26.240310668945312,1258318
2010-01-08,26.153100967407227,26.647287368774414,26.12403106689453,26.59883689880371,814970
2010-01-11,26.67635726928711,26.695735931396484,26.35658836364746,26.395349502563477,725496
2010-01-12,26.30813980102539,26.531007766723633,26.25,26.49224853515625,637879
2010-01-13,26.763565063476562,26.860464096069336,26.405038833618164,26.79263687133789,757488
2010-01-14,26.67635726928711,26.879844665527344,26.569766998291016,26.686046600341797,698458
2010-01-15,26.821704864501953,26.889535903930664,26.61821746826172,26.637596130371094,723226
2010-01-19,26.647287368774414,27.228681564331055,26.647287368774414,27.083332061767578,1042630
2010-01-20,26.947673797607422,27.13178253173828,26.6569766998291,26.67635726928711,600314
2010-01-21,26.744186401367188,26.986434936523438,26.08527183532715,26.08527183532715,1048925
2010-01-22,26.25,26.889535903930664,25.455425262451172,25.455425262451172,1471426
2010-01-25,25.794574737548828,26.153100967407227,25.436046600341797,26.01744270324707,787210
2010-01-26,26.046512603759766,26.695735931396484,25.90116310119629,26.424419403076172,710635
2010-01-27,26.346899032592773,26.976743698120117,26.046512603759766,26.976743698120117,935921
2010-01-28,27.083332061767578,27.083332061767578,26.511627197265625,26.91860580444336,1052021
2010-01-29,26.95736312866211,27.083332061767578,26.61821746826172,27.063953399658203,1033445
2010-02-01,27.122093200683594,27.13178253173828,26.589147567749023,26.996124267578125,931380
2010-02-02,26.996124267578125,27.13178253173828,26.627906799316406,26.84108543395996,818582
2010-02-03,26.695735931396484,26.879844665527344,26.12403106689453,26.220930099487305,641078
2010-02-04,26.12403106689453,26.453487396240234,25.193798065185547,25.213178634643555,1526328
2010-02-05,25.397287368774414,25.726743698120117,24.806201934814453,25.310077667236328,2019314
2010-02-08,25.60077476501465,25.678295135498047,24.94186019897461,24.94186019897461,892267
2010-02-09,25.281007766723633,25.281007766723633,24.65116310119629,24.728681564331055,1193818
2010-02-10,24.786821365356445,25.019380569458008,24.496124267578125,24.951549530029297,944177
2010-02-11,24.81589126586914,25.42635726928711,24.63178253173828,25.222867965698242,943248
2010-02-12,25.213178634643555,26.211240768432617,25.0,26.153100967407227,1169153
2010-02-16,26.25,27.054264068603516,26.240310668945312,26.986434936523438,1261517
2010-02-17,27.083332061767578,27.44186019897461,27.034883499145508,27.44186019897461,1039018
2010-02-18,27.412790298461914,27.984495162963867,27.37403106689453,27.8585262298584,926839
2010-02-19,27.74224853515625,27.897287368774414,27.55813980102539,27.693798065185547,819718
2010-02-22,27.819766998291016,27.819766998291016,27.238372802734375,27.422481536865234,889378
2010-02-23,27.403100967407227,27.68410873413086,26.85077476501465,27.160852432250977,1135819
2010-02-24,27.189922332763672,27.548450469970703,27.170543670654297,27.432170867919922,663576
2010-02-25,27.344961166381836,27.451549530029297,26.986434936523438,27.432170867919922,505577
2010-02-26,27.403100967407227,27.55813980102539,27.102712631225586,27.13178253173828,762854
2010-03-01,27.189922332763672,27.432170867919922,26.879844665527344,27.112403869628906,922195
2010-03-02,27.277132034301758,27.344961166381836,26.763565063476562,27.102712631225586,728798
2010-03-03,27.228681564331055,27.422481536865234,26.937984466552734,27.0930233001709,633545
2010-03-04,27.0930233001709,27.228681564331055,26.96705436706543,27.189922332763672,420953
2010-03-05,27.296512603759766,27.655038833618164,27.0930233001709,27.55813980102539,808159
2010-03-08,27.596899032592773,27.839147567749023,27.490310668945312,27.722867965698242,637054
2010-03-09,27.645349502563477,28.294574737548828,27.61627960205078,28.21705436706543,745723
2010-03-10,28.236434936523438,28.478681564331055,28.013565063476562,28.313953399658203,988450
2010-03-11,28.187984466552734,28.468992233276367,27.92635726928711,28.313953399658203,565020
2010-03-12,28.3914737701416,28.488372802734375,28.013565063476562,28.265504837036133,888862
2010-03-15,28.313953399658203,28.58527183532715,28.08139419555664,28.38178253173828,656558
2010-03-16,28.468992233276367,29.089147567749023,28.430233001708984,28.99224853515625,758107
2010-03-17,29.031007766723633,29.45736312866211,29.031007766723633,29.273256301879883,856044
2010-03-18,29.166667938232422,29.89341163635254,29.147287368774414,29.534883499145508,1063476
2010-03-19,29.031007766723633,29.554264068603516,28.740310668945312,29.031007766723633,1448722
2010-03-22,28.85658836364746,29.534883499145508,28.85658836364746,29.486434936523438,671832
2010-03-23,29.079456329345703,29.39922523498535,29.069766998291016,29.28294563293457,764299
2010-03-24,29.060077667236328,30.135658264160156,29.060077667236328,29.689922332763672,1131691
2010-03-25,29.796512603759766,29.922481536865234,29.534883499145508,29.57364273071289,1038398
2010-03-26,29.670543670654297,29.89341163635254,29.554264068603516,29.81589126586914,677198
2010-03-29,29.922481536865234,29.922481536865234,29.65116310119629,29.88372039794922,628798
2010-03-30,29.718992233276367,29.89341163635254,29.45736312866211,29.777132034301758,578023
2010-03-31,29.70930290222168,30.222867965698242,29.670543670654297,29.738372802734375,809501
2010-04-01,29.94186019897461,29.94186019897461,29.244186401367188,29.496124267578125,640975
2010-04-05,29.718992233276367,30.096899032592773,29.505813598632812,30.087209701538086,526526
2010-04-06,29.88372039794922,30.833332061767578,29.88372039794922,30.552326202392578,839119
2010-04-07,30.64922523498535,30.930233001708984,30.494186401367188,30.736434936523438,1242528
2010-04-08,30.620155334472656,30.794574737548828,30.54263687133789,30.678295135498047,725393
2010-04-09,30.746124267578125,30.930233001708984,30.523256301879883,30.765504837036133,807953
2010-04-12,30.988372802734375,30.988372802734375,30.377906799316406,30.42635726928711,489168
2010-04-13,30.34883689880371,31.094961166381836,30.29069709777832,30.988372802734375,598147
2010-04-14,31.211240768432617,31.569766998291016,30.910852432250977,31.531007766723633,642317
2010-04-15,31.49224853515625,31.531007766723633,30.872093200683594,30.8914737701416,798355
2010-04-16,30.804264068603516,31.220930099487305,30.4069766998291,30.455425262451172,789996
2010-04-19,30.271318435668945,30.862403869628906,30.12596893310547,30.53294563293457,457589
2010-04-20,30.59108543395996,31.036821365356445,30.193798065185547,30.978681564331055,585660
2010-04-21,30.910852432250977,31.83139419555664,30.910852432250977,31.637596130371094,585247
2010-04-22,31.385658264160156,32.19961166381836,31.288759231567383,32.112403869628906,504132
2010-04-23,32.112403869628906,32.461238861083984,31.85077476501465,32.25775146484375,683700
2010-04-26,32.28682327270508,32.906978607177734,32.1705436706543,32.52907180786133,739428
2010-04-27,32.519378662109375,32.81007766723633,31.85077476501465,31.870155334472656,799903
2010-04-28,32.122093200683594,32.38372039794922,31.976743698120117,32.14147186279297,850368
2010-04-29,32.49031066894531,33.468990325927734,31.96705436706543,33.3139533996582,1180918
2010-04-30,32.635658264160156,33.20736312866211,31.763565063476562,31.773256301879883,1289587
2010-05-03,31.43410873413086,32.112403869628906,31.104650497436523,31.889535903930664,1005271
2010-05-04,31.453487396240234,31.802326202392578,30.639535903930664,30.852712631225586,1124467
2010-05-05,30.193798065185547,30.813953399658203,29.689922332763672,30.562015533447266,1001453
2010-05-06,30.261627197265625,30.59108543395996,27.538759231567383,29.089147567749023,2057705
2010-05-07,29.089147567749023,30.087209701538086,28.662790298461914,29.302326202392578,1349856
2010-05-10,30.12596893310547,30.90116310119629,30.038759231567383,30.8914737701416,1108678
2010-05-11,30.64922523498535,31.6085262298584,30.59108543395996,31.36627960205078,697116
2010-05-12,31.395349502563477,31.928295135498047,31.25,31.695735931396484,668323
2010-05-13,31.72480583190918,31.889535903930664,31.385658264160156,31.443798065185547,604339
2010-05-14,31.327518463134766,31.37596893310547,30.620155334472656,30.746124267578125,855012
2010-05-17,30.90116310119629,31.182170867919922,29.912790298461914,30.552326202392578,605371
2010-05-18,30.94961166381836,31.25,30.24224853515625,30.271318435668945,855425
2010-05-19,30.038759231567383,30.455425262451172,29.215116500854492,29.728681564331055,976582
2010-05-20,29.079456329345703,29.554264068603516,28.575580596923828,28.730619430541992,1332828
2010-05-21,28.3914737701416,29.932170867919922,27.994186401367188,29.81589126586914,1139534
2010-05-24,30.281007766723633,30.281007766723633,29.360464096069336,29.389535903930664,764712
2010-05-25,28.662790298461914,30.048450469970703,28.265504837036133,29.980619430541992,906096
2010-05-26,30.18410873413086,30.910852432250977,29.622093200683594,29.718992233276367,767705
2010-05-27,30.222867965698242,31.00775146484375,29.94186019897461,30.95930290222168,707849
2010-05-28,30.852712631225586,30.94961166381836,30.155038833618164,30.174419403076172,592471
2010-06-01,30.048450469970703,30.30038833618164,29.515504837036133,29.5930233001709,684835
2010-06-02,29.83527183532715,30.4069766998291,29.428295135498047,30.4069766998291,686074
2010-06-03,30.687984466552734,30.687984466552734,29.970930099487305,30.18410873413086,362954
2010-06-04,29.81589126586914,29.970930099487305,28.58527183532715,28.682170867919922,1164818
2010-06-07,28.701549530029297,29.428295135498047,28.58527183532715,28.769380569458008,498559
2010-06-08,28.769380569458008,29.428295135498047,28.294574737548828,29.33139419555664,803309
2010-06-09,29.544574737548828,30.087209701538086,29.205425262451172,29.389535903930664,500830
2010-06-10,29.912790298461914,30.523256301879883,29.70930290222168,30.494186401367188,671935
2010-06-11,30.24224853515625,30.8430233001709,30.11627960205078,30.8430233001709,447991
2010-06-14,31.056201934814453,31.385658264160156,30.746124267578125,31.25,974930
2010-06-15,31.405038833618164,32.00581359863281,31.182170867919922,32.00581359863281,612492
2010-06-16,31.279069900512695,32.122093200683594,31.211240768432617,31.501937866210938,622399
2010-06-17,31.37596893310547,31.734495162963867,31.14341163635254,31.67635726928711,375751
2010-06-18,31.705425262451172,31.734495162963867,31.046512603759766,31.094961166381836,643452
2010-06-21,31.36627960205078,31.6569766998291,30.64922523498535,30.755813598632812,517548
2010-06-22,30.88178253173828,31.075580596923828,29.903100967407227,29.922481536865234,541697
2010-06-23,29.980619430541992,30.494186401367188,29.70930290222168,30.048450469970703,572966
2010-06-24,29.94186019897461,30.687984466552734,29.680233001708984,29.69961166381836,1009502
2010-06-25,30.10658836364746,30.95930290222168,29.796512603759766,30.872093200683594,950988
2010-06-28,30.755813598632812,31.075580596923828,30.145349502563477,30.36821746826172,700418
2010-06-29,30.067829132080078,30.222867965698242,29.602712631225586,29.69961166381836,1064714
2010-06-30,29.718992233276367,30.339147567749023,29.321704864501953,29.389535903930664,763577
2010-07-01,29.33139419555664,29.476743698120117,28.58527183532715,29.28294563293457,740873
2010-07-02,29.389535903930664,29.75775146484375,28.99224853515625,29.360464096069336,747271
2010-07-06,29.738372802734375,29.844961166381836,28.21705436706543,28.420543670654297,1221682
2010-07-07,28.546512603759766,30.096899032592773,28.546512603759766,30.096899032592773,928078
2010-07-08,30.484495162963867,30.746124267578125,29.806201934814453,30.416667938232422,540665
2010-07-09,30.29069709777832,30.687984466552734,30.23255729675293,30.620155334472656,383801
2010-07-12,30.54263687133789,30.687984466552734,30.222867965698242,30.397287368774414,513110
2010-07-13,30.620155334472656,31.00775146484375,30.416667938232422,30.920543670654297,726012
2010-07-14,30.920543670654297,31.13372039794922,30.523256301879883,30.94961166381836,480809
2010-07-15,30.8914737701416,30.998062133789062,30.397287368774414,30.852712631225586,333646
2010-07-16,30.736434936523438,30.77519416809082,29.63178253173828,29.777132034301758,827148
2010-07-19,29.94186019897461,30.24224853515625,29.554264068603516,30.029069900512695,527868
2010-07-20,29.69961166381836,30.465116500854492,29.476743698120117,30.281007766723633,916106
2010-07-21,30.552326202392578,30.552326202392578,29.70930290222168,29.728681564331055,676786
2010-07-22,30.05813980102539,30.95930290222168,30.029069900512695,30.872093200683594,796601
2010-07-23,30.8430233001709,31.182170867919922,30.24224853515625,31.114341735839844,547682
2010-07-26,31.01744270324707,31.870155334472656,31.00775146484375,31.821704864501953,723535
2010-07-27,31.96705436706543,32.14147186279297,31.37596893310547,31.78294563293457,588240
2010-07-28,31.802326202392578,32.0155029296875,31.327518463134766,31.589147567749023,481944
2010-07-29,31.753875732421875,31.96705436706543,30.726743698120117,30.82364273071289,511666
2010-07-30,30.59108543395996,31.298450469970703,30.377906799316406,31.094961166381836,676476
2010-08-02,31.6085262298584,32.14147186279297,31.48255729675293,32.122093200683594,728489
2010-08-03,32.0639533996582,32.07364273071289,31.35658836364746,31.61821746826172,452222
2010-08-04,31.83139419555664,31.889535903930664,31.560077667236328,31.695735931396484,445721
2010-08-05,31.569766998291016,31.705425262451172,31.259689331054688,31.279069900512695,489168
2010-08-06,30.833332061767578,31.49224853515625,30.833332061767578,31.385658264160156,509086
2010-08-09,31.569766998291016,31.870155334472656,31.346899032592773,31.773256301879883,478745
2010-08-10,31.472867965698242,32.054264068603516,31.463178634643555,31.715116500854492,832514
2010-08-11,31.230619430541992,31.85077476501465,31.220930099487305,31.405038833618164,1107233
2010-08-12,31.162790298461914,31.424419403076172,30.910852432250977,30.968992233276367,435814
2010-08-13,30.95930290222168,31.812015533447266,30.939922332763672,31.472867965698242,670078
2010-08-16,31.327518463134766,31.812015533447266,31.30813980102539,31.637596130371094,505061
2010-08-17,31.90891456604004,32.19961166381836,31.647287368774414,32.00581359863281,612286
2010-08-18,31.870155334472656,32.14147186279297,31.637596130371094,31.812015533447266,333336
2010-08-19,31.976743698120117,32.1705436706543,31.00775146484375,31.19186019897461,738190
2010-08-20,31.075580596923828,31.36627960205078,30.94961166381836,31.075580596923828,676373
2010-08-23,31.162790298461914,31.327518463134766,30.94961166381836,30.998062133789062,428796
2010-08-24,30.697673797607422,31.463178634643555,30.571704864501953,31.094961166381836,637879
2010-08-25,30.77519416809082,31.627906799316406,30.755813598632812,31.511627197265625,625082
2010-08-26,31.666667938232422,31.79263687133789,31.337209701538086,31.37596893310547,564298
2010-08-27,31.695735931396484,31.715116500854492,30.94961166381836,31.67635726928711,729211
2010-08-30,31.531007766723633,31.695735931396484,31.201549530029297,31.230619430541992,514452
2010-08-31,31.182170867919922,31.686046600341797,31.056201934814453,31.579456329345703,801245
2010-09-01,31.879844665527344,32.43217086791992,31.67635726928711,32.422481536865234,1058006
2010-09-02,32.5,32.74224853515625,32.20930099487305,32.73255920410156,561408
2010-09-03,32.85852813720703,32.99418640136719,32.461238861083984,32.73255920410156,631790
2010-09-07,32.519378662109375,32.6550407409668,31.976743698120117,32.00581359863281,674412
2010-09-08,32.151161193847656,32.296512603759766,32.054264068603516,32.14147186279297,659551
2010-09-09,32.722869873046875,32.722869873046875,31.90891456604004,31.90891456604004,505474
2010-09-10,31.889535903930664,32.122093200683594,31.860464096069336,32.04457473754883,385968
2010-09-13,32.26744079589844,32.68410873413086,32.16085433959961,32.664730072021484,504545
2010-09-14,32.5484504699707,33.04263687133789,32.47092819213867,32.89728546142578,575650
2010-09-15,32.761627197265625,33.343021392822266,32.58720779418945,33.0329475402832,521779
2010-09-16,32.945735931396484,33.11046600341797,32.58720779418945,32.73255920410156,482460
2010-09-17,32.848838806152344,32.92635726928711,32.44186019897461,32.877906799316406,686693
2010-09-20,32.906978607177734,33.711238861083984,32.80038833618164,33.63372039794922,665330
2010-09-21,33.63372039794922,33.63372039794922,33.0329475402832,33.062015533447266,595567
2010-09-22,33.003875732421875,33.3139533996582,32.761627197265625,32.781009674072266,939430
2010-09-23,31.860464096069336,32.47092819213867,31.734495162963867,32.4515495300293,5947829
2010-09-24,32.781009674072266,32.781009674072266,32.1705436706543,32.761627197265625,1793616
2010-09-27,32.75193786621094,32.75193786621094,32.24806213378906,32.461238861083984,1011876
2010-09-28,32.47092819213867,32.80038833618164,32.296512603759766,32.77131652832031,1416110
2010-09-29,32.55813980102539,32.848838806152344,32.5,32.73255920410156,992578
2010-09-30,32.83914566040039,32.887596130371094,32.3449592590332,32.67441940307617,1362137
2010-10-01,32.67441940307617,32.91666793823242,32.55813980102539,32.91666793823242,943867
2010-10-04,32.848838806152344,33.13953399658203,32.68410873413086,33.13953399658203,1128802
2010-10-05,33.29457473754883,33.33333206176758,32.945735931396484,33.25581359863281,989275
2010-10-06,33.25581359863281,33.2655029296875,33.05232620239258,33.2655029296875,639221
2010-10-07,33.33333206176758,33.33333206176758,33.07170486450195,33.14922332763672,562027
2010-10-08,33.17829513549805,33.38178253173828,33.04263687133789,33.15891647338867,644381
2010-10-11,33.04263687133789,33.33333206176758,33.01356506347656,33.16860580444336,388858
2010-10-12,33.17829513549805,33.430233001708984,33.0329475402832,33.39147186279297,520954
2010-10-13,33.44961166381836,33.895347595214844,33.29457473754883,33.585269927978516,744175
2010-10-14,33.362403869628906,33.672481536865234,33.13953399658203,33.2170524597168,565020
2010-10-15,33.468990325927734,33.63372039794922,33.2655029296875,33.53682327270508,697838
2010-10-18,33.33333206176758,33.99224853515625,33.33333206176758,33.99224853515625,703824
2010-10-19,33.5949592590332,33.99224853515625,33.50775146484375,33.788761138916016,788861
2010-10-20,33.80813980102539,34.854652404785156,33.788761138916016,34.54457473754883,1054601
2010-10-21,34.57364273071289,34.777130126953125,34.2344970703125,34.45736312866211,480190
2010-10-22,34.54457473754883,34.63178253173828,34.20542526245117,34.38953399658203,358517
2010-10-25,34.54457473754883,34.57364273071289,34.2344970703125,34.38953399658203,658416
2010-10-26,34.35077667236328,34.41860580444336,34.05038833618164,34.069766998291016,701038
2010-10-27,33.83720779418945,34.29263687133789,33.81782913208008,34.05038833618164,1000524
2010-10-28,33.527130126953125,33.914730072021484,33.07170486450195,33.35271453857422,653875
2010-10-29,33.25581359863281,33.63372039794922,33.2170524597168,33.2170524597168,726838
2010-11-01,33.430233001708984,33.55620193481445,33.14922332763672,33.38178253173828,777922
2010-11-02,33.66279220581055,33.87596893310547,33.14922332763672,33.17829513549805,952639
2010-11-03,33.17829513549805,33.401161193847656,33.13953399658203,33.246124267578125,581738
2010-11-04,33.51744079589844,34.069766998291016,33.47868347167969,34.04069900512695,761513
2010-11-05,34.00193786621094,34.370155334472656,33.885658264160156,34.127906799316406,454390
2010-11-08,34.069766998291016,34.1860466003418,33.62403106689453,33.972869873046875,365741
2010-11-09,34.127906799316406,34.127906799316406,32.97480773925781,33.129844665527344,793298
2010-11-10,33.129844665527344,33.49806213378906,32.85852813720703,33.05232620239258,828902
2010-11-11,32.91666793823242,33.25581359863281,32.85852813720703,32.9844970703125,552017
2010-11-12,32.77131652832031,33.08139419555664,32.58720779418945,32.81007766723633,675960
2010-11-15,33.01356506347656,33.15891647338867,32.722869873046875,32.77131652832031,579468
2010-11-16,32.56782913208008,32.71317672729492,31.889535903930664,32.10271453857422,1162961
2010-11-17,32.151161193847656,32.74224853515625,32.14147186279297,32.606590270996094,599695
2010-11-18,32.9360466003418,33.062015533447266,32.18992233276367,32.30620193481445,751502
2010-11-19,32.30620193481445,32.71317672729492,31.976743698120117,32.645347595214844,808262
2010-11-22,32.519378662109375,32.86821746826172,32.47092819213867,32.80038833618164,635402
2010-11-23,32.55813980102539,32.906978607177734,32.50968933105469,32.77131652832031,702070
2010-11-24,33.0329475402832,33.401161193847656,32.887596130371094,33.32364273071289,665227
2010-11-26,33.19767379760742,33.49806213378906,33.129844665527344,33.33333206176758,240662
2010-11-29,33.129844665527344,33.430233001708984,32.86821746826172,33.246124267578125,750986
2010-11-30,33.0329475402832,33.19767379760742,32.69379806518555,32.99418640136719,938707
2010-12-01,33.28488540649414,33.28488540649414,32.606590270996094,32.945735931396484,934682
2010-12-02,32.945735931396484,33.11046600341797,32.848838806152344,33.04263687133789,907644
2010-12-03,32.296512603759766,32.96511459350586,32.07364273071289,32.96511459350586,7760846
2010-12-06,32.86821746826172,32.92635726928711,32.67441940307617,32.79069900512695,1112496
2010-12-07,32.81007766723633,33.17829513549805,32.71317672729492,33.003875732421875,1823131
2010-12-08,33.04263687133789,33.08139419555664,32.180233001708984,32.37403106689453,1169359
2010-12-09,32.49031066894531,32.62596893310547,32.151161193847656,32.18992233276367,731791
2010-12-10,32.25775146484375,32.62596893310547,32.13178253173828,32.5484504699707,722606
2010-12-13,32.703487396240234,32.86821746826172,32.5,32.80038833618164,887107
2010-12-14,32.781009674072266,33.15891647338867,32.703487396240234,32.761627197265625,1556462
2010-12-15,32.8294563293457,32.945735931396484,32.112403869628906,32.13178253173828,1258008
2010-12-16,32.14147186279297,32.480621337890625,32.122093200683594,32.277130126953125,748303
2010-12-17,32.38372039794922,32.83914566040039,32.296512603759766,32.83914566040039,2318078
2010-12-20,32.83914566040039,33.187984466552734,32.722869873046875,33.07170486450195,736229
2010-12-21,33.14922332763672,33.29457473754883,33.08139419555664,33.29457473754883,555938
2010-12-22,33.246124267578125,33.69186019897461,33.246124267578125,33.53682327270508,639840
2010-12-23,33.527130126953125,33.53682327270508,33.120155334472656,33.15891647338867,523637
2010-12-27,33.01356506347656,33.527130126953125,33.01356506347656,33.527130126953125,580190
2010-12-28,33.643409729003906,33.643409729003906,33.32364273071289,33.57558059692383,556454
2010-12-29,33.672481536865234,33.672481536865234,33.362403869628906,33.546512603759766,463058
2010-12-30,33.41085433959961,33.488372802734375,33.28488540649414,33.343021392822266,464606
2010-12-31,33.2655029296875,33.401161193847656,33.13953399658203,33.13953399658203,705785
2011-01-03,33.343021392822266,33.527130126953125,33.13953399658203,33.50775146484375,1086696
2011-01-04,33.5949592590332,33.62403106689453,32.61627960205078,32.83914566040039,712493
2011-01-05,32.75193786621094,32.97480773925781,32.67441940307617,32.81007766723633,613937
2011-01-06,32.75193786621094,32.9360466003418,32.55813980102539,32.58720779418945,576682
2011-01-07,32.635658264160156,32.92635726928711,32.538761138916016,32.761627197265625,533234
2011-01-10,32.61627960205078,32.83914566040039,32.44186019897461,32.664730072021484,530242
2011-01-11,32.761627197265625,32.877906799316406,32.364341735839844,32.50968933105469,579158
2011-01-12,32.77131652832031,32.77131652832031,32.364341735839844,32.55813980102539,565123
2011-01-13,32.606590270996094,32.73255920410156,32.4515495300293,32.635658264160156,452429
2011-01-14,32.645347595214844,32.74224853515625,32.519378662109375,32.664730072021484,522605
2011-01-18,32.81007766723633,33.372093200683594,32.606590270996094,33.35271453857422,931483
2011-01-19,33.4205436706543,33.4205436706543,32.819766998291016,32.906978607177734,694639
2011-01-20,32.80038833618164,33.05232620239258,32.606590270996094,32.6550407409668,735713
2011-01-21,32.761627197265625,32.945735931396484,32.538761138916016,32.781009674072266,555216
2011-01-24,32.92635726928711,33.3139533996582,32.877906799316406,33.129844665527344,591130
2011-01-25,33.120155334472656,33.643409729003906,33.02325439453125,33.643409729003906,709706
2011-01-26,33.788761138916016,33.895347595214844,33.430233001708984,33.730621337890625,560582
2011-01-27,33.99224853515625,34.10852813720703,33.711238861083984,34.031009674072266,691234
2011-01-28,33.98255920410156,33.98255920410156,33.430233001708984,33.468990325927734,582254
2011-01-31,33.672481536865234,34.02131652832031,33.57558059692383,33.87596893310547,577507
2011-02-01,34.02131652832031,34.127906799316406,33.604652404785156,33.99224853515625,679262
2011-02-02,33.914730072021484,33.99224853515625,33.730621337890625,33.74031066894531,452635
2011-02-03,33.769378662109375,34.0794563293457,33.62403106689453,33.914730072021484,537982
2011-02-04,34.06007766723633,34.069766998291016,33.372093200683594,33.47868347167969,603823
2011-02-07,33.62403106689453,33.84689712524414,33.55620193481445,33.75,452842
2011-02-08,33.84689712524414,33.94379806518555,33.7015495300293,33.895347595214844,494534
2011-02-09,33.856590270996094,34.05038833618164,33.75,33.77907180786133,456144
2011-02-10,33.9050407409668,34.05038833618164,33.672481536865234,33.953487396240234,517135
2011-02-11,33.75,34.00193786621094,33.53682327270508,33.72092819213867,587311
2011-02-14,33.9050407409668,34.06007766723633,33.63372039794922,34.011627197265625,656146
2011-02-15,33.972869873046875,34.031009674072266,33.62403106689453,33.7015495300293,544793
2011-02-16,33.895347595214844,34.05038833618164,33.74031066894531,33.94379806518555,589169
2011-02-17,34.069766998291016,34.27325439453125,33.856590270996094,34.21511459350586,641182
2011-02-18,34.29263687133789,34.379844665527344,34.1860466003418,34.379844665527344,496289
2011-02-22,34.195735931396484,34.6705436706543,34.156978607177734,34.370155334472656,759449
2011-02-23,34.36046600341797,34.54457473754883,34.156978607177734,34.156978607177734,641904
2011-02-24,34.10852813720703,34.27325439453125,33.75,33.93410873413086,738396
2011-02-25,33.953487396240234,34.54457473754883,33.953487396240234,34.53488540649414,746033
2011-02-28,34.87403106689453,35.0,34.554264068603516,34.854652404785156,826632
2011-03-01,34.854652404785156,34.88372039794922,34.04069900512695,34.069766998291016,819821
2011-03-02,34.10852813720703,34.39922332763672,33.7984504699707,33.7984504699707,852845
2011-03-03,34.137596130371094,34.2829475402832,33.92441940307617,34.06007766723633,601966
2011-03-04,34.14728546142578,34.1860466003418,33.730621337890625,33.7984504699707,518167
2011-03-07,34.00193786621094,34.127906799316406,33.730621337890625,33.84689712524414,699902
2011-03-08,33.94379806518555,34.496124267578125,33.885658264160156,34.156978607177734,878026
2011-03-09,33.43992233276367,33.62403106689453,33.28488540649414,33.62403106689453,7232256
2011-03-10,33.22674560546875,33.45930099487305,33.187984466552734,33.28488540649414,1761005
2011-03-11,33.187984466552734,33.488372802734375,33.08139419555664,33.468990325927734,1031587
2011-03-14,33.362403869628906,33.430233001708984,33.187984466552734,33.29457473754883,864197
2011-03-15,32.97480773925781,33.45930099487305,32.761627197265625,33.33333206176758,1522510
2011-03-16,33.38178253173828,33.468990325927734,33.02325439453125,33.187984466552734,1458835
2011-03-17,33.527130126953125,33.55620193481445,33.120155334472656,33.488372802734375,1011360
2011-03-18,33.672481536865234,33.672481536865234,33.23643493652344,33.56589126586914,1142011
2011-03-21,33.672481536865234,33.711238861083984,33.47868347167969,33.68217086791992,920750
2011-03-22,33.72092819213867,33.72092819213867,33.29457473754883,33.362403869628906,795053
2011-03-23,33.41085433959961,33.41085433959961,32.848838806152344,33.15891647338867,943145
2011-03-24,33.343021392822266,33.41085433959961,32.906978607177734,33.343021392822266,813938
2011-03-25,33.47868347167969,33.7015495300293,33.23643493652344,33.546512603759766,692885
2011-03-28,33.57558059692383,33.7015495300293,33.468990325927734,33.57558059692383,651295
2011-03-29,33.643409729003906,33.730621337890625,33.22674560546875,33.69186019897461,861410
2011-03-30,33.69186019897461,33.77907180786133,33.49806213378906,33.75,1008264
2011-03-31,33.730621337890625,33.895347595214844,33.63372039794922,33.86627960205078,1543356
2011-04-01,33.914730072021484,33.914730072021484,33.62403106689453,33.81782913208008,1027150
2011-04-04,33.914730072021484,33.96317672729492,33.80813980102539,33.953487396240234,999595
2011-04-05,33.788761138916016,34.06007766723633,33.788761138916016,33.914730072021484,768943
2011-04-06,34.011627197265625,34.011627197265625,33.77907180786133,33.96317672729492,659242
2011-04-07,33.953487396240234,33.98255920410156,33.55620193481445,33.63372039794922,636847
2011-04-08,33.84689712524414,33.86627960205078,33.43992233276367,33.56589126586914,454493
2011-04-11,33.614341735839844,33.87596893310547,33.47868347167969,33.51744079589844,560995
2011-04-12,33.35271453857422,33.7984504699707,33.35271453857422,33.585269927978516,514968
2011-04-13,33.7984504699707,33.7984504699707,33.43992233276367,33.468990325927734,612182
2011-04-14,33.35271453857422,33.9050407409668,33.33333206176758,33.84689712524414,716930
2011-04-15,33.885658264160156,34.04069900512695,33.72092819213867,33.98255920410156,750883
2011-04-18,33.77907180786133,33.953487396240234,33.39147186279297,33.5949592590332,811152
2011-04-19,33.69186019897461,33.9050407409668,33.672481536865234,33.885658264160156,515278
2011-04-20,34.195735931396484,34.20542526245117,33.827518463134766,34.195735931396484,612182
2011-04-21,34.253875732421875,34.42829513549805,33.972869873046875,34.40891647338867,574721
2011-04-25,34.39922332763672,34.63178253173828,34.2829475402832,34.53488540649414,566568
2011-04-26,34.622093200683594,34.80620193481445,34.42829513549805,34.622093200683594,689892
2011-04-27,34.69961166381836,34.90310287475586,34.52519226074219,34.90310287475586,676579
2011-04-28,34.796512603759766,35.222869873046875,34.76744079589844,34.9515495300293,889171
2011-04-29,35.106590270996094,35.12596893310547,34.17635726928711,34.44767379760742,807024
2011-05-02,34.66085433959961,34.8449592590332,34.156978607177734,34.41860580444336,859346
2011-05-03,34.41860580444336,34.70930099487305,34.156978607177734,34.45736312866211,599798
2011-05-04,34.496124267578125,34.54457473754883,34.22480773925781,34.41860580444336,559757
2011-05-05,34.32170486450195,34.63178253173828,34.16666793823242,34.45736312866211,522502
2011-05-06,34.680233001708984,34.72868347167969,34.127906799316406,34.137596130371094,639118
2011-05-09,34.137596130371094,34.26356506347656,34.031009674072266,34.24418640136719,561718
2011-05-10,34.38953399658203,34.42829513549805,34.253875732421875,34.35077667236328,892267
2011-05-11,34.35077667236328,34.35077667236328,33.94379806518555,34.06007766723633,619613
2011-05-12,34.031009674072266,34.21511459350586,33.827518463134766,34.14728546142578,576888
2011-05-13,34.156978607177734,34.21511459350586,33.72092819213867,33.895347595214844,525391
2011-05-16,33.87596893310547,34.031009674072266,33.74031066894531,33.895347595214844,554803
2011-05-17,33.83720779418945,33.914730072021484,33.69186019897461,33.885658264160156,579984
2011-05-18,33.914730072021484,34.253875732421875,33.72092819213867,34.253875732421875,579674
2011-05-19,34.38953399658203,34.42829513549805,34.011627197265625,34.312015533447266,380395
2011-05-20,34.2829475402832,34.36046600341797,33.972869873046875,34.031009674072266,579984
2011-05-23,33.827518463134766,34.00193786621094,33.788761138916016,33.788761138916016,641801
2011-05-24,33.81782913208008,33.93410873413086,33.643409729003906,33.769378662109375,495257
2011-05-25,33.81782913208008,33.81782913208008,33.38178253173828,33.672481536865234,827045
2011-05-26,33.68217086791992,33.953487396240234,33.43992233276367,33.914730072021484,470695
2011-05-27,33.96317672729492,33.96317672729492,33.65310287475586,33.86627960205078,475236
2011-05-31,34.127906799316406,34.127906799316406,33.788761138916016,34.05038833618164,1046551
2011-06-01,33.914730072021484,34.14728546142578,33.120155334472656,33.14922332763672,1061412
2011-06-02,33.20736312866211,33.35271453857422,33.01356506347656,33.062015533447266,758830
2011-06-03,32.781009674072266,33.33333206176758,32.781009674072266,33.09108352661133,1040978
2011-06-06,33.129844665527344,33.2655029296875,32.68410873413086,32.703487396240234,699799
2011-06-07,32.848838806152344,33.10077667236328,32.703487396240234,32.906978607177734,464916
2011-06-08,32.848838806152344,32.9844970703125,32.6550407409668,32.664730072021484,592884
2011-06-09,32.79069900512695,32.79069900512695,32.1705436706543,32.20930099487305,921473
2011-06-10,32.07364273071289,32.22868347167969,31.19186019897461,31.279069900512695,1755329
2011-06-13,31.346899032592773,31.627906799316406,31.259689331054688,31.346899032592773,834888
2011-06-14,31.55038833618164,31.996124267578125,31.48255729675293,31.986434936523438,929832
2011-06-15,31.83139419555664,31.937984466552734,31.54069709777832,31.734495162963867,1073590
2011-06-16,31.734495162963867,32.08333206176758,31.61821746826172,32.02519226074219,750986
2011-06-17,32.218990325927734,32.519378662109375,31.89922523498535,32.44186019897461,1512293
2011-06-20,32.44186019897461,32.68410873413086,32.41279220581055,32.58720779418945,589066
2011-06-21,32.781009674072266,32.848838806152344,32.461238861083984,32.722869873046875,831586
2011-06-22,32.664730072021484,32.75193786621094,32.461238861083984,32.47092819213867,711667
2011-06-23,32.238372802734375,32.238372802734375,31.627906799316406,31.928295135498047,878129
2011-06-24,32.054264068603516,32.218990325927734,31.734495162963867,32.0639533996582,673174
2011-06-27,32.0639533996582,32.30620193481445,31.996124267578125,32.13178253173828,466670
2011-06-28,32.180233001708984,32.364341735839844,32.0155029296875,32.354652404785156,538498
2011-06-29,32.461238861083984,32.67441940307617,32.24806213378906,32.62596893310547,634680
2011-06-30,32.75193786621094,32.79069900512695,32.44186019897461,32.4515495300293,759346
2011-07-01,32.52907180786133,32.9844970703125,32.480621337890625,32.96511459350586,541903
2011-07-05,33.02325439453125,33.120155334472656,32.75193786621094,33.10077667236328,632100
2011-07-06,32.99418640136719,33.643409729003906,32.96511459350586,33.614341735839844,780605
2011-07-07,33.730621337890625,33.94379806518555,33.643409729003906,33.92441940307617,746239
2011-07-08,33.63372039794922,33.895347595214844,33.585269927978516,33.856590270996094,567290
2011-07-11,33.5949592590332,33.7015495300293,33.32364273071289,33.35271453857422,479364
2011-07-12,33.22674560546875,33.74031066894531,33.22674560546875,33.43992233276367,845930
2011-07-13,33.614341735839844,33.63372039794922,33.02325439453125,33.02325439453125,703514
2011-07-14,33.11046600341797,33.16860580444336,32.6550407409668,32.722869873046875,605165
2011-07-15,32.85852813720703,33.04263687133789,32.664730072021484,33.003875732421875,536434
2011-07-18,32.887596130371094,32.945735931396484,32.56782913208008,32.761627197265625,470282
2011-07-19,33.003875732421875,33.08139419555664,32.8294563293457,33.01356506347656,684938
2011-07-20,33.062015533447266,33.304264068603516,32.95542526245117,33.16860580444336,564401
2011-07-21,33.3139533996582,33.51744079589844,33.23643493652344,33.362403869628906,422398
2011-07-22,33.44961166381836,33.546512603759766,33.27519226074219,33.468990325927734,323222
2011-07-25,33.2170524597168,33.32364273071289,33.003875732421875,33.062015533447266,404647
2011-07-26,33.09108352661133,33.2170524597168,32.848838806152344,33.05232620239258,405576
2011-07-27,32.99418640136719,33.01356506347656,32.1705436706543,32.18992233276367,705372
2011-07-28,32.112403869628906,32.18992233276367,31.55038833618164,31.6569766998291,746136
2011-07-29,31.501937866210938,31.647287368774414,31.19186019897461,31.453487396240234,672761
2011-08-01,32.74224853515625,32.86821746826172,31.41472816467285,31.49224853515625,1313323
2011-08-02,31.424419403076172,31.424419403076172,30.620155334472656,30.65891456604004,1143456
2011-08-03,30.562015533447266,30.66860580444336,29.922481536865234,30.58139419555664,1458629
2011-08-04,30.319766998291016,30.503875732421875,29.57364273071289,29.63178253173828,1913328
2011-08-05,29.87403106689453,29.903100967407227,28.846899032592773,29.079456329345703,2497853
2011-08-08,28.362403869628906,28.604650497436523,27.063953399658203,27.170543670654297,2988775
2011-08-09,27.781007766723633,30.465116500854492,27.61627960205078,30.36821746826172,3280934
2011-08-10,29.903100967407227,30.833332061767578,29.46705436706543,29.796512603759766,2485572
2011-08-11,29.83527183532715,31.6085262298584,29.796512603759766,31.12403106689453,2010646
2011-08-12,31.327518463134766,31.560077667236328,30.523256301879883,30.678295135498047,957799
2011-08-15,31.14341163635254,31.90891456604004,30.95930290222168,31.889535903930664,921782
2011-08-16,31.637596130371094,31.79263687133789,31.317829132080078,31.627906799316406,850574
2011-08-17,31.879844665527344,31.976743698120117,31.48255729675293,31.821704864501953,521676
2011-08-18,30.94961166381836,31.627906799316406,30.53294563293457,31.30813980102539,1601045
2011-08-19,30.746124267578125,31.6569766998291,30.562015533447266,31.046512603759766,956251
2011-08-22,31.637596130371094,31.637596130371094,30.71705436706543,31.298450469970703,853980
2011-08-23,31.395349502563477,32.28682327270508,31.094961166381836,32.26744079589844,901246
2011-08-24,32.24806213378906,32.96511459350586,32.1705436706543,32.96511459350586,740254
2011-08-25,33.14922332763672,33.304264068603516,31.879844665527344,32.28682327270508,898459
2011-08-26,32.16085433959961,32.74224853515625,31.55038833618164,32.59689712524414,571934
2011-08-29,32.95542526245117,33.56589126586914,32.91666793823242,33.55620193481445,724361
2011-08-30,33.527130126953125,33.711238861083984,33.062015533447266,33.50775146484375,550056
2011-08-31,33.672481536865234,33.827518463134766,33.35271453857422,33.604652404785156,806611
2011-09-01,33.488372802734375,33.51744079589844,32.75193786621094,32.79069900512695,716002
2011-09-02,32.31589126586914,32.85852813720703,32.22868347167969,32.277130126953125,832824
2011-09-06,31.463178634643555,32.422481536865234,31.405038833618164,32.238372802734375,816931
2011-09-07,32.722869873046875,33.4205436706543,32.238372802734375,33.401161193847656,868531
2011-09-08,33.304264068603516,33.74031066894531,32.9844970703125,33.53682327270508,985044
2011-09-09,33.33333206176758,33.53682327270508,32.41279220581055,32.59689712524414,1142011
2011-09-12,32.335269927978516,32.9844970703125,32.20930099487305,32.95542526245117,964507
2011-09-13,33.08139419555664,33.430233001708984,32.722869873046875,33.304264068603516,688138
2011-09-14,33.527130126953125,33.7984504699707,32.945735931396484,33.44961166381836,890513
2011-09-15,33.80813980102539,33.80813980102539,33.362403869628906,33.585269927978516,668633
2011-09-16,33.55620193481445,33.86627960205078,33.2170524597168,33.856590270996094,962753
2011-09-19,33.23643493652344,33.7015495300293,33.19767379760742,33.430233001708984,753566
2011-09-20,33.56589126586914,33.788761138916016,33.33333206176758,33.362403869628906,885869
2011-09-21,32.5,32.877906799316406,32.31589126586914,32.461238861083984,5768054
2011-09-22,31.569766998291016,32.664730072021484,31.49224853515625,32.26744079589844,2151823
2011-09-23,32.22868347167969,32.58720779418945,31.589147567749023,32.538761138916016,1109710
2011-09-26,32.73255920410156,32.848838806152344,32.054264068603516,32.77131652832031,1383706
2011-09-27,33.05232620239258,33.05232620239258,32.703487396240234,32.91666793823242,2074526
2011-09-28,32.945735931396484,32.9844970703125,32.422481536865234,32.47092819213867,2253269
2011-09-29,33.02325439453125,33.02325439453125,31.947673797607422,32.538761138916016,1327152
2011-09-30,32.19961166381836,32.296512603759766,31.230619430541992,31.240310668945312,2479483
2011-10-03,30.95930290222168,31.346899032592773,29.583332061767578,29.5930233001709,2161834
2011-10-04,29.29263687133789,30.804264068603516,28.85658836364746,30.726743698120117,2167200
2011-10-05,30.620155334472656,30.697673797607422,29.147287368774414,30.387596130371094,1656463
2011-10-06,30.319766998291016,30.804264068603516,30.038759231567383,30.784883499145508,1148513
2011-10-07,30.852712631225586,30.95930290222168,29.786821365356445,29.825580596923828,1367710
2011-10-10,30.319766998291016,30.910852432250977,30.193798065185547,30.8914737701416,1067088
2011-10-11,30.639535903930664,30.862403869628906,30.029069900512695,30.11627960205078,1913431
2011-10-12,30.339147567749023,30.88178253173828,30.145349502563477,30.484495162963867,1163580
2011-10-13,30.397287368774414,31.056201934814453,30.135658264160156,30.736434936523438,1356770
2011-10-14,31.104650497436523,31.48255729675293,30.930233001708984,31.43410873413086,1175654
2011-10-17,31.317829132080078,31.443798065185547,30.930233001708984,31.027132034301758,1278648
2011-10-18,31.114341735839844,31.976743698120117,31.00775146484375,31.889535903930664,1419826
2011-10-19,31.734495162963867,32.054264068603516,31.41472816467285,31.49224853515625,1050886
2011-10-20,31.686046600341797,31.802326202392578,30.862403869628906,31.54069709777832,855322
2011-10-21,31.928295135498047,32.22868347167969,31.686046600341797,32.19961166381836,866570
2011-10-24,32.296512603759766,32.877906799316406,32.04457473754883,32.80038833618164,949027
2011-10-25,32.664730072021484,32.80038833618164,32.07364273071289,32.13178253173828,929729
2011-10-26,32.49031066894531,32.61627960205078,32.054264068603516,32.5,891029
2011-10-27,33.04263687133789,33.04263687133789,32.393409729003906,32.99418640136719,1530250
2011-10-28,32.703487396240234,32.92635726928711,32.58720779418945,32.89728546142578,878335
2011-10-31,32.68410873413086,32.89728546142578,32.180233001708984,32.37403106689453,1201042
2011-11-01,31.870155334472656,32.40310287475586,31.55038833618164,31.6085262298584,1622407
2011-11-02,32.151161193847656,32.41279220581055,31.6569766998291,32.16085433959961,925085
2011-11-03,32.3449592590332,32.74224853515625,31.84108543395996,32.74224853515625,1160174
2011-11-04,32.519378662109375,32.606590270996094,32.0639533996582,32.461238861083984,680501
2011-11-07,32.5484504699707,32.77131652832031,32.02519226074219,32.50968933105469,718375
2011-11-08,32.55813980102539,32.819766998291016,31.89922523498535,32.74224853515625,681636
2011-11-09,32.18992233276367,32.43217086791992,31.686046600341797,31.78294563293457,1137986
2011-11-10,32.218990325927734,32.218990325927734,31.43410873413086,31.61821746826172,730862
2011-11-11,31.976743698120117,32.335269927978516,31.686046600341797,32.24806213378906,595258
2011-11-14,32.1705436706543,32.277130126953125,31.753875732421875,32.03488540649414,834475
2011-11-15,32.112403869628906,32.461238861083984,31.84108543395996,32.354652404785156,858727
2011-11-16,32.354652404785156,32.97480773925781,32.093021392822266,32.43217086791992,1296295
2011-11-17,32.461238861083984,32.887596130371094,32.22868347167969,32.32558059692383,1361930
2011-11-18,32.55813980102539,32.67441940307617,32.180233001708984,32.67441940307617,626837
2011-11-21,32.335269927978516,32.38372039794922,31.79263687133789,32.04457473754883,869460
2011-11-22,32.122093200683594,32.32558059692383,31.773256301879883,32.112403869628906,603410
2011-11-23,31.89922523498535,32.054264068603516,31.37596893310547,31.405038833618164,945002
2011-11-25,31.453487396240234,31.976743698120117,31.453487396240234,31.49224853515625,356143
2011-11-28,32.32558059692383,32.364341735839844,31.744186401367188,32.13178253173828,790306
2011-11-29,32.13178253173828,32.25775146484375,31.91860580444336,32.0155029296875,588653
2011-11-30,32.55813980102539,32.86821746826172,32.180233001708984,32.81007766723633,1370290
2011-12-01,32.606590270996094,32.68410873413086,32.18992233276367,32.354652404785156,772349
2011-12-02,32.55813980102539,32.69379806518555,32.122093200683594,32.22868347167969,816622
2011-12-05,32.59689712524414,32.61627960205078,32.13178253173828,32.3449592590332,574308
2011-12-06,32.364341735839844,32.50968933105469,32.093021392822266,32.37403106689453,524978
2011-12-07,32.218990325927734,32.89728546142578,32.07364273071289,32.8294563293457,907850
2011-12-08,32.69379806518555,32.75193786621094,32.28682327270508,32.37403106689453,742008
2011-12-09,32.50968933105469,32.9360466003418,32.5,32.848838806152344,702276
2011-12-12,32.67441940307617,32.86821746826172,32.393409729003906,32.67441940307617,759965
2011-12-13,32.8294563293457,32.99418640136719,32.296512603759766,32.43217086791992,825394
2011-12-14,32.422481536865234,32.97480773925781,32.31589126586914,32.68410873413086,895673
2011-12-15,32.99418640136719,33.32364273071289,32.819766998291016,33.2655029296875,1063889
2011-12-16,33.38178253173828,33.50775146484375,33.14922332763672,33.50775146484375,2734594
2011-12-19,33.55620193481445,33.672481536865234,32.906978607177734,32.906978607177734,1020751
2011-12-20,33.343021392822266,33.65310287475586,33.22674560546875,33.62403106689453,1046758
2011-12-21,33.672481536865234,33.895347595214844,33.401161193847656,33.84689712524414,687931
2011-12-22,33.87596893310547,34.14728546142578,33.856590270996094,34.011627197265625,732101
2011-12-23,34.127906799316406,34.2829475402832,33.94379806518555,34.156978607177734,393192
2011-12-27,34.156978607177734,34.651161193847656,33.953487396240234,34.48643493652344,633132
2011-12-28,34.44767379760742,34.44767379760742,33.914730072021484,33.972869873046875,544896
2011-12-29,34.04069900512695,34.2344970703125,34.00193786621094,34.156978607177734,448198
2011-12-30,34.30232620239258,34.5155029296875,33.87596893310547,33.87596893310547,578230
2012-01-03,34.36046600341797,34.53488540649414,33.23643493652344,33.74031066894531,1337885
2012-01-04,33.57558059692383,33.74031066894531,33.43992233276367,33.44961166381836,900626
2012-01-05,33.430233001708984,33.972869873046875,33.33333206176758,33.7984504699707,718375
2012-01-06,33.92441940307617,34.11821746826172,33.62403106689453,33.711238861083984,775238
2012-01-09,33.914730072021484,33.94379806518555,33.672481536865234,33.93410873413086,640872
2012-01-10,34.069766998291016,34.370155334472656,34.02131652832031,34.21511459350586,605062
2012-01-11,34.2344970703125,34.60271453857422,34.127906799316406,34.379844665527344,813216
2012-01-12,34.554264068603516,34.554264068603516,34.11821746826172,34.30232620239258,557899
2012-01-13,34.17635726928711,34.5639533996582,34.05038833618164,34.5639533996582,666878
2012-01-17,34.78682327270508,34.922481536865234,34.593021392822266,34.70930099487305,888139
2012-01-18,34.75775146484375,35.12596893310547,34.69961166381836,34.76744079589844,1072661
2012-01-19,34.70930099487305,34.961238861083984,34.50581359863281,34.680233001708984,1347689
2012-01-20,34.4670524597168,34.54457473754883,34.24418640136719,34.50581359863281,1053259
2012-01-23,34.554264068603516,34.80620193481445,34.53488540649414,34.58333206176758,810636
2012-01-24,34.48643493652344,34.854652404785156,34.44767379760742,34.78682327270508,607848
2012-01-25,34.796512603759766,35.203487396240234,34.68992233276367,35.17441940307617,649747
2012-01-26,35.348838806152344,35.46511459350586,35.17441940307617,35.39728546142578,618065
2012-01-27,35.36821746826172,35.5329475402832,35.25193786621094,35.47480773925781,576372
2012-01-30,35.18410873413086,35.319766998291016,34.961238861083984,35.21317672729492,826838
2012-01-31,35.387596130371094,35.51356506347656,35.11627960205078,35.27131652832031,732514
2012-02-01,35.41666793823242,35.75581359863281,35.377906799316406,35.69767379760742,808262
2012-02-02,35.70736312866211,35.91085433959961,35.562015533447266,35.85271453857422,568219
2012-02-03,36.104652404785156,36.19186019897461,35.804264068603516,36.143409729003906,666156
2012-02-06,36.03682327270508,36.143409729003906,35.746124267578125,35.95930099487305,489994
2012-02-07,35.88178253173828,36.24031066894531,35.85271453857422,36.12403106689453,553152
2012-02-08,36.07558059692383,36.327518463134766,35.94961166381836,36.2015495300293,588756
2012-02-09,36.25,36.472869873046875,35.75581359863281,35.988372802734375,756766
2012-02-10,35.65891647338867,36.03682327270508,35.61046600341797,35.8139533996582,556454
2012-02-13,35.94961166381836,36.07558059692383,35.66860580444336,35.804264068603516,609706
2012-02-14,35.7655029296875,35.7655029296875,35.319766998291016,35.46511459350586,566981
2012-02-15,35.65891647338867,35.687984466552734,35.19379806518555,35.377906799316406,601243
2012-02-16,35.377906799316406,35.89147186279297,35.377906799316406,35.54263687133789,681223
2012-02-17,35.66860580444336,35.78488540649414,35.29069900512695,35.63953399658203,614866
2012-02-21,35.57170486450195,35.77519226074219,35.21317672729492,35.41666793823242,689170
2012-02-22,35.41666793823242,35.562015533447266,35.12596893310547,35.30038833618164,675444
2012-02-23,35.4360466003418,35.79457473754883,35.319766998291016,35.79457473754883,587311
2012-02-24,35.85271453857422,36.19186019897461,35.7170524597168,36.03682327270508,779573
2012-02-27,35.93992233276367,35.99806213378906,35.629844665527344,35.687984466552734,699799
2012-02-28,35.67829513549805,35.7170524597168,35.21317672729492,35.41666793823242,575443
2012-02-29,35.52325439453125,35.85271453857422,35.42635726928711,35.746124267578125,776477
2012-03-01,35.7655029296875,35.9205436706543,35.54263687133789,35.78488540649414,671110
2012-03-02,35.69767379760742,35.8139533996582,35.4844970703125,35.687984466552734,507434
2012-03-05,35.69767379760742,36.027130126953125,35.620155334472656,36.00775146484375,604133
2012-03-06,35.7655029296875,36.027130126953125,35.66860580444336,35.83333206176758,650986
2012-03-07,35.91085433959961,36.114341735839844,35.65891647338867,36.104652404785156,502068
2012-03-08,36.172481536865234,36.19186019897461,35.7170524597168,35.75581359863281,806508
2012-03-09,35.85271453857422,35.99806213378906,35.66860580444336,35.8139533996582,684319
2012-03-12,35.88178253173828,36.356590270996094,35.85271453857422,36.25,525082
2012-03-13,36.48255920410156,36.86046600341797,36.31782913208008,36.86046600341797,879367
2012-03-14,36.7829475402832,37.00581359863281,36.511627197265625,36.67635726928711,565846
2012-03-15,36.7829475402832,36.82170486450195,36.46317672729492,36.79263687133789,521470
2012-03-16,36.84108352661133,36.85077667236328,36.5794563293457,36.753875732421875,769253
2012-03-19,36.7829475402832,37.03488540649414,36.637596130371094,36.91860580444336,617342
2012-03-20,36.7829475402832,37.04457473754883,36.71511459350586,36.89922332763672,451913
2012-03-21,36.98643493652344,37.054264068603516,36.82170486450195,36.870155334472656,433750
2012-03-22,36.77325439453125,36.91860580444336,36.4050407409668,36.7829475402832,606094
2012-03-23,36.879844665527344,37.180233001708984,36.598838806152344,36.9670524597168,516516
2012-03-26,37.18992233276367,37.38372039794922,37.00581359863281,37.296512603759766,584318
2012-03-27,37.354652404785156,37.69379806518555,37.238372802734375,37.55813980102539,669665
2012-03-28,37.55813980102539,37.74224853515625,37.30620193481445,37.71317672729492,741802
2012-03-29,37.422481536865234,37.58720779418945,37.122093200683594,37.49031066894531,488962
2012-03-30,37.6550407409668,37.819766998291016,37.5,37.52907180786133,598870
2012-04-02,37.52907180786133,37.887596130371094,37.50968933105469,37.635658264160156,673070
2012-04-03,37.68410873413086,37.77131652832031,37.480621337890625,37.73255920410156,600934
2012-04-04,37.55813980102539,37.635658264160156,37.20930099487305,37.30620193481445,808262
2012-04-05,36.6860466003418,36.6860466003418,36.143409729003906,36.33720779418945,1434686
2012-04-09,35.95930099487305,36.172481536865234,35.75581359863281,36.15310287475586,814145
2012-04-10,36.230621337890625,36.42441940307617,35.72674560546875,35.77519226074219,749026
2012-04-11,36.046512603759766,36.54069900512695,35.95930099487305,36.511627197265625,700728
2012-04-12,36.453487396240234,36.656978607177734,36.356590270996094,36.569766998291016,665537
2012-04-13,36.472869873046875,36.879844665527344,36.33720779418945,36.34689712524414,636538
2012-04-16,36.60852813720703,37.04457473754883,36.453487396240234,36.86046600341797,757075
2012-04-17,37.08333206176758,37.25775146484375,36.812015533447266,37.04457473754883,611254
2012-04-18,36.996124267578125,37.180233001708984,36.879844665527344,36.89922332763672,500726
2012-04-19,36.879844665527344,37.25775146484375,36.72480773925781,36.80232620239258,892474
2012-04-20,36.98643493652344,37.56782913208008,36.937984466552734,37.43217086791992,618478
2012-04-23,37.180233001708984,37.3449592590332,37.0155029296875,37.32558059692383,609499
2012-04-24,37.393409729003906,37.85852813720703,37.38372039794922,37.79069900512695,655526
2012-04-25,38.003875732421875,38.33333206176758,37.945735931396484,38.23643493652344,736745
2012-04-26,38.25581359863281,38.362403869628906,38.02325439453125,38.187984466552734,771523
2012-04-27,38.27519226074219,38.28488540649414,37.86821746826172,38.0329475402832,636847
2012-04-30,37.96511459350586,38.187984466552734,37.819766998291016,38.120155334472656,513420
2012-05-01,38.16860580444336,38.585269927978516,38.120155334472656,38.2170524597168,609086
2012-05-02,38.13953399658203,38.3139533996582,37.848838806152344,38.05232620239258,663060
2012-05-03,38.22674560546875,38.372093200683594,38.16860580444336,38.2170524597168,801348
2012-05-04,38.2170524597168,38.3139533996582,37.9844970703125,38.07170486450195,655320
2012-05-07,37.9844970703125,38.27519226074219,37.9844970703125,38.20736312866211,547992
2012-05-08,38.10077667236328,38.35271453857422,38.003875732421875,38.2170524597168,688963
2012-05-09,38.02325439453125,38.19767379760742,37.85852813720703,38.0329475402832,751606
2012-05-10,38.22674560546875,38.28488540649414,37.67441940307617,38.09108352661133,591852
2012-05-11,37.83914566040039,38.62403106689453,37.81007766723633,38.43992233276367,589685
2012-05-14,38.25581359863281,38.33333206176758,37.99418640136719,37.99418640136719,499385
2012-05-15,38.129844665527344,38.430233001708984,37.91666793823242,38.304264068603516,740047
2012-05-16,38.44961166381836,38.49806213378906,38.05232620239258,38.08139419555664,717343
2012-05-17,38.120155334472656,38.15891647338867,37.180233001708984,37.180233001708984,1016314
2012-05-18,37.10271453857422,37.47092819213867,36.82170486450195,36.84108352661133,845827
2012-05-21,36.92829513549805,37.22868347167969,36.511627197265625,37.22868347167969,795362
2012-05-22,37.3449592590332,37.58720779418945,37.20930099487305,37.52907180786133,667188
2012-05-23,37.38372039794922,37.5,36.97674560546875,37.43217086791992,417960
2012-05-24,37.5,37.703487396240234,37.10271453857422,37.52907180786133,539633
2012-05-25,37.55813980102539,37.664730072021484,37.277130126953125,37.393409729003906,414967
2012-05-29,37.664730072021484,37.9360466003418,37.5,37.906978607177734,525391
2012-05-30,37.6550407409668,37.6550407409668,36.86046600341797,36.86046600341797,604855
2012-05-31,36.937984466552734,37.461238861083984,36.72480773925781,37.14147186279297,735300
2012-06-01,36.656978607177734,37.14147186279297,36.43410873413086,36.627906799316406,998357
2012-06-04,36.72480773925781,37.04457473754883,36.4050407409668,36.598838806152344,622296
2012-06-05,36.5794563293457,37.49031066894531,36.472869873046875,37.44186019897461,738706
2012-06-06,37.71317672729492,38.546512603759766,37.59689712524414,38.546512603759766,1105891
2012-06-07,38.7984504699707,38.7984504699707,37.86821746826172,37.92635726928711,800729
2012-06-08,37.96511459350586,38.45930099487305,37.887596130371094,38.45930099487305,489787
2012-06-11,38.895347595214844,38.895347595214844,37.68410873413086,37.71317672729492,873691
2012-06-12,37.887596130371094,38.246124267578125,37.80038833618164,38.22674560546875,546754
2012-06-13,38.16860580444336,38.50775146484375,37.887596130371094,38.13953399658203,517342
2012-06-14,38.23643493652344,38.69186019897461,38.14922332763672,38.57558059692383,655114
2012-06-15,38.7015495300293,38.75968933105469,38.39147186279297,38.430233001708984,988140
2012-06-18,38.372093200683594,39.16666793823242,38.32364273071289,38.972869873046875,881122
2012-06-19,39.02131652832031,39.41860580444336,39.00193786621094,39.21511459350586,744175
2012-06-20,39.24418640136719,39.34108352661133,38.77907180786133,39.195735931396484,843454
2012-06-21,39.34108352661133,39.38953399658203,38.68217086791992,38.827518463134766,663163
2012-06-22,38.94379806518555,39.137596130371094,38.788761138916016,38.856590270996094,887726
2012-06-25,38.56589126586914,39.11821746826172,38.56589126586914,38.96317672729492,645000
2012-06-26,39.04069900512695,39.54457473754883,38.885658264160156,39.253875732421875,695981
2012-06-27,39.45736312866211,39.5155029296875,39.24418640136719,39.44767379760742,643039
2012-06-28,39.24418640136719,39.9515495300293,39.11821746826172,39.9515495300293,756869
2012-06-29,40.59108352661133,40.59108352661133,40.19379806518555,40.47480773925781,1119101
2012-07-02,40.57170486450195,40.8139533996582,40.42635726928711,40.73643493652344,607229
2012-07-03,40.69767379760742,40.9205436706543,40.63953399658203,40.78488540649414,375338
2012-07-05,40.69767379760742,40.82364273071289,40.49418640136719,40.629844665527344,478229
2012-07-06,40.46511459350586,40.79457473754883,40.45542526245117,40.79457473754883,397939
2012-07-09,40.804264068603516,40.82364273071289,40.06782913208008,40.4360466003418,1174416
2012-07-10,40.59108352661133,40.64922332763672,40.135658264160156,40.261627197265625,700728
2012-07-11,40.261627197265625,40.45542526245117,40.08720779418945,40.41666793823242,831173
2012-07-12,40.30038833618164,40.843021392822266,40.0484504699707,40.64922332763672,577817
2012-07-13,40.70736312866211,41.19186019897461,40.61046600341797,41.19186019897461,712080
2012-07-16,41.18217086791992,41.27907180786133,40.57170486450195,40.862403869628906,1016830
2012-07-17,41.01744079589844,41.085269927978516,40.629844665527344,40.988372802734375,936230
2012-07-18,40.968990325927734,41.085269927978516,40.69767379760742,40.804264068603516,576682
2012-07-19,40.91085433959961,40.97868347167969,40.106590270996094,40.406978607177734,692678
2012-07-20,40.135658264160156,40.39728546142578,40.08720779418945,40.24224853515625,577610
2012-07-23,39.75775146484375,40.59108352661133,39.72868347167969,40.36821746826172,542006
2012-07-24,40.387596130371094,40.58139419555664,40.1550407409668,40.4360466003418,633751
2012-07-25,40.46511459350586,40.5329475402832,40.1550407409668,40.36821746826172,444482
2012-07-26,40.69767379760742,40.70736312866211,39.2344970703125,39.64147186279297,1036438
2012-07-27,39.94186019897461,40.12596893310547,39.57364273071289,40.00968933105469,703514
2012-07-30,39.91279220581055,40.135658264160156,39.74806213378906,39.94186019897461,585350
2012-07-31,40.02907180786133,40.12596893310547,39.796512603759766,39.922481536865234,499901
2012-08-01,40.12596893310547,40.21317672729492,39.60271453857422,39.68992233276367,506506
2012-08-02,39.58333206176758,39.99031066894531,39.4670524597168,39.94186019897461,459343
2012-08-03,40.23255920410156,40.503875732421875,40.00968933105469,40.12596893310547,472966
2012-08-06,40.164730072021484,40.261627197265625,39.8449592590332,39.87403106689453,414554
2012-08-07,40.0,40.0,39.379844665527344,39.48643493652344,596083
2012-08-08,39.5155029296875,39.64147186279297,39.34108352661133,39.593021392822266,536537
2012-08-09,39.6705436706543,39.6705436706543,39.20542526245117,39.253875732421875,756972
2012-08-10,39.21511459350586,39.41860580444336,39.011627197265625,39.32170486450195,798871
2012-08-13,39.26356506347656,39.54457473754883,39.17635726928711,39.33139419555664,614762
2012-08-14,39.34108352661133,39.5155029296875,39.195735931396484,39.40891647338867,602275
2012-08-15,39.35077667236328,39.52519226074219,39.27325439453125,39.34108352661133,649954
2012-08-16,39.5155029296875,40.503875732421875,39.40891647338867,40.25193786621094,1541705
2012-08-17,40.164730072021484,40.64922332763672,40.164730072021484,40.42635726928711,904548
2012-08-20,40.503875732421875,40.930233001708984,40.36821746826172,40.67829513549805,1189896
2012-08-21,40.67829513549805,40.82364273071289,40.41666793823242,40.55232620239258,959966
2012-08-22,40.47480773925781,40.629844665527344,40.12596893310547,40.60077667236328,792886
2012-08-23,40.4844970703125,40.72674560546875,40.35852813720703,40.54263687133789,698767
2012-08-24,40.61046600341797,41.13372039794922,40.58139419555664,41.03682327270508,915694
2012-08-27,41.046512603759766,41.211238861083984,40.70736312866211,40.99806213378906,643452
2012-08-28,40.93992233276367,41.627906799316406,40.901161193847656,41.627906799316406,1121784
2012-08-29,41.5794563293457,41.61821746826172,41.18217086791992,41.327518463134766,817241
2012-08-30,41.19186019897461,41.211238861083984,40.7170524597168,40.95930099487305,873382
2012-08-31,41.143409729003906,41.230621337890625,40.47480773925781,40.82364273071289,4871143
2012-09-04,40.746124267578125,41.4050407409668,40.47480773925781,41.395347595214844,1113528
2012-09-05,41.414730072021484,41.472869873046875,40.8139533996582,41.16279220581055,828799
2012-09-06,42.6550407409668,42.848838806152344,40.746124267578125,40.901161193847656,7586645
2012-09-07,40.843021392822266,41.879844665527344,40.78488540649414,41.453487396240234,1869984
2012-09-10,41.34689712524414,41.49224853515625,41.085269927978516,41.19186019897461,1133033
2012-09-11,41.230621337890625,41.414730072021484,40.843021392822266,40.94961166381836,1092682
2012-09-12,40.95930099487305,41.13372039794922,40.57170486450195,40.70736312866211,1065746
2012-09-13,41.01744079589844,41.19186019897461,40.69767379760742,40.83333206176758,1274726
2012-09-14,40.843021392822266,41.16279220581055,40.75581359863281,40.89147186279297,1143146
2012-09-17,40.901161193847656,41.211238861083984,40.85271453857422,40.85271453857422,744072
2012-09-18,41.00775146484375,41.01744079589844,40.4844970703125,40.52325439453125,894434
2012-09-19,40.58139419555664,40.79457473754883,40.24224853515625,40.24224853515625,917035
2012-09-20,40.135658264160156,40.17441940307617,39.796512603759766,39.91279220581055,823226
2012-09-21,40.09689712524414,40.135658264160156,39.796512603759766,39.88372039794922,1539641
2012-09-24,39.88372039794922,40.387596130371094,39.81589126586914,40.12596893310547,1349856
2012-09-25,40.12596893310547,40.36821746826172,39.52519226074219,39.57364273071289,1284634
2012-09-26,39.53488540649414,39.738372802734375,39.098838806152344,39.36046600341797,1216625
2012-09-27,39.42829513549805,39.63178253173828,39.30232620239258,39.45736312866211,854186
2012-09-28,39.45736312866211,39.82558059692383,39.24418640136719,39.622093200683594,1260382
2012-10-01,39.796512603759766,39.854652404785156,39.10852813720703,39.496124267578125,1202280
2012-10-02,39.593021392822266,39.82558059692383,39.48643493652344,39.81589126586914,861720
2012-10-03,40.02907180786133,40.30038833618164,39.777130126953125,40.06782913208008,1083394
2012-10-04,40.18410873413086,40.29069900512695,39.76744079589844,40.019378662109375,759139
2012-10-05,40.06782913208008,40.261627197265625,39.854652404785156,39.961238861083984,742730
2012-10-08,39.961238861083984,40.00968933105469,39.6705436706543,39.82558059692383,562234
2012-10-09,39.81589126586914,40.00968933105469,39.612403869628906,39.651161193847656,459137
2012-10-10,39.835269927978516,40.08720779418945,39.680233001708984,39.854652404785156,589788
2012-10-11,40.05813980102539,40.12596893310547,39.718990325927734,39.76744079589844,691234
2012-10-12,39.72868347167969,40.0,39.622093200683594,39.72868347167969,484214
2012-10-15,40.145347595214844,40.406978607177734,39.777130126953125,40.1550407409668,1060586
2012-10-16,40.261627197265625,40.33914566040039,39.93217086791992,40.0484504699707,926117
2012-10-17,39.980621337890625,40.08720779418945,39.50581359863281,39.864341735839844,895466
2012-10-18,39.91279220581055,40.19379806518555,39.87403106689453,40.0484504699707,697632
2012-10-19,40.038761138916016,40.18410873413086,39.6705436706543,39.6705436706543,811565
2012-10-22,39.6705436706543,39.81589126586914,39.48643493652344,39.6705436706543,567187
2012-10-23,39.50581359863281,39.718990325927734,39.127906799316406,39.370155334472656,683494
2012-10-24,39.38953399658203,39.5639533996582,39.26356506347656,39.48643493652344,629210
2012-10-25,39.5155029296875,39.612403869628906,38.81782913208008,38.93410873413086,869770
2012-10-26,38.92441940307617,38.92441940307617,37.606590270996094,38.38178253173828,1414975
2012-10-31,38.362403869628906,38.55620193481445,37.71317672729492,38.05232620239258,1308576
2012-11-01,37.945735931396484,38.604652404785156,37.635658264160156,38.33333206176758,1285769
2012-11-02,38.49806213378906,38.55620193481445,38.15891647338867,38.23643493652344,1016830
2012-11-05,38.39147186279297,38.401161193847656,37.92635726928711,38.062015533447266,824155
2012-11-06,38.246124267578125,38.246124267578125,37.887596130371094,38.09108352661133,636847
2012-11-07,37.887596130371094,38.062015533447266,37.50968933105469,37.62596893310547,1055839
2012-11-08,37.59689712524414,37.62596893310547,37.3449592590332,37.40310287475586,1063373
2012-11-09,37.218990325927734,37.461238861083984,36.77325439453125,37.20930099487305,871008
2012-11-12,37.218990325927734,37.26744079589844,36.82170486450195,36.84108352661133,555835
2012-11-13,36.61821746826172,36.97674560546875,36.385658264160156,36.66666793823242,731069
2012-11-14,36.55038833618164,36.812015533447266,36.172481536865234,36.2984504699707,1184117
2012-11-15,36.288761138916016,36.82170486450195,36.211238861083984,36.33720779418945,1358731
2012-11-16,36.34689712524414,37.37403106689453,36.34689712524414,37.20930099487305,1223333
2012-11-19,37.5,37.55813980102539,37.0155029296875,37.22868347167969,983393
2012-11-20,37.393409729003906,38.08139419555664,37.32558059692383,38.08139419555664,1085664
2012-11-21,38.22674560546875,38.39147186279297,37.635658264160156,38.16860580444336,882566
2012-11-23,38.33333206176758,38.468990325927734,37.945735931396484,38.11046600341797,338393
2012-11-26,38.062015533447266,38.4205436706543,37.85852813720703,38.28488540649414,879367
2012-11-27,38.10077667236328,38.32364273071289,37.6550407409668,38.22674560546875,1208162
2012-11-28,38.003875732421875,38.304264068603516,37.91666793823242,38.09108352661133,864610
2012-11-29,38.14922332763672,38.25581359863281,37.71317672729492,38.120155334472656,1243354
2012-11-30,38.14922332763672,39.41860580444336,38.09108352661133,39.41860580444336,3626035
2012-12-03,39.312015533447266,39.40891647338867,38.827518463134766,39.00193786621094,1238606
2012-12-04,38.885658264160156,39.20542526245117,38.885658264160156,39.0794563293457,583080
2012-12-05,39.16666793823242,39.21511459350586,38.81782913208008,38.92441940307617,616001
2012-12-06,38.92441940307617,39.40891647338867,38.9050407409668,39.39922332763672,896808
2012-12-07,39.35077667236328,39.52519226074219,39.30232620239258,39.379844665527344,847891
2012-12-10,39.32170486450195,39.58333206176758,39.16666793823242,39.30232620239258,774310
2012-12-11,39.41860580444336,39.52519226074219,39.17635726928711,39.312015533447266,779470
2012-12-12,39.32170486450195,39.48643493652344,39.05038833618164,39.098838806152344,892267
2012-12-13,39.11821746826172,39.30232620239258,38.9050407409668,39.031009674072266,700006
2012-12-14,39.02131652832031,39.22480773925781,38.98255920410156,39.10852813720703,487414
2012-12-17,39.2344970703125,39.58333206176758,38.885658264160156,39.52519226074219,745207
2012-12-18,39.554264068603516,39.70930099487305,39.36046600341797,39.68992233276367,672658
2012-12-19,39.78682327270508,39.78682327270508,39.32170486450195,39.35077667236328,944074
2012-12-20,39.593021392822266,39.74806213378906,39.38953399658203,39.612403869628906,1026221
2012-12-21,39.437984466552734,39.81589126586914,39.32170486450195,39.44767379760742,1507855
2012-12-24,39.44767379760742,39.76744079589844,39.40891647338867,39.496124267578125,479983
2012-12-26,39.48643493652344,39.738372802734375,39.098838806152344,39.33139419555664,836746
2012-12-27,39.36046600341797,39.48643493652344,39.02131652832031,39.29263687133789,670490
2012-12-28,39.05038833618164,39.33139419555664,38.87596893310547,38.895347595214844,443966
2012-12-31,38.84689712524414,39.1860466003418,38.75968933105469,38.96317672729492,998047
2013-01-02,39.58333206176758,39.893409729003906,39.21511459350586,39.835269927978516,998770
2013-01-03,39.87403106689453,40.06782913208008,39.612403869628906,39.718990325927734,1187213
2013-01-04,39.75775146484375,40.06782913208008,39.57364273071289,40.0484504699707,1639126
2013-01-07,40.06782913208008,40.804264068603516,39.651161193847656,40.45542526245117,2808485
2013-01-08,40.387596130371094,40.687984466552734,40.05813980102539,40.629844665527344,1453262
2013-01-09,40.746124267578125,40.95930099487305,40.47480773925781,40.91085433959961,1540363
2013-01-10,41.01744079589844,41.472869873046875,40.69767379760742,41.472869873046875,2402806
2013-01-11,41.33720779418945,41.61821746826172,41.211238861083984,41.569766998291016,2532941
2013-01-14,41.511627197265625,42.00581359863281,41.472869873046875,41.879844665527344,1542427
2013-01-15,41.879844665527344,42.16085433959961,41.71511459350586,41.97674560546875,1199803
2013-01-16,41.937984466552734,42.22868347167969,41.753875732421875,42.08333206176758,1053362
2013-01-17,42.19961166381836,42.69379806518555,42.112403869628906,42.55813980102539,1420445
2013-01-18,42.67441940307617,42.97480773925781,42.32558059692383,42.67441940307617,9041042
2013-01-22,42.538761138916016,42.722869873046875,42.22868347167969,42.67441940307617,1956569
2013-01-23,42.71317672729492,42.77131652832031,42.24806213378906,42.335269927978516,4275266
2013-01-24,42.335269927978516,42.664730072021484,42.16085433959961,42.3449592590332,3008796
2013-01-25,42.44186019897461,42.538761138916016,41.937984466552734,42.13178253173828,1555637
2013-01-28,42.52907180786133,42.92635726928711,42.40310287475586,42.77131652832031,2435004
2013-01-29,42.75193786621094,42.77131652832031,42.054264068603516,42.218990325927734,2257603
2013-01-30,42.10271453857422,42.50968933105469,41.870155334472656,42.20930099487305,2257810
2013-01-31,42.14147186279297,42.364341735839844,41.870155334472656,42.32558059692383,1463273
2013-02-01,42.37403106689453,42.480621337890625,41.9670524597168,42.054264068603516,1110742
2013-02-04,41.996124267578125,42.277130126953125,41.9670524597168,42.07364273071289,1154189
2013-02-05,42.18992233276367,42.296512603759766,41.95736312866211,42.112403869628906,1086696
2013-02-06,42.10271453857422,42.393409729003906,42.0639533996582,42.112403869628906,1122197
2013-02-07,42.238372802734375,42.238372802734375,41.90891647338867,42.14147186279297,984734
2013-02-08,42.1705436706543,42.19961166381836,41.83139419555664,41.86046600341797,1426637
2013-02-11,42.02519226074219,42.32558059692383,41.88953399658203,42.277130126953125,1321579
2013-02-12,42.3449592590332,43.120155334472656,42.22868347167969,43.120155334472656,1970604
2013-02-13,43.08139419555664,43.16860580444336,42.83914566040039,43.16860580444336,1350888
2013-02-14,42.9360466003418,43.0329475402832,42.6550407409668,42.91666793823242,910946
2013-02-15,43.003875732421875,43.120155334472656,42.877906799316406,43.08139419555664,973073
2013-02-19,43.39147186279297,43.604652404785156,43.14922332763672,43.3139533996582,1782677
2013-02-20,43.38178253173828,43.488372802734375,43.07170486450195,43.22674560546875,1302590
2013-02-21,43.3139533996582,43.43992233276367,42.71317672729492,42.92635726928711,1311053
2013-02-22,42.906978607177734,43.15891647338867,42.83914566040039,43.09108352661133,848717
2013-02-25,43.129844665527344,43.27519226074219,42.89728546142578,42.9844970703125,1525399
2013-02-26,43.15891647338867,43.527130126953125,42.877906799316406,43.50775146484375,1409196
2013-02-27,43.120155334472656,44.06007766723633,43.01356506347656,43.972869873046875,1390207
2013-02-28,44.011627197265625,44.437984466552734,43.96317672729492,44.2344970703125,2245735
2013-03-01,44.0794563293457,44.45736312866211,43.7984504699707,44.36046600341797,1416936
2013-03-04,44.26356506347656,44.69961166381836,44.11821746826172,44.6705436706543,1127563
2013-03-05,44.93217086791992,45.203487396240234,44.75775146484375,45.17441940307617,1830046
2013-03-06,43.953487396240234,44.64147186279297,43.94379806518555,44.622093200683594,18175481
2013-03-07,44.47674560546875,44.622093200683594,44.36046600341797,44.58333206176758,3760402
2013-03-08,44.612403869628906,44.612403869628906,43.98255920410156,44.47674560546875,2568751
2013-03-11,44.34108352661133,44.34108352661133,43.32364273071289,43.66279220581055,2289079
2013-03-12,43.68217086791992,43.730621337890625,43.16860580444336,43.28488540649414,1832522
2013-03-13,43.362403869628906,43.47868347167969,42.877906799316406,43.062015533447266,2214569
2013-03-14,43.20736312866211,43.45930099487305,43.13953399658203,43.372093200683594,1464305
2013-03-15,43.38178253173828,43.43992233276367,43.04263687133789,43.35271453857422,2402599
2013-03-18,43.09108352661133,43.23643493652344,42.89728546142578,43.062015533447266,1715803
2013-03-19,42.97480773925781,43.13953399658203,42.30620193481445,42.68410873413086,1910232
2013-03-20,42.69379806518555,42.877906799316406,42.364341735839844,42.71317672729492,1506823
2013-03-21,42.6550407409668,43.01356506347656,42.635658264160156,42.761627197265625,1202280
2013-03-22,42.89728546142578,43.120155334472656,42.86821746826172,43.08139419555664,1104653
2013-03-25,43.04263687133789,43.304264068603516,42.645347595214844,42.83914566040039,1444697
2013-03-26,43.120155334472656,43.546512603759766,42.9360466003418,43.546512603759766,2290834
2013-03-27,43.41085433959961,43.63372039794922,43.25581359863281,43.604652404785156,1519517
2013-03-28,43.4205436706543,43.96317672729492,43.362403869628906,43.94379806518555,2509514
2013-04-01,43.895347595214844,44.156978607177734,43.50775146484375,44.156978607177734,1292167
2013-04-02,44.27325439453125,44.33139419555664,44.069766998291016,44.33139419555664,1809922
2013-04-03,44.33139419555664,44.379844665527344,43.93410873413086,44.1860466003418,1820448
2013-04-04,44.30232620239258,44.48643493652344,44.137596130371094,44.45736312866211,1161413
2013-04-05,44.10852813720703,44.612403869628906,43.98255920410156,44.60271453857422,1483810
2013-04-08,44.622093200683594,44.961238861083984,44.53488540649414,44.961238861083984,1775762
2013-04-09,44.961238861083984,45.18410873413086,44.68992233276367,45.019378662109375,1635823
2013-04-10,45.203487396240234,45.445735931396484,45.09689712524414,45.348838806152344,1603625
2013-04-11,45.387596130371094,46.22092819213867,45.348838806152344,46.22092819213867,3214577
2013-04-12,46.0949592590332,46.25,45.9205436706543,46.25,1516524
2013-04-15,46.172481536865234,46.49224853515625,45.41666793823242,45.41666793823242,1657082
2013-04-16,45.61046600341797,46.43410873413086,45.377906799316406,46.4050407409668,1527773
2013-04-17,46.19186019897461,46.22092819213867,45.843021392822266,46.15310287475586,1112496
2013-04-18,46.22092819213867,46.627906799316406,45.99806213378906,46.60852813720703,1200010
2013-04-19,46.66666793823242,47.480621337890625,46.54069900512695,47.480621337890625,1272766
2013-04-22,47.480621337890625,47.61627960205078,47.0639533996582,47.606590270996094,1335408
2013-04-23,47.69379806518555,48.0329475402832,47.606590270996094,47.906978607177734,1007335
2013-04-24,47.69379806518555,47.8294563293457,47.5484504699707,47.75193786621094,1270805
2013-04-25,47.887596130371094,48.41085433959961,47.296512603759766,47.97480773925781,1451714
2013-04-26,47.703487396240234,48.44961166381836,47.703487396240234,48.129844665527344,1206098
2013-04-29,48.23643493652344,48.827518463134766,48.11046600341797,48.788761138916016,1442530
2013-04-30,48.68217086791992,49.38953399658203,48.585269927978516,49.38953399658203,1560797
2013-05-01,49.30232620239258,49.38953399658203,48.9050407409668,49.04069900512695,924053
2013-05-02,49.10852813720703,49.75775146484375,49.04069900512695,49.50581359863281,1055736
2013-05-03,49.87403106689453,50.17441940307617,49.52519226074219,50.17441940307617,1021680
2013-05-06,49.99031066894531,50.23255920410156,49.69961166381836,50.05813980102539,1021680
2013-05-07,50.23255920410156,50.4360466003418,50.038761138916016,50.41666793823242,922402
2013-05-08,50.387596130371094,50.9205436706543,50.3294563293457,50.85271453857422,1057594
2013-05-09,51.00775146484375,51.00775146484375,50.47480773925781,50.57170486450195,1054601
2013-05-10,50.58139419555664,50.93992233276367,50.49418640136719,50.59108352661133,1430146
2013-05-13,50.69767379760742,51.70542526245117,50.69767379760742,51.64728546142578,1695576
2013-05-14,51.46317672729492,51.95736312866211,51.453487396240234,51.656978607177734,1833451
2013-05-15,51.74418640136719,52.55813980102539,51.44379806518555,52.55813980102539,1171010
2013-05-16,52.58720779418945,52.91666793823242,52.20930099487305,52.335269927978516,1233240
2013-05-17,52.480621337890625,53.38178253173828,52.238372802734375,53.38178253173828,3865459
2013-05-20,53.27519226074219,53.27519226074219,52.73255920410156,53.02325439453125,1175551
2013-05-21,53.02325439453125,53.53682327270508,53.02325439453125,53.32364273071289,1074725
2013-05-22,53.28488540649414,53.75968933105469,50.42635726928711,50.78488540649414,3203431
2013-05-23,49.777130126953125,49.893409729003906,47.819766998291016,49.06007766723633,3881249
2013-05-24,48.468990325927734,48.93410873413086,47.8294563293457,48.129844665527344,2265137
2013-05-28,48.50775146484375,48.827518463134766,47.02519226074219,47.277130126953125,2512920
2013-05-29,46.89922332763672,46.89922332763672,44.41860580444336,45.95930099487305,3931610
2013-05-30,45.88178253173828,46.4050407409668,44.961238861083984,45.203487396240234,2311267
2013-05-31,45.05813980102539,45.42635726928711,44.04069900512695,44.04069900512695,2642230
2013-06-03,43.972869873046875,44.4670524597168,43.14922332763672,43.23643493652344,3603331
2013-06-04,43.33333206176758,43.50775146484375,42.00581359863281,42.07364273071289,3256166
2013-06-05,41.91860580444336,42.68410873413086,41.90891647338867,42.37403106689453,3176599
2013-06-06,42.37403106689453,44.14728546142578,42.151161193847656,44.00193786621094,2861220
2013-06-07,44.08914566040039,44.11821746826172,42.61627960205078,43.43992233276367,2279791
2013-06-10,43.45930099487305,43.53682327270508,42.80038833618164,42.99418640136719,1973390
2013-06-11,42.703487396240234,43.09108352661133,41.85077667236328,42.335269927978516,2219832
2013-06-12,42.67441940307617,42.67441940307617,41.49224853515625,41.753875732421875,1979892
2013-06-13,41.753875732421875,42.945735931396484,41.67635726928711,42.73255920410156,2730466
2013-06-14,42.80038833618164,44.031009674072266,42.67441940307617,43.53682327270508,2789496
2013-06-17,43.84689712524414,44.02131652832031,42.606590270996094,42.89728546142578,2131183
2013-06-18,43.062015533447266,43.604652404785156,42.354652404785156,43.29457473754883,1876382
2013-06-19,43.41085433959961,43.56589126586914,41.80232620239258,42.10271453857422,2454096
2013-06-20,41.67635726928711,41.74418640136719,39.47674560546875,39.74806213378906,3863395
2013-06-21,40.0,40.33914566040039,39.098838806152344,39.5639533996582,5904072
2013-06-24,39.39922332763672,40.42635726928711,38.5949592590332,39.52519226074219,3754622
2013-06-25,39.68992233276367,40.19379806518555,39.34108352661133,40.0,2529742
2013-06-26,40.39728546142578,40.687984466552734,40.0484504699707,40.5329475402832,2503426
2013-06-27,40.70736312866211,41.42441940307617,40.70736312866211,40.968990325927734,2260390
2013-06-28,41.046512603759766,41.0949592590332,40.35852813720703,40.620155334472656,2665862
2013-07-01,40.82364273071289,41.12403106689453,40.377906799316406,40.55232620239258,1625710
2013-07-02,40.687984466552734,42.054264068603516,40.562015533447266,41.88953399658203,3967937
2013-07-03,41.91860580444336,42.24806213378906,41.07558059692383,42.0155029296875,3001778
2013-07-05,42.0155029296875,42.0155029296875,40.36821746826172,41.33720779418945,2177107
2013-07-08,41.2984504699707,41.870155334472656,41.172481536865234,41.327518463134766,3563393
2013-07-09,41.637596130371094,41.996124267578125,41.50193786621094,41.97674560546875,3225619
2013-07-10,42.1705436706543,42.24806213378906,41.72480773925781,41.85077667236328,4240178
2013-07-11,42.43217086791992,43.29457473754883,42.41279220581055,43.187984466552734,1882781
2013-07-12,43.2655029296875,43.51744079589844,42.97480773925781,43.44961166381836,1358422
2013-07-15,43.643409729003906,43.93410873413086,43.45930099487305,43.788761138916016,1339949
2013-07-16,43.75,44.00193786621094,43.4205436706543,43.80813980102539,1497019
2013-07-17,44.011627197265625,44.2829475402832,43.769378662109375,44.11821746826172,1199184
2013-07-18,44.24418640136719,44.57364273071289,44.10852813720703,44.50581359863281,1238710
2013-07-19,44.47674560546875,44.50581359863281,43.9050407409668,43.92441940307617,1645111
2013-07-22,44.011627197265625,44.54457473754883,43.80813980102539,44.54457473754883,1410950
2013-07-23,44.54457473754883,44.622093200683594,44.02131652832031,44.35077667236328,1595575
2013-07-24,44.35077667236328,44.41860580444336,42.8294563293457,43.0329475402832,1753368
2013-07-25,43.120155334472656,43.45930099487305,42.83914566040039,42.9844970703125,1537990
2013-07-26,42.877906799316406,43.2655029296875,42.68410873413086,42.92635726928711,1862450
2013-07-29,42.97480773925781,43.2655029296875,42.97480773925781,43.11046600341797,1887631
2013-07-30,43.3139533996582,43.7015495300293,42.81007766723633,42.8294563293457,1091753
2013-07-31,42.9360466003418,43.09108352661133,41.71511459350586,42.0639533996582,1961316
2013-08-01,42.461238861083984,42.6550407409668,41.48255920410156,41.49224853515625,2746255
2013-08-02,41.511627197265625,42.00581359863281,41.511627197265625,41.83139419555664,1482984
2013-08-05,41.84108352661133,42.00581359863281,41.18217086791992,41.2984504699707,1425914
2013-08-06,41.22092819213867,41.56007766723633,41.01744079589844,41.27907180786133,1669054
2013-08-07,41.104652404785156,41.66666793823242,40.93992233276367,41.55038833618164,1230144
2013-08-08,41.82170486450195,41.82170486450195,41.18217086791992,41.67635726928711,993816
2013-08-09,41.569766998291016,42.519378662109375,41.54069900512695,42.151161193847656,1096810
2013-08-12,42.093021392822266,42.14147186279297,41.511627197265625,41.66666793823242,1400837
2013-08-13,41.80232620239258,41.80232620239258,40.55232620239258,40.7655029296875,1816423
2013-08-14,40.7655029296875,41.01744079589844,40.49418640136719,40.54263687133789,1550683
2013-08-15,40.261627197265625,40.35852813720703,39.36046600341797,39.91279220581055,2052545
2013-08-16,39.893409729003906,39.91279220581055,38.66279220581055,38.856590270996094,2353889
2013-08-19,38.856590270996094,38.856590270996094,38.062015533447266,38.07170486450195,2256778
2013-08-20,38.187984466552734,39.496124267578125,38.07170486450195,38.953487396240234,3040169
2013-08-21,38.98255920410156,39.5639533996582,38.66279220581055,38.84689712524414,2218697
2013-08-22,39.031009674072266,39.35077667236328,38.87596893310547,39.011627197265625,2152236
2013-08-23,39.34108352661133,39.680233001708984,39.011627197265625,39.41860580444336,2430670
2013-08-26,39.41860580444336,39.45736312866211,38.885658264160156,38.953487396240234,1356048
2013-08-27,38.788761138916016,39.137596130371094,38.75,38.788761138916016,1346966
2013-08-28,38.83720779418945,38.953487396240234,38.2655029296875,38.35271453857422,1478030
2013-08-29,38.28488540649414,38.69186019897461,37.99418640136719,38.53682327270508,1189070
2013-08-30,38.62403106689453,38.75,38.13953399658203,38.27519226074219,1162445
2013-09-03,38.75,38.75,37.19961166381836,37.664730072021484,2774738
2013-09-04,37.722869873046875,38.14922332763672,37.28682327270508,38.08139419555664,1295779
2013-09-05,37.99418640136719,38.01356506347656,37.461238861083984,37.5,1193198
2013-09-06,37.8294563293457,38.28488540649414,37.703487396240234,37.91666793823242,1365130
2013-09-09,38.17829513549805,38.75968933105469,38.003875732421875,38.72092819213867,1129524
2013-09-10,39.05038833618164,39.05038833618164,38.187984466552734,38.28488540649414,1467194
2013-09-11,38.362403869628906,38.49806213378906,37.8294563293457,38.32364273071289,1998158
2013-09-12,38.44961166381836,38.614341735839844,37.95542526245117,38.003875732421875,1227358
2013-09-13,38.129844665527344,38.246124267578125,37.9360466003418,37.9844970703125,1431694
2013-09-16,38.614341735839844,39.1860466003418,38.39147186279297,38.66279220581055,1531901
2013-09-17,38.614341735839844,38.87596893310547,38.43992233276367,38.47868347167969,1691035
2013-09-18,38.50775146484375,39.58333206176758,38.0329475402832,39.5155029296875,2819837
2013-09-19,39.718990325927734,40.106590270996094,39.17635726928711,39.17635726928711,2222412
2013-09-20,39.34108352661133,39.36046600341797,38.604652404785156,38.68217086791992,2510856
2013-09-23,38.730621337890625,39.031009674072266,38.343021392822266,38.401161193847656,3748534
2013-09-24,38.45930099487305,39.137596130371094,38.27519226074219,38.672481536865234,2085156
2013-09-25,38.75968933105469,39.27325439453125,38.62403106689453,39.253875732421875,2233145
2013-09-26,39.26356506347656,40.24224853515625,39.24418640136719,39.81589126586914,3832435
2013-09-27,39.63178253173828,39.64147186279297,38.9050407409668,39.011627197265625,2352134
2013-09-30,38.72092819213867,39.04069900512695,38.35271453857422,38.51744079589844,2150688
2013-10-01,38.604652404785156,39.87403106689453,38.546512603759766,39.38953399658203,3137177
2013-10-02,39.253875732421875,39.4670524597168,39.00193786621094,39.29263687133789,1549135
2013-10-03,38.98255920410156,39.14728546142578,38.372093200683594,38.57558059692383,2464416
2013-10-04,38.57558059692383,38.856590270996094,38.23643493652344,38.468990325927734,1705174
2013-10-07,38.187984466552734,38.77907180786133,38.10077667236328,38.43992233276367,903310
2013-10-08,38.53682327270508,38.65310287475586,37.887596130371094,38.04263687133789,2204146
2013-10-09,38.187984466552734,38.585269927978516,38.04263687133789,38.129844665527344,1120649
2013-10-10,38.585269927978516,39.156978607177734,38.43992233276367,39.10852813720703,1461622
2013-10-11,38.788761138916016,39.39922332763672,38.546512603759766,39.38953399658203,1280506
2013-10-14,39.22480773925781,39.57364273071289,39.05038833618164,39.52519226074219,1145314
2013-10-15,39.44767379760742,39.76744079589844,39.24418640136719,39.58333206176758,1403830
2013-10-16,39.622093200683594,40.348838806152344,39.58333206176758,40.319766998291016,1501973
2013-10-17,40.687984466552734,40.99806213378906,40.261627197265625,40.89147186279297,1261414
2013-10-18,41.13372039794922,41.288761138916016,40.35852813720703,40.562015533447266,1420238
2013-10-21,40.562015533447266,40.620155334472656,39.91279220581055,39.97092819213867,1806310
2013-10-22,39.24418640136719,39.922481536865234,39.156978607177734,39.680233001708984,11990705
2013-10-23,39.680233001708984,40.17441940307617,39.4670524597168,40.17441940307617,4907882
2013-10-24,40.135658264160156,40.39728546142578,39.80620193481445,40.25193786621094,2822623
2013-10-25,40.348838806152344,41.656978607177734,40.222869873046875,41.64728546142578,2980106
2013-10-28,41.66666793823242,41.870155334472656,41.327518463134766,41.7344970703125,2230565
2013-10-29,41.695735931396484,41.72480773925781,41.327518463134766,41.637596130371094,2414570
2013-10-30,41.56007766723633,41.6860466003418,41.2015495300293,41.2984504699707,2194548
2013-10-31,41.25,41.269378662109375,40.135658264160156,40.35852813720703,2524169
2013-11-01,40.41666793823242,40.73643493652344,40.21317672729492,40.64922332763672,1887425
2013-11-04,40.64922332763672,40.83333206176758,40.1550407409668,40.55232620239258,1631179
2013-11-05,40.45542526245117,40.7170524597168,40.1550407409668,40.164730072021484,1865650
2013-11-06,40.25193786621094,40.8139533996582,40.21317672729492,40.59108352661133,1540466
2013-11-07,40.7170524597168,40.78488540649414,40.077518463134766,40.08720779418945,1593924
2013-11-08,39.87403106689453,39.87403106689453,38.672481536865234,38.81782913208008,2413229
2013-11-11,38.92441940307617,39.1860466003418,38.72092819213867,38.81782913208008,1511674
2013-11-12,38.94379806518555,38.94379806518555,38.14922332763672,38.66279220581055,2788361
2013-11-13,38.56589126586914,39.00193786621094,38.47868347167969,38.856590270996094,1466575
2013-11-14,39.031009674072266,39.612403869628906,39.00193786621094,39.312015533447266,1141908
2013-11-15,39.38953399658203,39.66085433959961,39.24418640136719,39.554264068603516,1286285
2013-11-18,39.622093200683594,39.66085433959961,38.84689712524414,38.9050407409668,1314252
2013-11-19,38.914730072021484,39.127906799316406,38.50775146484375,38.50775146484375,1649033
2013-11-20,38.546512603759766,38.63372039794922,37.5484504699707,37.69379806518555,2854615
2013-11-21,37.80038833618164,37.95542526245117,37.4515495300293,37.703487396240234,2037994
2013-11-22,37.781009674072266,37.86821746826172,37.43217086791992,37.577518463134766,1714668
2013-11-25,37.74224853515625,37.75193786621094,37.0639533996582,37.093021392822266,2503632
2013-11-26,36.98643493652344,37.31589126586914,36.695735931396484,36.70542526245117,8468179
2013-11-27,36.70542526245117,37.31589126586914,36.70542526245117,37.14147186279297,2290524
2013-11-29,37.22868347167969,37.296512603759766,36.84108352661133,36.92829513549805,875342
2013-12-02,36.91860580444336,37.054264068603516,36.627906799316406,36.6860466003418,2227985
2013-12-03,36.5794563293457,36.695735931396484,36.385658264160156,36.43410873413086,1523335
2013-12-04,36.2984504699707,36.34689712524414,35.61046600341797,35.72674560546875,2742024
2013-12-05,35.65891647338867,35.88178253173828,35.445735931396484,35.54263687133789,2459772
2013-12-06,35.70736312866211,36.0949592590332,35.60077667236328,35.930233001708984,2157086
2013-12-09,35.94961166381836,36.211238861083984,35.79457473754883,36.172481536865234,2000635
2013-12-10,36.19186019897461,36.42441940307617,36.172481536865234,36.2984504699707,2092999
2013-12-11,36.453487396240234,36.48255920410156,35.77519226074219,35.804264068603516,2644397
2013-12-12,35.843021392822266,36.027130126953125,35.5329475402832,36.027130126953125,3180727
2013-12-13,36.0949592590332,37.112403869628906,36.07558059692383,37.0639533996582,3430884
2013-12-16,37.354652404785156,37.49031066894531,37.00581359863281,37.02519226074219,2693520
2013-12-17,37.03488540649414,37.8294563293457,36.9670524597168,37.80038833618164,3128611
2013-12-18,37.945735931396484,38.643409729003906,37.335269927978516,38.49806213378906,3201470
2013-12-19,38.43992233276367,38.468990325927734,36.598838806152344,36.86046600341797,3738626
2013-12-20,36.83139419555664,36.95736312866211,36.43410873413086,36.472869873046875,4010146
2013-12-23,36.71511459350586,36.9670524597168,36.5794563293457,36.66666793823242,1819726
2013-12-24,36.70542526245117,37.093021392822266,36.627906799316406,36.94767379760742,902174
2013-12-26,37.13178253173828,37.30620193481445,36.80232620239258,36.94767379760742,1476173
2013-12-27,36.90891647338867,36.94767379760742,36.48255920410156,36.6860466003418,1225397
2013-12-30,36.656978607177734,36.6860466003418,36.269378662109375,36.33720779418945,1866785
2013-12-31,36.2984504699707,36.5794563293457,36.12403106689453,36.172481536865234,1898261
2014-01-02,36.22092819213867,36.25,35.862403869628906,36.19186019897461,1684327
2014-01-03,36.269378662109375,36.637596130371094,36.25968933105469,36.56007766723633,1269876
2014-01-06,36.79263687133789,36.870155334472656,36.44379806518555,36.753875732421875,1957291
2014-01-07,37.093021392822266,37.16085433959961,36.753875732421875,36.937984466552734,2088768
2014-01-08,36.937984466552734,36.95736312866211,36.34689712524414,36.511627197265625,1867610
2014-01-09,36.52131652832031,36.64728546142578,36.143409729003906,36.60852813720703,1553986
2014-01-10,36.70542526245117,37.461238861083984,36.54069900512695,37.364341735839844,2511578
2014-01-13,37.335269927978516,37.4515495300293,36.9670524597168,37.10271453857422,1555327
2014-01-14,37.180233001708984,37.62596893310547,37.10271453857422,37.49031066894531,1346141
2014-01-15,37.635658264160156,37.79069900512695,37.49031066894531,37.56782913208008,1411054
2014-01-16,37.41279220581055,37.5484504699707,37.238372802734375,37.364341735839844,2201462
2014-01-17,37.364341735839844,37.44186019897461,37.151161193847656,37.218990325927734,1332622
2014-01-21,37.277130126953125,38.08139419555664,37.277130126953125,38.08139419555664,1665132
2014-01-22,38.23643493652344,38.546512603759766,37.91666793823242,38.3139533996582,2411578
2014-01-23,38.3139533996582,38.35271453857422,38.05232620239258,38.3139533996582,1937064
2014-01-24,38.2655029296875,38.43992233276367,38.0329475402832,38.3139533996582,1944598
2014-01-27,38.41085433959961,38.68217086791992,38.187984466552734,38.43992233276367,2569370
2014-01-28,38.49806213378906,39.34108352661133,38.49806213378906,39.29263687133789,3227167
2014-01-29,39.05038833618164,39.34108352661133,38.96317672729492,39.2829475402832,2082473
2014-01-30,39.24418640136719,39.680233001708984,39.0794563293457,39.50581359863281,1875660
2014-01-31,39.21511459350586,39.72868347167969,38.98255920410156,39.5155029296875,1956672
2014-02-03,39.53488540649414,39.554264068603516,38.372093200683594,38.488372802734375,3438727
2014-02-04,38.468990325927734,38.75,38.04263687133789,38.68217086791992,2670816
2014-02-05,38.65310287475586,38.99224853515625,38.51744079589844,38.92441940307617,1557804
2014-02-06,38.93410873413086,39.2344970703125,38.74031066894531,39.00193786621094,1561519
2014-02-07,39.069766998291016,39.33139419555664,38.895347595214844,39.30232620239258,1454088
2014-02-10,39.35077667236328,39.81589126586914,38.96317672729492,39.718990325927734,1498361
2014-02-11,39.70930099487305,39.9515495300293,39.48643493652344,39.74806213378906,1316522
2014-02-12,39.835269927978516,40.0,39.57364273071289,39.91279220581055,1726020
2014-02-13,39.91279220581055,40.39728546142578,39.72868347167969,40.19379806518555,1515905
2014-02-14,40.18410873413086,40.620155334472656,40.135658264160156,40.42635726928711,1766784
2014-02-18,40.73643493652344,41.172481536865234,40.077518463134766,41.114341735839844,2726544
2014-02-19,41.03682327270508,41.80232620239258,40.94961166381836,41.269378662109375,2817360
2014-02-20,41.414730072021484,41.9670524597168,41.2984504699707,41.5794563293457,2442847
2014-02-21,41.67635726928711,42.1705436706543,41.569766998291016,42.0639533996582,2200534
2014-02-24,42.0639533996582,42.887596130371094,42.054264068603516,42.55813980102539,3294660
2014-02-25,42.71317672729492,43.711238861083984,42.6550407409668,43.02325439453125,3810350
2014-02-26,43.02325439453125,43.129844665527344,42.67441940307617,43.120155334472656,2373910
2014-02-27,42.4515495300293,43.14922332763672,42.40310287475586,43.04263687133789,2245426
2014-02-28,43.04263687133789,43.488372802734375,42.95542526245117,43.04263687133789,3126960
2014-03-03,42.906978607177734,43.01356506347656,42.393409729003906,42.68410873413086,1855226
2014-03-04,42.781009674072266,43.19767379760742,42.69379806518555,42.95542526245117,1526431
2014-03-05,42.9360466003418,43.10077667236328,42.180233001708984,42.296512603759766,1673491
2014-03-06,42.26744079589844,42.422481536865234,41.395347595214844,41.42441940307617,3120562
2014-03-07,41.19186019897461,41.288761138916016,40.0,40.30038833618164,3701887
2014-03-10,39.76744079589844,40.203487396240234,39.64147186279297,40.1550407409668,2624995
2014-03-11,40.30038833618164,40.7655029296875,40.281009674072266,40.57170486450195,2310545
2014-03-12,40.64922332763672,40.93992233276367,40.61046600341797,40.82364273071289,2114671
2014-03-13,40.83333206176758,41.143409729003906,40.629844665527344,41.00775146484375,2120450
2014-03-14,40.901161193847656,41.4050407409668,40.901161193847656,41.00775146484375,1480198
2014-03-17,41.2015495300293,41.46317672729492,40.95930099487305,41.12403106689453,2741302
2014-03-18,41.01744079589844,41.085269927978516,40.72674560546875,40.94961166381836,1755122
2014-03-19,40.804264068603516,41.16279220581055,39.54457473754883,39.64147186279297,2502187
2014-03-20,39.63178253173828,39.66085433959961,39.06007766723633,39.4670524597168,2403734
2014-03-21,39.593021392822266,40.06782913208008,39.36046600341797,39.82558059692383,3598894
2014-03-24,39.980621337890625,40.19379806518555,38.99224853515625,39.50581359863281,2246664
2014-03-25,39.81589126586914,40.1550407409668,39.48643493652344,39.97092819213867,1127047
2014-03-26,40.08720779418945,40.145347595214844,39.50581359863281,39.5155029296875,1651716
2014-03-27,38.49806213378906,39.53488540649414,38.39147186279297,39.53488540649414,18520788
2014-03-28,39.35077667236328,39.60271453857422,39.195735931396484,39.48643493652344,3779184
2014-03-31,39.5639533996582,39.72868347167969,39.06007766723633,39.593021392822266,3012305
2014-04-01,39.651161193847656,39.680233001708984,38.96317672729492,39.27325439453125,2654510
2014-04-02,39.24418640136719,39.72868347167969,39.14728546142578,39.44767379760742,2661425
2014-04-03,39.42829513549805,39.437984466552734,38.972869873046875,39.14728546142578,1807961
2014-04-04,39.32170486450195,39.680233001708984,39.098838806152344,39.47674560546875,2537791
2014-04-07,39.4670524597168,40.4844970703125,39.38953399658203,40.222869873046875,3693425
2014-04-08,39.82558059692383,40.66860580444336,39.80620193481445,40.620155334472656,2974224
2014-04-09,40.629844665527344,40.930233001708984,40.164730072021484,40.51356506347656,2477522
2014-04-10,40.54263687133789,40.901161193847656,39.854652404785156,40.038761138916016,1705070
2014-04-11,39.88372039794922,40.29069900512695,39.81589126586914,40.145347595214844,2221793
2014-04-14,40.25193786621094,40.42635726928711,39.94186019897461,40.145347595214844,1827156
2014-04-15,40.25193786621094,41.33720779418945,40.145347595214844,41.25,2884440
2014-04-16,41.36627960205078,41.52131652832031,40.94961166381836,41.453487396240234,1996920
2014-04-17,41.453487396240234,41.453487396240234,40.445735931396484,40.59108352661133,2112814
2014-04-21,40.620155334472656,40.85271453857422,40.42635726928711,40.629844665527344,1304242
2014-04-22,40.78488540649414,41.16279220581055,40.60077667236328,41.104652404785156,1828188
2014-04-23,41.07558059692383,41.22092819213867,40.83333206176758,40.968990325927734,1152950
2014-04-24,41.03682327270508,41.511627197265625,40.93992233276367,41.414730072021484,1508165
2014-04-25,41.327518463134766,41.76356506347656,41.30813980102539,41.56007766723633,2224682
2014-04-28,41.64728546142578,42.3449592590332,41.598838806152344,42.22868347167969,2647286
2014-04-29,42.07364273071289,42.19961166381836,41.80232620239258,42.054264068603516,1977002
2014-04-30,42.0639533996582,42.19961166381836,41.695735931396484,42.10271453857422,2639134
2014-05-01,42.25775146484375,42.26744079589844,41.22092819213867,41.870155334472656,2061523
2014-05-02,41.569766998291016,41.94767379760742,41.31782913208008,41.870155334472656,2146560
2014-05-05,41.64728546142578,42.28682327270508,41.46317672729492,42.1705436706543,1550477
2014-05-06,42.122093200683594,42.122093200683594,41.79263687133789,41.94767379760742,2262041
2014-05-07,41.92829513549805,42.86821746826172,41.86046600341797,42.83914566040039,2229430
2014-05-08,42.8294563293457,42.96511459350586,42.5,42.62596893310547,1824060
2014-05-09,42.59689712524414,42.781009674072266,42.18992233276367,42.422481536865234,1709818
2014-05-12,42.59689712524414,43.10077667236328,42.52907180786133,42.71317672729492,2432114
2014-05-13,42.761627197265625,43.08139419555664,42.16085433959961,42.32558059692383,1580198
2014-05-14,42.354652404785156,42.635658264160156,41.937984466552734,42.24806213378906,1452643
2014-05-15,42.03488540649414,42.19961166381836,41.56007766723633,41.84108352661133,2388874
2014-05-16,41.77325439453125,42.519378662109375,41.66666793823242,42.519378662109375,1487318
2014-05-19,42.38372039794922,42.52907180786133,42.13178253173828,42.31589126586914,1214767
2014-05-20,42.393409729003906,42.635658264160156,42.20930099487305,42.32558059692383,1463170
2014-05-21,42.32558059692383,42.47092819213867,41.66666793823242,42.00581359863281,2348832
2014-05-22,42.00581359863281,42.112403869628906,41.531009674072266,41.56007766723633,2369782
2014-05-23,41.70542526245117,41.97674560546875,41.511627197265625,41.598838806152344,1872358
2014-05-27,41.76356506347656,41.98643493652344,41.49224853515625,41.812015533447266,1795680
2014-05-28,41.83139419555664,42.02519226074219,41.37596893310547,41.82170486450195,2911788
2014-05-29,41.7344970703125,42.30620193481445,41.58914566040039,42.0155029296875,2122824
2014-05-30,41.97674560546875,42.180233001708984,41.80232620239258,41.95736312866211,2442950
2014-06-02,41.94767379760742,42.238372802734375,41.64728546142578,42.14147186279297,1554605
2014-06-03,41.996124267578125,42.1705436706543,41.86046600341797,41.937984466552734,1180814
2014-06-04,41.90891647338867,41.97674560546875,41.67635726928711,41.76356506347656,1208782
2014-06-05,41.86046600341797,42.79069900512695,41.76356506347656,42.74224853515625,2194238
2014-06-06,42.81007766723633,42.9360466003418,42.538761138916016,42.703487396240234,1571633
2014-06-09,42.62596893310547,42.781009674072266,41.79263687133789,41.91860580444336,1707857
2014-06-10,41.88953399658203,42.093021392822266,41.66666793823242,41.90891647338867,1502282
2014-06-11,41.89922332763672,42.112403869628906,41.77325439453125,42.093021392822266,1930253
2014-06-12,41.92829513549805,42.3449592590332,41.85077667236328,42.335269927978516,1639848
2014-06-13,42.38372039794922,42.55813980102539,42.03488540649414,42.49031066894531,2181648
2014-06-16,42.49031066894531,42.81007766723633,42.02519226074219,42.122093200683594,2436139
2014-06-17,42.093021392822266,42.5484504699707,41.9670524597168,42.32558059692383,1840469
2014-06-18,42.31589126586914,42.906978607177734,42.16085433959961,42.81007766723633,1386079
2014-06-19,42.83914566040039,43.120155334472656,42.664730072021484,43.11046600341797,1540879
2014-06-20,43.062015533447266,43.546512603759766,42.848838806152344,43.546512603759766,2497750
2014-06-23,43.50775146484375,43.585269927978516,43.08139419555664,43.11046600341797,1708579
2014-06-24,43.07170486450195,43.129844665527344,42.75193786621094,42.99418640136719,1605070
2014-06-25,42.95542526245117,43.16860580444336,42.79069900512695,42.9360466003418,1363891
2014-06-26,42.9360466003418,42.97480773925781,42.52907180786133,42.74224853515625,1714874
2014-06-27,42.56782913208008,42.9844970703125,42.37403106689453,42.848838806152344,1645008
2014-06-30,42.85852813720703,43.07170486450195,42.50968933105469,43.04263687133789,1889076
2014-07-01,43.11046600341797,43.527130126953125,42.80038833618164,43.468990325927734,2296097
2014-07-02,43.33333206176758,43.49806213378906,43.01356506347656,43.187984466552734,1618279
2014-07-03,43.15891647338867,43.15891647338867,42.61627960205078,42.85852813720703,979471
2014-07-07,42.819766998291016,43.23643493652344,42.71317672729492,43.15891647338867,1499186
2014-07-08,43.07170486450195,43.57558059692383,42.95542526245117,43.35271453857422,1678238
2014-07-09,43.41085433959961,43.7015495300293,43.120155334472656,43.430233001708984,1579889
2014-07-10,43.07170486450195,43.827518463134766,43.05232620239258,43.74031066894531,1508784
2014-07-11,43.74031066894531,43.7984504699707,43.401161193847656,43.711238861083984,897943
2014-07-14,43.7984504699707,44.031009674072266,43.55620193481445,43.96317672729492,1085767
2014-07-15,43.972869873046875,44.20542526245117,43.80813980102539,43.972869873046875,1354913
2014-07-16,44.011627197265625,44.05038833618164,43.56589126586914,43.86627960205078,1552334
2014-07-17,43.74031066894531,44.0794563293457,43.7015495300293,43.895347595214844,1164302
2014-07-18,43.953487396240234,44.41860580444336,43.9050407409668,44.370155334472656,1067914
2014-07-21,44.1860466003418,44.29263687133789,43.9050407409668,44.16666793823242,1111464
2014-07-22,44.20542526245117,44.2829475402832,43.80813980102539,43.83720779418945,1580611
2014-07-23,43.94379806518555,44.0794563293457,43.604652404785156,43.885658264160156,2724274
2014-07-24,44.08914566040039,44.14728546142578,42.92635726928711,43.33333206176758,2613953
2014-07-25,43.304264068603516,43.49806213378906,43.120155334472656,43.304264068603516,1214148
2014-07-28,43.2655029296875,43.7015495300293,43.2170524597168,43.38178253173828,1721892
2014-07-29,43.44961166381836,43.604652404785156,43.187984466552734,43.187984466552734,1666990
2014-07-30,43.07170486450195,43.246124267578125,41.80232620239258,42.093021392822266,2655852
2014-07-31,41.91860580444336,42.02519226074219,41.6860466003418,41.71511459350586,2170709
2014-08-01,41.64728546142578,41.812015533447266,41.44379806518555,41.64728546142578,2666482
2014-08-04,41.695735931396484,42.093021392822266,41.414730072021484,41.98643493652344,1516834
2014-08-05,41.98643493652344,42.25775146484375,41.7829475402832,41.90891647338867,1430558
2014-08-06,41.812015533447266,42.122093200683594,41.80232620239258,41.996124267578125,1296502
2014-08-07,42.02519226074219,42.26744079589844,41.937984466552734,42.19961166381836,1041082
2014-08-08,42.18992233276367,42.50968933105469,42.054264068603516,42.44186019897461,1082774
2014-08-11,42.422481536865234,42.6550407409668,42.122093200683594,42.335269927978516,1675142
2014-08-12,42.422481536865234,42.5484504699707,42.18992233276367,42.41279220581055,1391858
2014-08-13,42.56782913208008,43.19767379760742,42.55813980102539,43.17829513549805,1082981
2014-08-14,43.14922332763672,43.343021392822266,43.0329475402832,43.16860580444336,852742
2014-08-15,43.343021392822266,43.45930099487305,43.09108352661133,43.32364273071289,1254706
2014-08-18,43.362403869628906,43.74031066894531,43.22674560546875,43.72092819213867,1302281
2014-08-19,43.77907180786133,43.9050407409668,43.62403106689453,43.84689712524414,848304
2014-08-20,43.80813980102539,44.0794563293457,43.69186019897461,44.02131652832031,1063063
2014-08-21,43.914730072021484,44.21511459350586,43.84689712524414,43.99224853515625,822814
2014-08-22,43.98255920410156,44.0794563293457,43.44961166381836,43.69186019897461,1104343
2014-08-25,43.87596893310547,43.885658264160156,43.38178253173828,43.430233001708984,1146139
2014-08-26,43.430233001708984,43.53682327270508,43.28488540649414,43.372093200683594,1129730
2014-08-27,43.47868347167969,43.527130126953125,43.16860580444336,43.32364273071289,1231382
2014-08-28,43.01356506347656,43.3139533996582,42.95542526245117,43.19767379760742,918583
2014-08-29,43.15891647338867,43.362403869628906,43.09108352661133,43.33333206176758,1124983
2014-09-02,43.304264068603516,43.430233001708984,43.003875732421875,43.246124267578125,1807342
2014-09-03,43.246124267578125,43.44961166381836,43.09108352661133,43.19767379760742,1481849
2014-09-04,43.11046600341797,43.50775146484375,42.945735931396484,43.23643493652344,1915805
2014-09-05,43.2655029296875,43.953487396240234,43.15891647338867,43.94379806518555,1734173
2014-09-08,43.788761138916016,43.914730072021484,43.32364273071289,43.585269927978516,2563075
2014-09-09,43.604652404785156,43.62403106689453,42.9360466003418,43.246124267578125,1921997
2014-09-10,43.28488540649414,43.28488540649414,42.645347595214844,42.68410873413086,1679167
2014-09-11,42.635658264160156,42.81007766723633,42.238372802734375,42.393409729003906,2322206
2014-09-12,42.3449592590332,42.40310287475586,41.07558059692383,41.18217086791992,2837794
2014-09-15,41.22092819213867,41.54069900512695,40.862403869628906,41.07558059692383,1502695
2014-09-16,41.13372039794922,41.85077667236328,41.13372039794922,41.50193786621094,3043678
2014-09-17,41.569766998291016,41.86046600341797,41.19186019897461,41.22092819213867,2019418
2014-09-18,41.25,41.42441940307617,40.46511459350586,40.46511459350586,2354302
2014-09-19,40.65891647338867,40.862403869628906,40.36821746826172,40.8139533996582,2311886
2014-09-22,40.75581359863281,40.78488540649414,40.33914566040039,40.348838806152344,2029531
2014-09-23,40.29069900512695,40.41666793823242,39.78682327270508,39.835269927978516,2226643
2014-09-24,39.90310287475586,40.145347595214844,39.60271453857422,39.622093200683594,1929014
2014-09-25,39.680233001708984,39.796512603759766,39.30232620239258,39.680233001708984,1775246
2014-09-26,39.66085433959961,40.203487396240234,39.4670524597168,40.145347595214844,1393406
2014-09-29,39.718990325927734,39.864341735839844,39.4670524597168,39.82558059692383,1427669
2014-09-30,39.75775146484375,39.87403106689453,39.42829513549805,39.52519226074219,1610436
2014-10-01,39.52519226074219,39.94186019897461,39.44767379760742,39.69961166381836,2904977
2014-10-02,39.622093200683594,39.980621337890625,39.47674560546875,39.69961166381836,1682573
2014-10-03,39.893409729003906,39.922481536865234,39.496124267578125,39.82558059692383,1390104
2014-10-06,39.854652404785156,40.25193786621094,39.82558059692383,40.0,1592066
2014-10-07,39.99031066894531,40.25193786621094,39.81589126586914,39.835269927978516,1282673
2014-10-08,39.90310287475586,40.872093200683594,39.854652404785156,40.862403869628906,2335932
2014-10-09,40.9205436706543,41.695735931396484,40.89147186279297,41.43410873413086,2908898
2014-10-10,41.49224853515625,41.95736312866211,41.13372039794922,41.211238861083984,2314157
2014-10-13,41.24031066894531,41.656978607177734,40.94961166381836,41.269378662109375,2101565
2014-10-14,41.385658264160156,42.40310287475586,41.33720779418945,41.90891647338867,2638102
2014-10-15,41.77325439453125,42.61627960205078,41.67635726928711,42.41279220581055,3745025
2014-10-16,42.218990325927734,42.75193786621094,41.812015533447266,42.606590270996094,2563178
2014-10-17,42.887596130371094,42.906978607177734,42.0155029296875,42.18992233276367,1834793
2014-10-20,42.18992233276367,42.79069900512695,42.151161193847656,42.79069900512695,1232105
2014-10-21,42.89728546142578,43.15891647338867,42.635658264160156,43.062015533447266,1388762
2014-10-22,43.120155334472656,43.50775146484375,43.0329475402832,43.372093200683594,1403623
2014-10-23,43.585269927978516,43.730621337890625,43.2655029296875,43.55620193481445,2672261
2014-10-24,43.56589126586914,43.672481536865234,43.25581359863281,43.57558059692383,1306409
2014-10-27,43.585269927978516,43.92441940307617,43.51744079589844,43.856590270996094,1641706
2014-10-28,43.7984504699707,43.856590270996094,43.4205436706543,43.75,1915805
2014-10-29,43.69186019897461,44.91279220581055,43.643409729003906,44.48643493652344,7241234
2014-10-30,44.127906799316406,45.21317672729492,43.93410873413086,45.077518463134766,3950290
2014-10-31,45.21317672729492,45.31007766723633,44.22480773925781,44.60271453857422,3928514
2014-11-03,44.718990325927734,45.54263687133789,44.69961166381836,45.47480773925781,2315292
2014-11-04,45.30038833618164,46.19186019897461,45.261627197265625,46.15310287475586,2416325
2014-11-05,46.13372039794922,46.395347595214844,45.55232620239258,45.804264068603516,2209718
2014-11-06,45.804264068603516,46.0949592590332,45.281009674072266,45.406978607177734,1860799
2014-11-07,45.41666793823242,45.69767379760742,45.11627960205078,45.41666793823242,1565544
2014-11-10,45.39728546142578,45.77519226074219,45.29069900512695,45.63953399658203,1683502
2014-11-11,45.63953399658203,45.63953399658203,45.18410873413086,45.377906799316406,1380610
2014-11-12,45.45542526245117,45.45542526245117,44.70930099487305,44.90310287475586,1896816
2014-11-13,44.69961166381836,45.25193786621094,44.66085433959961,44.738372802734375,1939334
2014-11-14,44.72868347167969,44.91279220581055,44.06007766723633,44.2829475402832,2697029
2014-11-17,44.30232620239258,44.78682327270508,44.2344970703125,44.64147186279297,1885464
2014-11-18,44.68992233276367,45.02907180786133,44.612403869628906,44.680233001708984,1737062
2014-11-19,44.680233001708984,44.88372039794922,44.39922332763672,44.47674560546875,1706722
2014-11-20,44.41860580444336,44.69961166381836,44.30232620239258,44.496124267578125,1323024
2014-11-21,44.69961166381836,44.69961166381836,44.20542526245117,44.53488540649414,1291961
2014-11-24,44.6705436706543,45.05813980102539,44.63178253173828,44.87403106689453,1128389
2014-11-25,44.980621337890625,45.11627960205078,44.68992233276367,44.9515495300293,1490208
2014-11-26,44.93217086791992,45.02907180786133,44.69961166381836,44.99031066894531,1296089
2014-11-28,45.06782913208008,45.59108352661133,44.922481536865234,45.019378662109375,601140
2014-12-01,45.019378662109375,45.54263687133789,44.593021392822266,45.019378662109375,1781232
2014-12-02,44.87403106689453,45.135658264160156,44.58333206176758,45.06782913208008,1752439
2014-12-03,45.0484504699707,45.135658264160156,44.777130126953125,44.8449592590332,1042836
2014-12-04,44.90310287475586,45.0,44.60271453857422,44.72868347167969,1491962
2014-12-05,44.66085433959961,44.66085433959961,43.51744079589844,44.098838806152344,2832427
2014-12-08,44.098838806152344,44.554264068603516,43.86627960205078,44.06007766723633,2333558
2014-12-09,43.885658264160156,44.21511459350586,43.80813980102539,44.137596130371094,1594853
2014-12-10,44.14728546142578,44.52519226074219,44.011627197265625,44.312015533447266,1316213
2014-12-11,44.52519226074219,45.21317672729492,44.38953399658203,45.05813980102539,1511467
2014-12-12,45.00968933105469,45.52325439453125,44.961238861083984,45.11627960205078,1794235
2014-12-15,45.222869873046875,45.348838806152344,44.835269927978516,45.038761138916016,2180100
2014-12-16,45.05813980102539,45.281009674072266,44.53488540649414,45.11627960205078,1944288
2014-12-17,45.30038833618164,46.18217086791992,44.835269927978516,46.172481536865234,2282371
2014-12-18,46.33720779418945,46.52131652832031,46.172481536865234,46.52131652832031,1817868
2014-12-19,46.55038833618164,47.151161193847656,46.52131652832031,47.093021392822266,3640999
2014-12-22,47.07364273071289,47.761627197265625,46.97674560546875,47.73255920410156,1371941
2014-12-23,47.79069900512695,47.79069900512695,47.296512603759766,47.56782913208008,2342950
2014-12-24,47.56782913208008,48.003875732421875,47.52907180786133,47.887596130371094,1225706
2014-12-26,48.003875732421875,48.13953399658203,47.606590270996094,47.781009674072266,1333963
2014-12-29,47.79069900512695,48.0329475402832,47.664730072021484,48.0329475402832,1481952
2014-12-30,47.79069900512695,48.04263687133789,47.26744079589844,47.393409729003906,1325088
2014-12-31,47.4515495300293,47.83914566040039,46.22092819213867,46.230621337890625,1343664
2015-01-02,46.49224853515625,47.16085433959961,46.46317672729492,47.112403869628906,1265129
2015-01-05,47.0639533996582,48.16860580444336,46.76356506347656,48.08139419555664,1874318
2015-01-06,48.120155334472656,48.81782913208008,48.01356506347656,48.711238861083984,2002080
2015-01-07,48.80813980102539,50.019378662109375,48.401161193847656,49.50581359863281,2897856
2015-01-08,48.80813980102539,49.253875732421875,47.9360466003418,48.19767379760742,3847709
2015-01-09,47.6550407409668,48.86627960205078,47.6550407409668,48.769378662109375,2765554
2015-01-12,48.643409729003906,49.496124267578125,48.57558059692383,49.44767379760742,2375148
2015-01-13,49.45736312866211,49.922481536865234,49.195735931396484,49.54457473754883,2569474
2015-01-14,48.57558059692383,50.145347595214844,48.430233001708984,50.09689712524414,2798474
2015-01-15,50.00968933105469,50.69767379760742,49.99031066894531,50.59108352661133,2972676
2015-01-16,50.41666793823242,51.2015495300293,50.348838806152344,51.143409729003906,3182585
2015-01-20,51.12403106689453,51.472869873046875,50.89147186279297,51.104652404785156,2910343
2015-01-21,50.968990325927734,51.31782913208008,50.64922332763672,51.114341735839844,2185054
2015-01-22,51.22092819213867,51.5794563293457,51.13372039794922,51.54069900512695,2453683
2015-01-23,51.50193786621094,52.218990325927734,51.472869873046875,51.879844665527344,2449142
2015-01-26,52.093021392822266,53.129844665527344,52.0155029296875,53.02325439453125,3695076
2015-01-27,52.877906799316406,53.41085433959961,52.68410873413086,53.343021392822266,2943677
2015-01-28,53.401161193847656,53.81782913208008,53.19767379760742,53.39147186279297,2729950
2015-01-29,53.15891647338867,53.62403106689453,52.393409729003906,53.430233001708984,3624384
2015-01-30,53.362403869628906,53.53682327270508,52.354652404785156,52.62596893310547,10288111
2015-02-02,52.519378662109375,52.58720779418945,50.804264068603516,51.879844665527344,3319841
2015-02-03,51.598838806152344,51.70542526245117,50.94961166381836,51.64728546142578,2442434
2015-02-04,51.414730072021484,51.48255920410156,50.65891647338867,51.18217086791992,2562043
2015-02-05,51.211238861083984,51.74418640136719,51.07558059692383,51.695735931396484,1434170
2015-02-06,51.42441940307617,51.42441940307617,48.9050407409668,49.26356506347656,3691258
2015-02-09,49.137596130371094,49.738372802734375,48.7984504699707,49.57364273071289,2394653
2015-02-10,49.53488540649414,50.019378662109375,49.24418640136719,49.69961166381836,1929118
2015-02-11,49.854652404785156,50.24224853515625,49.29263687133789,49.75775146484375,1720654
2015-02-12,49.75775146484375,50.387596130371094,49.26356506347656,50.08720779418945,1885464
2015-02-13,49.9515495300293,50.445735931396484,49.437984466552734,50.39728546142578,2009820
2015-02-17,50.387596130371094,51.0949592590332,49.980621337890625,50.17441940307617,2757917
2015-02-18,50.17441940307617,51.24031066894531,49.64147186279297,51.01744079589844,2033866
2015-02-19,50.7655029296875,51.114341735839844,49.66085433959961,49.796512603759766,1858013
2015-02-20,49.777130126953125,50.52325439453125,49.52519226074219,50.35852813720703,2103113
2015-02-23,50.4844970703125,50.91085433959961,50.135658264160156,50.79457473754883,1896816
2015-02-24,50.503875732421875,50.52325439453125,49.1860466003418,49.29263687133789,2832943
2015-02-25,49.29263687133789,50.222869873046875,49.156978607177734,49.5155029296875,2361010
2015-02-26,49.33139419555664,49.54457473754883,47.85852813720703,48.2655029296875,2772262
2015-02-27,48.22674560546875,48.75,47.73255920410156,48.50775146484375,2420762
2015-03-02,48.50775146484375,49.68992233276367,48.50775146484375,49.0794563293457,1745834
2015-03-03,48.788761138916016,49.1860466003418,48.488372802734375,48.98255920410156,1192063
2015-03-04,48.86627960205078,49.253875732421875,48.730621337890625,48.77907180786133,1103414
2015-03-05,48.96317672729492,49.593021392822266,48.93410873413086,49.22480773925781,1278648
2015-03-06,48.23643493652344,48.23643493652344,46.753875732421875,47.218990325927734,3454826
2015-03-09,47.56782913208008,47.9360466003418,47.30620193481445,47.703487396240234,1497638
2015-03-10,47.74224853515625,48.0329475402832,47.56782913208008,47.74224853515625,1373386
2015-03-11,47.9360466003418,48.187984466552734,47.69379806518555,47.99418640136719,1541395
2015-03-12,48.41085433959961,49.33139419555664,48.23643493652344,48.585269927978516,1872874
2015-03-13,48.5949592590332,48.788761138916016,48.129844665527344,48.49806213378906,1257286
2015-03-16,49.06007766723633,49.312015533447266,48.72092819213867,49.031009674072266,1520239
2015-03-17,49.04069900512695,49.437984466552734,48.74031066894531,48.99224853515625,2045424
2015-03-18,49.05038833618164,50.45542526245117,48.69186019897461,50.39728546142578,1842017
2015-03-19,50.24224853515625,51.00775146484375,49.94186019897461,50.620155334472656,1629941
2015-03-20,50.8139533996582,52.054264068603516,50.66860580444336,51.98643493652344,2896411
2015-03-23,51.88953399658203,52.40310287475586,51.656978607177734,51.80232620239258,1362034
2015-03-24,51.67635726928711,51.72480773925781,50.89147186279297,50.94961166381836,1360589
2015-03-25,51.05620193481445,51.2984504699707,49.9515495300293,50.135658264160156,1270908
2015-03-26,49.90310287475586,50.39728546142578,49.496124267578125,49.66085433959961,1420445
2015-03-27,49.75775146484375,49.93217086791992,49.17635726928711,49.47674560546875,1554502
2015-03-30,50.387596130371094,50.45542526245117,49.718990325927734,50.02907180786133,3837079
2015-03-31,49.9515495300293,50.69767379760742,49.796512603759766,50.0,2094650
2015-04-01,50.019378662109375,50.319766998291016,49.48643493652344,49.88372039794922,1739126
2015-04-02,49.80620193481445,50.60077667236328,49.80620193481445,50.4360466003418,1451921
2015-04-06,50.261627197265625,51.027130126953125,48.99224853515625,48.99224853515625,41206315
2015-04-07,49.24418640136719,49.8449592590332,49.05038833618164,49.0794563293457,6003350
2015-04-08,49.24418640136719,49.437984466552734,48.81782913208008,48.99224853515625,2485262
2015-04-09,49.011627197265625,49.24418640136719,47.61627960205078,47.8294563293457,3372576
2015-04-10,48.25581359863281,48.604652404785156,47.83914566040039,47.97480773925781,1577102
2015-04-13,47.887596130371094,48.17829513549805,47.58720779418945,47.59689712524414,1498980
2015-04-14,47.77131652832031,48.56589126586914,47.77131652832031,48.39147186279297,2218387
2015-04-15,48.32364273071289,48.47868347167969,47.79069900512695,47.819766998291016,1785257
2015-04-16,47.77131652832031,48.08139419555664,47.49031066894531,47.83914566040039,980297
2015-04-17,47.99418640136719,48.23643493652344,47.38372039794922,47.73255920410156,1288349
2015-04-20,47.819766998291016,47.99418640136719,47.5484504699707,47.577518463134766,1382880
2015-04-21,47.59689712524414,48.129844665527344,47.59689712524414,47.8294563293457,1544078
2015-04-22,47.81007766723633,48.304264068603516,47.77131652832031,47.9844970703125,1233653
2015-04-23,47.877906799316406,48.07170486450195,47.67441940307617,47.85852813720703,992887
2015-04-24,47.906978607177734,48.187984466552734,47.73255920410156,47.83914566040039,913526
2015-04-27,47.79069900512695,48.02325439453125,47.41279220581055,47.703487396240234,1275346
2015-04-28,47.5,47.74224853515625,47.296512603759766,47.50968933105469,1323437
2015-04-29,47.00581359863281,47.38372039794922,45.930233001708984,46.33720779418945,2380411
2015-04-30,46.33720779418945,46.33720779418945,44.854652404785156,45.51356506347656,3240377
2015-05-01,45.42635726928711,46.06589126586914,45.35852813720703,45.54263687133789,1857084
2015-05-04,45.804264068603516,46.230621337890625,45.54263687133789,45.70736312866211,2027261
2015-05-05,45.562015533447266,45.629844665527344,44.52519226074219,44.64147186279297,2146457
2015-05-06,44.622093200683594,44.922481536865234,44.06007766723633,44.496124267578125,2790528
2015-05-07,44.57364273071289,45.39728546142578,44.38953399658203,45.06782913208008,2237995
2015-05-08,45.58139419555664,46.37596893310547,45.52325439453125,45.88178253173828,1929014
2015-05-11,45.73643493652344,46.22092819213867,44.94186019897461,45.08720779418945,2136137
2015-05-12,44.854652404785156,45.51356506347656,44.47674560546875,45.42635726928711,1297534
2015-05-13,45.8139533996582,46.06589126586914,44.74806213378906,44.835269927978516,1705277
2015-05-14,45.077518463134766,45.843021392822266,45.06782913208008,45.843021392822266,1443355
2015-05-15,46.01744079589844,46.61821746826172,45.94961166381836,46.414730072021484,1518485
2015-05-18,46.13372039794922,46.414730072021484,45.89147186279297,46.01744079589844,1575967
2015-05-19,45.82364273071289,46.19186019897461,45.7655029296875,45.843021392822266,1122094
2015-05-20,45.843021392822266,46.2015495300293,45.687984466552734,45.88178253173828,866467
2015-05-21,45.94961166381836,46.03682327270508,45.30038833618164,45.52325439453125,1043249
2015-05-22,45.3294563293457,45.73643493652344,45.222869873046875,45.503875732421875,854599
2015-05-26,45.49418640136719,45.49418640136719,44.76744079589844,44.9515495300293,1911470
2015-05-27,44.93217086791992,45.135658264160156,44.6705436706543,45.0,1925196
2015-05-28,44.81589126586914,44.91279220581055,44.44767379760742,44.612403869628906,1736237
2015-05-29,44.651161193847656,44.718990325927734,44.11821746826172,44.156978607177734,3026134
2015-06-01,44.29263687133789,44.66085433959961,44.127906799316406,44.48643493652344,1735308
2015-06-02,44.40891647338867,44.496124267578125,43.99224853515625,44.379844665527344,1707857
2015-06-03,44.16666793823242,44.312015533447266,43.72092819213867,43.84689712524414,2384642
2015-06-04,43.80813980102539,44.36046600341797,43.33333206176758,44.1860466003418,2970302
2015-06-05,43.55620193481445,44.36046600341797,43.2655029296875,43.84689712524414,4245545
2015-06-08,43.92441940307617,44.54457473754883,43.92441940307617,44.20542526245117,2364209
2015-06-09,44.08914566040039,44.370155334472656,43.55620193481445,43.614341735839844,1582778
2015-06-10,43.75968933105469,44.156978607177734,43.28488540649414,43.75968933105469,1671530
2015-06-11,44.10852813720703,44.41860580444336,43.94379806518555,44.17635726928711,1494749
2015-06-12,44.10852813720703,44.26356506347656,43.856590270996094,43.93410873413086,1411466
2015-06-15,43.98255920410156,44.10852813720703,43.65310287475586,43.672481536865234,1333447
2015-06-16,43.788761138916016,43.99224853515625,43.63372039794922,43.9050407409668,1421580
2015-06-17,43.972869873046875,44.58333206176758,43.7015495300293,44.496124267578125,1821686
2015-06-18,44.622093200683594,45.59108352661133,44.622093200683594,45.19379806518555,2047178
2015-06-19,45.11627960205078,45.164730072021484,44.64147186279297,44.64147186279297,3347086
2015-06-22,44.74806213378906,44.88372039794922,44.04069900512695,44.0794563293457,1758941
2015-06-23,44.10852813720703,44.10852813720703,43.527130126953125,43.711238861083984,1508062
2015-06-24,43.730621337890625,43.9050407409668,43.32364273071289,43.39147186279297,1232518
2015-06-25,43.39147186279297,43.65310287475586,42.85852813720703,43.04263687133789,2083402
2015-06-26,43.05232620239258,43.643409729003906,42.92635726928711,43.546512603759766,1482262
2015-06-29,43.372093200683594,43.83720779418945,42.97480773925781,42.99418640136719,1758425
2015-06-30,43.2170524597168,43.5949592590332,42.97480773925781,43.01356506347656,1977209
2015-07-01,43.09108352661133,43.7015495300293,42.8294563293457,43.7015495300293,2028912
2015-07-02,44.08914566040039,44.75775146484375,43.856590270996094,43.98255920410156,1753265
2015-07-06,43.769378662109375,44.593021392822266,43.769378662109375,44.50581359863281,1946558
2015-07-07,44.69961166381836,45.164730072021484,44.42829513549805,44.893409729003906,2482992
2015-07-08,44.718990325927734,44.99031066894531,44.622093200683594,44.835269927978516,1667196
2015-07-09,45.05813980102539,45.23255920410156,44.38953399658203,44.52519226074219,1783090
2015-07-10,44.6705436706543,45.18410873413086,44.48643493652344,44.922481536865234,1738714
2015-07-13,44.99031066894531,45.39728546142578,44.370155334472656,44.72868347167969,1777310
2015-07-14,44.893409729003906,45.05813980102539,44.58333206176758,45.00968933105469,1210742
2015-07-15,44.854652404785156,45.31007766723633,44.80620193481445,45.261627197265625,1208162
2015-07-16,45.39728546142578,45.75581359863281,45.18410873413086,45.73643493652344,1323024
2015-07-17,45.73643493652344,45.843021392822266,45.377906799316406,45.5329475402832,1268844
2015-07-20,45.406978607177734,45.72674560546875,45.21317672729492,45.72674560546875,976169
2015-07-21,45.66860580444336,45.930233001708984,45.54263687133789,45.54263687133789,1585771
2015-07-22,45.60077667236328,45.930233001708984,45.60077667236328,45.804264068603516,1091753
2015-07-23,45.73643493652344,45.78488540649414,45.038761138916016,45.3294563293457,1455739
2015-07-24,45.25193786621094,45.804264068603516,45.222869873046875,45.620155334472656,1496400
2015-07-27,45.5329475402832,46.027130126953125,45.5329475402832,45.75581359863281,1621375
2015-07-28,45.8139533996582,46.2015495300293,45.61046600341797,45.94961166381836,1748724
2015-07-29,45.930233001708984,46.453487396240234,45.63953399658203,46.34689712524414,1735514
2015-07-30,46.027130126953125,46.50193786621094,45.746124267578125,46.13372039794922,1671840
2015-07-31,46.414730072021484,46.95736312866211,46.36627960205078,46.79263687133789,3165247
2015-08-03,46.7829475402832,47.31589126586914,46.656978607177734,47.26744079589844,1625710
2015-08-04,46.996124267578125,47.364341735839844,46.55038833618164,46.64728546142578,1575451
2015-08-05,46.55038833618164,46.72480773925781,45.59108352661133,45.91085433959961,1929014
2015-08-06,45.85271453857422,46.172481536865234,45.49418640136719,46.05620193481445,1865134
2015-08-07,46.027130126953125,46.085269927978516,45.51356506347656,45.988372802734375,1920655
2015-08-10,46.15310287475586,46.16279220581055,45.69767379760742,45.89147186279297,1208472
2015-08-11,45.73643493652344,46.34689712524414,45.67829513549805,45.97868347167969,1407132
2015-08-12,45.91085433959961,46.19186019897461,45.687984466552734,46.143409729003906,1806000
2015-08-13,46.2015495300293,46.288761138916016,45.63953399658203,46.06589126586914,1695473
2015-08-14,46.085269927978516,46.36627960205078,45.804264068603516,46.356590270996094,1229731
2015-08-17,46.13372039794922,46.598838806152344,46.046512603759766,46.531009674072266,1315387
2015-08-18,46.4050407409668,46.95736312866211,46.36627960205078,46.95736312866211,1267296
2015-08-19,46.695735931396484,46.80232620239258,46.172481536865234,46.56007766723633,1490621
2015-08-20,46.33720779418945,47.14147186279297,46.22092819213867,46.60852813720703,1611365
2015-08-21,46.64728546142578,46.84108352661133,46.13372039794922,46.143409729003906,2275663
2015-08-24,45.019378662109375,45.30038833618164,44.1860466003418,44.39922332763672,3831919
2015-08-25,45.06782913208008,45.445735931396484,43.07170486450195,43.09108352661133,2981551
2015-08-26,43.7984504699707,44.127906799316406,43.09108352661133,44.06007766723633,2546254
2015-08-27,44.60271453857422,45.261627197265625,44.11821746826172,44.922481536865234,1937064
2015-08-28,44.63178253173828,44.78682327270508,44.195735931396484,44.5155029296875,1694028
2015-08-31,44.554264068603516,44.57364273071289,43.28488540649414,43.304264068603516,2202082
2015-09-01,42.91666793823242,43.187984466552734,42.277130126953125,42.577518463134766,2356675
2015-09-02,43.05232620239258,43.13953399658203,42.461238861083984,42.85852813720703,1862450
2015-09-03,43.05232620239258,43.120155334472656,42.645347595214844,42.80038833618164,1354294
2015-09-04,42.5,42.538761138916016,41.812015533447266,42.03488540649414,1912296
2015-09-08,43.062015533447266,43.062015533447266,42.44186019897461,42.9360466003418,2007034
2015-09-09,43.304264068603516,43.35271453857422,42.52907180786133,42.606590270996094,2671538
2015-09-10,42.635658264160156,43.23643493652344,42.55813980102539,42.8294563293457,1511158
2015-09-11,42.79069900512695,43.69186019897461,42.722869873046875,43.68217086791992,1425089
2015-09-14,43.77907180786133,44.04069900512695,43.62403106689453,43.94379806518555,1456565
2015-09-15,44.0794563293457,44.48643493652344,43.68217086791992,44.379844665527344,1482984
2015-09-16,44.27325439453125,44.961238861083984,44.1860466003418,44.8449592590332,1273075
2015-09-17,44.864341735839844,46.24031066894531,44.58333206176758,45.4360466003418,2182886
2015-09-18,44.93217086791992,46.80232620239258,44.93217086791992,46.01744079589844,3747192
2015-09-21,46.16279220581055,46.598838806152344,46.05620193481445,46.19186019897461,1769054
2015-09-22,45.930233001708984,46.269378662109375,45.49418640136719,45.67829513549805,1983814
2015-09-23,45.73643493652344,46.143409729003906,45.57170486450195,45.862403869628906,1274210
2015-09-24,45.8139533996582,45.95930099487305,45.24224853515625,45.51356506347656,1466575
2015-09-25,45.629844665527344,45.9205436706543,45.387596130371094,45.60077667236328,1632108
2015-09-28,45.4844970703125,45.73643493652344,44.74806213378906,45.19379806518555,1981646
2015-09-29,44.97092819213867,45.687984466552734,44.93217086791992,45.64922332763672,1538506
2015-09-30,45.862403869628906,46.34689712524414,45.46511459350586,45.9205436706543,2213743
2015-10-01,46.143409729003906,46.143409729003906,45.51356506347656,45.88178253173828,1471735
2015-10-02,45.88178253173828,45.88178253173828,44.2344970703125,44.57364273071289,12322080
2015-10-05,44.6705436706543,45.64922332763672,44.651161193847656,45.64922332763672,4822536
2015-10-06,45.58139419555664,45.69767379760742,45.387596130371094,45.5329475402832,2097334
2015-10-07,45.75581359863281,45.95930099487305,45.377906799316406,45.95930099487305,2539236
2015-10-08,45.97868347167969,46.288761138916016,45.66860580444336,46.172481536865234,2404870
2015-10-09,46.2015495300293,46.31782913208008,45.85271453857422,46.288761138916016,1397018
2015-10-12,46.288761138916016,47.1705436706543,46.05620193481445,46.66666793823242,2896927
2015-10-13,46.511627197265625,46.870155334472656,46.395347595214844,46.58914566040039,1348824
2015-10-14,46.61821746826172,46.812015533447266,46.05620193481445,46.2015495300293,1665545
2015-10-15,46.33720779418945,47.04457473754883,46.27907180786133,47.00581359863281,1490105
2015-10-16,47.151161193847656,47.393409729003906,47.054264068603516,47.10271453857422,3892807
2015-10-19,47.093021392822266,47.422481536865234,47.0155029296875,47.364341735839844,1402591
2015-10-20,47.26744079589844,47.50968933105469,47.10271453857422,47.44186019897461,1558217
2015-10-21,47.645347595214844,47.73255920410156,47.30620193481445,47.364341735839844,1358112
2015-10-22,47.83914566040039,48.93410873413086,47.77131652832031,48.63372039794922,2618906
2015-10-23,48.546512603759766,48.83720779418945,47.96511459350586,48.35271453857422,1708166
2015-10-26,48.4205436706543,48.7015495300293,48.13953399658203,48.69186019897461,1614667
2015-10-27,48.56589126586914,48.885658264160156,48.2655029296875,48.75,1998468
2015-10-28,48.546512603759766,49.39922332763672,48.20736312866211,49.031009674072266,3008074
2015-10-29,47.56782913208008,48.44961166381836,47.52907180786133,48.13953399658203,3269170
2015-10-30,48.120155334472656,48.43992233276367,47.877906799316406,47.92635726928711,4083418
2015-11-02,47.86821746826172,49.031009674072266,47.74224853515625,49.02131652832031,2357191
2015-11-03,48.83720779418945,48.83720779418945,48.2655029296875,48.585269927978516,1662655
2015-11-04,48.44961166381836,48.63372039794922,47.71317672729492,47.91666793823242,1940470
2015-11-05,47.877906799316406,48.49806213378906,47.59689712524414,48.44961166381836,1876795
2015-11-06,47.538761138916016,47.55813980102539,45.67829513549805,45.99806213378906,4021291
2015-11-09,45.93992233276367,45.93992233276367,44.554264068603516,44.9515495300293,2762561
2015-11-10,45.019378662109375,45.61046600341797,44.9515495300293,45.4844970703125,2397749
2015-11-11,45.57170486450195,46.22092819213867,45.35852813720703,45.968990325927734,1709921
2015-11-12,45.89147186279297,46.31782913208008,45.70736312866211,45.968990325927734,2074733
2015-11-13,46.027130126953125,46.36627960205078,45.562015533447266,45.968990325927734,2258016
2015-11-16,45.95930099487305,46.695735931396484,45.78488540649414,46.695735931396484,2232010
2015-11-17,46.55038833618164,47.16085433959961,46.31782913208008,46.937984466552734,2360390
2015-11-18,46.97674560546875,47.71317672729492,46.92829513549805,47.69379806518555,2505799
2015-11-19,47.91666793823242,47.92635726928711,47.58720779418945,47.83914566040039,1946455
2015-11-20,47.877906799316406,48.488372802734375,47.83914566040039,48.129844665527344,3269789
2015-11-23,48.27519226074219,48.5949592590332,48.01356506347656,48.17829513549805,1572665
2015-11-24,47.97480773925781,48.04263687133789,47.43217086791992,47.91666793823242,1608682
2015-11-25,47.91666793823242,48.15891647338867,47.819766998291016,48.07170486450195,1615390
2015-11-27,47.85852813720703,48.50775146484375,47.848838806152344,48.47868347167969,1047480
2015-11-30,48.57558059692383,48.92441940307617,47.887596130371094,48.08139419555664,4883321
2015-12-01,48.43992233276367,49.10852813720703,48.246124267578125,49.05038833618164,2376490
2015-12-02,48.63372039794922,48.9050407409668,48.003875732421875,48.07170486450195,2169574
2015-12-03,47.887596130371094,48.10077667236328,47.112403869628906,47.26744079589844,2619835
2015-12-04,47.5484504699707,48.527130126953125,47.480621337890625,48.45930099487305,2109614
2015-12-07,48.43992233276367,48.895347595214844,48.2655029296875,48.711238861083984,2069882
2015-12-08,48.63372039794922,48.92441940307617,48.45930099487305,48.585269927978516,2953274
2015-12-09,48.19767379760742,48.55620193481445,47.81007766723633,48.08139419555664,1726846
2015-12-10,48.0329475402832,48.372093200683594,47.40310287475586,47.422481536865234,1989593
2015-12-11,47.122093200683594,47.5,46.870155334472656,47.14147186279297,2403115
2015-12-14,47.0639533996582,47.848838806152344,47.00581359863281,47.81007766723633,2137375
2015-12-15,48.23643493652344,48.81782913208008,48.09108352661133,48.39147186279297,2284435
2015-12-16,48.643409729003906,49.6705436706543,48.546512603759766,49.64147186279297,2383404
2015-12-17,49.622093200683594,49.68992233276367,49.27325439453125,49.41860580444336,2528606
2015-12-18,49.33139419555664,50.203487396240234,49.17635726928711,49.496124267578125,5446174
2015-12-21,49.980621337890625,49.980621337890625,49.17635726928711,49.496124267578125,1569156
2015-12-22,49.72868347167969,50.17441940307617,49.57364273071289,49.593021392822266,1407751
2015-12-23,49.66085433959961,49.9515495300293,49.58333206176758,49.91279220581055,1833864
2015-12-24,49.835269927978516,49.91279220581055,49.53488540649414,49.70930099487305,683803
2015-12-28,49.6705436706543,50.1550407409668,49.496124267578125,50.145347595214844,1129627
2015-12-29,50.31007766723633,50.629844665527344,50.12596893310547,50.562015533447266,1566473
2015-12-30,50.46511459350586,50.78488540649414,50.24224853515625,50.31007766723633,1331693
2015-12-31,50.387596130371094,50.5329475402832,49.94186019897461,50.02907180786133,1282570
2016-01-04,49.554264068603516,49.82558059692383,48.9050407409668,49.593021392822266,2095682
2016-01-05,49.796512603759766,50.804264068603516,49.622093200683594,50.66860580444336,2006414
2016-01-06,50.25193786621094,50.968990325927734,50.25193786621094,50.968990325927734,1825608
2016-01-07,50.077518463134766,50.862403869628906,49.069766998291016,50.08720779418945,2214672
2016-01-08,50.1550407409668,50.51356506347656,49.5155029296875,49.58333206176758,1632521
2016-01-11,49.796512603759766,50.91085433959961,49.70930099487305,50.64922332763672,2333455
2016-01-12,50.89147186279297,50.95930099487305,50.1550407409668,50.804264068603516,2884337
2016-01-13,50.82364273071289,51.52131652832031,50.09689712524414,50.23255920410156,2692178
2016-01-14,50.36821746826172,51.143409729003906,50.0484504699707,50.629844665527344,2800229
2016-01-15,50.077518463134766,50.66860580444336,49.50581359863281,50.57170486450195,3514992
2016-01-19,50.88178253173828,51.627906799316406,50.67829513549805,51.36627960205078,2050274
2016-01-20,51.07558059692383,51.2015495300293,49.379844665527344,50.261627197265625,2957299
2016-01-21,50.66860580444336,51.64728546142578,50.11627960205078,50.89147186279297,1958117
2016-01-22,51.34689712524414,52.519378662109375,51.24031066894531,52.364341735839844,1874731
2016-01-25,52.44186019897461,53.02325439453125,51.94767379760742,52.218990325927734,2104351
2016-01-26,52.37403106689453,53.643409729003906,52.37403106689453,53.488372802734375,2724170
2016-01-27,53.28488540649414,54.011627197265625,52.74224853515625,53.372093200683594,2480412
2016-01-28,53.14922332763672,53.7984504699707,52.92635726928711,53.16860580444336,3436457
2016-01-29,53.585269927978516,54.14728546142578,53.304264068603516,54.06007766723633,4961443
2016-02-01,53.83720779418945,55.42635726928711,53.47868347167969,54.893409729003906,3387850
2016-02-02,54.97092819213867,55.63953399658203,54.57364273071289,55.445735931396484,2252753
2016-02-03,55.629844665527344,56.37596893310547,55.36821746826172,55.57170486450195,3164525
2016-02-04,55.4360466003418,56.104652404785156,55.09689712524414,55.69767379760742,3048425
2016-02-05,55.29069900512695,55.47480773925781,53.788761138916016,54.156978607177734,3308282
2016-02-08,53.98255920410156,54.554264068603516,53.120155334472656,54.42829513549805,2736554
2016-02-09,54.26356506347656,54.99031066894531,53.9050407409668,54.612403869628906,3004049
2016-02-10,54.74806213378906,55.7170524597168,54.72868347167969,55.019378662109375,2518906
2016-02-11,54.9515495300293,58.35271453857422,54.93217086791992,58.25581359863281,6549691
2016-02-12,58.04263687133789,59.36046600341797,57.80038833618164,58.604652404785156,5720892
2016-02-16,58.45930099487305,58.53682327270508,56.937984466552734,57.96511459350586,3796418
2016-02-17,58.13953399658203,58.69186019897461,57.519378662109375,57.95542526245117,2965658
2016-02-18,57.945735931396484,58.827518463134766,57.67441940307617,58.57558059692383,2276179
2016-02-19,58.39147186279297,59.437984466552734,58.187984466552734,58.35271453857422,3090221
2016-02-22,58.68217086791992,58.80813980102539,57.62596893310547,57.86821746826172,2493209
2016-02-23,57.92635726928711,58.2170524597168,57.277130126953125,57.85852813720703,2192897
2016-02-24,57.68410873413086,58.39147186279297,57.43217086791992,57.68410873413086,1629322
2016-02-25,57.906978607177734,58.75,57.81007766723633,58.25581359863281,2001770
2016-02-26,58.003875732421875,58.003875732421875,56.695735931396484,56.812015533447266,2571538
2016-02-29,56.695735931396484,57.38372039794922,56.34689712524414,56.72480773925781,3859061
2016-03-01,57.093021392822266,57.49031066894531,56.44379806518555,57.00581359863281,2219522
2016-03-02,56.656978607177734,57.26744079589844,56.356590270996094,57.20930099487305,1728187
2016-03-03,57.30620193481445,57.5,56.48255920410156,57.18992233276367,1600735
2016-03-04,57.151161193847656,57.151161193847656,56.01744079589844,56.356590270996094,1940882
2016-03-07,56.2984504699707,56.356590270996094,55.69767379760742,55.95930099487305,2309100
2016-03-08,55.95930099487305,57.218990325927734,55.7170524597168,56.82170486450195,2279894
2016-03-09,56.695735931396484,57.722869873046875,56.569766998291016,57.10271453857422,1623646
2016-03-10,57.422481536865234,57.68410873413086,56.89922332763672,57.41279220581055,1781232
2016-03-11,57.92635726928711,58.0329475402832,57.22868347167969,57.781009674072266,1645937
2016-03-14,57.519378662109375,57.96511459350586,57.43217086791992,57.89728546142578,1253880
2016-03-15,57.848838806152344,58.4205436706543,57.664730072021484,58.003875732421875,1604347
2016-03-16,57.819766998291016,59.10852813720703,57.07364273071289,58.99224853515625,2153681
2016-03-17,59.02131652832031,59.93217086791992,58.62403106689453,59.66085433959961,1881749
2016-03-18,59.554264068603516,59.612403869628906,58.87596893310547,59.34108352661133,3115298
2016-03-21,59.06007766723633,59.098838806152344,58.304264068603516,58.885658264160156,1663481
2016-03-22,58.86627960205078,59.593021392822266,58.74031066894531,58.99224853515625,1129214
2016-03-23,58.75968933105469,59.864341735839844,58.75968933105469,59.50581359863281,1397018
2016-03-24,59.54457473754883,59.78682327270508,59.34108352661133,59.554264068603516,1318277
2016-03-28,59.60271453857422,60.319766998291016,59.53488540649414,60.18410873413086,1331383
2016-03-29,60.281009674072266,60.93992233276367,60.00968933105469,60.9205436706543,1809818
2016-03-30,60.83333206176758,60.89147186279297,59.9515495300293,60.281009674072266,1596194
2016-03-31,60.387596130371094,60.79457473754883,60.24224853515625,60.57170486450195,2298367
2016-04-01,60.25193786621094,60.503875732421875,59.94186019897461,60.319766998291016,2105074
2016-04-04,60.3294563293457,60.85271453857422,59.74806213378906,60.23255920410156,1825195
2016-04-05,60.077518463134766,60.968990325927734,60.077518463134766,60.91085433959961,1774834
2016-04-06,60.82364273071289,61.085269927978516,60.55232620239258,61.01744079589844,1711778
2016-04-07,60.82364273071289,61.25,60.59108352661133,60.70736312866211,1364407
2016-04-08,60.70736312866211,61.30813980102539,60.57170486450195,61.046512603759766,922505
2016-04-11,61.00775146484375,61.52131652832031,60.94961166381836,61.046512603759766,1190722
2016-04-12,61.16279220581055,61.937984466552734,61.114341735839844,61.76356506347656,2208790
2016-04-13,61.90891647338867,61.90891647338867,60.35852813720703,61.12403106689453,1609714
2016-04-14,60.82364273071289,61.00775146484375,60.445735931396484,60.72674560546875,1166057
2016-04-15,60.72674560546875,61.12403106689453,60.46511459350586,61.05620193481445,1184014
2016-04-18,61.07558059692383,61.27907180786133,60.5329475402832,61.19186019897461,1009193
2016-04-19,61.19186019897461,61.569766998291016,60.88178253173828,61.327518463134766,1183394
2016-04-20,61.37596893310547,61.531009674072266,59.57364273071289,59.651161193847656,1525915
2016-04-21,59.496124267578125,59.58333206176758,57.03488540649414,57.19961166381836,3629854
2016-04-22,57.47092819213867,58.16860580444336,57.20930099487305,57.52907180786133,1702800
2016-04-25,57.52907180786133,58.44961166381836,57.31589126586914,58.44961166381836,1467710
2016-04-26,58.468990325927734,58.7984504699707,57.4515495300293,57.75193786621094,2165755
2016-04-27,58.07170486450195,58.07170486450195,56.627906799316406,57.606590270996094,2191555
2016-04-28,57.054264068603516,57.69379806518555,57.00581359863281,57.62596893310547,1553779
2016-04-29,57.364341735839844,57.55813980102539,56.870155334472656,57.364341735839844,2374426
2016-05-02,57.5484504699707,58.527130126953125,57.461238861083984,57.95542526245117,1428701
2016-05-03,57.95542526245117,58.856590270996094,57.877906799316406,58.827518463134766,1650271
2016-05-04,58.55620193481445,60.99806213378906,58.47868347167969,60.445735931396484,2652343
2016-05-05,60.12596893310547,61.143409729003906,60.08720779418945,60.47480773925781,1995888
2016-05-06,60.52325439453125,61.60852813720703,60.21317672729492,61.60852813720703,1593924
2016-05-09,61.77325439453125,62.112403869628906,61.2015495300293,62.054264068603516,1501457
2016-05-10,62.180233001708984,62.354652404785156,61.7829475402832,62.22868347167969,1300836
2016-05-11,62.07364273071289,62.19961166381836,60.377906799316406,61.30813980102539,1797950
2016-05-12,61.33720779418945,62.5484504699707,60.843021392822266,62.151161193847656,1650374
2016-05-13,61.91860580444336,62.0155029296875,61.07558059692383,61.64728546142578,1094746
2016-05-16,61.637596130371094,62.122093200683594,61.269378662109375,61.92829513549805,1222507
2016-05-17,61.695735931396484,61.695735931396484,60.319766998291016,60.562015533447266,2136034
2016-05-18,60.35852813720703,60.562015533447266,58.29457473754883,58.98255920410156,2621177
2016-05-19,57.02519226074219,57.32558059692383,56.6860466003418,57.218990325927734,6354540
2016-05-20,57.49031066894531,57.49031066894531,56.511627197265625,57.354652404785156,3452659
2016-05-23,57.41279220581055,57.59689712524414,56.937984466552734,57.218990325927734,2375870
2016-05-24,57.50968933105469,57.781009674072266,57.3449592590332,57.58720779418945,2420350
2016-05-25,57.606590270996094,57.645347595214844,56.49224853515625,57.538761138916016,1962348
2016-05-26,57.55813980102539,58.08139419555664,57.364341735839844,58.04263687133789,1680922
2016-05-27,58.04263687133789,58.41085433959961,57.71317672729492,58.04263687133789,2097334
2016-05-31,58.09108352661133,58.41085433959961,57.24806213378906,58.22674560546875,3929546
2016-06-01,58.08139419555664,59.02131652832031,58.062015533447266,58.96317672729492,2103113
2016-06-02,58.75,59.680233001708984,58.7015495300293,59.64147186279297,1738817
2016-06-03,60.11627960205078,61.31782913208008,60.077518463134766,61.0949592590332,2660083
2016-06-06,61.03682327270508,61.31782913208008,60.33914566040039,60.629844665527344,1576999
2016-06-07,60.968990325927734,61.327518463134766,60.804264068603516,61.230621337890625,1718383
2016-06-08,61.18217086791992,61.569766998291016,60.97868347167969,61.54069900512695,1175138
2016-06-09,61.54069900512695,62.02519226074219,61.4050407409668,61.996124267578125,1444490
2016-06-10,61.7344970703125,62.58720779418945,61.71511459350586,62.30620193481445,1564099
2016-06-13,62.49031066894531,62.92635726928711,62.03488540649414,62.13178253173828,1667609
2016-06-14,62.19961166381836,62.61627960205078,61.82170486450195,62.3449592590332,1900428
2016-06-15,62.31589126586914,62.606590270996094,61.77325439453125,62.40310287475586,1337472
2016-06-16,62.6550407409668,63.07170486450195,62.364341735839844,63.05232620239258,1394645
2016-06-17,62.85852813720703,62.945735931396484,61.34689712524414,62.13178253173828,3714168
2016-06-20,62.30620193481445,62.422481536865234,61.46317672729492,61.77325439453125,1871016
2016-06-21,61.870155334472656,62.47092819213867,61.83139419555664,62.335269927978516,1129937
2016-06-22,62.335269927978516,62.461238861083984,61.996124267578125,62.364341735839844,1110329
2016-06-23,61.937984466552734,62.5,61.89922332763672,62.5,881018
2016-06-24,61.695735931396484,64.46705627441406,61.695735931396484,63.711238861083984,3314165
2016-06-27,63.527130126953125,65.04844665527344,63.527130126953125,64.8934097290039,2862974
2016-06-28,65.1744155883789,66.08527374267578,64.50581359863281,66.08527374267578,1848518
2016-06-29,66.26937866210938,66.72480773925781,65.79457092285156,66.33721160888672,1845629
2016-06-30,66.38565826416016,67.20930480957031,65.92053985595703,67.20930480957031,2472362
2016-07-01,67.34496307373047,67.90697479248047,66.9186019897461,67.48062133789062,1882265
2016-07-05,67.90697479248047,69.28294372558594,67.52906799316406,69.25387573242188,2476284
2016-07-06,69.07946014404297,69.6899185180664,68.56588745117188,69.00193786621094,1864308
2016-07-07,68.89534759521484,68.89534759521484,66.55038452148438,66.99612426757812,3814169
2016-07-08,67.23837280273438,67.79069519042969,66.13372039794922,67.74224853515625,2020450
2016-07-11,67.75193786621094,68.47868347167969,67.09302520751953,68.33333587646484,1414046
2016-07-12,68.2655029296875,68.33333587646484,67.25775146484375,67.89728546142578,2129945
2016-07-13,68.19767761230469,68.71124267578125,67.92635345458984,68.60465240478516,1331693
2016-07-14,68.22674560546875,68.24612426757812,67.3934097290039,68.1589126586914,1536545
2016-07-15,68.07170867919922,68.28488159179688,67.03488159179688,67.6744155883789,1687217
2016-07-18,67.781005859375,68.10077667236328,67.62596893310547,67.8100814819336,1054394
2016-07-19,67.89728546142578,68.11046600341797,67.50968933105469,68.11046600341797,1403210
2016-07-20,68.12984466552734,68.20736694335938,67.41278839111328,67.63565826416016,1065746
2016-07-21,67.4030990600586,67.90697479248047,66.77325439453125,67.90697479248047,1205376
2016-07-22,67.81977081298828,68.6434097290039,67.73255920410156,68.22674560546875,1595575
2016-07-25,68.38178253173828,68.55620574951172,67.63565826416016,68.13953399658203,1331796
2016-07-26,68.28488159179688,68.30426025390625,67.65503692626953,67.93605041503906,975240
2016-07-27,67.97480773925781,67.99418640136719,66.87984466552734,67.43217468261719,1771015
2016-07-28,67.35465240478516,68.80814361572266,67.1899185180664,68.48837280273438,1739333
2016-07-29,68.6530990600586,69.72868347167969,68.6530990600586,69.25387573242188,4050600
2016-08-01,69.27325439453125,70.05814361572266,69.25387573242188,69.9030990600586,1695576
2016-08-02,69.5155029296875,69.70930480957031,67.62596893310547,67.83914947509766,2155126
2016-08-03,67.76162719726562,67.83914947509766,66.58914947509766,67.03488159179688,2393414
2016-08-04,67.1899185180664,67.9844970703125,67.15116119384766,67.38372039794922,1203828
2016-08-05,67.38372039794922,67.38372039794922,66.13372039794922,66.43411254882812,1438814
2016-08-08,66.33721160888672,66.71511840820312,65.64922332763672,66.31782531738281,1092372
2016-08-09,66.39534759521484,66.95736694335938,65.7655029296875,66.79263305664062,1000834
2016-08-10,66.88953399658203,67.31588745117188,66.8410873413086,67.06394958496094,1152847
2016-08-11,67.06394958496094,67.07364654541016,65.72674560546875,66.06588745117188,1149029
2016-08-12,66.3469009399414,67.24806213378906,66.13372039794922,66.51162719726562,1162135
2016-08-15,66.6375961303711,66.65697479248047,65.82364654541016,65.88178253173828,977510
2016-08-16,65.60077667236328,65.60077667236328,64.32170867919922,64.86434173583984,2099191
2016-08-17,65.00968933105469,65.52325439453125,64.20542907714844,65.51356506347656,1775762
2016-08-18,65.60077667236328,65.92053985595703,65.36821746826172,65.70736694335938,939430
2016-08-19,65.5910873413086,65.89147186279297,64.45736694335938,64.72868347167969,1427153
2016-08-22,64.8934097290039,65.60077667236328,64.77713012695312,65.36821746826172,997222
2016-08-23,65.50387573242188,65.74612426757812,65.1744155883789,65.2034912109375,719923
2016-08-24,65.26162719726562,65.33914947509766,64.09883880615234,64.6124038696289,1100112
2016-08-25,64.72868347167969,65.3100814819336,64.37984466552734,64.60271453857422,1624058
2016-08-26,64.84496307373047,65.22286987304688,63.362403869628906,63.69186019897461,1321579
2016-08-29,63.953487396240234,64.718994140625,63.953487396240234,64.32170867919922,1180195
2016-08-30,64.01162719726562,64.18605041503906,62.99418640136719,63.41085433959961,1315800
2016-08-31,63.362403869628906,63.81782913208008,62.9360466003418,63.69186019897461,2867825
2016-09-01,63.56589126586914,64.05038452148438,63.28488540649414,63.7015495300293,1500425
2016-09-02,63.953487396240234,65.64922332763672,63.93410873413086,64.21511840820312,1229731
2016-09-06,64.43798065185547,65.0969009399414,63.87596893310547,65.0969009399414,1342632
2016-09-07,65.16472625732422,65.968994140625,65.0969009399414,65.88178253173828,1499806
2016-09-08,65.43605041503906,65.7655029296875,65.04844665527344,65.32946014404297,2818908
2016-09-09,64.5155029296875,64.5155029296875,62.25775146484375,62.26744079589844,2290937
2016-09-12,62.14147186279297,63.94379806518555,62.02519226074219,63.50775146484375,2081544
2016-09-13,63.0329475402832,63.22674560546875,61.36627960205078,61.569766998291016,2087736
2016-09-14,61.870155334472656,62.5484504699707,61.71511459350586,62.00581359863281,1393097
2016-09-15,61.9670524597168,62.4515495300293,61.77325439453125,62.335269927978516,1352952
2016-09-16,62.20930099487305,62.62596893310547,61.91860580444336,62.47092819213867,2550898
2016-09-19,62.5,63.23643493652344,62.5,63.19767379760742,1410538
2016-09-20,63.49806213378906,63.856590270996094,63.33333206176758,63.55620193481445,1227564
2016-09-21,63.604652404785156,64.81588745117188,63.003875732421875,64.6899185180664,1504862
2016-09-22,65.18411254882812,66.13372039794922,65.18411254882812,65.77519226074219,1556359
2016-09-23,65.50387573242188,66.1530990600586,64.8934097290039,65.9399185180664,1112806
2016-09-26,65.71705627441406,66.85077667236328,65.46511840820312,66.55038452148438,1632624
2016-09-27,66.8410873413086,66.99612426757812,65.8720932006836,66.06588745117188,1256976
2016-09-28,66.13372039794922,66.75387573242188,65.81394958496094,66.68605041503906,1130866
2016-09-29,66.18217468261719,66.22093200683594,65.03875732421875,65.50387573242188,1285562
2016-09-30,65.94961547851562,66.23062133789062,64.84496307373047,64.85465240478516,1517556
2016-10-03,64.6124038696289,64.68022918701172,63.29457473754883,63.35271453857422,1610849
2016-10-04,63.304264068603516,63.343021392822266,61.25,61.71511459350586,1884226
2016-10-05,61.89922332763672,61.9670524597168,59.94186019897461,60.0,2125507
2016-10-06,59.82558059692383,60.23255920410156,58.68217086791992,59.680233001708984,2145115
2016-10-07,60.05813980102539,60.7655029296875,59.127906799316406,59.554264068603516,1492478
2016-10-10,59.738372802734375,60.45542526245117,59.72868347167969,60.18410873413086,1006303
2016-10-11,59.97092819213867,60.077518463134766,58.827518463134766,58.92441940307617,1759560
2016-10-12,59.0794563293457,60.0,58.99224853515625,59.75775146484375,1294747
2016-10-13,59.554264068603516,61.25,59.29263687133789,60.7655029296875,1927776
2016-10-14,60.58139419555664,60.99806213378906,59.82558059692383,60.11627960205078,922505
2016-10-17,60.27131652832031,61.027130126953125,60.145347595214844,60.70736312866211,1217863
2016-10-18,61.05620193481445,61.22092819213867,60.387596130371094,60.7170524597168,1267090
2016-10-19,60.79457473754883,60.8139533996582,60.222869873046875,60.60077667236328,1155427
2016-10-20,60.70736312866211,60.843021392822266,60.019378662109375,60.51356506347656,977407
2016-10-21,60.1550407409668,60.52325439453125,59.651161193847656,59.980621337890625,1041598
2016-10-24,60.3294563293457,60.93992233276367,59.622093200683594,60.36821746826172,1343458
2016-10-25,60.164730072021484,60.70736312866211,59.777130126953125,60.36821746826172,1011876
2016-10-26,60.11627960205078,60.17441940307617,58.87596893310547,59.40891647338867,1117450
2016-10-27,59.34108352661133,59.39922332763672,57.03488540649414,57.277130126953125,2162040
2016-10-28,56.879844665527344,57.5484504699707,56.58914566040039,56.71511459350586,1859045
2016-10-31,56.90891647338867,57.422481536865234,55.31007766723633,57.40310287475586,3058848
2016-11-01,57.238372802734375,57.238372802734375,55.503875732421875,55.94961166381836,2656678
2016-11-02,55.99806213378906,56.06589126586914,54.93217086791992,54.9515495300293,1980511
2016-11-03,54.90310287475586,55.11627960205078,54.50581359863281,54.796512603759766,1639951
2016-11-04,55.02907180786133,55.99806213378906,54.52519226074219,55.60077667236328,1949758
2016-11-07,56.22092819213867,56.72480773925781,55.83333206176758,56.637596130371094,1689384
2016-11-08,56.695735931396484,57.30620193481445,56.49224853515625,57.112403869628906,1559249
2016-11-09,56.54069900512695,56.54069900512695,53.63372039794922,53.895347595214844,3731093
2016-11-10,53.895347595214844,53.895347595214844,51.085269927978516,52.59689712524414,4896634
2016-11-11,52.703487396240234,53.84689712524414,52.49031066894531,52.703487396240234,2372671
2016-11-14,52.5,54.098838806152344,51.66666793823242,53.895347595214844,2389183
2016-11-15,54.05038833618164,55.145347595214844,53.4205436706543,53.94379806518555,2044908
2016-11-16,54.32170486450195,54.52519226074219,53.604652404785156,54.40891647338867,1623955
2016-11-17,54.40891647338867,54.69961166381836,53.11046600341797,53.16860580444336,1753781
2016-11-18,53.20736312866211,53.68217086791992,52.96511459350586,53.43992233276367,3153276
2016-11-21,53.53682327270508,54.127906799316406,53.22674560546875,53.38178253173828,1567608
2016-11-22,53.711238861083984,54.94186019897461,53.343021392822266,54.8449592590332,1730148
2016-11-23,54.27325439453125,54.8449592590332,53.953487396240234,54.379844665527344,1303519
2016-11-25,54.58333206176758,55.348838806152344,54.50581359863281,54.81589126586914,732101
2016-11-28,54.72868347167969,55.49418640136719,54.29263687133789,54.60271453857422,1719725
2016-11-29,54.40891647338867,55.47480773925781,54.40891647338867,54.980621337890625,1458732
2016-11-30,54.20542526245117,54.34108352661133,53.29457473754883,53.72092819213867,2777628
2016-12-01,53.304264068603516,53.47868347167969,51.656978607177734,51.83139419555664,2781756
2016-12-02,52.03488540649414,54.16666793823242,52.03488540649414,53.0329475402832,3082997
2016-12-05,53.16860580444336,53.16860580444336,51.90891647338867,53.0329475402832,2319317
2016-12-06,53.05232620239258,53.56589126586914,52.73255920410156,52.89728546142578,1887941
2016-12-07,53.02325439453125,54.0794563293457,53.02325439453125,53.730621337890625,2293414
2016-12-08,53.39147186279297,53.769378662109375,52.75193786621094,53.614341735839844,2100636
2016-12-09,53.68217086791992,54.14728546142578,53.5949592590332,53.885658264160156,1195572
2016-12-12,53.77907180786133,54.58333206176758,53.75,54.437984466552734,1428907
2016-12-13,54.87403106689453,55.06782913208008,54.05038833618164,54.370155334472656,1683089
2016-12-14,54.68992233276367,54.76744079589844,52.703487396240234,52.95542526245117,2431392
2016-12-15,52.9844970703125,53.10077667236328,52.16085433959961,52.364341735839844,2220142
2016-12-16,52.761627197265625,53.96317672729492,52.761627197265625,53.75,3260914
2016-12-19,54.24418640136719,55.73643493652344,54.16666793823242,55.55232620239258,2322413
2016-12-20,55.63953399658203,55.79457473754883,54.53488540649414,55.0,1736753
2016-12-21,55.11627960205078,55.63953399658203,54.496124267578125,54.496124267578125,1523438
2016-12-22,54.44767379760742,54.63178253173828,53.92441940307617,54.58333206176758,1120649
2016-12-23,54.75775146484375,54.88372039794922,54.1860466003418,54.66085433959961,1426740
2016-12-27,54.68992233276367,54.94186019897461,54.36046600341797,54.680233001708984,1057078
2016-12-28,54.76744079589844,54.854652404785156,53.972869873046875,54.35077667236328,1833864
2016-12-29,54.21511459350586,55.17441940307617,53.87596893310547,54.87403106689453,1278958
2016-12-30,54.90310287475586,56.01744079589844,54.738372802734375,55.69767379760742,2088768
2017-01-03,55.94961166381836,55.97868347167969,55.145347595214844,55.70736312866211,2036446
2017-01-04,55.862403869628906,56.637596130371094,55.620155334472656,56.54069900512695,1866475
2017-01-05,56.356590270996094,58.44961166381836,56.00775146484375,58.062015533447266,2349348
2017-01-06,57.79069900512695,58.43992233276367,57.354652404785156,57.9844970703125,1916218
2017-01-09,57.461238861083984,58.10077667236328,57.354652404785156,57.55813980102539,2000326
2017-01-10,57.5484504699707,57.81007766723633,56.7829475402832,56.870155334472656,1809199
2017-01-11,56.77325439453125,57.480621337890625,56.67635726928711,56.71511459350586,1625710
2017-01-12,56.67635726928711,57.8294563293457,56.453487396240234,57.722869873046875,1454810
2017-01-13,57.703487396240234,57.703487396240234,56.92829513549805,57.238372802734375,1074725
2017-01-17,57.3449592590332,58.44961166381836,57.335269927978516,58.2655029296875,1512086
2017-01-18,58.2655029296875,58.43992233276367,57.79069900512695,57.92635726928711,1969366
2017-01-19,57.71317672729492,57.819766998291016,57.08333206176758,57.3449592590332,1488454
2017-01-20,57.422481536865234,57.95542526245117,57.364341735839844,57.83914566040039,1612294
2017-01-23,57.89728546142578,58.711238861083984,57.79069900512695,58.39147186279297,1847899
2017-01-24,58.246124267578125,58.468990325927734,57.703487396240234,57.92635726928711,1644286
2017-01-25,58.04263687133789,58.22674560546875,57.364341735839844,57.77131652832031,1694131
2017-01-26,57.71317672729492,58.16860580444336,57.61627960205078,57.95542526245117,1851718
2017-01-27,58.09108352661133,58.17829513549805,57.30620193481445,57.59689712524414,1995888
2017-01-30,57.335269927978516,57.81007766723633,57.03488540649414,57.4515495300293,2271329
2017-01-31,57.538761138916016,58.13953399658203,57.25775146484375,57.781009674072266,4954322
2017-02-01,57.58720779418945,57.877906799316406,56.25,56.50193786621094,5833999
2017-02-02,56.50193786621094,57.71317672729492,56.453487396240234,57.577518463134766,1686907
2017-02-03,58.02325439453125,58.527130126953125,57.61627960205078,57.96511459350586,1827053
2017-02-06,58.05232620239258,58.22674560546875,57.645347595214844,57.96511459350586,1311775
2017-02-07,57.96511459350586,58.62403106689453,57.96511459350586,58.28488540649414,1744493
2017-02-08,58.19767379760742,59.031009674072266,58.11046600341797,58.62403106689453,1403726
2017-02-09,58.62403106689453,59.06007766723633,58.401161193847656,58.7015495300293,919615
2017-02-10,58.527130126953125,59.60271453857422,58.4205436706543,59.379844665527344,1126222
2017-02-13,59.253875732421875,59.864341735839844,59.10852813720703,59.70930099487305,1204654
2017-02-14,59.53488540649414,59.680233001708984,58.362403869628906,58.895347595214844,1653574
2017-02-15,58.614341735839844,58.672481536865234,57.85852813720703,58.44961166381836,1482365
2017-02-16,58.527130126953125,58.972869873046875,58.44961166381836,58.7015495300293,1681541
2017-02-17,58.80813980102539,59.34108352661133,58.55620193481445,58.914730072021484,1230144
2017-02-21,58.96317672729492,59.81589126586914,58.72092819213867,59.612403869628906,1296502
2017-02-22,59.6705436706543,59.91279220581055,58.94379806518555,59.24418640136719,1168740
2017-02-23,59.80620193481445,60.97868347167969,59.33139419555664,60.91085433959961,1328597
2017-02-24,60.901161193847656,61.230621337890625,60.503875732421875,61.230621337890625,1711262
2017-02-27,61.05620193481445,61.627906799316406,60.54263687133789,61.18217086791992,1905382
2017-02-28,59.40891647338867,59.81589126586914,59.34108352661133,59.379844665527344,10224127
2017-03-01,59.16666793823242,59.30232620239258,58.45930099487305,58.72092819213867,3537696
2017-03-02,58.68217086791992,59.370155334472656,58.546512603759766,58.68217086791992,2995896
2017-03-03,58.72092819213867,58.895347595214844,57.41279220581055,58.468990325927734,3025824
2017-03-06,58.27519226074219,58.27519226074219,57.10271453857422,57.819766998291016,2562250
2017-03-07,57.62596893310547,58.0329475402832,57.480621337890625,57.9844970703125,1470187
2017-03-08,57.38372039794922,57.5484504699707,55.83333206176758,55.91085433959961,2608277
2017-03-09,55.9205436706543,56.656978607177734,55.18410873413086,55.377906799316406,2003525
2017-03-10,55.70736312866211,56.453487396240234,55.3294563293457,55.61046600341797,1682779
2017-03-13,55.65891647338867,56.42441940307617,55.620155334472656,56.027130126953125,1855123
2017-03-14,55.88178253173828,56.18217086791992,55.60077667236328,55.94961166381836,1752955
2017-03-15,56.33720779418945,57.83914566040039,56.288761138916016,57.393409729003906,2378554
2017-03-16,57.393409729003906,57.781009674072266,57.14147186279297,57.22868347167969,1712191
2017-03-17,57.422481536865234,58.09108352661133,57.151161193847656,58.003875732421875,4741008
2017-03-20,57.99418640136719,58.19767379760742,57.58720779418945,57.61627960205078,1158626
2017-03-21,57.877906799316406,58.488372802734375,57.6550407409668,58.17829513549805,1974422
2017-03-22,58.50775146484375,58.55620193481445,57.47092819213867,58.08139419555664,1553057
2017-03-23,57.761627197265625,58.53682327270508,57.68410873413086,57.8294563293457,1916218
2017-03-24,57.8294563293457,58.2170524597168,57.364341735839844,57.61627960205078,1957498
2017-03-27,57.58720779418945,58.527130126953125,57.02519226074219,57.238372802734375,2060904
2017-03-28,57.19961166381836,57.335269927978516,56.327518463134766,57.0639533996582,2351825
2017-03-29,57.07364273071289,57.393409729003906,56.77325439453125,57.238372802734375,1591138
2017-03-30,56.98643493652344,57.19961166381836,56.36627960205078,57.10271453857422,1325604
2017-03-31,57.03488540649414,57.781009674072266,57.03488540649414,57.68410873413086,2141090
2017-04-03,57.461238861083984,57.92635726928711,57.122093200683594,57.85852813720703,1605586
2017-04-04,57.848838806152344,58.304264068603516,57.61627960205078,57.86821746826172,1390310
2017-04-05,57.945735931396484,58.11046600341797,57.61627960205078,57.89728546142578,1019822
2017-04-06,57.819766998291016,58.53682327270508,57.5484504699707,58.304264068603516,1390104
2017-04-07,58.343021392822266,58.856590270996094,58.343021392822266,58.39147186279297,1325191
2017-04-10,58.372093200683594,58.94379806518555,58.129844665527344,58.86627960205078,913733
2017-04-11,58.953487396240234,59.738372802734375,58.77907180786133,59.50581359863281,1845938
2017-04-12,59.127906799316406,59.680233001708984,59.10852813720703,59.47674560546875,1111567
2017-04-13,59.35077667236328,59.796512603759766,59.312015533447266,59.54457473754883,1152950
2017-04-17,59.81589126586914,59.99031066894531,59.57364273071289,59.893409729003906,1393200
2017-04-18,59.777130126953125,60.21317672729492,59.72868347167969,60.135658264160156,1483087
2017-04-19,60.106590270996094,60.377906799316406,59.893409729003906,60.05813980102539,1239638
2017-04-20,59.94186019897461,60.17441940307617,59.63178253173828,60.145347595214844,1371012
2017-04-21,60.019378662109375,60.17441940307617,59.796512603759766,59.835269927978516,1221475
2017-04-24,59.922481536865234,60.077518463134766,57.906978607177734,58.2170524597168,2946050
2017-04-25,58.33333206176758,58.33333206176758,57.75193786621094,57.97480773925781,1922513
2017-04-26,58.01356506347656,58.08139419555664,57.0155029296875,57.37403106689453,1882574
2017-04-27,57.1705436706543,57.877906799316406,57.122093200683594,57.606590270996094,1481642
2017-04-28,57.519378662109375,57.519378662109375,56.48255920410156,56.54069900512695,1536958
2017-05-01,56.6860466003418,57.31589126586914,56.269378662109375,56.996124267578125,1547484
2017-05-02,57.112403869628906,57.5484504699707,57.02519226074219,57.20930099487305,1612603
2017-05-03,57.32558059692383,57.38372039794922,55.8139533996582,56.03682327270508,1871119
2017-05-04,55.75581359863281,55.75581359863281,53.2170524597168,54.05038833618164,5226461
2017-05-05,54.27325439453125,54.961238861083984,54.069766998291016,54.864341735839844,2122102
2017-05-08,55.077518463134766,55.30038833618164,53.80813980102539,53.953487396240234,2486707
2017-05-09,54.02131652832031,54.17635726928711,52.819766998291016,53.25581359863281,2512094
2017-05-10,53.39147186279297,54.39922332763672,53.2655029296875,53.856590270996094,2872366
2017-05-11,53.56589126586914,53.604652404785156,52.41279220581055,52.75193786621094,2639546
2017-05-12,52.83914566040039,53.25581359863281,52.781009674072266,53.0329475402832,1759250
2017-05-15,53.05232620239258,53.72092819213867,52.58720779418945,52.61627960205078,2163278
2017-05-16,52.645347595214844,52.92635726928711,51.211238861083984,51.56007766723633,3099509
2017-05-17,51.67635726928711,52.3449592590332,51.356590270996094,52.093021392822266,2471537
2017-05-18,52.04457473754883,52.38372039794922,51.64728546142578,52.151161193847656,2211782
2017-05-19,52.19961166381836,52.722869873046875,51.67635726928711,52.519378662109375,1931904
2017-05-22,52.58720779418945,53.2170524597168,52.393409729003906,52.4515495300293,1708992
2017-05-23,52.461238861083984,52.85852813720703,52.277130126953125,52.461238861083984,1550064
2017-05-24,52.5484504699707,53.14922332763672,52.49031066894531,52.96511459350586,1435512
2017-05-25,53.05232620239258,53.711238861083984,52.99418640136719,53.43992233276367,1630354
2017-05-26,53.44961166381836,53.972869873046875,53.28488540649414,53.468990325927734,2114774
2017-05-30,53.38178253173828,53.7984504699707,53.246124267578125,53.29457473754883,1496606
2017-05-31,53.29457473754883,53.7015495300293,53.10077667236328,53.22674560546875,1699188
2017-06-01,53.20736312866211,53.972869873046875,52.83914566040039,53.81782913208008,1753058
2017-06-02,54.21511459350586,54.99031066894531,54.21511459350586,54.82558059692383,2426851
2017-06-05,54.622093200683594,54.68992233276367,53.488372802734375,53.65310287475586,1682573
2017-06-06,53.65310287475586,53.98255920410156,53.20736312866211,53.7015495300293,1619002
2017-06-07,53.7015495300293,54.20542526245117,53.585269927978516,53.895347595214844,1667093
2017-06-08,53.895347595214844,54.137596130371094,53.10077667236328,53.187984466552734,2072772
2017-06-09,53.15891647338867,53.74031066894531,52.577518463134766,53.5949592590332,1781954
2017-06-12,53.74031066894531,54.4670524597168,53.62403106689453,54.39922332763672,1423128
2017-06-13,54.2829475402832,54.680233001708984,54.069766998291016,54.53488540649414,1059761
2017-06-14,55.05813980102539,55.3294563293457,54.738372802734375,55.18410873413086,1512086
2017-06-15,54.864341735839844,55.46511459350586,54.718990325927734,55.145347595214844,1266883
2017-06-16,55.31007766723633,55.348838806152344,54.496124267578125,54.91279220581055,2922418
2017-06-19,54.91279220581055,54.980621337890625,54.21511459350586,54.47674560546875,1860696
2017-06-20,54.437984466552734,54.622093200683594,54.16666793823242,54.42829513549805,2534076
2017-06-21,54.4670524597168,54.57364273071289,53.38178253173828,53.7015495300293,2283300
2017-06-22,53.585269927978516,53.69186019897461,52.96511459350586,53.120155334472656,2073185
2017-06-23,53.129844665527344,53.63372039794922,53.05232620239258,53.56589126586914,2505799
2017-06-26,53.885658264160156,55.51356506347656,53.885658264160156,54.72868347167969,2477110
2017-06-27,54.63178253173828,54.70930099487305,54.02131652832031,54.253875732421875,1983917
2017-06-28,54.38953399658203,55.203487396240234,54.16666793823242,55.0484504699707,1575038
2017-06-29,54.64147186279297,54.69961166381836,53.72092819213867,54.04069900512695,1679890
2017-06-30,54.195735931396484,54.42829513549805,53.246124267578125,53.468990325927734,1496194
2017-07-03,53.66279220581055,54.53488540649414,53.66279220581055,54.312015533447266,1063166
2017-07-05,54.27325439453125,54.45736312866211,53.25581359863281,53.49806213378906,1636958
2017-07-06,53.304264068603516,53.488372802734375,52.4515495300293,52.4515495300293,1647485
2017-07-07,52.59689712524414,53.01356506347656,52.26744079589844,52.99418640136719,1081639
2017-07-10,53.02325439453125,53.05232620239258,51.92829513549805,51.937984466552734,1755845
2017-07-11,52.16085433959961,52.422481536865234,51.6860466003418,52.218990325927734,1219411
2017-07-12,52.61627960205078,53.39147186279297,52.58720779418945,52.97480773925781,1416523
2017-07-13,53.05232620239258,53.49806213378906,52.86821746826172,53.4205436706543,978852
2017-07-14,53.672481536865234,54.622093200683594,53.672481536865234,54.50581359863281,1645008
2017-07-17,54.45736312866211,54.93217086791992,54.36046600341797,54.72868347167969,1433242
2017-07-18,54.91279220581055,55.17441940307617,54.70930099487305,54.82558059692383,1197533
2017-07-19,54.8449592590332,55.52325439453125,54.72868347167969,55.387596130371094,1011566
2017-07-20,55.46511459350586,56.03682327270508,55.27131652832031,55.54263687133789,1045829
2017-07-21,55.620155334472656,55.79457473754883,55.05813980102539,55.5329475402832,886798
2017-07-24,55.52325439453125,55.620155334472656,54.922481536865234,55.39728546142578,1423747
2017-07-25,55.261627197265625,55.70736312866211,54.893409729003906,55.64922332763672,1684843
2017-07-26,55.629844665527344,56.172481536865234,55.4844970703125,56.12403106689453,1595162
2017-07-27,56.03682327270508,56.656978607177734,55.42635726928711,56.15310287475586,2091761
2017-07-28,56.0949592590332,56.385658264160156,55.33914566040039,55.42635726928711,1464098
2017-07-31,55.4360466003418,55.54263687133789,54.980621337890625,55.29069900512695,3504672
2017-08-01,55.406978607177734,56.114341735839844,55.203487396240234,55.94961166381836,1937477
2017-08-02,55.79457473754883,55.79457473754883,54.97092819213867,55.3294563293457,1224571
2017-08-03,55.145347595214844,55.42635726928711,54.9515495300293,55.27131652832031,989998
2017-08-04,55.06782913208008,55.7170524597168,55.0,55.66860580444336,1748724
2017-08-07,55.66860580444336,55.872093200683594,55.222869873046875,55.66860580444336,1030142
2017-08-08,55.49418640136719,55.83333206176758,55.164730072021484,55.52325439453125,1240567
2017-08-09,55.51356506347656,56.03682327270508,55.135658264160156,55.69767379760742,1693099
2017-08-10,55.69767379760742,55.78488540649414,55.25193786621094,55.25193786621094,995880
2017-08-11,55.06782913208008,55.25193786621094,54.496124267578125,54.72868347167969,1315387
2017-08-14,54.980621337890625,55.8139533996582,54.680233001708984,55.54263687133789,1583398
2017-08-15,55.281009674072266,55.387596130371094,54.612403869628906,55.203487396240234,2221690
2017-08-16,55.30038833618164,56.18217086791992,55.25193786621094,55.82364273071289,2200946
2017-08-17,55.83333206176758,55.97868347167969,55.39728546142578,55.41666793823242,1614667
2017-08-18,55.348838806152344,55.39728546142578,54.80620193481445,55.08720779418945,1490827
2017-08-21,55.17441940307617,56.24031066894531,55.038761138916016,56.085269927978516,1621685
2017-08-22,56.00775146484375,56.16279220581055,55.406978607177734,55.60077667236328,1086696
2017-08-23,55.629844665527344,56.327518463134766,55.445735931396484,56.2984504699707,985663
2017-08-24,56.385658264160156,56.637596130371094,55.687984466552734,55.7170524597168,1047480
2017-08-25,56.00775146484375,56.56007766723633,55.79457473754883,56.24031066894531,942629
2017-08-28,56.22092819213867,56.269378662109375,55.319766998291016,55.4360466003418,1064818
2017-08-29,55.69767379760742,55.89147186279297,55.23255920410156,55.36821746826172,1123332
2017-08-30,55.12596893310547,55.25193786621094,54.81589126586914,55.1550407409668,1260898
2017-08-31,55.3294563293457,56.027130126953125,55.24224853515625,55.77519226074219,2860394
2017-09-01,55.73643493652344,56.48255920410156,55.63953399658203,56.06589126586914,1128389
2017-09-05,56.4050407409668,56.569766998291016,56.027130126953125,56.511627197265625,1914979
2017-09-06,56.55038833618164,57.47092819213867,56.33720779418945,56.37596893310547,2528400
2017-09-07,56.64728546142578,57.18992233276367,56.37596893310547,56.88953399658203,1183188
2017-09-08,56.98643493652344,57.887596130371094,56.79263687133789,57.49031066894531,1305996
2017-09-11,57.74224853515625,58.187984466552734,57.40310287475586,57.606590270996094,1231382
2017-09-12,57.49031066894531,58.062015533447266,56.95736312866211,57.093021392822266,1310743
2017-09-13,57.218990325927734,57.354652404785156,56.637596130371094,56.9670524597168,1374934
2017-09-14,56.98643493652344,57.55813980102539,56.753875732421875,57.55813980102539,2509824
2017-09-15,57.73255920410156,58.062015533447266,57.093021392822266,58.04263687133789,2265962
2017-09-18,57.96511459350586,58.129844665527344,57.44186019897461,57.71317672729492,1325914
2017-09-19,57.73255920410156,57.80038833618164,56.85077667236328,56.97674560546875,1702903
2017-09-20,57.112403869628906,57.31589126586914,56.00775146484375,56.531009674072266,2201875
2017-09-21,56.58914566040039,56.84108352661133,56.114341735839844,56.114341735839844,1316935
2017-09-22,56.25,56.6860466003418,55.620155334472656,55.78488540649414,1139328
2017-09-25,55.901161193847656,56.327518463134766,55.47480773925781,56.13372039794922,4604474
2017-09-26,56.13372039794922,56.79263687133789,55.930233001708984,56.531009674072266,1348411
2017-09-27,56.25,56.25968933105469,54.99031066894531,55.5329475402832,1619518
2017-09-28,55.49418640136719,56.06589126586914,55.33914566040039,56.027130126953125,1120752
2017-09-29,55.7170524597168,55.8139533996582,55.08720779418945,55.41666793823242,2842541
2017-10-02,55.41666793823242,55.64922332763672,55.12596893310547,55.30038833618164,2239130
2017-10-03,55.3294563293457,55.57170486450195,55.06782913208008,55.281009674072266,1495058
2017-10-04,55.348838806152344,55.4360466003418,55.019378662109375,55.377906799316406,1344490
2017-10-05,55.5329475402832,55.63953399658203,55.17441940307617,55.261627197265625,1878756
2017-10-06,55.05813980102539,55.05813980102539,54.17635726928711,54.72868347167969,2110646
2017-10-09,54.78682327270508,54.961238861083984,54.622093200683594,54.777130126953125,1015901
2017-10-10,54.9515495300293,55.29069900512695,54.496124267578125,54.854652404785156,1580611
2017-10-11,54.8449592590332,55.222869873046875,54.796512603759766,54.91279220581055,1675968
2017-10-12,54.893409729003906,55.164730072021484,54.69961166381836,54.99031066894531,1417968
2017-10-13,55.164730072021484,55.4360466003418,54.961238861083984,55.106590270996094,1455120
2017-10-16,55.09689712524414,55.25193786621094,54.80620193481445,55.135658264160156,1287833
2017-10-17,55.0484504699707,55.39728546142578,54.9515495300293,55.319766998291016,1298256
2017-10-18,55.23255920410156,55.36821746826172,54.33139419555664,54.54457473754883,1747279
2017-10-19,54.72868347167969,54.854652404785156,54.29263687133789,54.4670524597168,1506410
2017-10-20,54.554264068603516,54.554264068603516,53.72092819213867,53.81782913208008,1744286
2017-10-23,54.031009674072266,54.031009674072266,53.56589126586914,53.75,1199906
2017-10-24,53.72092819213867,53.84689712524414,53.08139419555664,53.25581359863281,2010439
2017-10-25,53.120155334472656,53.23643493652344,52.393409729003906,52.781009674072266,2571022
2017-10-26,53.0329475402832,53.27519226074219,51.695735931396484,51.7829475402832,3096413
2017-10-27,51.72480773925781,52.41279220581055,51.36627960205078,52.25775146484375,1870190
2017-10-30,52.3449592590332,52.96511459350586,52.277130126953125,52.49031066894531,1762243
2017-10-31,52.32558059692383,52.422481536865234,51.55038833618164,52.00581359863281,2245735
2017-11-01,52.093021392822266,52.5484504699707,51.7344970703125,52.25775146484375,1292580
2017-11-02,52.38372039794922,53.7984504699707,52.364341735839844,53.2170524597168,2027158
2017-11-03,53.10077667236328,53.77907180786133,52.86821746826172,53.468990325927734,1603625
2017-11-06,53.51744079589844,54.2344970703125,53.45930099487305,53.546512603759766,1610539
2017-11-07,53.53682327270508,54.718990325927734,53.53682327270508,54.47674560546875,1746866
2017-11-08,54.554264068603516,55.077518463134766,54.2829475402832,54.42829513549805,1209710
2017-11-09,54.26356506347656,55.106590270996094,54.127906799316406,54.5155029296875,1019410
2017-11-10,54.29263687133789,54.94186019897461,54.11821746826172,54.52519226074219,1341600
2017-11-13,54.74806213378906,55.02907180786133,54.60271453857422,54.91279220581055,1605689
2017-11-14,54.922481536865234,55.203487396240234,54.5639533996582,55.135658264160156,1543975
2017-11-15,55.00968933105469,55.45542526245117,54.718990325927734,54.718990325927734,1645730
2017-11-16,54.70930099487305,55.08720779418945,54.370155334472656,54.738372802734375,1243870
2017-11-17,54.63178253173828,54.97092819213867,54.57364273071289,54.72868347167969,1111877
2017-11-20,54.738372802734375,54.87403106689453,54.2829475402832,54.379844665527344,1068223
2017-11-21,54.50581359863281,54.8449592590332,54.26356506347656,54.78682327270508,1344799
2017-11-22,54.622093200683594,54.88372039794922,54.50581359863281,54.54457473754883,1257079
2017-11-24,54.63178253173828,54.76744079589844,54.41860580444336,54.64147186279297,429828
2017-11-27,54.651161193847656,54.78682327270508,54.370155334472656,54.47674560546875,1494439
2017-11-28,54.44767379760742,54.47674560546875,54.05038833618164,54.14728546142578,1428701
2017-11-29,54.011627197265625,54.16666793823242,53.47868347167969,53.75,2142742
2017-11-30,53.68217086791992,53.9050407409668,53.38178253173828,53.585269927978516,2067406
2017-12-01,53.75,54.10852813720703,53.372093200683594,53.827518463134766,3032429
2017-12-04,53.83720779418945,54.156978607177734,53.56589126586914,53.62403106689453,2586914
2017-12-05,53.672481536865234,53.94379806518555,53.43992233276367,53.50775146484375,1791655
2017-12-06,53.585269927978516,53.75968933105469,52.71317672729492,53.003875732421875,2369782
2017-12-07,52.95542526245117,53.43992233276367,52.91666793823242,53.129844665527344,1683708
2017-12-08,53.22674560546875,53.856590270996094,53.22674560546875,53.856590270996094,1400527
2017-12-11,53.885658264160156,54.0794563293457,53.614341735839844,53.7015495300293,2193310
2017-12-12,53.94379806518555,54.10852813720703,53.55620193481445,54.011627197265625,1548206
2017-12-13,54.156978607177734,55.387596130371094,54.156978607177734,55.106590270996094,2499194
2017-12-14,55.09689712524414,55.406978607177734,54.8449592590332,55.203487396240234,2110750
2017-12-15,55.445735931396484,55.78488540649414,55.30038833618164,55.620155334472656,5423573
2017-12-18,55.7170524597168,56.42441940307617,55.7170524597168,56.00775146484375,1871945
2017-12-19,55.83333206176758,55.968990325927734,54.52519226074219,54.60271453857422,1588042
2017-12-20,54.6705436706543,54.8449592590332,53.885658264160156,53.885658264160156,1601767
2017-12-21,54.156978607177734,54.17635726928711,53.45930099487305,53.53682327270508,1258524
2017-12-22,53.69186019897461,54.16666793823242,53.585269927978516,54.11821746826172,1016933
2017-12-26,54.195735931396484,54.738372802734375,54.011627197265625,54.48643493652344,977923
2017-12-27,54.63178253173828,55.21317672729492,54.379844665527344,54.961238861083984,1302281
2017-12-28,54.980621337890625,55.377906799316406,54.75775146484375,55.348838806152344,1350888
2017-12-29,55.164730072021484,55.39728546142578,54.93217086791992,55.25193786621094,1499702
2018-01-02,55.25193786621094,55.29069900512695,54.6705436706543,54.864341735839844,1672872
2018-01-03,54.94186019897461,55.06782913208008,54.57364273071289,54.718990325927734,1593408
2018-01-04,54.53488540649414,54.58333206176758,53.53682327270508,53.53682327270508,1939334
2018-01-05,53.585269927978516,53.65310287475586,53.20736312866211,53.49806213378906,1471219
2018-01-08,53.53682327270508,53.672481536865234,53.3139533996582,53.56589126586914,1133342
2018-01-09,53.49806213378906,53.55620193481445,52.50968933105469,52.56782913208008,1985258
2018-01-10,52.32558059692383,52.364341735839844,51.16279220581055,51.414730072021484,3772682
2018-01-11,51.598838806152344,52.08333206176758,51.50193786621094,51.627906799316406,2310958
2018-01-12,51.55038833618164,51.569766998291016,50.99806213378906,51.085269927978516,2132525
2018-01-16,51.356590270996094,51.85077667236328,51.27907180786133,51.2984504699707,2066477
2018-01-17,51.55038833618164,51.84108352661133,51.30813980102539,51.58914566040039,1718590
2018-01-18,51.4050407409668,51.54069900512695,50.988372802734375,51.114341735839844,1982988
2018-01-19,51.24031066894531,51.50193786621094,50.968990325927734,51.49224853515625,2040780
2018-01-22,51.52131652832031,52.22868347167969,51.52131652832031,52.18992233276367,1760076
2018-01-23,52.277130126953125,52.86821746826172,52.277130126953125,52.83914566040039,1692274
2018-01-24,52.73255920410156,52.887596130371094,52.18992233276367,52.335269927978516,1719931
2018-01-25,52.335269927978516,52.77131652832031,52.25775146484375,52.75193786621094,1690829
2018-01-26,52.81007766723633,52.83914566040039,52.30620193481445,52.52907180786133,1726123
2018-01-29,52.32558059692383,52.49031066894531,51.01744079589844,51.4050407409668,2185879
2018-01-30,51.30813980102539,51.356590270996094,50.65891647338867,50.83333206176758,2155332
2018-01-31,50.70736312866211,51.79263687133789,50.59108352661133,51.54069900512695,3748534
2018-02-01,51.44379806518555,51.56007766723633,49.81589126586914,49.99031066894531,3291048
2018-02-02,49.5155029296875,49.854652404785156,48.856590270996094,49.66085433959961,2595067
2018-02-05,49.312015533447266,50.18410873413086,48.49806213378906,48.546512603759766,3214474
2018-02-06,48.2170524597168,49.08914566040039,47.49031066894531,48.51744079589844,3945542
2018-02-07,48.546512603759766,49.370155334472656,47.37403106689453,47.40310287475586,6054847
2018-02-08,47.32558059692383,47.80038833618164,46.06589126586914,46.085269927978516,4539149
2018-02-09,46.385658264160156,47.75193786621094,45.94961166381836,47.38372039794922,3337075
2018-02-12,47.538761138916016,47.703487396240234,45.78488540649414,47.1705436706543,4427899
2018-02-13,47.14147186279297,47.6550407409668,46.472869873046875,47.47092819213867,2945122
2018-02-14,47.04457473754883,47.14147186279297,46.2984504699707,46.60852813720703,2815812
2018-02-15,46.77325439453125,47.83914566040039,46.64728546142578,47.75193786621094,3099509
2018-02-16,47.80038833618164,48.47868347167969,47.781009674072266,48.41085433959961,3000437
2018-02-20,48.35271453857422,48.69186019897461,47.85852813720703,47.86821746826172,3075360
2018-02-21,47.75193786621094,48.0329475402832,46.84108352661133,46.88953399658203,3612310
2018-02-22,47.054264068603516,48.20736312866211,46.76356506347656,47.77131652832031,3034596
2018-02-23,47.92635726928711,48.68217086791992,47.81007766723633,48.643409729003906,2451619
2018-02-26,48.81782913208008,49.20542526245117,48.604652404785156,49.031009674072266,2905802
2018-02-27,49.10852813720703,49.26356506347656,47.819766998291016,47.83914566040039,3318912
2018-02-28,47.96511459350586,48.25581359863281,47.62596893310547,47.6550407409668,3509006
2018-03-01,47.645347595214844,48.304264068603516,47.32558059692383,48.07170486450195,2577833
2018-03-02,47.91666793823242,48.23643493652344,47.62596893310547,48.187984466552734,2082163
2018-03-05,48.04263687133789,49.069766998291016,48.04263687133789,48.75,1864308
2018-03-06,48.5949592590332,49.00193786621094,48.362403869628906,48.972869873046875,1872770
2018-03-07,48.83720779418945,49.32170486450195,48.57558059692383,49.27325439453125,1491343
2018-03-08,49.30232620239258,49.5639533996582,48.769378662109375,49.011627197265625,1643563
2018-03-09,49.02131652832031,49.29263687133789,48.546512603759766,49.29263687133789,1530353
2018-03-12,49.32170486450195,49.78682327270508,49.127906799316406,49.66085433959961,1746970
2018-03-13,49.854652404785156,50.39728546142578,49.738372802734375,49.854652404785156,1493407
2018-03-14,49.854652404785156,50.18410873413086,49.69961166381836,49.796512603759766,1762553
2018-03-15,49.9515495300293,50.0484504699707,49.33139419555664,49.554264068603516,1435202
2018-03-16,49.554264068603516,50.11627960205078,49.2829475402832,49.87403106689453,2727060
2018-03-19,49.854652404785156,49.99031066894531,49.011627197265625,49.32170486450195,1796299
2018-03-20,49.370155334472656,49.68992233276367,48.65310287475586,48.914730072021484,1784741
2018-03-21,48.98255920410156,49.069766998291016,48.04263687133789,48.35271453857422,2388667
2018-03-22,48.27519226074219,49.11821746826172,48.27519226074219,48.32364273071289,1957085
2018-03-23,48.38178253173828,48.53682327270508,47.59689712524414,47.80038833618164,2054196
2018-03-26,48.120155334472656,48.43992233276367,47.819766998291016,48.401161193847656,1675865
2018-03-27,48.4205436706543,49.36046600341797,47.89728546142578,48.75968933105469,1596091
2018-03-28,49.10852813720703,50.4844970703125,48.99224853515625,50.1550407409668,2101255
2018-03-29,50.377906799316406,50.52325439453125,49.854652404785156,50.12596893310547,2586811
2018-04-02,50.019378662109375,50.3294563293457,49.2829475402832,49.58333206176758,2245219
2018-04-03,49.651161193847656,50.31007766723633,49.069766998291016,50.135658264160156,1969882
2018-04-04,49.91279220581055,51.06589126586914,49.64147186279297,50.82364273071289,1715081
2018-04-05,50.72674560546875,50.8139533996582,50.261627197265625,50.746124267578125,1199287
2018-04-06,50.872093200683594,51.531009674072266,50.377906799316406,50.46511459350586,1624884
2018-04-09,50.47480773925781,50.83333206176758,50.11627960205078,50.281009674072266,1395264
2018-04-10,50.51356506347656,50.52325439453125,50.077518463134766,50.11627960205078,1305067
2018-04-11,50.11627960205078,50.69767379760742,50.0484504699707,50.222869873046875,952226
2018-04-12,50.23255920410156,50.31007766723633,49.00193786621094,49.127906799316406,1392271
2018-04-13,49.14728546142578,49.2829475402832,48.81782913208008,49.2344970703125,1336646
2018-04-16,49.36046600341797,49.64147186279297,48.94379806518555,49.496124267578125,1236955
2018-04-17,49.554264068603516,50.281009674072266,49.2829475402832,50.00968933105469,1268122
2018-04-18,50.0484504699707,50.31007766723633,49.80620193481445,49.835269927978516,1224158
2018-04-19,49.58333206176758,49.64147186279297,48.50775146484375,48.614341735839844,1738404
2018-04-20,48.711238861083984,48.885658264160156,47.79069900512695,47.99418640136719,2036446
2018-04-23,47.99418640136719,48.07170486450195,47.335269927978516,47.606590270996094,1625606
2018-04-24,47.79069900512695,48.120155334472656,47.28682327270508,47.945735931396484,1975145
2018-04-25,47.83914566040039,48.09108352661133,47.49031066894531,48.07170486450195,1528082
2018-04-26,48.2655029296875,49.10852813720703,48.08139419555664,48.827518463134766,1224571
2018-04-27,48.77907180786133,50.203487396240234,48.77907180786133,49.854652404785156,2019005
2018-04-30,49.75775146484375,49.835269927978516,48.94379806518555,48.94379806518555,3025102
2018-05-01,48.93410873413086,49.72868347167969,48.68217086791992,49.593021392822266,1988354
2018-05-02,49.379844665527344,49.52519226074219,48.69186019897461,49.2344970703125,1454088
2018-05-03,49.14728546142578,49.93217086791992,49.031009674072266,49.69961166381836,1371115
2018-05-04,49.66085433959961,50.804264068603516,49.64147186279297,50.64922332763672,1911883
2018-05-07,50.83333206176758,51.03682327270508,50.55232620239258,51.03682327270508,1783399
2018-05-08,50.872093200683594,51.01744079589844,50.4360466003418,50.83333206176758,1732006
2018-05-09,50.49418640136719,51.414730072021484,50.145347595214844,51.230621337890625,2008272
2018-05-10,51.472869873046875,52.03488540649414,51.356590270996094,51.86046600341797,1422199
2018-05-11,51.937984466552734,52.19961166381836,51.24031066894531,51.34689712524414,1290929
2018-05-14,51.18217086791992,51.453487396240234,50.66860580444336,51.143409729003906,1481436
2018-05-15,50.67829513549805,50.69767379760742,49.593021392822266,50.11627960205078,2597647
2018-05-16,50.30038833618164,50.629844665527344,50.145347595214844,50.29069900512695,1935206
2018-05-17,50.36821746826172,50.61046600341797,49.90310287475586,50.11627960205078,1244179
2018-05-18,50.09689712524414,50.348838806152344,49.76744079589844,50.05813980102539,4136669
2018-05-21,50.31007766723633,50.930233001708984,49.796512603759766,50.687984466552734,1770086
2018-05-22,50.562015533447266,50.804264068603516,50.49418640136719,50.65891647338867,1568227
2018-05-23,50.83333206176758,51.56007766723633,50.72674560546875,51.33720779418945,1695266
2018-05-24,51.453487396240234,51.64728546142578,50.78488540649414,51.15310287475586,1413014
2018-05-25,51.19186019897461,51.472869873046875,51.00775146484375,51.2015495300293,984115
2018-05-29,51.2015495300293,51.77325439453125,50.968990325927734,51.66666793823242,1880614
2018-05-30,51.453487396240234,52.3449592590332,51.085269927978516,52.0639533996582,1853472
2018-05-31,51.71511459350586,51.82170486450195,51.30813980102539,51.64728546142578,2134795
2018-06-01,51.753875732421875,51.97674560546875,51.30813980102539,51.395347595214844,2135930
2018-06-04,51.5794563293457,51.61821746826172,51.05620193481445,51.511627197265625,2132628
2018-06-05,51.637596130371094,51.870155334472656,51.33720779418945,51.356590270996094,1980614
2018-06-06,51.356590270996094,51.627906799316406,51.0949592590332,51.61821746826172,1535410
2018-06-07,51.60852813720703,51.996124267578125,51.44379806518555,51.695735931396484,1205479
2018-06-08,51.74418640136719,51.937984466552734,51.569766998291016,51.61821746826172,1072867
2018-06-11,51.656978607177734,51.82170486450195,51.46317672729492,51.7344970703125,1029110
2018-06-12,51.6860466003418,52.43217086791992,51.64728546142578,52.296512603759766,2079583
2018-06-13,52.422481536865234,52.422481536865234,50.746124267578125,50.77519226074219,2533973
2018-06-14,50.930233001708984,51.6860466003418,50.930233001708984,51.34689712524414,2063897
2018-06-15,51.356590270996094,51.80232620239258,51.25,51.327518463134766,3025411
2018-06-18,51.30813980102539,51.55038833618164,51.03682327270508,51.25968933105469,1844390
2018-06-19,51.18217086791992,51.49224853515625,51.046512603759766,51.22092819213867,2215601
2018-06-20,51.327518463134766,51.88953399658203,51.13372039794922,51.83139419555664,2839032
2018-06-21,51.83139419555664,52.122093200683594,51.67635726928711,51.86046600341797,1692170
2018-06-22,51.88953399658203,52.26744079589844,51.695735931396484,52.112403869628906,2806214
2018-06-25,52.20930099487305,52.761627197265625,51.98643493652344,52.55813980102539,3152141
2018-06-26,52.56782913208008,53.187984466552734,52.354652404785156,52.664730072021484,3304361
2018-06-27,52.95542526245117,53.28488540649414,52.645347595214844,52.83914566040039,2506212
2018-06-28,52.58720779418945,52.761627197265625,51.870155334472656,52.61627960205078,2997754
2018-06-29,52.20930099487305,52.6550407409668,51.7829475402832,52.122093200683594,2496305
2018-07-02,52.08333206176758,52.422481536865234,51.104652404785156,51.627906799316406,3329232
2018-07-03,51.67635726928711,52.6550407409668,51.385658264160156,52.47092819213867,1246656
2018-07-05,52.62596893310547,53.49806213378906,52.354652404785156,53.44961166381836,2122308
2018-07-06,53.63372039794922,54.05038833618164,53.45930099487305,53.856590270996094,2148727
2018-07-09,53.856590270996094,53.856590270996094,52.81007766723633,53.17829513549805,1548000
2018-07-10,53.55620193481445,53.9050407409668,53.25581359863281,53.75,1869365
2018-07-11,53.74031066894531,54.00193786621094,53.39147186279297,53.430233001708984,1040978
2018-07-12,53.51744079589844,53.827518463134766,53.25581359863281,53.7015495300293,1287626
2018-07-13,53.81782913208008,54.0794563293457,53.372093200683594,53.43992233276367,939017
2018-07-16,53.32364273071289,53.39147186279297,52.73255920410156,53.20736312866211,1522200
2018-07-17,53.25581359863281,53.362403869628906,52.89728546142578,53.02325439453125,1454604
2018-07-18,53.02325439453125,53.32364273071289,52.79069900512695,53.2655029296875,1798054
2018-07-19,53.2655029296875,54.1860466003418,53.062015533447266,54.0794563293457,1965444
2018-07-20,53.972869873046875,54.10852813720703,53.527130126953125,53.769378662109375,1642325
2018-07-23,53.80813980102539,53.885658264160156,53.3139533996582,53.75,1811882
2018-07-24,53.63372039794922,53.65310287475586,53.19767379760742,53.246124267578125,1639951
2018-07-25,53.362403869628906,54.156978607177734,53.2170524597168,54.02131652832031,1722408
2018-07-26,54.02131652832031,54.42829513549805,53.953487396240234,54.031009674072266,1294231
2018-07-27,54.21511459350586,54.253875732421875,53.14922332763672,53.33333206176758,1529837
2018-07-30,53.3139533996582,53.77907180786133,52.9844970703125,53.65310287475586,1506926
2018-07-31,53.585269927978516,54.44767379760742,53.488372802734375,54.04069900512695,3767316
2018-08-01,53.614341735839844,54.33139419555664,53.304264068603516,54.24418640136719,2109408
2018-08-02,54.14728546142578,55.406978607177734,54.00193786621094,55.145347595214844,2336861
2018-08-03,55.19379806518555,55.94961166381836,55.145347595214844,55.88178253173828,1515286
2018-08-06,55.99806213378906,56.085269927978516,55.60077667236328,55.82364273071289,1706825
2018-08-07,55.82364273071289,55.82364273071289,55.164730072021484,55.47480773925781,1577515
2018-08-08,55.52325439453125,55.60077667236328,55.18410873413086,55.377906799316406,1223746
2018-08-09,55.445735931396484,55.5329475402832,55.12596893310547,55.21317672729492,1332106
2018-08-10,55.145347595214844,55.45542526245117,54.75775146484375,54.75775146484375,1001659
2018-08-13,54.854652404785156,55.038761138916016,54.72868347167969,54.961238861083984,989894
2018-08-14,55.019378662109375,55.46511459350586,54.835269927978516,55.31007766723633,1376482
2018-08-15,55.31007766723633,55.88178253173828,55.222869873046875,55.82364273071289,1287317
2018-08-16,55.85271453857422,56.43410873413086,55.7170524597168,56.395347595214844,1245108
2018-08-17,56.356590270996094,57.07364273071289,56.143409729003906,57.02519226074219,1566782
2018-08-20,57.112403869628906,57.40310287475586,56.879844665527344,56.95736312866211,1111567
2018-08-21,56.91860580444336,56.92829513549805,56.453487396240234,56.7829475402832,1398154
2018-08-22,56.86046600341797,56.97674560546875,56.34689712524414,56.66666793823242,904342
2018-08-23,56.6860466003418,56.82170486450195,56.453487396240234,56.637596130371094,975653
2018-08-24,56.472869873046875,56.879844665527344,56.33720779418945,56.7829475402832,759242
2018-08-27,56.90891647338867,56.94767379760742,56.16279220581055,56.56007766723633,1233962
2018-08-28,56.64728546142578,57.24806213378906,56.472869873046875,57.238372802734375,1177409
2018-08-29,57.07364273071289,57.07364273071289,56.56007766723633,56.70542526245117,1414562
2018-08-30,56.91860580444336,56.95736312866211,56.49224853515625,56.60852813720703,932206
2018-08-31,56.58914566040039,56.80232620239258,56.37596893310547,56.753875732421875,1290929
2018-09-04,56.72480773925781,57.00581359863281,56.31782913208008,56.56007766723633,1358938
2018-09-05,56.385658264160156,57.08333206176758,56.18217086791992,56.812015533447266,1492891
2018-09-06,56.937984466552734,57.1705436706543,56.82170486450195,56.9670524597168,1525606
2018-09-07,56.56007766723633,56.66666793823242,56.18217086791992,56.33720779418945,1665958
2018-09-10,56.54069900512695,56.879844665527344,56.42441940307617,56.54069900512695,1022299
2018-09-11,56.385658264160156,56.64728546142578,56.114341735839844,56.211238861083984,1205273
2018-09-12,56.269378662109375,56.64728546142578,56.0949592590332,56.30813980102539,971318
2018-09-13,56.55038833618164,56.67635726928711,56.25968933105469,56.33720779418945,1552954
2018-09-14,56.104652404785156,56.104652404785156,55.19379806518555,55.872093200683594,2150172
2018-09-17,55.9205436706543,56.37596893310547,55.52325439453125,56.36627960205078,5237090
2018-09-18,56.2984504699707,56.414730072021484,55.4360466003418,55.72674560546875,1874628
2018-09-19,55.872093200683594,55.901161193847656,54.75775146484375,54.893409729003906,2118077
2018-09-20,54.88372039794922,55.55232620239258,54.53488540649414,55.49418640136719,1492891
2018-09-21,55.47480773925781,55.72674560546875,55.145347595214844,55.222869873046875,3785170
2018-09-24,55.23255920410156,55.25193786621094,54.24418640136719,54.38953399658203,1810850
2018-09-25,54.612403869628906,55.038761138916016,54.36046600341797,54.70930099487305,1589383
2018-09-26,54.68992233276367,54.893409729003906,54.05038833618164,54.08914566040039,1394438
2018-09-27,54.14728546142578,54.680233001708984,54.10852813720703,54.379844665527344,1212290
2018-09-28,54.379844665527344,55.18410873413086,54.32170486450195,55.12596893310547,2246870
2018-10-01,54.8449592590332,55.4360466003418,54.6705436706543,54.8449592590332,2923140
2018-10-02,54.864341735839844,55.23255920410156,54.70930099487305,55.0484504699707,2202288
2018-10-03,55.23255920410156,55.54263687133789,54.4670524597168,55.0,4892712
2018-10-04,54.64147186279297,54.922481536865234,54.1860466003418,54.78682327270508,4123459
2018-10-05,54.893409729003906,55.4360466003418,54.8449592590332,55.29069900512695,3872580
2018-10-08,55.30038833618164,56.6860466003418,55.30038833618164,56.27907180786133,3318706
2018-10-09,56.356590270996094,56.95736312866211,56.143409729003906,56.753875732421875,3064214
2018-10-10,56.50193786621094,56.83139419555664,55.51356506347656,55.5329475402832,2480618
2018-10-11,55.75581359863281,55.85271453857422,54.17635726928711,54.22480773925781,2843986
2018-10-12,54.47674560546875,54.680233001708984,53.827518463134766,54.11821746826172,2302805
2018-10-15,54.04069900512695,55.00968933105469,54.02131652832031,54.42829513549805,2249760
2018-10-16,54.680233001708984,55.9205436706543,54.41860580444336,55.7655029296875,1999913
2018-10-17,55.629844665527344,56.50193786621094,55.41666793823242,56.24031066894531,3127682
2018-10-18,56.27907180786133,56.637596130371094,55.94961166381836,56.114341735839844,1782058
2018-10-19,56.2015495300293,56.870155334472656,56.2015495300293,56.6860466003418,1587526
2018-10-22,56.7829475402832,57.093021392822266,55.862403869628906,55.9205436706543,1602799
2018-10-23,55.7170524597168,57.00581359863281,55.7170524597168,56.656978607177734,2008685
2018-10-24,56.695735931396484,58.32364273071289,56.511627197265625,57.945735931396484,3175154
2018-10-25,57.664730072021484,58.66279220581055,57.38372039794922,58.372093200683594,2494034
2018-10-26,58.19767379760742,58.47868347167969,57.07364273071289,57.877906799316406,2980622
2018-10-29,58.08139419555664,59.437984466552734,58.062015533447266,59.39922332763672,3367106
2018-10-30,59.39922332763672,60.06782913208008,58.98255920410156,59.496124267578125,4022117
2018-10-31,59.08914566040039,59.2829475402832,57.906978607177734,58.401161193847656,5005716
2018-11-01,58.401161193847656,59.42829513549805,57.703487396240234,59.29263687133789,2543467
2018-11-02,59.17635726928711,59.32170486450195,57.52907180786133,58.39147186279297,2773397
2018-11-05,58.56589126586914,59.854652404785156,58.488372802734375,59.5639533996582,1961522
2018-11-06,59.58333206176758,59.738372802734375,59.14728546142578,59.651161193847656,1913947
2018-11-07,59.68992233276367,60.36821746826172,59.39922332763672,60.35852813720703,1917456
2018-11-08,60.27131652832031,60.562015533447266,59.796512603759766,60.54263687133789,1689590
2018-11-09,60.41666793823242,61.00775146484375,60.319766998291016,60.8139533996582,1512809
2018-11-12,60.82364273071289,61.385658264160156,60.72674560546875,60.93992233276367,1532004
2018-11-13,60.94961166381836,61.13372039794922,60.503875732421875,60.89147186279297,1382261
2018-11-14,60.988372802734375,61.531009674072266,60.968990325927734,61.211238861083984,2185157
2018-11-15,61.2015495300293,61.22092819213867,60.42635726928711,60.73643493652344,2785162
2018-11-16,60.72674560546875,61.870155334472656,60.69767379760742,61.812015533447266,2181235
2018-11-19,61.80232620239258,62.49031066894531,61.5794563293457,61.98643493652344,2137994
2018-11-20,61.79263687133789,62.55813980102539,61.598838806152344,61.879844665527344,2524788
2018-11-21,61.937984466552734,62.180233001708984,61.43410873413086,61.61821746826172,1871326
2018-11-23,61.5794563293457,61.812015533447266,61.13372039794922,61.43410873413086,910121
2018-11-26,61.58914566040039,61.67635726928711,60.70736312866211,61.07558059692383,1671014
2018-11-27,61.07558059692383,61.7344970703125,60.85271453857422,61.70542526245117,1794442
2018-11-28,61.85077667236328,62.335269927978516,61.31782913208008,61.66666793823242,2361629
2018-11-29,61.77325439453125,62.054264068603516,61.453487396240234,61.879844665527344,2740786
2018-11-30,61.83139419555664,62.37403106689453,61.52131652832031,62.10271453857422,4244719
2018-12-03,62.02519226074219,62.4515495300293,61.395347595214844,62.4515495300293,2817876
2018-12-04,62.40310287475586,63.17829513549805,61.97674560546875,62.054264068603516,2422826
2018-12-06,62.25775146484375,64.17635345458984,61.67635726928711,64.15697479248047,4083108
2018-12-07,63.7015495300293,64.36046600341797,63.372093200683594,63.885658264160156,3706325
2018-12-10,63.92441940307617,64.01162719726562,62.722869873046875,63.62403106689453,1983607
2018-12-11,63.953487396240234,64.69961547851562,63.72092819213867,64.24418640136719,1707134
2018-12-12,64.55426025390625,64.83527374267578,63.07170486450195,63.14922332763672,2332836
2018-12-13,63.29457473754883,64.70930480957031,63.22674560546875,64.26356506347656,2772365
2018-12-14,64.01162719726562,64.37015533447266,63.7984504699707,64.28294372558594,2426851
2018-12-17,64.42829132080078,64.75775146484375,61.937984466552734,62.122093200683594,3462463
2018-12-18,62.67441940307617,63.45930099487305,62.47092819213867,63.04263687133789,2308171
2018-12-19,63.08139419555664,63.51744079589844,62.335269927978516,62.61627960205078,2948630
2018-12-20,62.645347595214844,63.0329475402832,61.627906799316406,62.19961166381836,2415602
2018-12-21,62.20930099487305,63.22674560546875,61.7344970703125,61.812015533447266,5746073
2018-12-24,61.637596130371094,61.72480773925781,58.07170486450195,58.401161193847656,2456986
2018-12-26,58.604652404785156,60.97868347167969,58.246124267578125,60.95930099487305,2070708
2018-12-27,60.67829513549805,61.37596893310547,59.379844665527344,61.34689712524414,2161008
2018-12-28,61.46317672729492,62.0639533996582,60.82364273071289,61.385658264160156,2043566
2018-12-31,61.2015495300293,61.30813980102539,60.08720779418945,61.085269927978516,1816526
2019-01-02,60.66860580444336,60.72674560546875,59.680233001708984,60.00968933105469,2567306
2019-01-03,60.077518463134766,61.34689712524414,60.06782913208008,60.54263687133789,2740270
2019-01-04,60.67829513549805,61.06589126586914,60.09689712524414,60.52325439453125,2569474
2019-01-07,60.5329475402832,61.046512603759766,60.23255920410156,60.348838806152344,2815915
2019-01-08,60.61046600341797,61.43410873413086,60.27131652832031,61.230621337890625,2882479
2019-01-09,61.114341735839844,61.34689712524414,60.1550407409668,60.988372802734375,2389699
2019-01-10,60.75581359863281,61.97674560546875,60.59108352661133,61.94767379760742,2178449
2019-01-11,61.937984466552734,62.31589126586914,61.598838806152344,62.296512603759766,1435512
2019-01-14,62.151161193847656,62.277130126953125,61.46317672729492,61.85077667236328,1582366
2019-01-15,62.02519226074219,62.8294563293457,61.79263687133789,62.761627197265625,1305893
2019-01-16,62.664730072021484,62.96511459350586,62.20930099487305,62.645347595214844,1887631
2019-01-17,62.635658264160156,63.08139419555664,62.41279220581055,62.80038833618164,1358215
2019-01-18,63.10077667236328,63.16860580444336,62.4515495300293,62.645347595214844,1743461
2019-01-22,62.8294563293457,63.35271453857422,62.26744079589844,62.761627197265625,2012297
2019-01-23,62.761627197265625,62.89728546142578,62.02519226074219,62.422481536865234,1809922
2019-01-24,62.393409729003906,62.480621337890625,61.82170486450195,62.26744079589844,1741810
2019-01-25,62.24806213378906,63.20736312866211,62.24806213378906,63.19767379760742,1960078
2019-01-28,63.129844665527344,63.96317672729492,62.9844970703125,63.94379806518555,2117664
2019-01-29,63.972869873046875,64.65116119384766,63.96317672729492,64.6124038696289,2079170
2019-01-30,64.44767761230469,65.5813980102539,64.43798065185547,65.47480773925781,2099914
2019-01-31,65.16472625732422,66.77325439453125,64.64147186279297,66.5600814819336,6468782
2019-02-01,66.64728546142578,66.87984466552734,64.9030990600586,65.72674560546875,2185260
2019-02-04,65.80426025390625,66.86046600341797,65.31977081298828,66.69573974609375,2972779
2019-02-05,66.66666412353516,67.20930480957031,66.13372039794922,67.17053985595703,2389699
2019-02-06,67.18022918701172,67.18022918701172,66.58914947509766,67.03488159179688,1708682
2019-02-07,66.93798065185547,68.01356506347656,66.66666412353516,67.92635345458984,2343878
2019-02-08,67.6065902709961,68.12984466552734,67.52906799316406,67.90697479248047,1714152
2019-02-11,67.8779067993164,68.29457092285156,67.73255920410156,68.22674560546875,1468020
2019-02-12,68.20736694335938,68.27519226074219,66.79263305664062,67.19961547851562,1984742
2019-02-13,67.0155029296875,67.52906799316406,66.61821746826172,67.42247772216797,1654812
2019-02-14,67.48062133789062,67.781005859375,67.1899185180664,67.61627960205078,1234582
2019-02-15,67.8875961303711,67.9844970703125,67.51937866210938,67.91666412353516,1610849
2019-02-19,67.76162719726562,68.10077667236328,67.56782531738281,67.75193786621094,1920965
2019-02-20,67.62596893310547,67.73255920410156,66.0465087890625,66.67635345458984,1567814
2019-02-21,65.8720932006836,67.41278839111328,65.41666412353516,67.4030990600586,3483206
2019-02-22,67.56782531738281,67.8779067993164,67.1124038696289,67.57752227783203,2192484
2019-02-25,67.68411254882812,67.69379425048828,66.99612426757812,67.24806213378906,1549135
2019-02-26,67.43217468261719,67.51937866210938,66.72480773925781,67.02519226074219,1961729
2019-02-27,66.7344970703125,66.8410873413086,66.08527374267578,66.69573974609375,1710850
2019-02-28,66.49224853515625,67.46124267578125,66.19185638427734,67.0155029296875,2202391
2019-03-01,66.96705627441406,67.05426025390625,66.06588745117188,66.99612426757812,1918075
2019-03-04,67.06394958496094,67.3934097290039,66.54069519042969,67.38372039794922,2084640
2019-03-05,67.20930480957031,67.89728546142578,67.1124038696289,67.63565826416016,1602180
2019-03-06,67.69379425048828,67.9844970703125,67.34496307373047,67.35465240478516,1457803
2019-03-07,67.57752227783203,68.00387573242188,67.18022918701172,67.30620574951172,2321174
2019-03-08,67.3934097290039,67.82946014404297,67.13178253173828,67.58721160888672,1204860
2019-03-11,67.75193786621094,68.5755844116211,67.69379425048828,68.53681945800781,1731902
2019-03-12,68.68217468261719,69.22480773925781,68.56588745117188,69.14728546142578,1761211
2019-03-13,69.22480773925781,69.68022918701172,68.94379425048828,69.08914947509766,2184331
2019-03-14,69.3410873413086,69.68022918701172,69.04069519042969,69.68022918701172,1813224
2019-03-15,69.718994140625,69.87403106689453,68.89534759521484,69.031005859375,3678151
2019-03-18,69.11821746826172,69.37015533447266,68.32364654541016,68.80814361572266,2173908
2019-03-19,68.63372039794922,68.71124267578125,67.64534759521484,67.8779067993164,2111162
2019-03-20,67.89728546142578,68.99224853515625,67.79069519042969,68.5465087890625,1631179
2019-03-21,68.62403106689453,70.26162719726562,68.62403106689453,70.22286987304688,1852750
2019-03-22,70.30038452148438,71.18217468261719,70.26162719726562,70.34883880615234,1748105
2019-03-25,70.32946014404297,71.28875732421875,69.95155334472656,70.97868347167969,1349134
2019-03-26,71.18217468261719,71.75387573242188,71.06588745117188,71.68605041503906,1870913
2019-03-27,71.75387573242188,71.8410873413086,70.83333587646484,71.17247772216797,1826743
2019-03-28,71.60852813720703,71.60852813720703,70.98837280273438,71.57946014404297,2426438
2019-03-29,71.5600814819336,71.5600814819336,70.54263305664062,71.27906799316406,2660186
2019-04-01,71.23062133789062,71.24031066894531,69.7965087890625,70.47480773925781,2111782
2019-04-02,70.30038452148438,70.3875961303711,69.48643493652344,70.30038452148438,2059562
2019-04-03,70.21318054199219,70.21318054199219,69.52519226074219,69.718994140625,1925609
2019-04-04,69.78681945800781,69.83527374267578,69.1375961303711,69.56394958496094,1251713
2019-04-05,69.42829132080078,70.05814361572266,69.38953399658203,70.03875732421875,1158730
2019-04-08,69.96124267578125,70.18411254882812,69.49612426757812,69.76744079589844,1100731
2019-04-09,69.76744079589844,69.84496307373047,68.87596893310547,68.98255920410156,1417039
2019-04-10,69.31201934814453,69.72868347167969,69.11821746826172,69.53488159179688,1418587
2019-04-11,69.718994140625,70.04844665527344,69.031005859375,69.18605041503906,1926331
2019-04-12,69.1375961303711,69.1375961303711,68.52713012695312,69.09883880615234,1949448
2019-04-15,69.17635345458984,69.2344970703125,68.73062133789062,69.16666412353516,1778858
2019-04-16,69.18605041503906,69.22480773925781,66.87984466552734,67.1899185180664,2011884
2019-04-17,67.1220932006836,67.15116119384766,65.6686019897461,65.6686019897461,2319007
2019-04-18,65.85271453857422,66.58914947509766,65.85271453857422,66.40503692626953,1821067
2019-04-22,66.36627960205078,66.41472625732422,65.13565826416016,65.78488159179688,1563686
2019-04-23,66.18217468261719,67.00581359863281,65.9399185180664,66.9186019897461,1692480
2019-04-24,67.16085052490234,68.11046600341797,66.97674560546875,67.75193786621094,1467607
2019-04-25,67.54844665527344,68.18798065185547,67.1899185180664,67.90697479248047,933444
2019-04-26,68.20736694335938,68.62403106689453,67.91666412353516,68.39147186279297,803825
2019-04-29,68.31394958496094,68.44961547851562,67.34496307373047,67.34496307373047,1085045
2019-04-30,67.34496307373047,68.12015533447266,66.86046600341797,67.83914947509766,1947797
2019-05-01,67.781005859375,68.66278839111328,67.66472625732422,67.82946014404297,1432416
2019-05-02,68.14922332763672,69.6220932006836,67.8100814819336,68.05232238769531,2289595
2019-05-03,68.29457092285156,68.51744079589844,67.97480773925781,68.12015533447266,1195572
2019-05-06,67.94573974609375,68.50775146484375,67.69379425048828,67.79069519042969,1272146
2019-05-07,65.89147186279297,66.05620574951172,64.5155029296875,64.56394958496094,15197542
2019-05-08,64.78681945800781,65.69767761230469,64.63178253173828,64.74806213378906,3430162
2019-05-09,64.72868347167969,65.44573974609375,64.15697479248047,65.27131652832031,3517056
2019-05-10,65.26162719726562,66.1530990600586,65.1065902709961,66.12403106689453,2581858
2019-05-13,65.8624038696289,66.59883880615234,65.63953399658203,66.37596893310547,3750185
2019-05-14,66.44379425048828,66.93798065185547,66.29844665527344,66.87015533447266,2271948
2019-05-15,66.87984466552734,67.33527374267578,66.56977081298828,67.1220932006836,2702911
2019-05-16,67.10271453857422,67.57752227783203,66.92829132080078,67.16085052490234,2016631
2019-05-17,66.94767761230469,67.16085052490234,66.55038452148438,67.1220932006836,1475038
2019-05-20,67.1220932006836,67.3934097290039,65.98837280273438,66.19185638427734,1851408
2019-05-21,66.32752227783203,67.08333587646484,66.20155334472656,66.9089126586914,1645937
2019-05-22,67.14147186279297,67.56782531738281,66.68605041503906,67.55814361572266,1766990
2019-05-23,67.52906799316406,68.41085052490234,67.27713012695312,68.39147186279297,2458327
2019-05-24,68.38178253173828,68.79844665527344,68.22674560546875,68.34302520751953,1347379
2019-05-28,68.5755844116211,69.01162719726562,67.57752227783203,67.57752227783203,2237892
2019-05-29,67.53875732421875,67.61627960205078,66.48255920410156,66.66666412353516,1676381
2019-05-30,66.86046600341797,67.73255920410156,66.60852813720703,67.07364654541016,1103414
2019-05-31,66.87984466552734,68.25581359863281,66.79263305664062,67.90697479248047,1727981
2019-06-03,68.14922332763672,69.22480773925781,68.06201934814453,69.10852813720703,1993411
2019-06-04,68.81782531738281,68.82752227783203,67.57752227783203,68.21705627441406,2820559
2019-06-05,68.68217468261719,70.24224853515625,68.53681945800781,70.23255920410156,1704348
2019-06-06,70.34883880615234,70.56201934814453,69.92247772216797,70.35852813720703,1188554
2019-06-07,70.72674560546875,71.20155334472656,70.29069519042969,70.39728546142578,1152228
2019-06-10,70.35852813720703,70.40697479248047,69.15697479248047,69.54457092285156,1430765
2019-06-11,69.52519226074219,70.16472625732422,69.47674560546875,69.99031066894531,1240361
2019-06-12,70.281005859375,70.9399185180664,70.1065902709961,70.80426025390625,1396193
2019-06-13,70.83333587646484,71.02713012695312,70.02906799316406,70.44573974609375,1524780
2019-06-14,70.47480773925781,71.38565826416016,70.47480773925781,70.99806213378906,1460383
2019-06-17,71.21124267578125,71.67635345458984,70.73643493652344,71.00775146484375,1439537
2019-06-18,71.43411254882812,71.60852813720703,69.95155334472656,70.34883880615234,2065135
2019-06-19,70.08721160888672,71.20155334472656,69.8255844116211,70.94961547851562,2107963
2019-06-20,71.19185638427734,71.47286987304688,70.82364654541016,71.01744079589844,2038922
2019-06-21,70.79457092285156,70.82364654541016,69.84496307373047,70.00968933105469,5688384
2019-06-24,70.33914947509766,70.5910873413086,69.39922332763672,69.55426025390625,1797022
2019-06-25,69.66085052490234,69.94185638427734,68.20736694335938,68.22674560546875,1866269
2019-06-26,68.23643493652344,68.23643493652344,66.18217468261719,66.37596893310547,2277211
2019-06-27,66.76356506347656,67.33527374267578,66.69573974609375,67.26744079589844,1362034
2019-06-28,67.1899185180664,67.42247772216797,66.51162719726562,66.8313980102539,3110551
2019-07-01,66.98643493652344,67.02519226074219,65.60077667236328,65.92053985595703,2208583
2019-07-02,66.23062133789062,67.20930480957031,66.10465240478516,66.95736694335938,2269265
2019-07-03,67.17053985595703,68.48837280273438,67.17053985595703,68.468994140625,936643
2019-07-05,67.80038452148438,68.0813980102539,66.65697479248047,67.81977081298828,977201
2019-07-08,67.82946014404297,68.25581359863281,67.55814361572266,67.93605041503906,1323024
2019-07-09,67.93605041503906,68.69185638427734,67.68411254882812,68.51744079589844,2110956
2019-07-10,68.88565826416016,69.14728546142578,68.29457092285156,69.031005859375,1255531
2019-07-11,69.19573974609375,69.22480773925781,67.99418640136719,68.468994140625,1457081
2019-07-12,68.39147186279297,68.75968933105469,68.02325439453125,68.53681945800781,1827982
2019-07-15,68.62403106689453,69.031005859375,68.05232238769531,68.20736694335938,1093301
2019-07-16,67.83914947509766,67.95542907714844,67.07364654541016,67.69379425048828,1807961
2019-07-17,67.96511840820312,68.31394958496094,67.31588745117188,67.75193786621094,1107646
2019-07-18,67.56782531738281,68.1686019897461,67.1124038696289,67.92635345458984,1085045
2019-07-19,67.96511840820312,68.05232238769531,66.56977081298828,66.60852813720703,1393716
2019-07-22,66.68605041503906,66.89922332763672,66.05620574951172,66.37596893310547,1281538
2019-07-23,66.43411254882812,67.46124267578125,66.21124267578125,67.44185638427734,1141289
2019-07-24,67.53875732421875,67.65503692626953,66.99612426757812,67.15116119384766,1058316
2019-07-25,67.16085052490234,67.24806213378906,66.18217468261719,66.74418640136719,1660901
2019-07-26,66.8410873413086,67.41278839111328,66.61821746826172,67.38372039794922,1227254
2019-07-29,67.61627960205078,68.25581359863281,67.4030990600586,68.00387573242188,2261525
2019-07-30,68.00387573242188,68.69185638427734,67.31588745117188,67.84883880615234,1411260
2019-07-31,67.5969009399414,67.90697479248047,66.85077667236328,67.06394958496094,2832840
2019-08-01,67.1124038696289,67.79069519042969,66.66666412353516,67.50968933105469,1649652
2019-08-02,67.44185638427734,68.3624038696289,67.14147186279297,67.8779067993164,1753368
2019-08-05,67.95542907714844,68.49806213378906,66.1530990600586,66.82170867919922,2103526
2019-08-06,66.26937866210938,68.0910873413086,66.26937866210938,67.7034912109375,1790314
2019-08-07,67.65503692626953,69.69961547851562,67.56782531738281,69.10852813720703,2520041
2019-08-08,69.00193786621094,69.95155334472656,68.32364654541016,69.75775146484375,1840675
2019-08-09,69.6899185180664,70.49418640136719,69.4089126586914,70.42635345458984,1413014
2019-08-12,70.36821746826172,70.85271453857422,69.98062133789062,70.4844970703125,1484945
2019-08-13,70.55232238769531,70.77519226074219,69.56394958496094,70.03875732421875,1185252
2019-08-14,70.07752227783203,70.21318054199219,69.30232238769531,69.54457092285156,1429836
2019-08-15,69.6124038696289,70.31977081298828,69.39922332763672,69.97093200683594,1088347
2019-08-16,70.15503692626953,70.77519226074219,69.39922332763672,70.55232238769531,1346657
2019-08-19,70.56201934814453,71.21124267578125,70.1744155883789,71.11434173583984,876787
2019-08-20,71.33721160888672,71.44379425048828,70.23255920410156,70.27131652832031,956251
2019-08-21,70.50387573242188,70.5813980102539,69.86434173583984,70.39728546142578,764918
2019-08-22,70.25193786621094,70.99806213378906,70.11627960205078,70.80426025390625,910843
2019-08-23,70.74612426757812,71.54069519042969,70.02906799316406,70.25193786621094,1300526
2019-08-26,70.6589126586914,71.01744079589844,70.23255920410156,70.91085052490234,1218482
2019-08-27,71.26937866210938,71.87015533447266,70.8624038696289,70.8624038696289,2385778
2019-08-28,70.968994140625,71.28875732421875,70.7655029296875,71.11434173583984,1169462
2019-08-29,71.3469009399414,71.71511840820312,70.97868347167969,71.6375961303711,972041
2019-08-30,71.57946014404297,71.74418640136719,71.22093200683594,71.52131652832031,863990
2019-09-03,71.46318054199219,73.14922332763672,71.43411254882812,73.12015533447266,1727774
2019-09-04,73.49806213378906,74.35077667236328,73.34302520751953,74.11821746826172,2128190
2019-09-05,73.45930480957031,73.59496307373047,72.55814361572266,72.6744155883789,2346149
2019-09-06,72.82946014404297,73.77906799316406,72.75193786621094,73.59496307373047,1730767
2019-09-09,73.3720932006836,73.5465087890625,72.76162719726562,72.91666412353516,1438918
2019-09-10,72.45155334472656,72.71318054199219,70.84302520751953,71.41472625732422,2119831
2019-09-11,71.17247772216797,71.85077667236328,70.68798065185547,71.33721160888672,2236447
2019-09-12,72.05426025390625,72.5969009399414,71.60852813720703,72.18022918701172,1639538
2019-09-13,71.68605041503906,72.43217468261719,70.14534759521484,70.3779067993164,1976280
2019-09-16,70.4844970703125,71.70542907714844,70.4844970703125,71.67635345458984,1379165
2019-09-17,72.09302520751953,73.4399185180664,72.07364654541016,73.42053985595703,1871635
2019-09-18,73.71124267578125,73.80814361572266,72.46124267578125,73.03294372558594,1350785
2019-09-19,73.25581359863281,73.66278839111328,73.11046600341797,73.27519226074219,1342013
2019-09-20,73.49806213378906,73.87596893310547,73.07170867919922,73.53681945800781,3509832
2019-09-23,73.5465087890625,74.14728546142578,73.5465087890625,73.68217468261719,1333860
2019-09-24,73.81782531738281,74.10852813720703,73.03294372558594,73.74031066894531,2395066
2019-09-25,73.75968933105469,74.31201934814453,73.3720932006836,73.76937866210938,1700014
2019-09-26,74.031005859375,75.06782531738281,73.88565826416016,74.88372039794922,1246759
2019-09-27,74.9030990600586,75.1065902709961,74.1279067993164,74.73837280273438,1190412
2019-09-30,74.37984466552734,74.77713012695312,74.09883880615234,74.30232238769531,1496916
2019-10-01,74.25387573242188,74.65116119384766,73.34302520751953,74.45736694335938,1258730
2019-10-02,74.37984466552734,74.75775146484375,73.83721160888672,74.35077667236328,1131382
2019-10-03,74.30232238769531,75.5910873413086,74.20542907714844,75.39728546142578,1990934
2019-10-04,75.42635345458984,76.02713012695312,75.26162719726562,75.97868347167969,1497019
2019-10-07,75.56201934814453,75.88178253173828,75.281005859375,75.40697479248047,1240258
2019-10-08,75.70736694335938,75.99806213378906,75.0,75.50387573242188,1172558
2019-10-09,75.92053985595703,76.26937866210938,75.51356506347656,75.8624038696289,1091030
2019-10-10,76.1530990600586,76.52131652832031,75.64922332763672,76.28875732421875,1690313
2019-10-11,76.09496307373047,76.1434097290039,75.42635345458984,75.47480773925781,1330145
2019-10-14,75.5813980102539,75.6589126586914,75.19379425048828,75.55232238769531,1354913
2019-10-15,75.62984466552734,75.72674560546875,74.87403106689453,75.6589126586914,1204550
2019-10-16,75.5813980102539,76.19185638427734,75.0969009399414,76.16278839111328,1094539
2019-10-17,76.08527374267578,76.59883880615234,76.08527374267578,76.1530990600586,1261517
2019-10-18,76.17247772216797,77.10271453857422,76.01744079589844,77.00581359863281,1260691
2019-10-21,76.88953399658203,77.49031066894531,76.72480773925781,77.47093200683594,1014869
2019-10-22,77.51937866210938,77.97480773925781,76.9186019897461,77.24806213378906,1069978
2019-10-23,77.51937866210938,77.84883880615234,77.10271453857422,77.8100814819336,1063889
2019-10-24,77.8100814819336,78.39147186279297,77.43217468261719,78.34302520751953,2429018
2019-10-25,78.34302520751953,78.62403106689453,77.8100814819336,78.3720932006836,1887631
2019-10-28,78.07170867919922,78.4399185180664,77.7034912109375,78.3720932006836,2379482
2019-10-29,78.44961547851562,79.17635345458984,78.19767761230469,78.34302520751953,1556359
2019-10-30,78.63372039794922,79.42829132080078,78.42053985595703,79.39922332763672,1220650
2019-10-31,79.29263305664062,79.6220932006836,78.71124267578125,79.25387573242188,3267415
2019-11-01,79.16666412353516,79.4186019897461,77.71318054199219,78.56588745117188,2162866
2019-11-04,78.38178253173828,78.53681945800781,76.89922332763672,77.6744155883789,3213648
2019-11-05,77.03488159179688,77.07364654541016,74.80620574951172,75.80426025390625,3407458
2019-11-06,76.0465087890625,76.72480773925781,75.77519226074219,76.3565902709961,1929221
2019-11-07,76.0755844116211,76.20155334472656,74.47674560546875,75.16472625732422,2484127
2019-11-08,75.08721160888672,75.18411254882812,73.8469009399414,73.9534912109375,2018592
2019-11-11,74.07946014404297,74.54457092285156,74.031005859375,74.18605041503906,1778033
2019-11-12,74.29263305664062,74.68022918701172,73.28488159179688,73.41085052490234,2136859
2019-11-13,73.55620574951172,74.87403106689453,73.41085052490234,74.43798065185547,2355540
2019-11-14,74.77713012695312,75.12596893310547,74.52519226074219,74.84496307373047,1415801
2019-11-15,74.94185638427734,75.14534759521484,74.69961547851562,75.05814361572266,1894855
2019-11-18,75.08721160888672,76.69573974609375,75.07752227783203,75.84302520751953,1809096
2019-11-19,75.70736694335938,75.97868347167969,75.281005859375,75.3779067993164,1704864
2019-11-20,75.3779067993164,75.9399185180664,74.8934097290039,75.57170867919922,1330558
2019-11-21,75.24224853515625,75.30038452148438,74.08914947509766,74.1279067993164,1798879
2019-11-22,74.20542907714844,74.50581359863281,73.35271453857422,73.8565902709961,1307750
2019-11-25,74.06977081298828,74.64147186279297,73.89534759521484,73.93411254882812,1562345
2019-11-26,74.17635345458984,74.6124038696289,73.96318054199219,74.35077667236328,2999714
2019-11-27,74.37015533447266,75.281005859375,74.031005859375,75.281005859375,2619422
2019-11-29,75.05814361572266,75.46511840820312,74.22480773925781,74.25387573242188,1338298
2019-12-02,74.031005859375,74.21511840820312,72.93605041503906,73.14922332763672,1929118
2019-12-03,73.3624038696289,73.76937866210938,72.77131652832031,73.06201934814453,2254920
2019-12-04,72.73255920410156,73.80814361572266,72.69379425048828,73.58527374267578,1676587
2019-12-05,73.25581359863281,73.44961547851562,72.8875961303711,73.33333587646484,1430042
2019-12-06,73.28488159179688,73.97286987304688,73.28488159179688,73.58527374267578,1387834
2019-12-09,73.79844665527344,73.79844665527344,73.23643493652344,73.40116119384766,1145830
2019-12-10,73.41085052490234,73.72093200683594,72.6065902709961,73.2655029296875,1254086
2019-12-11,73.53681945800781,73.59496307373047,71.95736694335938,72.26744079589844,1726846
2019-12-12,72.5969009399414,72.781005859375,70.69767761230469,70.8720932006836,3975780
2019-12-13,71.09496307373047,71.60852813720703,69.8934097290039,70.25193786621094,4520779
2019-12-16,70.55232238769531,70.93022918701172,69.68022918701172,70.77519226074219,3371234
2019-12-17,70.98837280273438,71.23062133789062,69.22480773925781,69.50581359863281,2597854
2019-12-18,69.46705627441406,70.3100814819336,69.4089126586914,69.83527374267578,1899499
2019-12-19,69.85465240478516,70.52325439453125,69.8255844116211,70.1065902709961,1748002
2019-12-20,70.3100814819336,70.6686019897461,69.87403106689453,70.25193786621094,4805921
2019-12-23,70.42635345458984,70.67829132080078,69.6124038696289,69.718994140625,1227874
2019-12-24,69.80620574951172,70.33914947509766,69.57364654541016,70.11627960205078,641594
2019-12-26,70.22286987304688,70.5910873413086,70.12596893310547,70.5813980102539,1081020
2019-12-27,70.73643493652344,71.11434173583984,70.31977081298828,70.97868347167969,1120649
2019-12-30,70.71705627441406,71.26937866210938,70.70736694335938,70.97868347167969,1548929
2019-12-31,70.70736694335938,71.36627960205078,70.61046600341797,71.3469009399414,1433551
2020-01-02,71.5600814819336,71.70542907714844,69.69961547851562,70.23255920410156,2061523
2020-01-03,69.95155334472656,71.60852813720703,69.87403106689453,71.50193786621094,1826227
2020-01-06,71.36627960205078,72.15116119384766,71.0465087890625,71.86046600341797,1324056
2020-01-07,72.38372039794922,72.38372039794922,71.06588745117188,71.87984466552734,1610436
2020-01-08,71.97674560546875,72.3255844116211,71.6279067993164,72.20930480957031,1912812
2020-01-09,72.1124038696289,72.22868347167969,70.91085052490234,70.97868347167969,2061936
2020-01-10,71.00775146484375,71.68605041503906,70.89147186279297,71.4534912109375,2507141
2020-01-13,71.61821746826172,72.7034912109375,71.52131652832031,72.63565826416016,1664410
2020-01-14,72.43217468261719,72.66472625732422,71.89922332763672,72.63565826416016,1566576
2020-01-15,73.32364654541016,73.97286987304688,73.20736694335938,73.62403106689453,2023236
2020-01-16,73.6434097290039,74.15697479248047,73.3720932006836,73.78875732421875,1510126
2020-01-17,73.78875732421875,74.37015533447266,73.5465087890625,73.98255920410156,1820448
2020-01-21,73.99224853515625,75.54263305664062,73.98255920410156,75.3100814819336,1898261
2020-01-22,75.47480773925781,75.74612426757812,74.21511840820312,74.50581359863281,1269154
2020-01-23,74.70930480957031,75.18411254882812,74.29263305664062,74.84496307373047,1147584
2020-01-24,74.87403106689453,75.41666412353516,74.56394958496094,74.73837280273438,1033961
2020-01-27,74.5155029296875,75.49418640136719,74.37015533447266,75.0,1850170
2020-01-28,75.52325439453125,76.21124267578125,75.44573974609375,75.70736694335938,3353587
2020-01-29,75.77519226074219,76.22093200683594,75.51356506347656,75.71705627441406,2594035
2020-01-30,75.61046600341797,76.5600814819336,75.35852813720703,76.531005859375,2756575
2020-01-31,76.41472625732422,76.69573974609375,75.32946014404297,75.97868347167969,6917909
2020-02-03,76.01744079589844,76.52131652832031,75.62015533447266,75.77519226074219,2146663
2020-02-04,75.6589126586914,76.49224853515625,75.5813980102539,75.89147186279297,1291754
2020-02-05,75.46511840820312,76.30814361572266,75.0,76.06588745117188,1843874
2020-02-06,76.18217468261719,76.92829132080078,76.16278839111328,76.69573974609375,1047686
2020-02-07,76.97674560546875,77.3255844116211,76.7344970703125,77.04457092285156,1204034
2020-02-10,77.51937866210938,77.66472625732422,77.17053985595703,77.5969009399414,1404655
2020-02-11,77.52906799316406,77.85852813720703,76.06588745117188,76.24031066894531,1728600
2020-02-12,75.97868347167969,76.43411254882812,75.5813980102539,75.8624038696289,2005073
2020-02-13,75.99806213378906,76.82170867919922,75.99806213378906,76.3469009399414,1382674
2020-02-14,76.44379425048828,77.76162719726562,76.36627960205078,77.76162719726562,1694131
2020-02-18,78.00387573242188,78.05232238769531,77.30620574951172,77.90697479248047,1351094
2020-02-19,77.85852813720703,77.8779067993164,76.94767761230469,77.19961547851562,1294438
2020-02-20,81.67635345458984,82.28681945800781,77.8875961303711,79.37015533447266,3349769
2020-02-21,79.29263305664062,79.94185638427734,79.00193786621094,79.88372039794922,2293620
2020-02-24,79.57364654541016,80.81394958496094,79.45736694335938,79.6220932006836,2956783
2020-02-25,79.718994140625,79.72868347167969,77.97480773925781,78.41085052490234,4024387
2020-02-26,78.50775146484375,79.20542907714844,76.97674560546875,77.28681945800781,5457938
2020-02-27,71.99612426757812,73.43022918701172,70.62984466552734,70.62984466552734,12251491
2020-02-28,69.24418640136719,70.33914947509766,67.22868347167969,70.14534759521484,7241131
2020-03-02,70.72674560546875,72.73255920410156,69.43798065185547,72.66472625732422,4655971
2020-03-03,72.77131652832031,74.19573974609375,71.66666412353516,72.28681945800781,3625416
2020-03-04,73.70155334472656,75.90116119384766,73.42053985595703,75.72674560546875,3725933
2020-03-05,74.66085052490234,75.5813980102539,74.07946014404297,75.22286987304688,2358946
2020-03-06,73.6530990600586,74.5155029296875,71.89922332763672,74.27325439453125,2948734
2020-03-09,69.09883880615234,72.62596893310547,68.79844665527344,71.0465087890625,3998278
2020-03-10,72.47093200683594,74.30232238769531,70.44573974609375,74.21511840820312,3844303
2020-03-11,72.77131652832031,72.9844970703125,70.01937866210938,71.27906799316406,3778668
2020-03-12,66.40503692626953,71.33721160888672,64.01162719726562,65.63953399658203,5076924
2020-03-13,67.66472625732422,69.87403106689453,65.64922332763672,69.6899185180664,5375172
2020-03-16,61.82170486450195,64.43798065185547,52.26744079589844,52.31589126586914,6357533
2020-03-17,54.26356506347656,54.38953399658203,50.19379806518555,53.41085433959961,6247625
2020-03-18,50.36821746826172,50.85271453857422,38.75968933105469,41.18217086791992,6615946
2020-03-19,41.42441940307617,47.6550407409668,36.82170486450195,46.58914566040039,5823679
2020-03-20,48.51744079589844,50.930233001708984,45.4360466003418,45.94961166381836,5075582
2020-03-23,45.09689712524414,45.09689712524414,39.137596130371094,41.996124267578125,5516453
2020-03-24,44.593021392822266,49.27325439453125,43.788761138916016,49.098838806152344,4729450
2020-03-25,50.377906799316406,57.6550407409668,48.769378662109375,52.81007766723633,5572697
2020-03-26,54.82558059692383,56.812015533447266,52.5484504699707,56.55038833618164,4619026
2020-03-27,53.99224853515625,58.2655029296875,53.43992233276367,55.135658264160156,8143822
2020-03-30,55.261627197265625,55.83333206176758,49.66085433959961,51.48255920410156,6258254
2020-03-31,50.804264068603516,51.15310287475586,47.354652404785156,48.3139533996582,6358152
2020-04-01,45.65891647338867,46.24031066894531,43.63372039794922,45.02907180786133,4732855
2020-04-02,43.84689712524414,45.64922332763672,43.003875732421875,44.20542526245117,4341830
2020-04-03,43.92441940307617,44.9515495300293,42.0639533996582,42.24806213378906,3923458
2020-04-06,45.562015533447266,47.19961166381836,44.57364273071289,45.35852813720703,4676198
2020-04-07,48.17829513549805,50.46511459350586,47.77131652832031,47.80038833618164,5620478
2020-04-08,48.87596893310547,52.19961166381836,47.906978607177734,51.48255920410156,4329137
2020-04-09,54.137596130371094,58.84689712524414,53.81782913208008,54.922481536865234,5133581
2020-04-13,54.8449592590332,54.93217086791992,51.16279220581055,51.879844665527344,4507776
2020-04-14,53.187984466552734,54.651161193847656,52.364341735839844,54.5639533996582,2928403
2020-04-15,51.937984466552734,52.91666793823242,49.29263687133789,49.90310287475586,3651835
2020-04-16,50.387596130371094,50.687984466552734,48.09108352661133,48.2655029296875,3052553
2020-04-17,50.64922332763672,51.79263687133789,49.24418640136719,50.746124267578125,3976502
2020-04-20,49.38953399658203,50.41666793823242,48.81782913208008,49.29263687133789,2382475
2020-04-21,47.40310287475586,48.972869873046875,47.16085433959961,48.304264068603516,2469886
2020-04-22,49.47674560546875,49.70930099487305,48.14922332763672,48.62403106689453,2075146
2020-04-23,48.93410873413086,49.33139419555664,47.59689712524414,47.79069900512695,2113330
2020-04-24,48.062015533447266,48.885658264160156,47.577518463134766,48.372093200683594,2586192
2020-04-27,48.7015495300293,50.4360466003418,48.4205436706543,49.718990325927734,2601982
2020-04-28,51.98643493652344,52.81007766723633,51.085269927978516,51.54069900512695,2785058
2020-04-29,53.17829513549805,54.88372039794922,53.09108352661133,53.55620193481445,3696830
2020-04-30,52.335269927978516,53.643409729003906,51.55038833618164,53.2170524597168,4705610
2020-05-01,51.211238861083984,51.395347595214844,49.80620193481445,50.18410873413086,2920870
2020-05-04,49.437984466552734,49.922481536865234,48.53682327270508,49.04069900512695,3383515
2020-05-05,50.49418640136719,52.238372802734375,50.377906799316406,50.4360466003418,3513650
2020-05-06,50.60077667236328,51.7344970703125,50.33914566040039,50.85271453857422,3101573
2020-05-07,51.64728546142578,52.781009674072266,51.13372039794922,52.722869873046875,2977836
2020-05-08,53.5949592590332,54.35077667236328,52.41279220581055,53.15891647338867,2546150
2020-05-11,52.31589126586914,53.246124267578125,51.30813980102539,52.3449592590332,2471124
2020-05-12,52.781009674072266,53.0329475402832,49.69961166381836,50.06782913208008,3480110
2020-05-13,49.75775146484375,50.06782913208008,48.3139533996582,48.66279220581055,3134081
2020-05-14,47.819766998291016,48.895347595214844,46.2015495300293,48.81782913208008,3323556
2020-05-15,48.49806213378906,48.604652404785156,47.04457473754883,48.43992233276367,4991681
2020-05-18,50.79457473754883,52.054264068603516,50.66860580444336,51.42441940307617,3526344
2020-05-19,51.327518463134766,52.04457473754883,50.36821746826172,50.95930099487305,2423652
2020-05-20,51.356590270996094,51.395347595214844,49.24418640136719,49.8449592590332,3298582
2020-05-21,49.66085433959961,50.69767379760742,49.379844665527344,50.145347595214844,2457295
2020-05-22,50.21317672729492,50.70736312866211,49.864341735839844,50.5329475402832,1893720
2020-05-26,53.13953399658203,54.00193786621094,52.480621337890625,53.769378662109375,2943470
2020-05-27,55.25193786621094,55.70736312866211,52.5484504699707,53.672481536865234,4293946
2020-05-28,54.32170486450195,54.379844665527344,52.80038833618164,53.972869873046875,4764228
2020-05-29,53.39147186279297,54.980621337890625,52.95542526245117,53.5949592590332,10750550
2020-06-01,53.77907180786133,55.23255920410156,53.45930099487305,54.81589126586914,2574943
2020-06-02,55.51356506347656,56.06589126586914,55.038761138916016,55.42635726928711,3174948
2020-06-03,56.2984504699707,58.711238861083984,56.211238861083984,58.29457473754883,2730362
2020-06-04,58.187984466552734,58.74031066894531,57.02519226074219,58.246124267578125,2405076
2020-06-05,60.77519226074219,62.20930099487305,59.16666793823242,60.281009674072266,5100866
2020-06-08,62.25775146484375,62.47092819213867,61.42441940307617,62.180233001708984,3351730
2020-06-09,60.261627197265625,61.0949592590332,59.68992233276367,60.901161193847656,2566790
2020-06-10,61.104652404785156,61.16279220581055,59.02131652832031,60.203487396240234,3231914
2020-06-11,56.00775146484375,58.62403106689453,55.75581359863281,56.085269927978516,4207051
2020-06-12,58.84689712524414,59.2829475402832,56.70542526245117,58.55620193481445,2445014
2020-06-15,56.6860466003418,60.99806213378906,56.6860466003418,60.629844665527344,3452556
2020-06-16,62.96511459350586,63.527130126953125,60.72674560546875,61.2015495300293,3894562
2020-06-17,61.79263687133789,61.937984466552734,61.03682327270508,61.104652404785156,3241099
2020-06-18,60.5329475402832,62.32558059692383,60.11627960205078,61.42441940307617,3428614
2020-06-19,61.83139419555664,62.20930099487305,59.00193786621094,59.622093200683594,15117149
2020-06-22,59.58333206176758,60.23255920410156,58.585269927978516,59.53488540649414,3145639
2020-06-23,60.09689712524414,60.29069900512695,58.643409729003906,59.370155334472656,2591249
2020-06-24,58.546512603759766,58.81782913208008,55.7170524597168,57.61627960205078,3272575
2020-06-25,57.26744079589844,58.62403106689453,56.88953399658203,57.722869873046875,2806627
2020-06-26,58.04263687133789,58.27519226074219,56.52131652832031,56.598838806152344,2719423
2020-06-29,57.14147186279297,57.92635726928711,55.901161193847656,57.92635726928711,2576801
2020-06-30,58.38178253173828,58.38178253173828,57.112403869628906,57.6550407409668,2722210
2020-07-01,57.89728546142578,59.48643493652344,57.722869873046875,59.195735931396484,1526431
2020-07-02,60.31007766723633,60.620155334472656,58.62403106689453,59.20542526245117,1872770
2020-07-06,60.35852813720703,60.503875732421875,58.304264068603516,58.39147186279297,1705896
2020-07-07,57.49031066894531,57.8294563293457,56.70542526245117,56.753875732421875,1823750
2020-07-08,56.89922332763672,57.02519226074219,56.05620193481445,56.71511459350586,2062349
2020-07-09,56.656978607177734,56.6860466003418,54.58333206176758,55.348838806152344,2356778
2020-07-10,55.35852813720703,56.30813980102539,54.82558059692383,55.222869873046875,1840366
2020-07-13,55.58139419555664,55.83333206176758,54.58333206176758,55.06782913208008,2081028
2020-07-14,55.23255920410156,55.99806213378906,54.796512603759766,55.7655029296875,1605998
2020-07-15,57.093021392822266,57.218990325927734,55.843021392822266,56.812015533447266,2006208
2020-07-16,56.31782913208008,56.656978607177734,55.67829513549805,55.872093200683594,1689178
2020-07-17,56.2015495300293,57.16085433959961,55.7655029296875,56.77325439453125,1355738
2020-07-20,56.5794563293457,56.83139419555664,55.4360466003418,55.60077667236328,1470187
2020-07-21,55.843021392822266,56.2984504699707,55.24224853515625,55.41666793823242,2273186
2020-07-22,55.135658264160156,56.996124267578125,54.97092819213867,56.6860466003418,1969882
2020-07-23,56.36627960205078,56.88953399658203,54.88372039794922,55.57170486450195,1771738
2020-07-24,55.54263687133789,56.104652404785156,55.23255920410156,55.63953399658203,1470084
2020-07-27,55.63953399658203,56.91860580444336,54.961238861083984,56.82170486450195,2009614
2020-07-28,56.52131652832031,58.304264068603516,56.19186019897461,57.99418640136719,2064722
2020-07-29,58.362403869628906,58.74031066894531,57.4515495300293,58.74031066894531,1749240
2020-07-30,57.761627197265625,58.84689712524414,57.26744079589844,58.672481536865234,1579166
2020-07-31,57.761627197265625,58.29457473754883,57.14147186279297,58.187984466552734,3536664
2020-08-03,57.645347595214844,57.89728546142578,57.054264068603516,57.56782913208008,1882265
2020-08-04,59.011627197265625,60.66860580444336,58.9050407409668,59.94186019897461,3522938
2020-08-05,60.33914566040039,60.562015533447266,59.39922332763672,60.41666793823242,2553994
2020-08-06,60.077518463134766,60.83333206176758,59.612403869628906,60.21317672729492,2003112
2020-08-07,59.93217086791992,60.901161193847656,59.835269927978516,60.77519226074219,1661726
2020-08-10,60.85271453857422,61.288761138916016,60.503875732421875,60.52325439453125,1720757
2020-08-11,61.327518463134766,61.89922332763672,60.66860580444336,60.73643493652344,2718701
2020-08-12,61.15310287475586,61.50193786621094,60.503875732421875,61.046512603759766,1406203
2020-08-13,60.63953399658203,61.24031066894531,59.39922332763672,59.52519226074219,1535719
2020-08-14,59.39922332763672,59.9515495300293,58.9050407409668,59.11821746826172,1510951
2020-08-17,59.195735931396484,60.18410873413086,58.86627960205078,60.05813980102539,1568227
2020-08-18,59.8449592590332,60.164730072021484,59.137596130371094,59.6705436706543,1414356
2020-08-19,59.66085433959961,59.70930099487305,58.05232620239258,58.187984466552734,2063484
2020-08-20,58.13953399658203,59.680233001708984,57.945735931396484,59.11821746826172,1512912
2020-08-21,59.29263687133789,59.54457473754883,58.488372802734375,59.22480773925781,1896197
2020-08-24,59.10852813720703,60.51356506347656,58.56589126586914,60.503875732421875,1858838
2020-08-25,60.63953399658203,60.97868347167969,59.93217086791992,60.629844665527344,2085053
2020-08-26,60.36821746826172,60.42635726928711,59.36046600341797,59.76744079589844,1636339
2020-08-27,59.63178253173828,60.73643493652344,59.63178253173828,60.562015533447266,1731180
2020-08-28,60.70736312866211,61.569766998291016,60.0,61.472869873046875,2119109
2020-08-31,61.07558059692383,61.104652404785156,59.864341735839844,60.106590270996094,2962459
2020-09-01,59.40891647338867,60.85271453857422,59.16666793823242,60.51356506347656,2353889
2020-09-02,60.39728546142578,61.67635726928711,59.961238861083984,61.569766998291016,3085783
2020-09-03,61.98643493652344,62.887596130371094,61.385658264160156,62.24806213378906,2996515
2020-09-04,62.422481536865234,63.2655029296875,61.27907180786133,62.37403106689453,2392589
2020-09-08,62.20930099487305,62.8294563293457,61.37596893310547,62.0155029296875,2060904
2020-09-09,62.480621337890625,63.63372039794922,62.22868347167969,62.62596893310547,2026745
2020-09-10,62.38372039794922,62.96511459350586,61.753875732421875,61.7829475402832,1523335
2020-09-11,61.92829513549805,61.937984466552734,60.57170486450195,61.395347595214844,2063071
2020-09-14,61.94767379760742,63.55620193481445,61.74418640136719,63.468990325927734,1992895
2020-09-15,63.730621337890625,64.72868347167969,63.47868347167969,63.769378662109375,2499298
2020-09-16,64.01162719726562,64.49612426757812,63.33333206176758,63.38178253173828,2143774
2020-09-17,62.86821746826172,63.35271453857422,61.6860466003418,62.08333206176758,2923450
2020-09-18,61.13372039794922,61.91860580444336,60.33914566040039,60.41666793823242,4064326
2020-09-21,59.64147186279297,59.738372802734375,57.703487396240234,58.22674560546875,3324898
2020-09-22,58.585269927978516,59.72868347167969,58.430233001708984,58.75,2072566
2020-09-23,58.769378662109375,58.94379806518555,57.10271453857422,57.19961166381836,2425200
2020-09-24,57.151161193847656,57.59689712524414,56.55038833618164,56.88953399658203,2916019
2020-09-25,56.89922332763672,58.17829513549805,56.695735931396484,58.07170486450195,2373394
2020-09-28,59.5639533996582,60.09689712524414,58.972869873046875,59.75775146484375,2328605
2020-09-29,59.75775146484375,59.82558059692383,58.488372802734375,59.20542526245117,1836547
2020-09-30,59.44767379760742,60.02907180786133,58.15891647338867,58.86627960205078,3098683
2020-10-01,58.953487396240234,60.387596130371094,58.62403106689453,60.348838806152344,2187530
2020-10-02,59.24418640136719,62.112403869628906,58.98255920410156,61.879844665527344,2651414
2020-10-05,61.85077667236328,62.335269927978516,60.29069900512695,61.288761138916016,1878137
2020-10-06,61.64728546142578,61.91860580444336,60.69767379760742,60.95930099487305,2024474
2020-10-07,61.288761138916016,61.42441940307617,60.52325439453125,60.7655029296875,1728290
2020-10-08,61.114341735839844,61.812015533447266,60.99806213378906,61.77325439453125,1926228
2020-10-09,62.59689712524414,62.606590270996094,61.00775146484375,61.230621337890625,1890934
2020-10-12,61.07558059692383,61.5794563293457,60.63953399658203,61.36627960205078,1424470
2020-10-13,60.988372802734375,60.99806213378906,59.1860466003418,59.75775146484375,2306107
2020-10-14,59.70930099487305,59.90310287475586,58.81782913208008,59.10852813720703,1779581
2020-10-15,58.77907180786133,59.68992233276367,58.45930099487305,58.53682327270508,2566068
2020-10-16,58.74031066894531,58.96317672729492,58.05232620239258,58.65310287475586,2706833
2020-10-19,59.30232620239258,59.38953399658203,56.88953399658203,56.92829513549805,2814574
2020-10-20,57.31589126586914,57.83914566040039,57.13178253173828,57.26744079589844,1773492
2020-10-21,57.180233001708984,58.003875732421875,56.656978607177734,57.8294563293457,1945939
2020-10-22,57.703487396240234,58.38178253173828,57.67441940307617,58.22674560546875,1124674
2020-10-23,58.788761138916016,59.2829475402832,58.2655029296875,58.86627960205078,1533965
2020-10-26,58.546512603759766,58.56589126586914,57.44186019897461,57.97480773925781,2182680
2020-10-27,58.129844665527344,58.430233001708984,56.90891647338867,56.90891647338867,1541808
2020-10-28,56.2015495300293,56.67635726928711,55.804264068603516,56.01744079589844,2604046
2020-10-29,56.25,57.18992233276367,55.319766998291016,56.70542526245117,2552858
2020-10-30,56.288761138916016,56.98643493652344,55.57170486450195,56.06589126586914,2493209
2020-11-02,56.5794563293457,58.120155334472656,56.52131652832031,57.79069900512695,2606006
2020-11-03,57.37403106689453,57.99418640136719,56.7344970703125,57.41279220581055,2104454
2020-11-04,57.1705436706543,57.577518463134766,56.656978607177734,56.6860466003418,2547492
2020-11-05,57.054264068603516,57.22868347167969,56.172481536865234,56.2015495300293,2543467
2020-11-06,56.56007766723633,57.8294563293457,55.901161193847656,56.19186019897461,4052458
2020-11-09,59.593021392822266,62.30620193481445,59.312015533447266,59.68992233276367,6756917
2020-11-10,59.87403106689453,62.75193786621094,59.47674560546875,62.664730072021484,3794561
2020-11-11,62.32558059692383,62.335269927978516,60.503875732421875,61.472869873046875,2443054
2020-11-12,60.94961166381836,60.94961166381836,59.24418640136719,59.854652404785156,2118799
2020-11-13,60.00968933105469,61.24031066894531,60.00968933105469,61.0949592590332,1675349
2020-11-16,62.887596130371094,63.07170486450195,61.511627197265625,62.47092819213867,2622518
2020-11-17,61.7829475402832,61.83139419555664,60.42635726928711,60.872093200683594,2570815
2020-11-18,60.94961166381836,61.627906799316406,59.24418640136719,59.29263687133789,2885885
2020-11-19,59.156978607177734,59.57364273071289,58.2170524597168,59.21511459350586,3361121
2020-11-20,59.031009674072266,59.34108352661133,58.35271453857422,58.51744079589844,3342545
2020-11-23,58.87596893310547,60.12596893310547,58.72092819213867,59.00193786621094,2901365
2020-11-24,59.90310287475586,61.027130126953125,59.82558059692383,59.922481536865234,3582794
2020-11-25,60.077518463134766,61.15310287475586,59.5639533996582,60.94961166381836,3274742
2020-11-27,61.046512603759766,61.046512603759766,59.593021392822266,59.72868347167969,1373695
2020-11-30,59.88372039794922,59.91279220581055,58.07170486450195,58.11046600341797,5697156
2020-12-01,58.643409729003906,59.137596130371094,58.3139533996582,58.49806213378906,2759155
2020-12-02,58.604652404785156,59.14728546142578,58.16860580444336,58.895347595214844,2067715
2020-12-03,58.94379806518555,59.777130126953125,58.7984504699707,59.195735931396484,1847074
2020-12-04,59.66085433959961,59.97092819213867,59.00193786621094,59.36046600341797,1946455
2020-12-07,59.34108352661133,59.44767379760742,58.730621337890625,58.86627960205078,2411784
2020-12-08,58.788761138916016,59.22480773925781,58.51744079589844,58.527130126953125,2753892
2020-12-09,58.57558059692383,59.38953399658203,58.32364273071289,58.80813980102539,4726766
2020-12-10,58.53682327270508,58.74031066894531,57.9844970703125,58.07170486450195,3565354
2020-12-11,58.13953399658203,58.72092819213867,58.02325439453125,58.585269927978516,3157198
2020-12-14,59.011627197265625,59.980621337890625,58.546512603759766,58.74031066894531,3447912
2020-12-15,58.98255920410156,59.835269927978516,58.488372802734375,59.835269927978516,2485469
2020-12-16,59.864341735839844,60.17441940307617,59.379844665527344,59.44767379760742,2362042
2020-12-17,59.75775146484375,59.854652404785156,59.031009674072266,59.137596130371094,2913439
2020-12-18,58.98255920410156,59.63178253173828,57.43217086791992,57.67441940307617,5752678
2020-12-21,57.44186019897461,57.92635726928711,56.88953399658203,57.91666793823242,2970612
2020-12-22,58.0329475402832,59.04069900512695,57.67441940307617,59.04069900512695,2357088
2020-12-23,59.0794563293457,59.52519226074219,58.527130126953125,58.585269927978516,2138407
2020-12-24,58.77907180786133,59.22480773925781,58.4205436706543,59.195735931396484,797426
2020-12-28,59.156978607177734,59.961238861083984,59.069766998291016,59.854652404785156,1960800
2020-12-29,59.854652404785156,60.319766998291016,58.953487396240234,59.0794563293457,1624678
2020-12-30,59.127906799316406,60.06782913208008,59.02131652832031,59.379844665527344,1450889
2020-12-31,59.05038833618164,60.27131652832031,58.57558059692383,60.24224853515625,2362970
2021-01-04,60.25193786621094,60.3294563293457,57.96511459350586,58.003875732421875,3965254
2021-01-05,58.13953399658203,58.86627960205078,58.08139419555664,58.29457473754883,2801777
2021-01-06,58.72092819213867,58.788761138916016,57.50968933105469,57.80038833618164,4274647
2021-01-07,57.91666793823242,57.92635726928711,56.74418640136719,57.07364273071289,4302924
2021-01-08,57.1705436706543,58.003875732421875,57.03488540649414,57.887596130371094,3300542
2021-01-11,57.73255920410156,57.97480773925781,57.422481536865234,57.577518463134766,2622106
2021-01-12,55.27131652832031,56.15310287475586,55.23255920410156,56.01744079589844,12195247
2021-01-13,56.43410873413086,57.03488540649414,55.73643493652344,55.988372802734375,4415309
2021-01-14,56.34689712524414,56.414730072021484,55.88178253173828,56.03682327270508,3009828
2021-01-15,56.25,57.093021392822266,55.61046600341797,56.83139419555664,3361121
2021-01-19,57.1705436706543,57.1705436706543,55.988372802734375,56.33720779418945,3406219
2021-01-20,56.395347595214844,57.3449592590332,56.22092819213867,57.151161193847656,2624686
2021-01-21,56.67635726928711,57.62596893310547,56.37596893310547,57.25775146484375,2632426
2021-01-22,57.08333206176758,58.09108352661133,56.92829513549805,57.9844970703125,2904151
2021-01-25,58.13953399658203,59.38953399658203,57.781009674072266,58.50775146484375,3731918
2021-01-26,58.57558059692383,59.2829475402832,58.41085433959961,58.788761138916016,2520763
2021-01-27,58.38178253173828,59.27325439453125,58.246124267578125,58.488372802734375,3546571
2021-01-28,58.38178253173828,59.835269927978516,58.29457473754883,59.06007766723633,3127373
2021-01-29,58.27519226074219,59.011627197265625,57.07364273071289,57.22868347167969,4867118
2021-02-01,57.606590270996094,58.362403869628906,57.0155029296875,58.29457473754883,2511578
2021-02-02,58.29457473754883,58.9050407409668,57.945735931396484,58.44961166381836,2356366
2021-02-03,58.19767379760742,58.730621337890625,57.80038833618164,58.585269927978516,2373703
2021-02-04,58.7015495300293,59.53488540649414,58.585269927978516,59.06007766723633,1957910
2021-02-05,59.24418640136719,59.52519226074219,59.098838806152344,59.2829475402832,1627774
2021-02-08,59.312015533447266,59.39922332763672,58.895347595214844,59.011627197265625,1972771
2021-02-09,59.08914566040039,59.87403106689453,59.011627197265625,59.82558059692383,2203939
2021-02-10,60.19379806518555,61.52131652832031,60.02907180786133,60.562015533447266,3566489
2021-02-11,60.70736312866211,61.07558059692383,60.45542526245117,60.97868347167969,2190833
2021-02-12,60.67829513549805,61.16279220581055,60.17441940307617,60.52325439453125,1866578
2021-02-16,60.70736312866211,60.862403869628906,59.379844665527344,59.78682327270508,2784130
2021-02-17,59.69961166381836,60.02907180786133,59.195735931396484,59.8449592590332,1930975
2021-02-18,59.70930099487305,59.82558059692383,58.953487396240234,59.031009674072266,3308386
2021-02-19,59.32170486450195,60.17441940307617,59.137596130371094,59.195735931396484,2858434
2021-02-22,59.36046600341797,60.45542526245117,59.20542526245117,60.17441940307617,3666490
2021-02-23,60.60077667236328,60.872093200683594,59.60271453857422,60.445735931396484,4029650
2021-02-24,60.39728546142578,60.69767379760742,60.00968933105469,60.4360466003418,3710040
2021-02-25,60.59108352661133,61.812015533447266,59.17635726928711,59.680233001708984,3338004
2021-02-26,59.45736312866211,60.00968933105469,58.33333206176758,58.39147186279297,3404465
2021-03-01,59.27325439453125,59.835269927978516,58.57558059692383,58.63372039794922,3024276
2021-03-02,58.62403106689453,58.83720779418945,57.85852813720703,58.49806213378906,3517882
2021-03-03,58.49806213378906,59.593021392822266,58.430233001708984,58.895347595214844,3220356
2021-03-04,58.72092819213867,59.04069900512695,56.879844665527344,57.606590270996094,4465361
2021-03-05,57.819766998291016,58.19767379760742,56.46317672729492,58.10077667236328,3907358
2021-03-08,58.22674560546875,59.26356506347656,57.83914566040039,58.56589126586914,3772063
2021-03-09,58.604652404785156,59.69961166381836,58.14922332763672,58.827518463134766,3305496
2021-03-10,58.827518463134766,59.90310287475586,58.7984504699707,59.5155029296875,3441101
2021-03-11,59.76744079589844,60.562015533447266,58.769378662109375,59.90310287475586,3234907
2021-03-12,59.922481536865234,61.027130126953125,59.53488540649414,60.97868347167969,2806730
2021-03-15,61.269378662109375,62.28682327270508,60.77519226074219,61.937984466552734,3268241
2021-03-16,62.0155029296875,62.461238861083984,61.327518463134766,61.97674560546875,2896514
2021-03-17,61.82170486450195,62.20930099487305,61.48255920410156,61.89922332763672,2877216
2021-03-18,61.56007766723633,61.89922332763672,60.968990325927734,61.25,2706833
2021-03-19,61.172481536865234,61.414730072021484,59.622093200683594,59.835269927978516,11386056
2021-03-22,59.87403106689453,60.804264068603516,59.52519226074219,60.52325439453125,3583414
2021-03-23,60.503875732421875,61.37596893310547,60.36821746826172,60.99806213378906,3369067
2021-03-24,60.99806213378906,62.238372802734375,60.930233001708984,61.269378662109375,3019735
2021-03-25,61.0949592590332,62.054264068603516,60.47480773925781,61.92829513549805,2139026
2021-03-26,62.10271453857422,62.58720779418945,61.44379806518555,62.22868347167969,2014877
2021-03-29,62.20930099487305,62.59689712524414,61.48255920410156,62.218990325927734,2276695
2021-03-30,61.9670524597168,62.393409729003906,61.753875732421875,62.13178253173828,2346046
2021-03-31,61.83139419555664,62.277130126953125,61.453487396240234,61.531009674072266,2567410
2021-04-01,61.94767379760742,63.129844665527344,61.66666793823242,63.09108352661133,2642333
2021-04-05,63.20736312866211,63.4205436706543,62.519378662109375,63.22674560546875,2546460
2021-04-06,63.120155334472656,63.41085433959961,62.62596893310547,63.11046600341797,3194350
2021-04-07,63.08139419555664,63.643409729003906,62.9360466003418,63.51744079589844,2230565
2021-04-08,63.50775146484375,63.75968933105469,63.29457473754883,63.38178253173828,1812192
2021-04-09,63.468990325927734,63.62403106689453,62.95542526245117,63.16860580444336,2281236
2021-04-12,63.35271453857422,63.7015495300293,62.703487396240234,63.63372039794922,2085053
2021-04-13,63.28488540649414,63.99224853515625,63.19767379760742,63.953487396240234,2127778
2021-04-14,63.93410873413086,64.00193786621094,63.246124267578125,63.33333206176758,1819003
2021-04-15,63.86627960205078,64.87403106689453,63.672481536865234,64.84496307373047,2697442
2021-04-16,65.08721160888672,65.29069519042969,64.74806213378906,64.94185638427734,2515913
2021-04-19,65.1065902709961,65.34883880615234,64.52519226074219,65.25193786621094,2178346
2021-04-20,65.22286987304688,66.54069519042969,65.12596893310547,66.46318054199219,2745223
2021-04-21,66.60852813720703,67.38372039794922,66.31782531738281,67.1899185180664,2526233
2021-04-22,67.44185638427734,67.8779067993164,66.82170867919922,66.93798065185547,2478761
2021-04-23,67.33527374267578,67.47093200683594,66.78294372558594,67.24806213378906,2084950
2021-04-26,67.66472625732422,67.8100814819336,66.95736694335938,67.17053985595703,1886909
2021-04-27,67.19961547851562,67.24806213378906,66.65697479248047,66.72480773925781,2023030
2021-04-28,66.8313980102539,67.18022918701172,66.37596893310547,66.47286987304688,2008066
2021-04-29,67.84883880615234,69.6124038696289,66.8410873413086,67.16085052490234,8460439
2021-04-30,66.68605041503906,67.19961547851562,65.71705627441406,67.00581359863281,6067850
2021-05-03,67.10271453857422,67.25775146484375,66.50193786621094,66.55038452148438,3719947
2021-05-04,66.69573974609375,67.69379425048828,66.56977081298828,66.96705627441406,3839556
2021-05-05,66.54069519042969,66.68605041503906,64.66085052490234,65.05814361572266,5389207
2021-05-06,65.21318054199219,65.78488159179688,64.93217468261719,65.45542907714844,4503854
2021-05-07,65.22286987304688,66.32752227783203,65.22286987304688,65.98837280273438,3373918
2021-05-10,66.31782531738281,66.65697479248047,65.40697479248047,65.44573974609375,3449563
2021-05-11,64.98062133789062,65.06782531738281,63.72092819213867,64.1375961303711,4554216
2021-05-12,63.93410873413086,64.15697479248047,62.519378662109375,62.73255920410156,3441926
2021-05-13,62.77131652832031,63.19767379760742,62.61627960205078,62.703487396240234,3071335
2021-05-14,62.9844970703125,63.47868347167969,62.89728546142578,63.3139533996582,2540887
2021-05-17,63.488372802734375,63.672481536865234,63.16860580444336,63.372093200683594,2512198
2021-05-18,63.5949592590332,63.75968933105469,63.0329475402832,63.44961166381836,2251411
2021-05-19,63.10077667236328,63.63372039794922,62.5,63.62403106689453,2799610
2021-05-20,63.50775146484375,65.02906799316406,63.38178253173828,64.83527374267578,3614064
2021-05-21,65.05814361572266,65.30038452148438,64.44767761230469,64.5155029296875,3769174
2021-05-24,64.80620574951172,66.26937866210938,64.6899185180664,66.02713012695312,3547810
2021-05-25,66.09496307373047,66.9186019897461,65.72674560546875,66.70542907714844,4231510
2021-05-26,66.8410873413086,67.35465240478516,66.55038452148438,66.97674560546875,3630886
2021-05-27,67.17053985595703,67.25775146484375,65.92053985595703,66.09496307373047,5518723
2021-05-28,66.1434097290039,66.46318054199219,65.89147186279297,66.27906799316406,3115505
2021-06-01,66.58914947509766,67.23837280273438,66.22093200683594,67.19961547851562,3064111
2021-06-02,67.27713012695312,68.43022918701172,67.05426025390625,68.42053985595703,2960602
2021-06-03,68.58527374267578,68.58527374267578,67.76162719726562,68.01356506347656,3755551
2021-06-04,68.20736694335938,68.3720932006836,67.68411254882812,68.23643493652344,2808072
2021-06-07,68.31394958496094,68.78875732421875,68.1589126586914,68.1686019897461,3279283
2021-06-08,68.27519226074219,68.79844665527344,68.23643493652344,68.27519226074219,4061126
2021-06-09,68.79844665527344,69.0600814819336,68.42053985595703,68.75968933105469,4259064
2021-06-10,68.74031066894531,69.08914947509766,68.43022918701172,68.87596893310547,3442442
2021-06-11,68.87596893310547,68.87596893310547,67.80038452148438,68.19767761230469,3380522
2021-06-14,68.28488159179688,68.53681945800781,67.9844970703125,68.41085052490234,3454620
2021-06-15,68.22674560546875,68.40116119384766,67.44185638427734,67.45155334472656,3225103
2021-06-16,67.73255920410156,67.81977081298828,66.31782531738281,66.32752227783203,3394145
2021-06-17,66.38565826416016,66.40503692626953,65.73643493652344,66.11434173583984,3681454
2021-06-18,65.7655029296875,65.94961547851562,64.75775146484375,64.76744079589844,6611921
2021-06-21,65.07752227783203,66.36627960205078,64.91278839111328,65.94961547851562,6134930
2021-06-22,65.6686019897461,65.98837280273438,65.36821746826172,65.3875961303711,4012313
2021-06-23,65.3875961303711,65.81394958496094,65.13565826416016,65.32946014404297,2973811
2021-06-24,65.79457092285156,65.79457092285156,64.80620574951172,64.92247772216797,3497138
2021-06-25,65.31977081298828,66.09496307373047,64.98062133789062,66.01744079589844,4008494
2021-06-28,66.05620574951172,66.13372039794922,65.41666412353516,65.72674560546875,4729656
2021-06-29,65.73643493652344,66.37596893310547,65.5910873413086,65.84302520751953,4264843
2021-06-30,65.56201934814453,66.16278839111328,64.56394958496094,64.67053985595703,4297661
2021-07-01,63.72092819213867,65.41666412353516,63.711238861083984,64.97093200683594,7887060
2021-07-02,65.21318054199219,65.80426025390625,65.02906799316406,65.3875961303711,3403330
2021-07-06,65.4844970703125,66.27906799316406,64.96124267578125,66.13372039794922,4088474
2021-07-07,65.91085052490234,66.31782531738281,65.4844970703125,66.0755844116211,2785368
2021-07-08,65.84302520751953,66.19185638427734,65.40697479248047,65.79457092285156,3075773
2021-07-09,66.11434173583984,66.76356506347656,65.80426025390625,66.7344970703125,2660909
2021-07-12,66.56977081298828,67.4030990600586,66.3469009399414,67.15116119384766,2742230
2021-07-13,66.98643493652344,67.20930480957031,65.968994140625,66.33721160888672,2780105
2021-07-14,66.25968933105469,66.95736694335938,66.23062133789062,66.72480773925781,2726957
2021-07-15,66.87015533447266,67.18022918701172,66.70542907714844,67.13178253173828,2141916
2021-07-16,67.52906799316406,67.86821746826172,67.2965087890625,67.4030990600586,2944090
2021-07-19,66.71511840820312,66.81201934814453,65.93022918701172,66.56977081298828,3832538
2021-07-20,66.81201934814453,68.34302520751953,66.78294372558594,68.07170867919922,3915924
2021-07-21,68.03294372558594,68.60465240478516,67.96511840820312,68.00387573242188,2018076
2021-07-22,67.75193786621094,67.92635345458984,67.37403106689453,67.74224853515625,2118077
2021-07-23,67.82946014404297,68.42053985595703,67.80038452148438,68.29457092285156,1823544
2021-07-26,68.1686019897461,68.70155334472656,68.03294372558594,68.468994140625,3046877
2021-07-27,68.17829132080078,69.16666412353516,68.12984466552734,68.83721160888672,3615406
2021-07-28,69.1375961303711,69.1375961303711,68.11046600341797,68.14922332763672,3601061
2021-07-29,68.32364654541016,68.75,67.96511840820312,68.04263305664062,2434385
2021-07-30,68.21705627441406,69.2344970703125,68.04263305664062,68.11046600341797,5686423
2021-08-02,68.39147186279297,69.04069519042969,67.75193786621094,67.76162719726562,3196620
2021-08-03,68.12015533447266,68.69185638427734,67.5,68.22674560546875,2991562
2021-08-04,68.20736694335938,68.42053985595703,67.81977081298828,67.97480773925781,3057610
2021-08-05,68.31394958496094,68.60465240478516,67.93605041503906,68.59496307373047,2745120
2021-08-06,68.6434097290039,68.99224853515625,68.19767761230469,68.43022918701172,2083298
2021-08-09,68.3720932006836,68.69185638427734,68.03294372558594,68.43022918701172,2352857
2021-08-10,68.42053985595703,68.44961547851562,67.82946014404297,67.91666412353516,2224373
2021-08-11,68.28488159179688,68.8565902709961,68.03294372558594,68.71124267578125,2378347
2021-08-12,68.8469009399414,68.96318054199219,68.19767761230469,68.73062133789062,1806619
2021-08-13,69.02131652832031,69.74806213378906,68.83721160888672,69.718994140625,2983822
2021-08-16,69.73837280273438,70.47480773925781,69.70930480957031,70.27131652832031,2991355
2021-08-17,70.13565826416016,70.32946014404297,69.4186019897461,70.06782531738281,2491248
2021-08-18,69.93217468261719,70.11627960205078,69.3410873413086,69.48643493652344,2441093
2021-08-19,69.25387573242188,70.00968933105469,68.90503692626953,69.32170867919922,3700649
2021-08-20,69.32170867919922,70.0969009399414,68.6530990600586,69.68022918701172,4906438
2021-08-23,69.75775146484375,70.05814361572266,68.82752227783203,68.93411254882812,3253277
2021-08-24,69.24418640136719,69.28294372558594,68.4399185180664,68.6434097290039,3022212
2021-08-25,68.52713012695312,69.18605041503906,68.0813980102539,68.73062133789062,2423755
2021-08-26,68.72093200683594,69.05038452148438,68.42053985595703,68.77906799316406,1988767
2021-08-27,69.01162719726562,69.63178253173828,68.97286987304688,69.3313980102539,2729950
2021-08-30,69.28294372558594,69.8255844116211,69.11821746826172,69.8255844116211,3616025
2021-08-31,69.60271453857422,70.15503692626953,69.35077667236328,69.98062133789062,3799308
2021-09-01,70.07752227783203,70.49418640136719,69.04069519042969,70.16472625732422,5329558
2021-09-02,70.25193786621094,70.45542907714844,69.66085052490234,70.42635345458984,2742024
2021-09-03,70.30038452148438,70.39728546142578,68.79844665527344,70.05814361572266,5519755
2021-09-07,70.05814361572266,70.05814361572266,68.5465087890625,69.00193786621094,3147084
2021-09-08,68.83721160888672,69.67053985595703,68.70155334472656,69.47674560546875,2803325
2021-09-09,69.1375961303711,69.14728546142578,67.48062133789062,67.50968933105469,4775786
2021-09-10,67.64534759521484,67.71318054199219,65.80426025390625,65.81394958496094,5009225
2021-09-13,66.5600814819336,66.9186019897461,66.13372039794922,66.40503692626953,5332344
2021-09-14,66.54069519042969,66.79263305664062,65.56201934814453,66.09496307373047,4360510
2021-09-15,66.09496307373047,66.65697479248047,65.88178253173828,66.33721160888672,4468044
2021-09-16,66.27906799316406,66.78294372558594,65.91085052490234,66.26937866210938,3121078
2021-09-17,66.20155334472656,66.94767761230469,65.47480773925781,65.5813980102539,8805746
2021-09-20,65.1065902709961,66.00775146484375,64.86434173583984,65.51356506347656,5323056
2021-09-21,65.75581359863281,65.97868347167969,65.16472625732422,65.16472625732422,4148640
2021-09-22,65.69767761230469,66.02713012695312,65.33914947509766,65.6589126586914,3644611
2021-09-23,65.79457092285156,66.12403106689453,65.62015533447266,65.67829132080078,3899825
2021-09-24,65.46511840820312,65.71705627441406,64.16666412353516,64.39922332763672,4209528
2021-09-27,64.68022918701172,65.06782531738281,63.63372039794922,63.643409729003906,4117061
2021-09-28,63.39147186279297,63.56589126586914,62.89728546142578,62.9844970703125,4416238
2021-09-29,63.23643493652344,64.1375961303711,63.17829513549805,64.00193786621094,4034398
2021-09-30,63.953487396240234,64.00193786621094,62.848838806152344,62.848838806152344,3607253
2021-10-01,63.22674560546875,64.24418640136719,62.96511459350586,63.80813980102539,3023554
2021-10-04,63.604652404785156,64.52519226074219,63.50775146484375,64.43798065185547,3561019
2021-10-05,64.43798065185547,64.50581359863281,63.77907180786133,64.19573974609375,3218498
2021-10-06,64.04069519042969,65.70736694335938,63.69186019897461,65.64922332763672,4103851
2021-10-07,65.85271453857422,66.60852813720703,65.60077667236328,65.71705627441406,3184442
2021-10-08,65.60077667236328,65.968994140625,65.00968933105469,65.11627960205078,2094444
2021-10-11,65.14534759521484,65.68798065185547,64.94185638427734,65.6589126586914,2593726
2021-10-12,65.79457092285156,66.87015533447266,65.51356506347656,66.47286987304688,3707770
2021-10-13,66.72480773925781,66.94767761230469,65.63953399658203,66.6279067993164,5716558
2021-10-14,66.85077667236328,67.62596893310547,66.27906799316406,67.46124267578125,4535124
2021-10-15,67.90697479248047,68.19767761230469,67.31588745117188,67.5,4263811
2021-10-18,67.25775146484375,68.25581359863281,67.05426025390625,68.1686019897461,2513539
2021-10-19,68.34302520751953,68.38178253173828,67.81977081298828,67.86821746826172,3519636
2021-10-20,68.00387573242188,69.18605041503906,67.92635345458984,69.14728546142578,2735832
2021-10-21,69.14728546142578,69.57364654541016,68.70155334472656,68.96318054199219,3152347
2021-10-22,69.0600814819336,69.63178253173828,69.04069519042969,69.52519226074219,2530258
2021-10-25,69.55426025390625,72.24806213378906,69.52519226074219,71.57946014404297,7199232
2021-10-26,71.30814361572266,72.28681945800781,71.10465240478516,71.80232238769531,5146790
2021-10-27,72.08333587646484,72.1899185180664,71.02713012695312,71.0465087890625,6688186
2021-10-28,71.29844665527344,71.32752227783203,70.26162719726562,70.88178253173828,9845486
2021-10-29,70.281005859375,71.0465087890625,69.031005859375,69.21511840820312,45300982
2021-11-01,68.79844665527344,69.05038452148438,67.22868347167969,68.66278839111328,5556391
2021-11-02,68.9534912109375,70.281005859375,68.70155334472656,69.75775146484375,4598076
2021-11-03,69.76744079589844,70.39728546142578,69.64147186279297,70.03875732421875,3625519
2021-11-04,70.22286987304688,70.30038452148438,68.68217468261719,69.06977081298828,2901571
2021-11-05,69.68022918701172,70.39728546142578,69.38953399658203,69.54457092285156,3300130
2021-11-08,69.59302520751953,69.60271453857422,68.8469009399414,69.25387573242188,2880415
2021-11-09,69.48643493652344,69.54457092285156,68.5755844116211,68.75968933105469,3382793
2021-11-10,68.75968933105469,69.26356506347656,68.71124267578125,68.93411254882812,2653582
2021-11-11,68.62403106689453,70.18411254882812,68.47868347167969,70.1744155883789,2945328
2021-11-12,70.06782531738281,70.64922332763672,69.98062133789062,70.4844970703125,3001985
2021-11-15,71.37000274658203,71.37000274658203,70.41000366210938,71.13999938964844,7029300
2021-11-16,71.2300033569336,71.44999694824219,70.37000274658203,71.41000366210938,4903200
2021-11-17,71.23999786376953,72.0199966430664,69.55000305175781,71.97000122070312,6557200
2021-11-18,72.12999725341797,72.16000366210938,70.91000366210938,71.04000091552734,4760600
2021-11-19,71.05999755859375,71.41999816894531,70.30000305175781,70.91000366210938,5543500
2021-11-22,70.94000244140625,71.62999725341797,70.5199966430664,70.69000244140625,6528200
2021-11-23,70.80999755859375,71.05999755859375,69.88999938964844,69.9000015258789,4518600
2021-11-24,69.91999816894531,70.73999786376953,69.43000030517578,70.63999938964844,3930900
2021-11-26,69.83999633789062,70.77999877929688,69.18000030517578,69.47000122070312,3720200
2021-11-29,70.0199966430664,70.5999984741211,69.19000244140625,69.80000305175781,5540100
2021-11-30,69.48999786376953,69.48999786376953,67.88999938964844,67.91999816894531,6217100
2021-12-01,68.44999694824219,69.08999633789062,65.9000015258789,65.91999816894531,6009300
2021-12-02,66.55000305175781,68.05999755859375,66.41999816894531,67.5199966430664,5086200
2021-12-03,67.58000183105469,67.87999725341797,66.83000183105469,67.25,4047600
2021-12-06,67.7699966430664,69.58000183105469,67.70999908447266,68.08000183105469,5604700
2021-12-07,68.4000015258789,68.87999725341797,68.04000091552734,68.38999938964844,6229000
2021-12-08,68.3499984741211,69.08999633789062,68.23999786376953,68.8499984741211,4298400
2021-12-09,68.5199966430664,68.5199966430664,67.33999633789062,67.36000061035156,3697900
2021-12-10,67.80999755859375,67.80999755859375,66.88999938964844,66.94000244140625,3874900
2021-12-13,66.98999786376953,68.47000122070312,66.8499984741211,68.16000366210938,4984500
2021-12-14,68.0999984741211,68.63999938964844,67.25,67.29000091552734,4766400
2021-12-15,67.0,67.37999725341797,65.6500015258789,67.22000122070312,6006200
2021-12-16,67.44000244140625,68.0,67.13999938964844,67.66999816894531,5136800
2021-12-17,67.6500015258789,68.66999816894531,67.55000305175781,67.77999877929688,12326900
2021-12-20,67.13999938964844,67.37999725341797,66.36000061035156,67.26000213623047,3914000
2021-12-21,67.58999633789062,68.86000061035156,67.55999755859375,68.7300033569336,4084300
2021-12-22,68.9000015258789,69.23999786376953,68.45999908447266,69.13999938964844,2989200
2021-12-23,69.25,69.41999816894531,68.86000061035156,69.22000122070312,2863700
2021-12-27,69.25,70.94999694824219,69.23999786376953,70.94000244140625,3346100
2021-12-28,70.87999725341797,71.51000213623047,70.73999786376953,71.4000015258789,2663800
2021-12-29,71.5,72.02999877929688,71.30999755859375,71.9000015258789,1920100
2021-12-30,72.0,72.20999908447266,71.51000213623047,71.91000366210938,2071500
2021-12-31,71.75,72.01000213623047,71.51000213623047,71.58999633789062,2309800
2022-01-03,71.7300033569336,71.80999755859375,70.0999984741211,71.19999694824219,3110500
2022-01-04,71.1500015258789,72.4800033569336,71.12000274658203,72.25,3410700
2022-01-05,72.12000274658203,72.4800033569336,70.88999938964844,71.08000183105469,3237600
2022-01-06,71.36000061035156,71.87000274658203,70.88999938964844,71.41000366210938,2869800
2022-01-07,71.12999725341797,71.54000091552734,70.70999908447266,71.41000366210938,3108900
2022-01-10,71.29000091552734,71.66000366210938,70.55000305175781,71.62999725341797,3275800
2022-01-11,71.48999786376953,71.62000274658203,70.37000274658203,71.29000091552734,3998100
2022-01-12,71.33999633789062,72.19000244140625,71.19999694824219,71.87000274658203,4234500
2022-01-13,71.98999786376953,72.55000305175781,71.51000213623047,71.69999694824219,2390600
2022-01-14,71.55000305175781,71.72000122070312,70.75,71.5,2506100
2022-01-18,71.27999877929688,71.43000030517578,69.63999938964844,69.7300033569336,4224000
2022-01-19,69.87000274658203,70.0199966430664,68.55999755859375,68.56999969482422,3281300
2022-01-20,68.7300033569336,68.97000122070312,67.30999755859375,67.31999969482422,3647100
2022-01-21,67.55999755859375,68.2300033569336,66.9800033569336,67.91999816894531,4183100
2022-01-24,66.97000122070312,68.51000213623047,65.73999786376953,68.41000366210938,6464500
2022-01-25,67.79000091552734,69.22000122070312,67.11000061035156,68.91999816894531,4623200
2022-01-26,69.37999725341797,70.08999633789062,67.47000122070312,67.93000030517578,4577500
2022-01-27,68.37999725341797,69.19000244140625,67.48999786376953,67.76000213623047,3257500
2022-01-28,67.72000122070312,69.5,66.93000030517578,69.48999786376953,3531800
2022-01-31,68.62999725341797,69.44000244140625,68.29000091552734,69.41000366210938,4353700
2022-02-01,69.02999877929688,69.5199966430664,68.6500015258789,69.12999725341797,3264300
2022-02-02,68.98999786376953,70.0199966430664,68.62000274658203,69.80000305175781,3400900
2022-02-03,69.5,69.52999877929688,68.5999984741211,68.66999816894531,2299800
2022-02-04,68.4000015258789,68.80999755859375,67.7300033569336,68.19000244140625,3705200
2022-02-07,68.0999984741211,68.73999786376953,67.9000015258789,68.04000091552734,2636500
2022-02-08,67.98999786376953,68.13999938964844,67.31999969482422,67.55000305175781,3039200
2022-02-09,68.16000366210938,68.77999877929688,68.06999969482422,68.55999755859375,2224900
2022-02-10,67.79000091552734,68.73999786376953,66.91000366210938,67.23999786376953,3162100
2022-02-11,67.52999877929688,68.22000122070312,66.79000091552734,67.48999786376953,3795300
2022-02-14,67.33999633789062,67.69000244140625,66.58000183105469,66.88999938964844,3771800
2022-02-15,67.48999786376953,67.83999633789062,66.88999938964844,67.05000305175781,3069800
2022-02-16,67.19999694824219,67.63999938964844,66.72000122070312,67.44000244140625,3651400
2022-02-17,66.95999908447266,67.41000366210938,66.55999755859375,67.12000274658203,3543000
2022-02-18,67.11000061035156,67.62000274658203,66.55000305175781,66.62999725341797,3611100
2022-02-22,66.45999908447266,66.69000244140625,65.58999633789062,66.04000091552734,3521000
2022-02-23,67.08999633789062,67.18000030517578,65.20999908447266,65.25,3725100
2022-02-24,64.66999816894531,65.94000244140625,63.900001525878906,65.73999786376953,5712100
2022-02-25,66.0,67.45999908447266,65.87000274658203,67.4000015258789,5839700
2022-02-28,66.5,66.97000122070312,65.51000213623047,66.08999633789062,7089700
2022-03-01,66.26000213623047,66.56999969482422,65.4800033569336,65.81999969482422,5832800
2022-03-02,66.0,66.58000183105469,65.80999755859375,66.0999984741211,6091100
2022-03-03,66.41999816894531,66.66000366210938,65.41999816894531,66.62000274658203,5489700
2022-03-04,66.12000274658203,66.86000061035156,65.16999816894531,66.81999969482422,4697900
2022-03-07,66.43000030517578,66.5199966430664,64.66000366210938,64.66999816894531,5221300
2022-03-08,64.62000274658203,65.88999938964844,64.16999816894531,64.9000015258789,4348800
2022-03-09,65.69999694824219,65.95999908447266,65.12999725341797,65.16999816894531,3745900
2022-03-10,64.70999908447266,64.95999908447266,64.12999725341797,64.81999969482422,4454700
2022-03-11,65.25,65.88999938964844,65.18000030517578,65.3499984741211,3451700
2022-03-14,65.66999816894531,66.1500015258789,64.5999984741211,64.87999725341797,3301000
2022-03-15,65.81999969482422,66.12000274658203,64.66999816894531,65.12000274658203,3920800
2022-03-16,65.5199966430664,66.16999816894531,64.51000213623047,65.5999984741211,4870100
2022-03-17,65.16000366210938,66.5199966430664,65.13999938964844,66.48999786376953,3685900
2022-03-18,66.30000305175781,66.94999694824219,66.30000305175781,66.87999725341797,6202100
2022-03-21,66.83000183105469,67.4800033569336,66.23999786376953,66.58000183105469,4196600
2022-03-22,66.87000274658203,67.79000091552734,66.8499984741211,67.44999694824219,5000400
2022-03-23,67.29000091552734,67.5199966430664,66.75,66.9000015258789,2835000
2022-03-24,66.80999755859375,67.02999877929688,66.36000061035156,66.77999877929688,3150900
2022-03-25,67.0199966430664,67.98999786376953,67.0,67.94999694824219,2642000
2022-03-28,67.91000366210938,68.72000122070312,67.87000274658203,68.72000122070312,3393400
2022-03-29,69.11000061035156,70.70999908447266,69.06999969482422,70.62000274658203,3769500
2022-03-30,70.48999786376953,70.88999938964844,70.0199966430664,70.27999877929688,2922000
2022-03-31,70.41000366210938,70.66999816894531,69.27999877929688,69.30000305175781,3834800
2022-04-01,69.36000061035156,70.91000366210938,69.33000183105469,70.9000015258789,3288700
2022-04-04,70.66999816894531,70.86000061035156,69.7699966430664,70.56999969482422,3090800
2022-04-05,70.55999755859375,71.47000122070312,70.5199966430664,70.66999816894531,3135600
2022-04-06,70.25,71.80000305175781,69.7699966430664,71.77999877929688,3280800
2022-04-07,71.33999633789062,71.97000122070312,70.79000091552734,71.62000274658203,3550900
2022-04-08,71.69999694824219,72.52999877929688,71.37000274658203,72.16000366210938,2816600
2022-04-11,72.12999725341797,72.30000305175781,71.3499984741211,71.5199966430664,2342100
2022-04-12,71.5,71.86000061035156,71.13999938964844,71.55999755859375,2302300
2022-04-13,71.73999786376953,72.22000122070312,71.66999816894531,72.19000244140625,2546700
2022-04-14,72.48999786376953,73.08000183105469,72.31999969482422,72.61000061035156,2625300
2022-04-18,72.61000061035156,73.37999725341797,72.5199966430664,73.25,2544600
2022-04-19,73.37999725341797,74.2699966430664,73.3499984741211,74.12000274658203,3406000
2022-04-20,74.12000274658203,75.31999969482422,74.02999877929688,74.93000030517578,2807700
2022-04-21,75.16999816894531,75.4000015258789,74.5199966430664,74.55999755859375,2734200
2022-04-22,74.41999816894531,74.75,73.4800033569336,73.54000091552734,3112400
2022-04-25,73.5,73.66000366210938,71.86000061035156,72.75,4179100
2022-04-26,72.97000122070312,73.5,71.91000366210938,71.93000030517578,3676200
2022-04-27,72.16999816894531,72.55999755859375,71.61000061035156,71.66000366210938,2955000
2022-04-28,71.66000366210938,72.83000183105469,71.20999908447266,72.70999908447266,3130100
2022-04-29,72.01000213623047,72.08000183105469,69.2300033569336,69.36000061035156,6374100
2022-05-02,69.58000183105469,69.87000274658203,66.11000061035156,67.37999725341797,4257100
2022-05-03,67.7300033569336,68.66000366210938,67.11000061035156,67.66999816894531,3143500
2022-05-04,67.54000091552734,68.88999938964844,67.01000213623047,68.58000183105469,3296200
2022-05-05,69.05999755859375,69.37000274658203,66.6500015258789,67.0999984741211,3206300
2022-05-06,66.5199966430664,66.86000061035156,65.37000274658203,66.12000274658203,3568400
2022-05-09,65.5,65.63999938964844,64.30000305175781,64.55999755859375,4524500
2022-05-10,65.16000366210938,65.51000213623047,62.7400016784668,63.5,5762800
2022-05-11,63.5,64.62000274658203,63.150001525878906,63.79999923706055,4444100
2022-05-12,63.58000183105469,65.4000015258789,63.38999938964844,65.38999938964844,5584800
2022-05-13,65.80000305175781,67.47000122070312,65.4000015258789,67.41000366210938,5225300
2022-05-16,67.58999633789062,68.37000274658203,67.12999725341797,68.05999755859375,3543200
2022-05-17,68.43000030517578,68.81999969482422,67.77999877929688,68.61000061035156,4711800
2022-05-18,68.33999633789062,68.5,67.37000274658203,67.55999755859375,5187300
2022-05-19,67.12999725341797,67.80999755859375,66.18000030517578,67.1500015258789,4499300
2022-05-20,67.79000091552734,68.12000274658203,66.9000015258789,67.98999786376953,4085500
2022-05-23,67.9000015258789,68.48999786376953,67.0199966430664,67.22000122070312,6075200
2022-05-24,67.25,68.5199966430664,66.29000091552734,68.44000244140625,4053100
2022-05-25,68.11000061035156,69.44999694824219,68.02999877929688,69.18000030517578,4227300
2022-05-26,69.08000183105469,69.31999969482422,68.0199966430664,68.06999969482422,4491900
2022-05-27,68.5,69.37000274658203,68.43000030517578,69.3499984741211,3369600
2022-05-31,68.18000030517578,68.58000183105469,67.30000305175781,68.22000122070312,6709300
2022-06-01,68.2300033569336,68.41000366210938,67.58999633789062,68.08000183105469,2879800
2022-06-02,67.86000061035156,68.4800033569336,66.97000122070312,68.44000244140625,2701500
2022-06-03,68.16999816894531,68.18000030517578,67.25,67.36000061035156,2821700
2022-06-06,67.79000091552734,67.79000091552734,66.44000244140625,66.9800033569336,4764100
2022-06-07,66.75,68.11000061035156,66.62000274658203,68.05999755859375,3832200
2022-06-08,67.68000030517578,67.76000213623047,66.87999725341797,67.11000061035156,2979100
2022-06-09,66.95999908447266,67.55999755859375,66.26000213623047,66.27999877929688,4325300
2022-06-10,65.7300033569336,66.72000122070312,65.2699966430664,65.95999908447266,4513600
2022-06-13,64.87000274658203,65.11000061035156,62.939998626708984,63.209999084472656,5406100
2022-06-14,63.310001373291016,63.66999816894531,62.290000915527344,62.790000915527344,4541300
2022-06-15,63.380001068115234,65.79000091552734,63.2400016784668,64.80000305175781,4884500
2022-06-16,63.47999954223633,64.91000366210938,63.29999923706055,64.2300033569336,4708400
2022-06-17,64.20999908447266,65.69000244140625,64.20999908447266,64.87000274658203,15381100
2022-06-21,65.01000213623047,66.23999786376953,65.01000213623047,65.47000122070312,3592900
2022-06-22,64.76000213623047,67.06999969482422,64.76000213623047,66.38999938964844,3427300
2022-06-23,67.05000305175781,68.05000305175781,66.9000015258789,67.98999786376953,4081700
2022-06-24,68.05999755859375,69.37999725341797,67.91000366210938,69.19000244140625,5933800
2022-06-27,69.05999755859375,69.66999816894531,68.55999755859375,69.44000244140625,3798400
2022-06-28,69.9000015258789,70.68000030517578,69.02999877929688,69.12999725341797,2858800
2022-06-29,68.9800033569336,69.47000122070312,68.87999725341797,69.36000061035156,3085800
2022-06-30,68.61000061035156,68.97000122070312,67.95999908447266,68.26000213623047,3766600
2022-07-01,68.18000030517578,70.20999908447266,68.13999938964844,70.1500015258789,2950200
2022-07-05,69.61000061035156,69.86000061035156,68.08000183105469,69.29000091552734,2979500
2022-07-06,69.5,69.9800033569336,69.02999877929688,69.5,3031300
2022-07-07,69.62000274658203,69.69000244140625,68.6500015258789,68.79000091552734,3871800
2022-07-08,68.80000305175781,69.30000305175781,68.5199966430664,68.9800033569336,2885900
2022-07-11,68.91999816894531,69.58000183105469,68.62999725341797,69.55999755859375,2836000
2022-07-12,69.08999633789062,69.88999938964844,68.79000091552734,69.36000061035156,2587200
2022-07-13,68.62999725341797,69.23999786376953,68.02999877929688,68.05000305175781,3343100
2022-07-14,67.02999877929688,68.66000366210938,66.86000061035156,68.44999694824219,3969800
2022-07-15,69.36000061035156,70.41999816894531,68.83999633789062,70.30999755859375,3803500
2022-07-18,70.5,70.63999938964844,69.16999816894531,69.47000122070312,2913500
2022-07-19,69.93000030517578,70.12999725341797,69.29000091552734,70.08000183105469,2528700
2022-07-20,69.94000244140625,70.55000305175781,69.38999938964844,70.25,1861400
2022-07-21,70.0,70.5999984741211,69.75,70.58000183105469,1843200
2022-07-22,71.0,71.47000122070312,70.69000244140625,71.3499984741211,2224600
2022-07-25,71.5,71.88999938964844,71.26000213623047,71.61000061035156,2051000
2022-07-26,71.62000274658203,72.61000061035156,71.62000274658203,72.43000030517578,2374700
2022-07-27,72.0,72.5199966430664,71.20999908447266,71.87000274658203,2529500
2022-07-28,72.2300033569336,73.61000061035156,72.04000091552734,73.54000091552734,2739000
2022-07-29,73.0999984741211,74.18000030517578,73.04000091552734,73.98999786376953,4414900
2022-08-01,73.62000274658203,74.16000366210938,73.4000015258789,73.66999816894531,2613300
2022-08-02,73.5999984741211,74.05999755859375,72.7699966430664,72.80000305175781,2684800
2022-08-03,73.0,73.5199966430664,71.94999694824219,72.0,3723800
2022-08-04,73.05000305175781,73.16999816894531,72.02999877929688,72.47000122070312,3074600
2022-08-05,72.0999984741211,72.79000091552734,71.55999755859375,72.76000213623047,2509400
2022-08-08,73.0,73.83000183105469,72.93000030517578,73.26000213623047,2033200
2022-08-09,73.45999908447266,73.69999694824219,73.30000305175781,73.55000305175781,2577200
2022-08-10,74.25,74.3499984741211,73.43000030517578,74.12999725341797,3214300
2022-08-11,74.16000366210938,74.55999755859375,73.62000274658203,73.86000061035156,2899800
2022-08-12,74.2300033569336,74.7699966430664,73.95999908447266,74.66999816894531,3283900
2022-08-15,74.5999984741211,75.11000061035156,74.37999725341797,74.75,3073400
2022-08-16,74.33999633789062,74.81999969482422,73.5,73.69999694824219,4727900
2022-08-17,73.44000244140625,73.94999694824219,73.04000091552734,73.58000183105469,3280200
2022-08-18,73.68000030517578,73.83000183105469,72.73999786376953,72.98999786376953,2830300
2022-08-19,72.87000274658203,73.25,72.62999725341797,72.91000366210938,4178100
2022-08-22,72.5,72.70999908447266,71.72000122070312,71.79000091552734,3956300
2022-08-23,71.69999694824219,71.79000091552734,70.12000274658203,70.61000061035156,4441200
2022-08-24,70.61000061035156,70.97000122070312,70.54000091552734,70.63999938964844,3051600
2022-08-25,70.91999816894531,71.12999725341797,70.52999877929688,71.0199966430664,2575400
2022-08-26,71.01000213623047,71.18000030517578,69.88999938964844,69.91000366210938,3309700
2022-08-29,69.5999984741211,70.69000244140625,69.5,69.98999786376953,3709700
2022-08-30,70.05000305175781,70.33999633789062,68.81999969482422,68.97000122070312,3989400
2022-08-31,69.0,69.31999969482422,68.05999755859375,68.27999877929688,5103900
2022-09-01,67.97000122070312,68.48999786376953,67.52999877929688,68.44999694824219,3476400
2022-09-02,68.75,68.9000015258789,67.55999755859375,67.69000244140625,2563100
2022-09-06,68.0,68.44999694824219,67.36000061035156,67.75,3910500
2022-09-07,67.69000244140625,68.45999908447266,67.58000183105469,68.2699966430664,2662100
2022-09-08,67.69999694824219,68.16000366210938,66.18000030517578,66.36000061035156,8201300
2022-09-09,66.4000015258789,67.0,66.01000213623047,66.79000091552734,4143300
2022-09-12,67.23999786376953,67.83000183105469,66.9000015258789,67.5999984741211,3794600
2022-09-13,66.61000061035156,66.97000122070312,65.76000213623047,65.91000366210938,4210200
2022-09-14,66.0,66.25,65.01000213623047,65.41000366210938,4994900
2022-09-15,65.56999969482422,65.94000244140625,63.380001068115234,63.43000030517578,7543300
2022-09-16,63.34000015258789,64.51000213623047,63.11000061035156,64.30999755859375,12575400
2022-09-19,63.93000030517578,64.12000274658203,63.34000015258789,63.970001220703125,4448700
2022-09-20,63.45000076293945,63.5099983215332,62.599998474121094,63.09000015258789,4382400
2022-09-21,63.29999923706055,63.84000015258789,62.52000045776367,62.540000915527344,4966400
2022-09-22,62.5,62.86000061035156,62.119998931884766,62.5,4300400
2022-09-23,61.9900016784668,62.40999984741211,61.029998779296875,61.810001373291016,4557500
2022-09-26,61.5,61.70000076293945,60.349998474121094,60.900001525878906,5015900
2022-09-27,61.13999938964844,61.439998626708984,59.41999816894531,59.4900016784668,6882500
2022-09-28,59.95000076293945,60.66999816894531,59.11000061035156,60.369998931884766,8458700
2022-09-29,59.86000061035156,59.91999816894531,57.61000061035156,57.95000076293945,4837900
2022-09-30,58.36000061035156,58.59000015258789,57.68000030517578,58.20000076293945,5621400
2022-10-03,58.849998474121094,59.619998931884766,57.709999084472656,59.220001220703125,4283300
2022-10-04,59.79999923706055,61.08000183105469,59.529998779296875,60.27000045776367,3868000
2022-10-05,59.619998931884766,59.84000015258789,58.40999984741211,59.52000045776367,3357800
2022-10-06,59.560001373291016,59.88999938964844,58.220001220703125,58.52000045776367,3871700
2022-10-07,58.20000076293945,58.709999084472656,57.68000030517578,58.029998779296875,3287300
2022-10-10,58.310001373291016,58.81999969482422,57.31999969482422,57.349998474121094,3157200
2022-10-11,57.400001525878906,58.34000015258789,57.099998474121094,58.060001373291016,3625200
2022-10-12,57.869998931884766,58.150001525878906,57.52000045776367,57.529998779296875,2931400
2022-10-13,56.52000045776367,57.779998779296875,55.869998931884766,57.54999923706055,4441300
2022-10-14,58.25,58.43000030517578,55.5,55.540000915527344,4153100
2022-10-17,56.369998931884766,57.709999084472656,56.13999938964844,57.4900016784668,5014200
2022-10-18,58.29999923706055,58.90999984741211,58.02000045776367,58.630001068115234,4069500
2022-10-19,58.130001068115234,58.75,57.40999984741211,57.83000183105469,3660400
2022-10-20,57.90999984741211,58.33000183105469,57.45000076293945,57.470001220703125,3185100
2022-10-21,57.38999938964844,57.790000915527344,56.68000030517578,57.630001068115234,3781500
2022-10-24,58.279998779296875,59.130001068115234,58.15999984741211,59.0099983215332,4207300
2022-10-25,59.08000183105469,60.54999923706055,59.0,60.4900016784668,6585800
2022-10-26,60.4900016784668,60.95000076293945,60.209999084472656,60.599998474121094,3814300
2022-10-27,61.0,61.7400016784668,60.88999938964844,61.13999938964844,3401700
2022-10-28,60.9900016784668,62.40999984741211,60.90999984741211,62.310001373291016,2980500
2022-10-31,61.540000915527344,62.459999084472656,61.5099983215332,62.27000045776367,6662200
2022-11-01,62.5,62.939998626708984,62.02000045776367,62.209999084472656,3586600
2022-11-02,61.790000915527344,62.459999084472656,60.61000061035156,61.06999969482422,4138300
2022-11-03,60.380001068115234,61.9900016784668,59.95000076293945,61.630001068115234,2826600
2022-11-04,61.90999984741211,63.459999084472656,61.70000076293945,63.0099983215332,3706200
2022-11-07,63.119998931884766,63.310001373291016,62.59000015258789,63.130001068115234,3316300
2022-11-08,63.18000030517578,63.91999816894531,62.849998474121094,63.34000015258789,2999300
2022-11-09,63.279998779296875,64.27999877929688,63.099998474121094,63.25,2979900
2022-11-10,64.75,65.87999725341797,64.12000274658203,65.37000274658203,4617900
2022-11-11,65.5999984741211,65.83000183105469,64.66000366210938,64.9800033569336,3558000
2022-11-14,64.81999969482422,65.22000122070312,64.05999755859375,64.08000183105469,3993600
2022-11-15,64.9000015258789,65.38999938964844,63.959999084472656,64.73999786376953,4436700
2022-11-16,64.54000091552734,64.72000122070312,63.689998626708984,63.84000015258789,3569100
2022-11-17,63.220001220703125,64.43000030517578,63.130001068115234,64.41000366210938,3087800
2022-11-18,65.0,65.19999694824219,64.30999755859375,64.69999694824219,2991800
2022-11-21,64.6500015258789,65.37000274658203,64.61000061035156,65.30000305175781,2831100
2022-11-22,65.37000274658203,65.68000030517578,65.08999633789062,65.30000305175781,3128700
2022-11-23,65.12999725341797,65.38999938964844,64.19000244140625,64.5199966430664,3283300
2022-11-25,64.80999755859375,64.95999908447266,64.52999877929688,64.8499984741211,1691200
2022-11-28,64.55999755859375,64.69000244140625,61.52000045776367,61.7400016784668,7739200
2022-11-29,61.90999984741211,62.54999923706055,61.439998626708984,62.29999923706055,5291900
2022-11-30,61.5099983215332,63.15999984741211,61.099998474121094,63.06999969482422,7034600
2022-12-01,63.40999984741211,63.91999816894531,62.58000183105469,62.810001373291016,3923000
2022-12-02,62.33000183105469,63.22999954223633,62.130001068115234,62.900001525878906,3357300
2022-12-05,62.310001373291016,62.900001525878906,61.75,62.2400016784668,5078700
2022-12-06,62.349998474121094,62.939998626708984,62.27000045776367,62.709999084472656,5584400
2022-12-07,62.709999084472656,63.81999969482422,62.709999084472656,63.56999969482422,5196200
2022-12-08,63.599998474121094,64.41999816894531,63.59000015258789,64.05999755859375,3862500
2022-12-09,64.12999725341797,64.9000015258789,64.0,64.44999694824219,4418000
2022-12-12,64.55999755859375,64.91000366210938,64.0999984741211,64.66999816894531,4943900
2022-12-13,66.0,66.44000244140625,64.4000015258789,64.95999908447266,4250200
2022-12-14,65.05999755859375,65.63999938964844,64.4000015258789,64.66000366210938,4750200
2022-12-15,64.23999786376953,65.0199966430664,64.06999969482422,64.63999938964844,4543800
2022-12-16,63.7599983215332,64.12999725341797,62.38999938964844,63.47999954223633,10962300
2022-12-19,63.47999954223633,64.08999633789062,63.0,63.540000915527344,3610900
2022-12-20,63.310001373291016,63.61000061035156,62.59000015258789,63.11000061035156,4438400
2022-12-21,63.97999954223633,64.80000305175781,63.93000030517578,64.23999786376953,3845700
2022-12-22,63.959999084472656,64.19999694824219,62.52000045776367,63.45000076293945,3204100
2022-12-23,63.31999969482422,64.41000366210938,63.2400016784668,64.41000366210938,1848300
2022-12-27,64.41000366210938,64.41999816894531,63.630001068115234,64.11000061035156,4073900
2022-12-28,64.02999877929688,64.44999694824219,63.150001525878906,63.22999954223633,3155200
2022-12-29,63.5,64.19999694824219,63.43000030517578,64.02999877929688,2462900
2022-12-30,63.61000061035156,63.779998779296875,62.7400016784668,63.43000030517578,2374100
2023-01-03,63.86000061035156,64.02999877929688,62.849998474121094,63.79999923706055,4483600
2023-01-04,64.0,65.22000122070312,63.849998474121094,64.61000061035156,3887200
2023-01-05,64.26000213623047,64.27999877929688,63.119998931884766,63.38999938964844,3783000
2023-01-06,63.75,64.44999694824219,63.68000030517578,64.08000183105469,4261600
2023-01-09,64.0199966430664,64.86000061035156,63.68000030517578,64.69999694824219,3885800
2023-01-10,64.37000274658203,64.51000213623047,63.810001373291016,64.13999938964844,3121500
2023-01-11,64.66000366210938,66.08000183105469,64.0999984741211,66.0,5024500
2023-01-12,66.12000274658203,66.83000183105469,65.58000183105469,66.55000305175781,3525800
2023-01-13,66.16000366210938,66.54000091552734,65.80999755859375,66.19000244140625,2148700
2023-01-17,66.25,67.25,66.2300033569336,66.88999938964844,3192800
2023-01-18,66.98999786376953,67.0999984741211,65.70999908447266,66.04000091552734,2505400
2023-01-19,65.86000061035156,66.56999969482422,65.27999877929688,65.30999755859375,2709300
2023-01-20,65.44000244140625,66.44000244140625,64.83999633789062,66.37999725341797,3038300
2023-01-23,66.38999938964844,67.30000305175781,66.12000274658203,66.93000030517578,2676500
2023-01-24,66.87000274658203,67.44999694824219,66.5999984741211,67.0999984741211,1904100
2023-01-25,67.33999633789062,67.33999633789062,66.69999694824219,67.30999755859375,4140100
2023-01-26,67.68000030517578,68.0,67.12999725341797,67.97000122070312,2294800
2023-01-27,67.8499984741211,68.68000030517578,67.83999633789062,68.30000305175781,3979800
2023-01-30,68.06999969482422,68.44999694824219,67.70999908447266,67.7699966430664,2652000
2023-01-31,67.52999877929688,68.1500015258789,67.0999984741211,67.83000183105469,5001200
2023-02-01,67.62000274658203,68.12999725341797,66.7699966430664,67.9000015258789,3303200
2023-02-02,68.20999908447266,68.8499984741211,67.5,67.86000061035156,3235300
2023-02-03,67.33000183105469,67.63999938964844,66.37999725341797,67.58999633789062,3637600
2023-02-06,67.0,67.80999755859375,66.72000122070312,67.7300033569336,2489100
2023-02-07,67.29000091552734,67.88999938964844,66.80999755859375,67.37000274658203,3609200
2023-02-08,67.26000213623047,67.69999694824219,66.94000244140625,67.22000122070312,2520800
2023-02-09,67.43000030517578,67.73999786376953,66.18000030517578,66.2300033569336,2395300
2023-02-10,66.08000183105469,67.0,66.02999877929688,66.8499984741211,2123500
2023-02-13,67.0,67.3499984741211,66.97000122070312,67.1500015258789,2237800
2023-02-14,67.02999877929688,67.12999725341797,65.68000030517578,65.70999908447266,3228300
2023-02-15,65.72000122070312,66.44000244140625,65.5199966430664,66.4000015258789,2425900
2023-02-16,65.83000183105469,66.63999938964844,65.5199966430664,66.30999755859375,2447500
2023-02-17,66.30000305175781,66.4000015258789,65.63999938964844,66.12000274658203,2891900
2023-02-21,65.75,66.05000305175781,65.0,65.22000122070312,2603800
2023-02-22,65.83000183105469,67.05000305175781,65.41999816894531,65.5199966430664,3501900
2023-02-23,66.05000305175781,66.5199966430664,65.68000030517578,66.08000183105469,3560100
2023-02-24,65.72000122070312,65.8499984741211,64.66000366210938,64.9800033569336,3220400
2023-02-27,65.6500015258789,65.7300033569336,64.45999908447266,64.76000213623047,3981100
2023-02-28,64.48999786376953,64.80000305175781,63.90999984741211,63.95000076293945,5975000
2023-03-01,63.84000015258789,63.84000015258789,62.77000045776367,63.52000045776367,3625700
2023-03-02,63.380001068115234,64.25,63.15999984741211,64.08999633789062,3244700
2023-03-03,64.38999938964844,64.79000091552734,64.1500015258789,64.48999786376953,3574000
2023-03-06,64.73999786376953,64.88999938964844,64.20999908447266,64.30000305175781,3483800
2023-03-07,64.41000366210938,64.51000213623047,63.65999984741211,63.900001525878906,3548000
2023-03-08,63.81999969482422,64.58999633789062,63.7599983215332,64.54000091552734,2807300
2023-03-09,64.54000091552734,64.69999694824219,63.400001525878906,63.439998626708984,3414300
2023-03-10,63.43000030517578,63.4900016784668,61.220001220703125,61.380001068115234,5725400
2023-03-13,61.380001068115234,63.66999816894531,61.349998474121094,62.790000915527344,6428000
2023-03-14,63.38999938964844,64.02999877929688,62.7400016784668,63.220001220703125,5061000
2023-03-15,62.84000015258789,63.75,62.11000061035156,63.060001373291016,5503300
2023-03-16,62.63999938964844,62.900001525878906,61.7400016784668,62.43000030517578,4573500
2023-03-17,62.38999938964844,62.38999938964844,61.349998474121094,61.380001068115234,7068400
2023-03-20,61.65999984741211,62.290000915527344,61.400001525878906,61.970001220703125,3943500
2023-03-21,62.279998779296875,62.40999984741211,61.02000045776367,61.27000045776367,4396700
2023-03-22,61.0,61.310001373291016,59.36000061035156,59.400001525878906,4155200
2023-03-23,59.900001525878906,60.38999938964844,59.09000015258789,59.27000045776367,3559300
2023-03-24,59.15999984741211,61.09000015258789,59.06999969482422,61.040000915527344,3675100
2023-03-27,61.380001068115234,61.470001220703125,60.619998931884766,60.709999084472656,3778500
2023-03-28,60.36000061035156,61.06999969482422,60.25,61.060001373291016,2410300
2023-03-29,61.61000061035156,62.13999938964844,61.54999923706055,62.040000915527344,3023300
2023-03-30,62.43000030517578,62.86000061035156,62.349998474121094,62.61000061035156,3008000
2023-03-31,62.52000045776367,63.36000061035156,62.470001220703125,63.31999969482422,4142600
2023-04-03,62.95000076293945,63.400001525878906,62.38999938964844,62.869998931884766,5758400
2023-04-04,62.83000183105469,62.9900016784668,62.38999938964844,62.84000015258789,2832400
2023-04-05,62.959999084472656,63.11000061035156,62.470001220703125,62.709999084472656,4001900
2023-04-06,62.970001220703125,62.97999954223633,62.11000061035156,62.56999969482422,3177600
2023-04-10,62.25,62.65999984741211,61.709999084472656,62.650001525878906,3083000
2023-04-11,62.5,62.5,61.709999084472656,62.099998474121094,7405700
2023-04-12,62.9900016784668,63.220001220703125,61.869998931884766,61.91999816894531,4749400
2023-04-13,61.7599983215332,61.7599983215332,60.970001220703125,61.529998779296875,5126000
2023-04-14,61.66999816894531,61.88999938964844,60.4900016784668,60.77000045776367,3728700
2023-04-17,61.02000045776367,61.56999969482422,60.790000915527344,61.560001373291016,2960500
2023-04-18,61.40999984741211,61.75,60.869998931884766,61.11000061035156,2197000
2023-04-19,60.66999816894531,61.650001525878906,60.630001068115234,61.63999938964844,2290700
2023-04-20,61.439998626708984,61.97999954223633,61.290000915527344,61.93000030517578,3031000
2023-04-21,61.970001220703125,62.619998931884766,61.790000915527344,62.33000183105469,4020800
2023-04-24,62.380001068115234,62.4900016784668,61.630001068115234,62.09000015258789,2647300
2023-04-25,61.88999938964844,62.279998779296875,61.779998779296875,62.040000915527344,3493600
2023-04-26,61.9900016784668,62.220001220703125,61.150001525878906,61.310001373291016,2788900
2023-04-27,61.310001373291016,62.63999938964844,61.27000045776367,62.290000915527344,3183400
2023-04-28,62.189998626708984,62.939998626708984,62.189998626708984,62.84000015258789,3464600
2023-05-01,62.599998474121094,62.88999938964844,62.18000030517578,62.2400016784668,2194100
2023-05-02,62.130001068115234,62.20000076293945,61.15999984741211,61.38999938964844,2620200
2023-05-03,61.529998779296875,61.81999969482422,60.86000061035156,60.970001220703125,3099100
2023-05-04,61.15999984741211,62.18000030517578,60.529998779296875,61.91999816894531,3254900
2023-05-05,62.29999923706055,63.54999923706055,62.27000045776367,62.95000076293945,3226900
2023-05-08,62.65999984741211,62.95000076293945,62.470001220703125,62.7599983215332,2160400
2023-05-09,62.58000183105469,62.630001068115234,61.970001220703125,62.220001220703125,2526900
2023-05-10,62.72999954223633,62.83000183105469,61.90999984741211,62.369998931884766,2665300
2023-05-11,62.060001373291016,62.18000030517578,61.38999938964844,61.79999923706055,2319500
2023-05-12,61.95000076293945,62.099998474121094,61.59000015258789,62.029998779296875,2349900
2023-05-15,62.02000045776367,62.22999954223633,61.61000061035156,61.939998626708984,2449700
2023-05-16,61.79999923706055,61.84000015258789,60.279998779296875,60.290000915527344,3311800
2023-05-17,60.38999938964844,60.7400016784668,59.939998626708984,60.650001525878906,3722300
2023-05-18,60.41999816894531,60.7400016784668,59.880001068115234,60.06999969482422,4197100
2023-05-19,60.310001373291016,60.7400016784668,59.83000183105469,59.970001220703125,3425200
2023-05-22,60.130001068115234,60.59000015258789,59.90999984741211,60.34000015258789,2844500
2023-05-23,60.369998931884766,60.79999923706055,59.97999954223633,60.099998474121094,2700000
2023-05-24,59.900001525878906,59.9900016784668,59.060001373291016,59.09000015258789,3159100
2023-05-25,59.38999938964844,59.38999938964844,58.130001068115234,58.439998626708984,3615000
2023-05-26,58.54999923706055,58.849998474121094,58.220001220703125,58.65999984741211,3448200
2023-05-30,59.25,59.52000045776367,58.849998474121094,58.91999816894531,4422700
2023-05-31,58.869998931884766,59.77000045776367,58.779998779296875,59.439998626708984,9241100
2023-06-01,59.459999084472656,59.689998626708984,58.880001068115234,59.2400016784668,4558800
2023-06-02,59.59000015258789,60.099998474121094,59.33000183105469,59.70000076293945,4781900
2023-06-05,59.790000915527344,60.59000015258789,59.68000030517578,59.9900016784668,3849900
2023-06-06,60.119998931884766,60.25,59.52000045776367,60.0099983215332,3669300
2023-06-07,60.189998626708984,61.18000030517578,59.970001220703125,61.0,3542800
2023-06-08,60.91999816894531,61.0,60.36000061035156,60.86000061035156,2554200
2023-06-09,60.619998931884766,61.0,60.529998779296875,60.90999984741211,2605600
2023-06-12,60.88999938964844,61.130001068115234,60.619998931884766,60.970001220703125,4422200
2023-06-13,61.09000015258789,61.529998779296875,60.97999954223633,61.189998626708984,4279900
2023-06-14,61.380001068115234,62.119998931884766,60.93000030517578,61.18000030517578,5399900
2023-06-15,61.04999923706055,61.34000015258789,60.81999969482422,61.22999954223633,4542500
2023-06-16,61.22999954223633,61.650001525878906,61.11000061035156,61.38999938964844,18479700
2023-06-20,61.16999816894531,61.2400016784668,60.16999816894531,60.33000183105469,5309100
2023-06-21,60.2599983215332,60.2599983215332,59.45000076293945,59.61000061035156,5495800
2023-06-22,59.869998931884766,60.040000915527344,59.04999923706055,59.470001220703125,3217500
2023-06-23,59.130001068115234,59.41999816894531,58.75,58.7599983215332,6096400
2023-06-26,58.970001220703125,59.97999954223633,58.880001068115234,59.95000076293945,3160800
2023-06-27,60.06999969482422,60.33000183105469,59.72999954223633,60.189998626708984,4823300
2023-06-28,60.22999954223633,60.2599983215332,59.779998779296875,60.150001525878906,3648700
2023-06-29,59.880001068115234,60.2400016784668,59.61000061035156,60.220001220703125,3702900
2023-06-30,60.29999923706055,60.4900016784668,59.189998626708984,59.790000915527344,7161500
2023-07-03,59.75,60.56999969482422,59.560001373291016,60.20000076293945,2347700
2023-07-05,59.9900016784668,60.880001068115234,59.79999923706055,60.630001068115234,4649000
2023-07-06,59.779998779296875,59.939998626708984,59.189998626708984,59.900001525878906,4102900
2023-07-07,59.56999969482422,59.959999084472656,59.34000015258789,59.56999969482422,4710100
2023-07-10,59.47999954223633,59.65999984741211,59.18000030517578,59.31999969482422,4837300
2023-07-11,59.540000915527344,60.529998779296875,59.25,60.5,5433900
2023-07-12,60.79999923706055,61.15999984741211,60.290000915527344,60.310001373291016,4271000
2023-07-13,60.400001525878906,60.9900016784668,60.119998931884766,60.95000076293945,4705200
2023-07-14,60.81999969482422,60.880001068115234,60.47999954223633,60.81999969482422,4981700
2023-07-17,60.689998626708984,61.349998474121094,60.5,61.290000915527344,3229500
2023-07-18,61.40999984741211,61.45000076293945,60.7599983215332,60.9900016784668,4082600
2023-07-19,61.2400016784668,62.130001068115234,61.2400016784668,61.72999954223633,4362500
2023-07-20,62.0,62.63999938964844,61.470001220703125,62.619998931884766,3250600
2023-07-21,62.689998626708984,63.15999984741211,62.529998779296875,62.75,3116800
2023-07-24,62.880001068115234,63.45000076293945,62.7599983215332,63.369998931884766,4913400
2023-07-25,63.2400016784668,63.560001373291016,63.04999923706055,63.09000015258789,3284600
2023-07-26,63.09000015258789,63.84000015258789,63.09000015258789,63.75,3440300
2023-07-27,64.0,64.18000030517578,62.13999938964844,62.189998626708984,4957900
2023-07-28,62.439998626708984,62.709999084472656,61.130001068115234,61.470001220703125,5075900
2023-07-31,61.369998931884766,61.529998779296875,60.59000015258789,60.970001220703125,9894200
2023-08-01,61.0099983215332,61.29999923706055,60.61000061035156,60.779998779296875,3206500
2023-08-02,60.5,60.689998626708984,60.15999984741211,60.369998931884766,3554800
2023-08-03,60.09000015258789,60.150001525878906,58.630001068115234,58.84000015258789,6619800
2023-08-04,59.22999954223633,60.25,59.0099983215332,59.220001220703125,4508100
2023-08-07,59.31999969482422,60.189998626708984,59.22999954223633,60.11000061035156,4059400
2023-08-08,59.709999084472656,59.81999969482422,58.880001068115234,59.0,4465600
2023-08-09,58.880001068115234,59.810001373291016,58.65999984741211,59.5099983215332,3896100
2023-08-10,59.54999923706055,59.61000061035156,58.54999923706055,58.790000915527344,6938500
2023-08-11,58.650001525878906,58.779998779296875,58.33000183105469,58.619998931884766,5070300
2023-08-14,58.470001220703125,58.619998931884766,57.81999969482422,57.939998626708984,6150100
2023-08-15,57.720001220703125,57.720001220703125,56.84000015258789,57.43000030517578,6157700
2023-08-16,57.4900016784668,57.599998474121094,56.81999969482422,56.869998931884766,5102000
2023-08-17,57.0099983215332,57.619998931884766,56.849998474121094,56.880001068115234,5229500
2023-08-18,56.560001373291016,57.220001220703125,56.529998779296875,56.900001525878906,4842100
2023-08-21,56.81999969482422,56.90999984741211,55.959999084472656,56.22999954223633,4748900
2023-08-22,56.4900016784668,56.619998931884766,56.150001525878906,56.31999969482422,3448300
2023-08-23,56.540000915527344,57.220001220703125,56.5,57.11000061035156,5834900
2023-08-24,57.13999938964844,57.54999923706055,56.36000061035156,56.36000061035156,5722400
2023-08-25,56.400001525878906,56.459999084472656,55.810001373291016,56.0,8429000
2023-08-28,56.20000076293945,56.650001525878906,55.91999816894531,56.470001220703125,8568900
2023-08-29,56.5,56.5099983215332,56.04999923706055,56.470001220703125,4698800
2023-08-30,56.349998474121094,56.599998474121094,56.06999969482422,56.560001373291016,9020900
2023-08-31,56.31999969482422,56.36000061035156,55.9900016784668,56.040000915527344,6971200
2023-09-01,56.29999923706055,56.59000015258789,56.0099983215332,56.20000076293945,3864100
2023-09-05,56.16999816894531,56.18000030517578,55.22999954223633,55.25,5264600
2023-09-06,55.43000030517578,55.47999954223633,54.7599983215332,54.9900016784668,4915100
2023-09-07,54.97999954223633,55.439998626708984,54.970001220703125,55.08000183105469,5821300
2023-09-08,55.349998474121094,55.7400016784668,55.209999084472656,55.31999969482422,4243300
2023-09-11,55.47999954223633,55.529998779296875,55.04999923706055,55.16999816894531,3698600
2023-09-12,55.150001525878906,55.349998474121094,54.91999816894531,55.150001525878906,3704500
2023-09-13,55.41999816894531,55.540000915527344,55.0,55.060001373291016,4928400
2023-09-14,55.27000045776367,55.43000030517578,55.04999923706055,55.119998931884766,5902100
2023-09-15,54.95000076293945,54.9900016784668,53.97999954223633,54.099998474121094,18363000
2023-09-18,54.36000061035156,54.38999938964844,53.650001525878906,53.72999954223633,5925300
2023-09-19,53.70000076293945,54.25,53.68000030517578,54.0,4394700
2023-09-20,54.25,54.61000061035156,53.72999954223633,53.79999923706055,3731900
2023-09-21,53.43000030517578,53.54999923706055,52.040000915527344,52.060001373291016,8675400
2023-09-22,52.06999969482422,52.400001525878906,51.52000045776367,51.560001373291016,6976500
2023-09-25,51.5,51.52000045776367,50.849998474121094,51.189998626708984,5307200
2023-09-26,51.0,51.20000076293945,49.95000076293945,50.2599983215332,5231400
2023-09-27,50.58000183105469,50.939998626708984,49.380001068115234,49.65999984741211,5416500
2023-09-28,49.790000915527344,50.08000183105469,49.58000183105469,49.619998931884766,5850100
2023-09-29,49.97999954223633,50.529998779296875,49.630001068115234,49.939998626708984,5298500
2023-10-02,49.81999969482422,49.97999954223633,48.7599983215332,48.9900016784668,6159100
2023-10-03,48.810001373291016,49.09000015258789,48.41999816894531,48.88999938964844,6352400
2023-10-04,49.119998931884766,49.59000015258789,48.66999816894531,49.56999969482422,5468700
2023-10-05,49.529998779296875,50.150001525878906,49.29999923706055,50.060001373291016,5067200
2023-10-06,49.810001373291016,50.540000915527344,49.380001068115234,50.11000061035156,4249200
2023-10-09,49.90999984741211,50.849998474121094,49.900001525878906,50.54999923706055,3747300
2023-10-10,50.189998626708984,50.41999816894531,49.18000030517578,50.20000076293945,6226300
2023-10-11,50.65999984741211,51.209999084472656,50.540000915527344,50.95000076293945,4027300
2023-10-12,50.810001373291016,50.939998626708984,50.060001373291016,50.279998779296875,4110400
2023-10-13,50.54999923706055,50.75,50.20000076293945,50.59000015258789,3230800
2023-10-16,50.599998474121094,51.02000045776367,49.939998626708984,50.7400016784668,4545500
2023-10-17,50.59000015258789,51.290000915527344,50.400001525878906,50.970001220703125,6089900
2023-10-18,50.599998474121094,50.79999923706055,49.880001068115234,49.90999984741211,3930800
2023-10-19,49.7400016784668,50.380001068115234,49.349998474121094,49.41999816894531,4883200
2023-10-20,49.41999816894531,49.81999969482422,49.34000015258789,49.349998474121094,4965900
2023-10-23,49.0,49.58000183105469,48.61000061035156,49.0099983215332,4859100
2023-10-24,49.189998626708984,49.70000076293945,49.13999938964844,49.599998474121094,4002400
2023-10-25,49.41999816894531,49.619998931884766,49.06999969482422,49.279998779296875,3336300
2023-10-26,49.43000030517578,50.220001220703125,49.43000030517578,49.790000915527344,4299200
2023-10-27,49.790000915527344,49.869998931884766,48.810001373291016,49.0,4107900
2023-10-30,47.5,48.209999084472656,45.040000915527344,46.220001220703125,36132700
2023-10-31,46.349998474121094,47.52000045776367,45.93000030517578,47.380001068115234,18220500
2023-11-01,47.65999984741211,48.13999938964844,47.220001220703125,47.9900016784668,8149300
2023-11-02,48.88999938964844,50.20000076293945,48.68000030517578,50.029998779296875,9626500
2023-11-03,50.869998931884766,51.369998931884766,50.790000915527344,50.849998474121094,6433100
2023-11-06,50.7599983215332,50.83000183105469,50.25,50.459999084472656,7734800
2023-11-07,50.849998474121094,50.9900016784668,50.040000915527344,50.70000076293945,5787000
2023-11-08,50.72999954223633,51.36000061035156,50.72999954223633,51.20000076293945,5455100
2023-11-09,51.29999923706055,51.380001068115234,49.849998474121094,50.16999816894531,5464300
2023-11-10,50.40999984741211,50.529998779296875,49.849998474121094,50.060001373291016,5189600
2023-11-13,49.95000076293945,50.0,49.52000045776367,49.900001525878906,6125100
2023-11-14,51.0,52.77000045776367,50.88999938964844,52.13999938964844,7029200
2023-11-15,52.209999084472656,52.81999969482422,52.18000030517578,52.470001220703125,5937800
2023-11-16,52.65999984741211,53.279998779296875,52.40999984741211,53.09000015258789,7522900
2023-11-17,53.43000030517578,53.4900016784668,52.7400016784668,52.90999984741211,7215100
2023-11-20,52.79999923706055,53.41999816894531,52.5099983215332,53.220001220703125,4947400
2023-11-21,53.0,53.619998931884766,52.790000915527344,53.54999923706055,5302100
2023-11-22,53.9900016784668,54.040000915527344,53.09000015258789,53.310001373291016,3993600
2023-11-24,53.2599983215332,53.970001220703125,53.11000061035156,53.90999984741211,2454200
2023-11-27,53.970001220703125,54.34000015258789,53.650001525878906,54.130001068115234,4751900
2023-11-28,53.939998626708984,54.45000076293945,53.77000045776367,53.810001373291016,6855800
2023-11-29,54.20000076293945,54.5,53.56999969482422,53.66999816894531,5561500
2023-11-30,53.630001068115234,54.11000061035156,53.150001525878906,53.959999084472656,10126200
2023-12-01,53.849998474121094,54.75,53.75,54.599998474121094,6197100
2023-12-04,54.40999984741211,55.66999816894531,54.40999984741211,55.529998779296875,7323500
2023-12-05,55.470001220703125,55.56999969482422,54.75,54.91999816894531,7666100
2023-12-06,55.83000183105469,56.45000076293945,54.70000076293945,54.709999084472656,11296300
2023-12-07,54.599998474121094,55.18000030517578,54.31999969482422,54.689998626708984,6195400
2023-12-08,54.29999923706055,54.56999969482422,53.560001373291016,53.86000061035156,6648000
2023-12-11,54.0,54.529998779296875,53.779998779296875,54.38999938964844,6461100
2023-12-12,54.439998626708984,54.630001068115234,53.959999084472656,54.47999954223633,5013300
2023-12-13,54.77000045776367,56.88999938964844,54.560001373291016,56.619998931884766,8882400
2023-12-14,57.5,58.2400016784668,57.45000076293945,57.81999969482422,11549500
2023-12-15,57.630001068115234,57.849998474121094,56.7400016784668,57.290000915527344,20187200
2023-12-18,57.400001525878906,57.4900016784668,56.4900016784668,56.5099983215332,8848800
2023-12-19,56.709999084472656,57.36000061035156,56.630001068115234,57.119998931884766,6198200
2023-12-20,57.11000061035156,57.720001220703125,56.68000030517578,56.70000076293945,5402900
2023-12-21,57.150001525878906,57.529998779296875,56.56999969482422,56.959999084472656,5859900
2023-12-22,57.20000076293945,57.650001525878906,56.83000183105469,56.88999938964844,5287200
2023-12-26,56.91999816894531,57.7400016784668,56.869998931884766,57.70000076293945,4212000
2023-12-27,57.79999923706055,58.02000045776367,57.58000183105469,58.0,5619600
2023-12-28,57.959999084472656,58.61000061035156,57.869998931884766,58.58000183105469,5243000
2023-12-29,58.0,58.119998931884766,57.400001525878906,57.41999816894531,6688600
2024-01-02,57.11000061035156,58.58000183105469,57.0099983215332,58.56999969482422,5815300
2024-01-03,58.13999938964844,58.2400016784668,57.2599983215332,57.72999954223633,5312500
2024-01-04,57.709999084472656,58.2400016784668,57.470001220703125,57.689998626708984,5107000
2024-01-05,57.470001220703125,58.060001373291016,57.150001525878906,57.91999816894531,3944200
2024-01-08,57.91999816894531,59.54999923706055,57.81999969482422,59.47999954223633,8842900
2024-01-09,59.13999938964844,59.83000183105469,58.90999984741211,59.290000915527344,7605900
2024-01-10,59.599998474121094,59.79999923706055,58.95000076293945,59.11000061035156,6719400
2024-01-11,58.97999954223633,59.43000030517578,58.400001525878906,59.27000045776367,6628800
2024-01-12,59.529998779296875,59.68000030517578,58.52000045776367,58.900001525878906,5892800
2024-01-16,58.630001068115234,58.900001525878906,58.20000076293945,58.34000015258789,5809000
2024-01-17,57.70000076293945,58.290000915527344,56.630001068115234,57.209999084472656,6658200
2024-01-18,57.15999984741211,57.36000061035156,55.810001373291016,56.119998931884766,7117800
2024-01-19,56.29999923706055,56.650001525878906,55.43000030517578,56.52000045776367,9218000
2024-01-22,56.630001068115234,57.369998931884766,55.33000183105469,55.58000183105469,45785700
2024-01-23,55.79999923706055,56.09000015258789,55.40999984741211,55.9900016784668,12145100
2024-01-24,56.650001525878906,56.86000061035156,54.95000076293945,54.9900016784668,8218600
2024-01-25,55.599998474121094,55.72999954223633,54.88999938964844,55.41999816894531,6945800
2024-01-26,55.58000183105469,55.65999984741211,54.95000076293945,54.970001220703125,5696200
2024-01-29,55.0,55.09000015258789,54.36000061035156,54.91999816894531,6329600
2024-01-30,54.720001220703125,55.7400016784668,54.40999984741211,55.18000030517578,8151000
2024-01-31,55.189998626708984,55.29999923706055,54.11000061035156,54.38999938964844,12325100
2024-02-01,54.4900016784668,55.25,53.83000183105469,55.25,6320800
2024-02-02,55.040000915527344,55.04999923706055,53.630001068115234,54.189998626708984,7480300
2024-02-05,53.540000915527344,53.61000061035156,52.61000061035156,52.650001525878906,9135600
2024-02-06,52.75,53.93000030517578,52.599998474121094,53.75,7198800
2024-02-07,53.75,53.88999938964844,53.290000915527344,53.36000061035156,4686700
2024-02-08,53.27000045776367,53.52000045776367,53.040000915527344,53.15999984741211,4484400
2024-02-09,53.029998779296875,53.2599983215332,52.27000045776367,52.7599983215332,6516500
2024-02-12,52.84000015258789,53.040000915527344,52.540000915527344,52.66999816894531,5069600
2024-02-13,51.7400016784668,51.79999923706055,51.189998626708984,51.52000045776367,9692900
2024-02-14,51.75,51.75,51.15999984741211,51.38999938964844,5923100
2024-02-15,51.81999969482422,52.38999938964844,51.709999084472656,52.02000045776367,5127100
2024-02-16,51.5,52.540000915527344,51.2599983215332,52.33000183105469,5678200
2024-02-20,52.459999084472656,52.650001525878906,51.959999084472656,52.470001220703125,6095700
2024-02-21,52.9900016784668,53.02000045776367,51.689998626708984,52.689998626708984,6522900
2024-02-22,52.66999816894531,52.959999084472656,52.41999816894531,52.81999969482422,5764000
2024-02-23,52.91999816894531,53.41999816894531,52.72999954223633,52.939998626708984,5181800
2024-02-26,53.02000045776367,53.119998931884766,52.16999816894531,52.4900016784668,5120200
2024-02-27,52.79999923706055,52.93000030517578,52.189998626708984,52.310001373291016,5966900
2024-02-28,52.189998626708984,52.29999923706055,51.7400016784668,52.02000045776367,7631100
2024-02-29,52.18000030517578,52.63999938964844,51.880001068115234,52.11000061035156,6753300
2024-03-01,52.0,52.27000045776367,50.900001525878906,52.2400016784668,8952600
2024-03-04,52.0099983215332,52.849998474121094,51.88999938964844,52.709999084472656,5170600
2024-03-05,52.650001525878906,52.86000061035156,52.06999969482422,52.25,5979500
2024-03-06,52.599998474121094,52.650001525878906,51.86000061035156,52.15999984741211,4927400
2024-03-07,52.40999984741211,52.59000015258789,52.02000045776367,52.2400016784668,4875600
2024-03-08,52.599998474121094,52.970001220703125,52.540000915527344,52.90999984741211,4968000
2024-03-11,52.88999938964844,53.4900016784668,52.790000915527344,53.09000015258789,4753800
2024-03-12,53.0,53.040000915527344,52.540000915527344,52.880001068115234,6964600
2024-03-13,52.970001220703125,53.33000183105469,52.189998626708984,52.279998779296875,7512600
2024-03-14,52.18000030517578,52.290000915527344,51.2400016784668,51.65999984741211,9746700
2024-03-15,51.15999984741211,52.310001373291016,51.040000915527344,52.189998626708984,10074800
2024-03-18,52.04999923706055,52.470001220703125,52.0,52.209999084472656,4781200
2024-03-19,52.25,52.400001525878906,51.81999969482422,52.099998474121094,5448500
2024-03-20,51.88999938964844,52.4900016784668,51.63999938964844,52.439998626708984,4058200
2024-03-21,52.65999984741211,52.88999938964844,52.20000076293945,52.4900016784668,5075700
2024-03-22,52.77000045776367,52.849998474121094,52.0,52.08000183105469,5775200
2024-03-25,52.2599983215332,52.58000183105469,51.970001220703125,52.16999816894531,6775300
2024-03-26,52.380001068115234,52.77000045776367,52.25,52.599998474121094,6484800
2024-03-27,53.0,53.77000045776367,52.86000061035156,53.77000045776367,9112000
2024-03-28,53.619998931884766,54.20000076293945,53.619998931884766,54.099998474121094,6318200
2024-04-01,54.0099983215332,54.04999923706055,53.400001525878906,53.459999084472656,4855900
2024-04-02,52.970001220703125,53.06999969482422,52.65999984741211,52.869998931884766,5107500
2024-04-03,52.84000015258789,52.970001220703125,52.540000915527344,52.77000045776367,4683600
2024-04-04,52.90999984741211,53.45000076293945,52.45000076293945,52.619998931884766,3923300
2024-04-05,52.189998626708984,53.15999984741211,51.970001220703125,53.0099983215332,4718600
2024-04-08,53.04999923706055,53.66999816894531,52.939998626708984,53.63999938964844,4006900
2024-04-09,53.7599983215332,54.38999938964844,53.70000076293945,54.380001068115234,3401400
2024-04-10,53.0099983215332,53.36000061035156,51.70000076293945,52.13999938964844,7578800
2024-04-11,52.459999084472656,52.7599983215332,52.099998474121094,52.2400016784668,5724500
2024-04-12,52.189998626708984,52.29999923706055,51.86000061035156,52.02000045776367,6410600
2024-04-15,52.29999923706055,52.349998474121094,51.349998474121094,51.650001525878906,6251800
2024-04-16,51.52000045776367,51.56999969482422,50.779998779296875,50.79999923706055,7121500
2024-04-17,50.810001373291016,51.54999923706055,50.650001525878906,51.279998779296875,5120700
2024-04-18,51.43000030517578,52.04999923706055,51.130001068115234,52.029998779296875,4961100
2024-04-19,52.189998626708984,53.15999984741211,52.18000030517578,53.040000915527344,6611700
2024-04-22,53.0,53.380001068115234,52.54999923706055,53.33000183105469,4182400
2024-04-23,53.22999954223633,53.58000183105469,53.11000061035156,53.38999938964844,6650900
2024-04-24,53.16999816894531,53.75,52.86000061035156,53.66999816894531,5340400
2024-04-25,53.029998779296875,53.90999984741211,52.880001068115234,53.79999923706055,4880800
2024-04-26,53.88999938964844,54.20000076293945,53.5099983215332,53.709999084472656,6861600
2024-04-29,54.0,54.540000915527344,53.93000030517578,54.310001373291016,6558900
2024-04-30,53.97999954223633,54.130001068115234,53.5099983215332,53.540000915527344,8569700
2024-05-01,53.369998931884766,54.540000915527344,53.34000015258789,53.91999816894531,5867900
2024-05-02,54.43000030517578,54.939998626708984,54.02000045776367,54.90999984741211,5897000
2024-05-03,55.400001525878906,55.75,54.86000061035156,55.2599983215332,9076600
2024-05-06,55.47999954223633,55.66999816894531,55.150001525878906,55.45000076293945,6845100
2024-05-07,55.31999969482422,55.59000015258789,54.86000061035156,55.02000045776367,6362200
2024-05-08,54.779998779296875,54.9900016784668,54.529998779296875,54.790000915527344,6602400
2024-05-09,55.0,55.060001373291016,54.279998779296875,54.630001068115234,6113300
2024-05-10,54.7400016784668,55.13999938964844,54.61000061035156,55.0099983215332,3859700
2024-05-13,55.45000076293945,55.4900016784668,54.84000015258789,54.959999084472656,3928200
2024-05-14,55.150001525878906,55.400001525878906,54.68000030517578,54.869998931884766,4898900
2024-05-15,55.290000915527344,55.52000045776367,54.97999954223633,55.11000061035156,6024400
2024-05-16,55.04999923706055,55.41999816894531,54.91999816894531,55.189998626708984,4198600
2024-05-17,55.290000915527344,55.290000915527344,54.880001068115234,55.130001068115234,4270900
2024-05-20,55.13999938964844,55.5,54.880001068115234,54.97999954223633,3913100
2024-05-21,54.97999954223633,55.5,54.959999084472656,55.08000183105469,3783200
2024-05-22,54.810001373291016,55.0,53.65999984741211,53.720001220703125,5760100
2024-05-23,53.720001220703125,53.72999954223633,52.279998779296875,52.310001373291016,5576000
2024-05-24,52.70000076293945,52.7599983215332,52.11000061035156,52.18000030517578,4660500
2024-05-28,52.599998474121094,53.06999969482422,51.529998779296875,51.56999969482422,6564900
2024-05-29,51.33000183105469,51.33000183105469,50.959999084472656,51.16999816894531,5639700
2024-05-30,51.540000915527344,52.099998474121094,51.540000915527344,51.75,6217400
2024-05-31,51.849998474121094,53.150001525878906,51.720001220703125,53.060001373291016,9284200
2024-06-03,53.16999816894531,53.33000183105469,52.66999816894531,53.310001373291016,4398700
2024-06-04,53.20000076293945,54.650001525878906,53.20000076293945,54.43000030517578,5815900
2024-06-05,54.34000015258789,54.5099983215332,53.779998779296875,54.029998779296875,4729300
2024-06-06,53.79999923706055,54.369998931884766,53.560001373291016,54.2599983215332,3350700
2024-06-07,53.349998474121094,53.97999954223633,53.130001068115234,53.31999969482422,3968800
2024-06-10,53.08000183105469,53.209999084472656,52.380001068115234,52.709999084472656,4317100
2024-06-11,52.5,52.84000015258789,52.130001068115234,52.2400016784668,5218000
2024-06-12,53.279998779296875,53.45000076293945,52.619998931884766,52.689998626708984,4344300
2024-06-13,52.7400016784668,53.5,52.650001525878906,53.220001220703125,4314100
2024-06-14,53.06999969482422,53.459999084472656,53.0099983215332,53.369998931884766,3374700
2024-06-17,53.099998474121094,53.45000076293945,52.810001373291016,53.06999969482422,3624400
2024-06-18,53.279998779296875,53.599998474121094,52.91999816894531,53.099998474121094,3597700
2024-06-20,52.90999984741211,53.220001220703125,52.68000030517578,53.0099983215332,4471000
2024-06-21,53.0099983215332,53.220001220703125,52.779998779296875,53.150001525878906,16269900
2024-06-24,53.150001525878906,54.150001525878906,53.02000045776367,53.63999938964844,4265500
2024-06-25,53.599998474121094,53.72999954223633,52.7400016784668,52.91999816894531,5553500
2024-06-26,52.65999984741211,52.90999984741211,52.43000030517578,52.68000030517578,4776800
2024-06-27,52.68000030517578,52.689998626708984,51.869998931884766,52.43000030517578,6201700
2024-06-28,52.709999084472656,52.86000061035156,52.130001068115234,52.81999969482422,8379400
2024-07-01,52.36000061035156,52.619998931884766,51.810001373291016,52.36000061035156,4417400
2024-07-02,52.349998474121094,52.68000030517578,52.290000915527344,52.43000030517578,4590200
2024-07-03,52.56999969482422,52.83000183105469,52.31999969482422,52.45000076293945,2125700
2024-07-05,52.689998626708984,53.150001525878906,52.380001068115234,53.09000015258789,3378500
2024-07-08,53.040000915527344,53.22999954223633,52.72999954223633,53.15999984741211,5347700
2024-07-09,53.099998474121094,53.150001525878906,52.61000061035156,52.7599983215332,3617300
2024-07-10,52.959999084472656,53.630001068115234,52.81999969482422,53.58000183105469,3279400
2024-07-11,54.130001068115234,55.45000076293945,54.08000183105469,55.0,5896000
2024-07-12,55.310001373291016,56.02000045776367,55.27000045776367,55.75,5273800
2024-07-15,55.93000030517578,56.18000030517578,55.63999938964844,55.97999954223633,4621500
2024-07-16,56.130001068115234,56.41999816894531,55.849998474121094,56.369998931884766,5127600
2024-07-17,56.400001525878906,57.7400016784668,56.400001525878906,57.630001068115234,5270200
2024-07-18,57.34000015258789,58.56999969482422,57.2599983215332,57.72999954223633,4518500
2024-07-19,57.66999816894531,57.779998779296875,57.189998626708984,57.58000183105469,3722300
2024-07-22,57.40999984741211,57.65999984741211,56.95000076293945,57.560001373291016,4000800
2024-07-23,57.2599983215332,57.81999969482422,57.130001068115234,57.4900016784668,3275400
2024-07-24,57.4900016784668,57.939998626708984,57.13999938964844,57.2599983215332,4860000
2024-07-25,57.459999084472656,58.18000030517578,57.119998931884766,57.36000061035156,4755000
2024-07-26,57.619998931884766,58.279998779296875,57.40999984741211,58.06999969482422,3138600
2024-07-29,58.18000030517578,58.33000183105469,57.66999816894531,58.209999084472656,2744900
2024-07-30,58.2599983215332,58.529998779296875,58.11000061035156,58.369998931884766,4091500
2024-07-31,58.2599983215332,58.290000915527344,57.349998474121094,57.43000030517578,7681900
2024-08-01,57.63999938964844,58.060001373291016,57.4900016784668,58.0099983215332,5966600
2024-08-02,57.650001525878906,59.439998626708984,57.650001525878906,59.31999969482422,8459400
2024-08-05,56.880001068115234,59.959999084472656,56.880001068115234,59.18000030517578,12166900
2024-08-06,58.880001068115234,61.349998474121094,58.560001373291016,60.439998626708984,9104700
2024-08-07,60.45000076293945,61.599998474121094,60.27000045776367,60.279998779296875,7729800
2024-08-08,60.34000015258789,60.40999984741211,59.560001373291016,60.220001220703125,6671700
2024-08-09,60.5,60.68000030517578,59.91999816894531,60.56999969482422,3374900
2024-08-12,60.31999969482422,60.380001068115234,59.7400016784668,60.310001373291016,4391100
2024-08-13,60.83000183105469,60.97999954223633,60.11000061035156,60.310001373291016,4228400
2024-08-14,60.380001068115234,60.45000076293945,59.970001220703125,60.15999984741211,4208100
2024-08-15,59.880001068115234,59.939998626708984,59.40999984741211,59.709999084472656,5586400
2024-08-16,59.77000045776367,60.20000076293945,59.630001068115234,60.04999923706055,6572900
2024-08-19,60.040000915527344,60.900001525878906,60.029998779296875,60.86000061035156,2664600
2024-08-20,60.86000061035156,61.029998779296875,60.290000915527344,60.560001373291016,3163600
2024-08-21,60.59000015258789,60.959999084472656,60.189998626708984,60.93000030517578,3305400
2024-08-22,60.93000030517578,60.9900016784668,60.34000015258789,60.5,3413200
2024-08-23,60.709999084472656,61.290000915527344,60.619998931884766,61.09000015258789,4245700
2024-08-26,61.47999954223633,61.9900016784668,61.38999938964844,61.77000045776367,3406700
2024-08-27,61.61000061035156,62.27000045776367,61.4900016784668,62.150001525878906,3495200
2024-08-28,62.29999923706055,62.40999984741211,61.560001373291016,61.9900016784668,3306900
2024-08-29,61.970001220703125,62.08000183105469,60.97999954223633,61.400001525878906,3680100
2024-08-30,61.540000915527344,62.22999954223633,61.52000045776367,62.11000061035156,5700000
2024-09-03,61.630001068115234,62.61000061035156,61.52000045776367,62.279998779296875,4818200
2024-09-04,62.279998779296875,62.88999938964844,62.279998779296875,62.709999084472656,4034600
2024-09-05,63.20000076293945,63.38999938964844,62.130001068115234,62.33000183105469,4743300
2024-09-06,62.380001068115234,62.66999816894531,61.779998779296875,62.400001525878906,4567200
2024-09-09,62.11000061035156,62.970001220703125,62.04999923706055,62.86000061035156,4479100
2024-09-10,63.0099983215332,63.099998474121094,62.58000183105469,62.810001373291016,2556000
2024-09-11,62.349998474121094,62.70000076293945,61.900001525878906,62.61000061035156,2988400
2024-09-12,62.61000061035156,62.790000915527344,61.95000076293945,62.40999984741211,2788600
2024-09-13,62.81999969482422,62.900001525878906,62.09000015258789,62.709999084472656,3506300
2024-09-16,62.97999954223633,63.22999954223633,62.58000183105469,62.68000030517578,3164100
2024-09-17,62.7599983215332,63.13999938964844,62.47999954223633,62.4900016784668,3639700
2024-09-18,62.540000915527344,63.22999954223633,61.88999938964844,62.189998626708984,4640800
2024-09-19,61.95000076293945,62.099998474121094,60.41999816894531,60.70000076293945,7228500
2024-09-20,60.560001373291016,61.7599983215332,60.439998626708984,61.630001068115234,12378400
2024-09-23,62.0,62.4900016784668,61.849998474121094,62.31999969482422,4122900
2024-09-24,62.0099983215332,62.900001525878906,61.72999954223633,62.560001373291016,5128700
2024-09-25,62.709999084472656,62.880001068115234,62.29999923706055,62.63999938964844,5233600
2024-09-26,62.4900016784668,63.0,62.18000030517578,62.47999954223633,4229700
2024-09-27,62.810001373291016,63.27000045776367,62.540000915527344,62.72999954223633,4304800
2024-09-30,62.900001525878906,63.4900016784668,62.5099983215332,63.41999816894531,7133400
2024-10-01,63.33000183105469,63.61000061035156,62.7599983215332,63.0,5380900
2024-10-02,62.529998779296875,62.81999969482422,62.0099983215332,62.41999816894531,4326300
2024-10-03,62.29999923706055,62.5099983215332,61.790000915527344,62.400001525878906,3617200
2024-10-04,61.619998931884766,62.56999969482422,61.16999816894531,62.0099983215332,5249000
2024-10-07,61.869998931884766,61.869998931884766,61.459999084472656,61.66999816894531,4015400
2024-10-08,61.779998779296875,61.95000076293945,61.099998474121094,61.5099983215332,4442500
2024-10-09,61.47999954223633,61.91999816894531,61.310001373291016,61.810001373291016,3132800
2024-10-10,61.79999923706055,62.27000045776367,61.16999816894531,61.470001220703125,3184800
2024-10-11,61.72999954223633,62.02000045776367,61.5,61.75,2913800
2024-10-14,61.72999954223633,62.33000183105469,61.529998779296875,62.11000061035156,3132300
2024-10-15,62.4900016784668,63.7400016784668,62.36000061035156,63.36000061035156,3863200
2024-10-16,63.41999816894531,64.30000305175781,63.38999938964844,64.2300033569336,3616900
2024-10-17,63.84000015258789,64.0999984741211,63.43000030517578,63.959999084472656,3450800
2024-10-18,64.0,64.7699966430664,63.619998931884766,64.70999908447266,3406700
2024-10-21,64.54000091552734,64.87999725341797,63.75,63.790000915527344,3301000
2024-10-22,63.58000183105469,63.95000076293945,63.439998626708984,63.689998626708984,2840000
2024-10-23,63.599998474121094,64.41999816894531,63.599998474121094,64.23999786376953,4232900
2024-10-24,64.1500015258789,64.68000030517578,63.290000915527344,63.310001373291016,3841100
2024-10-25,63.209999084472656,63.290000915527344,61.209999084472656,61.310001373291016,5994200
2024-10-28,61.810001373291016,62.11000061035156,61.18000030517578,61.290000915527344,4605000
2024-10-29,61.11000061035156,61.34000015258789,60.400001525878906,60.40999984741211,5174300
2024-10-30,60.52000045776367,61.0,60.29999923706055,60.47999954223633,4564700
2024-10-31,60.25,60.400001525878906,59.31999969482422,59.369998931884766,9170600
2024-11-01,59.40999984741211,59.83000183105469,58.81999969482422,58.880001068115234,4615700
2024-11-04,58.9900016784668,60.04999923706055,58.90999984741211,59.290000915527344,4691600
2024-11-05,59.0,59.0099983215332,57.91999816894531,58.81999969482422,5515400
2024-11-06,58.2400016784668,58.2400016784668,56.0,57.0,11418200
2024-11-07,57.27000045776367,57.33000183105469,56.2599983215332,56.380001068115234,7303100
2024-11-08,56.79999923706055,57.709999084472656,56.70000076293945,57.5099983215332,5576600
2024-11-11,57.52000045776367,58.650001525878906,57.47999954223633,57.650001525878906,5228100
2024-11-12,57.400001525878906,57.650001525878906,56.97999954223633,57.02000045776367,3675500
2024-11-13,57.45000076293945,57.59000015258789,56.619998931884766,56.900001525878906,3792000
2024-11-14,56.84000015258789,56.84000015258789,55.880001068115234,56.06999969482422,5115100
2024-11-15,56.08000183105469,56.619998931884766,55.95000076293945,56.540000915527344,7984900
2024-11-18,56.13999938964844,56.88999938964844,55.970001220703125,56.77000045776367,4208300
2024-11-19,56.720001220703125,57.33000183105469,56.31999969482422,57.18000030517578,3365100
2024-11-20,56.91999816894531,57.27000045776367,56.630001068115234,56.880001068115234,4131300
2024-11-21,56.720001220703125,57.5099983215332,56.560001373291016,57.38999938964844,2953100
2024-11-22,57.650001525878906,57.880001068115234,57.29999923706055,57.45000076293945,3277800
2024-11-25,57.5,57.720001220703125,57.16999816894531,57.45000076293945,6793300
2024-11-26,57.38999938964844,57.84000015258789,57.08000183105469,57.75,3038900
2024-11-27,58.13999938964844,58.790000915527344,58.130001068115234,58.31999969482422,3016100
2024-11-29,58.5,58.650001525878906,57.790000915527344,57.88999938964844,3486200
2024-12-02,57.56999969482422,57.66999816894531,56.40999984741211,56.689998626708984,5053000
2024-12-03,56.900001525878906,56.939998626708984,56.0,56.029998779296875,4856200
2024-12-04,56.349998474121094,56.56999969482422,55.939998626708984,56.16999816894531,4011300
2024-12-05,55.970001220703125,56.16999816894531,55.68000030517578,56.060001373291016,3790600
2024-12-06,56.060001373291016,56.36000061035156,55.95000076293945,56.16999816894531,3112200
2024-12-09,56.099998474121094,56.68000030517578,55.77000045776367,56.47999954223633,3946800
2024-12-10,56.25,56.31999969482422,55.689998626708984,55.779998779296875,5089600
2024-12-11,55.66999816894531,55.97999954223633,55.16999816894531,55.31999969482422,6634600
2024-12-12,55.16999816894531,55.880001068115234,55.060001373291016,55.13999938964844,3885200
2024-12-13,55.0,55.5099983215332,54.77000045776367,55.34000015258789,3899100
2024-12-16,55.0,55.470001220703125,54.52000045776367,54.58000183105469,5671600
2024-12-17,54.40999984741211,55.150001525878906,54.13999938964844,54.52000045776367,4951700
2024-12-18,54.29999923706055,54.81999969482422,52.779998779296875,52.810001373291016,7659400
2024-12-19,53.16999816894531,53.5099983215332,51.7400016784668,51.7599983215332,7959000
2024-12-20,52.0,53.560001373291016,52.0,52.790000915527344,14467200
2024-12-23,52.70000076293945,53.06999969482422,52.439998626708984,53.0,5474900
2024-12-24,52.880001068115234,53.2400016784668,52.66999816894531,53.2400016784668,2585000
2024-12-26,53.11000061035156,53.38999938964844,52.88999938964844,53.06999969482422,7385900
2024-12-27,52.93000030517578,53.47999954223633,52.470001220703125,52.65999984741211,5373900
2024-12-30,52.560001373291016,52.86000061035156,52.20000076293945,52.72999954223633,5695300
2024-12-31,52.959999084472656,53.47999954223633,52.869998931884766,53.40999984741211,5643300
2025-01-02,53.2599983215332,53.349998474121094,52.400001525878906,52.599998474121094,4991100
2025-01-03,52.63999938964844,53.310001373291016,52.540000915527344,53.279998779296875,4074200
2025-01-06,53.209999084472656,53.279998779296875,52.470001220703125,52.72999954223633,6850000
2025-01-07,52.849998474121094,53.58000183105469,52.40999984741211,52.5099983215332,4908500
2025-01-08,52.540000915527344,52.540000915527344,51.95000076293945,52.5099983215332,4727800
2025-01-10,52.0099983215332,52.2400016784668,51.63999938964844,51.66999816894531,5852100
2025-01-13,51.75,52.529998779296875,51.599998474121094,52.470001220703125,5172700
2025-01-14,52.540000915527344,53.36000061035156,52.45000076293945,53.150001525878906,4294600
2025-01-15,54.380001068115234,54.400001525878906,53.040000915527344,53.16999816894531,4978000
2025-01-16,53.189998626708984,54.630001068115234,53.099998474121094,54.58000183105469,4332000
2025-01-17,54.650001525878906,55.11000061035156,54.459999084472656,54.619998931884766,5345400
2025-01-21,54.72999954223633,55.4900016784668,54.65999984741211,55.2599983215332,5732400
2025-01-22,54.86000061035156,54.95000076293945,53.93000030517578,53.959999084472656,4950000
2025-01-23,54.08000183105469,54.2400016784668,53.529998779296875,54.130001068115234,3785600
2025-01-24,54.04999923706055,54.56999969482422,53.88999938964844,54.34000015258789,3359200
2025-01-27,55.099998474121094,56.150001525878906,54.90999984741211,56.0,6102700
2025-01-28,55.630001068115234,55.91999816894531,54.88999938964844,54.97999954223633,3694700
2025-01-29,55.09000015258789,55.16999816894531,53.88999938964844,54.060001373291016,3510700
2025-01-30,54.70000076293945,54.84000015258789,53.779998779296875,54.31999969482422,4277800
2025-01-31,54.09000015258789,55.08000183105469,54.029998779296875,54.63999938964844,6768400
2025-02-03,53.900001525878906,54.75,53.61000061035156,54.4900016784668,4324200
2025-02-04,54.290000915527344,54.439998626708984,53.849998474121094,54.029998779296875,3700800
2025-02-05,54.59000015258789,54.72999954223633,54.04999923706055,54.43000030517578,4581700
2025-02-06,54.619998931884766,54.70000076293945,54.02000045776367,54.290000915527344,4367300
2025-02-07,54.18000030517578,54.349998474121094,53.869998931884766,54.119998931884766,4544100
2025-02-10,54.04999923706055,54.369998931884766,53.59000015258789,53.959999084472656,3831200
2025-02-11,53.9900016784668,54.58000183105469,53.79999923706055,54.380001068115234,3893200
2025-02-12,53.65999984741211,54.150001525878906,53.29999923706055,54.06999969482422,4310000
2025-02-13,54.119998931884766,55.0,53.93000030517578,54.91999816894531,4129700
2025-02-14,55.08000183105469,55.43000030517578,54.470001220703125,54.4900016784668,3721300
2025-02-18,54.349998474121094,55.2400016784668,54.22999954223633,55.22999954223633,3811500
2025-02-19,55.04999923706055,55.880001068115234,55.0,55.66999816894531,4123500
2025-02-20,55.66999816894531,56.70000076293945,55.66999816894531,56.52000045776367,5226100
2025-02-21,56.720001220703125,57.33000183105469,56.630001068115234,57.09000015258789,7387200
2025-02-24,56.7400016784668,57.560001373291016,56.65999984741211,57.310001373291016,5309300
2025-02-25,55.689998626708984,56.459999084472656,54.130001068115234,56.2400016784668,9778000
2025-02-26,56.15999984741211,56.90999984741211,55.900001525878906,56.099998474121094,6078300
2025-02-27,56.06999969482422,56.83000183105469,56.04999923706055,56.56999969482422,5082100
2025-02-28,56.84000015258789,57.25,56.65999984741211,57.029998779296875,7520400
2025-03-03,56.68000030517578,57.63999938964844,56.630001068115234,57.54999923706055,5859800
2025-03-04,57.70000076293945,58.529998779296875,57.70000076293945,57.7599983215332,8280700
2025-03-05,57.34000015258789,58.2599983215332,57.09000015258789,58.11000061035156,5369000
2025-03-06,57.86000061035156,58.27000045776367,56.72999954223633,57.33000183105469,7126600
2025-03-07,57.470001220703125,59.02000045776367,57.43000030517578,58.47999954223633,6256800
2025-03-10,58.75,60.38999938964844,58.220001220703125,58.4900016784668,7584000
2025-03-11,58.5,58.77000045776367,56.22999954223633,56.709999084472656,7482500
2025-03-12,56.5,56.720001220703125,55.880001068115234,56.369998931884766,7062100
2025-03-13,56.5,57.45000076293945,55.79999923706055,55.86000061035156,5824100
2025-03-14,55.970001220703125,56.81999969482422,55.86000061035156,56.689998626708984,6367700
2025-03-17,56.95000076293945,57.369998931884766,56.810001373291016,56.97999954223633,3837200
2025-03-18,56.9900016784668,57.18000030517578,56.61000061035156,56.959999084472656,3708700
2025-03-19,56.959999084472656,57.029998779296875,56.279998779296875,56.439998626708984,6039800
2025-03-20,56.619998931884766,56.65999984741211,56.099998474121094,56.459999084472656,5079400
2025-03-21,56.27000045776367,56.33000183105469,55.56999969482422,55.79999923706055,10839500
2025-03-24,55.900001525878906,56.459999084472656,55.75,56.279998779296875,4699400
2025-03-25,56.33000183105469,56.45000076293945,55.5099983215332,55.650001525878906,6720600
2025-03-26,55.79999923706055,56.720001220703125,55.720001220703125,56.560001373291016,4472400
2025-03-27,56.470001220703125,56.93000030517578,56.099998474121094,56.15999984741211,4490600
2025-03-28,56.40999984741211,56.7400016784668,55.97999954223633,56.61000061035156,3504300
2025-03-31,56.75,58.27000045776367,56.75,58.0099983215332,8202100
2025-04-01,57.93000030517578,58.20000076293945,56.5099983215332,57.150001525878906,5135800
2025-04-02,57.36000061035156,57.54999923706055,56.68000030517578,57.119998931884766,4765600
2025-04-03,57.5099983215332,58.15999984741211,56.380001068115234,57.060001373291016,9623700
2025-04-04,56.33000183105469,56.9900016784668,55.06999969482422,55.150001525878906,12097500
2025-04-07,52.70000076293945,55.040000915527344,52.47999954223633,52.93000030517578,13272600
2025-04-08,54.040000915527344,54.439998626708984,51.810001373291016,52.27000045776367,12132400
2025-04-09,51.5,54.369998931884766,50.709999084472656,53.97999954223633,10569200
2025-04-10,53.900001525878906,54.779998779296875,52.61000061035156,54.150001525878906,7982300
2025-04-11,54.0,55.349998474121094,53.650001525878906,55.220001220703125,6516600
2025-04-14,55.529998779296875,56.63999938964844,55.36000061035156,56.27000045776367,4591800
2025-04-15,56.43000030517578,57.13999938964844,56.13999938964844,57.0099983215332,4991100
2025-04-16,57.0,57.91999816894531,56.97999954223633,57.2599983215332,4657900
2025-04-17,57.31999969482422,58.619998931884766,57.20000076293945,58.31999969482422,5109600
2025-04-21,58.150001525878906,58.689998626708984,57.15999984741211,57.959999084472656,4414200
2025-04-22,58.31999969482422,58.880001068115234,57.97999954223633,58.52000045776367,4058300
2025-04-23,58.36000061035156,58.65999984741211,57.41999816894531,58.04999923706055,4954500
2025-04-24,58.099998474121094,58.099998474121094,56.959999084472656,57.150001525878906,5522300
2025-04-25,57.2599983215332,57.369998931884766,56.560001373291016,56.88999938964844,3861500
2025-04-28,56.810001373291016,57.369998931884766,56.41999816894531,57.2400016784668,3789800
2025-04-29,57.2400016784668,57.66999816894531,56.83000183105469,57.380001068115234,3691100
2025-04-30,57.560001373291016,58.060001373291016,56.959999084472656,57.86000061035156,7999000
2025-05-01,57.70000076293945,57.880001068115234,57.040000915527344,57.16999816894531,4308500
2025-05-02,57.599998474121094,57.70000076293945,56.790000915527344,56.959999084472656,4292700
2025-05-05,56.959999084472656,57.349998474121094,56.75,56.939998626708984,4392800
2025-05-06,56.880001068115234,57.54999923706055,56.369998931884766,56.790000915527344,5650200
2025-05-07,56.79999923706055,57.22999954223633,56.58000183105469,56.7400016784668,6818500
2025-05-08,56.70000076293945,56.810001373291016,56.20000076293945,56.25,4858600
2025-05-09,56.209999084472656,56.880001068115234,55.900001525878906,56.689998626708984,3634800
2025-05-12,56.150001525878906,56.20000076293945,55.349998474121094,55.939998626708984,8776900
2025-05-13,55.779998779296875,55.88999938964844,54.81999969482422,55.060001373291016,6642100
2025-05-14,55.04999923706055,55.18000030517578,54.380001068115234,54.540000915527344,6270200
2025-05-15,54.790000915527344,55.400001525878906,54.52000045776367,55.400001525878906,5836500
2025-05-16,55.5,56.34000015258789,55.29999923706055,56.2400016784668,6484500
2025-05-19,56.099998474121094,56.380001068115234,55.900001525878906,56.25,4691300
2025-05-20,56.0,56.349998474121094,56.0,56.20000076293945,2781400
2025-05-21,56.130001068115234,56.20000076293945,55.16999816894531,55.25,4534000
2025-05-22,55.22999954223633,55.38999938964844,54.63999938964844,55.18000030517578,4038600
2025-05-23,55.459999084472656,55.70000076293945,55.029998779296875,55.529998779296875,4007100
2025-05-27,55.790000915527344,56.33000183105469,55.54999923706055,56.15999984741211,4487800
2025-05-28,56.15999984741211,56.20000076293945,55.65999984741211,55.849998474121094,3306000
2025-05-29,55.79999923706055,56.369998931884766,55.560001373291016,56.36000061035156,4850700
2025-05-30,56.38999938964844,56.75,56.11000061035156,56.619998931884766,9971400
2025-06-02,56.099998474121094,56.59000015258789,55.66999816894531,56.58000183105469,4573600
2025-06-03,56.220001220703125,56.31999969482422,55.849998474121094,56.0099983215332,4757800
2025-06-04,55.849998474121094,56.20000076293945,55.52000045776367,55.91999816894531,5147700
2025-06-05,56.0099983215332,56.029998779296875,55.56999969482422,55.83000183105469,4883500
2025-06-06,55.790000915527344,56.18000030517578,55.61000061035156,56.0,4841600
2025-06-09,55.959999084472656,56.900001525878906,55.86000061035156,56.810001373291016,5659200
2025-06-10,56.84000015258789,57.54999923706055,56.83000183105469,57.349998474121094,4739200
2025-06-11,57.369998931884766,57.95000076293945,57.349998474121094,57.7599983215332,4193800
2025-06-12,57.790000915527344,58.119998931884766,57.52000045776367,57.959999084472656,4266800
2025-06-13,57.81999969482422,58.16999816894531,57.27000045776367,57.63999938964844,4854100
2025-06-16,57.689998626708984,58.060001373291016,57.22999954223633,57.38999938964844,5060600
2025-06-17,57.400001525878906,57.75,57.09000015258789,57.529998779296875,4274000
2025-06-18,57.619998931884766,57.90999984741211,57.27000045776367,57.58000183105469,4413000
2025-06-20,57.560001373291016,57.9900016784668,57.13999938964844,57.18000030517578,16937600
2025-06-23,57.220001220703125,58.45000076293945,57.220001220703125,58.369998931884766,5171300
2025-06-24,58.2599983215332,58.40999984741211,57.880001068115234,57.97999954223633,5388600
2025-06-25,57.75,57.790000915527344,57.04999923706055,57.08000183105469,8468700
2025-06-26,57.380001068115234,57.54999923706055,56.70000076293945,57.20000076293945,6188400
2025-06-27,57.310001373291016,57.650001525878906,56.81999969482422,57.029998779296875,5318600
2025-06-30,57.06999969482422,57.650001525878906,56.560001373291016,57.61000061035156,7304300
2025-07-01,57.439998626708984,58.13999938964844,57.220001220703125,57.79999923706055,5686900
2025-07-02,57.5,57.84000015258789,57.13999938964844,57.75,3975000
2025-07-03,57.720001220703125,57.880001068115234,57.38999938964844,57.68000030517578,2942500
2025-07-07,57.689998626708984,57.939998626708984,57.209999084472656,57.529998779296875,4691000
2025-07-08,57.189998626708984,57.650001525878906,57.060001373291016,57.4900016784668,3968800
2025-07-09,57.47999954223633,57.58000183105469,56.91999816894531,56.91999816894531,5712200
2025-07-10,56.790000915527344,57.15999984741211,56.599998474121094,56.93000030517578,5412800
2025-07-11,56.77000045776367,57.34000015258789,56.59000015258789,57.15999984741211,4629300
2025-07-14,57.119998931884766,58.97999954223633,57.06999969482422,58.70000076293945,13455200
2025-07-15,58.20000076293945,58.439998626708984,56.65999984741211,56.65999984741211,7800400
2025-07-16,56.97999954223633,57.189998626708984,56.61000061035156,56.790000915527344,5292700
2025-07-17,56.75,56.93000030517578,56.36000061035156,56.36000061035156,4440100
2025-07-18,56.45000076293945,56.81999969482422,56.29999923706055,56.470001220703125,4161900
2025-07-21,56.66999816894531,56.9900016784668,56.31999969482422,56.38999938964844,3718400
2025-07-22,56.5,57.880001068115234,56.4900016784668,57.84000015258789,5154900
2025-07-23,57.779998779296875,58.09000015258789,57.540000915527344,57.880001068115234,3666100
2025-07-24,57.7599983215332,58.2599983215332,57.630001068115234,58.02000045776367,3995900
2025-07-25,58.09000015258789,58.20000076293945,57.290000915527344,57.900001525878906,4439300
2025-07-28,57.900001525878906,57.900001525878906,56.849998474121094,56.86000061035156,4243400
2025-07-29,57.06999969482422,57.439998626708984,56.7599983215332,57.36000061035156,4392200
2025-07-30,57.380001068115234,57.72999954223633,56.59000015258789,56.790000915527344,3860500
2025-07-31,56.7599983215332,56.95000076293945,56.040000915527344,56.130001068115234,7458500
2025-08-01,56.5,57.0,55.91999816894531,56.56999969482422,7981900
2025-08-04,56.560001373291016,57.47999954223633,56.529998779296875,57.45000076293945,5232200
2025-08-05,57.380001068115234,57.58000183105469,57.16999816894531,57.20000076293945,4204400
2025-08-06,57.22999954223633,57.4900016784668,56.88999938964844,56.90999984741211,4195500
2025-08-07,56.959999084472656,57.209999084472656,56.27000045776367,57.09000015258789,5058300
2025-08-08,57.15999984741211,57.97999954223633,57.130001068115234,57.439998626708984,4538000
2025-08-11,57.380001068115234,57.91999816894531,57.349998474121094,57.38999938964844,3609400
2025-08-12,57.45000076293945,57.70000076293945,57.0099983215332,57.65999984741211,4143500
2025-08-13,57.72999954223633,58.02000045776367,57.279998779296875,57.88999938964844,4666600
2025-08-14,57.790000915527344,58.02000045776367,57.61000061035156,57.81999969482422,4193700
2025-08-15,58.0099983215332,58.689998626708984,57.81999969482422,58.47999954223633,6242800
2025-08-18,58.47999954223633,58.630001068115234,57.849998474121094,57.869998931884766,4331100
2025-08-19,58.04999923706055,59.029998779296875,57.9900016784668,59.0099983215332,4600200
2025-08-20,59.22999954223633,60.16999816894531,59.150001525878906,59.900001525878906,6768000
2025-08-21,59.75,59.86000061035156,59.31999969482422,59.58000183105469,4921000
2025-08-22,59.86000061035156,60.099998474121094,58.84000015258789,58.91999816894531,7650000
2025-08-25,58.68000030517578,58.88999938964844,58.119998931884766,58.209999084472656,6829000
2025-08-26,58.29999923706055,58.380001068115234,57.720001220703125,58.130001068115234,7617700
2025-08-27,58.400001525878906,58.77000045776367,58.18000030517578,58.54999923706055,5703900
2025-08-28,58.630001068115234,58.630001068115234,57.86000061035156,58.130001068115234,5009800
2025-08-29,58.20000076293945,58.779998779296875,58.16999816894531,58.7599983215332,4370700
2025-09-02,58.02000045776367,58.310001373291016,57.459999084472656,57.7400016784668,5442000
2025-09-03,57.650001525878906,57.9900016784668,57.439998626708984,57.95000076293945,4102200
2025-09-04,58.06999969482422,58.650001525878906,57.93000030517578,58.279998779296875,4320300
2025-09-05,58.45000076293945,59.290000915527344,58.43000030517578,59.290000915527344,5321100
2025-09-08,59.02000045776367,59.2599983215332,58.630001068115234,59.099998474121094,5197800
2025-09-09,59.04999923706055,59.529998779296875,58.83000183105469,59.4900016784668,4083700
2025-09-10,59.529998779296875,59.849998474121094,59.16999816894531,59.45000076293945,4673300
2025-09-11,59.54999923706055,60.25,59.54999923706055,60.15999984741211,4690700
2025-09-12,60.09000015258789,60.59000015258789,60.029998779296875,60.40999984741211,3910100
2025-09-15,60.58000183105469,61.09000015258789,60.08000183105469,60.220001220703125,6098800
2025-09-16,60.2400016784668,60.54999923706055,59.790000915527344,59.97999954223633,6206300
2025-09-17,60.25,60.4900016784668,59.70000076293945,59.709999084472656,5236300
2025-09-18,59.439998626708984,59.7599983215332,58.959999084472656,59.11000061035156,6234000
2025-09-19,59.06999969482422,59.70000076293945,58.95000076293945,59.15999984741211,12684300
2025-09-22,59.310001373291016,59.31999969482422,58.709999084472656,59.060001373291016,5909900
2025-09-23,59.119998931884766,59.63999938964844,59.099998474121094,59.54999923706055,4571800
2025-09-24,59.66999816894531,60.29999923706055,59.459999084472656,59.97999954223633,5751300
2025-09-25,60.20000076293945,60.36000061035156,59.4900016784668,59.790000915527344,4799300
2025-09-26,59.869998931884766,60.470001220703125,59.869998931884766,60.31999969482422,5681800
2025-09-29,60.29999923706055,60.54999923706055,60.099998474121094,60.54999923706055,6067500
2025-09-30,60.54999923706055,60.81999969482422,60.29999923706055,60.790000915527344,6684000
2025-10-01,60.5,60.7400016784668,60.310001373291016,60.459999084472656,5639100
2025-10-02,60.279998779296875,60.310001373291016,59.81999969482422,60.08000183105469,4493300
2025-10-03,60.04999923706055,60.7400016784668,60.04999923706055,60.400001525878906,4124200
2025-10-06,60.25,60.38999938964844,59.900001525878906,59.900001525878906,4976800
2025-10-07,59.959999084472656,60.09000015258789,59.5099983215332,59.630001068115234,4613200
2025-10-08,59.4900016784668,59.54999923706055,58.959999084472656,59.0099983215332,4673500
2025-10-09,59.13999938964844,59.29999923706055,58.41999816894531,58.65999984741211,4040100
2025-10-10,58.7599983215332,58.970001220703125,58.220001220703125,58.2599983215332,4849400
2025-10-13,58.119998931884766,58.869998931884766,58.029998779296875,58.72999954223633,4231700
2025-10-14,58.72999954223633,59.09000015258789,58.560001373291016,58.84000015258789,5303500
2025-10-15,58.849998474121094,59.54999923706055,58.61000061035156,59.459999084472656,5143800
2025-10-16,59.560001373291016,59.90999984741211,59.2400016784668,59.290000915527344,4717800
2025-10-17,59.5,59.9900016784668,59.33000183105469,59.939998626708984,4241100
2025-10-20,60.0099983215332,60.650001525878906,59.9900016784668,60.63999938964844,3687600
2025-10-21,60.70000076293945,60.900001525878906,59.689998626708984,60.029998779296875,5307300
2025-10-22,60.04999923706055,60.54999923706055,59.86000061035156,60.27000045776367,4077400
2025-10-23,60.5099983215332,60.58000183105469,59.880001068115234,60.220001220703125,3455700
2025-10-24,60.380001068115234,60.439998626708984,59.97999954223633,59.9900016784668,3884200
2025-10-27,60.0,60.40999984741211,59.790000915527344,60.400001525878906,4946500
2025-10-28,60.27000045776367,60.27000045776367,59.15999984741211,59.209999084472656,5791000
2025-10-29,59.040000915527344,59.310001373291016,58.09000015258789,58.36000061035156,7192900
2025-10-30,58.52000045776367,58.84000015258789,57.880001068115234,57.90999984741211,7396400
2025-10-31,57.459999084472656,58.189998626708984,57.209999084472656,57.97999954223633,6794300
2025-11-03,57.689998626708984,58.34000015258789,57.31999969482422,58.20000076293945,7773500
2025-11-04,57.79999923706055,57.939998626708984,55.95000076293945,56.13999938964844,11474000
2025-11-05,56.5,57.0,56.099998474121094,56.119998931884766,7875100
2025-11-06,56.310001373291016,56.650001525878906,56.08000183105469,56.33000183105469,6114400
2025-11-07,56.5099983215332,56.900001525878906,56.38999938964844,56.869998931884766,5958500
2025-11-10,56.880001068115234,57.029998779296875,56.029998779296875,56.380001068115234,6427800
2025-11-11,56.68000030517578,57.2599983215332,56.619998931884766,57.15999984741211,5019100
2025-11-12,57.06999969482422,57.20000076293945,56.77000045776367,56.93000030517578,5498000
2025-11-13,56.959999084472656,57.650001525878906,56.54999923706055,56.59000015258789,6716400
2025-11-14,56.84000015258789,57.119998931884766,56.540000915527344,56.79999923706055,5630900
2025-11-17,56.84000015258789,57.06999969482422,56.65999984741211,57.0,5548000
2025-11-18,57.0,57.459999084472656,56.68000030517578,57.34000015258789,5440700
2025-11-19,57.31999969482422,57.40999984741211,56.540000915527344,56.709999084472656,4429100
2025-11-20,56.79999923706055,57.029998779296875,56.27000045776367,56.29999923706055,6060300
2025-11-21,56.4900016784668,57.15999984741211,56.310001373291016,56.66999816894531,7221700
2025-11-24,56.900001525878906,57.029998779296875,56.29999923706055,56.4900016784668,10444700
2025-11-25,56.70000076293945,57.040000915527344,56.470001220703125,56.720001220703125,7260000
2025-11-26,56.7400016784668,57.400001525878906,56.68000030517578,57.13999938964844,5129900
2025-11-28,56.90999984741211,57.619998931884766,56.880001068115234,57.61000061035156,3490800
2025-12-01,57.29999923706055,57.59000015258789,57.02000045776367,57.43000030517578,4602100
2025-12-02,57.59000015258789,57.72999954223633,57.060001373291016,57.5,4730700
2025-12-03,57.7400016784668,58.25,57.52000045776367,58.09000015258789,6560800
2025-12-04,58.11000061035156,58.619998931884766,57.869998931884766,58.209999084472656,6069200
