date,open,high,low,close,volume
2010-01-04,23.270000457763672,23.729999542236328,23.229999542236328,23.389999389648438,810900
2010-01-05,23.420000076293945,23.84000015258789,23.270000457763672,23.690000534057617,532700
2010-01-06,23.75,24.049999237060547,23.510000228881836,23.56999969482422,505600
2010-01-07,23.5,23.610000610351562,23.100000381469727,23.399999618530273,628400
2010-01-08,23.43000030517578,25.09000015258789,23.299999237060547,24.950000762939453,2726700
2010-01-11,25.0,25.0,23.8700008392334,24.049999237060547,1350500
2010-01-12,23.860000610351562,23.940000534057617,23.34000015258789,23.729999542236328,842500
2010-01-13,23.889999389648438,24.020000457763672,23.459999084472656,23.920000076293945,559900
2010-01-14,23.75,23.93000030517578,23.43000030517578,23.610000610351562,533000
2010-01-15,23.770000457763672,23.770000457763672,22.989999771118164,23.229999542236328,741700
2010-01-19,23.309999465942383,23.889999389648438,23.229999542236328,23.84000015258789,788200
2010-01-20,23.6299991607666,23.6299991607666,22.889999389648438,22.959999084472656,929700
2010-01-21,22.940000534057617,23.139999389648438,21.690000534057617,21.690000534057617,1627500
2010-01-22,21.719999313354492,22.079999923706055,21.15999984741211,21.239999771118164,1834100
2010-01-25,21.420000076293945,22.31999969482422,21.399999618530273,21.540000915527344,2088000
2010-01-26,21.5,23.209999084472656,21.40999984741211,22.809999465942383,2969100
2010-01-27,22.959999084472656,22.959999084472656,22.010000228881836,22.420000076293945,963000
2010-01-28,22.450000762939453,22.540000915527344,21.700000762939453,21.889999389648438,726700
2010-01-29,21.90999984741211,22.420000076293945,21.75,22.040000915527344,1038300
2010-02-01,22.170000076293945,22.31999969482422,21.93000030517578,22.260000228881836,1421700
2010-02-02,22.200000762939453,22.3700008392334,21.8799991607666,22.270000457763672,1184600
2010-02-03,21.760000228881836,22.200000762939453,21.600000381469727,21.700000762939453,1318400
2010-02-04,21.469999313354492,21.5,20.920000076293945,20.940000534057617,1273900
2010-02-05,20.889999389648438,21.43000030517578,20.6299991607666,21.389999389648438,1074400
2010-02-08,21.40999984741211,21.809999465942383,21.15999984741211,21.3700008392334,887000
2010-02-09,21.65999984741211,21.979999542236328,21.290000915527344,21.56999969482422,1178700
2010-02-10,21.459999084472656,21.68000030517578,21.049999237060547,21.260000228881836,436200
2010-02-11,21.270000457763672,21.5,21.1299991607666,21.5,354200
2010-02-12,21.270000457763672,21.600000381469727,20.860000610351562,21.600000381469727,493900
2010-02-16,21.780000686645508,22.299999237060547,21.770000457763672,22.239999771118164,786100
2010-02-17,22.43000030517578,22.93000030517578,22.229999542236328,22.459999084472656,716500
2010-02-18,22.399999618530273,23.079999923706055,22.260000228881836,22.889999389648438,1021900
2010-02-19,22.799999237060547,23.049999237060547,22.6299991607666,22.719999313354492,595200
2010-02-22,22.729999542236328,22.729999542236328,22.049999237060547,22.459999084472656,1263800
2010-02-23,22.530000686645508,23.690000534057617,22.530000686645508,23.329999923706055,1571700
2010-02-24,23.469999313354492,23.850000381469727,23.229999542236328,23.690000534057617,903100
2010-02-25,23.350000381469727,24.170000076293945,23.18000030517578,24.149999618530273,1124000
2010-02-26,24.149999618530273,24.260000228881836,23.579999923706055,23.799999237060547,618000
2010-03-01,23.81999969482422,24.489999771118164,23.780000686645508,24.389999389648438,1089200
2010-03-02,24.40999984741211,24.649999618530273,24.309999465942383,24.3700008392334,857600
2010-03-03,24.360000610351562,24.65999984741211,24.229999542236328,24.520000457763672,721500
2010-03-04,24.600000381469727,24.729999542236328,24.15999984741211,24.399999618530273,383000
2010-03-05,24.579999923706055,24.790000915527344,24.469999313354492,24.610000610351562,386000
2010-03-08,24.549999237060547,24.690000534057617,24.3700008392334,24.5,384100
2010-03-09,24.440000534057617,24.8799991607666,24.260000228881836,24.3700008392334,549200
2010-03-10,24.309999465942383,24.559999465942383,23.979999542236328,24.290000915527344,1115600
2010-03-11,24.059999465942383,24.290000915527344,23.850000381469727,24.280000686645508,647000
2010-03-12,24.440000534057617,24.440000534057617,23.959999084472656,24.290000915527344,803000
2010-03-15,24.290000915527344,24.3700008392334,23.8700008392334,24.360000610351562,1152400
2010-03-16,24.530000686645508,25.049999237060547,24.43000030517578,25.040000915527344,919000
2010-03-17,25.18000030517578,25.829999923706055,25.06999969482422,25.459999084472656,1370200
2010-03-18,25.540000915527344,25.540000915527344,24.940000534057617,25.290000915527344,888700
2010-03-19,24.780000686645508,25.40999984741211,24.670000076293945,24.780000686645508,690200
2010-03-22,24.549999237060547,25.43000030517578,24.489999771118164,25.06999969482422,679200
2010-03-23,25.09000015258789,25.309999465942383,24.8799991607666,25.260000228881836,611200
2010-03-24,25.049999237060547,25.190000534057617,24.709999084472656,25.0,636100
2010-03-25,25.139999389648438,25.399999618530273,24.280000686645508,24.34000015258789,1318100
2010-03-26,24.350000381469727,24.65999984741211,24.229999542236328,24.309999465942383,730600
2010-03-29,24.360000610351562,24.760000228881836,24.34000015258789,24.59000015258789,602800
2010-03-30,24.68000030517578,24.75,24.299999237060547,24.6200008392334,434000
2010-03-31,24.479999542236328,24.739999771118164,24.270000457763672,24.610000610351562,808200
2010-04-01,24.719999313354492,25.079999923706055,24.559999465942383,24.770000457763672,574700
2010-04-05,24.899999618530273,25.200000762939453,24.690000534057617,25.200000762939453,441000
2010-04-06,25.110000610351562,25.190000534057617,24.8700008392334,25.09000015258789,652800
2010-04-07,24.950000762939453,25.030000686645508,24.360000610351562,24.5,1239600
2010-04-08,24.389999389648438,24.690000534057617,24.09000015258789,24.670000076293945,637100
2010-04-09,24.68000030517578,24.989999771118164,24.239999771118164,24.889999389648438,1034300
2010-04-12,24.860000610351562,24.899999618530273,24.139999389648438,24.34000015258789,953100
2010-04-13,24.34000015258789,24.469999313354492,24.040000915527344,24.309999465942383,1200800
2010-04-14,24.489999771118164,24.899999618530273,24.299999237060547,24.850000381469727,998500
2010-04-15,24.719999313354492,25.059999465942383,24.6299991607666,24.8799991607666,943500
2010-04-16,24.75,25.389999389648438,24.68000030517578,25.31999969482422,1621200
2010-04-19,25.209999084472656,25.389999389648438,24.530000686645508,24.68000030517578,1631400
2010-04-20,24.1200008392334,25.700000762939453,24.030000686645508,24.739999771118164,1667700
2010-04-21,24.860000610351562,25.34000015258789,24.799999237060547,25.299999237060547,1005000
2010-04-22,25.09000015258789,25.8799991607666,24.90999984741211,25.690000534057617,820700
2010-04-23,25.799999237060547,26.25,25.75,26.25,731600
2010-04-26,26.239999771118164,26.479999542236328,25.780000686645508,25.799999237060547,713700
2010-04-27,25.700000762939453,26.0,24.920000076293945,25.0,743300
2010-04-28,25.06999969482422,25.18000030517578,24.639999389648438,24.780000686645508,901200
2010-04-29,25.010000228881836,25.299999237060547,25.010000228881836,25.25,794200
2010-04-30,25.329999923706055,25.559999465942383,24.690000534057617,24.729999542236328,899300
2010-05-03,24.920000076293945,25.260000228881836,24.520000457763672,25.209999084472656,620700
2010-05-04,24.90999984741211,24.90999984741211,24.149999618530273,24.209999084472656,1096900
2010-05-05,23.969999313354492,24.219999313354492,23.3799991607666,23.8700008392334,849700
2010-05-06,23.649999618530273,23.889999389648438,20.299999237060547,22.610000610351562,1580600
2010-05-07,22.579999923706055,22.860000610351562,21.950000762939453,22.139999389648438,2112100
2010-05-10,23.18000030517578,23.34000015258789,22.459999084472656,22.729999542236328,1250500
2010-05-11,22.5,22.93000030517578,22.459999084472656,22.709999084472656,835400
2010-05-12,22.850000381469727,23.6299991607666,22.75,23.520000457763672,758400
2010-05-13,23.520000457763672,23.690000534057617,23.219999313354492,23.34000015258789,571600
2010-05-14,23.18000030517578,23.219999313354492,22.68000030517578,22.969999313354492,573600
2010-05-17,23.25,23.600000381469727,22.549999237060547,22.81999969482422,1154800
2010-05-18,23.06999969482422,23.299999237060547,22.790000915527344,22.889999389648438,1089900
2010-05-19,22.739999771118164,22.829999923706055,22.06999969482422,22.440000534057617,671200
2010-05-20,21.920000076293945,22.06999969482422,21.229999542236328,21.280000686645508,1437300
2010-05-21,20.950000762939453,21.649999618530273,20.59000015258789,21.40999984741211,1166300
2010-05-24,21.329999923706055,21.739999771118164,20.989999771118164,21.020000457763672,713600
2010-05-25,20.40999984741211,20.68000030517578,20.0,20.600000381469727,1984000
2010-05-26,20.75,21.440000534057617,20.75,20.93000030517578,933900
2010-05-27,21.34000015258789,22.239999771118164,21.149999618530273,22.219999313354492,919600
2010-05-28,22.149999618530273,22.34000015258789,21.559999465942383,22.139999389648438,969400
2010-06-01,21.920000076293945,22.280000686645508,21.270000457763672,21.270000457763672,854000
2010-06-02,21.43000030517578,21.90999984741211,21.309999465942383,21.90999984741211,562300
2010-06-03,21.739999771118164,22.520000457763672,21.719999313354492,22.139999389648438,550600
2010-06-04,21.670000076293945,21.950000762939453,21.1200008392334,21.239999771118164,753200
2010-06-07,21.229999542236328,21.280000686645508,20.579999923706055,20.579999923706055,937900
2010-06-08,20.639999389648438,20.829999923706055,20.510000228881836,20.799999237060547,907800
2010-06-09,21.010000228881836,21.100000381469727,20.670000076293945,20.799999237060547,830000
2010-06-10,21.049999237060547,21.520000457763672,21.0,21.5,848300
2010-06-11,21.799999237060547,22.459999084472656,21.799999237060547,22.3799991607666,2120700
2010-06-14,23.200000762939453,23.200000762939453,22.479999542236328,22.559999465942383,1877300
2010-06-15,22.8700008392334,23.59000015258789,22.81999969482422,23.5,1812300
2010-06-16,23.5,23.510000228881836,23.100000381469727,23.299999237060547,818000
2010-06-17,23.299999237060547,23.5,23.030000686645508,23.25,556500
2010-06-18,23.360000610351562,23.489999771118164,23.139999389648438,23.270000457763672,975200
2010-06-21,23.639999389648438,24.079999923706055,23.329999923706055,23.510000228881836,1868800
2010-06-22,23.5,23.600000381469727,22.799999237060547,22.799999237060547,1180800
2010-06-23,22.65999984741211,22.860000610351562,22.299999237060547,22.6200008392334,1079000
2010-06-24,22.40999984741211,22.559999465942383,22.110000610351562,22.15999984741211,965000
2010-06-25,22.18000030517578,22.520000457763672,22.110000610351562,22.31999969482422,1332000
2010-06-28,22.40999984741211,22.530000686645508,22.020000457763672,22.1200008392334,1098100
2010-06-29,22.100000381469727,22.100000381469727,21.399999618530273,21.729999542236328,1424200
2010-06-30,21.75,22.3700008392334,21.579999923706055,22.020000457763672,1750300
2010-07-01,22.0,22.360000610351562,21.739999771118164,22.079999923706055,1411800
2010-07-02,22.18000030517578,22.229999542236328,21.420000076293945,21.459999084472656,768100
2010-07-06,21.850000381469727,22.010000228881836,21.190000534057617,21.329999923706055,826800
2010-07-07,21.329999923706055,22.020000457763672,21.25,22.020000457763672,570600
2010-07-08,22.209999084472656,22.3799991607666,21.809999465942383,22.1299991607666,998100
2010-07-09,22.149999618530273,22.5,22.1200008392334,22.450000762939453,937300
2010-07-12,22.299999237060547,22.459999084472656,21.739999771118164,21.829999923706055,1467600
2010-07-13,22.059999465942383,22.84000015258789,22.059999465942383,22.799999237060547,1297600
2010-07-14,22.760000228881836,23.1200008392334,22.450000762939453,22.850000381469727,1182300
2010-07-15,22.920000076293945,23.190000534057617,22.549999237060547,23.100000381469727,1059900
2010-07-16,22.989999771118164,23.1200008392334,22.610000610351562,22.739999771118164,1540400
2010-07-19,22.889999389648438,23.170000076293945,22.350000381469727,22.920000076293945,1111900
2010-07-20,22.65999984741211,24.729999542236328,22.65999984741211,24.700000762939453,3100600
2010-07-21,24.770000457763672,24.920000076293945,24.040000915527344,24.31999969482422,1794400
2010-07-22,24.739999771118164,24.940000534057617,24.350000381469727,24.489999771118164,1237300
2010-07-23,24.309999465942383,25.190000534057617,24.06999969482422,25.06999969482422,910800
2010-07-26,25.270000457763672,25.43000030517578,24.989999771118164,25.43000030517578,802400
2010-07-27,25.459999084472656,25.5,24.700000762939453,24.770000457763672,1024000
2010-07-28,24.770000457763672,24.770000457763672,23.959999084472656,24.209999084472656,1323500
2010-07-29,24.350000381469727,24.450000762939453,23.6200008392334,23.940000534057617,1047400
2010-07-30,23.65999984741211,24.15999984741211,23.540000915527344,24.0,742400
2010-08-02,24.260000228881836,25.1299991607666,24.229999542236328,25.040000915527344,1077600
2010-08-03,24.950000762939453,24.989999771118164,24.31999969482422,24.360000610351562,862600
2010-08-04,24.450000762939453,24.780000686645508,24.219999313354492,24.5,699400
2010-08-05,24.389999389648438,24.68000030517578,24.18000030517578,24.360000610351562,518100
2010-08-06,24.0,24.5,23.90999984741211,24.040000915527344,1157700
2010-08-09,24.209999084472656,24.549999237060547,24.200000762939453,24.34000015258789,653100
2010-08-10,24.06999969482422,24.110000610351562,23.670000076293945,24.010000228881836,848100
2010-08-11,23.579999923706055,23.579999923706055,23.020000457763672,23.149999618530273,747300
2010-08-12,22.809999465942383,23.399999618530273,22.65999984741211,23.270000457763672,837200
2010-08-13,23.18000030517578,23.329999923706055,23.0,23.020000457763672,559900
2010-08-16,22.920000076293945,23.209999084472656,22.760000228881836,22.889999389648438,730900
2010-08-17,23.209999084472656,24.260000228881836,22.959999084472656,23.889999389648438,1355700
2010-08-18,23.899999618530273,23.899999618530273,23.020000457763672,23.389999389648438,1293400
2010-08-19,23.290000915527344,23.3700008392334,22.780000686645508,22.850000381469727,533200
2010-08-20,22.729999542236328,23.09000015258789,22.639999389648438,23.059999465942383,537000
2010-08-23,23.149999618530273,23.309999465942383,22.3700008392334,22.399999618530273,598000
2010-08-24,22.020000457763672,22.360000610351562,21.860000610351562,22.15999984741211,843300
2010-08-25,21.989999771118164,22.6200008392334,21.719999313354492,22.549999237060547,699500
2010-08-26,22.649999618530273,22.8799991607666,22.209999084472656,22.31999969482422,518800
2010-08-27,22.530000686645508,23.030000686645508,22.100000381469727,22.940000534057617,889600
2010-08-30,22.799999237060547,22.90999984741211,22.299999237060547,22.299999237060547,391200
2010-08-31,22.200000762939453,22.670000076293945,22.1299991607666,22.290000915527344,478400
2010-09-01,22.739999771118164,23.209999084472656,22.700000762939453,23.18000030517578,490300
2010-09-02,23.190000534057617,23.75,23.0,23.700000762939453,437800
2010-09-03,24.0,24.149999618530273,23.90999984741211,24.020000457763672,557200
2010-09-07,24.020000457763672,24.040000915527344,23.43000030517578,23.719999313354492,512600
2010-09-08,23.65999984741211,23.760000228881836,23.219999313354492,23.270000457763672,622300
2010-09-09,23.68000030517578,23.790000915527344,23.3700008392334,23.489999771118164,376200
2010-09-10,23.489999771118164,24.100000381469727,23.459999084472656,23.670000076293945,962500
2010-09-13,23.899999618530273,24.200000762939453,23.739999771118164,23.8700008392334,593900
2010-09-14,23.770000457763672,23.829999923706055,23.440000534057617,23.639999389648438,953200
2010-09-15,23.610000610351562,24.09000015258789,23.549999237060547,24.040000915527344,738500
2010-09-16,24.049999237060547,24.5,24.049999237060547,24.170000076293945,846600
2010-09-17,24.280000686645508,24.399999618530273,24.06999969482422,24.350000381469727,760200
2010-09-20,22.729999542236328,23.440000534057617,21.56999969482422,23.190000534057617,4501900
2010-09-21,23.079999923706055,23.25,22.75,22.829999923706055,1326200
2010-09-22,22.579999923706055,22.93000030517578,22.209999084472656,22.399999618530273,1577600
2010-09-23,22.270000457763672,22.610000610351562,22.040000915527344,22.40999984741211,1252000
2010-09-24,22.75,23.260000228881836,22.75,23.040000915527344,621200
2010-09-27,23.010000228881836,23.489999771118164,22.969999313354492,23.209999084472656,823400
2010-09-28,23.329999923706055,23.440000534057617,22.770000457763672,23.350000381469727,571500
2010-09-29,23.299999237060547,23.40999984741211,23.06999969482422,23.219999313354492,381000
2010-09-30,23.389999389648438,23.56999969482422,22.969999313354492,23.170000076293945,724000
2010-10-01,23.260000228881836,23.770000457763672,23.260000228881836,23.329999923706055,905300
2010-10-04,23.360000610351562,23.579999923706055,22.68000030517578,22.90999984741211,476100
2010-10-05,23.200000762939453,23.790000915527344,23.170000076293945,23.530000686645508,759000
2010-10-06,23.530000686645508,23.600000381469727,23.200000762939453,23.43000030517578,479400
2010-10-07,23.610000610351562,23.670000076293945,22.81999969482422,23.149999618530273,695100
2010-10-08,23.139999389648438,23.290000915527344,22.84000015258789,22.93000030517578,888300
2010-10-11,22.920000076293945,23.440000534057617,22.899999618530273,23.25,877900
2010-10-12,23.260000228881836,23.420000076293945,23.020000457763672,23.149999618530273,1118400
2010-10-13,23.31999969482422,24.100000381469727,23.06999969482422,23.799999237060547,1605300
2010-10-14,23.84000015258789,24.18000030517578,23.700000762939453,23.899999618530273,952200
2010-10-15,24.139999389648438,24.600000381469727,24.06999969482422,24.15999984741211,1089200
2010-10-18,24.149999618530273,24.3799991607666,23.889999389648438,24.350000381469727,869400
2010-10-19,23.75,24.219999313354492,23.1200008392334,23.239999771118164,1941600
2010-10-20,23.3799991607666,24.260000228881836,23.309999465942383,23.920000076293945,761300
2010-10-21,24.059999465942383,24.219999313354492,23.450000762939453,23.639999389648438,751100
2010-10-22,23.690000534057617,24.170000076293945,23.59000015258789,24.100000381469727,898900
2010-10-25,24.25,24.579999923706055,24.149999618530273,24.3799991607666,822400
2010-10-26,24.149999618530273,24.43000030517578,23.899999618530273,24.34000015258789,1546900
2010-10-27,24.110000610351562,24.469999313354492,23.940000534057617,24.459999084472656,733800
2010-10-28,24.59000015258789,24.75,24.309999465942383,24.540000915527344,633300
2010-10-29,24.399999618530273,24.649999618530273,24.25,24.43000030517578,546800
2010-11-01,24.559999465942383,24.8700008392334,24.459999084472656,24.739999771118164,642300
2010-11-02,25.0,25.100000381469727,24.8700008392334,24.979999542236328,577800
2010-11-03,24.959999084472656,25.079999923706055,24.709999084472656,24.889999389648438,757600
2010-11-04,25.239999771118164,25.6299991607666,25.18000030517578,25.610000610351562,915400
2010-11-05,25.6299991607666,26.190000534057617,25.540000915527344,25.93000030517578,974700
2010-11-08,25.809999465942383,25.860000610351562,25.510000228881836,25.739999771118164,490300
2010-11-09,25.670000076293945,25.670000076293945,25.110000610351562,25.290000915527344,719500
2010-11-10,25.299999237060547,25.450000762939453,24.75,25.3799991607666,2605600
2010-11-11,25.170000076293945,25.59000015258789,25.110000610351562,25.56999969482422,536000
2010-11-12,25.280000686645508,25.450000762939453,24.940000534057617,25.1200008392334,667100
2010-11-15,25.15999984741211,25.43000030517578,25.030000686645508,25.06999969482422,691200
2010-11-16,24.8700008392334,25.09000015258789,24.719999313354492,24.979999542236328,1094800
2010-11-17,24.979999542236328,25.18000030517578,24.799999237060547,24.860000610351562,1009900
2010-11-18,25.110000610351562,25.6299991607666,25.049999237060547,25.34000015258789,524300
2010-11-19,25.309999465942383,25.56999969482422,25.079999923706055,25.540000915527344,530300
2010-11-22,25.459999084472656,26.260000228881836,25.229999542236328,26.239999771118164,1014800
2010-11-23,25.899999618530273,25.920000076293945,25.40999984741211,25.809999465942383,1018000
2010-11-24,25.979999542236328,26.34000015258789,25.969999313354492,26.25,554200
2010-11-26,26.06999969482422,26.270000457763672,25.989999771118164,26.09000015258789,160000
2010-11-29,25.829999923706055,26.25,25.360000610351562,26.139999389648438,394400
2010-11-30,25.860000610351562,25.860000610351562,25.260000228881836,25.649999618530273,1033800
2010-12-01,26.100000381469727,26.43000030517578,26.020000457763672,26.18000030517578,739200
2010-12-02,26.260000228881836,26.899999618530273,26.190000534057617,26.899999618530273,750800
2010-12-03,26.780000686645508,27.0,26.639999389648438,26.760000228881836,635700
2010-12-06,26.75,26.860000610351562,26.440000534057617,26.479999542236328,441400
2010-12-07,26.649999618530273,26.739999771118164,26.18000030517578,26.25,811700
2010-12-08,26.309999465942383,26.440000534057617,25.940000534057617,26.350000381469727,618100
2010-12-09,26.56999969482422,26.84000015258789,26.469999313354492,26.600000381469727,863500
2010-12-10,26.809999465942383,26.8799991607666,26.420000076293945,26.600000381469727,898200
2010-12-13,26.510000228881836,26.809999465942383,26.43000030517578,26.600000381469727,858000
2010-12-14,26.670000076293945,27.079999923706055,26.579999923706055,26.790000915527344,978700
2010-12-15,26.700000762939453,26.719999313354492,25.809999465942383,25.860000610351562,1222400
2010-12-16,25.90999984741211,26.010000228881836,25.700000762939453,25.889999389648438,562000
2010-12-17,26.040000915527344,26.209999084472656,25.670000076293945,25.799999237060547,870400
2010-12-20,25.8799991607666,26.010000228881836,25.719999313354492,25.770000457763672,553600
2010-12-21,26.040000915527344,26.200000762939453,25.84000015258789,25.979999542236328,548500
2010-12-22,26.049999237060547,26.170000076293945,25.799999237060547,25.899999618530273,495600
2010-12-23,25.899999618530273,26.010000228881836,25.649999618530273,25.729999542236328,329500
2010-12-27,25.68000030517578,25.899999618530273,25.549999237060547,25.770000457763672,306400
2010-12-28,25.8799991607666,25.8799991607666,25.639999389648438,25.829999923706055,396500
2010-12-29,25.940000534057617,25.940000534057617,25.760000228881836,25.850000381469727,460800
2010-12-30,25.860000610351562,26.170000076293945,25.850000381469727,25.920000076293945,702700
2010-12-31,25.860000610351562,26.1299991607666,25.81999969482422,25.84000015258789,345100
2011-01-03,26.1200008392334,26.75,26.1200008392334,26.3799991607666,994900
2011-01-04,26.450000762939453,26.520000457763672,26.06999969482422,26.219999313354492,1238100
2011-01-05,26.149999618530273,27.100000381469727,26.079999923706055,27.09000015258789,985700
2011-01-06,27.15999984741211,27.309999465942383,26.8700008392334,27.25,592900
2011-01-07,27.18000030517578,27.600000381469727,27.139999389648438,27.510000228881836,761900
2011-01-10,27.450000762939453,27.81999969482422,27.25,27.75,916100
2011-01-11,27.780000686645508,28.100000381469727,27.739999771118164,28.06999969482422,670900
2011-01-12,28.190000534057617,28.719999313354492,28.09000015258789,28.510000228881836,1061500
2011-01-13,28.5,28.670000076293945,28.31999969482422,28.459999084472656,552400
2011-01-14,28.5,28.899999618530273,28.329999923706055,28.639999389648438,649100
2011-01-18,28.579999923706055,28.700000762939453,28.09000015258789,28.40999984741211,951100
2011-01-19,28.399999618530273,28.760000228881836,28.270000457763672,28.459999084472656,1158100
2011-01-20,28.280000686645508,28.510000228881836,27.709999084472656,27.809999465942383,738100
2011-01-21,28.0,28.729999542236328,27.899999618530273,28.389999389648438,929700
2011-01-24,29.0,29.5,28.709999084472656,28.889999389648438,1530300
2011-01-25,28.0,28.600000381469727,27.5,27.920000076293945,1868100
2011-01-26,28.049999237060547,28.81999969482422,28.020000457763672,28.549999237060547,1192300
2011-01-27,28.5,29.059999465942383,28.5,28.829999923706055,1273100
2011-01-28,28.850000381469727,28.850000381469727,27.969999313354492,28.020000457763672,948600
2011-01-31,28.190000534057617,28.469999313354492,28.010000228881836,28.25,581500
2011-02-01,28.549999237060547,29.229999542236328,28.290000915527344,28.43000030517578,1128600
2011-02-02,28.299999237060547,28.770000457763672,28.110000610351562,28.739999771118164,839300
2011-02-03,28.809999465942383,29.360000610351562,28.729999542236328,28.760000228881836,1309300
2011-02-04,28.75,28.75,28.18000030517578,28.549999237060547,618600
2011-02-07,28.579999923706055,28.8799991607666,28.3700008392334,28.739999771118164,432300
2011-02-08,28.770000457763672,29.31999969482422,28.760000228881836,28.8799991607666,601200
2011-02-09,28.760000228881836,29.1299991607666,28.549999237060547,28.979999542236328,427100
2011-02-10,28.850000381469727,29.170000076293945,28.59000015258789,28.700000762939453,420900
2011-02-11,28.760000228881836,29.1299991607666,28.579999923706055,29.09000015258789,521000
2011-02-14,29.09000015258789,29.350000381469727,28.489999771118164,29.149999618530273,1028800
2011-02-15,28.989999771118164,29.670000076293945,28.8700008392334,29.459999084472656,865900
2011-02-16,29.489999771118164,30.5,29.489999771118164,30.270000457763672,1105200
2011-02-17,30.100000381469727,30.65999984741211,29.940000534057617,30.190000534057617,1545200
2011-02-18,30.690000534057617,30.690000534057617,29.850000381469727,29.950000762939453,692400
2011-02-22,29.510000228881836,29.510000228881836,28.90999984741211,28.979999542236328,712800
2011-02-23,29.040000915527344,29.5,28.489999771118164,28.799999237060547,1110000
2011-02-24,28.829999923706055,29.25,28.56999969482422,28.850000381469727,893700
2011-02-25,29.06999969482422,29.219999313354492,28.829999923706055,29.079999923706055,645700
2011-02-28,29.229999542236328,29.229999542236328,28.520000457763672,28.790000915527344,762600
2011-03-01,28.920000076293945,29.1299991607666,27.920000076293945,28.049999237060547,1147700
2011-03-02,28.020000457763672,28.3700008392334,27.969999313354492,28.15999984741211,793100
2011-03-03,28.489999771118164,29.09000015258789,28.43000030517578,28.770000457763672,812100
2011-03-04,28.729999542236328,28.790000915527344,28.5,28.670000076293945,727300
2011-03-07,28.940000534057617,29.25,28.1299991607666,28.3700008392334,787600
2011-03-08,28.399999618530273,28.829999923706055,28.229999542236328,28.260000228881836,639300
2011-03-09,28.260000228881836,28.850000381469727,27.75,28.25,1639700
2011-03-10,27.940000534057617,27.950000762939453,27.360000610351562,27.540000915527344,1399600
2011-03-11,27.399999618530273,27.729999542236328,27.149999618530273,27.399999618530273,780200
2011-03-14,27.25,27.5,26.899999618530273,27.299999237060547,654400
2011-03-15,26.489999771118164,27.600000381469727,25.959999084472656,27.34000015258789,1045800
2011-03-16,27.34000015258789,27.579999923706055,26.809999465942383,26.979999542236328,999500
2011-03-17,27.459999084472656,27.600000381469727,26.889999389648438,27.010000228881836,766300
2011-03-18,27.290000915527344,27.34000015258789,26.93000030517578,27.290000915527344,738400
2011-03-21,27.6299991607666,27.950000762939453,27.59000015258789,27.829999923706055,553200
2011-03-22,27.889999389648438,27.899999618530273,27.489999771118164,27.540000915527344,388800
2011-03-23,27.469999313354492,27.760000228881836,27.25,27.6299991607666,326000
2011-03-24,27.93000030517578,27.950000762939453,27.459999084472656,27.670000076293945,410500
2011-03-25,27.690000534057617,28.170000076293945,27.520000457763672,27.760000228881836,699400
2011-03-28,27.8799991607666,28.149999618530273,27.719999313354492,27.739999771118164,488300
2011-03-29,27.690000534057617,28.239999771118164,27.5,28.100000381469727,582700
2011-03-30,28.270000457763672,28.899999618530273,28.219999313354492,28.799999237060547,780400
2011-03-31,28.700000762939453,29.020000457763672,28.59000015258789,28.889999389648438,750100
2011-04-01,29.030000686645508,29.40999984741211,28.90999984741211,29.1299991607666,890000
2011-04-04,29.229999542236328,29.43000030517578,29.030000686645508,29.329999923706055,771900
2011-04-05,29.209999084472656,29.280000686645508,28.84000015258789,28.899999618530273,931000
2011-04-06,29.09000015258789,29.200000762939453,28.450000762939453,28.850000381469727,1008300
2011-04-07,28.8799991607666,28.989999771118164,28.5,28.649999618530273,762800
2011-04-08,28.75,28.81999969482422,28.1299991607666,28.459999084472656,553200
2011-04-11,28.3700008392334,28.459999084472656,27.829999923706055,27.90999984741211,686700
2011-04-12,27.860000610351562,28.31999969482422,27.610000610351562,27.739999771118164,720600
2011-04-13,27.950000762939453,28.059999465942383,27.540000915527344,27.950000762939453,802100
2011-04-14,27.700000762939453,28.030000686645508,27.559999465942383,27.850000381469727,692800
2011-04-15,27.959999084472656,28.459999084472656,27.90999984741211,28.170000076293945,1555400
2011-04-18,27.8799991607666,28.020000457763672,27.34000015258789,27.56999969482422,1558000
2011-04-19,27.780000686645508,29.190000534057617,27.239999771118164,28.860000610351562,4086500
2011-04-20,29.299999237060547,29.299999237060547,27.799999237060547,27.889999389648438,2374000
2011-04-21,28.0,28.09000015258789,27.530000686645508,27.889999389648438,1576300
2011-04-25,27.889999389648438,27.889999389648438,27.030000686645508,27.479999542236328,1635000
2011-04-26,27.559999465942383,27.950000762939453,27.43000030517578,27.850000381469727,789100
2011-04-27,27.969999313354492,28.229999542236328,27.479999542236328,28.200000762939453,1349200
2011-04-28,28.100000381469727,28.6299991607666,28.06999969482422,28.5,1376500
2011-04-29,28.5,28.59000015258789,28.049999237060547,28.530000686645508,812000
2011-05-02,28.56999969482422,28.739999771118164,28.399999618530273,28.5,873300
2011-05-03,28.399999618530273,28.510000228881836,27.850000381469727,28.200000762939453,726000
2011-05-04,28.209999084472656,28.280000686645508,27.709999084472656,28.059999465942383,967800
2011-05-05,27.84000015258789,28.40999984741211,27.709999084472656,28.09000015258789,645700
2011-05-06,28.469999313354492,28.670000076293945,28.209999084472656,28.389999389648438,816800
2011-05-09,28.43000030517578,28.799999237060547,28.170000076293945,28.770000457763672,511600
2011-05-10,28.790000915527344,29.360000610351562,28.700000762939453,29.139999389648438,1247600
2011-05-11,29.149999618530273,29.270000457763672,29.09000015258789,29.229999542236328,990200
2011-05-12,29.149999618530273,29.760000228881836,29.100000381469727,29.600000381469727,962000
2011-05-13,29.610000610351562,29.8799991607666,28.84000015258789,29.06999969482422,869900
2011-05-16,28.920000076293945,29.280000686645508,28.860000610351562,29.030000686645508,575400
2011-05-17,28.860000610351562,29.06999969482422,28.31999969482422,28.530000686645508,954700
2011-05-18,28.469999313354492,29.079999923706055,28.40999984741211,29.020000457763672,1243900
2011-05-19,29.139999389648438,29.200000762939453,28.8799991607666,29.010000228881836,494700
2011-05-20,29.010000228881836,29.1200008392334,28.700000762939453,28.889999389648438,677700
2011-05-23,28.559999465942383,28.6200008392334,28.149999618530273,28.260000228881836,1122800
2011-05-24,28.350000381469727,28.520000457763672,28.139999389648438,28.209999084472656,711300
2011-05-25,28.209999084472656,28.56999969482422,28.110000610351562,28.479999542236328,556100
2011-05-26,28.31999969482422,28.649999618530273,28.170000076293945,28.540000915527344,621900
2011-05-27,28.690000534057617,28.8799991607666,28.510000228881836,28.639999389648438,550100
2011-05-31,28.90999984741211,29.100000381469727,28.610000610351562,29.100000381469727,778400
2011-06-01,29.079999923706055,29.170000076293945,28.270000457763672,28.299999237060547,489100
2011-06-02,28.350000381469727,28.450000762939453,27.84000015258789,27.889999389648438,798600
2011-06-03,27.3700008392334,27.56999969482422,27.209999084472656,27.25,838600
2011-06-06,27.190000534057617,27.260000228881836,26.610000610351562,26.829999923706055,1116500
2011-06-07,28.43000030517578,28.8700008392334,28.1200008392334,28.489999771118164,3306900
2011-06-08,28.549999237060547,28.559999465942383,28.170000076293945,28.40999984741211,2295400
2011-06-09,28.420000076293945,29.1299991607666,28.309999465942383,29.030000686645508,1166000
2011-06-10,28.950000762939453,29.010000228881836,28.520000457763672,28.75,901300
2011-06-13,28.540000915527344,28.770000457763672,28.219999313354492,28.540000915527344,1657400
2011-06-14,28.809999465942383,29.25,28.68000030517578,29.149999618530273,1185400
2011-06-15,28.829999923706055,29.010000228881836,27.270000457763672,27.299999237060547,2378000
2011-06-16,27.239999771118164,27.420000076293945,26.6299991607666,26.899999618530273,2776600
2011-06-17,27.219999313354492,27.290000915527344,26.59000015258789,26.6200008392334,3023000
2011-06-20,26.6299991607666,26.81999969482422,26.260000228881836,26.329999923706055,2782500
2011-06-21,27.049999237060547,27.690000534057617,27.0,27.1299991607666,2080200
2011-06-22,27.06999969482422,27.469999313354492,26.969999313354492,27.219999313354492,1621100
2011-06-23,26.84000015258789,27.309999465942383,26.65999984741211,27.209999084472656,1145600
2011-06-24,27.229999542236328,27.399999618530273,27.030000686645508,27.139999389648438,1468500
2011-06-27,27.100000381469727,27.6200008392334,27.100000381469727,27.299999237060547,681700
2011-06-28,27.450000762939453,27.649999618530273,27.31999969482422,27.540000915527344,1315500
2011-06-29,27.739999771118164,27.739999771118164,27.290000915527344,27.530000686645508,988900
2011-06-30,27.639999389648438,28.049999237060547,27.579999923706055,27.989999771118164,1489600
2011-07-01,28.059999465942383,28.8799991607666,28.040000915527344,28.700000762939453,1294000
2011-07-05,28.65999984741211,28.75,28.219999313354492,28.329999923706055,1241100
2011-07-06,28.280000686645508,28.809999465942383,28.239999771118164,28.729999542236328,986500
2011-07-07,28.969999313354492,29.190000534057617,28.8700008392334,28.950000762939453,984600
2011-07-08,28.549999237060547,28.829999923706055,28.510000228881836,28.81999969482422,623600
2011-07-11,28.440000534057617,28.549999237060547,28.110000610351562,28.25,683800
2011-07-12,28.15999984741211,28.25,27.81999969482422,27.889999389648438,1018000
2011-07-13,28.100000381469727,28.450000762939453,28.010000228881836,28.059999465942383,1117500
2011-07-14,28.09000015258789,28.1200008392334,27.420000076293945,27.59000015258789,1250300
2011-07-15,27.770000457763672,27.770000457763672,27.360000610351562,27.68000030517578,919900
2011-07-18,27.649999618530273,27.739999771118164,27.040000915527344,27.110000610351562,1157500
2011-07-19,27.68000030517578,28.31999969482422,27.15999984741211,27.459999084472656,1038000
2011-07-20,27.440000534057617,27.84000015258789,27.309999465942383,27.780000686645508,1317800
2011-07-21,27.84000015258789,28.420000076293945,27.739999771118164,28.170000076293945,1202300
2011-07-22,28.1200008392334,28.149999618530273,27.739999771118164,28.0,770100
2011-07-25,27.68000030517578,27.850000381469727,27.559999465942383,27.729999542236328,742200
2011-07-26,27.770000457763672,27.770000457763672,27.3700008392334,27.540000915527344,626600
2011-07-27,27.280000686645508,27.280000686645508,26.709999084472656,26.84000015258789,1124400
2011-07-28,26.979999542236328,27.100000381469727,26.540000915527344,26.6200008392334,791500
2011-07-29,26.280000686645508,26.81999969482422,26.110000610351562,26.670000076293945,842100
2011-08-01,27.020000457763672,27.020000457763672,26.389999389648438,26.56999969482422,900600
2011-08-02,26.360000610351562,26.559999465942383,25.81999969482422,25.850000381469727,818400
2011-08-03,25.90999984741211,26.09000015258789,25.549999237060547,25.809999465942383,1285900
2011-08-04,25.3700008392334,25.3799991607666,23.219999313354492,23.329999923706055,3486800
2011-08-05,23.639999389648438,23.81999969482422,22.770000457763672,23.299999237060547,2485300
2011-08-08,22.329999923706055,22.780000686645508,21.049999237060547,21.280000686645508,2645500
2011-08-09,21.790000915527344,22.579999923706055,21.440000534057617,22.579999923706055,2422400
2011-08-10,22.040000915527344,22.700000762939453,21.81999969482422,22.0,2415100
2011-08-11,22.1299991607666,23.229999542236328,21.899999618530273,22.940000534057617,934800
2011-08-12,23.139999389648438,23.540000915527344,22.8799991607666,23.260000228881836,891900
2011-08-15,23.469999313354492,23.809999465942383,23.360000610351562,23.799999237060547,721500
2011-08-16,23.549999237060547,24.15999984741211,23.5,23.860000610351562,1384800
2011-08-17,24.079999923706055,24.299999237060547,23.979999542236328,24.049999237060547,1061700
2011-08-18,23.34000015258789,23.43000030517578,22.540000915527344,22.700000762939453,1104500
2011-08-19,22.40999984741211,22.920000076293945,22.389999389648438,22.770000457763672,1330400
2011-08-22,23.3799991607666,23.43000030517578,22.65999984741211,22.770000457763672,1012800
2011-08-23,22.84000015258789,23.34000015258789,22.559999465942383,23.290000915527344,1179700
2011-08-24,23.280000686645508,24.030000686645508,23.139999389648438,23.989999771118164,728700
2011-08-25,24.209999084472656,24.31999969482422,23.270000457763672,23.350000381469727,795800
2011-08-26,23.18000030517578,23.93000030517578,22.889999389648438,23.81999969482422,731500
2011-08-29,24.190000534057617,24.739999771118164,24.09000015258789,24.739999771118164,348600
2011-08-30,24.579999923706055,25.219999313354492,24.579999923706055,25.049999237060547,614500
2011-08-31,25.270000457763672,25.700000762939453,25.1299991607666,25.350000381469727,776500
2011-09-01,25.290000915527344,25.559999465942383,25.040000915527344,25.239999771118164,1022000
2011-09-02,24.700000762939453,25.079999923706055,24.540000915527344,24.75,1304300
2011-09-06,24.1200008392334,25.3700008392334,24.100000381469727,25.290000915527344,1797700
2011-09-07,25.739999771118164,25.950000762939453,25.540000915527344,25.90999984741211,766200
2011-09-08,25.649999618530273,26.1200008392334,25.549999237060547,25.799999237060547,962500
2011-09-09,25.469999313354492,25.709999084472656,25.219999313354492,25.56999969482422,977400
2011-09-12,25.209999084472656,25.579999923706055,24.899999618530273,25.530000686645508,798700
2011-09-13,25.489999771118164,25.989999771118164,25.190000534057617,25.829999923706055,681500
2011-09-14,26.049999237060547,26.299999237060547,25.40999984741211,26.030000686645508,708900
2011-09-15,26.25,26.700000762939453,26.030000686645508,26.649999618530273,719000
2011-09-16,26.639999389648438,27.149999618530273,26.559999465942383,27.139999389648438,943200
2011-09-19,26.59000015258789,26.8700008392334,26.239999771118164,26.700000762939453,584100
2011-09-20,26.860000610351562,27.139999389648438,26.3700008392334,26.399999618530273,1338500
2011-09-21,26.40999984741211,26.68000030517578,25.450000762939453,25.459999084472656,797700
2011-09-22,24.68000030517578,24.90999984741211,24.059999465942383,24.40999984741211,1295500
2011-09-23,24.34000015258789,24.670000076293945,24.18000030517578,24.59000015258789,736800
2011-09-26,24.65999984741211,24.8799991607666,24.100000381469727,24.6299991607666,826300
2011-09-27,25.31999969482422,25.940000534057617,25.200000762939453,25.479999542236328,732800
2011-09-28,25.5,25.670000076293945,24.34000015258789,24.399999618530273,715500
2011-09-29,24.940000534057617,25.020000457763672,23.850000381469727,24.3799991607666,914700
2011-09-30,23.8799991607666,24.170000076293945,23.299999237060547,23.299999237060547,1218500
2011-10-03,23.270000457763672,23.65999984741211,22.520000457763672,22.540000915527344,1271000
2011-10-04,22.280000686645508,22.969999313354492,21.75,22.959999084472656,1100000
2011-10-05,23.079999923706055,23.809999465942383,22.719999313354492,23.719999313354492,1061100
2011-10-06,23.6299991607666,24.59000015258789,23.459999084472656,24.520000457763672,1020200
2011-10-07,24.579999923706055,25.0,24.209999084472656,24.329999923706055,1243000
2011-10-10,24.829999923706055,25.389999389648438,24.75,25.389999389648438,717800
2011-10-11,25.06999969482422,25.489999771118164,24.959999084472656,25.15999984741211,506700
2011-10-12,25.399999618530273,25.549999237060547,25.18000030517578,25.360000610351562,832700
2011-10-13,25.110000610351562,25.399999618530273,24.8799991607666,25.34000015258789,637500
2011-10-14,25.75,25.90999984741211,25.360000610351562,25.709999084472656,992600
2011-10-17,25.5,25.510000228881836,24.5,24.65999984741211,1402200
2011-10-18,24.90999984741211,25.760000228881836,24.06999969482422,25.290000915527344,1458400
2011-10-19,25.200000762939453,25.6299991607666,24.920000076293945,25.06999969482422,873200
2011-10-20,25.040000915527344,25.459999084472656,24.639999389648438,25.399999618530273,890200
2011-10-21,25.700000762939453,26.059999465942383,25.350000381469727,25.989999771118164,1017300
2011-10-24,26.149999618530273,26.579999923706055,26.1200008392334,26.3799991607666,818900
2011-10-25,26.040000915527344,26.219999313354492,25.68000030517578,25.75,454800
2011-10-26,26.18000030517578,26.18000030517578,25.219999313354492,25.84000015258789,577700
2011-10-27,26.799999237060547,27.15999984741211,26.579999923706055,26.889999389648438,684200
2011-10-28,26.770000457763672,26.920000076293945,26.139999389648438,26.559999465942383,715200
2011-10-31,26.1200008392334,26.559999465942383,25.829999923706055,26.079999923706055,507400
2011-11-01,25.219999313354492,25.6200008392334,25.049999237060547,25.3700008392334,657300
2011-11-02,25.809999465942383,26.139999389648438,25.510000228881836,25.770000457763672,439100
2011-11-03,25.809999465942383,26.290000915527344,25.719999313354492,26.200000762939453,681900
2011-11-04,25.90999984741211,26.5,25.649999618530273,26.280000686645508,412900
2011-11-07,26.280000686645508,26.479999542236328,25.889999389648438,26.43000030517578,447000
2011-11-08,26.690000534057617,26.90999984741211,26.09000015258789,26.700000762939453,910500
2011-11-09,26.209999084472656,26.270000457763672,25.540000915527344,25.75,621900
2011-11-10,26.18000030517578,26.270000457763672,25.719999313354492,26.1299991607666,592000
2011-11-11,26.459999084472656,26.790000915527344,26.459999084472656,26.600000381469727,463600
2011-11-14,26.450000762939453,26.520000457763672,25.850000381469727,26.110000610351562,422600
2011-11-15,25.969999313354492,26.260000228881836,25.850000381469727,26.09000015258789,566700
2011-11-16,25.81999969482422,26.40999984741211,25.59000015258789,25.81999969482422,470600
2011-11-17,25.700000762939453,25.8700008392334,24.90999984741211,25.170000076293945,960200
2011-11-18,25.31999969482422,25.649999618530273,25.049999237060547,25.5,549800
2011-11-21,25.06999969482422,25.420000076293945,24.8700008392334,25.260000228881836,671400
2011-11-22,25.190000534057617,25.479999542236328,24.860000610351562,24.969999313354492,810500
2011-11-23,24.690000534057617,24.739999771118164,24.09000015258789,24.290000915527344,563300
2011-11-25,24.239999771118164,24.719999313354492,24.229999542236328,24.459999084472656,276200
2011-11-28,25.030000686645508,25.309999465942383,24.920000076293945,25.139999389648438,388600
2011-11-29,25.25,25.549999237060547,25.010000228881836,25.110000610351562,336800
2011-11-30,25.81999969482422,26.309999465942383,25.75,26.010000228881836,925100
2011-12-01,25.899999618530273,26.15999984741211,25.440000534057617,25.469999313354492,819300
2011-12-02,25.799999237060547,26.0,25.65999984741211,25.760000228881836,809700
2011-12-05,26.229999542236328,26.25,25.6200008392334,25.850000381469727,694800
2011-12-06,25.700000762939453,25.889999389648438,25.489999771118164,25.56999969482422,449200
2011-12-07,25.350000381469727,25.459999084472656,24.81999969482422,25.290000915527344,859800
2011-12-08,25.049999237060547,25.149999618530273,24.510000228881836,24.579999923706055,841200
2011-12-09,24.600000381469727,24.950000762939453,24.600000381469727,24.780000686645508,1367500
2011-12-12,24.459999084472656,24.59000015258789,24.049999237060547,24.329999923706055,663600
2011-12-13,24.5,24.809999465942383,23.799999237060547,23.940000534057617,1101400
2011-12-14,23.850000381469727,24.09000015258789,23.6200008392334,23.8799991607666,879200
2011-12-15,24.1200008392334,24.420000076293945,24.0,24.229999542236328,861800
2011-12-16,24.489999771118164,24.68000030517578,23.950000762939453,24.1299991607666,1360800
2011-12-19,24.280000686645508,24.3799991607666,23.84000015258789,23.889999389648438,742900
2011-12-20,24.34000015258789,24.760000228881836,24.299999237060547,24.5,588100
2011-12-21,24.40999984741211,24.549999237060547,24.15999984741211,24.389999389648438,461700
2011-12-22,24.479999542236328,24.889999389648438,24.389999389648438,24.850000381469727,955500
2011-12-23,24.969999313354492,25.030000686645508,24.799999237060547,25.030000686645508,253100
2011-12-27,24.889999389648438,25.270000457763672,24.790000915527344,25.200000762939453,459600
2011-12-28,25.190000534057617,25.25,24.84000015258789,24.899999618530273,434200
2011-12-29,24.969999313354492,25.309999465942383,24.899999618530273,25.06999969482422,320300
2011-12-30,25.040000915527344,25.299999237060547,25.010000228881836,25.239999771118164,424200
2012-01-03,25.6200008392334,25.920000076293945,25.100000381469727,25.190000534057617,1062700
2012-01-04,25.049999237060547,25.270000457763672,24.920000076293945,25.0,1172400
2012-01-05,24.959999084472656,25.600000381469727,24.81999969482422,25.25,909100
2012-01-06,25.290000915527344,25.940000534057617,25.110000610351562,25.770000457763672,951900
2012-01-09,25.850000381469727,26.149999618530273,25.6299991607666,26.100000381469727,846000
2012-01-10,26.399999618530273,26.6200008392334,26.299999237060547,26.479999542236328,999900
2012-01-11,26.350000381469727,26.709999084472656,26.350000381469727,26.579999923706055,443500
2012-01-12,26.15999984741211,26.549999237060547,26.059999465942383,26.479999542236328,1087300
2012-01-13,26.25,26.450000762939453,26.010000228881836,26.149999618530273,674500
2012-01-17,26.170000076293945,26.600000381469727,26.020000457763672,26.06999969482422,601100
2012-01-18,25.989999771118164,26.18000030517578,25.850000381469727,26.040000915527344,1193100
2012-01-19,26.100000381469727,26.700000762939453,26.100000381469727,26.579999923706055,628700
2012-01-20,26.440000534057617,26.850000381469727,26.329999923706055,26.84000015258789,869500
2012-01-23,26.950000762939453,27.0,26.190000534057617,26.639999389648438,783700
2012-01-24,27.56999969482422,28.260000228881836,26.969999313354492,28.209999084472656,1506200
2012-01-25,28.389999389648438,28.389999389648438,27.709999084472656,27.899999618530273,931800
2012-01-26,28.010000228881836,28.360000610351562,27.969999313354492,28.170000076293945,769900
2012-01-27,28.06999969482422,28.520000457763672,27.969999313354492,28.280000686645508,622700
2012-01-30,28.040000915527344,28.459999084472656,27.68000030517578,28.329999923706055,588600
2012-01-31,28.43000030517578,28.549999237060547,27.93000030517578,28.139999389648438,550400
2012-02-01,28.309999465942383,28.920000076293945,28.239999771118164,28.34000015258789,520700
2012-02-02,28.420000076293945,28.670000076293945,28.299999237060547,28.31999969482422,407600
2012-02-03,28.649999618530273,29.25,28.649999618530273,29.0,674700
2012-02-06,28.8700008392334,29.020000457763672,28.700000762939453,28.979999542236328,438200
2012-02-07,28.979999542236328,29.299999237060547,28.899999618530273,28.940000534057617,429300
2012-02-08,28.920000076293945,29.260000228881836,28.8799991607666,29.1200008392334,488900
2012-02-09,29.229999542236328,29.309999465942383,28.760000228881836,29.299999237060547,449100
2012-02-10,29.0,29.190000534057617,28.770000457763672,29.040000915527344,477400
2012-02-13,29.399999618530273,29.6200008392334,29.260000228881836,29.559999465942383,561500
2012-02-14,29.489999771118164,29.510000228881836,29.239999771118164,29.459999084472656,391300
2012-02-15,29.559999465942383,29.84000015258789,29.350000381469727,29.43000030517578,693500
2012-02-16,29.399999618530273,29.799999237060547,29.010000228881836,29.56999969482422,767800
2012-02-17,29.6299991607666,29.700000762939453,29.25,29.420000076293945,380500
2012-02-21,29.469999313354492,29.950000762939453,29.25,29.3700008392334,383200
2012-02-22,29.3700008392334,29.3700008392334,28.579999923706055,28.889999389648438,1279800
2012-02-23,28.959999084472656,29.40999984741211,28.790000915527344,29.18000030517578,571600
2012-02-24,29.139999389648438,29.31999969482422,28.8799991607666,28.93000030517578,520500
2012-02-27,28.739999771118164,29.139999389648438,28.510000228881836,28.940000534057617,1233200
2012-02-28,28.979999542236328,29.209999084472656,28.829999923706055,29.209999084472656,554300
2012-02-29,29.389999389648438,30.059999465942383,29.34000015258789,29.639999389648438,1077700
2012-03-01,29.75,29.950000762939453,29.600000381469727,29.760000228881836,541000
2012-03-02,29.829999923706055,30.020000457763672,29.649999618530273,29.959999084472656,596800
2012-03-05,29.84000015258789,29.979999542236328,29.540000915527344,29.649999618530273,545900
2012-03-06,29.420000076293945,29.5,29.139999389648438,29.389999389648438,596800
2012-03-07,29.389999389648438,29.8700008392334,29.299999237060547,29.770000457763672,485300
2012-03-08,29.950000762939453,30.5,29.860000610351562,30.3700008392334,810800
2012-03-09,30.440000534057617,30.6200008392334,30.09000015258789,30.200000762939453,752500
2012-03-12,30.219999313354492,30.219999313354492,29.729999542236328,30.079999923706055,837200
2012-03-13,29.899999618530273,30.3700008392334,29.899999618530273,30.229999542236328,1394000
2012-03-14,29.790000915527344,30.059999465942383,29.59000015258789,29.75,1183000
2012-03-15,29.709999084472656,29.90999984741211,29.510000228881836,29.809999465942383,962200
2012-03-16,29.709999084472656,29.979999542236328,29.6200008392334,29.709999084472656,1315100
2012-03-19,29.739999771118164,30.09000015258789,29.579999923706055,29.790000915527344,678100
2012-03-20,29.600000381469727,29.889999389648438,29.420000076293945,29.799999237060547,463600
2012-03-21,29.780000686645508,29.84000015258789,29.549999237060547,29.670000076293945,485000
2012-03-22,29.540000915527344,29.540000915527344,29.010000228881836,29.309999465942383,539800
2012-03-23,29.280000686645508,29.65999984741211,29.0,29.649999618530273,685200
2012-03-26,29.850000381469727,30.0,29.540000915527344,29.790000915527344,584300
2012-03-27,29.850000381469727,29.979999542236328,29.729999542236328,29.739999771118164,365800
2012-03-28,29.780000686645508,29.809999465942383,29.1299991607666,29.649999618530273,668500
2012-03-29,29.450000762939453,29.709999084472656,29.299999237060547,29.670000076293945,555400
2012-03-30,29.809999465942383,29.959999084472656,29.420000076293945,29.59000015258789,542900
2012-04-02,29.549999237060547,29.799999237060547,29.399999618530273,29.510000228881836,812400
2012-04-03,29.469999313354492,29.790000915527344,29.3700008392334,29.610000610351562,584400
2012-04-04,29.31999969482422,29.540000915527344,29.06999969482422,29.440000534057617,735200
2012-04-05,29.389999389648438,29.639999389648438,29.25,29.350000381469727,272900
2012-04-09,28.940000534057617,29.09000015258789,28.799999237060547,29.010000228881836,430400
2012-04-10,28.950000762939453,28.989999771118164,28.219999313354492,28.219999313354492,613500
2012-04-11,28.559999465942383,28.610000610351562,28.3799991607666,28.530000686645508,471100
2012-04-12,29.010000228881836,29.170000076293945,28.729999542236328,29.09000015258789,879800
2012-04-13,29.079999923706055,29.170000076293945,28.729999542236328,28.809999465942383,795100
2012-04-16,28.809999465942383,28.979999542236328,28.59000015258789,28.799999237060547,746000
2012-04-17,28.93000030517578,29.360000610351562,28.75,29.209999084472656,981100
2012-04-18,28.989999771118164,29.309999465942383,28.540000915527344,28.889999389648438,656300
2012-04-19,29.020000457763672,29.299999237060547,28.739999771118164,29.020000457763672,452000
2012-04-20,29.1299991607666,29.559999465942383,29.079999923706055,29.440000534057617,619300
2012-04-23,29.170000076293945,29.209999084472656,28.84000015258789,29.15999984741211,726600
2012-04-24,29.1299991607666,29.59000015258789,29.1200008392334,29.329999923706055,665500
2012-04-25,29.6299991607666,29.75,29.389999389648438,29.6299991607666,434400
2012-04-26,29.6299991607666,29.739999771118164,29.31999969482422,29.59000015258789,383700
2012-04-27,29.75,29.75,29.40999984741211,29.6200008392334,798900
2012-04-30,29.540000915527344,29.540000915527344,29.09000015258789,29.190000534057617,656500
2012-05-01,29.25,29.459999084472656,28.979999542236328,29.219999313354492,546400
2012-05-02,29.049999237060547,29.219999313354492,28.860000610351562,28.989999771118164,532700
2012-05-03,29.15999984741211,29.389999389648438,28.899999618530273,28.979999542236328,595600
2012-05-04,28.889999389648438,28.889999389648438,28.329999923706055,28.389999389648438,593100
2012-05-07,28.239999771118164,28.290000915527344,27.979999542236328,28.010000228881836,976000
2012-05-08,27.850000381469727,28.520000457763672,27.68000030517578,28.389999389648438,1106000
2012-05-09,28.100000381469727,28.530000686645508,27.93000030517578,28.329999923706055,638200
2012-05-10,28.540000915527344,28.540000915527344,28.040000915527344,28.31999969482422,478800
2012-05-11,28.15999984741211,28.329999923706055,27.860000610351562,27.959999084472656,474300
2012-05-14,27.75,27.959999084472656,27.530000686645508,27.780000686645508,454800
2012-05-15,27.81999969482422,28.059999465942383,27.760000228881836,27.920000076293945,517400
2012-05-16,28.040000915527344,28.040000915527344,27.579999923706055,27.579999923706055,567800
2012-05-17,27.56999969482422,27.59000015258789,26.770000457763672,26.770000457763672,619700
2012-05-18,26.899999618530273,27.100000381469727,26.56999969482422,26.639999389648438,664600
2012-05-21,26.65999984741211,27.299999237060547,26.59000015258789,27.170000076293945,569500
2012-05-22,27.100000381469727,27.350000381469727,26.950000762939453,27.1299991607666,896000
2012-05-23,26.8700008392334,27.110000610351562,26.469999313354492,27.079999923706055,673000
2012-05-24,27.06999969482422,27.190000534057617,26.68000030517578,27.100000381469727,695500
2012-05-25,27.06999969482422,27.1200008392334,26.81999969482422,26.950000762939453,366500
2012-05-29,27.059999465942383,27.530000686645508,26.90999984741211,27.31999969482422,719500
2012-05-30,27.079999923706055,27.1200008392334,26.649999618530273,26.65999984741211,557800
2012-05-31,26.6299991607666,26.989999771118164,26.420000076293945,26.829999923706055,627200
2012-06-01,26.290000915527344,26.479999542236328,26.25,26.290000915527344,478600
2012-06-04,26.389999389648438,26.450000762939453,25.770000457763672,26.239999771118164,722000
2012-06-05,26.110000610351562,26.440000534057617,26.010000228881836,26.389999389648438,399100
2012-06-06,26.520000457763672,26.920000076293945,26.520000457763672,26.84000015258789,433700
2012-06-07,27.1299991607666,27.329999923706055,26.940000534057617,27.06999969482422,338700
2012-06-08,27.09000015258789,27.6200008392334,26.950000762939453,27.610000610351562,457000
2012-06-11,27.809999465942383,27.84000015258789,27.3700008392334,27.440000534057617,562400
2012-06-12,27.530000686645508,27.760000228881836,27.360000610351562,27.610000610351562,585600
2012-06-13,27.420000076293945,27.420000076293945,26.979999542236328,27.049999237060547,321900
2012-06-14,27.110000610351562,27.799999237060547,27.049999237060547,27.690000534057617,711400
2012-06-15,27.81999969482422,27.860000610351562,27.440000534057617,27.690000534057617,589700
2012-06-18,27.59000015258789,27.889999389648438,27.40999984741211,27.780000686645508,423200
2012-06-19,28.049999237060547,28.1200008392334,27.719999313354492,27.829999923706055,420000
2012-06-20,28.0,28.200000762939453,27.760000228881836,28.040000915527344,627100
2012-06-21,27.969999313354492,28.1200008392334,27.229999542236328,27.25,526300
2012-06-22,27.40999984741211,27.559999465942383,27.170000076293945,27.440000534057617,686800
2012-06-25,27.229999542236328,27.5,26.979999542236328,27.34000015258789,522400
2012-06-26,27.3799991607666,27.450000762939453,27.030000686645508,27.139999389648438,356600
2012-06-27,27.229999542236328,27.600000381469727,27.18000030517578,27.309999465942383,275700
2012-06-28,27.139999389648438,27.40999984741211,26.889999389648438,27.40999984741211,428400
2012-06-29,27.799999237060547,28.299999237060547,27.65999984741211,28.239999771118164,714900
2012-07-02,28.25,28.440000534057617,27.59000015258789,28.149999618530273,429700
2012-07-03,28.100000381469727,28.959999084472656,28.0,28.950000762939453,477300
2012-07-05,28.850000381469727,28.940000534057617,28.469999313354492,28.579999923706055,679300
2012-07-06,28.280000686645508,28.31999969482422,28.09000015258789,28.239999771118164,426400
2012-07-09,28.1200008392334,28.18000030517578,27.850000381469727,28.059999465942383,325000
2012-07-10,28.100000381469727,28.360000610351562,27.780000686645508,27.90999984741211,317800
2012-07-11,28.079999923706055,28.479999542236328,27.889999389648438,28.34000015258789,897000
2012-07-12,28.1299991607666,28.799999237060547,27.8799991607666,28.610000610351562,854100
2012-07-13,28.649999618530273,29.3799991607666,28.559999465942383,29.0,811300
2012-07-16,29.020000457763672,29.170000076293945,28.610000610351562,29.059999465942383,633300
2012-07-17,29.540000915527344,30.90999984741211,29.540000915527344,30.06999969482422,1623000
2012-07-18,30.06999969482422,31.0,29.989999771118164,30.559999465942383,1280200
2012-07-19,30.649999618530273,30.959999084472656,30.209999084472656,30.770000457763672,715700
2012-07-20,30.639999389648438,30.889999389648438,30.229999542236328,30.700000762939453,787100
2012-07-23,30.450000762939453,30.709999084472656,30.139999389648438,30.510000228881836,392600
2012-07-24,30.559999465942383,30.6200008392334,29.81999969482422,30.170000076293945,586800
2012-07-25,30.18000030517578,30.56999969482422,30.040000915527344,30.190000534057617,772800
2012-07-26,30.670000076293945,30.989999771118164,30.43000030517578,30.649999618530273,882200
2012-07-27,30.899999618530273,31.1200008392334,30.709999084472656,30.770000457763672,938600
2012-07-30,30.81999969482422,30.81999969482422,30.399999618530273,30.760000228881836,707600
2012-07-31,30.75,31.0,30.700000762939453,30.790000915527344,410400
2012-08-01,30.899999618530273,31.0,30.479999542236328,30.59000015258789,521700
2012-08-02,30.290000915527344,30.940000534057617,30.18000030517578,30.5,700700
2012-08-03,31.0,31.139999389648438,30.739999771118164,30.850000381469727,624300
2012-08-06,30.959999084472656,31.020000457763672,30.709999084472656,30.809999465942383,408100
2012-08-07,30.940000534057617,31.219999313354492,30.709999084472656,30.950000762939453,696100
2012-08-08,30.84000015258789,31.040000915527344,30.6299991607666,30.670000076293945,694500
2012-08-09,30.770000457763672,30.81999969482422,30.06999969482422,30.280000686645508,1086100
2012-08-10,30.229999542236328,30.700000762939453,30.1299991607666,30.670000076293945,771600
2012-08-13,31.1200008392334,31.540000915527344,31.020000457763672,31.260000228881836,1121600
2012-08-14,31.43000030517578,31.729999542236328,31.309999465942383,31.690000534057617,1194300
2012-08-15,31.610000610351562,32.119998931884766,31.59000015258789,32.11000061035156,1982500
2012-08-16,32.06999969482422,32.630001068115234,32.0,32.15999984741211,1920900
2012-08-17,32.209999084472656,32.209999084472656,31.84000015258789,31.959999084472656,956500
2012-08-20,31.709999084472656,31.959999084472656,31.020000457763672,31.8700008392334,1810800
2012-08-21,31.899999618530273,32.290000915527344,31.81999969482422,31.940000534057617,649400
2012-08-22,31.81999969482422,31.889999389648438,31.530000686645508,31.75,1033800
2012-08-23,31.809999465942383,31.989999771118164,31.600000381469727,31.780000686645508,746000
2012-08-24,31.809999465942383,32.13999938964844,31.690000534057617,32.099998474121094,562500
2012-08-27,32.209999084472656,32.31999969482422,31.920000076293945,31.959999084472656,429400
2012-08-28,32.0,32.16999816894531,31.709999084472656,31.979999542236328,333400
2012-08-29,32.0099983215332,32.150001525878906,31.829999923706055,32.04999923706055,322600
2012-08-30,31.84000015258789,31.860000610351562,31.6200008392334,31.729999542236328,503900
2012-08-31,32.0099983215332,32.04999923706055,31.670000076293945,32.02000045776367,418100
2012-09-04,31.989999771118164,32.310001373291016,31.780000686645508,32.25,651400
2012-09-05,32.2599983215332,32.540000915527344,32.150001525878906,32.34000015258789,527300
2012-09-06,32.470001220703125,33.209999084472656,32.470001220703125,32.900001525878906,922300
2012-09-07,33.310001373291016,33.54999923706055,33.02000045776367,33.27000045776367,1356000
2012-09-10,32.630001068115234,32.900001525878906,32.2599983215332,32.439998626708984,1045500
2012-09-11,32.38999938964844,32.52000045776367,32.08000183105469,32.2599983215332,856700
2012-09-12,32.060001373291016,32.41999816894531,31.8799991607666,32.310001373291016,1155200
2012-09-13,32.22999954223633,33.310001373291016,32.04999923706055,32.970001220703125,923300
2012-09-14,33.0,33.33000183105469,33.0,33.150001525878906,468200
2012-09-17,32.689998626708984,32.79999923706055,32.08000183105469,32.099998474121094,737100
2012-09-18,31.93000030517578,32.529998779296875,31.93000030517578,32.349998474121094,1946900
2012-09-19,32.459999084472656,32.97999954223633,32.439998626708984,32.959999084472656,774700
2012-09-20,32.75,33.09000015258789,32.58000183105469,33.040000915527344,629500
2012-09-21,33.959999084472656,34.70000076293945,33.599998474121094,33.75,2022200
2012-09-24,34.91999816894531,35.380001068115234,34.189998626708984,34.95000076293945,2663800
2012-09-25,35.130001068115234,35.470001220703125,34.970001220703125,35.150001525878906,1914000
2012-09-26,35.130001068115234,35.689998626708984,34.900001525878906,35.41999816894531,1318100
2012-09-27,35.4900016784668,36.130001068115234,35.209999084472656,36.04999923706055,1248400
2012-09-28,35.959999084472656,36.68000030517578,35.7400016784668,36.29999923706055,1498000
2012-10-01,36.22999954223633,36.529998779296875,35.38999938964844,35.68000030517578,1271100
2012-10-02,35.91999816894531,36.13999938964844,35.709999084472656,35.79999923706055,743300
2012-10-03,35.79999923706055,36.040000915527344,35.7599983215332,35.79999923706055,866200
2012-10-04,36.06999969482422,36.220001220703125,35.91999816894531,35.970001220703125,647500
2012-10-05,36.04999923706055,36.380001068115234,35.90999984741211,36.040000915527344,736800
2012-10-08,35.540000915527344,35.88999938964844,35.380001068115234,35.689998626708984,1275500
2012-10-09,35.7400016784668,35.939998626708984,35.47999954223633,35.709999084472656,637600
2012-10-10,35.65999984741211,35.709999084472656,35.310001373291016,35.400001525878906,354100
2012-10-11,35.63999938964844,35.84000015258789,35.470001220703125,35.5099983215332,449200
2012-10-12,35.5099983215332,35.65999984741211,35.09000015258789,35.189998626708984,937800
2012-10-15,35.459999084472656,35.77000045776367,35.06999969482422,35.599998474121094,1102500
2012-10-16,34.79999923706055,36.959999084472656,34.5,36.2599983215332,2799100
2012-10-17,35.4900016784668,36.560001373291016,35.4900016784668,36.33000183105469,906400
2012-10-18,36.13999938964844,36.380001068115234,36.099998474121094,36.220001220703125,879500
2012-10-19,36.119998931884766,36.15999984741211,35.56999969482422,35.83000183105469,798500
2012-10-22,35.83000183105469,36.130001068115234,35.65999984741211,35.88999938964844,572700
2012-10-23,35.68000030517578,35.75,35.029998779296875,35.369998931884766,831900
2012-10-24,35.68000030517578,35.68000030517578,34.970001220703125,35.0,696500
2012-10-25,35.189998626708984,35.56999969482422,34.849998474121094,35.5099983215332,655900
2012-10-26,35.650001525878906,35.650001525878906,35.02000045776367,35.29999923706055,394100
2012-10-31,35.54999923706055,35.939998626708984,35.02000045776367,35.27000045776367,588100
2012-11-01,35.439998626708984,36.709999084472656,35.2599983215332,36.33000183105469,1225200
2012-11-02,36.349998474121094,36.47999954223633,35.7599983215332,35.900001525878906,829100
2012-11-05,35.880001068115234,36.29999923706055,35.400001525878906,35.81999969482422,951600
2012-11-06,35.9900016784668,36.40999984741211,35.810001373291016,36.20000076293945,607600
2012-11-07,35.97999954223633,35.97999954223633,35.400001525878906,35.619998931884766,715900
2012-11-08,35.5099983215332,35.779998779296875,35.0099983215332,35.15999984741211,604400
2012-11-09,35.099998474121094,35.720001220703125,34.95000076293945,35.40999984741211,466000
2012-11-12,35.47999954223633,35.65999984741211,35.189998626708984,35.470001220703125,447700
2012-11-13,35.15999984741211,35.61000061035156,34.900001525878906,35.04999923706055,631500
2012-11-14,35.09000015258789,35.16999816894531,34.290000915527344,34.459999084472656,884400
2012-11-15,34.540000915527344,35.08000183105469,34.060001373291016,34.15999984741211,1387800
2012-11-16,34.25,34.70000076293945,33.88999938964844,34.650001525878906,1172200
2012-11-19,34.81999969482422,35.849998474121094,34.81999969482422,35.849998474121094,767700
2012-11-20,35.7400016784668,36.029998779296875,35.54999923706055,35.93000030517578,568900
2012-11-21,36.029998779296875,36.34000015258789,35.27000045776367,36.25,412800
2012-11-23,36.27000045776367,36.75,36.25,36.709999084472656,298300
2012-11-26,36.59000015258789,36.959999084472656,36.52000045776367,36.810001373291016,473300
2012-11-27,36.66999816894531,36.75,36.27000045776367,36.43000030517578,705000
2012-11-28,36.349998474121094,36.72999954223633,36.0099983215332,36.68000030517578,639600
2012-11-29,36.900001525878906,36.9900016784668,36.40999984741211,36.599998474121094,560800
2012-11-30,36.54999923706055,36.63999938964844,36.29999923706055,36.439998626708984,954500
2012-12-03,36.689998626708984,36.689998626708984,36.060001373291016,36.15999984741211,562700
2012-12-04,36.150001525878906,36.40999984741211,36.040000915527344,36.20000076293945,403100
2012-12-05,36.25,36.34000015258789,35.459999084472656,35.79999923706055,649100
2012-12-06,35.720001220703125,36.20000076293945,35.54999923706055,35.9900016784668,741800
2012-12-07,35.9900016784668,36.290000915527344,35.75,36.290000915527344,583500
2012-12-10,36.220001220703125,36.7599983215332,36.220001220703125,36.41999816894531,533000
2012-12-11,36.54999923706055,37.029998779296875,36.54999923706055,36.689998626708984,886600
2012-12-12,36.88999938964844,37.11000061035156,36.72999954223633,36.939998626708984,703600
2012-12-13,36.84000015258789,36.97999954223633,36.41999816894531,36.45000076293945,628000
2012-12-14,36.34000015258789,36.4900016784668,36.209999084472656,36.349998474121094,342700
2012-12-17,36.31999969482422,36.83000183105469,36.20000076293945,36.83000183105469,536700
2012-12-18,36.7599983215332,37.310001373291016,36.650001525878906,37.290000915527344,803200
2012-12-19,37.27000045776367,37.560001373291016,36.959999084472656,37.38999938964844,567000
2012-12-20,37.349998474121094,37.75,37.33000183105469,37.75,490000
2012-12-21,37.11000061035156,37.849998474121094,36.95000076293945,37.849998474121094,1625000
2012-12-24,37.77000045776367,37.95000076293945,37.45000076293945,37.93000030517578,254800
2012-12-26,37.95000076293945,38.310001373291016,37.900001525878906,38.2400016784668,666300
2012-12-27,38.18000030517578,38.369998931884766,38.099998474121094,38.279998779296875,769100
2012-12-28,37.91999816894531,38.369998931884766,37.849998474121094,38.09000015258789,681800
2012-12-31,38.0099983215332,38.66999816894531,37.880001068115234,38.470001220703125,625100
2013-01-02,39.2400016784668,39.29999923706055,38.630001068115234,39.0,897600
2013-01-03,38.90999984741211,39.15999984741211,38.72999954223633,38.90999984741211,971900
2013-01-04,38.88999938964844,38.97999954223633,38.65999984741211,38.880001068115234,897700
2013-01-07,38.630001068115234,39.08000183105469,38.619998931884766,38.970001220703125,697600
2013-01-08,38.88999938964844,39.38999938964844,38.81999969482422,38.81999969482422,879700
2013-01-09,38.90999984741211,39.08000183105469,38.790000915527344,38.869998931884766,827200
2013-01-10,39.130001068115234,39.130001068115234,38.45000076293945,38.4900016784668,839000
2013-01-11,38.52000045776367,38.86000061035156,38.04999923706055,38.86000061035156,695700
2013-01-14,38.79999923706055,39.34000015258789,38.790000915527344,39.16999816894531,388500
2013-01-15,39.2400016784668,39.63999938964844,39.0,39.20000076293945,928200
2013-01-16,39.209999084472656,39.209999084472656,38.779998779296875,38.97999954223633,583000
2013-01-17,39.16999816894531,40.2400016784668,39.04999923706055,39.939998626708984,1143600
2013-01-18,40.0099983215332,40.04999923706055,39.59000015258789,40.02000045776367,765500
2013-01-22,38.77000045776367,39.25,37.86000061035156,38.810001373291016,3735400
2013-01-23,38.88999938964844,39.75,38.81999969482422,39.290000915527344,1267000
2013-01-24,39.29999923706055,39.849998474121094,39.119998931884766,39.81999969482422,973200
2013-01-25,39.97999954223633,39.97999954223633,39.630001068115234,39.81999969482422,637000
2013-01-28,39.810001373291016,39.81999969482422,39.209999084472656,39.459999084472656,589600
2013-01-29,39.349998474121094,39.52000045776367,39.13999938964844,39.34000015258789,860700
2013-01-30,39.369998931884766,39.439998626708984,38.58000183105469,38.599998474121094,1117100
2013-01-31,38.529998779296875,38.83000183105469,38.369998931884766,38.43000030517578,1021600
2013-02-01,38.45000076293945,39.150001525878906,38.36000061035156,39.130001068115234,1448100
2013-02-04,39.06999969482422,39.349998474121094,38.900001525878906,39.189998626708984,657400
2013-02-05,39.439998626708984,39.75,39.20000076293945,39.36000061035156,636800
2013-02-06,39.310001373291016,39.68000030517578,39.09000015258789,39.68000030517578,544400
2013-02-07,39.689998626708984,39.88999938964844,39.290000915527344,39.790000915527344,874100
2013-02-08,39.779998779296875,40.34000015258789,39.77000045776367,40.150001525878906,721600
2013-02-11,40.29999923706055,40.369998931884766,39.68000030517578,40.220001220703125,519200
2013-02-12,40.220001220703125,40.369998931884766,39.869998931884766,40.08000183105469,554600
2013-02-13,40.22999954223633,40.43000030517578,39.970001220703125,40.279998779296875,386000
2013-02-14,40.11000061035156,40.4900016784668,40.099998474121094,40.36000061035156,347600
2013-02-15,40.47999954223633,40.70000076293945,40.36000061035156,40.63999938964844,370600
2013-02-19,40.7599983215332,40.970001220703125,40.130001068115234,40.25,744200
2013-02-20,40.290000915527344,40.43000030517578,39.22999954223633,39.2400016784668,883000
2013-02-21,39.220001220703125,41.33000183105469,38.90999984741211,40.869998931884766,2565300
2013-02-22,40.900001525878906,42.279998779296875,40.900001525878906,41.79999923706055,1347200
2013-02-25,42.29999923706055,42.459999084472656,41.099998474121094,41.099998474121094,1080900
2013-02-26,41.529998779296875,41.709999084472656,41.25,41.65999984741211,1271800
2013-02-27,41.290000915527344,42.2599983215332,41.290000915527344,41.790000915527344,1375700
2013-02-28,41.84000015258789,42.33000183105469,41.66999816894531,41.779998779296875,919300
2013-03-01,41.61000061035156,41.9900016784668,41.119998931884766,41.619998931884766,1336800
2013-03-04,41.650001525878906,42.459999084472656,41.56999969482422,42.439998626708984,935200
2013-03-05,42.650001525878906,43.029998779296875,42.560001373291016,42.72999954223633,618500
2013-03-06,42.959999084472656,43.41999816894531,42.86000061035156,42.90999984741211,810400
2013-03-07,42.900001525878906,43.380001068115234,42.88999938964844,43.31999969482422,553300
2013-03-08,43.4900016784668,43.86000061035156,43.2400016784668,43.45000076293945,582900
2013-03-11,43.459999084472656,43.68000030517578,43.34000015258789,43.540000915527344,480100
2013-03-12,43.560001373291016,43.560001373291016,43.029998779296875,43.130001068115234,446500
2013-03-13,42.970001220703125,42.970001220703125,42.22999954223633,42.529998779296875,1106300
2013-03-14,42.83000183105469,43.040000915527344,42.56999969482422,42.90999984741211,680600
2013-03-15,42.959999084472656,43.18000030517578,42.66999816894531,43.13999938964844,860700
2013-03-18,42.20000076293945,43.279998779296875,42.20000076293945,43.0,664900
2013-03-19,42.959999084472656,43.25,42.77000045776367,43.02000045776367,918900
2013-03-20,43.25,43.560001373291016,42.93000030517578,43.2599983215332,741800
2013-03-21,43.18000030517578,43.45000076293945,42.779998779296875,42.88999938964844,604100
2013-03-22,42.95000076293945,43.31999969482422,42.630001068115234,43.08000183105469,898300
2013-03-25,42.599998474121094,43.38999938964844,42.43000030517578,43.22999954223633,921400
2013-03-26,43.310001373291016,44.08000183105469,43.310001373291016,44.04999923706055,813100
2013-03-27,43.869998931884766,44.5099983215332,43.599998474121094,44.439998626708984,715000
2013-03-28,44.5099983215332,44.93000030517578,44.29999923706055,44.869998931884766,569000
2013-04-01,44.81999969482422,44.970001220703125,44.310001373291016,44.540000915527344,645000
2013-04-02,44.72999954223633,45.2599983215332,44.54999923706055,45.0,865500
2013-04-03,44.970001220703125,45.13999938964844,44.150001525878906,44.5099983215332,1393000
2013-04-04,44.5,44.68000030517578,43.959999084472656,44.08000183105469,1192200
2013-04-05,43.66999816894531,44.33000183105469,42.779998779296875,44.25,1432000
2013-04-08,44.22999954223633,44.70000076293945,44.22999954223633,44.65999984741211,336900
2013-04-09,44.79999923706055,44.86000061035156,44.40999984741211,44.619998931884766,553400
2013-04-10,44.66999816894531,45.119998931884766,44.58000183105469,44.90999984741211,991100
2013-04-11,44.95000076293945,45.689998626708984,44.54999923706055,44.91999816894531,1095200
2013-04-12,45.0099983215332,45.27000045776367,44.369998931884766,44.86000061035156,780800
2013-04-15,44.56999969482422,44.56999969482422,42.36000061035156,42.5,1788300
2013-04-16,42.84000015258789,44.290000915527344,42.709999084472656,44.279998779296875,1206300
2013-04-17,43.810001373291016,43.810001373291016,42.77000045776367,43.38999938964844,1198900
2013-04-18,43.54999923706055,43.63999938964844,42.880001068115234,43.20000076293945,979000
2013-04-19,43.40999984741211,44.2599983215332,43.08000183105469,43.27000045776367,878600
2013-04-22,43.2599983215332,43.93000030517578,42.63999938964844,43.72999954223633,1486600
2013-04-23,44.15999984741211,46.72999954223633,44.15999984741211,45.529998779296875,2572700
2013-04-24,45.75,46.810001373291016,45.38999938964844,46.0,1358000
2013-04-25,46.25,46.369998931884766,45.5099983215332,46.150001525878906,965000
2013-04-26,46.15999984741211,46.31999969482422,45.31999969482422,45.79999923706055,754400
2013-04-29,46.0,47.29999923706055,45.79999923706055,47.130001068115234,1676600
2013-04-30,47.20000076293945,47.56999969482422,46.52000045776367,47.560001373291016,1263000
2013-05-01,47.349998474121094,47.459999084472656,46.45000076293945,46.72999954223633,1105400
2013-05-02,46.650001525878906,47.540000915527344,46.380001068115234,46.84000015258789,1711300
2013-05-03,47.20000076293945,48.02000045776367,47.20000076293945,47.650001525878906,663500
2013-05-06,47.810001373291016,48.040000915527344,47.58000183105469,47.97999954223633,560600
2013-05-07,48.15999984741211,49.130001068115234,48.09000015258789,49.09000015258789,1667500
2013-05-08,49.099998474121094,49.58000183105469,48.72999954223633,49.52000045776367,885400
2013-05-09,49.52000045776367,50.0,49.150001525878906,49.380001068115234,862200
2013-05-10,49.31999969482422,49.540000915527344,48.63999938964844,48.720001220703125,908100
2013-05-13,48.7599983215332,49.43000030517578,48.470001220703125,49.29999923706055,619600
2013-05-14,49.27000045776367,49.939998626708984,49.27000045776367,49.88999938964844,973000
2013-05-15,49.86000061035156,50.599998474121094,49.540000915527344,50.08000183105469,1243400
2013-05-16,50.25,50.779998779296875,49.709999084472656,49.810001373291016,1089400
2013-05-17,49.86000061035156,50.220001220703125,49.5,49.83000183105469,472300
2013-05-20,49.7599983215332,50.400001525878906,49.720001220703125,50.22999954223633,704600
2013-05-21,50.16999816894531,50.4900016784668,50.04999923706055,50.38999938964844,857800
2013-05-22,50.400001525878906,50.70000076293945,49.5099983215332,49.7400016784668,681300
2013-05-23,49.150001525878906,50.0,48.83000183105469,49.70000076293945,885200
2013-05-24,49.38999938964844,49.54999923706055,48.880001068115234,49.310001373291016,797900
2013-05-28,50.02000045776367,50.529998779296875,49.95000076293945,50.279998779296875,685300
2013-05-29,49.88999938964844,49.88999938964844,49.18000030517578,49.59000015258789,404300
2013-05-30,49.7400016784668,50.02000045776367,49.29999923706055,49.560001373291016,415700
2013-05-31,49.369998931884766,49.790000915527344,48.9900016784668,49.0,458500
2013-06-03,48.95000076293945,49.09000015258789,47.5,48.880001068115234,1196500
2013-06-04,49.0,49.27000045776367,48.38999938964844,48.77000045776367,659700
2013-06-05,48.61000061035156,48.75,47.900001525878906,48.130001068115234,673500
2013-06-06,48.0099983215332,49.02000045776367,47.9900016784668,49.02000045776367,534500
2013-06-07,49.22999954223633,49.439998626708984,48.810001373291016,49.099998474121094,745900
2013-06-10,49.31999969482422,49.45000076293945,48.65999984741211,49.20000076293945,810900
2013-06-11,48.52000045776367,49.47999954223633,48.29999923706055,48.91999816894531,777000
2013-06-12,48.91999816894531,48.91999816894531,47.880001068115234,48.029998779296875,579100
2013-06-13,48.279998779296875,49.09000015258789,48.13999938964844,48.91999816894531,604200
2013-06-14,48.970001220703125,49.209999084472656,48.77000045776367,49.04999923706055,425300
2013-06-17,49.41999816894531,49.86000061035156,49.22999954223633,49.470001220703125,726100
2013-06-18,49.63999938964844,49.97999954223633,49.29999923706055,49.52000045776367,1192900
2013-06-19,49.650001525878906,49.849998474121094,49.2599983215332,49.400001525878906,1059800
2013-06-20,49.0099983215332,49.11000061035156,48.5,48.619998931884766,526500
2013-06-21,48.84000015258789,48.90999984741211,47.72999954223633,48.66999816894531,942600
2013-06-24,48.209999084472656,48.2599983215332,47.560001373291016,47.83000183105469,547300
2013-06-25,48.31999969482422,48.45000076293945,47.5,47.97999954223633,585700
2013-06-26,48.47999954223633,49.06999969482422,48.04999923706055,48.70000076293945,680000
2013-06-27,49.040000915527344,49.380001068115234,48.869998931884766,48.91999816894531,533500
2013-06-28,48.90999984741211,49.52000045776367,48.70000076293945,48.959999084472656,1195300
2013-07-01,49.27000045776367,50.349998474121094,49.27000045776367,49.619998931884766,799900
2013-07-02,49.66999816894531,50.09000015258789,49.310001373291016,49.54999923706055,975900
2013-07-03,49.34000015258789,49.560001373291016,49.25,49.47999954223633,437000
2013-07-05,49.93000030517578,50.09000015258789,49.77000045776367,49.97999954223633,466700
2013-07-08,50.34000015258789,50.400001525878906,49.83000183105469,50.2400016784668,586100
2013-07-09,50.650001525878906,50.68000030517578,50.150001525878906,50.470001220703125,733600
2013-07-10,50.349998474121094,50.599998474121094,50.15999984741211,50.31999969482422,1086900
2013-07-11,50.95000076293945,51.7400016784668,48.45000076293945,51.689998626708984,1689000
2013-07-12,51.95000076293945,52.65999984741211,51.95000076293945,52.27000045776367,1163500
2013-07-15,52.54999923706055,52.959999084472656,52.11000061035156,52.310001373291016,1067600
2013-07-16,52.43000030517578,52.56999969482422,51.22999954223633,51.4900016784668,931700
2013-07-17,53.13999938964844,53.939998626708984,51.5099983215332,51.70000076293945,2081600
2013-07-18,51.7599983215332,52.61000061035156,51.279998779296875,52.56999969482422,1248900
2013-07-19,53.0099983215332,53.060001373291016,52.2599983215332,52.959999084472656,967100
2013-07-22,53.18000030517578,53.63999938964844,53.029998779296875,53.22999954223633,1201800
2013-07-23,53.369998931884766,53.529998779296875,52.59000015258789,52.709999084472656,804700
2013-07-24,53.06999969482422,53.470001220703125,52.86000061035156,53.279998779296875,854600
2013-07-25,53.08000183105469,53.25,52.810001373291016,53.06999969482422,815000
2013-07-26,52.70000076293945,52.939998626708984,52.150001525878906,52.900001525878906,544500
2013-07-29,52.900001525878906,53.2599983215332,52.529998779296875,53.150001525878906,692800
2013-07-30,53.41999816894531,53.63999938964844,53.02000045776367,53.599998474121094,602400
2013-07-31,53.619998931884766,54.29999923706055,53.599998474121094,53.790000915527344,816800
2013-08-01,54.40999984741211,55.790000915527344,54.34000015258789,55.08000183105469,1513500
2013-08-02,55.04999923706055,55.189998626708984,54.5,55.150001525878906,618200
2013-08-05,55.0099983215332,55.209999084472656,54.61000061035156,54.959999084472656,621800
2013-08-06,54.91999816894531,54.970001220703125,54.06999969482422,54.290000915527344,539300
2013-08-07,54.119998931884766,54.31999969482422,53.189998626708984,54.209999084472656,721100
2013-08-08,54.5,55.13999938964844,54.5,54.79999923706055,524000
2013-08-09,54.720001220703125,55.15999984741211,54.20000076293945,54.52000045776367,474200
2013-08-12,54.33000183105469,54.720001220703125,54.040000915527344,54.689998626708984,293000
2013-08-13,54.91999816894531,54.970001220703125,54.27000045776367,54.709999084472656,458800
2013-08-14,54.79999923706055,55.09000015258789,54.4900016784668,54.83000183105469,327300
2013-08-15,54.119998931884766,54.15999984741211,52.849998474121094,52.91999816894531,614100
2013-08-16,52.81999969482422,53.18000030517578,52.02000045776367,52.029998779296875,1569500
2013-08-19,52.0,53.27000045776367,51.70000076293945,53.11000061035156,1004300
2013-08-20,53.25,54.189998626708984,52.9900016784668,54.02000045776367,797100
2013-08-21,53.97999954223633,54.08000183105469,53.43000030517578,53.72999954223633,565500
2013-08-22,54.0099983215332,54.47999954223633,53.790000915527344,54.09000015258789,603000
2013-08-23,54.439998626708984,54.7400016784668,53.66999816894531,54.58000183105469,452500
2013-08-26,54.58000183105469,55.0,54.20000076293945,54.470001220703125,434400
2013-08-27,53.869998931884766,54.060001373291016,53.29999923706055,53.41999816894531,437100
2013-08-28,53.36000061035156,53.61000061035156,53.0,53.45000076293945,368700
2013-08-29,53.33000183105469,54.18000030517578,53.2599983215332,53.54999923706055,318600
2013-08-30,53.63999938964844,53.68000030517578,52.77000045776367,53.040000915527344,494600
2013-09-03,53.79999923706055,54.130001068115234,51.849998474121094,52.7400016784668,1036900
2013-09-04,52.77000045776367,53.09000015258789,52.459999084472656,53.029998779296875,580700
2013-09-05,53.20000076293945,53.650001525878906,53.0,53.400001525878906,600900
2013-09-06,53.72999954223633,53.81999969482422,52.66999816894531,53.45000076293945,364500
2013-09-09,53.58000183105469,54.40999984741211,53.459999084472656,54.38999938964844,561400
2013-09-10,54.83000183105469,55.689998626708984,54.650001525878906,55.400001525878906,856300
2013-09-11,55.13999938964844,55.22999954223633,54.290000915527344,54.720001220703125,455700
2013-09-12,54.560001373291016,54.86000061035156,54.060001373291016,54.20000076293945,547900
2013-09-13,54.380001068115234,54.599998474121094,53.93000030517578,54.54999923706055,474500
2013-09-16,60.060001373291016,60.45000076293945,56.869998931884766,60.43000030517578,5278000
2013-09-17,60.279998779296875,60.40999984741211,59.70000076293945,59.95000076293945,1656200
2013-09-18,60.029998779296875,61.22999954223633,58.810001373291016,61.150001525878906,1573400
2013-09-19,61.2599983215332,61.31999969482422,59.380001068115234,59.5,1133400
2013-09-20,59.58000183105469,59.959999084472656,58.9900016784668,59.029998779296875,1263800
2013-09-23,59.119998931884766,59.13999938964844,58.369998931884766,58.54999923706055,1189100
2013-09-24,58.41999816894531,59.099998474121094,57.5099983215332,58.27000045776367,1205200
2013-09-25,58.4900016784668,58.790000915527344,57.849998474121094,58.290000915527344,814000
2013-09-26,58.599998474121094,59.43000030517578,58.599998474121094,59.18000030517578,537200
2013-09-27,58.470001220703125,58.599998474121094,57.29999923706055,57.619998931884766,1140600
2013-09-30,56.88999938964844,57.65999984741211,56.06999969482422,57.09000015258789,1518500
2013-10-01,57.099998474121094,58.709999084472656,57.099998474121094,58.220001220703125,1562700
2013-10-02,57.86000061035156,57.90999984741211,57.04999923706055,57.20000076293945,1037700
2013-10-03,57.209999084472656,57.310001373291016,56.529998779296875,56.90999984741211,790500
2013-10-04,57.040000915527344,57.25,56.61000061035156,57.119998931884766,540800
2013-10-07,56.400001525878906,57.13999938964844,56.22999954223633,56.849998474121094,811400
2013-10-08,56.56999969482422,57.040000915527344,56.09000015258789,56.43000030517578,1010500
2013-10-09,56.279998779296875,56.72999954223633,55.65999984741211,56.369998931884766,1209100
2013-10-10,57.150001525878906,57.68000030517578,56.779998779296875,57.11000061035156,878200
2013-10-11,57.15999984741211,57.61000061035156,56.72999954223633,57.599998474121094,696500
2013-10-14,56.900001525878906,58.59000015258789,56.86000061035156,58.52000045776367,1367700
2013-10-15,59.959999084472656,60.400001525878906,57.58000183105469,57.880001068115234,1562900
2013-10-16,58.369998931884766,58.599998474121094,57.779998779296875,58.5,811800
2013-10-17,58.65999984741211,61.0,58.61000061035156,60.91999816894531,1584700
2013-10-18,61.310001373291016,61.310001373291016,60.09000015258789,60.72999954223633,892400
2013-10-21,60.90999984741211,61.02000045776367,60.0,60.959999084472656,1206200
2013-10-22,60.79999923706055,61.59000015258789,60.400001525878906,61.59000015258789,878900
2013-10-23,61.310001373291016,61.59000015258789,60.540000915527344,60.939998626708984,384000
2013-10-24,60.95000076293945,61.65999984741211,60.95000076293945,61.619998931884766,439200
2013-10-25,61.79999923706055,62.33000183105469,61.0,62.209999084472656,537400
2013-10-28,62.310001373291016,62.77000045776367,61.86000061035156,62.20000076293945,614700
2013-10-29,62.52000045776367,62.52000045776367,61.09000015258789,61.7400016784668,575600
2013-10-30,62.11000061035156,62.5,61.66999816894531,61.779998779296875,788500
2013-10-31,61.56999969482422,62.83000183105469,61.560001373291016,62.279998779296875,630600
2013-11-01,62.5099983215332,62.75,62.0,62.61000061035156,428700
2013-11-04,62.970001220703125,64.38999938964844,62.560001373291016,64.2699966430664,1117900
2013-11-05,64.0,64.08999633789062,60.47999954223633,60.61000061035156,1319700
2013-11-06,60.83000183105469,61.66999816894531,60.7599983215332,60.95000076293945,588500
2013-11-07,61.22999954223633,61.41999816894531,58.7599983215332,58.779998779296875,1209200
2013-11-08,58.849998474121094,60.790000915527344,58.77000045776367,60.540000915527344,1138600
2013-11-11,60.619998931884766,60.88999938964844,60.349998474121094,60.66999816894531,374700
2013-11-12,60.66999816894531,60.66999816894531,59.790000915527344,60.029998779296875,728900
2013-11-13,59.7599983215332,60.779998779296875,59.529998779296875,60.7599983215332,430600
2013-11-14,60.75,61.060001373291016,60.54999923706055,60.880001068115234,361000
2013-11-15,61.18000030517578,61.22999954223633,60.38999938964844,60.84000015258789,878700
2013-11-18,61.09000015258789,61.849998474121094,60.380001068115234,61.619998931884766,873000
2013-11-19,61.630001068115234,62.189998626708984,61.25,61.439998626708984,700700
2013-11-20,61.529998779296875,61.709999084472656,60.7599983215332,61.060001373291016,523600
2013-11-21,61.310001373291016,63.060001373291016,61.22999954223633,62.93000030517578,878000
2013-11-22,63.16999816894531,63.16999816894531,61.88999938964844,62.650001525878906,481600
2013-11-25,62.70000076293945,63.86000061035156,60.79999923706055,60.93000030517578,997200
2013-11-26,61.06999969482422,62.040000915527344,60.959999084472656,61.77000045776367,519700
2013-11-27,62.22999954223633,62.22999954223633,61.2599983215332,61.56999969482422,445700
2013-11-29,61.619998931884766,61.790000915527344,61.22999954223633,61.2599983215332,208800
2013-12-02,61.220001220703125,62.099998474121094,60.77000045776367,61.40999984741211,529900
2013-12-03,61.22999954223633,61.36000061035156,59.939998626708984,60.11000061035156,1122300
2013-12-04,60.06999969482422,61.150001525878906,59.939998626708984,61.08000183105469,987100
2013-12-05,60.790000915527344,61.130001068115234,59.689998626708984,60.150001525878906,894200
2013-12-06,61.11000061035156,61.16999816894531,60.209999084472656,61.06999969482422,654600
2013-12-09,61.25,61.33000183105469,59.70000076293945,59.869998931884766,1149700
2013-12-10,59.709999084472656,62.13999938964844,59.34000015258789,61.43000030517578,1728900
2013-12-11,61.72999954223633,61.939998626708984,60.06999969482422,60.43000030517578,932500
2013-12-12,60.47999954223633,60.79999923706055,60.130001068115234,60.369998931884766,528100
2013-12-13,61.599998474121094,61.720001220703125,60.400001525878906,61.43000030517578,951200
2013-12-16,61.43000030517578,62.54999923706055,61.209999084472656,62.16999816894531,958200
2013-12-17,62.18000030517578,62.189998626708984,60.93000030517578,61.38999938964844,710500
2013-12-18,61.959999084472656,62.84000015258789,61.130001068115234,62.83000183105469,632800
2013-12-19,62.13999938964844,62.47999954223633,61.310001373291016,61.84000015258789,546400
2013-12-20,62.02000045776367,62.2599983215332,61.7599983215332,61.88999938964844,1121800
2013-12-23,62.25,62.54999923706055,61.88999938964844,62.31999969482422,780000
2013-12-24,62.209999084472656,63.15999984741211,62.13999938964844,62.95000076293945,234400
2013-12-26,63.29999923706055,63.400001525878906,62.65999984741211,63.13999938964844,469400
2013-12-27,63.15999984741211,63.439998626708984,62.88999938964844,63.029998779296875,276500
2013-12-30,62.959999084472656,63.5,62.59000015258789,63.27000045776367,429000
2013-12-31,63.369998931884766,63.650001525878906,63.0,63.279998779296875,441000
2014-01-02,63.0,63.81999969482422,63.0,63.25,634800
2014-01-03,63.11000061035156,63.61000061035156,62.83000183105469,62.970001220703125,588100
2014-01-06,63.20000076293945,63.5,62.25,62.29999923706055,838800
2014-01-07,62.86000061035156,63.93000030517578,62.790000915527344,63.560001373291016,1149500
2014-01-08,63.529998779296875,63.720001220703125,62.41999816894531,63.29999923706055,722300
2014-01-09,63.290000915527344,63.5,62.31999969482422,63.40999984741211,618600
2014-01-10,63.5,64.5999984741211,63.209999084472656,64.58999633789062,829400
2014-01-13,64.5999984741211,65.08999633789062,64.30000305175781,64.55999755859375,1363200
2014-01-14,64.54000091552734,65.52999877929688,64.38999938964844,65.41000366210938,861400
2014-01-15,65.5,65.95999908447266,65.29000091552734,65.48999786376953,707300
2014-01-16,65.5199966430664,65.55000305175781,65.13999938964844,65.36000061035156,365600
2014-01-17,65.30000305175781,65.41999816894531,64.69000244140625,64.93000030517578,516100
2014-01-21,65.5,65.7300033569336,65.16999816894531,65.62000274658203,598400
2014-01-22,65.75,66.5,65.55999755859375,66.19999694824219,831800
2014-01-23,66.0199966430664,66.06999969482422,65.0,65.29000091552734,884700
2014-01-24,64.8499984741211,64.8499984741211,61.959999084472656,62.5,1364900
2014-01-27,62.529998779296875,63.0,61.63999938964844,62.18000030517578,1313000
2014-01-28,62.150001525878906,63.189998626708984,62.119998931884766,63.0099983215332,723700
2014-01-29,62.5,64.91000366210938,62.220001220703125,63.84000015258789,1171900
2014-01-30,64.79000091552734,64.8499984741211,63.59000015258789,63.97999954223633,648300
2014-01-31,63.27000045776367,65.23999786376953,63.130001068115234,64.5999984741211,948400
2014-02-03,64.62000274658203,65.33000183105469,61.86000061035156,62.36000061035156,2232500
2014-02-04,62.90999984741211,63.369998931884766,61.709999084472656,63.029998779296875,1184900
2014-02-05,62.810001373291016,63.18000030517578,61.349998474121094,62.880001068115234,1749900
2014-02-06,62.90999984741211,63.650001525878906,62.90999984741211,63.18000030517578,675600
2014-02-07,63.540000915527344,65.27999877929688,63.439998626708984,65.01000213623047,1066700
2014-02-10,65.04000091552734,66.20999908447266,65.04000091552734,65.51000213623047,1617700
2014-02-11,65.62000274658203,66.05999755859375,65.01000213623047,65.55000305175781,1589900
2014-02-12,70.62999725341797,72.12999725341797,69.66999816894531,72.05999755859375,3753700
2014-02-13,72.0,72.3499984741211,71.12000274658203,71.33000183105469,1556700
2014-02-14,71.4000015258789,72.79000091552734,71.36000061035156,72.58999633789062,903600
2014-02-18,73.06999969482422,73.30999755859375,72.26000213623047,72.55999755859375,833700
2014-02-19,72.91999816894531,73.13999938964844,72.01000213623047,72.05999755859375,1071300
2014-02-20,72.5,72.9800033569336,71.5,72.33000183105469,844200
2014-02-21,72.56999969482422,72.80000305175781,71.68000030517578,72.22000122070312,744800
2014-02-24,72.37000274658203,73.27999877929688,72.13999938964844,72.29000091552734,1070900
2014-02-25,72.58000183105469,72.88999938964844,71.80999755859375,71.93000030517578,722800
2014-02-26,72.1500015258789,72.55999755859375,71.33999633789062,71.93000030517578,794300
2014-02-27,71.94999694824219,72.43000030517578,71.7300033569336,72.26000213623047,588300
2014-02-28,72.38999938964844,73.2699966430664,72.12999725341797,72.88999938964844,717500
2014-03-03,72.88999938964844,73.38999938964844,71.91000366210938,72.86000061035156,914300
2014-03-04,73.87000274658203,74.58000183105469,73.47000122070312,74.27999877929688,842700
2014-03-05,74.69999694824219,74.69999694824219,73.69999694824219,74.61000061035156,809500
2014-03-06,74.80000305175781,75.0999984741211,74.0999984741211,74.19999694824219,574200
2014-03-07,74.62999725341797,74.98999786376953,73.83999633789062,74.20999908447266,568700
2014-03-10,74.31999969482422,74.5,73.31999969482422,73.8499984741211,485100
2014-03-11,74.05000305175781,74.18000030517578,72.58000183105469,72.77999877929688,651800
2014-03-12,71.58999633789062,72.5199966430664,71.11000061035156,72.08000183105469,1057100
2014-03-13,72.27999877929688,72.77999877929688,70.77999877929688,71.2300033569336,1074400
2014-03-14,71.02999877929688,71.45999908447266,69.94000244140625,70.81999969482422,1371500
2014-03-17,71.04000091552734,71.33000183105469,70.31999969482422,70.70999908447266,810600
2014-03-18,70.80000305175781,71.94999694824219,70.70999908447266,71.69999694824219,754600
2014-03-19,71.69000244140625,71.69000244140625,70.4000015258789,71.04000091552734,1074100
2014-03-20,70.9000015258789,72.0999984741211,70.9000015258789,72.06999969482422,1058100
2014-03-21,71.97000122070312,72.41999816894531,71.87999725341797,72.18000030517578,1913400
2014-03-24,72.4000015258789,73.62999725341797,70.6500015258789,70.91000366210938,1264300
2014-03-25,71.31999969482422,71.81999969482422,70.30000305175781,70.73999786376953,934000
2014-03-26,70.95999908447266,71.27999877929688,68.58000183105469,68.63999938964844,1053200
2014-03-27,68.36000061035156,68.36000061035156,67.11000061035156,68.08000183105469,1620700
2014-03-28,68.33999633789062,69.2699966430664,68.05000305175781,68.95999908447266,815000
2014-03-31,69.41000366210938,70.56999969482422,69.06999969482422,70.37000274658203,988300
2014-04-01,70.51000213623047,71.41000366210938,70.45999908447266,71.25,918500
2014-04-02,71.2300033569336,72.54000091552734,71.2300033569336,72.33000183105469,1094400
2014-04-03,72.54000091552734,72.73999786376953,71.33000183105469,71.87999725341797,1204800
2014-04-04,72.3499984741211,72.69000244140625,70.97000122070312,71.30999755859375,904200
2014-04-07,71.1500015258789,71.1500015258789,68.04000091552734,68.55999755859375,1061100
2014-04-08,68.33999633789062,69.16000366210938,67.5,68.48999786376953,884000
2014-04-09,68.80999755859375,69.33000183105469,68.3499984741211,69.30999755859375,628600
2014-04-10,69.3499984741211,69.4000015258789,66.66000366210938,66.8499984741211,1229400
2014-04-11,66.33000183105469,66.91999816894531,65.26000213623047,66.30999755859375,1140200
2014-04-14,67.12999725341797,68.11000061035156,66.63999938964844,67.5,1078800
2014-04-15,67.5999984741211,68.0,66.02999877929688,67.58999633789062,1180100
2014-04-16,68.06999969482422,68.4000015258789,66.91000366210938,67.36000061035156,1802900
2014-04-17,67.16000366210938,67.69999694824219,66.5,67.16000366210938,1213000
2014-04-21,67.58000183105469,68.47000122070312,67.27999877929688,68.20999908447266,912400
2014-04-22,68.44000244140625,68.94999694824219,67.83000183105469,68.48999786376953,879600
2014-04-23,69.0,69.0,67.13999938964844,67.44999694824219,1203400
2014-04-24,67.81999969482422,67.93000030517578,66.1500015258789,66.79000091552734,1108800
2014-04-25,66.52999877929688,66.62999725341797,66.16000366210938,66.38999938964844,766400
2014-04-28,66.68000030517578,66.93000030517578,65.0,65.55999755859375,1060800
2014-04-29,65.56999969482422,65.86000061035156,65.0,65.27999877929688,1372900
2014-04-30,65.30000305175781,66.77999877929688,65.01000213623047,66.62999725341797,1478300
2014-05-01,66.5,67.13999938964844,65.9800033569336,66.26000213623047,1725800
2014-05-02,66.26000213623047,66.94000244140625,66.01000213623047,66.4000015258789,961400
2014-05-05,66.30999755859375,67.45999908447266,66.22000122070312,66.7300033569336,913100
2014-05-06,66.48999786376953,66.80999755859375,66.19999694824219,66.41999816894531,629400
2014-05-07,66.73999786376953,67.0,65.93000030517578,66.94999694824219,724900
2014-05-08,66.86000061035156,68.0,66.62999725341797,66.76000213623047,753700
2014-05-09,66.61000061035156,67.04000091552734,66.05000305175781,66.27999877929688,945000
2014-05-12,66.55000305175781,68.12000274658203,66.5,67.97000122070312,1055300
2014-05-13,67.97000122070312,68.47000122070312,67.22000122070312,67.29000091552734,765300
2014-05-14,67.36000061035156,67.75,66.93000030517578,67.13999938964844,526800
2014-05-15,67.3499984741211,67.62999725341797,66.18000030517578,66.7300033569336,940300
2014-05-16,66.66999816894531,67.48999786376953,66.36000061035156,67.44999694824219,889500
2014-05-19,67.23999786376953,68.38999938964844,67.01000213623047,67.69999694824219,900800
2014-05-20,67.5,67.69999694824219,67.08999633789062,67.33000183105469,935400
2014-05-21,67.69999694824219,68.02999877929688,67.30000305175781,67.51000213623047,547000
2014-05-22,67.55000305175781,67.9000015258789,67.16999816894531,67.19000244140625,705000
2014-05-23,67.30999755859375,67.5999984741211,67.05999755859375,67.55000305175781,585700
2014-05-27,67.76000213623047,68.08000183105469,67.41000366210938,67.7699966430664,744300
2014-05-28,67.8499984741211,68.1500015258789,67.33999633789062,67.9800033569336,667600
2014-05-29,68.36000061035156,68.86000061035156,68.13999938964844,68.81999969482422,598800
2014-05-30,68.87999725341797,69.66999816894531,68.79000091552734,69.16000366210938,1417600
2014-06-02,69.37000274658203,70.37000274658203,69.0999984741211,70.27999877929688,953200
2014-06-03,70.13999938964844,70.41000366210938,69.70999908447266,70.30000305175781,742300
2014-06-04,70.04000091552734,71.05000305175781,69.55000305175781,69.7699966430664,855000
2014-06-05,70.05000305175781,70.7300033569336,69.61000061035156,70.70999908447266,447600
2014-06-06,70.81999969482422,71.25,70.7300033569336,70.95999908447266,526900
2014-06-09,71.38999938964844,71.86000061035156,71.02999877929688,71.37999725341797,533300
2014-06-10,71.27999877929688,71.66000366210938,70.69000244140625,71.02999877929688,549200
2014-06-11,70.06999969482422,70.73999786376953,69.9800033569336,70.58000183105469,662400
2014-06-12,70.58000183105469,70.8499984741211,69.61000061035156,69.93000030517578,531200
2014-06-13,69.87999725341797,70.23999786376953,69.5,69.86000061035156,385300
2014-06-16,69.83000183105469,70.30999755859375,69.5,69.69999694824219,457600
2014-06-17,69.66999816894531,70.68000030517578,68.79000091552734,70.33999633789062,668100
2014-06-18,70.54000091552734,70.70999908447266,69.55000305175781,70.27999877929688,578000
2014-06-19,70.66000366210938,71.22000122070312,70.61000061035156,70.94999694824219,439500
2014-06-20,71.16999816894531,71.7300033569336,70.61000061035156,71.62000274658203,1038600
2014-06-23,71.61000061035156,71.61000061035156,70.8499984741211,71.19000244140625,447800
2014-06-24,70.9000015258789,71.83999633789062,70.22000122070312,70.23999786376953,538100
2014-06-25,70.23999786376953,70.91000366210938,70.06999969482422,70.8499984741211,442600
2014-06-26,71.06999969482422,71.06999969482422,70.12000274658203,70.94000244140625,464300
2014-06-27,70.9800033569336,71.58000183105469,70.5999984741211,71.19000244140625,714900
2014-06-30,71.51000213623047,71.69000244140625,71.05000305175781,71.48999786376953,603700
2014-07-01,71.75,72.81999969482422,71.66000366210938,72.23999786376953,1140000
2014-07-02,72.0,72.33000183105469,70.69999694824219,70.94000244140625,811500
2014-07-03,70.87999725341797,71.4000015258789,70.75,70.93000030517578,504300
2014-07-07,70.91999816894531,71.0,69.30999755859375,69.62000274658203,736800
2014-07-08,69.38999938964844,69.4000015258789,68.81999969482422,69.0,697100
2014-07-09,69.22000122070312,69.33999633789062,68.62999725341797,69.05999755859375,482000
2014-07-10,68.31999969482422,68.36000061035156,67.80999755859375,68.16999816894531,920400
2014-07-11,68.12000274658203,68.77999877929688,68.02999877929688,68.55000305175781,464300
2014-07-14,68.9000015258789,68.9800033569336,68.19999694824219,68.83000183105469,544900
2014-07-15,68.51000213623047,69.36000061035156,67.97000122070312,67.98999786376953,793700
2014-07-16,68.27999877929688,68.27999877929688,66.83999633789062,67.20999908447266,1180700
2014-07-17,66.94999694824219,68.11000061035156,66.30000305175781,66.41000366210938,1316400
2014-07-18,66.77999877929688,68.23999786376953,66.72000122070312,67.66999816894531,1454400
2014-07-21,67.05999755859375,67.16000366210938,65.98999786376953,66.19999694824219,2219500
2014-07-22,68.0,69.23999786376953,65.0,65.63999938964844,2873400
2014-07-23,66.26000213623047,66.6500015258789,65.7699966430664,66.54000091552734,2235200
2014-07-24,66.91999816894531,70.45999908447266,66.9000015258789,69.11000061035156,2749700
2014-07-25,68.83999633789062,69.0,67.7300033569336,67.77999877929688,895400
2014-07-28,67.8499984741211,67.8499984741211,66.55999755859375,67.30000305175781,804600
2014-07-29,67.31999969482422,67.38999938964844,66.75,66.93000030517578,1040300
2014-07-30,67.37000274658203,68.47000122070312,67.18000030517578,67.30000305175781,1036000
2014-07-31,66.58999633789062,66.77999877929688,65.69000244140625,66.16000366210938,977100
2014-08-01,66.18000030517578,66.93000030517578,65.70999908447266,66.48999786376953,1142500
2014-08-04,66.81999969482422,67.55000305175781,66.31999969482422,67.38999938964844,1003100
2014-08-05,66.75,67.16000366210938,66.11000061035156,66.41000366210938,623600
2014-08-06,66.11000061035156,67.08000183105469,65.75,66.61000061035156,491200
2014-08-07,66.87000274658203,66.98999786376953,65.87000274658203,66.26000213623047,477000
2014-08-08,66.41000366210938,66.66000366210938,65.79000091552734,66.6500015258789,463200
2014-08-11,66.91000366210938,66.95999908447266,66.08999633789062,66.4800033569336,615200
2014-08-12,66.23999786376953,66.43000030517578,65.33000183105469,65.83999633789062,752400
2014-08-13,65.6500015258789,65.83999633789062,63.41999816894531,64.12999725341797,1760700
2014-08-14,64.27999877929688,65.75,64.27999877929688,65.58999633789062,1100600
2014-08-15,66.08000183105469,66.08000183105469,64.9000015258789,65.87000274658203,994400
2014-08-18,66.16999816894531,66.4800033569336,65.9800033569336,66.29000091552734,658200
2014-08-19,66.04000091552734,66.86000061035156,65.83999633789062,66.12000274658203,909000
2014-08-20,66.1500015258789,66.31999969482422,65.5199966430664,65.69999694824219,1035900
2014-08-21,65.80000305175781,66.55000305175781,65.58999633789062,66.48999786376953,738600
2014-08-22,66.45999908447266,66.83999633789062,66.1500015258789,66.45999908447266,1291800
2014-08-25,66.7699966430664,66.83999633789062,66.3499984741211,66.76000213623047,761700
2014-08-26,66.73999786376953,67.25,66.61000061035156,67.06999969482422,555600
2014-08-27,67.27999877929688,67.51000213623047,67.06999969482422,67.23999786376953,503000
2014-08-28,66.91999816894531,67.37999725341797,66.77999877929688,67.19999694824219,329100
2014-08-29,67.4000015258789,68.06999969482422,67.02999877929688,67.98999786376953,491600
2014-09-02,68.25,69.37000274658203,68.0999984741211,68.7300033569336,997700
2014-09-03,68.91000366210938,69.70999908447266,68.75,69.69000244140625,1144400
2014-09-04,70.0,70.62000274658203,69.72000122070312,70.29000091552734,1779000
2014-09-05,70.2699966430664,70.44999694824219,69.5,70.44999694824219,535000
2014-09-08,70.47000122070312,70.94000244140625,69.87000274658203,70.0999984741211,591400
2014-09-09,69.86000061035156,70.4000015258789,69.16999816894531,69.22000122070312,1228300
2014-09-10,69.43000030517578,69.63999938964844,68.08000183105469,68.70999908447266,633600
2014-09-11,68.18000030517578,69.88999938964844,67.8499984741211,69.31999969482422,1095800
2014-09-12,69.45999908447266,69.45999908447266,67.58999633789062,67.7300033569336,763100
2014-09-15,67.87999725341797,67.94000244140625,66.86000061035156,67.33999633789062,812300
2014-09-16,67.20999908447266,67.31999969482422,66.58000183105469,66.73999786376953,1093100
2014-09-17,66.69000244140625,66.7300033569336,64.91999816894531,65.52999877929688,1502300
2014-09-18,66.06999969482422,66.06999969482422,65.1500015258789,65.37000274658203,668200
2014-09-19,65.37999725341797,65.76000213623047,65.01000213623047,65.4000015258789,1216800
2014-09-22,65.47000122070312,66.12999725341797,65.0199966430664,65.06999969482422,873600
2014-09-23,65.19999694824219,65.30999755859375,64.29000091552734,64.33999633789062,883400
2014-09-24,64.58999633789062,64.63999938964844,63.630001068115234,64.23999786376953,1870700
2014-09-25,63.79999923706055,64.19999694824219,63.11000061035156,63.25,773500
2014-09-26,63.810001373291016,64.86000061035156,63.68000030517578,64.80000305175781,1379100
2014-09-29,64.43000030517578,65.2699966430664,64.02999877929688,64.86000061035156,867800
2014-09-30,64.69999694824219,64.80999755859375,63.790000915527344,63.81999969482422,674500
2014-10-01,63.70000076293945,63.70000076293945,62.709999084472656,62.91999816894531,1376800
2014-10-02,62.83000183105469,62.90999984741211,61.97999954223633,62.29999923706055,1312000
2014-10-03,62.84000015258789,63.97999954223633,62.689998626708984,63.77000045776367,1499300
2014-10-06,64.0999984741211,64.25,62.68000030517578,63.060001373291016,1407200
2014-10-07,63.0099983215332,63.7400016784668,62.630001068115234,62.630001068115234,1111800
2014-10-08,62.790000915527344,63.79999923706055,61.91999816894531,63.720001220703125,1112600
2014-10-09,63.81999969482422,63.81999969482422,61.86000061035156,61.97999954223633,1580000
2014-10-10,62.09000015258789,62.630001068115234,60.72999954223633,60.7599983215332,1545200
2014-10-13,60.66999816894531,60.880001068115234,58.790000915527344,58.81999969482422,1364200
2014-10-14,59.08000183105469,59.439998626708984,58.25,58.61000061035156,1676100
2014-10-15,57.959999084472656,59.77000045776367,57.060001373291016,59.66999816894531,3143800
2014-10-16,59.790000915527344,62.43000030517578,59.54999923706055,62.22999954223633,2302500
2014-10-17,62.290000915527344,63.630001068115234,62.0,62.349998474121094,1918500
2014-10-20,62.369998931884766,63.209999084472656,62.029998779296875,63.09000015258789,1790400
2014-10-21,63.470001220703125,69.4000015258789,62.5099983215332,69.12999725341797,4585700
2014-10-22,69.54000091552734,69.87999725341797,67.20999908447266,67.37999725341797,2201400
2014-10-23,68.16999816894531,70.26000213623047,68.1500015258789,69.47000122070312,1554800
2014-10-24,69.3499984741211,69.7300033569336,68.19000244140625,69.68000030517578,973600
2014-10-27,69.16999816894531,69.16999816894531,67.91000366210938,68.9000015258789,928900
2014-10-28,69.16000366210938,70.5199966430664,68.94000244140625,70.47000122070312,758500
2014-10-29,70.38999938964844,70.81999969482422,68.97000122070312,69.87000274658203,741700
2014-10-30,69.6500015258789,72.2300033569336,69.25,71.06999969482422,1946500
2014-10-31,72.05999755859375,72.25,71.27999877929688,72.08000183105469,838600
2014-11-03,72.16999816894531,72.4000015258789,71.44000244140625,71.7699966430664,798600
2014-11-04,71.63999938964844,72.80000305175781,71.16999816894531,72.36000061035156,1387500
2014-11-05,73.08000183105469,73.08999633789062,71.94000244140625,72.3499984741211,869500
2014-11-06,72.54000091552734,73.0,71.72000122070312,72.25,732800
2014-11-07,72.5999984741211,73.19000244140625,72.20999908447266,72.9000015258789,674600
2014-11-10,73.06999969482422,73.75,72.70999908447266,73.72000122070312,638400
2014-11-11,73.66999816894531,73.73999786376953,72.58000183105469,72.76000213623047,577300
2014-11-12,72.52999877929688,73.30000305175781,72.25,73.12999725341797,469100
2014-11-13,72.98999786376953,73.18000030517578,72.51000213623047,72.8499984741211,535500
2014-11-14,72.69999694824219,73.04000091552734,72.05999755859375,72.29000091552734,550400
2014-11-17,71.9000015258789,72.98999786376953,71.9000015258789,72.80999755859375,493100
2014-11-18,72.73999786376953,73.80000305175781,72.55999755859375,73.5999984741211,692700
2014-11-19,73.12000274658203,73.70999908447266,72.18000030517578,73.05000305175781,989800
2014-11-20,72.45999908447266,73.0999984741211,72.26000213623047,72.9000015258789,669200
2014-11-21,74.0199966430664,74.04000091552734,72.4800033569336,72.9800033569336,623200
2014-11-24,72.9800033569336,73.86000061035156,72.94999694824219,73.86000061035156,707000
2014-11-25,74.0,74.66999816894531,73.5199966430664,74.30999755859375,530000
2014-11-26,74.47000122070312,74.47000122070312,73.11000061035156,73.7300033569336,476600
2014-11-28,73.77999877929688,74.3499984741211,73.33000183105469,74.27999877929688,301500
2014-12-01,74.25,74.25,73.2300033569336,73.2300033569336,509600
2014-12-02,73.20999908447266,74.88999938964844,73.0,74.87000274658203,585500
2014-12-03,74.77999877929688,76.80000305175781,74.66000366210938,76.58999633789062,1003000
2014-12-04,76.76000213623047,78.5,76.68000030517578,77.77999877929688,1786400
2014-12-05,77.79000091552734,78.2699966430664,77.56999969482422,78.01000213623047,961900
2014-12-08,78.01000213623047,78.30000305175781,77.0999984741211,77.45999908447266,998800
2014-12-09,76.16000366210938,76.5999984741211,75.79000091552734,76.5199966430664,1103700
2014-12-10,76.5199966430664,77.36000061035156,76.01000213623047,76.20999908447266,671000
2014-12-11,76.58999633789062,77.5999984741211,76.41000366210938,76.91999816894531,468400
2014-12-12,76.2699966430664,76.9000015258789,75.93000030517578,75.98999786376953,905800
2014-12-15,76.51000213623047,77.19999694824219,75.5999984741211,76.1500015258789,651300
2014-12-16,76.12999725341797,77.73999786376953,75.5,76.55000305175781,969400
2014-12-17,76.33999633789062,78.11000061035156,75.88999938964844,77.94999694824219,743000
2014-12-18,78.94000244140625,79.33999633789062,78.43000030517578,79.31999969482422,891700
2014-12-19,79.37999725341797,79.73999786376953,79.0,79.44999694824219,1224500
2014-12-22,79.54000091552734,79.94999694824219,79.37000274658203,79.69000244140625,530800
2014-12-23,80.0,80.13999938964844,78.51000213623047,79.01000213623047,930700
2014-12-24,79.11000061035156,79.48999786376953,78.83000183105469,78.9000015258789,303700
2014-12-26,79.18000030517578,79.44000244140625,78.86000061035156,79.1500015258789,379100
2014-12-29,79.05999755859375,79.61000061035156,78.93000030517578,79.11000061035156,277400
2014-12-30,79.31999969482422,79.45999908447266,78.87000274658203,78.94000244140625,305500
2014-12-31,79.4000015258789,79.4000015258789,78.01000213623047,78.05000305175781,490700
2015-01-02,78.7300033569336,79.0199966430664,77.38999938964844,78.29000091552734,469300
2015-01-05,77.79000091552734,78.0999984741211,76.9000015258789,77.56999969482422,592000
2015-01-06,77.55999755859375,77.95999908447266,76.29000091552734,76.86000061035156,830000
2015-01-07,77.16999816894531,77.6500015258789,75.94999694824219,76.77999877929688,518700
2015-01-08,77.66000366210938,78.94999694824219,77.55999755859375,78.72000122070312,1067700
2015-01-09,78.43000030517578,79.12000274658203,78.23999786376953,78.55999755859375,519700
2015-01-12,78.5999984741211,79.11000061035156,78.11000061035156,78.86000061035156,616900
2015-01-13,79.38999938964844,80.61000061035156,78.30999755859375,78.80999755859375,776900
2015-01-14,78.0199966430664,79.29000091552734,77.76000213623047,78.80000305175781,751400
2015-01-15,79.19999694824219,80.05000305175781,78.5,79.02999877929688,1157300
2015-01-16,78.5999984741211,80.4800033569336,78.52999877929688,80.37000274658203,831200
2015-01-20,81.11000061035156,81.6500015258789,80.22000122070312,81.2300033569336,693500
2015-01-21,80.86000061035156,82.0999984741211,80.69000244140625,81.87999725341797,765100
2015-01-22,81.69999694824219,82.55000305175781,81.06999969482422,82.52999877929688,715200
2015-01-23,82.48999786376953,82.62999725341797,79.97000122070312,80.05999755859375,912500
2015-01-26,81.91000366210938,82.62000274658203,80.62000274658203,81.55999755859375,1385700
2015-01-27,74.01000213623047,77.05000305175781,73.02999877929688,76.33000183105469,5057700
2015-01-28,76.91000366210938,79.0999984741211,76.55000305175781,76.58999633789062,2019500
2015-01-29,76.20999908447266,76.5,74.87999725341797,76.43000030517578,1096800
2015-01-30,75.94000244140625,76.5999984741211,75.31999969482422,75.8499984741211,843900
2015-02-02,75.95999908447266,76.5,74.29000091552734,75.33999633789062,1105400
2015-02-03,75.5,76.33000183105469,75.4000015258789,75.87000274658203,1103300
2015-02-04,75.61000061035156,76.94999694824219,75.47000122070312,76.43000030517578,930100
2015-02-05,76.9800033569336,77.69000244140625,76.68000030517578,77.55999755859375,992200
2015-02-06,77.52999877929688,77.95999908447266,77.3499984741211,77.7699966430664,774600
2015-02-09,77.55999755859375,77.88999938964844,77.16000366210938,77.48999786376953,508100
2015-02-10,77.98999786376953,79.08000183105469,77.51000213623047,78.93000030517578,592800
2015-02-11,78.83999633789062,79.56999969482422,78.63999938964844,79.20999908447266,644000
2015-02-12,80.18000030517578,81.55999755859375,79.30999755859375,81.02999877929688,1644900
2015-02-13,81.37999725341797,82.93000030517578,81.29000091552734,82.88999938964844,945300
2015-02-17,82.5999984741211,82.98999786376953,82.0999984741211,82.22000122070312,692500
2015-02-18,82.2300033569336,83.69999694824219,81.62000274658203,83.62999725341797,654400
2015-02-19,83.62000274658203,83.88999938964844,82.69000244140625,83.05000305175781,839400
2015-02-20,83.01000213623047,83.69999694824219,81.77999877929688,83.66999816894531,984000
2015-02-23,82.80999755859375,84.87999725341797,82.12000274658203,84.23999786376953,1708700
2015-02-24,83.77999877929688,83.77999877929688,82.30000305175781,82.88999938964844,852700
2015-02-25,82.63999938964844,82.76000213623047,81.66999816894531,82.0999984741211,585900
2015-02-26,82.3499984741211,83.1500015258789,82.12000274658203,82.70999908447266,932400
2015-02-27,84.13999938964844,84.30000305175781,82.7300033569336,82.86000061035156,792300
2015-03-02,82.86000061035156,83.25,81.68000030517578,83.05999755859375,876400
2015-03-03,82.80000305175781,82.87999725341797,81.12000274658203,81.51000213623047,647000
2015-03-04,81.37000274658203,81.37000274658203,79.4000015258789,80.29000091552734,558400
2015-03-05,80.12000274658203,80.41999816894531,78.30000305175781,79.08000183105469,996900
2015-03-06,78.58999633789062,78.62000274658203,77.0199966430664,77.83000183105469,1129800
2015-03-09,78.38999938964844,78.91999816894531,77.70999908447266,78.2300033569336,622300
2015-03-10,77.81999969482422,78.4800033569336,77.05000305175781,77.83000183105469,784700
2015-03-11,77.37000274658203,78.01000213623047,77.18000030517578,77.55999755859375,801500
2015-03-12,78.01000213623047,79.70999908447266,77.58000183105469,79.58000183105469,791000
2015-03-13,79.30999755859375,79.54000091552734,77.87000274658203,78.47000122070312,771500
2015-03-16,78.95999908447266,79.3499984741211,77.58000183105469,78.2699966430664,978100
2015-03-17,78.13999938964844,78.80999755859375,77.19999694824219,77.9800033569336,737300
2015-03-18,77.9800033569336,79.94000244140625,77.5999984741211,79.66000366210938,767100
2015-03-19,79.4000015258789,79.76000213623047,78.38999938964844,79.04000091552734,485100
2015-03-20,79.30999755859375,81.01000213623047,78.72000122070312,80.86000061035156,1406100
2015-03-23,81.13999938964844,81.25,78.9000015258789,78.94000244140625,826900
2015-03-24,78.58999633789062,79.33000183105469,78.27999877929688,78.75,569500
2015-03-25,78.80999755859375,78.95999908447266,76.51000213623047,76.68000030517578,762000
2015-03-26,76.58999633789062,77.51000213623047,76.01000213623047,77.33999633789062,511200
2015-03-27,76.98999786376953,77.87999725341797,76.76000213623047,77.79000091552734,665100
2015-03-30,78.0999984741211,79.11000061035156,77.97000122070312,78.8499984741211,758300
2015-03-31,78.22000122070312,78.76000213623047,78.0,78.19000244140625,784700
2015-04-01,77.87000274658203,77.95999908447266,76.11000061035156,76.79000091552734,854400
2015-04-02,76.87000274658203,77.33000183105469,75.83000183105469,76.23999786376953,897500
2015-04-06,75.9000015258789,77.4000015258789,75.7699966430664,77.23999786376953,608400
2015-04-07,77.12000274658203,77.31999969482422,76.4800033569336,76.52999877929688,544800
2015-04-08,76.52999877929688,78.33999633789062,76.02999877929688,78.33999633789062,740600
2015-04-09,78.12999725341797,78.93000030517578,78.04000091552734,78.27999877929688,759600
2015-04-10,78.0999984741211,78.87999725341797,77.91000366210938,78.75,586600
2015-04-13,78.94999694824219,78.9800033569336,78.3499984741211,78.5,378700
2015-04-14,78.48999786376953,78.55999755859375,76.31999969482422,76.9000015258789,774600
2015-04-15,77.05999755859375,77.58999633789062,76.58000183105469,76.62000274658203,801100
2015-04-16,76.22000122070312,77.33000183105469,76.12000274658203,77.16000366210938,937100
2015-04-17,76.76000213623047,76.93000030517578,76.26000213623047,76.76000213623047,712600
2015-04-20,77.05999755859375,77.30000305175781,76.4000015258789,77.0199966430664,1058800
2015-04-21,72.4800033569336,72.4800033569336,68.43000030517578,69.0199966430664,6231400
2015-04-22,70.25,72.69999694824219,69.30999755859375,70.68000030517578,5079700
2015-04-23,70.2300033569336,70.98999786376953,69.91999816894531,70.04000091552734,1637800
2015-04-24,70.05999755859375,70.33000183105469,69.79000091552734,70.0,1705200
2015-04-27,70.19000244140625,70.55999755859375,69.2300033569336,69.33999633789062,1047100
2015-04-28,69.4000015258789,69.41000366210938,68.16999816894531,68.31999969482422,2416700
2015-04-29,68.05999755859375,68.72000122070312,67.38999938964844,68.52999877929688,1835900
2015-04-30,68.26000213623047,69.63999938964844,68.11000061035156,69.19000244140625,1407400
2015-05-01,69.30999755859375,70.30999755859375,69.30999755859375,69.87000274658203,712600
2015-05-04,69.76000213623047,70.43000030517578,69.62000274658203,70.16999816894531,775100
2015-05-05,70.19999694824219,70.19999694824219,67.4800033569336,68.0199966430664,3207000
2015-05-06,68.06999969482422,69.19999694824219,67.20999908447266,69.0199966430664,1717600
2015-05-07,69.02999877929688,69.62999725341797,68.81999969482422,69.19999694824219,904600
2015-05-08,69.76000213623047,70.44999694824219,69.19999694824219,69.91999816894531,831600
2015-05-11,69.51000213623047,69.91000366210938,69.29000091552734,69.62999725341797,498000
2015-05-12,69.3499984741211,69.41000366210938,68.7300033569336,68.9000015258789,601300
2015-05-13,69.55000305175781,70.0199966430664,69.18000030517578,69.62999725341797,1151800
2015-05-14,70.37000274658203,70.81999969482422,70.0199966430664,70.69000244140625,774600
2015-05-15,70.51000213623047,70.77999877929688,69.55000305175781,70.54000091552734,791600
2015-05-18,69.97000122070312,70.83000183105469,69.75,70.70999908447266,951800
2015-05-19,70.77999877929688,70.86000061035156,70.19000244140625,70.37999725341797,623500
2015-05-20,70.66999816894531,71.0,70.3499984741211,70.91999816894531,853300
2015-05-21,70.9800033569336,71.33000183105469,70.56999969482422,70.97000122070312,714300
2015-05-22,70.58999633789062,71.11000061035156,70.29000091552734,70.62000274658203,744900
2015-05-26,70.52999877929688,70.91999816894531,69.77999877929688,70.08000183105469,1436400
2015-05-27,70.12999725341797,70.66000366210938,69.79000091552734,70.62000274658203,1121500
2015-05-28,70.41000366210938,70.94000244140625,70.0199966430664,70.5,746700
2015-05-29,70.43000030517578,70.58999633789062,68.58999633789062,69.18000030517578,4000200
2015-06-01,69.41000366210938,69.5199966430664,67.38999938964844,68.23999786376953,1431700
2015-06-02,68.08999633789062,68.30999755859375,67.68000030517578,68.20999908447266,1118200
2015-06-03,68.01000213623047,68.80999755859375,67.80999755859375,68.5,668600
2015-06-04,67.73999786376953,68.25,67.55999755859375,68.16999816894531,1126800
2015-06-05,67.93000030517578,68.56999969482422,67.54000091552734,68.52999877929688,913800
2015-06-08,68.41999816894531,68.69999694824219,67.77999877929688,67.80000305175781,530100
2015-06-09,67.63999938964844,67.73999786376953,67.06999969482422,67.12000274658203,556400
2015-06-10,67.44000244140625,68.04000091552734,67.26000213623047,67.7300033569336,587900
2015-06-11,67.48999786376953,68.12000274658203,67.48999786376953,68.05999755859375,716800
2015-06-12,67.86000061035156,68.05999755859375,67.41000366210938,67.66000366210938,496800
2015-06-15,67.08000183105469,67.51000213623047,66.66999816894531,66.80000305175781,647600
2015-06-16,66.80000305175781,67.4000015258789,66.66000366210938,67.13999938964844,710600
2015-06-17,67.33999633789062,68.01000213623047,67.19000244140625,68.01000213623047,808500
2015-06-18,68.16000366210938,68.5199966430664,67.97000122070312,68.51000213623047,744200
2015-06-19,68.63999938964844,69.37999725341797,68.5,69.19999694824219,1419500
2015-06-22,68.5,69.02999877929688,66.5,66.91999816894531,2964500
2015-06-23,66.87999725341797,67.5,66.52999877929688,66.80000305175781,1231300
2015-06-24,66.5999984741211,67.0199966430664,65.87000274658203,65.88999938964844,899400
2015-06-25,66.13999938964844,66.26000213623047,65.0999984741211,65.16999816894531,1120400
2015-06-26,65.4000015258789,65.55000305175781,63.65999984741211,63.810001373291016,1926100
2015-06-29,63.31999969482422,64.08000183105469,62.54999923706055,62.56999969482422,1808300
2015-06-30,63.29999923706055,63.599998474121094,62.47999954223633,62.4900016784668,1989100
2015-07-01,63.290000915527344,64.20999908447266,62.939998626708984,63.869998931884766,1367900
2015-07-02,63.90999984741211,64.41000366210938,63.68000030517578,63.83000183105469,782500
2015-07-06,63.47999954223633,64.1500015258789,63.119998931884766,63.439998626708984,717700
2015-07-07,63.380001068115234,64.20999908447266,62.84000015258789,64.13999938964844,788700
2015-07-08,63.619998931884766,63.95000076293945,62.599998474121094,62.650001525878906,921300
2015-07-09,63.189998626708984,63.709999084472656,62.20000076293945,62.43000030517578,937200
2015-07-10,63.029998779296875,63.43000030517578,62.33000183105469,62.97999954223633,1444500
2015-07-13,63.61000061035156,63.97999954223633,63.02000045776367,63.88999938964844,835900
2015-07-14,64.05000305175781,64.62000274658203,63.88999938964844,64.45999908447266,852700
2015-07-15,64.5,64.83999633789062,63.560001373291016,63.95000076293945,877700
2015-07-16,64.45999908447266,66.23999786376953,64.4000015258789,66.04000091552734,2042300
2015-07-17,65.80000305175781,65.95999908447266,65.25,65.4800033569336,1084200
2015-07-20,65.30000305175781,66.5999984741211,65.30000305175781,66.12000274658203,1393700
2015-07-21,65.8499984741211,66.08999633789062,65.26000213623047,65.4800033569336,974400
2015-07-22,72.0199966430664,72.3499984741211,69.05000305175781,70.88999938964844,4127600
2015-07-23,71.38999938964844,71.38999938964844,69.56999969482422,69.68000030517578,1526000
2015-07-24,69.80999755859375,69.94000244140625,69.26000213623047,69.45999908447266,1385600
2015-07-27,69.3499984741211,69.56999969482422,68.62000274658203,69.16000366210938,875100
2015-07-28,69.48999786376953,70.12999725341797,69.0199966430664,69.83999633789062,810100
2015-07-29,69.68000030517578,70.98999786376953,69.30000305175781,70.80999755859375,1065900
2015-07-30,70.83000183105469,70.94999694824219,70.33000183105469,70.7300033569336,1101900
2015-07-31,70.86000061035156,71.19999694824219,70.41999816894531,70.79000091552734,771800
2015-08-03,70.77999877929688,70.97000122070312,69.54000091552734,70.04000091552734,540400
2015-08-04,69.7699966430664,70.87000274658203,69.7699966430664,70.31999969482422,408400
2015-08-05,70.4000015258789,71.01000213623047,69.98999786376953,70.70999908447266,589100
2015-08-06,70.48999786376953,70.69000244140625,69.5199966430664,70.61000061035156,752600
2015-08-07,70.62999725341797,71.2699966430664,70.2300033569336,71.25,820300
2015-08-10,71.41999816894531,72.58999633789062,70.77999877929688,72.44000244140625,1003000
2015-08-11,72.16999816894531,72.63999938964844,71.4800033569336,72.45999908447266,913000
2015-08-12,71.66999816894531,71.97000122070312,70.58999633789062,71.81999969482422,732100
2015-08-13,71.8499984741211,72.62000274658203,71.4000015258789,72.11000061035156,736700
2015-08-14,71.79000091552734,73.3499984741211,71.70999908447266,73.19999694824219,700300
2015-08-17,72.68000030517578,73.5999984741211,72.5,73.37000274658203,496200
2015-08-18,73.05999755859375,73.26000213623047,72.61000061035156,72.91000366210938,369100
2015-08-19,72.66999816894531,72.88999938964844,71.69999694824219,72.43000030517578,456500
2015-08-20,71.75,71.91999816894531,70.94999694824219,71.1500015258789,859600
2015-08-21,70.56999969482422,70.9000015258789,69.6500015258789,69.91999816894531,1129600
2015-08-24,69.16999816894531,69.16999816894531,64.69999694824219,66.4000015258789,1257700
2015-08-25,68.30999755859375,68.30999755859375,63.7599983215332,63.810001373291016,1756800
2015-08-26,64.4000015258789,65.62000274658203,62.220001220703125,64.48999786376953,1956400
2015-08-27,65.41000366210938,66.87000274658203,65.08999633789062,66.30000305175781,1293500
2015-08-28,66.2699966430664,67.70999908447266,66.04000091552734,67.4800033569336,1035100
2015-08-31,67.4000015258789,68.33000183105469,66.66999816894531,67.11000061035156,1120000
2015-09-01,66.27999877929688,66.54000091552734,64.83999633789062,65.0199966430664,1035600
2015-09-02,65.81999969482422,66.66000366210938,64.61000061035156,65.54000091552734,747300
2015-09-03,65.5999984741211,66.55999755859375,65.27999877929688,65.5,628900
2015-09-04,64.76000213623047,65.0999984741211,64.20999908447266,64.56999969482422,347800
2015-09-08,65.79000091552734,66.19000244140625,64.91000366210938,66.18000030517578,549800
2015-09-09,66.68000030517578,66.88999938964844,65.23999786376953,65.41999816894531,579900
2015-09-10,65.5,66.26000213623047,65.25,65.81999969482422,939400
2015-09-11,65.0,65.91999816894531,65.0,65.52999877929688,867400
2015-09-14,65.44999694824219,66.0199966430664,65.19000244140625,65.83000183105469,803900
2015-09-15,65.11000061035156,66.6500015258789,65.11000061035156,66.2300033569336,1022400
2015-09-16,66.23999786376953,66.69000244140625,65.93000030517578,66.16999816894531,698400
2015-09-17,66.13999938964844,66.62000274658203,65.33000183105469,65.5,807700
2015-09-18,64.69999694824219,65.26000213623047,64.0999984741211,64.23999786376953,1122300
2015-09-21,64.55999755859375,65.58999633789062,63.9900016784668,64.16000366210938,629000
2015-09-22,63.29999923706055,63.970001220703125,62.5099983215332,62.810001373291016,730400
2015-09-23,62.9900016784668,63.099998474121094,62.15999984741211,62.470001220703125,484200
2015-09-24,61.90999984741211,62.0099983215332,60.060001373291016,61.0,795500
2015-09-25,61.59000015258789,61.939998626708984,61.0099983215332,61.29999923706055,616900
2015-09-28,60.9900016784668,61.09000015258789,59.189998626708984,59.34000015258789,681800
2015-09-29,59.25,59.79999923706055,58.290000915527344,59.4900016784668,793600
2015-09-30,60.16999816894531,60.7400016784668,59.40999984741211,60.15999984741211,865300
2015-10-01,60.41999816894531,62.709999084472656,59.540000915527344,61.2400016784668,925500
2015-10-02,60.650001525878906,62.630001068115234,60.209999084472656,62.529998779296875,1088500
2015-10-05,63.11000061035156,63.97999954223633,62.560001373291016,63.630001068115234,628300
2015-10-06,63.380001068115234,63.619998931884766,62.5,62.83000183105469,537500
2015-10-07,63.47999954223633,64.41999816894531,63.18000030517578,64.0199966430664,657500
2015-10-08,63.97999954223633,65.33000183105469,63.650001525878906,65.02999877929688,622400
2015-10-09,65.93000030517578,70.04000091552734,65.19000244140625,69.72000122070312,2463800
2015-10-12,69.3499984741211,69.3499984741211,66.58000183105469,68.5199966430664,1109900
2015-10-13,68.1500015258789,69.30000305175781,67.88999938964844,68.06999969482422,695300
2015-10-14,68.0999984741211,69.30000305175781,67.91000366210938,68.73999786376953,696900
2015-10-15,68.69000244140625,69.26000213623047,68.4000015258789,68.9000015258789,727400
2015-10-16,69.0999984741211,69.44000244140625,68.56999969482422,69.33999633789062,811000
2015-10-19,69.11000061035156,69.29000091552734,67.91999816894531,69.05000305175781,1012600
2015-10-20,69.02999877929688,69.61000061035156,68.04000091552734,68.22000122070312,952900
2015-10-21,64.87000274658203,66.5999984741211,63.13999938964844,64.30000305175781,2951000
2015-10-22,64.58999633789062,65.05000305175781,63.88999938964844,64.83000183105469,988000
2015-10-23,65.25,67.16999816894531,64.75,66.62999725341797,1855900
2015-10-26,66.4800033569336,67.88999938964844,66.37999725341797,67.45999908447266,1018000
2015-10-27,66.94000244140625,67.52999877929688,65.62000274658203,66.98999786376953,1288900
2015-10-28,67.29000091552734,68.06999969482422,66.45999908447266,67.62999725341797,1001200
2015-10-29,67.56999969482422,68.47000122070312,67.12999725341797,68.04000091552734,777600
2015-10-30,68.06999969482422,69.20999908447266,67.77999877929688,68.44999694824219,813100
2015-11-02,68.61000061035156,69.54000091552734,68.38999938964844,69.1500015258789,897400
2015-11-03,68.91000366210938,68.91000366210938,67.0999984741211,67.30999755859375,923200
2015-11-04,67.5999984741211,68.27999877929688,67.0,67.33000183105469,931700
2015-11-05,67.33999633789062,67.76000213623047,66.72000122070312,67.19999694824219,740500
2015-11-06,67.19000244140625,67.44000244140625,66.25,67.0199966430664,807600
2015-11-09,67.16000366210938,67.30999755859375,65.62000274658203,66.4800033569336,497600
2015-11-10,66.22000122070312,66.97000122070312,65.20999908447266,66.25,797900
2015-11-11,66.37000274658203,67.5,66.25,66.9000015258789,613200
2015-11-12,66.37999725341797,66.5,64.55999755859375,64.5999984741211,482900
2015-11-13,64.48999786376953,65.55999755859375,64.33999633789062,64.93000030517578,637700
2015-11-16,64.80000305175781,65.08000183105469,63.77000045776367,64.51000213623047,810300
2015-11-17,64.80999755859375,65.79000091552734,63.22999954223633,63.369998931884766,1160500
2015-11-18,63.61000061035156,65.69000244140625,63.5,65.62999725341797,789700
2015-11-19,65.87999725341797,66.70999908447266,65.37999725341797,66.47000122070312,825500
2015-11-20,66.7300033569336,67.30000305175781,66.55999755859375,67.27999877929688,684200
2015-11-23,67.25,67.93000030517578,66.9800033569336,67.2699966430664,590600
2015-11-24,67.16000366210938,68.77999877929688,66.69000244140625,68.37999725341797,1171800
2015-11-25,67.91000366210938,69.08999633789062,67.12999725341797,67.41000366210938,498700
2015-11-27,67.73999786376953,68.20999908447266,67.16999816894531,68.0,211900
2015-11-30,67.97000122070312,68.48999786376953,67.7300033569336,67.98999786376953,792700
2015-12-01,68.12000274658203,69.12999725341797,68.01000213623047,68.8499984741211,578900
2015-12-02,68.62000274658203,68.80999755859375,67.36000061035156,67.45999908447266,653400
2015-12-03,67.75,67.9000015258789,66.2300033569336,66.7699966430664,775100
2015-12-04,66.80000305175781,67.45999908447266,66.45999908447266,67.06999969482422,494200
2015-12-07,66.69999694824219,67.02999877929688,66.0,66.93000030517578,373800
2015-12-08,66.0,66.25,65.41999816894531,65.6500015258789,509600
2015-12-09,65.05999755859375,66.69999694824219,65.0,65.79000091552734,601200
2015-12-10,65.7300033569336,66.36000061035156,65.0,65.25,707400
2015-12-11,64.95999908447266,65.68000030517578,64.45999908447266,65.08999633789062,649700
2015-12-14,65.18000030517578,65.22000122070312,63.310001373291016,63.790000915527344,727400
2015-12-15,64.4000015258789,64.69000244140625,63.59000015258789,64.22000122070312,598400
2015-12-16,64.76000213623047,65.33999633789062,64.27999877929688,65.05999755859375,694700
2015-12-17,64.62999725341797,65.29000091552734,61.84000015258789,61.959999084472656,1225100
2015-12-18,61.5,61.849998474121094,59.75,59.86000061035156,2451900
2015-12-21,60.439998626708984,61.150001525878906,59.77000045776367,60.91999816894531,1093600
2015-12-22,60.83000183105469,62.779998779296875,60.75,62.70000076293945,1307400
2015-12-23,62.369998931884766,63.88999938964844,62.060001373291016,63.84000015258789,928700
2015-12-24,63.75,64.5999984741211,63.45000076293945,64.30000305175781,355900
2015-12-28,64.2699966430664,64.41000366210938,63.470001220703125,64.37000274658203,499300
2015-12-29,64.91999816894531,65.0,63.79999923706055,63.939998626708984,759600
2015-12-30,63.779998779296875,64.48999786376953,63.5,64.0,651800
2015-12-31,63.619998931884766,64.25,62.86000061035156,63.04999923706055,736100
2016-01-04,62.0099983215332,62.54999923706055,61.45000076293945,62.349998474121094,778000
2016-01-05,62.349998474121094,62.66999816894531,61.79999923706055,62.290000915527344,744900
2016-01-06,61.310001373291016,61.79999923706055,60.400001525878906,60.93000030517578,844800
2016-01-07,59.7599983215332,60.540000915527344,59.060001373291016,59.4900016784668,1070900
2016-01-08,60.310001373291016,60.970001220703125,58.220001220703125,58.2400016784668,1515800
2016-01-11,58.54999923706055,60.08000183105469,58.43000030517578,59.5,1505500
2016-01-12,60.22999954223633,60.869998931884766,58.40999984741211,59.5,934200
2016-01-13,59.619998931884766,60.130001068115234,57.61000061035156,57.650001525878906,991800
2016-01-14,57.97999954223633,58.56999969482422,56.84000015258789,58.15999984741211,687200
2016-01-15,56.47999954223633,59.08000183105469,56.40999984741211,58.459999084472656,1443600
2016-01-19,59.130001068115234,59.25,56.56999969482422,57.34000015258789,813900
2016-01-20,56.40999984741211,57.619998931884766,54.0,56.97999954223633,1109200
2016-01-21,56.900001525878906,57.7599983215332,55.83000183105469,55.95000076293945,1298500
2016-01-22,57.08000183105469,58.150001525878906,56.54999923706055,57.65999984741211,1673900
2016-01-25,53.369998931884766,53.81999969482422,49.900001525878906,50.189998626708984,3765800
2016-01-26,49.869998931884766,52.25,48.72999954223633,49.70000076293945,3958400
2016-01-27,49.470001220703125,51.13999938964844,49.27000045776367,49.79999923706055,2586700
2016-01-28,50.38999938964844,50.540000915527344,48.529998779296875,48.880001068115234,1311500
2016-01-29,49.0099983215332,50.83000183105469,48.290000915527344,50.83000183105469,1702500
2016-02-01,50.150001525878906,51.220001220703125,48.93000030517578,51.0099983215332,1594800
2016-02-02,50.279998779296875,50.310001373291016,49.220001220703125,49.90999984741211,1332400
2016-02-03,50.439998626708984,50.88999938964844,48.189998626708984,49.41999816894531,1280300
2016-02-04,49.290000915527344,50.54999923706055,48.93000030517578,50.439998626708984,1715100
2016-02-05,50.439998626708984,51.16999816894531,50.0,50.63999938964844,1272100
2016-02-08,50.0099983215332,50.060001373291016,48.900001525878906,49.72999954223633,1603100
2016-02-09,49.11000061035156,50.08000183105469,48.619998931884766,49.84000015258789,1727800
2016-02-10,49.5,50.209999084472656,48.36000061035156,48.81999969482422,1356300
2016-02-11,47.959999084472656,48.41999816894531,45.84000015258789,46.06999969482422,2258300
2016-02-12,46.86000061035156,47.43000030517578,46.36000061035156,46.599998474121094,2192000
2016-02-16,47.13999938964844,47.77000045776367,46.720001220703125,47.38999938964844,1681100
2016-02-17,47.83000183105469,48.52000045776367,47.70000076293945,47.959999084472656,881700
2016-02-18,48.2400016784668,48.40999984741211,46.779998779296875,47.15999984741211,1650900
2016-02-19,47.040000915527344,47.040000915527344,44.31999969482422,45.150001525878906,2735100
2016-02-22,45.86000061035156,46.040000915527344,45.22999954223633,45.720001220703125,1609000
2016-02-23,45.529998779296875,45.900001525878906,44.91999816894531,45.81999969482422,1737100
2016-02-24,45.380001068115234,47.400001525878906,45.040000915527344,47.290000915527344,2227900
2016-02-25,47.31999969482422,47.79999923706055,46.75,47.459999084472656,1251500
2016-02-26,47.88999938964844,48.79999923706055,47.709999084472656,48.33000183105469,1916100
2016-02-29,48.41999816894531,49.02000045776367,47.810001373291016,48.5,1466000
2016-03-01,49.02000045776367,50.47999954223633,48.72999954223633,50.47999954223633,1754800
2016-03-02,50.220001220703125,51.54999923706055,50.029998779296875,50.720001220703125,1409000
2016-03-03,50.70000076293945,52.52000045776367,50.5099983215332,52.439998626708984,1340400
2016-03-04,52.15999984741211,53.310001373291016,52.150001525878906,52.689998626708984,1428300
2016-03-07,52.47999954223633,53.52000045776367,52.27000045776367,53.43000030517578,1264600
2016-03-08,52.95000076293945,53.040000915527344,51.75,52.619998931884766,1420200
2016-03-09,52.72999954223633,55.11000061035156,52.5099983215332,55.0099983215332,2789300
2016-03-10,55.369998931884766,55.369998931884766,53.38999938964844,54.36000061035156,1267800
2016-03-11,54.2599983215332,55.939998626708984,53.869998931884766,55.41999816894531,1421400
2016-03-14,55.150001525878906,55.959999084472656,55.09000015258789,55.11000061035156,1604300
2016-03-15,54.9900016784668,55.36000061035156,53.70000076293945,54.290000915527344,1702700
2016-03-16,54.290000915527344,56.15999984741211,54.2400016784668,55.900001525878906,1277500
2016-03-17,56.0,57.58000183105469,55.880001068115234,57.290000915527344,957800
2016-03-18,57.279998779296875,57.83000183105469,56.45000076293945,57.20000076293945,5306100
2016-03-21,57.0099983215332,58.5,57.0099983215332,58.2599983215332,1147500
2016-03-22,57.81999969482422,59.0099983215332,57.709999084472656,58.97999954223633,1151600
2016-03-23,58.81999969482422,59.459999084472656,58.33000183105469,58.38999938964844,1308800
2016-03-24,57.86000061035156,58.83000183105469,57.27000045776367,58.709999084472656,958000
2016-03-28,58.90999984741211,59.290000915527344,58.189998626708984,58.939998626708984,782700
2016-03-29,58.619998931884766,60.38999938964844,58.45000076293945,60.189998626708984,1266300
2016-03-30,60.2599983215332,60.4900016784668,59.099998474121094,59.439998626708984,1115300
2016-03-31,59.380001068115234,61.0,59.04999923706055,60.400001525878906,1278700
2016-04-01,60.0099983215332,60.7400016784668,59.380001068115234,60.72999954223633,999400
2016-04-04,60.68000030517578,60.939998626708984,60.34000015258789,60.45000076293945,741900
2016-04-05,59.75,60.06999969482422,58.439998626708984,58.88999938964844,1034600
2016-04-06,58.880001068115234,59.91999816894531,58.4900016784668,59.83000183105469,896000
2016-04-07,59.20000076293945,59.70000076293945,58.650001525878906,58.9900016784668,962500
2016-04-08,59.560001373291016,60.650001525878906,59.4900016784668,60.18000030517578,679100
2016-04-11,60.119998931884766,60.70000076293945,59.66999816894531,60.060001373291016,696100
2016-04-12,59.959999084472656,60.939998626708984,59.4900016784668,60.68000030517578,750600
2016-04-13,61.209999084472656,61.84000015258789,60.650001525878906,61.77000045776367,744900
2016-04-14,61.7400016784668,61.7599983215332,60.599998474121094,61.189998626708984,617500
2016-04-15,60.97999954223633,62.34000015258789,60.380001068115234,62.27000045776367,986100
2016-04-18,61.90999984741211,62.849998474121094,61.79999923706055,62.58000183105469,669400
2016-04-19,62.849998474121094,63.529998779296875,62.290000915527344,63.09000015258789,735500
2016-04-20,62.91999816894531,63.470001220703125,62.650001525878906,62.70000076293945,1012600
2016-04-21,64.5,67.0,63.75,63.849998474121094,1619800
2016-04-22,64.25,65.87999725341797,64.05000305175781,65.68000030517578,950000
2016-04-25,66.12999725341797,66.66999816894531,64.69000244140625,65.11000061035156,703500
2016-04-26,65.44999694824219,66.5199966430664,65.2300033569336,65.93000030517578,654800
2016-04-27,66.13999938964844,66.93000030517578,65.5999984741211,66.16000366210938,641800
2016-04-28,65.5199966430664,66.77999877929688,65.0999984741211,65.8499984741211,625100
2016-04-29,65.79000091552734,66.4000015258789,64.69999694824219,64.87999725341797,1190200
2016-05-02,65.26000213623047,66.12999725341797,64.77999877929688,66.12000274658203,861600
2016-05-03,65.44999694824219,65.70999908447266,64.70999908447266,65.37999725341797,719800
2016-05-04,65.05000305175781,65.7699966430664,64.12999725341797,64.75,806000
2016-05-05,64.87999725341797,65.33999633789062,64.37000274658203,64.94999694824219,526600
2016-05-06,64.81999969482422,65.61000061035156,64.7699966430664,65.27999877929688,473100
2016-05-09,65.05000305175781,66.11000061035156,65.04000091552734,65.5999984741211,610300
2016-05-10,65.76000213623047,66.80999755859375,65.73999786376953,66.75,719500
2016-05-11,66.68000030517578,67.05000305175781,66.05999755859375,66.16000366210938,456300
2016-05-12,66.62999725341797,67.18000030517578,65.9000015258789,66.33000183105469,504800
2016-05-13,65.95999908447266,66.37999725341797,65.05999755859375,65.31999969482422,391300
2016-05-16,65.31999969482422,66.73999786376953,65.18000030517578,66.44999694824219,602900
2016-05-17,65.97000122070312,65.97000122070312,64.2300033569336,65.08000183105469,1443300
2016-05-18,64.83000183105469,65.48999786376953,64.19999694824219,64.38999938964844,1235500
2016-05-19,64.0,64.87000274658203,63.119998931884766,64.12999725341797,748300
2016-05-20,64.44999694824219,65.20999908447266,63.900001525878906,65.12999725341797,813100
2016-05-23,65.26000213623047,66.12000274658203,64.93000030517578,65.3499984741211,675100
2016-05-24,65.76000213623047,66.2300033569336,65.4800033569336,65.80999755859375,583800
2016-05-25,66.30999755859375,67.86000061035156,66.08999633789062,67.61000061035156,717000
2016-05-26,67.68000030517578,67.98999786376953,67.11000061035156,67.54000091552734,688000
2016-05-27,67.4000015258789,68.41000366210938,67.4000015258789,68.33000183105469,616100
2016-05-31,68.37000274658203,68.98999786376953,67.80000305175781,68.2300033569336,1098700
2016-06-01,67.7699966430664,68.95999908447266,67.3499984741211,68.95999908447266,640600
2016-06-02,68.8499984741211,69.63999938964844,68.48999786376953,69.4800033569336,1000100
2016-06-03,69.55000305175781,69.68000030517578,68.69000244140625,69.26000213623047,1328100
2016-06-06,69.48999786376953,69.94999694824219,69.08999633789062,69.75,959700
2016-06-07,70.0,71.30000305175781,69.7699966430664,71.08000183105469,1234700
2016-06-08,71.22000122070312,71.30999755859375,70.66000366210938,70.80999755859375,1063800
2016-06-09,70.4800033569336,70.61000061035156,69.55000305175781,69.63999938964844,870100
2016-06-10,69.06999969482422,69.16000366210938,68.36000061035156,69.11000061035156,1443400
2016-06-13,68.37999725341797,68.55000305175781,65.91999816894531,66.0199966430664,1537800
2016-06-14,65.9000015258789,65.98999786376953,64.83000183105469,65.69000244140625,1050400
2016-06-15,66.0999984741211,66.1500015258789,65.25,65.41999816894531,1472200
2016-06-16,65.08999633789062,65.58999633789062,64.66000366210938,65.55000305175781,771100
2016-06-17,65.44000244140625,65.83000183105469,64.88999938964844,65.75,1307000
2016-06-20,66.5199966430664,67.9000015258789,66.5199966430664,67.56999969482422,1045300
2016-06-21,67.73999786376953,68.02999877929688,67.36000061035156,67.75,1307800
2016-06-22,67.87000274658203,68.94000244140625,67.68000030517578,68.22000122070312,1468500
2016-06-23,68.61000061035156,69.22000122070312,68.56999969482422,69.05000305175781,1138800
2016-06-24,66.26000213623047,67.62999725341797,65.73999786376953,66.02999877929688,1025900
2016-06-27,65.30000305175781,65.61000061035156,62.540000915527344,62.88999938964844,1224900
2016-06-28,63.380001068115234,64.04000091552734,62.40999984741211,63.66999816894531,2194100
2016-06-29,64.5999984741211,66.01000213623047,64.41999816894531,65.86000061035156,1083800
2016-06-30,66.08999633789062,66.93000030517578,65.69000244140625,66.93000030517578,1162800
2016-07-01,66.55999755859375,67.16000366210938,66.33999633789062,67.12999725341797,849900
2016-07-05,66.80000305175781,67.02999877929688,65.25,65.44000244140625,970800
2016-07-06,65.44000244140625,68.4800033569336,65.12000274658203,68.4800033569336,1649000
2016-07-07,68.7300033569336,69.9800033569336,68.4000015258789,68.70999908447266,829300
2016-07-08,69.25,70.19999694824219,68.94999694824219,70.13999938964844,584300
2016-07-11,70.43000030517578,70.83000183105469,69.5999984741211,69.73999786376953,694700
2016-07-12,70.30000305175781,71.08999633789062,70.0199966430664,70.63999938964844,831500
2016-07-13,71.1500015258789,71.1500015258789,70.30000305175781,70.9800033569336,486400
2016-07-14,71.61000061035156,72.0,71.36000061035156,71.83000183105469,818500
2016-07-15,72.33000183105469,75.08000183105469,72.33000183105469,74.02999877929688,1376700
2016-07-18,73.41000366210938,73.75,72.6500015258789,73.66999816894531,824500
2016-07-19,73.5199966430664,73.79000091552734,72.80000305175781,73.16999816894531,718700
2016-07-20,73.41000366210938,74.25,73.0999984741211,73.77999877929688,840700
2016-07-21,75.25,76.0,73.75,73.80999755859375,1713100
2016-07-22,73.81999969482422,74.52999877929688,73.41000366210938,74.33999633789062,752600
2016-07-25,74.37999725341797,74.58999633789062,73.5999984741211,74.02999877929688,439900
2016-07-26,74.26000213623047,75.5,73.98999786376953,75.30000305175781,996200
2016-07-27,75.5,75.8499984741211,74.4800033569336,75.08000183105469,626000
2016-07-28,75.11000061035156,75.45999908447266,74.2300033569336,74.91999816894531,523900
2016-07-29,74.66999816894531,75.0,74.08000183105469,74.69000244140625,712200
2016-08-01,74.76000213623047,74.9800033569336,73.69999694824219,74.43000030517578,799000
2016-08-02,74.43000030517578,74.43000030517578,73.44000244140625,73.81999969482422,675500
2016-08-03,73.68000030517578,74.45999908447266,73.33999633789062,74.04000091552734,538700
2016-08-04,74.31999969482422,75.44000244140625,74.20999908447266,74.25,716200
2016-08-05,74.83999633789062,75.58999633789062,74.56999969482422,74.62999725341797,535100
2016-08-08,74.4800033569336,75.12999725341797,74.11000061035156,74.62000274658203,707000
2016-08-09,74.80999755859375,75.6500015258789,74.80000305175781,75.5,647700
2016-08-10,75.69000244140625,77.29000091552734,75.54000091552734,76.33000183105469,832200
2016-08-11,76.75,77.4000015258789,76.22000122070312,76.95999908447266,608300
2016-08-12,76.87999725341797,76.98999786376953,76.0199966430664,76.16000366210938,791300
2016-08-15,76.2699966430664,76.88999938964844,75.94000244140625,75.97000122070312,768500
2016-08-16,76.2699966430664,77.4000015258789,76.19999694824219,76.86000061035156,741200
2016-08-17,77.08999633789062,77.4000015258789,76.5999984741211,77.2699966430664,482400
2016-08-18,77.31999969482422,77.69999694824219,76.8499984741211,77.63999938964844,637700
2016-08-19,77.12999725341797,77.97000122070312,76.61000061035156,77.79000091552734,554100
2016-08-22,76.94000244140625,77.19000244140625,74.94999694824219,76.51000213623047,960500
2016-08-23,77.0,77.7300033569336,76.79000091552734,77.08999633789062,456700
2016-08-24,77.08999633789062,77.4800033569336,75.87999725341797,76.01000213623047,571300
2016-08-25,76.0199966430664,79.16000366210938,75.69999694824219,78.69000244140625,1832000
2016-08-26,78.77999877929688,80.25,77.7300033569336,79.36000061035156,1464800
2016-08-29,79.4000015258789,79.91999816894531,78.77999877929688,78.91000366210938,655700
2016-08-30,79.0,79.6500015258789,78.33999633789062,79.41999816894531,631300
2016-08-31,79.41999816894531,79.43000030517578,77.7699966430664,78.62999725341797,931200
2016-09-01,78.77999877929688,79.41999816894531,78.3499984741211,78.94000244140625,923400
2016-09-02,79.54000091552734,79.80000305175781,78.93000030517578,79.66999816894531,749700
2016-09-06,80.23999786376953,80.79000091552734,79.98999786376953,80.55000305175781,727000
2016-09-07,80.44999694824219,81.31999969482422,79.97000122070312,81.30999755859375,779500
2016-09-08,80.75,81.77999877929688,80.47000122070312,80.86000061035156,725500
2016-09-09,80.29000091552734,80.33999633789062,78.87000274658203,78.91000366210938,883200
2016-09-12,78.61000061035156,80.83000183105469,78.26000213623047,80.41999816894531,731800
2016-09-13,79.58000183105469,80.58999633789062,78.2699966430664,79.16000366210938,937100
2016-09-14,79.12000274658203,79.63999938964844,78.06999969482422,78.62999725341797,473700
2016-09-15,78.86000061035156,80.36000061035156,78.86000061035156,80.02999877929688,601600
2016-09-16,79.83999633789062,82.05999755859375,79.73999786376953,80.05999755859375,1319000
2016-09-19,80.80999755859375,81.54000091552734,80.2699966430664,80.4000015258789,543000
2016-09-20,80.77999877929688,81.0999984741211,79.6500015258789,79.7699966430664,377300
2016-09-21,80.18000030517578,81.79000091552734,80.08999633789062,81.66000366210938,569600
2016-09-22,80.80999755859375,81.4000015258789,80.0,80.63999938964844,947500
2016-09-23,82.44000244140625,82.7699966430664,81.33999633789062,82.29000091552734,931000
2016-09-26,81.66000366210938,82.4000015258789,81.62000274658203,81.9800033569336,1001800
2016-09-27,81.9000015258789,82.0,80.11000061035156,80.76000213623047,1142700
2016-09-28,81.30000305175781,81.79000091552734,80.30999755859375,81.66000366210938,609200
2016-09-29,81.30999755859375,81.54000091552734,79.30000305175781,79.72000122070312,833100
2016-09-30,80.25,81.68000030517578,79.98999786376953,81.26000213623047,755100
2016-10-03,81.38999938964844,81.73999786376953,80.91999816894531,81.08999633789062,654800
2016-10-04,81.29000091552734,81.7699966430664,80.25,80.83000183105469,727300
2016-10-05,81.3499984741211,81.68000030517578,78.19999694824219,79.29000091552734,1230200
2016-10-06,79.19000244140625,81.66000366210938,79.19000244140625,81.0199966430664,901500
2016-10-07,80.83000183105469,81.0999984741211,79.81999969482422,80.62000274658203,851400
2016-10-10,81.02999877929688,81.69999694824219,80.52999877929688,81.44999694824219,636700
2016-10-11,81.12000274658203,81.2300033569336,79.91999816894531,80.61000061035156,631000
2016-10-12,81.08999633789062,82.87999725341797,81.0,82.27999877929688,791500
2016-10-13,81.52999877929688,81.73999786376953,80.04000091552734,81.3499984741211,675600
2016-10-14,81.77999877929688,83.12999725341797,81.77999877929688,82.5999984741211,797500
2016-10-17,83.5,84.69000244140625,82.94000244140625,83.33000183105469,993200
2016-10-18,84.72000122070312,85.4000015258789,83.69999694824219,83.7699966430664,1547200
2016-10-19,84.36000061035156,85.55000305175781,83.41999816894531,85.54000091552734,1140700
2016-10-20,84.48999786376953,85.0,80.62000274658203,81.12999725341797,1624500
2016-10-21,80.55000305175781,82.11000061035156,79.91999816894531,81.54000091552734,903100
2016-10-24,82.73999786376953,84.4000015258789,82.43000030517578,82.63999938964844,1422500
2016-10-25,82.27999877929688,82.31999969482422,80.47000122070312,80.87999725341797,1123300
2016-10-26,80.48999786376953,81.70999908447266,80.11000061035156,81.05000305175781,593900
2016-10-27,80.80000305175781,80.9800033569336,80.01000213623047,80.97000122070312,918100
2016-10-28,80.94999694824219,82.58999633789062,80.94999694824219,81.51000213623047,698700
2016-10-31,81.69000244140625,82.63999938964844,81.66999816894531,82.5,918000
2016-11-01,82.62999725341797,82.95999908447266,79.94000244140625,80.33000183105469,799500
2016-11-02,80.08000183105469,80.88999938964844,79.69999694824219,79.7300033569336,632100
2016-11-03,79.5,79.69000244140625,78.58000183105469,78.66999816894531,913500
2016-11-04,78.58000183105469,79.93000030517578,78.02999877929688,79.06999969482422,885500
2016-11-07,79.9800033569336,80.3499984741211,78.41999816894531,79.33999633789062,1010400
2016-11-08,78.86000061035156,80.4800033569336,78.86000061035156,80.13999938964844,688500
2016-11-09,79.33999633789062,82.7699966430664,79.23999786376953,82.2699966430664,886800
2016-11-10,82.88999938964844,83.94000244140625,82.08000183105469,82.12000274658203,699900
2016-11-11,82.0,82.69000244140625,81.55000305175781,82.5999984741211,744400
2016-11-14,83.13999938964844,86.16000366210938,83.13999938964844,85.97000122070312,1378500
2016-11-15,85.44999694824219,86.12000274658203,84.23999786376953,85.91999816894531,761900
2016-11-16,86.25,87.37999725341797,85.66000366210938,85.72000122070312,678400
2016-11-17,86.20999908447266,87.6500015258789,85.30000305175781,86.77999877929688,848200
2016-11-18,86.7699966430664,87.75,86.36000061035156,87.51000213623047,636500
2016-11-21,86.81999969482422,87.0,85.80000305175781,86.29000091552734,883400
2016-11-22,86.44999694824219,86.5,84.1500015258789,84.66999816894531,1374600
2016-11-23,84.63999938964844,85.61000061035156,84.5199966430664,84.72000122070312,797500
2016-11-25,84.88999938964844,85.5,84.8499984741211,85.43000030517578,411800
2016-11-28,85.05000305175781,85.6500015258789,84.87000274658203,85.4000015258789,891200
2016-11-29,85.11000061035156,86.19999694824219,84.8499984741211,85.63999938964844,772500
2016-11-30,85.83000183105469,85.88999938964844,84.72000122070312,84.76000213623047,768700
2016-12-01,84.94000244140625,85.55000305175781,84.69999694824219,85.19000244140625,856400
2016-12-02,85.2699966430664,87.12000274658203,85.0199966430664,87.06999969482422,980700
2016-12-05,87.81999969482422,88.29000091552734,86.98999786376953,87.1500015258789,915600
2016-12-06,87.55000305175781,87.63999938964844,86.0199966430664,86.94000244140625,688400
2016-12-07,87.18000030517578,88.41000366210938,86.91000366210938,87.29000091552734,1183000
2016-12-08,87.45999908447266,88.0199966430664,87.08000183105469,87.33000183105469,956900
2016-12-09,87.3499984741211,88.02999877929688,86.93000030517578,87.37999725341797,712000
2016-12-12,87.68000030517578,88.12999725341797,86.0,86.4800033569336,874100
2016-12-13,86.30999755859375,87.05999755859375,85.63999938964844,86.58999633789062,588200
2016-12-14,86.80999755859375,87.48999786376953,85.83000183105469,86.16000366210938,769900
2016-12-15,86.23999786376953,87.44999694824219,86.0199966430664,86.52999877929688,1426200
2016-12-16,86.58999633789062,87.25,86.30000305175781,86.45999908447266,1655900
2016-12-19,86.2699966430664,87.0,86.18000030517578,86.75,982900
2016-12-20,87.0,87.0,86.11000061035156,86.72000122070312,582900
2016-12-21,86.2300033569336,87.01000213623047,85.98999786376953,86.51000213623047,802100
2016-12-22,86.52999877929688,86.8499984741211,85.43000030517578,85.9800033569336,377200
2016-12-23,85.95999908447266,86.62000274658203,85.7699966430664,86.4800033569336,281600
2016-12-27,86.77999877929688,87.01000213623047,86.44999694824219,86.66000366210938,578900
2016-12-28,87.12000274658203,87.22000122070312,84.9800033569336,85.19000244140625,394700
2016-12-29,85.1500015258789,85.58999633789062,84.61000061035156,85.05999755859375,550100
2016-12-30,85.48999786376953,85.56999969482422,84.27999877929688,84.81999969482422,372600
2017-01-03,85.16000366210938,85.9000015258789,84.01000213623047,85.0,1052900
2017-01-04,85.44000244140625,86.44000244140625,85.05000305175781,86.37000274658203,925800
2017-01-05,86.37000274658203,87.04000091552734,84.68000030517578,85.33000183105469,605200
2017-01-06,85.37000274658203,87.44999694824219,85.1500015258789,87.19999694824219,773500
2017-01-09,86.9000015258789,88.47000122070312,86.33999633789062,87.7699966430664,1083900
2017-01-10,87.69999694824219,88.58000183105469,87.36000061035156,87.9800033569336,861700
2017-01-11,88.05999755859375,89.27999877929688,87.87999725341797,88.5199966430664,566200
2017-01-12,88.0999984741211,88.80000305175781,85.98999786376953,86.87999725341797,654400
2017-01-13,86.95999908447266,88.0199966430664,86.61000061035156,87.22000122070312,438800
2017-01-17,86.81999969482422,86.81999969482422,85.4000015258789,85.66999816894531,661900
2017-01-18,85.83000183105469,86.91999816894531,85.37000274658203,86.66000366210938,561800
2017-01-19,86.69999694824219,87.62000274658203,85.36000061035156,85.76000213623047,410200
2017-01-20,86.16999816894531,86.97000122070312,85.76000213623047,86.05000305175781,739100
2017-01-23,86.44000244140625,88.45999908447266,86.41000366210938,88.33000183105469,669000
2017-01-24,88.94000244140625,92.2699966430664,88.81999969482422,92.08000183105469,1358500
2017-01-25,95.5,95.5,93.01000213623047,94.69999694824219,1152500
2017-01-26,94.62999725341797,94.94000244140625,93.2699966430664,94.0199966430664,878600
2017-01-27,94.30000305175781,94.69000244140625,93.33000183105469,93.58000183105469,713000
2017-01-30,93.5,93.5,91.4800033569336,91.81999969482422,1286400
2017-01-31,94.83000183105469,96.87000274658203,90.93000030517578,92.18000030517578,2027700
2017-02-01,91.97000122070312,93.62000274658203,91.05000305175781,93.0999984741211,1190300
2017-02-02,92.87000274658203,93.44999694824219,91.06999969482422,93.37000274658203,958500
2017-02-03,94.25,94.94999694824219,93.70999908447266,94.22000122070312,723400
2017-02-06,92.5999984741211,94.43000030517578,89.83000183105469,94.19999694824219,1201800
2017-02-07,94.13999938964844,96.54000091552734,93.8499984741211,95.08000183105469,1119500
2017-02-08,95.08999633789062,95.37000274658203,90.94999694824219,94.18000030517578,3162100
2017-02-09,94.18000030517578,94.18000030517578,91.4000015258789,93.75,1159900
2017-02-10,93.83999633789062,94.5,92.76000213623047,94.08999633789062,588900
2017-02-13,94.43000030517578,96.04000091552734,93.69999694824219,94.87000274658203,1000500
2017-02-14,94.41999816894531,95.38999938964844,94.2699966430664,95.13999938964844,426200
2017-02-15,95.43000030517578,96.12999725341797,95.26000213623047,95.45999908447266,704600
2017-02-16,95.93000030517578,96.7300033569336,95.58000183105469,96.62000274658203,778700
2017-02-17,96.04000091552734,96.58999633789062,94.43000030517578,95.26000213623047,786400
2017-02-21,95.19999694824219,96.0,94.88999938964844,95.80999755859375,722800
2017-02-22,95.38999938964844,95.63999938964844,93.6500015258789,94.0,1246100
2017-02-23,94.80000305175781,95.22000122070312,93.3499984741211,93.98999786376953,783300
2017-02-24,93.68000030517578,94.1500015258789,92.94000244140625,93.44999694824219,614800
2017-02-27,93.44999694824219,94.19000244140625,93.1500015258789,93.66000366210938,706100
2017-02-28,93.41999816894531,93.98999786376953,92.18000030517578,92.43000030517578,971600
2017-03-01,93.3499984741211,93.94999694824219,92.8499984741211,93.75,1132300
2017-03-02,93.75,93.9000015258789,93.12000274658203,93.5,866300
2017-03-03,93.83999633789062,94.16000366210938,92.95999908447266,93.73999786376953,674800
2017-03-06,93.63999938964844,93.91999816894531,91.55000305175781,92.33999633789062,741300
2017-03-07,92.5,93.0999984741211,91.66000366210938,92.44999694824219,1178900
2017-03-08,92.83000183105469,93.61000061035156,92.6500015258789,92.97000122070312,796100
2017-03-09,92.97000122070312,93.36000061035156,92.23999786376953,92.77999877929688,673200
2017-03-10,93.33999633789062,94.12999725341797,92.0199966430664,92.18000030517578,770200
2017-03-13,92.33000183105469,92.33000183105469,91.56999969482422,92.0199966430664,737300
2017-03-14,91.7300033569336,92.47000122070312,91.33000183105469,91.8499984741211,588200
2017-03-15,91.91999816894531,93.44000244140625,91.87000274658203,92.9000015258789,827400
2017-03-16,93.36000061035156,93.38999938964844,92.12999725341797,92.41000366210938,686200
2017-03-17,92.4800033569336,92.9000015258789,92.12999725341797,92.36000061035156,2332400
2017-03-20,92.7300033569336,94.55999755859375,92.05999755859375,94.41000366210938,755100
2017-03-21,94.55999755859375,95.0,90.97000122070312,91.54000091552734,686600
2017-03-22,91.66000366210938,92.20999908447266,91.0,92.12000274658203,1077400
2017-03-23,92.12000274658203,93.25,91.6500015258789,92.44000244140625,431200
2017-03-24,91.79000091552734,92.11000061035156,89.83000183105469,90.41000366210938,754400
2017-03-27,89.33000183105469,89.5999984741211,88.47000122070312,89.20999908447266,1121800
2017-03-28,88.91000366210938,91.41999816894531,88.80000305175781,90.80999755859375,848500
2017-03-29,90.5,90.91000366210938,89.83000183105469,90.05000305175781,611500
2017-03-30,90.12000274658203,91.30000305175781,90.12000274658203,91.11000061035156,555500
2017-03-31,90.9000015258789,92.26000213623047,90.58000183105469,91.62000274658203,739600
2017-04-03,91.69999694824219,92.08999633789062,90.13999938964844,90.79000091552734,608900
2017-04-04,90.43000030517578,91.58000183105469,90.30000305175781,91.16000366210938,808200
2017-04-05,91.4000015258789,92.16999816894531,90.76000213623047,90.81999969482422,467300
2017-04-06,90.7699966430664,92.25,90.5199966430664,91.7699966430664,487000
2017-04-07,91.44999694824219,91.97000122070312,90.76000213623047,91.04000091552734,774300
2017-04-10,91.33000183105469,91.62999725341797,90.44000244140625,91.0,662400
2017-04-11,90.97000122070312,91.22000122070312,90.5199966430664,91.01000213623047,584100
2017-04-12,91.05999755859375,91.22000122070312,89.7300033569336,90.18000030517578,588900
2017-04-13,90.16000366210938,90.5,89.73999786376953,90.0199966430664,714400
2017-04-17,90.58999633789062,91.37000274658203,90.27999877929688,91.30999755859375,562500
2017-04-18,91.88999938964844,93.63999938964844,91.72000122070312,92.4800033569336,705900
2017-04-19,93.19000244140625,94.20999908447266,92.58999633789062,93.61000061035156,731300
2017-04-20,93.8499984741211,94.79000091552734,93.75,93.83999633789062,658900
2017-04-21,94.01000213623047,94.16000366210938,93.31999969482422,93.7300033569336,514500
2017-04-24,95.0,95.25,93.9000015258789,94.08000183105469,760900
2017-04-25,94.91999816894531,95.5,94.05000305175781,94.36000061035156,552400
2017-04-26,94.6500015258789,95.5199966430664,93.73999786376953,94.54000091552734,617200
2017-04-27,99.25,101.01000213623047,97.79000091552734,100.23999786376953,1296500
2017-04-28,100.25,100.27999877929688,98.5,98.77999877929688,1053900
2017-05-01,98.95999908447266,99.38999938964844,98.22000122070312,98.62999725341797,645800
2017-05-02,98.66999816894531,99.2300033569336,98.48999786376953,98.77999877929688,437600
2017-05-03,98.5999984741211,98.93000030517578,98.30999755859375,98.91000366210938,818700
2017-05-04,98.97000122070312,100.91999816894531,98.88999938964844,100.5199966430664,824000
2017-05-05,100.95999908447266,102.5,100.51000213623047,102.19999694824219,946500
2017-05-08,102.0999984741211,102.41999816894531,100.7699966430664,101.30999755859375,622800
2017-05-09,101.31999969482422,101.62000274658203,100.52999877929688,100.5999984741211,464200
2017-05-10,100.48999786376953,102.83000183105469,100.45999908447266,102.69000244140625,605600
2017-05-11,102.48999786376953,102.72000122070312,101.91999816894531,102.48999786376953,586000
2017-05-12,101.94000244140625,102.37999725341797,101.62000274658203,102.31999969482422,431400
2017-05-15,102.30999755859375,103.16000366210938,102.1500015258789,102.87999725341797,532600
2017-05-16,103.11000061035156,103.16999816894531,101.75,102.88999938964844,500800
2017-05-17,102.88999938964844,102.88999938964844,100.5,100.55000305175781,501300
2017-05-18,99.98999786376953,100.04000091552734,98.0999984741211,99.22000122070312,797100
2017-05-19,99.22000122070312,99.9000015258789,99.0,99.3499984741211,855400
2017-05-22,99.5999984741211,100.37000274658203,99.2300033569336,99.91000366210938,674600
2017-05-23,100.08999633789062,100.29000091552734,99.25,100.0,605600
2017-05-24,100.19000244140625,101.69999694824219,100.1500015258789,101.62000274658203,555000
2017-05-25,101.6500015258789,102.73999786376953,101.51000213623047,101.97000122070312,391500
2017-05-26,101.9800033569336,102.41999816894531,101.41000366210938,102.18000030517578,331700
2017-05-30,102.0199966430664,102.8499984741211,101.55000305175781,102.31999969482422,373900
2017-05-31,102.66999816894531,102.77999877929688,101.55999755859375,102.16000366210938,773400
2017-06-01,102.25,104.05999755859375,102.11000061035156,104.0,355400
2017-06-02,103.95999908447266,104.87999725341797,103.66000366210938,104.19999694824219,359100
2017-06-05,104.19999694824219,104.80000305175781,103.95999908447266,104.08999633789062,568600
2017-06-06,104.06999969482422,104.63999938964844,102.88999938964844,103.37000274658203,526300
2017-06-07,103.47000122070312,104.47000122070312,103.31999969482422,103.75,625300
2017-06-08,103.58999633789062,104.18000030517578,102.97000122070312,103.7699966430664,418200
2017-06-09,104.38999938964844,105.7699966430664,104.02999877929688,104.94999694824219,598900
2017-06-12,104.94999694824219,105.66000366210938,104.66000366210938,105.19999694824219,780700
2017-06-13,104.66999816894531,105.80999755859375,104.4000015258789,105.76000213623047,441600
2017-06-14,106.58000183105469,106.58000183105469,104.52999877929688,104.94999694824219,503800
2017-06-15,104.7300033569336,106.33000183105469,104.29000091552734,105.37000274658203,515500
2017-06-16,105.55999755859375,107.69000244140625,105.44000244140625,107.56999969482422,1008000
2017-06-19,108.55999755859375,108.9000015258789,107.58000183105469,108.30000305175781,574700
2017-06-20,108.18000030517578,108.41999816894531,107.37000274658203,107.9000015258789,492500
2017-06-21,107.97000122070312,108.22000122070312,107.1500015258789,107.70999908447266,438100
2017-06-22,107.91999816894531,108.08999633789062,107.05000305175781,107.7300033569336,483600
2017-06-23,107.87000274658203,109.55000305175781,107.30999755859375,109.43000030517578,1192300
2017-06-26,110.0,111.41000366210938,109.56999969482422,111.08000183105469,982300
2017-06-27,110.98999786376953,111.33999633789062,110.45999908447266,110.61000061035156,1145400
2017-06-28,111.2300033569336,113.5199966430664,111.02999877929688,112.7699966430664,948500
2017-06-29,112.97000122070312,112.97000122070312,110.8499984741211,111.55000305175781,1109100
2017-06-30,112.13999938964844,112.23999786376953,110.77999877929688,111.38999938964844,843200
2017-07-03,111.70999908447266,113.05999755859375,111.36000061035156,112.11000061035156,271100
2017-07-05,112.23999786376953,112.91999816894531,111.30000305175781,111.88999938964844,548200
2017-07-06,111.41999816894531,111.91999816894531,110.61000061035156,110.83999633789062,498100
2017-07-07,110.98999786376953,111.47000122070312,110.72000122070312,110.91999816894531,696500
2017-07-10,110.29000091552734,113.43000030517578,110.01000213623047,112.45999908447266,974500
2017-07-11,112.70999908447266,112.70999908447266,110.7699966430664,111.29000091552734,671100
2017-07-12,112.08000183105469,112.76000213623047,111.06999969482422,111.83999633789062,552300
2017-07-13,112.51000213623047,114.30999755859375,112.4800033569336,113.30999755859375,833300
2017-07-14,113.45999908447266,113.58000183105469,112.9800033569336,113.11000061035156,377200
2017-07-17,112.70999908447266,113.25,111.94000244140625,112.83999633789062,518400
2017-07-18,112.20999908447266,112.47000122070312,111.04000091552734,111.51000213623047,809600
2017-07-19,112.04000091552734,112.5199966430664,111.7699966430664,112.27999877929688,756900
2017-07-20,111.95999908447266,111.95999908447266,109.52999877929688,110.45999908447266,1590300
2017-07-21,110.20999908447266,110.56999969482422,108.75,109.45999908447266,1162200
2017-07-24,110.55000305175781,110.77999877929688,108.91999816894531,108.98999786376953,1476400
2017-07-25,109.66000366210938,109.70999908447266,108.25,108.58000183105469,22606500
2017-07-26,108.75,109.63999938964844,107.51000213623047,108.80000305175781,2137100
2017-07-27,107.76000213623047,112.33000183105469,105.80999755859375,110.55000305175781,1473000
2017-07-28,110.62000274658203,111.48999786376953,109.02999877929688,109.7699966430664,2008300
2017-07-31,110.30000305175781,110.69999694824219,109.0999984741211,109.4800033569336,1150100
2017-08-01,109.70999908447266,110.43000030517578,108.83999633789062,110.05000305175781,1017600
2017-08-02,109.63999938964844,110.54000091552734,108.80000305175781,110.2300033569336,735300
2017-08-03,110.11000061035156,111.3499984741211,109.63999938964844,110.08000183105469,702800
2017-08-04,110.44999694824219,110.77999877929688,108.80000305175781,109.08000183105469,941100
2017-08-07,109.36000061035156,110.12000274658203,108.91000366210938,109.41999816894531,766100
2017-08-08,109.83999633789062,110.45999908447266,109.2699966430664,109.62000274658203,995700
2017-08-09,109.61000061035156,110.1500015258789,108.91999816894531,109.16999816894531,750900
2017-08-10,109.4800033569336,109.80999755859375,107.16000366210938,107.33000183105469,732900
2017-08-11,107.1500015258789,108.04000091552734,106.9000015258789,107.5199966430664,1532300
2017-08-14,108.37000274658203,109.88999938964844,108.08000183105469,109.12999725341797,737700
2017-08-15,109.25,110.20999908447266,108.7300033569336,109.29000091552734,804100
2017-08-16,109.98999786376953,111.62999725341797,109.98999786376953,111.44000244140625,708300
2017-08-17,111.0999984741211,111.5,110.33000183105469,110.56999969482422,702700
2017-08-18,110.2699966430664,110.97000122070312,109.72000122070312,109.98999786376953,731900
2017-08-21,109.77999877929688,109.77999877929688,106.48999786376953,106.51000213623047,999800
2017-08-22,106.58999633789062,108.91000366210938,106.58999633789062,108.79000091552734,842000
2017-08-23,108.33999633789062,109.88999938964844,108.11000061035156,109.16000366210938,610200
2017-08-24,109.44999694824219,110.4000015258789,109.13999938964844,110.12000274658203,614300
2017-08-25,110.55000305175781,110.98999786376953,109.87000274658203,110.36000061035156,524500
2017-08-28,110.45999908447266,110.72000122070312,108.91999816894531,109.05999755859375,560200
2017-08-29,108.58999633789062,108.81999969482422,108.0,108.5,646900
2017-08-30,108.54000091552734,111.16999816894531,108.54000091552734,111.13999938964844,709300
2017-08-31,111.33999633789062,112.7699966430664,111.18000030517578,112.41000366210938,829000
2017-09-01,112.70999908447266,113.62999725341797,112.70999908447266,113.44999694824219,434500
2017-09-05,113.41999816894531,113.69000244140625,111.45999908447266,111.88999938964844,678000
2017-09-06,112.08999633789062,112.69000244140625,110.69999694824219,111.62999725341797,527800
2017-09-07,111.73999786376953,112.86000061035156,111.13999938964844,112.27999877929688,605000
2017-09-08,112.41000366210938,114.44000244140625,112.2300033569336,113.79000091552734,724800
2017-09-11,114.43000030517578,117.45999908447266,113.80999755859375,116.80000305175781,1484500
2017-09-12,117.9000015258789,118.97000122070312,117.08999633789062,118.2699966430664,1182500
2017-09-13,117.66000366210938,117.95999908447266,115.68000030517578,116.5999984741211,1225900
2017-09-14,115.54000091552734,116.04000091552734,114.8499984741211,115.80000305175781,861000
2017-09-15,115.55999755859375,116.08000183105469,114.5,115.87999725341797,2177700
2017-09-18,116.20999908447266,117.19000244140625,115.91000366210938,116.22000122070312,1092800
2017-09-19,116.22000122070312,117.55000305175781,115.33000183105469,117.26000213623047,1061900
2017-09-20,117.26000213623047,119.43000030517578,117.25,119.27999877929688,877100
2017-09-21,119.19000244140625,119.30999755859375,118.5199966430664,118.80000305175781,461900
2017-09-22,118.5,118.79000091552734,115.20999908447266,116.20999908447266,1080000
2017-09-25,115.77999877929688,116.0999984741211,112.19999694824219,113.9000015258789,977800
2017-09-26,114.06999969482422,115.12000274658203,113.9000015258789,114.31999969482422,663500
2017-09-27,114.87000274658203,115.87000274658203,114.23999786376953,115.29000091552734,696800
2017-09-28,115.05999755859375,116.19000244140625,114.58000183105469,115.61000061035156,874100
2017-09-29,115.08999633789062,115.13999938964844,113.88999938964844,114.68000030517578,829800
2017-10-02,114.44999694824219,117.05999755859375,114.44999694824219,116.8499984741211,681300
2017-10-03,117.2699966430664,117.87999725341797,116.45999908447266,117.2699966430664,544700
2017-10-04,117.30000305175781,117.95999908447266,116.80999755859375,117.33000183105469,655700
2017-10-05,117.37999725341797,117.38999938964844,116.30999755859375,117.05999755859375,771900
2017-10-06,116.75,117.81999969482422,116.33000183105469,116.5,527800
2017-10-09,116.80000305175781,117.11000061035156,116.01000213623047,116.72000122070312,383800
2017-10-10,116.87999725341797,117.6500015258789,116.55000305175781,117.47000122070312,366200
2017-10-11,117.58000183105469,117.77999877929688,116.30000305175781,116.69999694824219,589500
2017-10-12,116.91999816894531,116.91999816894531,115.38999938964844,115.5,809300
2017-10-13,115.29000091552734,116.06999969482422,115.12999725341797,115.69000244140625,771600
2017-10-16,115.97000122070312,117.05000305175781,115.5999984741211,117.0,695000
2017-10-17,117.06999969482422,117.61000061035156,116.5199966430664,116.75,711600
2017-10-18,116.91000366210938,117.23999786376953,116.08000183105469,116.41999816894531,793500
2017-10-19,116.1500015258789,116.73999786376953,115.69000244140625,116.5999984741211,386300
2017-10-20,117.26000213623047,118.37999725341797,116.9800033569336,118.36000061035156,596200
2017-10-23,118.83999633789062,118.98999786376953,118.08999633789062,118.13999938964844,547300
2017-10-24,119.4000015258789,119.56999969482422,117.86000061035156,118.62999725341797,758000
2017-10-25,118.94000244140625,119.27999877929688,116.9000015258789,118.16000366210938,678100
2017-10-26,117.0,120.75,116.51000213623047,118.58000183105469,912800
2017-10-27,117.80000305175781,118.0199966430664,111.6500015258789,116.93000030517578,1456700
2017-10-30,116.19999694824219,116.94999694824219,115.33000183105469,115.56999969482422,708100
2017-10-31,115.9000015258789,116.87999725341797,115.11000061035156,116.2699966430664,476600
2017-11-01,117.11000061035156,117.55000305175781,116.05999755859375,116.56999969482422,881700
2017-11-02,116.08999633789062,117.19999694824219,115.58999633789062,116.20999908447266,706300
2017-11-03,116.0999984741211,116.83999633789062,115.61000061035156,115.73999786376953,513000
2017-11-06,115.69999694824219,115.70999908447266,110.62999725341797,110.95999908447266,1735700
2017-11-07,110.77999877929688,111.94999694824219,109.86000061035156,111.3499984741211,783600
2017-11-08,111.0,111.58000183105469,110.52999877929688,111.41000366210938,883400
2017-11-09,110.61000061035156,111.0999984741211,108.48999786376953,109.2300033569336,1183200
2017-11-10,109.41000366210938,110.62000274658203,109.29000091552734,110.2699966430664,913600
2017-11-13,110.19000244140625,112.7300033569336,109.66999816894531,112.36000061035156,1086500
2017-11-14,111.91000366210938,113.44000244140625,111.66000366210938,112.70999908447266,456800
2017-11-15,112.05000305175781,113.08999633789062,111.45999908447266,111.8499984741211,667100
2017-11-16,111.58000183105469,112.5999984741211,111.47000122070312,111.87000274658203,632400
2017-11-17,111.41999816894531,112.86000061035156,111.11000061035156,112.47000122070312,447200
2017-11-20,112.01000213623047,113.01000213623047,111.54000091552734,111.7699966430664,666200
2017-11-21,112.43000030517578,113.12999725341797,111.9800033569336,112.04000091552734,612300
2017-11-22,112.20999908447266,112.55999755859375,111.56999969482422,112.06999969482422,468800
2017-11-24,112.4800033569336,112.81999969482422,111.47000122070312,111.47000122070312,178000
2017-11-27,111.5,112.58000183105469,111.05000305175781,111.41999816894531,546000
2017-11-28,111.79000091552734,112.9800033569336,111.18000030517578,112.94999694824219,549800
2017-11-29,112.97000122070312,115.20999908447266,112.70999908447266,115.08999633789062,665000
2017-11-30,115.19999694824219,118.9800033569336,115.0999984741211,118.5999984741211,1333300
2017-12-01,118.52999877929688,118.54000091552734,114.41000366210938,117.4000015258789,932400
2017-12-04,118.41000366210938,119.94000244140625,117.8499984741211,118.91000366210938,885500
2017-12-05,118.44000244140625,118.80999755859375,117.37999725341797,117.76000213623047,670000
2017-12-06,117.9000015258789,118.47000122070312,117.16000366210938,117.33999633789062,520900
2017-12-07,117.1500015258789,118.52999877929688,116.81999969482422,117.95999908447266,634800
2017-12-08,118.2300033569336,119.05999755859375,117.76000213623047,118.33999633789062,592500
2017-12-11,118.12999725341797,118.69999694824219,116.30000305175781,118.12999725341797,773900
2017-12-12,117.98999786376953,117.98999786376953,116.81999969482422,116.95999908447266,582700
2017-12-13,116.70999908447266,117.7300033569336,116.70999908447266,116.9800033569336,611300
2017-12-14,117.37999725341797,117.45999908447266,114.87000274658203,114.88999938964844,930400
2017-12-15,114.86000061035156,116.2699966430664,114.18000030517578,115.2699966430664,1708200
2017-12-18,115.6500015258789,117.33000183105469,115.6500015258789,117.04000091552734,623300
2017-12-19,117.41000366210938,119.91999816894531,117.33000183105469,118.83999633789062,804400
2017-12-20,119.41999816894531,120.18000030517578,118.91999816894531,119.73999786376953,919200
2017-12-21,120.55999755859375,121.11000061035156,119.94999694824219,120.30000305175781,505400
2017-12-22,119.93000030517578,120.36000061035156,119.04000091552734,120.08999633789062,409500
2017-12-26,120.08999633789062,120.87999725341797,119.69000244140625,120.0999984741211,380800
2017-12-27,120.2300033569336,121.05999755859375,119.66000366210938,120.54000091552734,435400
2017-12-28,120.66999816894531,120.98999786376953,119.47000122070312,120.91999816894531,350400
2017-12-29,121.19999694824219,121.37999725341797,120.30999755859375,120.55000305175781,444400
2018-01-02,121.47000122070312,123.77999877929688,121.11000061035156,123.61000061035156,825400
2018-01-03,123.81999969482422,126.58000183105469,123.63999938964844,125.9800033569336,874400
2018-01-04,126.22000122070312,129.14999389648438,126.1500015258789,128.0800018310547,1065200
2018-01-05,128.6999969482422,129.10000610351562,127.7300033569336,128.47000122070312,672200
2018-01-08,129.1300048828125,130.19000244140625,128.7100067138672,129.5800018310547,593200
2018-01-09,129.77000427246094,129.9199981689453,127.62000274658203,127.9000015258789,990800
2018-01-10,127.94000244140625,128.41000366210938,127.33000183105469,128.0,484500
2018-01-11,128.38999938964844,129.27999877929688,127.36000061035156,129.24000549316406,365300
2018-01-12,129.3800048828125,129.3800048828125,127.70999908447266,128.32000732421875,535900
2018-01-16,128.7899932861328,129.0399932861328,125.29000091552734,125.87999725341797,709000
2018-01-17,126.61000061035156,127.37000274658203,125.5999984741211,126.76000213623047,565800
2018-01-18,126.5999984741211,127.2300033569336,126.02999877929688,126.11000061035156,553300
2018-01-19,126.69000244140625,127.69000244140625,126.47000122070312,127.55999755859375,741200
2018-01-22,127.80000305175781,127.87999725341797,126.43000030517578,127.25,650800
2018-01-23,126.80999755859375,127.23999786376953,125.02999877929688,126.4800033569336,672300
2018-01-24,126.98999786376953,128.02000427246094,125.5199966430664,126.19999694824219,620400
2018-01-25,126.20999908447266,127.30999755859375,125.36000061035156,125.62999725341797,806300
2018-01-26,126.2699966430664,131.1300048828125,124.69000244140625,126.93000030517578,1296000
2018-01-29,128.8000030517578,128.82000732421875,125.88999938964844,125.97000122070312,745500
2018-01-30,125.44000244140625,126.0199966430664,124.05000305175781,124.70999908447266,1058900
2018-01-31,125.08000183105469,125.94000244140625,119.27999877929688,125.62999725341797,2269200
2018-02-01,125.30000305175781,125.30000305175781,122.44999694824219,123.54000091552734,1662000
2018-02-02,123.13999938964844,123.58999633789062,121.80000305175781,123.0999984741211,1020100
2018-02-05,121.86000061035156,122.5,115.0,117.12999725341797,1208700
2018-02-06,114.44000244140625,119.2699966430664,114.44000244140625,118.95999908447266,1487000
2018-02-07,118.55000305175781,119.91000366210938,117.12999725341797,117.12999725341797,1001300
2018-02-08,116.79000091552734,116.80000305175781,111.9000015258789,111.94999694824219,1136100
2018-02-09,113.08000183105469,114.4000015258789,110.27999877929688,113.76000213623047,830000
2018-02-12,115.41000366210938,117.23999786376953,114.1500015258789,116.69000244140625,778400
2018-02-13,116.26000213623047,116.63999938964844,115.45999908447266,116.02999877929688,464800
2018-02-14,115.16999816894531,116.3499984741211,114.55999755859375,115.98999786376953,707600
2018-02-15,116.69000244140625,118.13999938964844,114.9000015258789,117.93000030517578,1080900
2018-02-16,117.63999938964844,120.01000213623047,117.27999877929688,119.37000274658203,811300
2018-02-20,118.51000213623047,119.91999816894531,118.0,118.86000061035156,715700
2018-02-21,119.30000305175781,121.63999938964844,118.9000015258789,119.22000122070312,621700
2018-02-22,119.94999694824219,120.80000305175781,118.5199966430664,118.7699966430664,508900
2018-02-23,119.6500015258789,119.75,118.19999694824219,119.36000061035156,453000
2018-02-26,120.0,121.7699966430664,119.5199966430664,121.73999786376953,842000
2018-02-27,121.58999633789062,122.18000030517578,120.22000122070312,120.22000122070312,418000
2018-02-28,120.6500015258789,121.87999725341797,119.19000244140625,119.19999694824219,670000
2018-03-01,119.51000213623047,119.97000122070312,117.37999725341797,118.58999633789062,785600
2018-03-02,117.69999694824219,118.20999908447266,115.48999786376953,117.31999969482422,674000
2018-03-05,116.62999725341797,118.19999694824219,116.37000274658203,116.93000030517578,618400
2018-03-06,117.54000091552734,120.16999816894531,117.33999633789062,119.06999969482422,834400
2018-03-07,117.7300033569336,119.22000122070312,116.87999725341797,117.98999786376953,626100
2018-03-08,118.08999633789062,118.26000213623047,116.01000213623047,116.68000030517578,659500
2018-03-09,117.55999755859375,120.30999755859375,116.88999938964844,119.86000061035156,1245400
2018-03-12,119.86000061035156,121.0999984741211,119.44999694824219,120.05999755859375,705900
2018-03-13,120.44999694824219,121.97000122070312,119.91999816894531,120.2300033569336,493700
2018-03-14,120.3499984741211,120.3499984741211,118.08999633789062,118.5199966430664,539100
2018-03-15,118.7300033569336,119.04000091552734,116.94000244140625,117.58999633789062,575300
2018-03-16,117.66000366210938,119.33000183105469,116.6500015258789,118.51000213623047,2864600
2018-03-19,118.30000305175781,118.9800033569336,115.95999908447266,116.66000366210938,1034000
2018-03-20,117.1500015258789,117.66000366210938,115.41999816894531,116.51000213623047,714400
2018-03-21,116.51000213623047,119.05999755859375,115.73999786376953,117.6500015258789,558500
2018-03-22,116.30000305175781,116.8499984741211,112.91000366210938,112.9800033569336,646000
2018-03-23,113.31999969482422,113.31999969482422,109.04000091552734,109.19999694824219,742500
2018-03-26,109.3499984741211,114.5,109.3499984741211,114.33999633789062,1142300
2018-03-27,115.02999877929688,115.02999877929688,111.7699966430664,112.31999969482422,661400
2018-03-28,112.62000274658203,113.12999725341797,110.87999725341797,111.18000030517578,721500
2018-03-29,112.05000305175781,113.83999633789062,111.44999694824219,112.69999694824219,676200
2018-04-02,111.91000366210938,112.83999633789062,107.95999908447266,109.93000030517578,974000
2018-04-03,110.2300033569336,112.23999786376953,109.69999694824219,111.9000015258789,693900
2018-04-04,110.1500015258789,112.69000244140625,109.6500015258789,112.31999969482422,574700
2018-04-05,113.26000213623047,114.37999725341797,112.9800033569336,113.16000366210938,750600
2018-04-06,111.91000366210938,112.37000274658203,109.41999816894531,110.13999938964844,594300
2018-04-09,110.86000061035156,112.83000183105469,110.27999877929688,111.04000091552734,716100
2018-04-10,112.5199966430664,114.5999984741211,112.01000213623047,113.80000305175781,502600
2018-04-11,112.87999725341797,113.5199966430664,111.58999633789062,112.68000030517578,348600
2018-04-12,113.2699966430664,113.9800033569336,112.8499984741211,113.37000274658203,576200
2018-04-13,114.20999908447266,114.27999877929688,112.9800033569336,113.54000091552734,350200
2018-04-16,114.5199966430664,115.16999816894531,113.5999984741211,113.91999816894531,544700
2018-04-17,114.62000274658203,116.18000030517578,114.0,115.91000366210938,614000
2018-04-18,116.58000183105469,117.36000061035156,115.66999816894531,116.18000030517578,507200
2018-04-19,116.08999633789062,116.80000305175781,115.29000091552734,116.19000244140625,524200
2018-04-20,116.41000366210938,116.91999816894531,115.55000305175781,116.12999725341797,672300
2018-04-23,116.30000305175781,117.44999694824219,116.30000305175781,117.30999755859375,886000
2018-04-24,118.12999725341797,118.62000274658203,112.55999755859375,114.0,998100
2018-04-25,114.83999633789062,118.3499984741211,112.62000274658203,117.91000366210938,1513800
2018-04-26,118.2300033569336,118.69999694824219,116.70999908447266,117.19999694824219,1023900
2018-04-27,117.0199966430664,117.52999877929688,115.62999725341797,116.30000305175781,953300
2018-04-30,116.38999938964844,117.05999755859375,115.27999877929688,115.69000244140625,923900
2018-05-01,115.26000213623047,116.52999877929688,113.51000213623047,116.33000183105469,887000
2018-05-02,116.05000305175781,116.18000030517578,111.91999816894531,112.08999633789062,1086700
2018-05-03,111.70999908447266,114.44999694824219,111.36000061035156,113.68000030517578,1372700
2018-05-04,113.04000091552734,115.13999938964844,112.44000244140625,114.1500015258789,591300
2018-05-07,114.33000183105469,114.69000244140625,112.9000015258789,114.0999984741211,591900
2018-05-08,114.30000305175781,114.5999984741211,113.18000030517578,113.76000213623047,637300
2018-05-09,114.25,115.87999725341797,113.62000274658203,115.44999694824219,614700
2018-05-10,115.52999877929688,116.5,115.04000091552734,116.20999908447266,318200
2018-05-11,116.37999725341797,117.44000244140625,115.95999908447266,116.62000274658203,477900
2018-05-14,116.98999786376953,117.33999633789062,116.11000061035156,116.72000122070312,324700
2018-05-15,116.16999816894531,116.19999694824219,114.37999725341797,114.93000030517578,687500
2018-05-16,115.20999908447266,119.30000305175781,115.0199966430664,119.04000091552734,815200
2018-05-17,118.80999755859375,120.6500015258789,118.80999755859375,120.33000183105469,945700
2018-05-18,120.22000122070312,121.69999694824219,119.66999816894531,121.18000030517578,751200
2018-05-21,121.61000061035156,122.41999816894531,121.01000213623047,122.30000305175781,523800
2018-05-22,122.30000305175781,123.95999908447266,122.12000274658203,122.80000305175781,988600
2018-05-23,122.62000274658203,122.91000366210938,121.26000213623047,122.43000030517578,838400
2018-05-24,122.41999816894531,122.86000061035156,121.5,121.87000274658203,596500
2018-05-25,121.44999694824219,121.7300033569336,119.41000366210938,119.87000274658203,1014100
2018-05-29,119.05000305175781,119.56999969482422,117.25,118.23999786376953,584800
2018-05-30,118.70999908447266,119.43000030517578,118.27999877929688,118.41999816894531,607000
2018-05-31,118.87999725341797,118.87999725341797,117.45999908447266,117.5,962300
2018-06-01,118.5999984741211,120.41999816894531,118.05000305175781,120.04000091552734,619900
2018-06-04,120.79000091552734,121.61000061035156,120.25,120.4000015258789,774800
2018-06-05,120.58000183105469,122.1500015258789,120.48999786376953,121.0999984741211,361200
2018-06-06,121.55999755859375,123.0999984741211,120.18000030517578,123.02999877929688,596300
2018-06-07,122.97000122070312,123.5,122.2300033569336,123.01000213623047,630300
2018-06-08,123.02999877929688,123.33999633789062,121.55999755859375,122.63999938964844,735200
2018-06-11,122.77999877929688,124.2699966430664,122.43000030517578,123.77999877929688,678700
2018-06-12,124.08000183105469,124.69999694824219,123.2300033569336,123.61000061035156,786600
2018-06-13,123.5,123.5,120.16000366210938,120.73999786376953,838800
2018-06-14,120.62000274658203,121.38999938964844,120.5,120.77999877929688,820300
2018-06-15,119.05999755859375,119.52999877929688,116.81999969482422,119.02999877929688,1111800
2018-06-18,118.0,119.3499984741211,117.44999694824219,119.06999969482422,1039600
2018-06-19,117.77999877929688,117.97000122070312,116.33000183105469,116.72000122070312,965500
2018-06-20,117.5199966430664,117.55000305175781,116.18000030517578,116.81999969482422,521900
2018-06-21,116.70999908447266,117.11000061035156,113.9800033569336,114.13999938964844,898700
2018-06-22,115.11000061035156,116.31999969482422,114.62999725341797,115.27999877929688,1148000
2018-06-25,115.19000244140625,115.30999755859375,113.94000244140625,114.91999816894531,780300
2018-06-26,115.0,115.13999938964844,113.94000244140625,114.62000274658203,487300
2018-06-27,114.86000061035156,115.48999786376953,112.72000122070312,112.77999877929688,547100
2018-06-28,112.80000305175781,112.83000183105469,110.91000366210938,112.08000183105469,421200
2018-06-29,112.37000274658203,113.45999908447266,111.79000091552734,111.79000091552734,410600
2018-07-02,111.06999969482422,112.41999816894531,110.25,112.37000274658203,653800
2018-07-03,112.93000030517578,113.83000183105469,112.33000183105469,112.81999969482422,546700
2018-07-05,113.68000030517578,113.68000030517578,111.38999938964844,112.72000122070312,577300
2018-07-06,112.52999877929688,113.77999877929688,112.05000305175781,113.27999877929688,481400
2018-07-09,113.93000030517578,114.58999633789062,113.48999786376953,114.36000061035156,864200
2018-07-10,114.23999786376953,114.80999755859375,113.22000122070312,114.33999633789062,1142700
2018-07-11,113.98999786376953,114.73999786376953,113.41000366210938,113.9800033569336,546900
2018-07-12,114.79000091552734,116.16999816894531,114.75,114.80999755859375,489400
2018-07-13,114.56999969482422,115.4000015258789,114.56999969482422,114.83000183105469,286600
2018-07-16,115.0,115.68000030517578,114.25,114.29000091552734,468000
2018-07-17,113.97000122070312,115.12999725341797,113.19000244140625,114.66999816894531,635700
2018-07-18,114.81999969482422,115.77999877929688,114.66000366210938,115.22000122070312,669500
2018-07-19,115.04000091552734,116.44000244140625,114.70999908447266,116.29000091552734,556400
2018-07-20,115.51000213623047,116.55000305175781,115.01000213623047,115.69999694824219,513700
2018-07-23,115.77999877929688,116.5,115.4000015258789,115.83000183105469,754200
2018-07-24,116.18000030517578,116.73999786376953,115.5,116.4000015258789,551100
2018-07-25,116.19000244140625,116.52999877929688,114.69999694824219,116.33999633789062,779900
2018-07-26,114.75,114.75,109.37999725341797,111.0199966430664,1790100
2018-07-27,110.8499984741211,111.66000366210938,108.62999725341797,109.3499984741211,1065300
2018-07-30,109.63999938964844,111.66999816894531,109.44999694824219,111.12999725341797,700700
2018-07-31,111.62999725341797,113.12000274658203,111.47000122070312,112.9000015258789,959000
2018-08-01,112.98999786376953,113.44000244140625,111.72000122070312,111.9000015258789,679600
2018-08-02,110.80000305175781,110.94999694824219,109.13999938964844,110.79000091552734,719400
2018-08-03,111.08999633789062,111.58999633789062,110.19999694824219,111.38999938964844,428100
2018-08-06,111.05000305175781,111.87999725341797,110.6500015258789,110.91000366210938,672700
2018-08-07,111.16999816894531,112.36000061035156,110.62000274658203,112.19999694824219,625800
2018-08-08,112.43000030517578,112.43000030517578,110.58000183105469,110.7300033569336,433500
2018-08-09,110.81999969482422,112.5999984741211,110.81999969482422,111.55999755859375,674100
2018-08-10,111.1500015258789,111.1500015258789,110.20999908447266,110.55999755859375,499000
2018-08-13,110.91999816894531,111.16999816894531,109.58000183105469,110.05999755859375,495700
2018-08-14,110.36000061035156,112.04000091552734,110.36000061035156,111.41999816894531,613500
2018-08-15,110.41999816894531,110.41999816894531,107.38999938964844,108.4800033569336,754700
2018-08-16,108.9800033569336,110.31999969482422,108.45999908447266,110.23999786376953,702700
2018-08-17,110.27999877929688,111.94999694824219,110.19999694824219,111.61000061035156,648300
2018-08-20,112.0,112.30000305175781,111.1500015258789,112.26000213623047,675200
2018-08-21,112.2300033569336,112.6500015258789,112.05999755859375,112.22000122070312,633000
2018-08-22,112.4000015258789,112.62000274658203,110.58000183105469,110.73999786376953,526000
2018-08-23,110.58000183105469,110.72000122070312,109.7699966430664,110.11000061035156,636200
2018-08-24,110.68000030517578,110.80999755859375,109.70999908447266,110.63999938964844,647500
2018-08-27,111.04000091552734,113.45999908447266,111.0,112.66000366210938,947500
2018-08-28,112.87999725341797,113.30000305175781,111.12999725341797,111.56999969482422,531500
2018-08-29,111.52999877929688,112.9800033569336,111.37000274658203,112.7699966430664,607200
2018-08-30,112.19999694824219,112.51000213623047,110.94000244140625,111.37000274658203,458200
2018-08-31,110.76000213623047,111.43000030517578,109.66999816894531,109.91999816894531,786800
2018-09-04,109.75,110.02999877929688,108.66000366210938,109.25,533100
2018-09-05,109.13999938964844,112.0,108.87999725341797,111.75,767500
2018-09-06,111.98999786376953,112.88999938964844,111.01000213623047,111.55999755859375,584900
2018-09-07,111.31999969482422,112.06999969482422,110.79000091552734,111.91000366210938,634300
2018-09-10,112.33000183105469,113.72000122070312,112.01000213623047,113.19999694824219,491400
2018-09-11,112.80999755859375,113.20999908447266,111.51000213623047,112.63999938964844,662700
2018-09-12,112.75,113.37999725341797,112.44999694824219,112.88999938964844,638800
2018-09-13,113.01000213623047,114.2699966430664,112.58000183105469,113.76000213623047,500100
2018-09-14,113.81999969482422,115.16999816894531,113.51000213623047,114.45999908447266,551900
2018-09-17,114.69000244140625,116.13999938964844,114.69000244140625,115.36000061035156,565100
2018-09-18,115.80999755859375,116.86000061035156,115.62000274658203,116.44999694824219,578000
2018-09-19,117.0,118.44000244140625,116.98999786376953,117.77999877929688,691600
2018-09-20,118.62999725341797,118.87999725341797,117.8499984741211,118.16000366210938,822900
2018-09-21,118.44999694824219,118.44999694824219,116.05000305175781,116.69000244140625,1072300
2018-09-24,116.0999984741211,116.30000305175781,114.12999725341797,115.88999938964844,978600
2018-09-25,116.4800033569336,116.4800033569336,112.9000015258789,113.02999877929688,648400
2018-09-26,112.94999694824219,113.23999786376953,111.05000305175781,111.56999969482422,824700
2018-09-27,111.83000183105469,112.30000305175781,110.44000244140625,110.54000091552734,458600
2018-09-28,110.56999969482422,111.16000366210938,109.5,109.69000244140625,614700
2018-10-01,110.33000183105469,110.5199966430664,109.33000183105469,109.9800033569336,692500
2018-10-02,110.30000305175781,110.62000274658203,109.51000213623047,109.88999938964844,975300
2018-10-03,110.47000122070312,110.4800033569336,105.51000213623047,105.94000244140625,1067300
2018-10-04,106.11000061035156,107.2699966430664,105.75,106.76000213623047,1088300
2018-10-05,106.81999969482422,108.1500015258789,105.45999908447266,105.62999725341797,916900
2018-10-08,105.01000213623047,105.5999984741211,100.7300033569336,101.37999725341797,1133100
2018-10-09,98.8499984741211,98.8499984741211,92.56999969482422,93.13999938964844,3136500
2018-10-10,93.0,93.27999877929688,88.93000030517578,88.94999694824219,2555100
2018-10-11,89.0,90.5999984741211,88.20999908447266,88.36000061035156,3607400
2018-10-12,89.80000305175781,89.80000305175781,86.9800033569336,88.05000305175781,1888500
2018-10-15,87.68000030517578,88.6500015258789,87.62000274658203,88.33999633789062,2104500
2018-10-16,89.0,90.81999969482422,88.0199966430664,90.43000030517578,2135700
2018-10-17,90.51000213623047,90.95999908447266,89.44999694824219,90.91000366210938,1457900
2018-10-18,90.05999755859375,91.16999816894531,88.08999633789062,89.05999755859375,1214400
2018-10-19,89.22000122070312,90.13999938964844,87.79000091552734,87.91999816894531,899000
2018-10-22,88.05000305175781,88.22000122070312,85.56999969482422,86.77999877929688,2304100
2018-10-23,85.5999984741211,87.58999633789062,84.0,87.01000213623047,1195800
2018-10-24,87.18000030517578,87.87000274658203,83.54000091552734,83.69999694824219,1398800
2018-10-25,85.0,92.2699966430664,85.0,89.0199966430664,3145600
2018-10-26,87.66000366210938,91.4800033569336,86.2300033569336,90.38999938964844,1648100
2018-10-29,91.41000366210938,91.91999816894531,87.87000274658203,89.33999633789062,1638300
2018-10-30,89.56999969482422,93.48999786376953,89.4000015258789,92.95999908447266,1493700
2018-10-31,93.83999633789062,94.94000244140625,91.69999694824219,91.80999755859375,1463300
2018-11-01,92.81999969482422,96.25,92.33999633789062,95.86000061035156,1115000
2018-11-02,96.63999938964844,96.6500015258789,94.05000305175781,94.9000015258789,1189000
2018-11-05,95.2699966430664,96.81999969482422,94.5,96.44000244140625,880800
2018-11-06,96.02999877929688,97.8499984741211,96.0199966430664,96.56999969482422,1218100
2018-11-07,97.29000091552734,98.7699966430664,95.80000305175781,98.66999816894531,1154100
2018-11-08,98.30999755859375,99.12999725341797,96.69999694824219,97.61000061035156,963600
2018-11-09,97.2699966430664,97.81999969482422,94.87999725341797,96.0,664800
2018-11-12,96.06999969482422,96.06999969482422,94.54000091552734,94.88999938964844,635500
2018-11-13,95.16999816894531,96.80000305175781,94.69000244140625,95.44000244140625,751900
2018-11-14,96.27999877929688,98.0,95.0999984741211,95.33999633789062,639300
2018-11-15,94.11000061035156,96.48999786376953,93.5999984741211,96.11000061035156,572500
2018-11-16,95.62000274658203,97.68000030517578,95.4800033569336,97.05000305175781,545700
2018-11-19,96.80000305175781,97.73999786376953,96.01000213623047,96.83999633789062,743200
2018-11-20,95.80999755859375,97.26000213623047,93.55000305175781,95.33999633789062,808100
2018-11-21,95.91999816894531,96.37999725341797,95.08999633789062,95.7699966430664,638700
2018-11-23,94.83000183105469,96.12000274658203,93.43000030517578,95.5999984741211,278900
2018-11-26,96.45999908447266,97.8499984741211,96.45999908447266,96.7699966430664,762500
2018-11-27,96.04000091552734,96.51000213623047,95.18000030517578,95.43000030517578,659100
2018-11-28,95.93000030517578,96.79000091552734,93.54000091552734,96.61000061035156,667700
2018-11-29,96.62000274658203,97.41000366210938,95.66999816894531,96.5,648500
2018-11-30,96.16000366210938,98.19000244140625,96.16000366210938,97.81999969482422,865600
2018-12-03,100.0,101.29000091552734,97.16000366210938,98.04000091552734,1030000
2018-12-04,97.3499984741211,98.18000030517578,95.02999877929688,95.97000122070312,826700
2018-12-06,94.13999938964844,95.41999816894531,93.11000061035156,95.3499984741211,925700
2018-12-07,95.30999755859375,96.77999877929688,92.54000091552734,92.94999694824219,714400
2018-12-10,92.80000305175781,93.37999725341797,90.52999877929688,92.5,519300
2018-12-11,93.9800033569336,94.66999816894531,92.86000061035156,93.13999938964844,1068900
2018-12-12,94.98999786376953,95.7699966430664,93.41000366210938,93.47000122070312,704600
2018-12-13,93.48999786376953,94.20999908447266,92.6500015258789,93.25,880600
2018-12-14,92.05000305175781,94.16999816894531,91.9000015258789,93.44000244140625,783700
2018-12-17,91.97000122070312,92.0199966430664,85.91000366210938,86.73999786376953,1903200
2018-12-18,87.30999755859375,88.73999786376953,86.43000030517578,86.79000091552734,1520100
2018-12-19,86.83999633789062,88.83000183105469,85.2699966430664,85.70999908447266,1011800
2018-12-20,85.2699966430664,86.5,83.58999633789062,84.43000030517578,867500
2018-12-21,84.08000183105469,86.06999969482422,80.66999816894531,80.73999786376953,2645100
2018-12-24,80.69999694824219,81.30000305175781,77.9000015258789,77.94999694824219,890400
2018-12-26,78.5199966430664,82.75,77.94000244140625,82.63999938964844,1354400
2018-12-27,81.37999725341797,84.30000305175781,80.9800033569336,84.27999877929688,1032400
2018-12-28,84.51000213623047,85.11000061035156,82.11000061035156,82.31999969482422,853600
2018-12-31,82.5999984741211,83.80000305175781,82.19999694824219,83.45999908447266,712700
2019-01-02,81.87000274658203,85.08000183105469,81.87000274658203,84.55000305175781,974500
2019-01-03,83.9800033569336,84.98999786376953,82.52999877929688,82.88999938964844,846700
2019-01-04,84.36000061035156,86.86000061035156,84.3499984741211,86.16999816894531,799900
2019-01-07,86.02999877929688,87.9000015258789,85.41000366210938,87.0199966430664,1179200
2019-01-08,87.77999877929688,89.38999938964844,87.18000030517578,89.26000213623047,1152400
2019-01-09,88.37000274658203,88.37000274658203,85.5199966430664,87.22000122070312,1296100
2019-01-10,86.87000274658203,91.16999816894531,86.87000274658203,90.87000274658203,1147300
2019-01-11,90.47000122070312,91.44000244140625,90.2300033569336,91.12000274658203,599900
2019-01-14,90.55999755859375,90.80999755859375,88.95999908447266,89.16999816894531,893600
2019-01-15,89.0199966430664,90.2699966430664,89.0199966430664,89.73999786376953,441500
2019-01-16,89.5999984741211,90.63999938964844,88.95999908447266,89.25,982800
2019-01-17,88.56999969482422,90.75,88.52999877929688,90.2300033569336,690800
2019-01-18,90.77999877929688,92.62000274658203,90.7699966430664,91.9000015258789,1032600
2019-01-22,91.68000030517578,92.75,91.0999984741211,92.27999877929688,1206000
2019-01-23,93.08999633789062,93.31999969482422,90.8499984741211,91.81999969482422,745900
2019-01-24,91.80000305175781,92.5199966430664,91.19999694824219,92.31999969482422,692600
2019-01-25,93.54000091552734,95.19999694824219,93.41000366210938,94.26000213623047,766100
2019-01-28,93.5,93.95999908447266,92.38999938964844,93.41999816894531,552900
2019-01-29,93.75,94.23999786376953,92.86000061035156,93.91999816894531,1099200
2019-01-30,91.4000015258789,94.48999786376953,89.81999969482422,92.91999816894531,1589800
2019-01-31,92.73999786376953,95.05999755859375,91.8499984741211,94.31999969482422,1543300
2019-02-01,94.86000061035156,95.43000030517578,93.68000030517578,95.18000030517578,998000
2019-02-04,95.18000030517578,95.44000244140625,93.55999755859375,93.94000244140625,1170700
2019-02-05,94.48999786376953,96.05000305175781,93.93000030517578,96.0,1002700
2019-02-06,95.66000366210938,96.87000274658203,95.66000366210938,96.04000091552734,838300
2019-02-07,95.23999786376953,95.72000122070312,93.58999633789062,94.83999633789062,633600
2019-02-08,94.31999969482422,95.18000030517578,93.31999969482422,95.1500015258789,690900
2019-02-11,95.38999938964844,95.7300033569336,93.38999938964844,93.91999816894531,874400
2019-02-12,94.69999694824219,97.44999694824219,94.55000305175781,97.19999694824219,886800
2019-02-13,97.5999984741211,98.69999694824219,97.5999984741211,97.73999786376953,737000
2019-02-14,97.27999877929688,98.19000244140625,97.16000366210938,97.36000061035156,656700
2019-02-15,98.18000030517578,98.80000305175781,97.83000183105469,98.47000122070312,574500
2019-02-19,98.13999938964844,98.8499984741211,97.44999694824219,98.44000244140625,862000
2019-02-20,98.26000213623047,100.94000244140625,97.94000244140625,100.72000122070312,893700
2019-02-21,100.19999694824219,100.37000274658203,97.91000366210938,98.25,1026900
2019-02-22,98.9800033569336,99.5,97.80999755859375,98.29000091552734,523800
2019-02-25,99.05000305175781,100.4000015258789,98.52999877929688,99.51000213623047,776500
2019-02-26,99.45999908447266,100.79000091552734,99.20999908447266,99.58999633789062,685000
2019-02-27,99.54000091552734,99.66999816894531,98.48999786376953,99.05000305175781,503400
2019-02-28,98.91000366210938,98.93000030517578,95.43000030517578,95.58999633789062,1091800
2019-03-01,96.26000213623047,97.23999786376953,95.80999755859375,96.18000030517578,786900
2019-03-04,96.8499984741211,98.38999938964844,96.23999786376953,98.33999633789062,1321100
2019-03-05,98.0999984741211,99.5999984741211,98.06999969482422,99.08000183105469,1068300
2019-03-06,99.30000305175781,99.8499984741211,98.77999877929688,99.05000305175781,1010600
2019-03-07,98.77999877929688,98.9800033569336,96.44000244140625,97.63999938964844,733200
2019-03-08,96.80000305175781,97.5,96.12000274658203,97.4000015258789,617700
2019-03-11,97.4800033569336,98.4000015258789,97.4000015258789,97.79000091552734,1165900
2019-03-12,97.8499984741211,99.75,97.79000091552734,99.19999694824219,1284200
2019-03-13,99.72000122070312,101.83999633789062,99.61000061035156,101.05999755859375,1139400
2019-03-14,100.48999786376953,100.79000091552734,98.2300033569336,98.75,754600
2019-03-15,98.0199966430664,98.44000244140625,95.83000183105469,96.18000030517578,2393400
2019-03-18,96.05000305175781,97.5999984741211,95.87000274658203,97.55999755859375,1171800
2019-03-19,98.05999755859375,99.2699966430664,97.77999877929688,98.30000305175781,828600
2019-03-20,98.4000015258789,98.5199966430664,95.97000122070312,96.4800033569336,896300
2019-03-21,96.25,98.62000274658203,95.9000015258789,98.26000213623047,739600
2019-03-22,97.83999633789062,97.83999633789062,94.9800033569336,95.12999725341797,598100
2019-03-25,95.0,95.66999816894531,93.91000366210938,95.19000244140625,676200
2019-03-26,95.9800033569336,98.05000305175781,95.9800033569336,97.95999908447266,838900
2019-03-27,97.77999877929688,99.22000122070312,97.6500015258789,98.56999969482422,699300
2019-03-28,98.91000366210938,99.56999969482422,98.19999694824219,99.48999786376953,593900
2019-03-29,100.0,100.47000122070312,98.12999725341797,99.37999725341797,883700
2019-04-01,99.91000366210938,102.87999725341797,99.91000366210938,102.69999694824219,954500
2019-04-02,102.91000366210938,103.0,100.81999969482422,101.55999755859375,997500
2019-04-03,102.27999877929688,103.05999755859375,102.0,102.75,785900
2019-04-04,102.44999694824219,102.72000122070312,100.5999984741211,101.31999969482422,949700
2019-04-05,101.2699966430664,102.97000122070312,100.77999877929688,102.19999694824219,1129100
2019-04-08,102.16999816894531,102.19000244140625,100.76000213623047,101.66000366210938,717900
2019-04-09,101.36000061035156,101.76000213623047,100.01000213623047,100.83000183105469,584200
2019-04-10,100.94999694824219,101.79000091552734,100.27999877929688,101.48999786376953,602700
2019-04-11,101.44000244140625,102.75,100.7699966430664,101.51000213623047,793400
2019-04-12,102.38999938964844,103.80000305175781,102.37000274658203,103.33000183105469,682300
2019-04-15,103.0,103.5,100.87000274658203,101.51000213623047,606500
2019-04-16,95.94999694824219,98.47000122070312,92.62000274658203,97.94000244140625,2525700
2019-04-17,97.97000122070312,98.29000091552734,95.02999877929688,95.36000061035156,1124800
2019-04-18,95.75,97.30999755859375,95.5199966430664,96.41000366210938,1038800
2019-04-22,97.04000091552734,98.66999816894531,96.55000305175781,97.63999938964844,1001100
2019-04-23,97.73999786376953,99.13999938964844,96.93000030517578,98.5199966430664,988900
2019-04-24,98.7300033569336,99.38999938964844,98.30000305175781,98.80999755859375,804400
2019-04-25,98.0,99.91000366210938,94.11000061035156,97.94000244140625,1400300
2019-04-26,97.43000030517578,99.48999786376953,96.12999725341797,99.19999694824219,529700
2019-04-29,99.51000213623047,99.77999877929688,98.22000122070312,98.91000366210938,648600
2019-04-30,99.16000366210938,99.31999969482422,97.06999969482422,99.16000366210938,695200
2019-05-01,99.1500015258789,99.48999786376953,97.0199966430664,97.4800033569336,636000
2019-05-02,97.33000183105469,99.12999725341797,96.8499984741211,98.94000244140625,596700
2019-05-03,99.52999877929688,101.0199966430664,99.52999877929688,100.5999984741211,448600
2019-05-06,98.87999725341797,100.22000122070312,98.23999786376953,99.94000244140625,593700
2019-05-07,98.83999633789062,99.33000183105469,97.9000015258789,99.08000183105469,717700
2019-05-08,98.8499984741211,99.5,97.83999633789062,98.44999694824219,497000
2019-05-09,97.47000122070312,98.22000122070312,96.54000091552734,97.94000244140625,615400
2019-05-10,97.47000122070312,98.41000366210938,96.22000122070312,97.9000015258789,573300
2019-05-13,96.13999938964844,96.7300033569336,95.11000061035156,96.2699966430664,675500
2019-05-14,96.72000122070312,98.08000183105469,96.66000366210938,97.18000030517578,461000
2019-05-15,97.18000030517578,97.88999938964844,96.29000091552734,97.02999877929688,497400
2019-05-16,97.48999786376953,98.87000274658203,97.22000122070312,97.30000305175781,494200
2019-05-17,96.36000061035156,97.58000183105469,95.41000366210938,96.83999633789062,494700
2019-05-20,93.61000061035156,94.80000305175781,91.72000122070312,92.38999938964844,1017000
2019-05-21,92.76000213623047,94.87000274658203,92.76000213623047,94.58000183105469,671600
2019-05-22,94.86000061035156,96.12999725341797,92.05000305175781,92.08999633789062,1010300
2019-05-23,91.62000274658203,91.62000274658203,89.58000183105469,90.12999725341797,827300
2019-05-24,91.04000091552734,91.76000213623047,90.04000091552734,91.01000213623047,434100
2019-05-28,90.87000274658203,91.4000015258789,89.5199966430664,89.68000030517578,774500
2019-05-29,89.27999877929688,89.70999908447266,87.8499984741211,88.81999969482422,1293400
2019-05-30,89.1500015258789,89.55000305175781,88.36000061035156,89.37999725341797,610300
2019-05-31,88.11000061035156,89.11000061035156,87.86000061035156,89.08000183105469,789700
2019-06-03,88.68000030517578,91.8499984741211,87.87000274658203,90.79000091552734,1407100
2019-06-04,90.58999633789062,93.62000274658203,89.81999969482422,93.5999984741211,1573100
2019-06-05,94.33999633789062,94.81999969482422,92.6500015258789,94.54000091552734,807700
2019-06-06,94.86000061035156,96.52999877929688,94.36000061035156,95.7699966430664,863800
2019-06-07,96.44000244140625,97.06999969482422,94.95999908447266,95.69999694824219,710700
2019-06-10,96.31999969482422,96.8499984741211,94.0199966430664,94.69999694824219,916900
2019-06-11,95.66000366210938,96.6500015258789,94.95999908447266,95.44999694824219,686300
2019-06-12,95.4000015258789,95.93000030517578,94.81999969482422,95.55000305175781,429100
2019-06-13,95.5999984741211,96.76000213623047,95.5,96.2699966430664,929700
2019-06-14,96.41000366210938,96.41000366210938,94.19999694824219,95.31999969482422,485000
2019-06-17,95.33000183105469,95.58999633789062,93.4000015258789,93.4000015258789,1061800
2019-06-18,94.1500015258789,95.93000030517578,93.8499984741211,94.98999786376953,772600
2019-06-19,95.19999694824219,95.58000183105469,94.2300033569336,94.45999908447266,701700
2019-06-20,95.66999816894531,95.94000244140625,93.52999877929688,94.5999984741211,948600
2019-06-21,95.02999877929688,96.38999938964844,94.31999969482422,95.33000183105469,1172500
2019-06-24,94.0999984741211,94.68000030517578,91.83999633789062,92.2300033569336,883000
2019-06-25,92.1500015258789,93.37999725341797,91.4000015258789,92.44999694824219,1014900
2019-06-26,92.5,93.25,92.33000183105469,92.4000015258789,1287100
2019-06-27,92.44999694824219,94.0999984741211,92.2699966430664,93.95999908447266,925900
2019-06-28,93.98999786376953,96.27999877929688,93.95999908447266,95.31999969482422,3026300
2019-07-01,96.91000366210938,97.76000213623047,96.30000305175781,97.6500015258789,1502000
2019-07-02,98.9800033569336,99.69999694824219,96.66000366210938,97.56999969482422,4854100
2019-07-03,97.38999938964844,100.0999984741211,97.30000305175781,99.9800033569336,1129600
2019-07-05,99.23999786376953,99.95999908447266,98.31999969482422,99.79000091552734,1505400
2019-07-08,99.4000015258789,100.66000366210938,99.05000305175781,99.48999786376953,1813500
2019-07-09,99.3499984741211,99.97000122070312,99.0,99.6500015258789,1793100
2019-07-10,100.31999969482422,101.26000213623047,99.58000183105469,100.05000305175781,1332100
2019-07-11,99.94000244140625,100.11000061035156,98.55999755859375,98.94999694824219,2111500
2019-07-12,98.08000183105469,99.4000015258789,97.66999816894531,99.3499984741211,981300
2019-07-15,98.33000183105469,98.33000183105469,96.31999969482422,97.12000274658203,1439600
2019-07-16,97.77999877929688,99.3499984741211,97.38999938964844,98.47000122070312,1891100
2019-07-17,99.5199966430664,99.5199966430664,96.77999877929688,97.98999786376953,1121200
2019-07-18,97.45999908447266,98.66999816894531,97.12000274658203,98.33999633789062,794400
2019-07-19,98.75,100.31999969482422,98.16000366210938,99.9000015258789,890100
2019-07-22,100.0999984741211,100.0999984741211,98.6500015258789,99.45999908447266,760300
2019-07-23,100.0999984741211,101.7699966430664,99.91999816894531,101.26000213623047,928000
2019-07-24,100.81999969482422,102.9000015258789,100.81999969482422,102.23999786376953,952500
2019-07-25,102.0199966430664,104.18000030517578,101.30000305175781,101.98999786376953,1181700
2019-07-26,101.58999633789062,102.4000015258789,100.97000122070312,102.01000213623047,836900
2019-07-29,101.69000244140625,102.19000244140625,101.18000030517578,102.0199966430664,656700
2019-07-30,101.61000061035156,103.33999633789062,100.43000030517578,103.04000091552734,755000
2019-07-31,102.97000122070312,102.97000122070312,100.31999969482422,100.97000122070312,1319800
2019-08-01,101.16999816894531,102.4800033569336,99.12000274658203,100.08000183105469,766100
2019-08-02,99.9800033569336,101.7300033569336,98.37000274658203,101.25,1092000
2019-08-05,99.81999969482422,100.38999938964844,99.02999877929688,99.5999984741211,1670900
2019-08-06,100.2699966430664,100.62000274658203,99.37999725341797,100.1500015258789,905900
2019-08-07,98.9800033569336,100.51000213623047,98.44999694824219,100.5,706500
2019-08-08,101.0,103.30999755859375,100.9800033569336,102.12000274658203,1259500
2019-08-09,101.80999755859375,101.83000183105469,99.7699966430664,101.12999725341797,532200
2019-08-12,100.58999633789062,100.72000122070312,99.44000244140625,99.6500015258789,798900
2019-08-13,100.13999938964844,102.9800033569336,99.22000122070312,101.5,857900
2019-08-14,99.94000244140625,101.1500015258789,99.0199966430664,99.55999755859375,1015600
2019-08-15,99.8499984741211,100.3499984741211,99.01000213623047,99.98999786376953,673600
2019-08-16,100.73999786376953,102.23999786376953,100.55000305175781,101.27999877929688,863500
2019-08-19,102.3499984741211,102.79000091552734,101.48999786376953,102.4800033569336,577500
2019-08-20,102.31999969482422,102.4800033569336,100.62000274658203,100.8499984741211,773700
2019-08-21,101.33999633789062,101.8499984741211,100.91000366210938,101.25,678500
2019-08-22,101.44999694824219,101.83999633789062,100.45999908447266,101.12000274658203,445200
2019-08-23,100.41000366210938,100.98999786376953,97.62000274658203,98.08999633789062,690600
2019-08-26,99.0,99.45999908447266,98.12999725341797,98.88999938964844,574700
2019-08-27,99.31999969482422,99.80000305175781,97.18000030517578,97.66000366210938,921000
2019-08-28,97.2300033569336,99.0,96.66000366210938,98.5,539000
2019-08-29,99.58000183105469,100.4800033569336,99.3499984741211,100.08000183105469,519700
2019-08-30,100.80000305175781,101.83000183105469,100.19999694824219,100.58000183105469,617600
2019-09-03,99.44000244140625,99.62999725341797,97.98999786376953,98.5,476900
2019-09-04,99.48999786376953,100.16000366210938,98.9800033569336,100.13999938964844,607300
2019-09-05,100.95999908447266,101.37000274658203,100.27999877929688,100.52999877929688,848300
2019-09-06,100.77999877929688,101.08000183105469,99.79000091552734,100.61000061035156,840200
2019-09-09,101.33999633789062,102.01000213623047,100.19000244140625,100.5199966430664,898200
2019-09-10,100.56999969482422,104.33000183105469,100.56999969482422,104.19999694824219,1011600
2019-09-11,104.23999786376953,108.62999725341797,104.23999786376953,108.08999633789062,1341800
2019-09-12,107.87999725341797,108.05000305175781,106.06999969482422,107.02999877929688,788000
2019-09-13,107.69999694824219,109.37000274658203,107.33999633789062,108.37000274658203,791000
2019-09-16,107.54000091552734,107.54000091552734,105.6500015258789,105.87000274658203,603400
2019-09-17,104.48999786376953,105.29000091552734,102.98999786376953,105.0199966430664,772200
2019-09-18,104.7300033569336,105.33000183105469,103.56999969482422,104.68000030517578,621600
2019-09-19,104.86000061035156,105.13999938964844,103.05999755859375,103.33000183105469,680400
2019-09-20,103.58999633789062,104.26000213623047,102.43000030517578,102.83999633789062,960100
2019-09-23,102.25,104.12000274658203,101.37999725341797,103.7300033569336,524300
2019-09-24,104.37999725341797,104.55000305175781,102.9000015258789,103.30000305175781,615400
2019-09-25,103.33000183105469,105.52999877929688,103.04000091552734,105.30999755859375,645900
2019-09-26,105.44999694824219,105.44999694824219,103.55999755859375,104.54000091552734,477200
2019-09-27,105.05000305175781,106.0999984741211,104.79000091552734,105.5999984741211,526100
2019-09-30,105.26000213623047,106.41999816894531,105.26000213623047,106.0999984741211,588600
2019-10-01,107.0,107.0199966430664,102.66999816894531,102.79000091552734,521900
2019-10-02,102.29000091552734,103.18000030517578,101.63999938964844,102.3499984741211,1254800
2019-10-03,101.97000122070312,102.76000213623047,100.54000091552734,102.4800033569336,790200
2019-10-04,102.41999816894531,103.87999725341797,102.41999816894531,103.33000183105469,564700
2019-10-07,103.01000213623047,104.4800033569336,102.94000244140625,103.70999908447266,652700
2019-10-08,102.66000366210938,103.0199966430664,101.81999969482422,102.13999938964844,792900
2019-10-09,103.31999969482422,104.16999816894531,103.08000183105469,103.58999633789062,697600
2019-10-10,103.91999816894531,106.29000091552734,103.91999816894531,106.02999877929688,696500
2019-10-11,107.43000030517578,110.3499984741211,107.37000274658203,109.31999969482422,1018400
2019-10-14,109.26000213623047,109.26000213623047,107.22000122070312,107.26000213623047,785900
2019-10-15,107.5,107.94999694824219,107.04000091552734,107.16000366210938,472200
2019-10-16,107.18000030517578,108.1500015258789,106.5999984741211,106.81999969482422,707800
2019-10-17,106.98999786376953,107.6500015258789,106.01000213623047,106.41000366210938,677200
2019-10-18,106.11000061035156,108.58999633789062,106.11000061035156,108.22000122070312,624700
2019-10-21,109.22000122070312,109.87000274658203,108.30000305175781,108.48999786376953,731800
2019-10-22,108.43000030517578,109.47000122070312,107.91000366210938,108.58000183105469,637300
2019-10-23,108.5,111.2300033569336,108.5,110.05999755859375,1272500
2019-10-24,109.43000030517578,110.26000213623047,105.5199966430664,108.5199966430664,1317000
2019-10-25,108.45999908447266,111.16000366210938,108.45999908447266,110.93000030517578,558300
2019-10-28,111.36000061035156,112.72000122070312,111.36000061035156,112.51000213623047,849800
2019-10-29,111.76000213623047,112.69999694824219,111.04000091552734,111.58000183105469,555200
2019-10-30,111.3499984741211,111.38999938964844,109.36000061035156,110.43000030517578,752600
2019-10-31,110.27999877929688,111.08999633789062,108.38999938964844,109.45999908447266,618400
2019-11-01,110.4000015258789,111.36000061035156,109.66999816894531,111.30999755859375,586600
2019-11-04,111.9800033569336,112.55000305175781,110.79000091552734,112.05999755859375,946000
2019-11-05,112.2300033569336,113.68000030517578,111.93000030517578,113.2300033569336,920500
2019-11-06,113.12999725341797,113.12999725341797,111.4000015258789,112.36000061035156,556000
2019-11-07,112.86000061035156,113.44000244140625,111.75,112.94999694824219,642900
2019-11-08,112.80999755859375,113.94999694824219,112.25,113.9000015258789,683200
2019-11-11,113.2699966430664,114.12000274658203,113.01000213623047,113.6500015258789,440500
2019-11-12,113.66999816894531,114.77999877929688,112.87999725341797,113.70999908447266,437500
2019-11-13,113.48999786376953,113.72000122070312,112.61000061035156,112.7699966430664,645800
2019-11-14,112.48999786376953,113.5999984741211,112.1500015258789,112.91999816894531,570100
2019-11-15,113.05000305175781,113.3499984741211,112.19000244140625,112.6500015258789,486000
2019-11-18,113.0,113.76000213623047,112.20999908447266,113.66999816894531,543400
2019-11-19,113.79000091552734,113.83000183105469,112.83999633789062,113.68000030517578,547600
2019-11-20,113.44000244140625,113.44000244140625,111.61000061035156,112.12000274658203,483100
2019-11-21,111.91000366210938,112.11000061035156,110.36000061035156,110.66999816894531,555700
2019-11-22,111.2300033569336,111.7699966430664,110.2300033569336,110.87000274658203,451000
2019-11-25,111.19999694824219,112.83999633789062,110.72000122070312,111.86000061035156,518900
2019-11-26,111.01000213623047,112.62000274658203,110.55999755859375,112.45999908447266,1136800
2019-11-27,112.76000213623047,112.83999633789062,111.5199966430664,112.06999969482422,763000
2019-11-29,112.18000030517578,112.26000213623047,111.68000030517578,111.9000015258789,297800
2019-12-02,112.05999755859375,112.55999755859375,110.94999694824219,111.02999877929688,527000
2019-12-03,109.9800033569336,110.77999877929688,108.58000183105469,110.73999786376953,696800
2019-12-04,111.11000061035156,112.80999755859375,111.11000061035156,111.18000030517578,761400
2019-12-05,111.69000244140625,112.54000091552734,110.9800033569336,112.36000061035156,530900
2019-12-06,113.33000183105469,113.95999908447266,113.05999755859375,113.29000091552734,496300
2019-12-09,113.51000213623047,113.77999877929688,112.91000366210938,113.54000091552734,539800
2019-12-10,111.55000305175781,112.3499984741211,111.16000366210938,111.36000061035156,720600
2019-12-11,111.93000030517578,112.37000274658203,111.48999786376953,111.55999755859375,569500
2019-12-12,111.95999908447266,113.41000366210938,111.19999694824219,112.18000030517578,854500
2019-12-13,112.08000183105469,112.52999877929688,110.58999633789062,111.04000091552734,579300
2019-12-16,112.12000274658203,112.18000030517578,109.72000122070312,110.01000213623047,1105500
2019-12-17,110.30000305175781,112.72000122070312,110.30000305175781,112.30999755859375,808500
2019-12-18,112.13999938964844,112.26000213623047,111.30000305175781,111.77999877929688,526300
2019-12-19,111.80999755859375,112.62999725341797,111.13999938964844,111.66999816894531,644100
2019-12-20,112.13999938964844,112.58999633789062,111.62999725341797,112.43000030517578,1990100
2019-12-23,112.38999938964844,113.05999755859375,111.68000030517578,113.04000091552734,442300
2019-12-24,113.06999969482422,113.0999984741211,111.97000122070312,112.2699966430664,153900
2019-12-26,112.3499984741211,112.3499984741211,111.7300033569336,112.2300033569336,188000
2019-12-27,112.51000213623047,112.63999938964844,111.5999984741211,111.7699966430664,323500
2019-12-30,111.68000030517578,112.02999877929688,111.06999969482422,111.72000122070312,409300
2019-12-31,111.5999984741211,112.12000274658203,111.23999786376953,111.98999786376953,367300
2020-01-02,112.88999938964844,112.88999938964844,110.36000061035156,110.72000122070312,860800
2020-01-03,109.4800033569336,110.19999694824219,109.01000213623047,109.22000122070312,844700
2020-01-06,108.7699966430664,109.0,105.9000015258789,105.97000122070312,1051500
2020-01-07,104.94000244140625,105.37000274658203,103.55000305175781,104.8499984741211,1285200
2020-01-08,104.93000030517578,106.0,104.12999725341797,105.72000122070312,691700
2020-01-09,106.0199966430664,106.45999908447266,104.94000244140625,105.02999877929688,850500
2020-01-10,105.4000015258789,106.56999969482422,105.08000183105469,105.68000030517578,688900
2020-01-13,105.81999969482422,107.4000015258789,105.44999694824219,107.33999633789062,957400
2020-01-14,107.58000183105469,108.9800033569336,106.05000305175781,106.6500015258789,984100
2020-01-15,106.26000213623047,108.26000213623047,105.87999725341797,108.23999786376953,739900
2020-01-16,108.70999908447266,109.93000030517578,107.98999786376953,109.08000183105469,577800
2020-01-17,109.2300033569336,109.9800033569336,108.69999694824219,109.04000091552734,754000
2020-01-21,106.79000091552734,107.05999755859375,103.6500015258789,106.08999633789062,1380700
2020-01-22,106.63999938964844,107.27999877929688,106.16000366210938,106.30000305175781,585400
2020-01-23,105.77999877929688,107.47000122070312,104.91999816894531,107.05999755859375,418000
2020-01-24,106.70999908447266,106.70999908447266,104.9000015258789,105.6500015258789,756400
2020-01-27,103.8499984741211,104.77999877929688,103.55999755859375,104.04000091552734,643000
2020-01-28,104.76000213623047,104.76000213623047,103.41999816894531,104.4000015258789,784800
2020-01-29,104.75,105.98999786376953,103.93000030517578,104.94000244140625,1113600
2020-01-30,98.1500015258789,102.38999938964844,97.11000061035156,99.62000274658203,2457300
2020-01-31,98.16999816894531,98.22000122070312,95.0,95.75,1763600
2020-02-03,96.27999877929688,97.61000061035156,95.56999969482422,97.1500015258789,1455800
2020-02-04,98.44000244140625,99.83999633789062,98.11000061035156,99.47000122070312,1005200
2020-02-05,101.0999984741211,103.87000274658203,101.0999984741211,103.80999755859375,1009700
2020-02-06,104.41000366210938,104.62000274658203,103.31999969482422,104.33000183105469,847000
2020-02-07,103.68000030517578,103.81999969482422,101.23999786376953,101.37999725341797,528700
2020-02-10,100.91000366210938,101.77999877929688,100.27999877929688,100.56999969482422,642800
2020-02-11,101.16000366210938,103.37999725341797,100.80000305175781,102.5999984741211,553700
2020-02-12,103.05999755859375,103.3499984741211,101.72000122070312,101.75,473300
2020-02-13,101.08000183105469,101.2699966430664,99.7699966430664,99.9800033569336,546600
2020-02-14,100.04000091552734,100.4800033569336,98.80000305175781,98.94000244140625,432000
2020-02-18,98.70999908447266,99.55999755859375,97.62000274658203,99.31999969482422,978100
2020-02-19,99.70999908447266,100.23999786376953,98.12999725341797,98.93000030517578,846200
2020-02-20,98.6500015258789,100.20999908447266,98.33999633789062,99.0999984741211,1019300
2020-02-21,99.16999816894531,102.41999816894531,98.79000091552734,102.36000061035156,1056700
2020-02-24,100.36000061035156,100.62999725341797,98.43000030517578,98.94000244140625,1241300
2020-02-25,99.30000305175781,99.30000305175781,94.20999908447266,94.27999877929688,969100
2020-02-26,95.3499984741211,97.38999938964844,94.18000030517578,94.20999908447266,770300
2020-02-27,92.75,96.7699966430664,91.91999816894531,91.91999816894531,1377200
2020-02-28,89.5,91.33000183105469,88.37000274658203,90.62000274658203,1237600
2020-03-02,91.2699966430664,94.80999755859375,89.16000366210938,94.80000305175781,965100
2020-03-03,93.9000015258789,94.95999908447266,89.63999938964844,90.9000015258789,1339100
2020-03-04,92.06999969482422,94.30000305175781,91.13999938964844,93.91999816894531,1330900
2020-03-05,90.70999908447266,92.02999877929688,90.22000122070312,91.01000213623047,852400
2020-03-06,88.0199966430664,91.12999725341797,87.91000366210938,90.77999877929688,978400
2020-03-09,85.94999694824219,86.94000244140625,83.16000366210938,85.04000091552734,1256000
2020-03-10,88.12999725341797,90.66999816894531,85.52999877929688,90.08000183105469,1218500
2020-03-11,87.88999938964844,88.05000305175781,83.61000061035156,85.37000274658203,1197500
2020-03-12,79.11000061035156,79.72000122070312,71.05000305175781,77.41999816894531,1324400
2020-03-13,81.79000091552734,86.11000061035156,79.87999725341797,84.36000061035156,1506300
2020-03-16,74.23999786376953,83.91999816894531,72.75,80.97000122070312,1189200
2020-03-17,82.6500015258789,94.37000274658203,82.1500015258789,93.73999786376953,1727800
2020-03-18,87.29000091552734,97.5,85.69000244140625,91.02999877929688,1359000
2020-03-19,91.56999969482422,94.05999755859375,82.75,88.45999908447266,1371400
2020-03-20,88.43000030517578,89.22000122070312,81.05000305175781,85.87999725341797,1575300
2020-03-23,84.55999755859375,85.56999969482422,74.26000213623047,76.22000122070312,1680700
2020-03-24,79.91999816894531,81.37000274658203,76.91000366210938,79.58000183105469,1384000
2020-03-25,79.16000366210938,83.63999938964844,76.68000030517578,79.83000183105469,1239600
2020-03-26,80.44000244140625,88.1500015258789,80.19999694824219,87.2699966430664,1004100
2020-03-27,84.23999786376953,87.93000030517578,82.72000122070312,86.08999633789062,729300
2020-03-30,86.91000366210938,91.31999969482422,86.1500015258789,90.76000213623047,844500
2020-03-31,90.55999755859375,91.05999755859375,86.19999694824219,86.83000183105469,1265300
2020-04-01,83.7699966430664,87.51000213623047,83.20999908447266,83.9000015258789,1368700
2020-04-02,83.05000305175781,86.7300033569336,82.55999755859375,83.95999908447266,1719900
2020-04-03,83.02999877929688,85.29000091552734,80.16999816894531,80.51000213623047,1147900
2020-04-06,83.4000015258789,86.1500015258789,82.01000213623047,85.43000030517578,1079800
2020-04-07,87.76000213623047,88.91000366210938,84.54000091552734,85.0,909700
2020-04-08,85.52999877929688,88.86000061035156,84.4000015258789,87.83999633789062,747600
2020-04-09,88.72000122070312,91.75,88.69000244140625,90.45999908447266,1152400
2020-04-13,88.81999969482422,90.0,87.19000244140625,88.86000061035156,748100
2020-04-14,91.0999984741211,91.26000213623047,87.54000091552734,88.5,731200
2020-04-15,86.36000061035156,86.68000030517578,83.97000122070312,85.55000305175781,861100
2020-04-16,86.08000183105469,86.30999755859375,83.13999938964844,85.18000030517578,695700
2020-04-17,87.18000030517578,92.0,86.80000305175781,90.83999633789062,1104900
2020-04-20,87.86000061035156,88.95999908447266,86.04000091552734,86.12000274658203,815700
2020-04-21,84.1500015258789,86.11000061035156,84.04000091552734,85.68000030517578,575200
2020-04-22,87.08999633789062,87.5,85.26000213623047,85.55000305175781,566800
2020-04-23,85.73999786376953,87.6500015258789,85.58000183105469,86.13999938964844,445800
2020-04-24,87.26000213623047,87.30000305175781,85.0,85.98999786376953,604700
2020-04-27,86.4800033569336,90.66000366210938,86.16000366210938,90.16000366210938,1058900
2020-04-28,93.95999908447266,99.0,91.4000015258789,98.29000091552734,1669000
2020-04-29,100.31999969482422,101.69999694824219,97.7699966430664,100.19999694824219,945200
2020-04-30,98.19999694824219,98.77999877929688,95.7699966430664,96.6500015258789,687100
2020-05-01,95.2300033569336,95.2699966430664,93.5,94.75,503700
2020-05-04,94.41000366210938,95.94999694824219,91.66000366210938,95.77999877929688,1060700
2020-05-05,96.45999908447266,96.79000091552734,93.44000244140625,93.4800033569336,878800
2020-05-06,94.05000305175781,95.94000244140625,93.02999877929688,93.4800033569336,563800
2020-05-07,94.37999725341797,95.87000274658203,93.62000274658203,93.79000091552734,628700
2020-05-08,95.62999725341797,99.29000091552734,95.44000244140625,98.13999938964844,591000
2020-05-11,97.0999984741211,98.31999969482422,95.33000183105469,97.5,595500
2020-05-12,97.91000366210938,98.04000091552734,95.11000061035156,95.16000366210938,644900
2020-05-13,94.55000305175781,94.76000213623047,88.54000091552734,89.80000305175781,749600
2020-05-14,89.27999877929688,93.45999908447266,86.93000030517578,93.33999633789062,618700
2020-05-15,92.48999786376953,92.48999786376953,90.01000213623047,90.91999816894531,591700
2020-05-18,94.0999984741211,95.13999938964844,93.2699966430664,93.70999908447266,808200
2020-05-19,92.9000015258789,93.25,90.86000061035156,90.91999816894531,561200
2020-05-20,92.33000183105469,94.33000183105469,92.23999786376953,93.44000244140625,475800
2020-05-21,92.7699966430664,94.75,92.58999633789062,92.91000366210938,403700
2020-05-22,92.80999755859375,93.16999816894531,91.51000213623047,92.98999786376953,390800
2020-05-26,95.0,98.68000030517578,95.0,98.36000061035156,651900
2020-05-27,100.6500015258789,102.5199966430664,100.2699966430664,102.45999908447266,776200
2020-05-28,103.16999816894531,103.41999816894531,99.95999908447266,101.69999694824219,815900
2020-05-29,101.41000366210938,101.69000244140625,99.2699966430664,101.41000366210938,819500
2020-06-01,101.25,102.87999725341797,101.0999984741211,102.62000274658203,495900
2020-06-02,103.58000183105469,104.0,102.43000030517578,102.86000061035156,814400
2020-06-03,104.68000030517578,108.05000305175781,103.94999694824219,107.47000122070312,617000
2020-06-04,106.58000183105469,108.69000244140625,106.58000183105469,108.62999725341797,854200
2020-06-05,111.44000244140625,112.80000305175781,109.58999633789062,110.55999755859375,873700
2020-06-08,109.58000183105469,112.11000061035156,109.54000091552734,111.81999969482422,558800
2020-06-09,110.41999816894531,110.41999816894531,107.68000030517578,107.8499984741211,515600
2020-06-10,106.7300033569336,107.41000366210938,105.19999694824219,105.31999969482422,461900
2020-06-11,102.62000274658203,103.37999725341797,98.04000091552734,98.12999725341797,693300
2020-06-12,100.69999694824219,101.56999969482422,96.2300033569336,98.91999816894531,582500
2020-06-15,96.16000366210938,99.94999694824219,94.72000122070312,99.47000122070312,943000
2020-06-16,102.44999694824219,103.4800033569336,100.36000061035156,100.93000030517578,800200
2020-06-17,101.26000213623047,101.26000213623047,98.72000122070312,99.08000183105469,499200
2020-06-18,98.37999725341797,99.06999969482422,96.9000015258789,97.62000274658203,865400
2020-06-19,98.80999755859375,99.75,97.0199966430664,99.75,3273200
2020-06-22,99.02999877929688,99.2699966430664,97.12000274658203,98.56999969482422,769900
2020-06-23,99.27999877929688,100.5999984741211,99.19000244140625,99.94000244140625,806300
2020-06-24,99.16000366210938,99.55000305175781,97.73999786376953,97.94000244140625,853500
2020-06-25,97.3499984741211,97.54000091552734,93.37999725341797,95.93000030517578,725900
2020-06-26,95.43000030517578,96.5199966430664,94.81999969482422,95.68000030517578,891700
2020-06-29,97.08999633789062,99.5,96.75,98.0199966430664,559700
2020-06-30,97.55000305175781,100.30999755859375,97.11000061035156,99.80000305175781,776400
2020-07-01,99.86000061035156,100.16999816894531,97.72000122070312,99.37000274658203,661800
2020-07-02,100.5,101.0199966430664,98.54000091552734,99.6500015258789,906000
2020-07-06,100.91000366210938,101.9800033569336,98.51000213623047,100.0,742400
2020-07-07,99.01000213623047,99.6500015258789,98.01000213623047,98.66999816894531,577600
2020-07-08,98.33999633789062,98.87999725341797,95.33000183105469,96.30999755859375,607400
2020-07-09,96.52999877929688,96.52999877929688,94.8499984741211,95.37000274658203,606400
2020-07-10,95.95999908447266,98.97000122070312,95.95999908447266,98.88999938964844,484400
2020-07-13,99.25,100.30000305175781,98.2300033569336,98.77999877929688,479100
2020-07-14,98.88999938964844,102.2300033569336,98.86000061035156,102.12000274658203,715200
2020-07-15,104.20999908447266,104.20999908447266,101.61000061035156,102.83999633789062,659800
2020-07-16,102.86000061035156,108.36000061035156,102.72000122070312,107.05000305175781,1011900
2020-07-17,107.31999969482422,107.31999969482422,104.62000274658203,104.70999908447266,879900
2020-07-20,105.13999938964844,105.1500015258789,103.33999633789062,103.72000122070312,370200
2020-07-21,103.68000030517578,105.1500015258789,103.58000183105469,104.12000274658203,455000
2020-07-22,104.05000305175781,104.94999694824219,103.25,104.2699966430664,445800
2020-07-23,103.87000274658203,105.30999755859375,103.13999938964844,103.45999908447266,510300
2020-07-24,103.86000061035156,104.38999938964844,102.41000366210938,102.79000091552734,393800
2020-07-27,102.43000030517578,104.12999725341797,101.36000061035156,103.52999877929688,688400
2020-07-28,103.06999969482422,103.79000091552734,101.0999984741211,101.9800033569336,964300
2020-07-29,102.01000213623047,103.08999633789062,99.5199966430664,101.97000122070312,940700
2020-07-30,100.58000183105469,101.6500015258789,97.70999908447266,98.27999877929688,828400
2020-07-31,100.58000183105469,100.58000183105469,94.61000061035156,96.12000274658203,824900
2020-08-03,96.79000091552734,97.11000061035156,95.47000122070312,95.94999694824219,728300
2020-08-04,94.76000213623047,95.9800033569336,93.95999908447266,95.37000274658203,1750500
2020-08-05,96.29000091552734,97.41000366210938,95.79000091552734,95.86000061035156,758400
2020-08-06,95.95999908447266,96.43000030517578,94.91999816894531,95.01000213623047,696800
2020-08-07,92.16999816894531,95.52999877929688,92.0199966430664,95.47000122070312,2132500
2020-08-10,95.69000244140625,97.55999755859375,95.16999816894531,97.55999755859375,1882100
2020-08-11,98.72000122070312,101.76000213623047,98.56999969482422,100.0,946300
2020-08-12,100.62000274658203,101.43000030517578,98.44999694824219,99.4000015258789,494100
2020-08-13,98.73999786376953,99.83000183105469,98.38999938964844,99.22000122070312,375100
2020-08-14,98.48999786376953,100.47000122070312,98.19999694824219,99.66999816894531,348200
2020-08-17,99.9000015258789,100.66999816894531,98.97000122070312,99.2300033569336,406800
2020-08-18,99.30999755859375,99.77999877929688,97.98999786376953,98.02999877929688,349800
2020-08-19,98.68000030517578,99.88999938964844,97.69000244140625,98.11000061035156,647400
2020-08-20,96.8499984741211,97.68000030517578,95.7300033569336,96.72000122070312,306800
2020-08-21,96.72000122070312,97.3499984741211,95.55000305175781,95.95999908447266,422100
2020-08-24,96.75,100.02999877929688,96.75,99.72000122070312,571500
2020-08-25,100.18000030517578,100.4000015258789,97.76000213623047,99.19000244140625,518000
2020-08-26,98.87000274658203,100.0,98.38999938964844,99.86000061035156,614200
2020-08-27,99.9800033569336,102.41000366210938,99.95999908447266,102.0999984741211,932800
2020-08-28,102.16999816894531,102.94000244140625,101.72000122070312,102.2699966430664,604900
2020-08-31,103.06999969482422,103.2699966430664,100.31999969482422,101.23999786376953,770600
2020-09-01,101.12999725341797,104.23999786376953,100.63999938964844,104.22000122070312,680200
2020-09-02,104.3499984741211,107.19999694824219,103.72000122070312,107.13999938964844,800100
2020-09-03,107.13999938964844,108.04000091552734,104.08999633789062,105.94999694824219,1175200
2020-09-04,106.97000122070312,107.66000366210938,105.12000274658203,106.55000305175781,732800
2020-09-08,105.8499984741211,106.36000061035156,103.44999694824219,103.4800033569336,743800
2020-09-09,104.55000305175781,106.06999969482422,103.86000061035156,104.51000213623047,638900
2020-09-10,104.5999984741211,105.41999816894531,102.68000030517578,103.51000213623047,916500
2020-09-11,103.63999938964844,105.0999984741211,103.05999755859375,104.61000061035156,675600
2020-09-14,104.76000213623047,106.5199966430664,104.2300033569336,105.93000030517578,521100
2020-09-15,106.79000091552734,107.88999938964844,106.79000091552734,107.52999877929688,735500
2020-09-16,108.91000366210938,111.61000061035156,107.83999633789062,111.01000213623047,905900
2020-09-17,109.4800033569336,113.45999908447266,108.11000061035156,112.95999908447266,952100
2020-09-18,112.95999908447266,114.31999969482422,112.61000061035156,113.13999938964844,1177300
2020-09-21,110.5199966430664,111.45999908447266,106.94999694824219,108.02999877929688,736200
2020-09-22,107.80000305175781,109.01000213623047,105.69999694824219,107.1500015258789,644800
2020-09-23,107.2699966430664,107.30000305175781,104.08000183105469,104.1500015258789,636000
2020-09-24,104.22000122070312,105.93000030517578,102.76000213623047,104.2699966430664,382600
2020-09-25,103.02999877929688,109.93000030517578,102.77999877929688,109.44000244140625,1078900
2020-09-28,110.33999633789062,111.68000030517578,108.61000061035156,111.1500015258789,945800
2020-09-29,111.38999938964844,111.45999908447266,108.3499984741211,108.75,630400
2020-09-30,109.36000061035156,110.55999755859375,107.95999908447266,109.05000305175781,676800
2020-10-01,109.76000213623047,110.55999755859375,106.94000244140625,107.6500015258789,547300
2020-10-02,106.33999633789062,109.6500015258789,106.08000183105469,108.41999816894531,622000
2020-10-05,110.16999816894531,111.77999877929688,109.61000061035156,110.94000244140625,795000
2020-10-06,110.55000305175781,111.83999633789062,109.08999633789062,109.41000366210938,474600
2020-10-07,110.54000091552734,112.88999938964844,110.54000091552734,111.97000122070312,378000
2020-10-08,112.2300033569336,113.83999633789062,111.94000244140625,113.80999755859375,323300
2020-10-09,114.55999755859375,115.51000213623047,112.73999786376953,112.9000015258789,493500
2020-10-12,115.75,118.58000183105469,114.5,116.70999908447266,578200
2020-10-13,115.83000183105469,117.19000244140625,115.37000274658203,116.4000015258789,350300
2020-10-14,116.87000274658203,117.83000183105469,116.4000015258789,116.55999755859375,383000
2020-10-15,115.25,118.83000183105469,115.11000061035156,118.69999694824219,398300
2020-10-16,119.38999938964844,120.16999816894531,119.0,119.58999633789062,650500
2020-10-19,120.12000274658203,120.70999908447266,116.91999816894531,117.26000213623047,476500
2020-10-20,118.4000015258789,118.72000122070312,116.0199966430664,116.52999877929688,352700
2020-10-21,116.81999969482422,118.76000213623047,116.69000244140625,117.70999908447266,444500
2020-10-22,117.58999633789062,118.62000274658203,116.52999877929688,118.19000244140625,283100
2020-10-23,118.51000213623047,119.5999984741211,118.19999694824219,119.19999694824219,419300
2020-10-26,118.2300033569336,118.30999755859375,115.19000244140625,115.77999877929688,436300
2020-10-27,115.55000305175781,117.9000015258789,113.91000366210938,113.97000122070312,616000
2020-10-28,111.94000244140625,112.91999816894531,110.87000274658203,111.93000030517578,565600
2020-10-29,112.02999877929688,115.87999725341797,112.02999877929688,114.77999877929688,456500
2020-10-30,114.37000274658203,115.25,112.98999786376953,114.48999786376953,361800
2020-11-02,115.7300033569336,117.9800033569336,115.31999969482422,117.87000274658203,540200
2020-11-03,119.83999633789062,123.98999786376953,119.13999938964844,123.25,646100
2020-11-04,121.70999908447266,121.70999908447266,118.12000274658203,118.41999816894531,392900
2020-11-05,119.5999984741211,123.30000305175781,119.08000183105469,122.54000091552734,313400
2020-11-06,122.6500015258789,124.73999786376953,121.3499984741211,123.20999908447266,704300
2020-11-09,129.7100067138672,131.75,125.33000183105469,126.79000091552734,827200
2020-11-10,126.93000030517578,129.94000244140625,126.05000305175781,129.94000244140625,478800
2020-11-11,130.14999389648438,130.64999389648438,127.37999725341797,127.88999938964844,505200
2020-11-12,126.62000274658203,126.9000015258789,125.12000274658203,126.87000274658203,421500
2020-11-13,127.19999694824219,130.39999389648438,127.19999694824219,129.9499969482422,534700
2020-11-16,132.22999572753906,135.00999450683594,130.82000732421875,134.36000061035156,512700
2020-11-17,133.61000061035156,136.47000122070312,132.2899932861328,135.5800018310547,655800
2020-11-18,135.57000732421875,135.97000122070312,131.82000732421875,131.88999938964844,655000
2020-11-19,131.67999267578125,131.67999267578125,128.5800018310547,129.8000030517578,711900
2020-11-20,129.89999389648438,130.7899932861328,127.63999938964844,129.8000030517578,579300
2020-11-23,131.22999572753906,132.69000244140625,130.24000549316406,131.47000122070312,277100
2020-11-24,133.4199981689453,134.92999267578125,131.92999267578125,134.60000610351562,443200
2020-11-25,133.41000366210938,134.42999267578125,131.50999450683594,131.75,358800
2020-11-27,131.36000061035156,133.00999450683594,130.86000061035156,132.77000427246094,220500
2020-11-30,131.9499969482422,132.2100067138672,129.2100067138672,130.0,696800
2020-12-01,132.52999877929688,133.75,131.0800018310547,131.94000244140625,607000
2020-12-02,131.58999633789062,132.86000061035156,130.24000549316406,131.97999572753906,431600
2020-12-03,132.16000366210938,133.5500030517578,131.1699981689453,131.5399932861328,469000
2020-12-04,132.3000030517578,134.0,132.3000030517578,133.1699981689453,512000
2020-12-07,134.1300048828125,135.02000427246094,132.17999267578125,134.92999267578125,745700
2020-12-08,133.63999938964844,137.5399932861328,133.63999938964844,137.07000732421875,519800
2020-12-09,137.00999450683594,138.9499969482422,135.35000610351562,136.32000732421875,646500
2020-12-10,135.74000549316406,136.97000122070312,134.85000610351562,135.55999755859375,634000
2020-12-11,135.02999877929688,136.80999755859375,134.22999572753906,135.5800018310547,559100
2020-12-14,136.66000366210938,137.10000610351562,131.5399932861328,131.67999267578125,597200
2020-12-15,132.99000549316406,134.5800018310547,132.2899932861328,134.19000244140625,487100
2020-12-16,134.8000030517578,136.17999267578125,134.50999450683594,135.61000061035156,550800
2020-12-17,136.0,136.17999267578125,134.2100067138672,135.64999389648438,500500
2020-12-18,134.72999572753906,135.11000061035156,132.32000732421875,134.86000061035156,1175200
2020-12-21,133.32000732421875,134.5800018310547,130.5,133.77000427246094,454800
2020-12-22,133.82000732421875,134.6999969482422,133.33999633789062,133.80999755859375,598700
2020-12-23,134.1199951171875,136.80999755859375,133.91000366210938,135.72999572753906,1024200
2020-12-24,136.27000427246094,136.38999938964844,134.64999389648438,136.10000610351562,158900
2020-12-28,137.4499969482422,138.0,136.32000732421875,136.77999877929688,300900
2020-12-29,137.1699981689453,137.5399932861328,135.47999572753906,135.6699981689453,305500
2020-12-30,136.13999938964844,138.10000610351562,136.13999938964844,137.47000122070312,251500
2020-12-31,137.55999755859375,138.27999877929688,136.1999969482422,137.91000366210938,397100
2021-01-04,138.41000366210938,139.47000122070312,134.83999633789062,135.75,610500
2021-01-05,136.55999755859375,138.27000427246094,135.25999450683594,137.14999389648438,999800
2021-01-06,138.02999877929688,145.58999633789062,138.02999877929688,144.52000427246094,872400
2021-01-07,144.69000244140625,146.0,144.00999450683594,144.9499969482422,927800
2021-01-08,145.4499969482422,146.57000732421875,143.1300048828125,144.77999877929688,740900
2021-01-11,143.2100067138672,146.99000549316406,142.07000732421875,145.8300018310547,713600
2021-01-12,143.6999969482422,148.13999938964844,143.5399932861328,147.22999572753906,565600
2021-01-13,145.75,146.27999877929688,142.2100067138672,143.64999389648438,863800
2021-01-14,143.8800048828125,144.5500030517578,142.60000610351562,143.0,985800
2021-01-15,141.47000122070312,143.7100067138672,140.22999572753906,142.52999877929688,586600
2021-01-19,143.9499969482422,144.3000030517578,139.5,139.67999267578125,663200
2021-01-20,140.72999572753906,141.00999450683594,138.7100067138672,140.47000122070312,576900
2021-01-21,139.97999572753906,141.60000610351562,139.97999572753906,140.5500030517578,404000
2021-01-22,140.10000610351562,141.11000061035156,139.00999450683594,140.39999389648438,375600
2021-01-25,140.5500030517578,142.63999938964844,140.00999450683594,140.9199981689453,750100
2021-01-26,141.6300048828125,141.89999389648438,139.82000732421875,139.83999633789062,352400
2021-01-27,138.41000366210938,140.1199951171875,135.02999877929688,135.8699951171875,650500
2021-01-28,135.8800048828125,137.4499969482422,129.1199951171875,131.7100067138672,1174400
2021-01-29,130.60000610351562,135.08999633789062,128.94000244140625,134.4600067138672,1379600
2021-02-01,135.5399932861328,136.1300048828125,132.6999969482422,134.64999389648438,975500
2021-02-02,136.13999938964844,137.66000366210938,135.0800018310547,135.55999755859375,537300
2021-02-03,135.66000366210938,136.52000427246094,134.41000366210938,135.63999938964844,522900
2021-02-04,135.8800048828125,136.2899932861328,132.22999572753906,132.3300018310547,1006300
2021-02-05,133.35000610351562,134.02000427246094,132.14999389648438,133.3000030517578,857600
2021-02-08,133.9499969482422,135.17999267578125,132.64999389648438,133.02999877929688,737800
2021-02-09,133.44000244140625,133.8800048828125,131.6699981689453,131.94000244140625,829400
2021-02-10,132.97999572753906,134.1199951171875,132.52000427246094,133.7899932861328,716300
2021-02-11,133.99000549316406,134.49000549316406,130.3699951171875,131.1699981689453,768600
2021-02-12,131.0399932861328,133.9199981689453,131.0399932861328,133.17999267578125,563000
2021-02-16,133.4499969482422,133.57000732421875,131.5,133.0399932861328,638400
2021-02-17,132.75,133.74000549316406,131.94000244140625,133.4199981689453,445200
2021-02-18,132.77999877929688,133.5,132.41000366210938,132.67999267578125,382900
2021-02-19,132.89999389648438,134.83999633789062,132.22999572753906,134.0800018310547,386400
2021-02-22,133.25999450683594,135.0800018310547,133.05999755859375,134.32000732421875,451800
2021-02-23,134.66000366210938,134.8000030517578,132.86000061035156,133.5399932861328,595800
2021-02-24,133.4199981689453,133.97000122070312,131.6199951171875,133.42999267578125,659100
2021-02-25,133.42999267578125,134.61000061035156,132.80999755859375,133.57000732421875,477500
2021-02-26,132.86000061035156,133.72000122070312,131.5,132.02000427246094,803600
2021-03-01,133.25,136.5,133.25,135.88999938964844,617200
2021-03-02,136.1999969482422,137.2899932861328,135.1999969482422,136.41000366210938,706300
2021-03-03,136.4199981689453,137.97999572753906,135.52999877929688,136.50999450683594,443800
2021-03-04,136.4600067138672,137.14999389648438,131.75,134.2100067138672,549500
2021-03-05,135.3000030517578,135.86000061035156,132.16000366210938,134.9499969482422,923100
2021-03-08,135.5,140.25,134.94000244140625,138.42999267578125,818500
2021-03-09,138.24000549316406,141.07000732421875,137.25999450683594,140.0,471400
2021-03-10,139.8000030517578,142.55999755859375,139.8000030517578,140.8300018310547,474800
2021-03-11,140.63999938964844,141.5399932861328,139.2100067138672,139.9600067138672,714900
2021-03-12,139.77999877929688,140.1699981689453,136.99000549316406,137.22000122070312,762800
2021-03-15,136.66000366210938,136.66000366210938,132.9199981689453,134.74000549316406,1005200
2021-03-16,134.17999267578125,135.11000061035156,131.7899932861328,133.5,593400
2021-03-17,133.9199981689453,135.00999450683594,133.49000549316406,134.8800048828125,798900
2021-03-18,135.60000610351562,136.1699981689453,133.99000549316406,133.99000549316406,653300
2021-03-19,134.5,134.5,130.60000610351562,131.02000427246094,1661400
2021-03-22,128.0800018310547,130.7100067138672,127.05999755859375,130.4499969482422,676500
2021-03-23,130.5800018310547,132.94000244140625,128.35000610351562,128.92999267578125,607700
2021-03-24,129.0500030517578,131.9199981689453,129.0500030517578,129.88999938964844,467800
2021-03-25,130.10000610351562,134.22999572753906,129.30999755859375,133.7899932861328,596600
2021-03-26,134.24000549316406,135.72000122070312,133.27999877929688,135.52000427246094,428600
2021-03-29,134.61000061035156,136.4199981689453,134.49000549316406,135.83999633789062,451400
2021-03-30,135.6199951171875,136.32000732421875,135.07000732421875,135.4499969482422,254800
2021-03-31,135.1199951171875,136.13999938964844,133.7899932861328,134.47999572753906,494600
2021-04-01,134.58999633789062,136.1999969482422,133.4499969482422,135.57000732421875,497200
2021-04-05,137.35000610351562,138.02999877929688,136.5399932861328,137.4600067138672,651000
2021-04-06,137.38999938964844,139.85000610351562,136.7899932861328,139.4600067138672,928400
2021-04-07,140.0,140.61000061035156,138.00999450683594,138.0500030517578,522400
2021-04-08,137.22000122070312,137.64999389648438,135.38999938964844,136.24000549316406,724500
2021-04-09,137.0,137.92999267578125,135.61000061035156,137.83999633789062,429700
2021-04-12,138.00999450683594,139.3300018310547,138.0,139.10000610351562,381600
2021-04-13,139.08999633789062,139.63999938964844,136.52000427246094,137.32000732421875,333900
2021-04-14,136.94000244140625,137.66000366210938,136.27000427246094,137.55999755859375,348600
2021-04-15,138.11000061035156,140.3800048828125,137.91000366210938,139.5500030517578,574300
2021-04-16,140.61000061035156,141.42999267578125,138.8800048828125,140.36000061035156,497800
2021-04-19,142.2100067138672,142.4499969482422,139.25,141.1199951171875,554800
2021-04-20,141.1699981689453,141.88999938964844,139.88999938964844,140.80999755859375,391600
2021-04-21,140.8300018310547,142.38999938964844,140.74000549316406,142.25,289700
2021-04-22,142.64999389648438,142.86000061035156,140.5500030517578,140.69000244140625,575700
2021-04-23,141.2899932861328,142.69000244140625,140.69000244140625,142.3300018310547,281500
2021-04-26,143.02000427246094,143.60000610351562,141.8800048828125,143.14999389648438,465400
2021-04-27,142.0,147.1699981689453,141.1999969482422,144.77000427246094,594000
2021-04-28,145.9600067138672,147.02999877929688,144.94000244140625,145.3699951171875,599000
2021-04-29,146.50999450683594,150.07000732421875,146.50999450683594,150.00999450683594,619000
2021-04-30,149.52000427246094,150.22000122070312,147.25,147.64999389648438,550600
2021-05-03,148.63999938964844,150.32000732421875,147.88999938964844,149.47000122070312,342200
2021-05-04,149.60000610351562,151.97999572753906,149.60000610351562,151.8800048828125,545100
2021-05-05,151.8800048828125,153.1300048828125,150.5800018310547,152.1699981689453,528000
2021-05-06,153.0800018310547,153.3800048828125,151.2100067138672,153.24000549316406,338400
2021-05-07,152.22000122070312,153.55999755859375,151.72000122070312,153.16000366210938,224300
2021-05-10,154.1999969482422,156.5399932861328,154.05999755859375,154.55999755859375,370300
2021-05-11,154.6300048828125,156.02999877929688,153.27000427246094,154.85000610351562,469100
2021-05-12,155.16000366210938,155.39999389648438,151.33999633789062,151.55999755859375,359700
2021-05-13,150.80999755859375,155.88999938964844,150.3800048828125,155.0500030517578,254500
2021-05-14,155.19000244140625,155.72000122070312,153.72000122070312,154.25,299100
2021-05-17,154.60000610351562,156.44000244140625,153.88999938964844,155.1300048828125,338200
2021-05-18,153.80999755859375,154.27000427246094,152.02999877929688,152.2100067138672,400400
2021-05-19,151.50999450683594,151.50999450683594,149.3800048828125,150.77000427246094,290800
2021-05-20,150.2899932861328,151.08999633789062,149.25999450683594,149.38999938964844,370700
2021-05-21,149.9199981689453,151.22999572753906,149.61000061035156,150.16000366210938,399900
2021-05-24,151.17999267578125,151.91000366210938,150.5500030517578,151.5,352100
2021-05-25,151.5800018310547,152.16000366210938,148.86000061035156,149.19000244140625,369500
2021-05-26,148.89999389648438,149.5399932861328,147.5500030517578,148.72999572753906,462100
2021-05-27,149.8300018310547,150.41000366210938,148.3699951171875,149.38999938964844,1184900
2021-05-28,149.47999572753906,150.25,148.07000732421875,148.64999389648438,382300
2021-06-01,150.0,150.6199951171875,148.88999938964844,149.7899932861328,431300
2021-06-02,149.24000549316406,149.3300018310547,145.61000061035156,146.44000244140625,1256900
2021-06-03,146.08999633789062,146.52000427246094,145.3300018310547,146.0800018310547,916100
2021-06-04,147.0,147.41000366210938,145.9499969482422,146.75999450683594,583800
2021-06-07,147.3000030517578,147.3000030517578,144.08999633789062,144.32000732421875,680300
2021-06-08,144.27000427246094,145.0,143.47000122070312,144.27000427246094,903000
2021-06-09,143.83999633789062,144.64999389648438,142.9199981689453,142.99000549316406,706900
2021-06-10,144.25,144.25,142.57000732421875,142.6199951171875,484400
2021-06-11,143.27999877929688,144.07000732421875,142.47999572753906,143.85000610351562,1260100
2021-06-14,142.97000122070312,143.25999450683594,138.44000244140625,138.86000061035156,857600
2021-06-15,139.80999755859375,140.6199951171875,138.5399932861328,139.94000244140625,877100
2021-06-16,139.6199951171875,139.6699981689453,138.25999450683594,138.6199951171875,981200
2021-06-17,138.9199981689453,138.97999572753906,133.36000061035156,133.80999755859375,830500
2021-06-18,132.16000366210938,133.24000549316406,131.66000366210938,132.75,1104200
2021-06-21,134.17999267578125,136.24000549316406,134.17999267578125,135.3300018310547,445100
2021-06-22,135.25999450683594,136.02999877929688,134.5500030517578,135.32000732421875,340800
2021-06-23,135.4499969482422,135.57000732421875,134.07000732421875,134.60000610351562,344500
2021-06-24,135.0,135.3800048828125,133.61000061035156,133.8000030517578,541600
2021-06-25,133.9600067138672,136.2100067138672,133.9600067138672,135.25999450683594,590600
2021-06-28,135.2100067138672,135.67999267578125,133.94000244140625,135.58999633789062,434100
2021-06-29,136.02999877929688,137.17999267578125,134.63999938964844,135.07000732421875,474800
2021-06-30,134.52999877929688,135.82000732421875,134.22999572753906,135.4199981689453,474800
2021-07-01,136.0500030517578,137.16000366210938,135.07000732421875,136.5399932861328,414400
2021-07-02,136.75,136.94000244140625,135.22999572753906,136.64999389648438,518200
2021-07-06,136.5800018310547,136.75999450683594,134.38999938964844,135.72000122070312,566600
2021-07-07,135.08999633789062,138.22000122070312,135.08999633789062,137.6199951171875,508200
2021-07-08,135.91000366210938,137.22999572753906,135.02000427246094,136.1300048828125,661400
2021-07-09,138.22000122070312,138.72999572753906,137.44000244140625,138.6300048828125,422300
2021-07-12,137.27999877929688,139.24000549316406,136.1999969482422,138.91000366210938,648000
2021-07-13,139.0800018310547,139.6199951171875,137.22999572753906,137.49000549316406,480500
2021-07-14,137.49000549316406,138.66000366210938,137.00999450683594,137.16000366210938,429500
2021-07-15,136.82000732421875,138.0399932861328,136.24000549316406,136.72000122070312,708500
2021-07-16,137.2899932861328,137.49000549316406,134.60000610351562,134.9199981689453,490800
2021-07-19,132.97999572753906,134.0399932861328,130.64999389648438,132.19000244140625,509300
2021-07-20,132.52000427246094,134.94000244140625,132.02000427246094,132.5800018310547,620400
2021-07-21,133.52999877929688,134.4499969482422,132.41000366210938,132.82000732421875,388500
2021-07-22,132.7899932861328,132.7899932861328,130.7100067138672,131.52000427246094,441300
2021-07-23,131.86000061035156,134.10000610351562,131.25999450683594,133.6300048828125,491000
2021-07-26,133.5,134.9199981689453,132.77999877929688,134.57000732421875,439600
2021-07-27,134.57000732421875,140.5,131.77000427246094,138.08999633789062,803600
2021-07-28,138.13999938964844,139.25999450683594,136.61000061035156,138.94000244140625,480200
2021-07-29,139.25999450683594,141.6999969482422,138.94000244140625,140.22000122070312,1129600
2021-07-30,140.69000244140625,142.27999877929688,140.3000030517578,141.5,816700
2021-08-02,141.64999389648438,142.8699951171875,138.8000030517578,139.27000427246094,636900
2021-08-03,139.55999755859375,140.24000549316406,137.88999938964844,140.2100067138672,539300
2021-08-04,139.3699951171875,140.25999450683594,138.0,138.72999572753906,577900
2021-08-05,139.55999755859375,140.0,137.74000549316406,138.5399932861328,524900
2021-08-06,139.47999572753906,140.86000061035156,139.0800018310547,140.57000732421875,386800
2021-08-09,140.66000366210938,143.30999755859375,140.1699981689453,142.63999938964844,472500
2021-08-10,142.22000122070312,145.0399932861328,142.22000122070312,144.05999755859375,382900
2021-08-11,144.69000244140625,146.0500030517578,144.07000732421875,145.61000061035156,496300
2021-08-12,145.5,146.35000610351562,144.4499969482422,145.4600067138672,432000
2021-08-13,145.57000732421875,146.94000244140625,145.35000610351562,146.4199981689453,349800
2021-08-16,145.8000030517578,146.44000244140625,144.13999938964844,146.08999633789062,577700
2021-08-17,145.6199951171875,146.08999633789062,144.50999450683594,145.6699981689453,422300
2021-08-18,145.14999389648438,146.97000122070312,145.0,145.0500030517578,527800
2021-08-19,144.0500030517578,146.07000732421875,143.69000244140625,145.08999633789062,443800
2021-08-20,145.25999450683594,148.69000244140625,145.25999450683594,148.3000030517578,777200
2021-08-23,149.05999755859375,149.05999755859375,146.49000549316406,146.97999572753906,555700
2021-08-24,147.0,148.1999969482422,146.92999267578125,147.85000610351562,329300
2021-08-25,147.6999969482422,150.52000427246094,147.07000732421875,149.9199981689453,389000
2021-08-26,150.02000427246094,150.1699981689453,148.8300018310547,149.39999389648438,550800
2021-08-27,149.9600067138672,151.77000427246094,149.9600067138672,151.38999938964844,323900
2021-08-30,151.83999633789062,152.6300048828125,151.1300048828125,151.14999389648438,596900
2021-08-31,151.27000427246094,153.41000366210938,151.02999877929688,151.6999969482422,751600
2021-09-01,151.99000549316406,154.35000610351562,150.60000610351562,153.94000244140625,823100
2021-09-02,154.80999755859375,155.77999877929688,152.64999389648438,153.30999755859375,1320700
2021-09-03,152.75,153.36000061035156,151.8800048828125,152.4499969482422,758400
2021-09-07,152.52000427246094,152.6699981689453,151.24000549316406,151.60000610351562,636300
2021-09-08,151.08999633789062,152.30999755859375,150.22000122070312,151.67999267578125,636400
2021-09-09,151.35000610351562,152.30999755859375,151.2899932861328,151.7100067138672,780600
2021-09-10,152.30999755859375,153.7899932861328,151.67999267578125,151.82000732421875,436000
2021-09-13,152.86000061035156,152.86000061035156,150.72000122070312,151.67999267578125,545100
2021-09-14,151.16000366210938,151.16000366210938,147.8800048828125,148.27999877929688,575900
2021-09-15,148.13999938964844,148.4499969482422,145.72999572753906,146.0399932861328,756400
2021-09-16,146.0,146.14999389648438,143.3000030517578,143.7100067138672,1127700
2021-09-17,142.9199981689453,143.1300048828125,140.4499969482422,141.02000427246094,1338000
2021-09-20,139.22999572753906,140.1300048828125,138.10000610351562,139.72000122070312,618200
2021-09-21,140.22000122070312,140.33999633789062,137.9499969482422,138.02000427246094,490500
2021-09-22,139.0500030517578,141.80999755859375,139.02999877929688,140.74000549316406,498500
2021-09-23,141.86000061035156,143.32000732421875,141.35000610351562,142.69000244140625,450200
2021-09-24,142.41000366210938,143.5500030517578,141.8300018310547,141.8699951171875,272400
2021-09-27,141.6199951171875,144.35000610351562,141.6199951171875,143.6300048828125,365600
2021-09-28,143.92999267578125,144.17999267578125,141.77999877929688,142.02999877929688,379900
2021-09-29,142.0500030517578,142.8300018310547,141.13999938964844,141.3800048828125,413300
2021-09-30,141.89999389648438,141.9600067138672,137.3699951171875,137.44000244140625,685700
2021-10-01,137.5,140.0500030517578,136.11000061035156,139.14999389648438,475200
2021-10-04,139.0,140.52000427246094,138.5,139.39999389648438,501300
2021-10-05,139.41000366210938,142.6199951171875,138.2100067138672,141.72000122070312,533300
2021-10-06,140.6999969482422,141.83999633789062,138.5800018310547,141.2100067138672,539600
2021-10-07,142.52000427246094,143.8699951171875,142.08999633789062,142.6699981689453,638200
2021-10-08,142.6699981689453,143.75,138.6199951171875,139.1300048828125,759600
2021-10-11,139.25999450683594,141.05999755859375,138.0,138.08999633789062,744000
2021-10-12,138.52999877929688,140.64999389648438,137.8000030517578,139.52999877929688,514400
2021-10-13,139.52999877929688,140.5500030517578,134.50999450683594,137.24000549316406,822700
2021-10-14,137.99000549316406,139.85000610351562,136.6300048828125,139.11000061035156,627500
2021-10-15,139.83999633789062,140.1699981689453,133.33999633789062,133.7100067138672,1066900
2021-10-18,133.33999633789062,136.3000030517578,132.66000366210938,134.1199951171875,492700
2021-10-19,134.1199951171875,134.1699981689453,132.10000610351562,132.86000061035156,709400
2021-10-20,132.86000061035156,136.8800048828125,132.86000061035156,135.5399932861328,499300
2021-10-21,135.27000427246094,135.77999877929688,133.75,134.75,909700
2021-10-22,135.25999450683594,136.75999450683594,133.97000122070312,133.99000549316406,798900
2021-10-25,134.00999450683594,136.27000427246094,133.11000061035156,133.9199981689453,1647000
2021-10-26,136.25999450683594,139.00999450683594,133.82000732421875,136.02999877929688,1250500
2021-10-27,136.07000732421875,136.2100067138672,132.92999267578125,135.39999389648438,873800
2021-10-28,136.2100067138672,138.94000244140625,135.0,138.8000030517578,824600
2021-10-29,138.2100067138672,139.4199981689453,137.0500030517578,137.3699951171875,521500
2021-11-01,136.4499969482422,136.91000366210938,135.2899932861328,135.4499969482422,401900
2021-11-02,135.44000244140625,135.77000427246094,132.92999267578125,133.7100067138672,536900
2021-11-03,133.4199981689453,135.8800048828125,133.3000030517578,135.3800048828125,559200
2021-11-04,135.00999450683594,136.82000732421875,133.8800048828125,134.39999389648438,441800
2021-11-05,135.19000244140625,136.9499969482422,134.8800048828125,135.3800048828125,314500
2021-11-08,135.88999938964844,136.50999450683594,134.1300048828125,134.3699951171875,539800
2021-11-09,134.02000427246094,135.1999969482422,132.9199981689453,134.19000244140625,549200
2021-11-10,134.07000732421875,135.8800048828125,133.25999450683594,135.4499969482422,724300
2021-11-11,135.52999877929688,136.07000732421875,134.83999633789062,135.10000610351562,323700
2021-11-12,135.52999877929688,136.02000427246094,134.4199981689453,135.08999633789062,258100
2021-11-15,135.49000549316406,135.8000030517578,134.63999938964844,134.82000732421875,496600
2021-11-16,135.0399932861328,135.9199981689453,134.5,134.55999755859375,403000
2021-11-17,134.39999389648438,135.14999389648438,132.5,134.58999633789062,596200
2021-11-18,134.4199981689453,135.14999389648438,132.3000030517578,132.61000061035156,781400
2021-11-19,132.38999938964844,133.99000549316406,132.00999450683594,133.08999633789062,942800
2021-11-22,133.5399932861328,135.85000610351562,132.91000366210938,134.33999633789062,997600
2021-11-23,134.86000061035156,136.1199951171875,134.4600067138672,134.6999969482422,422000
2021-11-24,134.00999450683594,134.17999267578125,131.57000732421875,132.1199951171875,730900
2021-11-26,130.52000427246094,134.6300048828125,130.10000610351562,133.57000732421875,694600
2021-11-29,134.6199951171875,135.0,133.1699981689453,133.6999969482422,670600
2021-11-30,132.3699951171875,133.05999755859375,130.1300048828125,130.58999633789062,1150400
2021-12-01,131.1999969482422,133.02999877929688,129.4499969482422,129.50999450683594,730600
2021-12-02,130.02000427246094,132.55999755859375,130.02000427246094,131.9199981689453,681100
2021-12-03,131.9199981689453,133.69000244140625,131.4199981689453,133.2100067138672,1053400
2021-12-06,134.6699981689453,136.82000732421875,134.39999389648438,136.19000244140625,920900
2021-12-07,136.64999389648438,137.8800048828125,135.24000549316406,135.36000061035156,1176700
2021-12-08,135.67999267578125,136.58999633789062,132.13999938964844,132.22999572753906,608900
2021-12-09,131.3800048828125,132.17999267578125,129.0800018310547,129.22000122070312,1088200
2021-12-10,130.02999877929688,130.02999877929688,127.98999786376953,128.1699981689453,713200
2021-12-13,128.77999877929688,131.08999633789062,128.1699981689453,130.52000427246094,640300
2021-12-14,130.91000366210938,131.64999389648438,130.32000732421875,130.6300048828125,738100
2021-12-15,131.17999267578125,131.8699951171875,129.60000610351562,131.77000427246094,517200
2021-12-16,132.6300048828125,135.10000610351562,132.30999755859375,134.5,1001900
2021-12-17,133.6199951171875,133.75,129.57000732421875,130.02999877929688,1976400
2021-12-20,128.1699981689453,129.35000610351562,124.77999877929688,129.05999755859375,1208300
2021-12-21,129.55999755859375,131.85000610351562,129.55999755859375,130.72999572753906,1484300
2021-12-22,130.72999572753906,131.85000610351562,129.6999969482422,130.99000549316406,854600
2021-12-23,131.5399932861328,132.80999755859375,131.11000061035156,131.3000030517578,453200
2021-12-27,131.1199951171875,133.0399932861328,130.80999755859375,133.0,293400
2021-12-28,133.0,133.94000244140625,132.63999938964844,133.47999572753906,544500
2021-12-29,133.6300048828125,134.9499969482422,133.6199951171875,134.61000061035156,419300
2021-12-30,135.35000610351562,135.74000549316406,134.02000427246094,134.6699981689453,433500
2021-12-31,134.42999267578125,136.55999755859375,134.38999938964844,136.14999389648438,369700
2022-01-03,136.4600067138672,136.66000366210938,133.92999267578125,134.61000061035156,425800
2022-01-04,134.74000549316406,139.82000732421875,134.74000549316406,138.02999877929688,754400
2022-01-05,138.72999572753906,140.35000610351562,137.5399932861328,138.97999572753906,864800
2022-01-06,139.9600067138672,140.2100067138672,136.5500030517578,136.97000122070312,709900
2022-01-07,137.25999450683594,139.11000061035156,137.08999633789062,137.85000610351562,547000
2022-01-10,138.3699951171875,138.72000122070312,134.50999450683594,135.97000122070312,537700
2022-01-11,136.60000610351562,136.60000610351562,134.61000061035156,135.91000366210938,503800
2022-01-12,136.1300048828125,136.3300018310547,133.0,134.0,612700
2022-01-13,134.42999267578125,137.6699981689453,134.00999450683594,137.14999389648438,590600
2022-01-14,135.91000366210938,137.63999938964844,134.82000732421875,137.30999755859375,730900
2022-01-18,136.75999450683594,136.99000549316406,133.0500030517578,134.35000610351562,738200
2022-01-19,135.5500030517578,137.35000610351562,134.72999572753906,137.1199951171875,491200
2022-01-20,136.9199981689453,137.85000610351562,135.14999389648438,135.22000122070312,443500
2022-01-21,135.5,137.0800018310547,133.77000427246094,134.52000427246094,662900
2022-01-24,132.49000549316406,136.97000122070312,131.7899932861328,136.57000732421875,922200
2022-01-25,134.44000244140625,137.52000427246094,133.52000427246094,135.02999877929688,953800
2022-01-26,134.58999633789062,136.50999450683594,131.94000244140625,133.39999389648438,915900
2022-01-27,142.30999755859375,149.74000549316406,142.08999633789062,143.49000549316406,2031200
2022-01-28,143.97000122070312,146.80999755859375,143.25,145.5500030517578,1442800
2022-01-31,147.27000427246094,150.9600067138672,146.3699951171875,150.6300048828125,2080300
2022-02-01,150.5800018310547,150.7100067138672,147.27000427246094,149.4600067138672,761900
2022-02-02,149.1999969482422,149.47000122070312,146.83999633789062,147.25999450683594,658400
2022-02-03,146.9199981689453,149.19000244140625,146.0500030517578,148.17999267578125,713500
2022-02-04,147.42999267578125,149.0500030517578,146.02000427246094,146.6699981689453,610800
2022-02-07,146.66000366210938,149.64999389648438,145.82000732421875,148.38999938964844,875000
2022-02-08,149.9199981689453,151.10000610351562,147.9600067138672,150.5,806900
2022-02-09,150.83999633789062,152.25,150.83999633789062,151.05999755859375,473400
2022-02-10,150.19000244140625,151.7899932861328,148.36000061035156,148.7100067138672,675900
2022-02-11,148.4499969482422,149.64999389648438,147.1999969482422,147.7899932861328,749500
2022-02-14,148.10000610351562,148.10000610351562,145.58999633789062,147.02000427246094,1023500
2022-02-15,148.3000030517578,149.58999633789062,147.27999877929688,148.07000732421875,693900
2022-02-16,147.5,148.8800048828125,147.22999572753906,148.49000549316406,409400
2022-02-17,149.75999450683594,149.75999450683594,148.00999450683594,148.52999877929688,740500
2022-02-18,148.0800018310547,149.6699981689453,147.55999755859375,148.47000122070312,465700
2022-02-22,149.0500030517578,149.9600067138672,147.92999267578125,149.05999755859375,450700
2022-02-23,149.38999938964844,149.5800018310547,145.2100067138672,145.25999450683594,612800
2022-02-24,143.35000610351562,146.52000427246094,141.10000610351562,145.99000549316406,1003300
2022-02-25,146.8000030517578,150.74000549316406,146.8000030517578,149.6199951171875,799100
2022-02-28,147.50999450683594,148.66000366210938,144.92999267578125,147.19000244140625,708900
2022-03-01,146.9600067138672,147.27000427246094,142.72999572753906,143.1199951171875,724700
2022-03-02,143.99000549316406,147.52000427246094,143.66000366210938,147.27999877929688,745100
2022-03-03,148.17999267578125,149.75999450683594,147.41000366210938,148.64999389648438,491800
2022-03-04,146.3000030517578,149.8800048828125,145.63999938964844,149.61000061035156,550400
2022-03-07,149.22999572753906,150.00999450683594,145.0,145.1699981689453,706700
2022-03-08,145.88999938964844,146.75,140.1300048828125,140.8000030517578,953000
2022-03-09,143.8000030517578,148.67999267578125,143.0399932861328,147.64999389648438,990600
2022-03-10,146.5,149.74000549316406,145.9600067138672,149.00999450683594,692600
2022-03-11,150.02999877929688,150.92999267578125,148.7899932861328,149.75,578400
2022-03-14,150.49000549316406,152.10000610351562,149.57000732421875,150.92999267578125,746700
2022-03-15,151.77000427246094,152.94000244140625,149.0800018310547,152.35000610351562,924600
2022-03-16,152.85000610351562,155.92999267578125,152.72000122070312,155.33999633789062,753600
2022-03-17,154.4199981689453,156.4600067138672,152.8699951171875,156.25999450683594,537300
2022-03-18,157.5,157.5,153.97999572753906,156.47000122070312,1367200
2022-03-21,156.8000030517578,157.75,154.77999877929688,156.3300018310547,506600
2022-03-22,157.5800018310547,157.5800018310547,152.72000122070312,153.4600067138672,994700
2022-03-23,152.9499969482422,154.19000244140625,152.1199951171875,152.82000732421875,410700
2022-03-24,153.88999938964844,155.22000122070312,152.58999633789062,152.9600067138672,370700
2022-03-25,153.5500030517578,156.1300048828125,152.2100067138672,156.1300048828125,441400
2022-03-28,156.1999969482422,156.1999969482422,154.3000030517578,155.17999267578125,390300
2022-03-29,156.5800018310547,156.6199951171875,154.5800018310547,156.38999938964844,480500
2022-03-30,156.38999938964844,158.47000122070312,156.0800018310547,156.8699951171875,473300
2022-03-31,156.41000366210938,158.08999633789062,156.11000061035156,156.11000061035156,541500
2022-04-01,157.27000427246094,157.27000427246094,154.41000366210938,155.75999450683594,621500
2022-04-04,154.89999389648438,155.6199951171875,152.8699951171875,155.16000366210938,752900
2022-04-05,154.69000244140625,155.6199951171875,153.44000244140625,154.0800018310547,396300
2022-04-06,153.1199951171875,153.60000610351562,150.25,152.4499969482422,623300
2022-04-07,152.0399932861328,152.75,150.07000732421875,151.3000030517578,1042900
2022-04-08,152.35000610351562,153.91000366210938,151.49000549316406,153.33999633789062,485000
2022-04-11,154.08999633789062,156.9199981689453,154.08999633789062,154.91000366210938,411000
2022-04-12,154.91000366210938,157.99000549316406,154.55999755859375,156.97000122070312,517800
2022-04-13,157.1300048828125,159.97000122070312,157.1300048828125,159.58999633789062,599200
2022-04-14,160.25,164.27000427246094,159.89999389648438,163.02000427246094,604000
2022-04-18,162.80999755859375,164.32000732421875,160.0500030517578,160.7899932861328,670900
2022-04-19,161.38999938964844,164.33999633789062,160.9499969482422,163.94000244140625,642200
2022-04-20,165.0,167.7899932861328,164.97999572753906,166.97000122070312,690400
2022-04-21,167.27000427246094,168.5,165.92999267578125,166.02999877929688,466700
2022-04-22,165.24000549316406,165.50999450683594,161.11000061035156,161.17999267578125,453300
2022-04-25,160.47000122070312,163.10000610351562,158.64999389648438,162.2899932861328,662600
2022-04-26,161.6199951171875,164.8699951171875,159.10000610351562,159.44000244140625,750000
2022-04-27,160.75,163.63999938964844,159.14999389648438,161.64999389648438,586400
2022-04-28,162.39999389648438,163.33999633789062,160.00999450683594,162.85000610351562,565200
2022-04-29,163.27999877929688,163.82000732421875,160.4199981689453,161.1699981689453,636700
2022-05-02,162.19000244140625,162.32000732421875,158.11000061035156,160.07000732421875,612600
2022-05-03,160.72999572753906,162.88999938964844,160.30999755859375,161.69000244140625,783200
2022-05-04,162.17999267578125,165.72000122070312,161.97000122070312,165.61000061035156,559400
2022-05-05,164.0,165.47000122070312,161.5500030517578,163.0500030517578,481900
2022-05-06,162.27000427246094,163.36000061035156,160.4199981689453,162.47000122070312,483700
2022-05-09,161.17999267578125,163.4499969482422,160.25999450683594,160.77999877929688,494100
2022-05-10,161.88999938964844,162.58999633789062,156.7899932861328,160.22000122070312,805000
2022-05-11,159.67999267578125,162.32000732421875,158.5800018310547,158.8300018310547,490900
2022-05-12,159.22000122070312,159.22000122070312,154.55999755859375,156.50999450683594,642400
2022-05-13,157.4499969482422,159.67999267578125,154.60000610351562,155.39999389648438,695800
2022-05-16,155.7100067138672,156.11000061035156,153.82000732421875,155.5399932861328,743900
2022-05-17,157.97999572753906,159.6199951171875,156.57000732421875,158.74000549316406,539100
2022-05-18,157.6199951171875,157.6199951171875,150.47000122070312,151.02000427246094,780800
2022-05-19,150.5500030517578,152.27999877929688,148.22999572753906,150.49000549316406,871700
2022-05-20,152.05999755859375,152.27000427246094,146.83999633789062,149.05999755859375,874100
2022-05-23,150.5399932861328,153.55999755859375,150.22000122070312,152.94000244140625,537300
2022-05-24,152.61000061035156,153.02999877929688,147.89999389648438,151.72000122070312,554500
2022-05-25,151.10000610351562,154.5500030517578,151.10000610351562,153.33999633789062,574800
2022-05-26,154.39999389648438,157.27999877929688,154.39999389648438,156.41000366210938,501700
2022-05-27,157.61000061035156,159.97999572753906,156.60000610351562,159.89999389648438,689700
2022-05-31,158.47999572753906,159.22999572753906,156.38999938964844,157.27999877929688,1292200
2022-06-01,157.02000427246094,158.19000244140625,153.89999389648438,157.47000122070312,621800
2022-06-02,158.6199951171875,159.89999389648438,155.89999389648438,159.69000244140625,602800
2022-06-03,158.80999755859375,160.1699981689453,158.41000366210938,159.1199951171875,327200
2022-06-06,160.0800018310547,161.2100067138672,158.8800048828125,160.83999633789062,547400
2022-06-07,159.64999389648438,162.6699981689453,159.19000244140625,162.3000030517578,530200
2022-06-08,161.17999267578125,162.92999267578125,158.6999969482422,159.6199951171875,497200
2022-06-09,157.8699951171875,158.97999572753906,156.02999877929688,156.16000366210938,525500
2022-06-10,153.67999267578125,153.67999267578125,151.16000366210938,151.5,585200
2022-06-13,148.6699981689453,149.00999450683594,142.9600067138672,143.6699981689453,696600
2022-06-14,142.38999938964844,147.50999450683594,142.2100067138672,147.22999572753906,956700
2022-06-15,148.4600067138672,149.4199981689453,145.24000549316406,147.22999572753906,750600
2022-06-16,144.63999938964844,144.66000366210938,140.10000610351562,141.4499969482422,554200
2022-06-17,142.13999938964844,142.94000244140625,138.75999450683594,139.67999267578125,1115400
2022-06-21,140.39999389648438,142.05999755859375,138.77999877929688,139.50999450683594,794400
2022-06-22,137.5500030517578,139.17999267578125,135.77000427246094,136.60000610351562,628200
2022-06-23,136.10000610351562,137.00999450683594,133.7899932861328,135.8000030517578,586100
2022-06-24,136.77000427246094,140.75,136.47999572753906,140.60000610351562,1185100
2022-06-27,141.0399932861328,142.83999633789062,140.61000061035156,141.69000244140625,622500
2022-06-28,141.99000549316406,143.05999755859375,138.8699951171875,138.9499969482422,543300
2022-06-29,140.0,140.0,137.97999572753906,138.9199981689453,542300
2022-06-30,137.22000122070312,137.8800048828125,135.47999572753906,137.5,867800
2022-07-01,136.8800048828125,139.2899932861328,134.82000732421875,138.75,897600
2022-07-05,137.11000061035156,137.3300018310547,135.10000610351562,137.16000366210938,660500
2022-07-06,137.75,139.08999633789062,135.47999572753906,138.47999572753906,607700
2022-07-07,139.77000427246094,142.19000244140625,139.60000610351562,141.58999633789062,733500
2022-07-08,142.24000549316406,142.24000549316406,139.16000366210938,139.80999755859375,599600
2022-07-11,138.44000244140625,140.1300048828125,137.11000061035156,137.8300018310547,476700
2022-07-12,137.8300018310547,139.4600067138672,137.8300018310547,138.1300048828125,685200
2022-07-13,135.9600067138672,137.6699981689453,135.55999755859375,137.0,486000
2022-07-14,134.4499969482422,136.24000549316406,133.80999755859375,135.44000244140625,501600
2022-07-15,137.4600067138672,137.5800018310547,135.27999877929688,135.8000030517578,475900
2022-07-18,136.72999572753906,137.16000366210938,133.8000030517578,134.2899932861328,710200
2022-07-19,135.6199951171875,138.92999267578125,135.27000427246094,138.27999877929688,452800
2022-07-20,137.94000244140625,139.3300018310547,137.22999572753906,139.02999877929688,398800
2022-07-21,138.80999755859375,141.9499969482422,138.3300018310547,141.8699951171875,580200
2022-07-22,142.47999572753906,143.02999877929688,141.33999633789062,141.60000610351562,466800
2022-07-25,141.9199981689453,144.27999877929688,141.22000122070312,143.91000366210938,1014800
2022-07-26,141.33999633789062,141.86000061035156,134.27000427246094,136.92999267578125,1101000
2022-07-27,136.99000549316406,139.67999267578125,136.35000610351562,139.3300018310547,720900
2022-07-28,140.3699951171875,141.57000732421875,138.33999633789062,140.16000366210938,593900
2022-07-29,141.00999450683594,141.4499969482422,139.42999267578125,140.61000061035156,1341900
2022-08-01,139.75,140.83999633789062,138.35000610351562,138.83999633789062,874900
2022-08-02,138.3699951171875,138.75999450683594,136.9600067138672,138.11000061035156,939800
2022-08-03,139.3800048828125,140.0399932861328,137.2100067138672,139.14999389648438,523100
2022-08-04,138.5,139.42999267578125,137.42999267578125,137.74000549316406,956600
2022-08-05,136.8800048828125,137.82000732421875,133.7899932861328,135.22000122070312,999200
2022-08-08,136.69000244140625,139.0,135.85000610351562,137.97000122070312,591500
2022-08-09,137.85000610351562,138.9600067138672,137.3800048828125,138.94000244140625,608600
2022-08-10,141.35000610351562,142.5800018310547,140.91000366210938,141.17999267578125,458400
2022-08-11,141.52999877929688,142.72999572753906,140.35000610351562,142.05999755859375,516500
2022-08-12,142.94000244140625,144.08999633789062,141.97999572753906,143.9199981689453,369200
2022-08-15,142.85000610351562,143.60000610351562,142.00999450683594,143.32000732421875,357400
2022-08-16,143.0,146.25999450683594,142.85000610351562,145.75999450683594,419400
2022-08-17,143.99000549316406,145.22000122070312,143.4600067138672,144.49000549316406,408400
2022-08-18,144.17999267578125,145.47999572753906,143.05999755859375,145.13999938964844,440800
2022-08-19,144.52000427246094,145.14999389648438,142.64999389648438,143.1699981689453,590400
2022-08-22,141.0399932861328,141.07000732421875,139.27999877929688,140.41000366210938,427100
2022-08-23,140.58999633789062,142.08999633789062,140.58999633789062,141.1300048828125,386300
2022-08-24,140.77999877929688,141.14999389648438,139.25999450683594,139.9600067138672,511800
2022-08-25,140.52000427246094,143.58999633789062,140.33999633789062,143.55999755859375,376800
2022-08-26,143.75999450683594,143.75999450683594,138.77000427246094,138.94000244140625,354800
2022-08-29,137.94000244140625,138.97999572753906,136.86000061035156,137.8699951171875,369900
2022-08-30,138.22000122070312,139.75999450683594,136.5500030517578,139.14999389648438,639000
2022-08-31,139.1300048828125,139.38999938964844,136.8800048828125,136.9199981689453,1149000
2022-09-01,136.27999877929688,136.77000427246094,135.0800018310547,136.47999572753906,797300
2022-09-02,137.99000549316406,139.11000061035156,135.5,136.11000061035156,637200
2022-09-06,136.4199981689453,137.6300048828125,135.57000732421875,136.17999267578125,749800
2022-09-07,136.36000061035156,139.4499969482422,136.36000061035156,139.1999969482422,516100
2022-09-08,137.85000610351562,139.60000610351562,136.41000366210938,139.50999450683594,747900
2022-09-09,140.08999633789062,140.39999389648438,139.0800018310547,139.5800018310547,580300
2022-09-12,140.6699981689453,143.25,140.64999389648438,142.0800018310547,397200
2022-09-13,139.36000061035156,140.02999877929688,137.44000244140625,137.77999877929688,613900
2022-09-14,137.6199951171875,138.0,131.5399932861328,132.07000732421875,879100
2022-09-15,132.0,134.3000030517578,131.75,132.67999267578125,648200
2022-09-16,125.30000305175781,125.33000183105469,116.5999984741211,118.06999969482422,2643600
2022-09-19,118.76000213623047,124.1500015258789,118.4000015258789,124.0999984741211,1215200
2022-09-20,122.13999938964844,122.13999938964844,117.76000213623047,119.41000366210938,958400
2022-09-21,120.16999816894531,122.5999984741211,118.05000305175781,118.0999984741211,767900
2022-09-22,118.01000213623047,118.19000244140625,115.75,115.87999725341797,537700
2022-09-23,114.0999984741211,114.80000305175781,112.45999908447266,113.97000122070312,812900
2022-09-26,113.66000366210938,114.77999877929688,110.7300033569336,112.91999816894531,964200
2022-09-27,114.52999877929688,115.44999694824219,111.7300033569336,113.29000091552734,690900
2022-09-28,114.5999984741211,116.37000274658203,114.23999786376953,115.80999755859375,923100
2022-09-29,113.80000305175781,114.58999633789062,111.9800033569336,114.22000122070312,877800
2022-09-30,113.43000030517578,115.36000061035156,111.94999694824219,112.29000091552734,1133400
2022-10-03,114.05999755859375,116.12000274658203,112.62000274658203,115.0,843100
2022-10-04,117.05999755859375,118.43000030517578,116.54000091552734,118.13999938964844,597100
2022-10-05,116.2699966430664,118.62000274658203,115.4000015258789,117.38999938964844,668200
2022-10-06,116.13999938964844,117.73999786376953,115.52999877929688,115.91999816894531,785900
2022-10-07,114.58000183105469,114.70999908447266,112.83999633789062,113.70999908447266,583700
2022-10-10,114.80999755859375,115.19999694824219,113.33999633789062,114.1500015258789,478100
2022-10-11,113.13999938964844,115.93000030517578,112.25,114.41999816894531,505600
2022-10-12,115.08000183105469,115.08000183105469,113.48999786376953,113.5199966430664,579600
2022-10-13,111.68000030517578,116.62000274658203,110.55999755859375,115.79000091552734,449900
2022-10-14,116.66000366210938,116.95999908447266,113.62000274658203,113.70999908447266,554300
2022-10-17,115.91999816894531,116.94999694824219,115.0199966430664,115.94000244140625,547500
2022-10-18,115.69999694824219,117.77999877929688,115.69999694824219,116.69999694824219,734200
2022-10-19,116.2300033569336,116.38999938964844,113.68000030517578,114.4000015258789,347900
2022-10-20,114.4000015258789,115.7300033569336,112.5199966430664,112.87000274658203,448700
2022-10-21,113.25,117.20999908447266,112.97000122070312,116.94000244140625,617400
2022-10-24,117.44999694824219,117.98999786376953,116.2699966430664,116.27999877929688,684000
2022-10-25,114.51000213623047,117.72000122070312,112.0,115.93000030517578,782200
2022-10-26,115.80000305175781,119.23999786376953,114.7699966430664,116.36000061035156,1024200
2022-10-27,116.55999755859375,121.66000366210938,116.37000274658203,119.25,1262500
2022-10-28,118.83000183105469,121.16000366210938,118.2300033569336,120.69999694824219,858500
2022-10-31,119.86000061035156,121.22000122070312,118.41000366210938,120.20999908447266,863000
2022-11-01,121.76000213623047,122.41000366210938,118.94000244140625,120.58999633789062,831500
2022-11-02,119.80999755859375,122.29000091552734,118.0199966430664,118.54000091552734,881500
2022-11-03,118.2300033569336,122.01000213623047,117.94999694824219,121.2300033569336,1012700
2022-11-04,123.62000274658203,125.37000274658203,122.44000244140625,124.5,990000
2022-11-07,125.16000366210938,125.16999816894531,122.19999694824219,122.61000061035156,768000
2022-11-08,123.13999938964844,123.58000183105469,121.1500015258789,121.61000061035156,1154100
2022-11-09,120.98999786376953,121.31999969482422,119.44000244140625,120.01000213623047,791500
2022-11-10,123.97000122070312,125.12000274658203,121.97000122070312,125.08000183105469,1397300
2022-11-11,126.0,130.25,124.93000030517578,129.47000122070312,764700
2022-11-14,129.25,132.05999755859375,128.67999267578125,129.75,850400
2022-11-15,131.6699981689453,132.8699951171875,129.35000610351562,130.17999267578125,786400
2022-11-16,129.97000122070312,130.6300048828125,129.22999572753906,129.8699951171875,758500
2022-11-17,128.42999267578125,129.6699981689453,127.19000244140625,129.47999572753906,664200
2022-11-18,131.07000732421875,131.5800018310547,128.7100067138672,129.0399932861328,928100
2022-11-21,128.3800048828125,131.97999572753906,127.69000244140625,131.33999633789062,776100
2022-11-22,132.24000549316406,133.5800018310547,131.7899932861328,133.32000732421875,513400
2022-11-23,133.85000610351562,134.5500030517578,132.42999267578125,133.35000610351562,303400
2022-11-25,133.0399932861328,133.7100067138672,132.6199951171875,132.97000122070312,232100
2022-11-28,131.94000244140625,132.00999450683594,129.80999755859375,130.10000610351562,507700
2022-11-29,130.19000244140625,133.30999755859375,130.19000244140625,132.69000244140625,837200
2022-11-30,132.35000610351562,136.6300048828125,131.8300018310547,135.88999938964844,1396900
2022-12-01,136.61000061035156,136.97000122070312,134.77999877929688,136.16000366210938,676000
2022-12-02,135.27000427246094,138.60000610351562,134.66000366210938,137.82000732421875,814200
2022-12-05,136.74000549316406,136.89999389648438,135.1199951171875,135.5800018310547,526300
2022-12-06,135.8300018310547,136.5800018310547,133.6699981689453,134.8300018310547,440100
2022-12-07,134.52999877929688,135.89999389648438,134.4199981689453,135.1999969482422,463700
2022-12-08,135.94000244140625,136.7899932861328,134.5500030517578,135.9600067138672,556800
2022-12-09,135.67999267578125,137.22999572753906,134.6999969482422,135.11000061035156,653400
2022-12-12,135.5,137.14999389648438,134.25999450683594,137.1300048828125,595500
2022-12-13,140.1999969482422,140.4499969482422,135.5800018310547,136.5,713400
2022-12-14,136.27000427246094,137.58999633789062,134.7100067138672,135.3300018310547,636100
2022-12-15,132.1699981689453,133.75999450683594,131.24000549316406,132.8800048828125,709500
2022-12-16,131.13999938964844,131.35000610351562,129.08999633789062,130.5800018310547,1097000
2022-12-19,130.8800048828125,131.6999969482422,127.76000213623047,128.61000061035156,552200
2022-12-20,128.97000122070312,129.5500030517578,127.44000244140625,127.88999938964844,403700
2022-12-21,128.74000549316406,129.25999450683594,128.0399932861328,128.42999267578125,448400
2022-12-22,127.3499984741211,127.7699966430664,124.83000183105469,127.41000366210938,659400
2022-12-23,127.47000122070312,128.99000549316406,126.93000030517578,128.6999969482422,302600
2022-12-27,128.6300048828125,130.7100067138672,128.42999267578125,129.55999755859375,334200
2022-12-28,129.69000244140625,130.60000610351562,127.0,127.01000213623047,257900
2022-12-29,128.19000244140625,129.4199981689453,128.00999450683594,128.6300048828125,287100
2022-12-30,127.41000366210938,128.69000244140625,127.05999755859375,127.91000366210938,367600
2023-01-03,128.33999633789062,129.66000366210938,127.31999969482422,129.05999755859375,508600
2023-01-04,130.2899932861328,131.75999450683594,129.83999633789062,130.8000030517578,597900
2023-01-05,129.6199951171875,130.33999633789062,127.86000061035156,129.8800048828125,577100
2023-01-06,131.4199981689453,132.77999877929688,131.05999755859375,132.19000244140625,514100
2023-01-09,134.27000427246094,135.47999572753906,132.17999267578125,132.47999572753906,804600
2023-01-10,132.74000549316406,133.10000610351562,131.2899932861328,132.72999572753906,466600
2023-01-11,133.2899932861328,134.05999755859375,132.6300048828125,133.5800018310547,461700
2023-01-12,134.58999633789062,136.11000061035156,133.22000122070312,135.97000122070312,509800
2023-01-13,135.25999450683594,135.52999877929688,134.1199951171875,135.39999389648438,568900
2023-01-17,135.47000122070312,136.0500030517578,133.2100067138672,133.5,594000
2023-01-18,134.1699981689453,134.1999969482422,130.8800048828125,130.91000366210938,530300
2023-01-19,130.49000549316406,130.49000549316406,128.2899932861328,129.77000427246094,718500
2023-01-20,130.36000061035156,132.74000549316406,129.2899932861328,132.47999572753906,491800
2023-01-23,132.50999450683594,133.9600067138672,131.33999633789062,132.0500030517578,684900
2023-01-24,130.66000366210938,131.2100067138672,128.86000061035156,130.02999877929688,671400
2023-01-25,129.3699951171875,130.07000732421875,127.12999725341797,129.14999389648438,877800
2023-01-26,127.5,138.82000732421875,127.5,138.6199951171875,1253300
2023-01-27,138.6199951171875,140.30999755859375,137.0500030517578,138.41000366210938,706500
2023-01-30,137.72999572753906,140.97000122070312,137.72999572753906,138.69000244140625,760900
2023-01-31,140.1999969482422,142.6999969482422,137.7899932861328,142.6999969482422,3179300
2023-02-01,140.3699951171875,143.10000610351562,139.44000244140625,142.14999389648438,897900
2023-02-02,142.19000244140625,145.44000244140625,141.3000030517578,145.08999633789062,895600
2023-02-03,144.50999450683594,146.24000549316406,144.3800048828125,144.4199981689453,857900
2023-02-06,143.00999450683594,143.3699951171875,142.02999877929688,142.58999633789062,524100
2023-02-07,142.0,144.0399932861328,140.67999267578125,143.3800048828125,630200
2023-02-08,142.72000122070312,143.24000549316406,140.42999267578125,141.80999755859375,781100
2023-02-09,142.61000061035156,143.25,139.67999267578125,140.10000610351562,606500
2023-02-10,139.6999969482422,140.22000122070312,138.33999633789062,139.9199981689453,554800
2023-02-13,140.3699951171875,142.24000549316406,139.35000610351562,142.0800018310547,424500
2023-02-14,141.92999267578125,143.30999755859375,141.0,142.6300048828125,422500
2023-02-15,141.8800048828125,143.33999633789062,141.3800048828125,142.60000610351562,351700
2023-02-16,141.3000030517578,142.5399932861328,140.4600067138672,141.47999572753906,275500
2023-02-17,141.35000610351562,141.49000549316406,140.08999633789062,141.00999450683594,394300
2023-02-21,139.3000030517578,139.5,133.64999389648438,134.1699981689453,585000
2023-02-22,134.6199951171875,135.63999938964844,133.80999755859375,134.72000122070312,589800
2023-02-23,135.4499969482422,137.50999450683594,134.02999877929688,137.39999389648438,504300
2023-02-24,135.77999877929688,138.00999450683594,135.25999450683594,137.8000030517578,597400
2023-02-27,139.24000549316406,140.07000732421875,135.97000122070312,136.8699951171875,624400
2023-02-28,136.33999633789062,137.52999877929688,136.0399932861328,136.72000122070312,682000
2023-03-01,136.3699951171875,139.58999633789062,136.33999633789062,138.6999969482422,479200
2023-03-02,138.22000122070312,141.27999877929688,138.14999389648438,141.00999450683594,964700
2023-03-03,141.6300048828125,142.94000244140625,139.75999450683594,142.33999633789062,647600
2023-03-06,141.83999633789062,141.83999633789062,137.1699981689453,137.75999450683594,951100
2023-03-07,137.47000122070312,138.58999633789062,136.72999572753906,137.27000427246094,637900
2023-03-08,137.32000732421875,138.82000732421875,137.11000061035156,138.07000732421875,549400
2023-03-09,138.52000427246094,139.0800018310547,135.52000427246094,135.60000610351562,642100
2023-03-10,135.16000366210938,135.16000366210938,131.02999877929688,132.4199981689453,558900
2023-03-13,130.94000244140625,133.50999450683594,129.57000732421875,130.69000244140625,836300
2023-03-14,131.42999267578125,132.4199981689453,129.74000549316406,131.35000610351562,788200
2023-03-15,128.7100067138672,129.44000244140625,127.05999755859375,128.5,938300
2023-03-16,126.94000244140625,130.10000610351562,126.83000183105469,129.1699981689453,794600
2023-03-17,129.4600067138672,129.4600067138672,126.2300033569336,127.31999969482422,4941800
2023-03-20,129.4199981689453,134.24000549316406,129.4199981689453,133.5,961200
2023-03-21,135.3000030517578,135.6199951171875,132.39999389648438,132.9600067138672,819500
2023-03-22,133.30999755859375,133.77000427246094,130.57000732421875,130.72000122070312,523800
2023-03-23,130.39999389648438,132.41000366210938,129.75999450683594,131.0800018310547,556800
2023-03-24,130.35000610351562,133.33999633789062,129.1999969482422,133.14999389648438,470100
2023-03-27,133.8300018310547,133.91000366210938,132.02000427246094,132.25,545400
2023-03-28,132.32000732421875,134.72000122070312,132.32000732421875,134.52000427246094,332200
2023-03-29,135.9499969482422,136.8699951171875,134.77999877929688,136.6699981689453,497400
2023-03-30,137.97999572753906,138.0500030517578,136.92999267578125,137.5800018310547,492800
2023-03-31,138.30999755859375,139.16000366210938,138.07000732421875,138.8300018310547,572100
2023-04-03,138.6300048828125,140.85000610351562,138.6300048828125,140.3000030517578,843500
2023-04-04,140.27999877929688,141.27999877929688,138.24000549316406,138.92999267578125,1159900
2023-04-05,138.9199981689453,140.44000244140625,138.08999633789062,140.38999938964844,653400
2023-04-06,140.72000122070312,141.82000732421875,139.72000122070312,141.14999389648438,703400
2023-04-10,140.75,141.6699981689453,139.8800048828125,140.9499969482422,478900
2023-04-11,141.9499969482422,144.4199981689453,141.6999969482422,143.24000549316406,597100
2023-04-12,144.1300048828125,144.64999389648438,141.75999450683594,142.19000244140625,480300
2023-04-13,142.36000061035156,143.10000610351562,140.38999938964844,142.41000366210938,420700
2023-04-14,141.86000061035156,142.75999450683594,139.75999450683594,141.16000366210938,508100
2023-04-17,141.58999633789062,142.9600067138672,140.77999877929688,142.88999938964844,454800
2023-04-18,143.05999755859375,143.5800018310547,141.6699981689453,142.8800048828125,429000
2023-04-19,142.6199951171875,143.02999877929688,141.42999267578125,142.3699951171875,780700
2023-04-20,142.49000549316406,143.5500030517578,141.02999877929688,143.33999633789062,566000
2023-04-21,143.17999267578125,143.61000061035156,141.1699981689453,143.22999572753906,480700
2023-04-24,143.6699981689453,145.1699981689453,143.6699981689453,144.91000366210938,822500
2023-04-25,134.63999938964844,138.27000427246094,133.6999969482422,134.3800048828125,1351000
2023-04-26,132.80999755859375,134.52000427246094,131.75,132.08999633789062,799600
2023-04-27,132.00999450683594,133.33999633789062,130.1699981689453,133.30999755859375,930200
2023-04-28,133.57000732421875,136.08999633789062,133.1300048828125,135.25999450683594,645600
2023-05-01,134.7100067138672,138.47999572753906,134.7100067138672,138.14999389648438,924500
2023-05-02,137.22000122070312,137.22000122070312,131.64999389648438,133.5500030517578,919200
2023-05-03,134.1999969482422,136.02000427246094,133.30999755859375,133.64999389648438,917800
2023-05-04,133.8699951171875,134.4600067138672,132.1300048828125,133.0500030517578,657000
2023-05-05,134.60000610351562,136.5500030517578,134.22000122070312,135.3699951171875,536300
2023-05-08,135.97999572753906,136.88999938964844,134.75999450683594,136.02999877929688,439800
2023-05-09,135.88999938964844,135.89999389648438,132.89999389648438,133.35000610351562,651900
2023-05-10,134.25,134.64999389648438,131.19000244140625,133.27999877929688,601700
2023-05-11,132.39999389648438,133.16000366210938,131.66000366210938,132.33999633789062,454300
2023-05-12,132.97999572753906,133.4499969482422,131.2100067138672,132.4199981689453,323400
2023-05-15,132.33999633789062,132.33999633789062,129.7100067138672,130.44000244140625,685300
2023-05-16,129.38999938964844,129.8300018310547,126.81999969482422,127.0,808500
2023-05-17,127.48999786376953,129.19000244140625,126.9800033569336,128.9600067138672,490600
2023-05-18,128.55999755859375,129.30999755859375,127.37000274658203,129.22999572753906,398800
2023-05-19,130.25999450683594,130.6999969482422,128.47999572753906,129.4499969482422,399700
2023-05-22,129.1199951171875,130.2899932861328,127.79000091552734,129.07000732421875,679500
2023-05-23,128.92999267578125,129.5800018310547,127.6500015258789,127.93000030517578,619600
2023-05-24,127.37999725341797,128.07000732421875,126.2699966430664,127.41000366210938,474600
2023-05-25,126.75,127.8499984741211,125.91000366210938,127.33000183105469,513600
2023-05-26,127.87999725341797,129.0399932861328,127.01000213623047,127.19999694824219,355600
2023-05-30,126.98999786376953,127.3499984741211,124.81999969482422,126.38999938964844,430500
2023-05-31,125.79000091552734,126.19000244140625,123.70999908447266,124.02999877929688,893500
2023-06-01,124.86000061035156,125.62000274658203,122.19999694824219,124.83000183105469,891300
2023-06-02,126.37000274658203,128.14999389648438,125.86000061035156,128.0800018310547,919900
2023-06-05,127.73999786376953,128.57000732421875,126.37000274658203,127.1500015258789,844000
2023-06-06,126.94999694824219,130.1699981689453,126.94999694824219,129.57000732421875,507900
2023-06-07,130.2100067138672,133.1300048828125,129.5399932861328,132.85000610351562,515800
2023-06-08,133.11000061035156,133.11000061035156,130.3300018310547,130.82000732421875,646600
2023-06-09,130.6999969482422,131.47000122070312,129.2100067138672,130.8000030517578,408100
2023-06-12,129.89999389648438,131.4199981689453,128.55999755859375,130.83999633789062,517600
2023-06-13,131.5800018310547,134.1699981689453,131.3800048828125,131.9600067138672,843900
2023-06-14,131.75999450683594,133.66000366210938,130.86000061035156,131.36000061035156,610300
2023-06-15,130.92999267578125,133.19000244140625,130.57000732421875,132.66000366210938,461700
2023-06-16,133.0399932861328,133.8699951171875,131.3000030517578,132.4199981689453,1738200
2023-06-20,131.36000061035156,132.80999755859375,130.77999877929688,131.67999267578125,688800
2023-06-21,130.92999267578125,132.75,129.6300048828125,131.66000366210938,600400
2023-06-22,131.2899932861328,131.2899932861328,129.52000427246094,130.80999755859375,542300
2023-06-23,129.6199951171875,130.4499969482422,128.6199951171875,128.82000732421875,837000
2023-06-26,129.17999267578125,131.47000122070312,129.17999267578125,130.9199981689453,442600
2023-06-27,130.9499969482422,132.5,129.72999572753906,131.66000366210938,473600
2023-06-28,131.25999450683594,131.61000061035156,127.9000015258789,129.39999389648438,875400
2023-06-29,128.88999938964844,132.0,128.74000549316406,131.86000061035156,881200
2023-06-30,131.5,132.75999450683594,130.35000610351562,132.16000366210938,648800
2023-07-03,131.9199981689453,133.5,131.77999877929688,132.61000061035156,363500
2023-07-05,130.6199951171875,130.64999389648438,128.97999572753906,130.02999877929688,784800
2023-07-06,129.24000549316406,130.5500030517578,127.69999694824219,130.14999389648438,695400
2023-07-07,129.82000732421875,133.67999267578125,129.82000732421875,132.5,701900
2023-07-10,131.5800018310547,133.00999450683594,130.91000366210938,131.92999267578125,610600
2023-07-11,132.33999633789062,133.00999450683594,131.7100067138672,132.50999450683594,621600
2023-07-12,133.85000610351562,134.5,132.72000122070312,133.44000244140625,415100
2023-07-13,133.11000061035156,134.57000732421875,132.77000427246094,134.05999755859375,497600
2023-07-14,134.0,134.6699981689453,133.2100067138672,134.2100067138672,564500
2023-07-17,133.42999267578125,134.63999938964844,132.6999969482422,133.99000549316406,508700
2023-07-18,133.60000610351562,135.47999572753906,133.60000610351562,135.41000366210938,498000
2023-07-19,135.22999572753906,136.02999877929688,134.39999389648438,135.8699951171875,590600
2023-07-20,136.52000427246094,136.94000244140625,135.10000610351562,135.97999572753906,386500
2023-07-21,136.02000427246094,137.5399932861328,135.5399932861328,137.35000610351562,677200
2023-07-24,137.66000366210938,139.41000366210938,136.5399932861328,138.6699981689453,1005100
2023-07-25,145.07000732421875,154.35000610351562,144.50999450683594,152.64999389648438,2218300
2023-07-26,151.6999969482422,151.8000030517578,148.02000427246094,150.5500030517578,1378900
2023-07-27,151.88999938964844,155.39999389648438,150.60000610351562,152.42999267578125,917000
2023-07-28,154.5,155.38999938964844,152.24000549316406,152.82000732421875,561100
2023-07-31,153.02000427246094,154.5800018310547,152.52999877929688,153.35000610351562,728300
2023-08-01,152.69000244140625,154.1300048828125,151.99000549316406,153.10000610351562,653500
2023-08-02,153.27999877929688,156.1999969482422,152.25999450683594,154.63999938964844,674400
2023-08-03,156.61000061035156,158.66000366210938,153.88999938964844,155.22000122070312,1090200
2023-08-04,155.75999450683594,157.08999633789062,153.58999633789062,153.88999938964844,874900
2023-08-07,154.24000549316406,155.1999969482422,152.17999267578125,153.0500030517578,667300
2023-08-08,151.4600067138672,152.9600067138672,149.8699951171875,152.4499969482422,582300
2023-08-09,152.7100067138672,153.24000549316406,151.75999450683594,152.19000244140625,393700
2023-08-10,153.22999572753906,153.5,151.92999267578125,152.83999633789062,679800
2023-08-11,152.0500030517578,153.17999267578125,151.5800018310547,152.02000427246094,288000
2023-08-14,151.88999938964844,151.88999938964844,150.47000122070312,150.83999633789062,348800
2023-08-15,149.36000061035156,149.80999755859375,147.61000061035156,147.7100067138672,457600
2023-08-16,147.5500030517578,148.8699951171875,147.13999938964844,147.30999755859375,408700
2023-08-17,148.14999389648438,149.0399932861328,146.1300048828125,146.6999969482422,497300
2023-08-18,145.72000122070312,147.39999389648438,145.72000122070312,146.97999572753906,405800
2023-08-21,147.0399932861328,147.25,144.91000366210938,145.24000549316406,338800
2023-08-22,145.52999877929688,146.32000732421875,144.7100067138672,145.07000732421875,328300
2023-08-23,145.4199981689453,145.5399932861328,144.64999389648438,145.39999389648438,361500
2023-08-24,145.05999755859375,146.97000122070312,144.35000610351562,144.5800018310547,268200
2023-08-25,145.32000732421875,146.74000549316406,144.6999969482422,146.0399932861328,349900
2023-08-28,146.8000030517578,148.75999450683594,146.8000030517578,147.82000732421875,260800
2023-08-29,147.86000061035156,149.10000610351562,147.58999633789062,149.05999755859375,284900
2023-08-30,149.3800048828125,150.1300048828125,148.82000732421875,149.39999389648438,271200
2023-08-31,149.42999267578125,149.8000030517578,148.82000732421875,149.10000610351562,488000
2023-09-01,149.8300018310547,150.5800018310547,149.00999450683594,149.55999755859375,396800
2023-09-05,148.42999267578125,148.58999633789062,145.25999450683594,145.52000427246094,418700
2023-09-06,145.80999755859375,146.1300048828125,144.00999450683594,144.77999877929688,628600
2023-09-07,146.00999450683594,146.72999572753906,144.14999389648438,144.75,953300
2023-09-08,144.49000549316406,146.6199951171875,144.49000549316406,146.55999755859375,375500
2023-09-11,147.75999450683594,148.35000610351562,145.94000244140625,146.25999450683594,377000
2023-09-12,146.61000061035156,147.80999755859375,144.47000122070312,146.9600067138672,387300
2023-09-13,147.1699981689453,148.16000366210938,146.16000366210938,147.55999755859375,507500
2023-09-14,149.33999633789062,150.82000732421875,148.57000732421875,150.75,508100
2023-09-15,150.50999450683594,151.66000366210938,149.25999450683594,149.75,1049800
2023-09-18,150.47999572753906,151.97000122070312,149.72000122070312,151.75,622200
2023-09-19,152.0,152.92999267578125,150.30999755859375,150.89999389648438,394100
2023-09-20,151.1199951171875,152.22000122070312,150.10000610351562,150.1199951171875,412900
2023-09-21,151.17999267578125,152.97000122070312,149.67999267578125,149.80999755859375,442500
2023-09-22,149.0399932861328,150.55999755859375,148.7899932861328,149.05999755859375,366200
2023-09-25,149.02999877929688,151.22999572753906,148.8699951171875,150.85000610351562,407000
2023-09-26,149.9600067138672,151.16000366210938,149.00999450683594,149.1199951171875,464300
2023-09-27,151.25999450683594,152.6999969482422,150.49000549316406,151.88999938964844,600700
2023-09-28,152.24000549316406,154.19000244140625,151.8300018310547,153.77999877929688,409000
2023-09-29,154.52999877929688,155.02999877929688,153.35000610351562,153.5500030517578,485600
2023-10-02,153.0,153.85000610351562,151.2899932861328,153.27999877929688,757700
2023-10-03,151.82000732421875,153.9499969482422,150.74000549316406,151.6699981689453,839900
2023-10-04,152.6199951171875,153.6999969482422,151.49000549316406,153.3300018310547,646700
2023-10-05,152.6999969482422,153.9600067138672,151.9199981689453,152.5500030517578,479000
2023-10-06,152.5500030517578,153.11000061035156,151.4499969482422,151.5399932861328,515600
2023-10-09,151.5500030517578,154.5399932861328,151.22000122070312,153.72999572753906,390800
2023-10-10,154.14999389648438,155.77999877929688,154.0399932861328,154.6300048828125,488700
2023-10-11,155.0399932861328,155.63999938964844,153.1699981689453,154.30999755859375,317400
2023-10-12,154.22999572753906,154.22999572753906,151.13999938964844,151.60000610351562,511700
2023-10-13,152.55999755859375,153.10000610351562,151.1199951171875,151.3699951171875,383100
2023-10-16,152.7100067138672,153.36000061035156,152.25,152.44000244140625,514700
2023-10-17,151.24000549316406,153.61000061035156,151.0,152.8699951171875,485000
2023-10-18,153.16000366210938,155.5,152.22999572753906,153.0500030517578,904900
2023-10-19,152.13999938964844,152.9499969482422,149.08999633789062,149.5500030517578,447600
2023-10-20,149.47999572753906,149.47999572753906,144.1199951171875,144.47999572753906,664300
2023-10-23,144.8300018310547,145.63999938964844,143.82000732421875,144.5399932861328,1077300
2023-10-24,146.77000427246094,150.9199981689453,145.02999877929688,148.92999267578125,1288600
2023-10-25,149.25,150.50999450683594,147.25,148.8800048828125,904200
2023-10-26,148.8000030517578,152.9199981689453,148.7899932861328,150.63999938964844,795400
2023-10-27,150.5399932861328,151.25,148.82000732421875,150.17999267578125,540400
2023-10-30,151.3699951171875,152.47000122070312,150.50999450683594,151.6999969482422,456700
2023-10-31,152.3800048828125,154.86000061035156,152.25,153.0500030517578,601100
2023-11-01,153.27999877929688,155.16000366210938,153.00999450683594,153.60000610351562,574800
2023-11-02,154.47999572753906,155.8800048828125,154.3300018310547,155.4199981689453,628100
2023-11-03,156.83999633789062,159.17999267578125,156.52999877929688,158.27000427246094,449800
2023-11-06,157.99000549316406,158.11000061035156,156.6300048828125,157.27000427246094,774500
2023-11-07,156.2899932861328,157.44000244140625,156.05999755859375,156.63999938964844,656700
2023-11-08,156.91000366210938,157.2899932861328,155.32000732421875,156.1300048828125,455000
2023-11-09,157.1199951171875,157.1199951171875,155.35000610351562,155.69000244140625,508200
2023-11-10,155.14999389648438,156.64999389648438,153.9499969482422,155.6300048828125,496900
2023-11-13,155.1699981689453,155.63999938964844,152.8000030517578,153.47000122070312,566500
2023-11-14,154.69000244140625,158.5399932861328,154.27999877929688,157.8800048828125,678900
2023-11-15,158.10000610351562,159.25,157.99000549316406,158.39999389648438,468000
2023-11-16,157.8000030517578,159.1300048828125,154.3800048828125,155.49000549316406,506400
2023-11-17,156.30999755859375,156.7100067138672,155.13999938964844,155.30999755859375,418000
2023-11-20,154.72999572753906,154.72999572753906,148.5,153.0800018310547,1010300
2023-11-21,153.16000366210938,153.8699951171875,151.74000549316406,153.5,518300
2023-11-22,153.80999755859375,154.61000061035156,152.99000549316406,154.2100067138672,340000
2023-11-24,155.35000610351562,156.41000366210938,154.63999938964844,155.1300048828125,166600
2023-11-27,154.1999969482422,162.9499969482422,153.5800018310547,158.6999969482422,1560900
2023-11-28,159.47999572753906,160.10000610351562,156.8699951171875,158.13999938964844,743800
2023-11-29,158.22999572753906,163.3699951171875,158.07000732421875,161.85000610351562,883400
2023-11-30,164.07000732421875,169.05999755859375,163.24000549316406,168.00999450683594,1853100
2023-12-01,167.52000427246094,171.61000061035156,167.41000366210938,169.7100067138672,1028600
2023-12-04,168.0,169.35000610351562,167.47999572753906,168.35000610351562,758900
2023-12-05,167.44000244140625,167.97999572753906,164.3000030517578,165.2899932861328,864500
2023-12-06,165.52999877929688,166.63999938964844,163.74000549316406,164.2100067138672,714200
2023-12-07,164.2899932861328,164.75,162.75999450683594,164.32000732421875,804200
2023-12-08,163.8300018310547,165.14999389648438,163.41000366210938,163.8800048828125,507100
2023-12-11,163.72999572753906,165.42999267578125,163.4199981689453,165.1999969482422,617000
2023-12-12,164.8000030517578,164.89999389648438,161.24000549316406,161.74000549316406,472000
2023-12-13,161.57000732421875,166.27000427246094,160.67999267578125,165.77000427246094,923000
2023-12-14,167.11000061035156,168.57000732421875,166.25,167.35000610351562,652300
2023-12-15,165.3699951171875,166.75999450683594,163.6300048828125,164.75999450683594,1214900
2023-12-18,165.5,165.9600067138672,164.0,164.2100067138672,562000
2023-12-19,164.9199981689453,165.67999267578125,164.24000549316406,164.42999267578125,399200
2023-12-20,163.9600067138672,164.97999572753906,162.4199981689453,162.5399932861328,471400
2023-12-21,163.55999755859375,163.8800048828125,162.10000610351562,163.24000549316406,380600
2023-12-22,163.57000732421875,164.27999877929688,162.8699951171875,163.67999267578125,366000
2023-12-26,163.6300048828125,164.52000427246094,163.50999450683594,163.99000549316406,373100
2023-12-27,164.1300048828125,165.0399932861328,163.72000122070312,165.00999450683594,442800
2023-12-28,165.1199951171875,165.17999267578125,163.05999755859375,163.3300018310547,511700
2023-12-29,163.00999450683594,164.16000366210938,162.47000122070312,162.91000366210938,564100
2024-01-02,162.9499969482422,164.9499969482422,162.88999938964844,163.88999938964844,820900
2024-01-03,162.88999938964844,164.52999877929688,161.92999267578125,163.64999389648438,821800
2024-01-04,163.8300018310547,166.08999633789062,163.75999450683594,165.6699981689453,786600
2024-01-05,165.32000732421875,168.11000061035156,164.5,167.75,1011000
2024-01-08,167.8699951171875,169.00999450683594,167.0800018310547,168.6300048828125,764700
2024-01-09,167.85000610351562,168.1999969482422,165.6699981689453,167.13999938964844,518200
2024-01-10,166.64999389648438,167.69000244140625,165.25,165.9499969482422,534900
2024-01-11,166.49000549316406,167.32000732421875,164.4499969482422,166.4600067138672,624700
2024-01-12,167.32000732421875,167.3300018310547,165.00999450683594,166.16000366210938,382200
2024-01-16,165.24000549316406,165.4600067138672,163.67999267578125,165.08999633789062,598800
2024-01-17,163.7899932861328,165.22999572753906,162.94000244140625,164.27000427246094,448500
2024-01-18,164.16000366210938,164.8000030517578,162.32000732421875,164.3000030517578,711400
2024-01-19,164.4199981689453,165.02999877929688,162.74000549316406,164.3800048828125,509000
2024-01-22,163.74000549316406,165.30999755859375,162.86000061035156,165.24000549316406,539800
2024-01-23,166.5,167.10000610351562,165.02000427246094,166.49000549316406,669100
2024-01-24,167.3000030517578,167.9499969482422,164.8000030517578,165.00999450683594,859600
2024-01-25,172.47000122070312,176.97000122070312,170.99000549316406,171.67999267578125,1508500
2024-01-26,172.60000610351562,173.5,171.07000732421875,171.9600067138672,700900
2024-01-29,171.1199951171875,171.22000122070312,168.86000061035156,169.6999969482422,790500
2024-01-30,169.14999389648438,170.41000366210938,167.89999389648438,169.07000732421875,619200
2024-01-31,169.4199981689453,169.83999633789062,164.8000030517578,165.8800048828125,1862900
2024-02-01,166.6300048828125,167.0,162.7100067138672,163.13999938964844,1055100
2024-02-02,161.8699951171875,162.9499969482422,160.22999572753906,161.3699951171875,805500
2024-02-05,160.25999450683594,163.1699981689453,159.57000732421875,162.5800018310547,801100
2024-02-06,162.41000366210938,163.75999450683594,161.5500030517578,163.02999877929688,689500
2024-02-07,164.55999755859375,165.6199951171875,163.2899932861328,165.30999755859375,589400
2024-02-08,165.94000244140625,167.42999267578125,164.58999633789062,166.8699951171875,532100
2024-02-09,166.75,168.38999938964844,166.1999969482422,168.3300018310547,474500
2024-02-12,168.75999450683594,169.72000122070312,168.05999755859375,168.2100067138672,287000
2024-02-13,166.55999755859375,167.30999755859375,163.67999267578125,164.8300018310547,517400
2024-02-14,165.22000122070312,166.24000549316406,164.1999969482422,165.39999389648438,493900
2024-02-15,165.49000549316406,167.3699951171875,165.1999969482422,166.89999389648438,438000
2024-02-16,166.02000427246094,168.67999267578125,166.02000427246094,167.97999572753906,623600
2024-02-20,167.92999267578125,172.27000427246094,167.60000610351562,169.61000061035156,733600
2024-02-21,169.52000427246094,171.64999389648438,169.5,171.5399932861328,688400
2024-02-22,171.61000061035156,174.14999389648438,171.41000366210938,173.1999969482422,801900
2024-02-23,173.4199981689453,175.83999633789062,173.4199981689453,175.41000366210938,644800
2024-02-26,175.3000030517578,175.3000030517578,173.08999633789062,174.0800018310547,445800
2024-02-27,174.6999969482422,175.10000610351562,173.5399932861328,174.77999877929688,346700
2024-02-28,174.02000427246094,176.4199981689453,173.41000366210938,176.36000061035156,411200
2024-02-29,178.0,183.9499969482422,178.0,181.19000244140625,1822200
2024-03-01,180.47000122070312,182.97999572753906,179.41000366210938,180.19000244140625,498900
2024-03-04,183.77999877929688,188.61000061035156,182.30999755859375,185.42999267578125,973900
2024-03-05,184.7899932861328,186.0500030517578,183.72999572753906,184.47999572753906,597800
2024-03-06,185.4199981689453,185.5,181.8800048828125,183.33999633789062,857000
2024-03-07,184.72000122070312,185.41000366210938,183.33999633789062,184.8300018310547,776500
2024-03-08,185.41000366210938,186.75999450683594,184.49000549316406,186.0800018310547,461200
2024-03-11,185.52000427246094,188.1300048828125,183.64999389648438,187.67999267578125,544100
2024-03-12,187.5399932861328,188.3800048828125,185.5,186.72000122070312,390000
2024-03-13,187.5,187.86000061035156,183.7100067138672,184.4199981689453,621000
2024-03-14,183.16000366210938,183.72999572753906,181.88999938964844,183.00999450683594,505100
2024-03-15,182.27000427246094,184.6999969482422,182.22999572753906,182.91000366210938,2085000
2024-03-18,182.3800048828125,182.94000244140625,180.5399932861328,180.97999572753906,526300
2024-03-19,181.4499969482422,184.91000366210938,181.4499969482422,183.24000549316406,924500
2024-03-20,183.3000030517578,185.11000061035156,182.52000427246094,184.22000122070312,545300
2024-03-21,184.99000549316406,186.5399932861328,183.75999450683594,185.00999450683594,682300
2024-03-22,185.85000610351562,186.1300048828125,184.42999267578125,184.72000122070312,578400
2024-03-25,184.64999389648438,187.66000366210938,184.36000061035156,187.30999755859375,510800
2024-03-26,187.32000732421875,189.32000732421875,186.80999755859375,186.8699951171875,597900
2024-03-27,187.02000427246094,189.02000427246094,186.97999572753906,188.94000244140625,484100
2024-03-28,189.1300048828125,190.61000061035156,188.6699981689453,189.77999877929688,504300
2024-04-01,189.47999572753906,190.07000732421875,188.11000061035156,188.75,389900
2024-04-02,188.25999450683594,188.2899932861328,186.27999877929688,187.5,377800
2024-04-03,187.38999938964844,189.24000549316406,187.38999938964844,188.67999267578125,411700
2024-04-04,189.99000549316406,190.5,186.80999755859375,187.66000366210938,391500
2024-04-05,187.9199981689453,188.97000122070312,186.8800048828125,187.6699981689453,388400
2024-04-08,189.27000427246094,190.74000549316406,187.74000549316406,190.7100067138672,680400
2024-04-09,191.02999877929688,191.27000427246094,187.94000244140625,189.86000061035156,453300
2024-04-10,188.44000244140625,189.02999877929688,186.14999389648438,187.82000732421875,429600
2024-04-11,187.8300018310547,188.10000610351562,186.25,186.27999877929688,432900
2024-04-12,179.47000122070312,184.0,178.4199981689453,182.1999969482422,516100
2024-04-15,185.97999572753906,187.99000549316406,180.1699981689453,180.36000061035156,605600
2024-04-16,180.25999450683594,181.14999389648438,178.52999877929688,179.5800018310547,663300
2024-04-17,180.89999389648438,182.14999389648438,178.3000030517578,178.50999450683594,641100
2024-04-18,179.41000366210938,179.41000366210938,177.32000732421875,178.25,532900
2024-04-19,177.91000366210938,180.91000366210938,177.69000244140625,179.88999938964844,2529200
2024-04-22,179.63999938964844,180.49000549316406,176.19000244140625,179.2899932861328,689100
2024-04-23,169.6999969482422,173.83999633789062,169.0,170.8800048828125,1436800
2024-04-24,171.99000549316406,174.91000366210938,171.02000427246094,173.9199981689453,871000
2024-04-25,172.6999969482422,173.11000061035156,169.7899932861328,171.25,541800
2024-04-26,172.25999450683594,173.52000427246094,171.64999389648438,172.85000610351562,497300
2024-04-29,176.35000610351562,180.69000244140625,176.35000610351562,177.0500030517578,874600
2024-04-30,174.99000549316406,176.52999877929688,172.72999572753906,172.97999572753906,539600
2024-05-01,173.3800048828125,176.4600067138672,172.3699951171875,174.1999969482422,570600
2024-05-02,175.47999572753906,176.11000061035156,174.14999389648438,175.33999633789062,481400
2024-05-03,176.25999450683594,177.02000427246094,174.8300018310547,176.27000427246094,475200
2024-05-06,177.47999572753906,177.9600067138672,175.75,176.14999389648438,670000
2024-05-07,176.41000366210938,180.5800018310547,176.41000366210938,179.14999389648438,570700
2024-05-08,178.80999755859375,179.66000366210938,178.1199951171875,178.5399932861328,417300
2024-05-09,178.99000549316406,180.50999450683594,178.1300048828125,180.3800048828125,313000
2024-05-10,180.7100067138672,180.7100067138672,178.60000610351562,179.39999389648438,347600
2024-05-13,179.92999267578125,181.4499969482422,179.4199981689453,181.42999267578125,308600
2024-05-14,182.24000549316406,182.41000366210938,180.5500030517578,181.63999938964844,653900
2024-05-15,182.38999938964844,182.38999938964844,181.0500030517578,182.02999877929688,662100
2024-05-16,182.00999450683594,182.72000122070312,181.0500030517578,182.39999389648438,395700
2024-05-17,183.0,183.30999755859375,181.9499969482422,183.1300048828125,493800
2024-05-20,183.0,184.10000610351562,181.32000732421875,181.55999755859375,472200
2024-05-21,181.91000366210938,182.91000366210938,179.5,181.85000610351562,560900
2024-05-22,181.02999877929688,182.55999755859375,181.02999877929688,181.3000030517578,375500
2024-05-23,181.69000244140625,181.69000244140625,179.60000610351562,180.24000549316406,671900
2024-05-24,181.66000366210938,183.8300018310547,179.9499969482422,183.77000427246094,394300
2024-05-28,183.02999877929688,184.22999572753906,180.85000610351562,180.9199981689453,417200
2024-05-29,180.3699951171875,180.3699951171875,178.17999267578125,179.16000366210938,433000
2024-05-30,179.77000427246094,181.83999633789062,179.1699981689453,181.47999572753906,424700
2024-05-31,181.30999755859375,183.52000427246094,181.30999755859375,183.49000549316406,912400
2024-06-03,184.05999755859375,184.05999755859375,180.9600067138672,182.8699951171875,396500
2024-06-04,181.6300048828125,182.8699951171875,181.3800048828125,182.02999877929688,409100
2024-06-05,181.64999389648438,182.8699951171875,179.72999572753906,182.72000122070312,412400
2024-06-06,182.4499969482422,183.80999755859375,180.97999572753906,183.08999633789062,448200
2024-06-07,182.14999389648438,184.75999450683594,181.44000244140625,183.5800018310547,488200
2024-06-10,183.17999267578125,184.50999450683594,182.16000366210938,184.41000366210938,502400
2024-06-11,184.25999450683594,184.52999877929688,182.47999572753906,184.08999633789062,369200
2024-06-12,185.42999267578125,186.00999450683594,184.32000732421875,184.80999755859375,316200
2024-06-13,184.38999938964844,185.57000732421875,182.9600067138672,185.1199951171875,353200
2024-06-14,183.17999267578125,184.52999877929688,182.00999450683594,182.67999267578125,269500
2024-06-17,183.33999633789062,185.1999969482422,182.00999450683594,185.0399932861328,398500
2024-06-18,185.7100067138672,186.75999450683594,184.5,185.8800048828125,501300
2024-06-20,186.69000244140625,187.25999450683594,185.0399932861328,185.4499969482422,584500
2024-06-21,185.50999450683594,186.07000732421875,182.8300018310547,183.3300018310547,872200
2024-06-24,184.97999572753906,191.38999938964844,184.97999572753906,189.75999450683594,661600
2024-06-25,189.9600067138672,190.75999450683594,185.74000549316406,187.41000366210938,470600
2024-06-26,186.39999389648438,187.30999755859375,185.42999267578125,186.61000061035156,498400
2024-06-27,185.3699951171875,185.72999572753906,180.94000244140625,183.19000244140625,756200
2024-06-28,183.00999450683594,184.69000244140625,181.50999450683594,182.55999755859375,1044900
2024-07-01,183.3300018310547,183.5800018310547,179.77999877929688,180.05999755859375,512900
2024-07-02,178.67999267578125,179.5800018310547,176.11000061035156,177.50999450683594,905300
2024-07-03,178.1199951171875,180.97999572753906,178.1199951171875,179.5800018310547,360900
2024-07-05,179.17999267578125,179.8699951171875,176.52999877929688,177.57000732421875,603200
2024-07-08,177.8800048828125,179.69000244140625,177.41000366210938,179.5500030517578,416200
2024-07-09,178.8300018310547,179.8699951171875,176.07000732421875,176.32000732421875,510100
2024-07-10,177.92999267578125,179.75999450683594,177.5800018310547,179.6699981689453,432200
2024-07-11,181.33999633789062,184.22000122070312,180.61000061035156,182.77000427246094,419000
2024-07-12,183.8000030517578,186.6300048828125,181.75999450683594,185.44000244140625,470200
2024-07-15,185.38999938964844,188.4600067138672,185.38999938964844,185.75999450683594,356100
2024-07-16,186.3300018310547,191.1300048828125,186.3300018310547,190.97999572753906,411900
2024-07-17,191.0399932861328,193.66000366210938,191.0399932861328,191.55999755859375,748200
2024-07-18,190.25999450683594,194.4199981689453,190.25999450683594,192.55999755859375,774700
2024-07-19,193.44000244140625,193.44000244140625,190.9600067138672,191.2100067138672,802300
2024-07-22,191.52000427246094,194.41000366210938,191.52000427246094,193.44000244140625,600400
2024-07-23,193.92999267578125,194.11000061035156,191.7899932861328,192.82000732421875,872600
2024-07-24,195.02000427246094,199.0,192.6699981689453,193.27999877929688,941500
2024-07-25,194.6199951171875,197.74000549316406,193.6199951171875,194.24000549316406,661500
2024-07-26,195.4600067138672,199.4199981689453,195.02999877929688,199.0,745400
2024-07-29,199.60000610351562,199.60000610351562,197.14999389648438,198.39999389648438,390900
2024-07-30,198.0800018310547,199.8800048828125,197.27000427246094,197.74000549316406,499500
2024-07-31,198.47000122070312,201.74000549316406,197.0800018310547,199.8699951171875,595700
2024-08-01,200.19000244140625,201.99000549316406,196.14999389648438,198.0,651100
2024-08-02,196.22999572753906,197.99000549316406,193.60000610351562,196.69000244140625,509400
2024-08-05,194.35000610351562,194.35000610351562,189.39999389648438,191.67999267578125,572100
2024-08-06,191.3300018310547,198.47999572753906,190.00999450683594,196.6699981689453,785100
2024-08-07,198.39999389648438,198.83999633789062,193.08999633789062,193.4199981689453,561400
2024-08-08,194.3800048828125,197.05999755859375,193.72000122070312,196.77000427246094,398100
2024-08-09,196.24000549316406,197.5800018310547,193.61000061035156,194.07000732421875,451500
2024-08-12,194.42999267578125,195.36000061035156,192.91000366210938,193.3300018310547,409600
2024-08-13,194.49000549316406,195.2100067138672,192.02999877929688,194.3800048828125,413600
2024-08-14,195.1999969482422,195.39999389648438,193.3800048828125,194.33999633789062,613000
2024-08-15,195.85000610351562,199.3300018310547,195.5,195.77000427246094,643000
2024-08-16,195.02999877929688,197.0399932861328,194.49000549316406,196.60000610351562,1392800
2024-08-19,196.86000061035156,198.25999450683594,196.41000366210938,197.00999450683594,414600
2024-08-20,197.74000549316406,197.74000549316406,196.60000610351562,196.74000549316406,515000
2024-08-21,198.19000244140625,201.11000061035156,197.5500030517578,201.08999633789062,438100
2024-08-22,201.83999633789062,202.22000122070312,200.27000427246094,201.7899932861328,280700
2024-08-23,202.63999938964844,204.5800018310547,201.9499969482422,203.80999755859375,318800
2024-08-26,204.88999938964844,206.74000549316406,203.83999633789062,204.39999389648438,357600
2024-08-27,203.74000549316406,205.1199951171875,203.52999877929688,204.91000366210938,453700
2024-08-28,204.27999877929688,206.83999633789062,204.1999969482422,205.0800018310547,396800
2024-08-29,205.91000366210938,206.89999389648438,204.72999572753906,206.64999389648438,354500
2024-08-30,206.9199981689453,210.11000061035156,206.30999755859375,209.5399932861328,848800
2024-09-03,207.67999267578125,209.42999267578125,205.1699981689453,206.0800018310547,631600
2024-09-04,205.27999877929688,207.25,204.27000427246094,204.55999755859375,430900
2024-09-05,205.0,205.72999572753906,201.0500030517578,203.97999572753906,595600
2024-09-06,203.60000610351562,206.52999877929688,201.10000610351562,201.80999755859375,463800
2024-09-09,202.1199951171875,204.77000427246094,201.97999572753906,204.52999877929688,623100
2024-09-10,204.5500030517578,205.44000244140625,203.24000549316406,205.0399932861328,422300
2024-09-11,204.14999389648438,204.88999938964844,199.77999877929688,204.72999572753906,589400
2024-09-12,204.8300018310547,208.60000610351562,203.9600067138672,208.4199981689453,561200
2024-09-13,209.22000122070312,211.89999389648438,208.58999633789062,210.27000427246094,408800
2024-09-16,210.63999938964844,217.69000244140625,210.16000366210938,214.58999633789062,752100
2024-09-17,214.6199951171875,216.10000610351562,212.83999633789062,213.1999969482422,397600
2024-09-18,213.42999267578125,214.91000366210938,211.6699981689453,212.39999389648438,535000
2024-09-19,214.44000244140625,215.92999267578125,212.74000549316406,215.66000366210938,431400
2024-09-20,214.63999938964844,215.24000549316406,212.11000061035156,212.89999389648438,1002000
2024-09-23,213.69000244140625,215.91000366210938,211.3699951171875,214.5,446700
2024-09-24,214.50999450683594,215.9499969482422,214.11000061035156,215.1199951171875,409800
2024-09-25,216.1199951171875,216.1199951171875,213.41000366210938,214.3300018310547,504100
2024-09-26,216.13999938964844,216.42999267578125,213.72000122070312,214.82000732421875,767200
2024-09-27,214.5,216.72999572753906,214.13999938964844,215.6999969482422,355700
2024-09-30,215.97000122070312,216.1199951171875,213.08999633789062,215.39999389648438,444000
2024-10-01,215.1999969482422,216.50999450683594,213.6300048828125,215.2899932861328,339400
2024-10-02,214.3300018310547,215.02999877929688,212.55999755859375,212.80999755859375,385700
2024-10-03,212.17999267578125,213.35000610351562,210.5500030517578,211.97999572753906,311100
2024-10-04,213.58999633789062,213.60000610351562,211.39999389648438,213.3699951171875,245200
2024-10-07,212.89999389648438,214.11000061035156,211.49000549316406,213.35000610351562,377200
2024-10-08,212.05999755859375,215.9600067138672,210.83999633789062,215.3300018310547,437100
2024-10-09,215.2899932861328,217.94000244140625,214.88999938964844,216.25999450683594,491400
2024-10-10,215.94000244140625,216.63999938964844,214.3300018310547,216.25999450683594,297700
2024-10-11,217.1300048828125,218.6699981689453,217.0399932861328,217.9499969482422,368100
2024-10-14,217.5500030517578,220.08999633789062,216.82000732421875,219.97999572753906,483300
2024-10-15,221.35000610351562,222.75999450683594,220.1699981689453,220.8000030517578,563400
2024-10-16,220.67999267578125,222.97999572753906,220.00999450683594,221.72999572753906,616600
2024-10-17,221.9199981689453,222.49000549316406,219.77000427246094,220.39999389648438,628900
2024-10-18,221.77000427246094,222.1699981689453,219.63999938964844,220.1199951171875,713100
2024-10-21,219.6300048828125,219.9499969482422,218.05999755859375,219.10000610351562,429500
2024-10-22,218.60000610351562,218.60000610351562,216.5399932861328,216.66000366210938,702200
2024-10-23,225.57000732421875,231.3000030517578,224.22000122070312,228.64999389648438,1098600
2024-10-24,228.0500030517578,229.25,227.1300048828125,227.50999450683594,746600
2024-10-25,229.3699951171875,229.3699951171875,225.72999572753906,225.86000061035156,452000
2024-10-28,227.1199951171875,228.5,225.88999938964844,227.4499969482422,687300
2024-10-29,226.86000061035156,227.94000244140625,225.6199951171875,226.05999755859375,657500
2024-10-30,226.30999755859375,229.97999572753906,226.30999755859375,228.8000030517578,512300
2024-10-31,229.36000061035156,232.97999572753906,228.1699981689453,228.94000244140625,654300
2024-11-01,230.9600067138672,231.86000061035156,229.27999877929688,229.99000549316406,826400
2024-11-04,230.16000366210938,231.7100067138672,228.66000366210938,230.1699981689453,652900
2024-11-05,230.3000030517578,232.75999450683594,230.3000030517578,232.61000061035156,465500
2024-11-06,245.0,245.0,239.0399932861328,241.58999633789062,764000
2024-11-07,242.36000061035156,242.5,238.3699951171875,239.47999572753906,571600
2024-11-08,240.0,242.25,239.5,240.58999633789062,644400
2024-11-11,241.94000244140625,243.30999755859375,240.89999389648438,241.49000549316406,699100
2024-11-12,240.80999755859375,241.39999389648438,239.30999755859375,239.80999755859375,630900
2024-11-13,238.8300018310547,239.99000549316406,237.1300048828125,238.33999633789062,525000
2024-11-14,237.47000122070312,237.60000610351562,234.52999877929688,235.60000610351562,527300
2024-11-15,235.32000732421875,236.33999633789062,234.52999877929688,235.80999755859375,583600
2024-11-18,236.7100067138672,238.3000030517578,235.9499969482422,238.11000061035156,711700
2024-11-19,237.14999389648438,239.22000122070312,235.6300048828125,238.30999755859375,333200
2024-11-20,238.00999450683594,248.6199951171875,236.50999450683594,244.10000610351562,1030800
2024-11-21,242.5500030517578,245.61000061035156,242.36000061035156,245.3000030517578,677900
2024-11-22,245.39999389648438,246.5399932861328,243.86000061035156,246.38999938964844,583800
2024-11-25,247.5,250.82000732421875,246.44000244140625,247.27999877929688,880600
2024-11-26,247.4199981689453,248.35000610351562,244.00999450683594,248.02999877929688,546800
2024-11-27,249.11000061035156,249.86000061035156,245.91000366210938,247.02999877929688,350200
2024-11-29,247.30999755859375,249.8800048828125,245.57000732421875,248.85000610351562,332400
2024-12-02,248.61000061035156,248.61000061035156,243.72999572753906,244.8000030517578,653700
2024-12-03,245.47999572753906,245.47999572753906,242.47999572753906,244.0500030517578,496000
2024-12-04,243.27000427246094,244.9499969482422,242.1999969482422,243.99000549316406,462900
2024-12-05,243.0,244.97999572753906,241.41000366210938,244.33999633789062,723400
2024-12-06,245.3800048828125,245.8699951171875,241.8800048828125,242.86000061035156,894500
2024-12-09,243.94000244140625,245.24000549316406,237.86000061035156,239.6300048828125,661900
2024-12-10,238.8000030517578,240.02000427246094,236.1199951171875,238.22999572753906,492100
2024-12-11,239.58999633789062,239.77000427246094,237.22000122070312,238.63999938964844,729200
2024-12-12,238.1699981689453,240.44000244140625,238.05999755859375,239.08999633789062,433600
2024-12-13,238.52000427246094,240.72999572753906,236.6699981689453,238.10000610351562,851500
2024-12-16,238.9199981689453,239.3300018310547,236.52999877929688,237.08999633789062,768000
2024-12-17,236.22999572753906,236.9199981689453,231.92999267578125,232.5500030517578,568600
2024-12-18,236.9499969482422,238.1999969482422,229.11000061035156,229.22000122070312,1002600
2024-12-19,229.2100067138672,232.9499969482422,226.97999572753906,227.4600067138672,905900
2024-12-20,226.14999389648438,228.83999633789062,225.77999877929688,227.97999572753906,1955900
2024-12-23,226.77999877929688,228.02000427246094,225.3000030517578,227.0800018310547,630700
2024-12-24,227.9499969482422,229.11000061035156,226.72999572753906,228.82000732421875,513100
2024-12-26,228.39999389648438,229.85000610351562,227.99000549316406,229.4499969482422,661400
2024-12-27,227.97999572753906,229.58999633789062,226.33999633789062,227.08999633789062,894100
2024-12-30,226.24000549316406,226.92999267578125,222.83999633789062,224.9600067138672,761300
2024-12-31,226.00999450683594,226.5800018310547,223.89999389648438,225.1300048828125,939900
2025-01-02,226.60000610351562,226.60000610351562,223.85000610351562,225.24000549316406,846100
2025-01-03,224.52000427246094,226.1699981689453,224.19000244140625,225.8800048828125,550200
2025-01-06,227.38999938964844,228.97999572753906,225.8000030517578,227.0800018310547,795000
2025-01-07,227.57000732421875,228.3800048828125,224.75999450683594,225.97999572753906,1048700
2025-01-08,225.47000122070312,228.5800018310547,224.6999969482422,228.5399932861328,1180500
2025-01-10,226.8300018310547,230.0,226.0399932861328,228.0500030517578,1102900
2025-01-13,225.55999755859375,230.4600067138672,225.55999755859375,230.32000732421875,867800
2025-01-14,231.52999877929688,233.4600067138672,230.6300048828125,232.64999389648438,756300
2025-01-15,235.27999877929688,238.25999450683594,233.22999572753906,235.1999969482422,656600
2025-01-16,237.94000244140625,237.94000244140625,233.83999633789062,235.32000732421875,895300
2025-01-17,236.2100067138672,238.07000732421875,234.75999450683594,237.8699951171875,1768100
2025-01-21,239.35000610351562,242.67999267578125,238.6300048828125,242.1300048828125,657300
2025-01-22,241.30999755859375,241.97000122070312,239.16000366210938,239.8000030517578,574100
2025-01-23,240.3000030517578,240.4199981689453,238.1300048828125,239.24000549316406,826600
2025-01-24,239.22999572753906,240.82000732421875,237.24000549316406,240.27000427246094,546200
2025-01-27,240.5399932861328,241.9600067138672,238.94000244140625,239.72000122070312,594700
2025-01-28,237.7899932861328,239.6699981689453,236.72999572753906,238.41000366210938,944800
2025-01-29,220.10000610351562,232.5,212.33999633789062,215.1199951171875,2497100
2025-01-30,214.0399932861328,215.99000549316406,212.5,214.24000549316406,1091900
2025-01-31,212.91000366210938,215.97999572753906,211.47999572753906,212.66000366210938,1241300
2025-02-03,210.3800048828125,212.77999877929688,208.22000122070312,211.27999877929688,1075400
2025-02-04,212.6199951171875,212.6199951171875,209.0500030517578,210.63999938964844,963900
2025-02-05,211.10000610351562,213.02999877929688,209.5800018310547,210.35000610351562,959400
2025-02-06,212.14999389648438,214.10000610351562,209.89999389648438,212.32000732421875,954000
2025-02-07,213.17999267578125,213.17999267578125,209.08999633789062,210.22000122070312,663700
2025-02-10,210.00999450683594,210.3300018310547,206.9499969482422,209.4199981689453,726700
2025-02-11,208.22999572753906,209.60000610351562,207.14999389648438,208.25,714700
2025-02-12,205.08999633789062,205.9199981689453,201.69000244140625,204.69000244140625,952900
2025-02-13,208.8300018310547,212.3000030517578,206.3000030517578,212.14999389648438,1526700
2025-02-14,212.44000244140625,213.89999389648438,211.5,212.5,806300
2025-02-18,212.41000366210938,213.11000061035156,210.91000366210938,212.13999938964844,842600
2025-02-19,210.5800018310547,213.4499969482422,210.5800018310547,212.30999755859375,497100
2025-02-20,211.97999572753906,212.44000244140625,206.57000732421875,209.67999267578125,636200
2025-02-21,209.50999450683594,210.72000122070312,206.49000549316406,207.9199981689453,1411500
2025-02-24,209.08999633789062,211.39999389648438,208.35000610351562,209.74000549316406,660900
2025-02-25,210.3699951171875,213.0800018310547,209.02999877929688,212.63999938964844,766300
2025-02-26,211.63999938964844,215.5,211.25,212.75,730400
2025-02-27,213.35000610351562,214.0,210.39999389648438,210.75,566200
2025-02-28,211.97000122070312,213.22999572753906,210.47999572753906,213.08999633789062,747300
2025-03-03,214.1300048828125,214.52000427246094,208.88999938964844,209.41000366210938,778500
2025-03-04,207.77999877929688,209.2899932861328,201.47999572753906,202.27000427246094,1350000
2025-03-05,204.02999877929688,206.42999267578125,203.52999877929688,205.3699951171875,1086300
2025-03-06,203.7899932861328,206.30999755859375,202.5399932861328,203.8000030517578,917700
2025-03-07,203.25999450683594,208.63999938964844,202.5500030517578,206.64999389648438,805500
2025-03-10,203.80999755859375,205.4600067138672,195.36000061035156,199.24000549316406,2260000
2025-03-11,199.86000061035156,199.86000061035156,196.10000610351562,197.4499969482422,879100
2025-03-12,199.11000061035156,199.3300018310547,196.86000061035156,197.3000030517578,686700
2025-03-13,197.8000030517578,197.8000030517578,191.27000427246094,192.02999877929688,815600
2025-03-14,192.30999755859375,197.38999938964844,190.8000030517578,196.8000030517578,1416600
2025-03-17,197.5800018310547,199.7100067138672,197.24000549316406,198.50999450683594,796300
2025-03-18,198.4199981689453,198.9199981689453,196.63999938964844,197.61000061035156,563300
2025-03-19,197.30999755859375,199.72999572753906,196.8699951171875,198.49000549316406,817500
2025-03-20,196.85000610351562,199.41000366210938,196.52999877929688,197.17999267578125,929500
2025-03-21,195.32000732421875,195.8800048828125,192.49000549316406,194.41000366210938,2535000
2025-03-24,195.35000610351562,201.08999633789062,195.35000610351562,200.80999755859375,1002800
2025-03-25,201.8699951171875,202.02999877929688,197.16000366210938,198.75999450683594,999400
2025-03-26,198.00999450683594,200.85000610351562,197.97999572753906,199.5,816900
2025-03-27,198.52000427246094,201.3800048828125,197.1999969482422,198.27000427246094,505900
2025-03-28,198.36000061035156,198.4199981689453,194.69000244140625,195.5,493200
2025-03-31,195.13999938964844,198.8300018310547,193.1300048828125,198.02000427246094,776900
2025-04-01,198.30999755859375,200.10000610351562,195.63999938964844,199.92999267578125,669900
2025-04-02,197.77999877929688,202.47000122070312,197.22999572753906,201.36000061035156,680100
2025-04-03,197.22000122070312,197.22000122070312,186.5,189.16000366210938,1537100
2025-04-04,185.0500030517578,187.24000549316406,178.85000610351562,183.4199981689453,1554600
2025-04-07,177.5800018310547,187.4600067138672,173.7100067138672,181.0399932861328,1432500
2025-04-08,185.38999938964844,185.50999450683594,173.02999877929688,175.97000122070312,1392000
2025-04-09,173.35000610351562,191.02000427246094,172.72000122070312,189.44000244140625,1301000
2025-04-10,186.47000122070312,187.27999877929688,180.0,185.4499969482422,1100200
2025-04-11,184.27999877929688,189.75999450683594,182.2100067138672,188.94000244140625,830700
2025-04-14,192.72000122070312,193.52999877929688,187.8000030517578,190.64999389648438,649800
2025-04-15,189.58999633789062,191.8000030517578,188.1300048828125,188.7100067138672,447500
2025-04-16,188.33999633789062,189.25999450683594,185.52000427246094,186.74000549316406,856400
2025-04-17,187.6199951171875,189.32000732421875,186.5,187.19000244140625,506800
2025-04-21,185.63999938964844,185.63999938964844,179.72000122070312,182.07000732421875,868100
2025-04-22,182.77999877929688,187.00999450683594,182.77999877929688,186.4199981689453,1387200
2025-04-23,179.5399932861328,192.19000244140625,176.4499969482422,184.69000244140625,1694200
2025-04-24,183.2100067138672,190.55999755859375,183.2100067138672,188.7100067138672,1088100
2025-04-25,188.2100067138672,188.42999267578125,183.17999267578125,184.82000732421875,679600
2025-04-28,185.1300048828125,188.72000122070312,184.2100067138672,186.38999938964844,845000
2025-04-29,185.5399932861328,187.1300048828125,183.99000549316406,185.97999572753906,740400
2025-04-30,183.25,185.94000244140625,180.4600067138672,185.61000061035156,715100
2025-05-01,185.02000427246094,187.25999450683594,183.14999389648438,183.3699951171875,719200
2025-05-02,186.74000549316406,187.8000030517578,185.3000030517578,187.4199981689453,551300
2025-05-05,184.7899932861328,184.7899932861328,178.55999755859375,181.22000122070312,1046400
2025-05-06,180.38999938964844,180.91000366210938,178.3000030517578,180.1199951171875,792800
2025-05-07,181.27999877929688,182.13999938964844,179.60000610351562,180.0,551900
2025-05-08,181.5,184.52999877929688,180.61000061035156,183.4199981689453,884300
2025-05-09,181.67999267578125,182.77000427246094,178.32000732421875,181.4199981689453,617100
2025-05-12,188.7100067138672,193.57000732421875,187.27999877929688,190.38999938964844,1127800
2025-05-13,190.0,191.08999633789062,188.50999450683594,188.7899932861328,721900
2025-05-14,188.55999755859375,193.4499969482422,185.72999572753906,191.91000366210938,1397000
2025-05-15,190.6999969482422,192.27000427246094,190.22999572753906,190.75,891300
2025-05-16,190.6699981689453,194.5800018310547,190.0,194.22000122070312,829400
2025-05-19,192.1300048828125,194.5800018310547,191.72999572753906,194.44000244140625,681200
2025-05-20,193.75,194.67999267578125,192.61000061035156,193.57000732421875,513000
2025-05-21,191.6999969482422,192.69000244140625,189.7899932861328,190.7899932861328,559900
2025-05-22,189.8699951171875,193.7100067138672,189.1300048828125,192.52999877929688,783600
2025-05-23,190.02000427246094,191.47999572753906,189.25,190.6999969482422,594700
2025-05-27,193.22999572753906,193.83999633789062,191.75999450683594,193.82000732421875,543900
2025-05-28,193.82000732421875,194.64999389648438,191.6300048828125,192.22000122070312,743100
2025-05-29,193.02000427246094,193.41000366210938,191.85000610351562,193.0,810200
2025-05-30,191.80999755859375,194.0399932861328,191.11000061035156,193.1699981689453,1062500
2025-06-02,192.3800048828125,192.64999389648438,189.17999267578125,192.25999450683594,629300
2025-06-03,191.9199981689453,194.22000122070312,191.2100067138672,194.0800018310547,1219100
2025-06-04,193.3699951171875,196.22000122070312,193.24000549316406,193.33999633789062,1002700
2025-06-05,193.97999572753906,195.7100067138672,192.89999389648438,194.6999969482422,899300
2025-06-06,196.49000549316406,198.52999877929688,195.55999755859375,196.39999389648438,703900
2025-06-09,196.63999938964844,198.0800018310547,196.1999969482422,196.58999633789062,811400
2025-06-10,196.67999267578125,197.42999267578125,196.1300048828125,197.24000549316406,678600
2025-06-11,197.10000610351562,197.10000610351562,192.25,193.2100067138672,815200
2025-06-12,191.60000610351562,193.47999572753906,189.94000244140625,193.30999755859375,462200
2025-06-13,190.3300018310547,191.41000366210938,187.6999969482422,188.55999755859375,524100
2025-06-16,188.47000122070312,191.3699951171875,185.9499969482422,189.4600067138672,525800
2025-06-17,189.08999633789062,189.3000030517578,186.0399932861328,186.35000610351562,794500
2025-06-18,186.75,187.6999969482422,185.77000427246094,186.22999572753906,590100
2025-06-20,186.72999572753906,188.16000366210938,185.94000244140625,186.86000061035156,1141900
2025-06-23,186.6300048828125,189.05999755859375,184.75999450683594,188.6999969482422,773600
2025-06-24,190.0,191.22999572753906,188.74000549316406,189.41000366210938,634900
2025-06-25,189.60000610351562,189.60000610351562,186.3000030517578,186.83999633789062,423500
2025-06-26,187.7899932861328,188.3800048828125,186.27999877929688,187.64999389648438,560600
2025-06-27,188.4600067138672,190.47999572753906,187.41000366210938,189.41000366210938,673600
2025-06-30,189.27000427246094,189.27000427246094,187.4199981689453,188.4499969482422,734200
2025-07-01,193.9499969482422,204.17999267578125,189.8800048828125,202.75,1511800
2025-07-02,203.11000061035156,203.69000244140625,200.25,201.94000244140625,1033100
2025-07-03,201.69000244140625,203.5800018310547,200.6999969482422,202.2899932861328,393100
2025-07-07,201.8000030517578,202.49000549316406,200.1199951171875,201.27000427246094,621200
2025-07-08,201.25999450683594,204.4600067138672,201.24000549316406,202.77000427246094,731000
2025-07-09,204.05999755859375,204.4600067138672,202.3300018310547,204.0800018310547,738300
2025-07-10,204.55999755859375,209.5800018310547,203.05999755859375,207.24000549316406,655300
2025-07-11,205.3800048828125,206.6300048828125,204.5,205.89999389648438,432700
2025-07-14,204.67999267578125,205.9499969482422,203.27000427246094,203.38999938964844,459400
2025-07-15,203.57000732421875,204.1699981689453,199.63999938964844,199.67999267578125,517400
2025-07-16,199.97999572753906,202.9199981689453,198.60000610351562,202.57000732421875,621500
2025-07-17,202.19000244140625,203.6300048828125,201.3300018310547,202.24000549316406,468400
2025-07-18,202.11000061035156,202.44000244140625,199.10000610351562,199.80999755859375,913600
2025-07-21,200.1999969482422,204.6300048828125,199.47000122070312,201.38999938964844,843300
2025-07-22,201.69000244140625,205.8000030517578,201.69000244140625,205.2899932861328,813800
2025-07-23,206.6199951171875,207.6699981689453,205.52999877929688,206.32000732421875,900400
2025-07-24,206.32000732421875,212.42999267578125,203.9499969482422,205.92999267578125,893800
2025-07-25,206.2899932861328,207.75,204.1300048828125,206.52999877929688,629900
2025-07-28,205.58999633789062,206.0399932861328,203.5500030517578,204.17999267578125,516700
2025-07-29,205.0,205.83999633789062,202.1300048828125,203.05999755859375,652000
2025-07-30,202.1999969482422,202.1999969482422,197.92999267578125,198.42999267578125,945100
2025-07-31,197.4199981689453,199.33999633789062,193.14999389648438,193.75,1144500
2025-08-01,192.47000122070312,192.57000732421875,189.02999877929688,191.41000366210938,615900
2025-08-04,191.67999267578125,194.39999389648438,191.4600067138672,193.0800018310547,576300
2025-08-05,193.0800018310547,193.92999267578125,191.7899932861328,193.50999450683594,505600
2025-08-06,193.1199951171875,193.1199951171875,191.1300048828125,192.22000122070312,624500
2025-08-07,193.82000732421875,195.6199951171875,192.42999267578125,194.86000061035156,455500
2025-08-08,195.36000061035156,197.25,194.5,196.42999267578125,440700
2025-08-11,196.6699981689453,198.2100067138672,194.6300048828125,196.6199951171875,482200
2025-08-12,196.77000427246094,199.14999389648438,196.2899932861328,198.9600067138672,520600
2025-08-13,199.0500030517578,200.8800048828125,198.32000732421875,200.7899932861328,483900
2025-08-14,198.7899932861328,198.7899932861328,195.27000427246094,196.52000427246094,410600
2025-08-15,197.16000366210938,197.16000366210938,193.1699981689453,193.4199981689453,797500
2025-08-18,193.32000732421875,195.0500030517578,192.55999755859375,194.11000061035156,670900
2025-08-19,195.05999755859375,198.2899932861328,194.67999267578125,198.25,560200
2025-08-20,198.60000610351562,198.7100067138672,196.91000366210938,198.1199951171875,564000
2025-08-21,198.91000366210938,212.08999633789062,198.1999969482422,210.35000610351562,2555200
2025-08-22,211.36000061035156,216.77999877929688,210.00999450683594,212.74000549316406,1435500
2025-08-25,212.16000366210938,212.5500030517578,209.77000427246094,212.22999572753906,595000
2025-08-26,211.3800048828125,212.19000244140625,210.16000366210938,211.6199951171875,1234300
2025-08-27,210.67999267578125,212.66000366210938,209.41000366210938,210.69000244140625,624300
2025-08-28,212.3000030517578,217.24000549316406,211.05999755859375,216.64999389648438,1184500
2025-08-29,217.44000244140625,219.3699951171875,216.6999969482422,217.9600067138672,938000
2025-09-02,214.80999755859375,216.9600067138672,213.61000061035156,216.4499969482422,687300
2025-09-03,215.52999877929688,216.83999633789062,212.8000030517578,212.92999267578125,623000
2025-09-04,212.5399932861328,216.8000030517578,211.0500030517578,216.72000122070312,725400
2025-09-05,217.32000732421875,220.30999755859375,217.02000427246094,220.25,873500
2025-09-08,219.6300048828125,220.13999938964844,214.83999633789062,215.92999267578125,1008600
2025-09-09,215.9499969482422,216.6699981689453,212.86000061035156,214.07000732421875,748000
2025-09-10,213.0500030517578,215.72999572753906,212.69000244140625,213.0500030517578,616600
2025-09-11,212.91000366210938,217.50999450683594,212.52000427246094,217.02999877929688,620100
2025-09-12,215.74000549316406,216.85000610351562,214.91000366210938,215.14999389648438,471200
2025-09-15,214.52999877929688,215.27999877929688,211.52000427246094,211.80999755859375,786400
2025-09-16,210.92999267578125,212.19000244140625,209.92999267578125,211.47000122070312,636200
2025-09-17,213.94000244140625,217.00999450683594,211.83999633789062,212.0800018310547,577200
2025-09-18,212.16000366210938,214.66000366210938,210.61000061035156,213.9600067138672,571000
2025-09-19,213.77999877929688,213.77999877929688,210.52000427246094,211.27999877929688,1158000
2025-09-22,212.0399932861328,213.44000244140625,210.1699981689453,212.7100067138672,464100
2025-09-23,212.5399932861328,214.91000366210938,212.5399932861328,213.7100067138672,422700
2025-09-24,216.77999877929688,217.89999389648438,213.8800048828125,215.32000732421875,510000
2025-09-25,214.08999633789062,215.1199951171875,212.3699951171875,213.13999938964844,600000
2025-09-26,213.52999877929688,216.05999755859375,211.52000427246094,215.9499969482422,576800
2025-09-29,216.58999633789062,216.58999633789062,214.72999572753906,216.27000427246094,506700
2025-09-30,215.5500030517578,218.3300018310547,215.05999755859375,217.92999267578125,591800
2025-10-01,216.92999267578125,218.55999755859375,214.6699981689453,214.85000610351562,663900
2025-10-02,214.85000610351562,216.3000030517578,213.0399932861328,215.63999938964844,569200
2025-10-03,215.33999633789062,216.9499969482422,214.50999450683594,214.5399932861328,332100
2025-10-06,214.11000061035156,214.25,211.8699951171875,212.92999267578125,590300
2025-10-07,213.3300018310547,215.14999389648438,210.0800018310547,210.5500030517578,413900
2025-10-08,210.85000610351562,214.25999450683594,209.47999572753906,213.27999877929688,596200
2025-10-09,214.75999450683594,214.75999450683594,210.39999389648438,211.38999938964844,624500
2025-10-10,212.47999572753906,212.97999572753906,206.5800018310547,206.75,645300
2025-10-13,208.6699981689453,209.80999755859375,206.19000244140625,207.75,486300
2025-10-14,206.27999877929688,212.3000030517578,204.8800048828125,210.75999450683594,685400
2025-10-15,211.1199951171875,211.4199981689453,207.25,209.64999389648438,659700
2025-10-16,209.94000244140625,210.3800048828125,205.22999572753906,205.33999633789062,583700
2025-10-17,205.9499969482422,207.02000427246094,202.3699951171875,203.3300018310547,772300
2025-10-20,203.97000122070312,206.00999450683594,201.88999938964844,205.8800048828125,820800
2025-10-21,206.22999572753906,208.6199951171875,204.75,208.1300048828125,692800
2025-10-22,208.99000549316406,212.52000427246094,207.8000030517578,208.74000549316406,1446300
2025-10-23,199.35000610351562,213.42999267578125,198.27000427246094,213.25999450683594,1904300
2025-10-24,212.1699981689453,215.77000427246094,204.22999572753906,204.8300018310547,1351400
2025-10-27,205.47999572753906,208.83999633789062,204.83999633789062,206.61000061035156,733700
2025-10-28,205.8800048828125,208.61000061035156,205.25999450683594,206.16000366210938,468000
2025-10-29,204.77999877929688,204.77999877929688,195.7899932861328,196.64999389648438,996300
2025-10-30,195.57000732421875,199.00999450683594,194.8300018310547,196.16000366210938,825400
2025-10-31,194.97999572753906,196.67999267578125,193.07000732421875,195.75999450683594,835200
2025-11-03,194.4600067138672,195.8000030517578,192.82000732421875,195.58999633789062,862900
2025-11-04,195.16000366210938,198.13999938964844,194.67999267578125,197.16000366210938,841000
2025-11-05,197.3300018310547,199.60000610351562,196.1699981689453,199.1199951171875,1337200
2025-11-06,198.17999267578125,200.6199951171875,196.6699981689453,198.08999633789062,842300
2025-11-07,198.0,200.8300018310547,195.75,200.5500030517578,573100
2025-11-10,200.5500030517578,201.69000244140625,198.47999572753906,200.72000122070312,709200
2025-11-11,201.74000549316406,203.33999633789062,200.8800048828125,203.02000427246094,585800
2025-11-12,203.0500030517578,204.11000061035156,200.4199981689453,200.44000244140625,789400
2025-11-13,200.99000549316406,202.92999267578125,198.8800048828125,199.08999633789062,735400
2025-11-14,198.1699981689453,198.66000366210938,195.25999450683594,197.22000122070312,835000
2025-11-17,197.2100067138672,197.52999877929688,194.85000610351562,196.6699981689453,896100
2025-11-18,196.22000122070312,197.92999267578125,194.49000549316406,196.6300048828125,608000
2025-11-19,196.3800048828125,196.69000244140625,192.75,194.30999755859375,939800
2025-11-20,195.1699981689453,196.3699951171875,191.5,191.67999267578125,914600
2025-11-21,192.7100067138672,198.5,192.5800018310547,197.30999755859375,707400
2025-11-24,196.35000610351562,198.1699981689453,195.6199951171875,197.32000732421875,749600
2025-11-25,198.8800048828125,201.6999969482422,197.72999572753906,201.25999450683594,545600
2025-11-26,200.67999267578125,204.3699951171875,200.6300048828125,203.49000549316406,498900
2025-11-28,203.07000732421875,205.67999267578125,201.66000366210938,204.07000732421875,292400
2025-12-01,203.49000549316406,205.4499969482422,202.8800048828125,203.24000549316406,590000
2025-12-02,203.24000549316406,203.24000549316406,191.64999389648438,192.5500030517578,1314000
2025-12-03,193.25999450683594,198.41000366210938,192.66000366210938,197.9499969482422,967900
2025-12-04,197.97000122070312,199.5399932861328,196.3300018310547,196.6300048828125,732300
