date,open,high,low,close,volume
2010-01-04,27.969999313354492,28.479999542236328,27.8799991607666,28.290000915527344,435300
2010-01-05,28.270000457763672,28.280000686645508,27.969999313354492,28.260000228881836,631500
2010-01-06,28.399999618530273,28.479999542236328,28.100000381469727,28.229999542236328,570000
2010-01-07,28.200000762939453,28.200000762939453,27.639999389648438,27.81999969482422,538300
2010-01-08,27.899999618530273,27.989999771118164,27.549999237060547,27.68000030517578,325200
2010-01-11,27.690000534057617,27.860000610351562,27.489999771118164,27.65999984741211,393100
2010-01-12,27.399999618530273,27.59000015258789,27.25,27.350000381469727,506100
2010-01-13,27.34000015258789,27.860000610351562,27.34000015258789,27.780000686645508,346100
2010-01-14,27.709999084472656,27.829999923706055,27.5,27.600000381469727,294700
2010-01-15,27.600000381469727,27.719999313354492,27.350000381469727,27.6200008392334,520500
2010-01-19,27.6200008392334,28.09000015258789,27.579999923706055,27.65999984741211,524600
2010-01-20,27.469999313354492,27.790000915527344,27.260000228881836,27.40999984741211,915000
2010-01-21,27.5,27.6299991607666,26.59000015258789,27.059999465942383,1271100
2010-01-22,26.969999313354492,27.170000076293945,26.709999084472656,26.81999969482422,531300
2010-01-25,27.0,27.209999084472656,26.6299991607666,26.959999084472656,342500
2010-01-26,26.81999969482422,26.889999389648438,26.549999237060547,26.75,516700
2010-01-27,26.75,26.75,26.100000381469727,26.440000534057617,946000
2010-01-28,26.520000457763672,26.549999237060547,25.649999618530273,26.1200008392334,771400
2010-01-29,26.170000076293945,26.670000076293945,26.010000228881836,26.079999923706055,692300
2010-02-01,26.110000610351562,26.209999084472656,25.729999542236328,26.079999923706055,1284700
2010-02-02,27.290000915527344,29.950000762939453,26.290000915527344,29.530000686645508,3792000
2010-02-03,29.3799991607666,30.25,28.889999389648438,29.979999542236328,1556100
2010-02-04,29.889999389648438,30.469999313354492,29.719999313354492,29.729999542236328,1214300
2010-02-05,29.860000610351562,30.030000686645508,29.229999542236328,29.690000534057617,559700
2010-02-08,29.600000381469727,30.399999618530273,29.489999771118164,30.260000228881836,586300
2010-02-09,30.450000762939453,30.479999542236328,29.81999969482422,30.290000915527344,587400
2010-02-10,30.139999389648438,30.399999618530273,29.59000015258789,30.219999313354492,400700
2010-02-11,30.18000030517578,30.420000076293945,29.920000076293945,30.360000610351562,316400
2010-02-12,29.969999313354492,30.610000610351562,29.90999984741211,30.59000015258789,459100
2010-02-16,30.790000915527344,30.920000076293945,30.280000686645508,30.84000015258789,340000
2010-02-17,30.950000762939453,30.950000762939453,30.6200008392334,30.829999923706055,516400
2010-02-18,30.75,31.40999984741211,30.68000030517578,31.40999984741211,551200
2010-02-19,31.360000610351562,31.81999969482422,31.1200008392334,31.610000610351562,669900
2010-02-22,31.709999084472656,31.709999084472656,31.18000030517578,31.239999771118164,344800
2010-02-23,31.100000381469727,31.299999237060547,31.0,31.049999237060547,523500
2010-02-24,31.899999618530273,31.899999618530273,31.18000030517578,31.6299991607666,419800
2010-02-25,31.360000610351562,31.639999389648438,30.8799991607666,31.399999618530273,222600
2010-02-26,31.350000381469727,31.75,31.350000381469727,31.610000610351562,325800
2010-03-01,31.530000686645508,32.36000061035156,31.530000686645508,32.16999816894531,312100
2010-03-02,32.13999938964844,32.810001373291016,32.13999938964844,32.45000076293945,584700
2010-03-03,32.119998931884766,32.439998626708984,31.780000686645508,31.8799991607666,595500
2010-03-04,31.989999771118164,31.989999771118164,31.5,31.600000381469727,220200
2010-03-05,31.75,32.25,31.489999771118164,32.220001220703125,378400
2010-03-08,32.130001068115234,32.310001373291016,31.65999984741211,31.81999969482422,208200
2010-03-09,31.68000030517578,32.16999816894531,31.600000381469727,32.0,282500
2010-03-10,31.899999618530273,32.34000015258789,31.81999969482422,32.34000015258789,295700
2010-03-11,32.2599983215332,32.400001525878906,31.780000686645508,32.369998931884766,301600
2010-03-12,32.529998779296875,32.529998779296875,31.84000015258789,32.34000015258789,245500
2010-03-15,32.29999923706055,32.4900016784668,32.16999816894531,32.400001525878906,210900
2010-03-16,32.5,33.0099983215332,32.31999969482422,32.9900016784668,482700
2010-03-17,33.09000015258789,33.09000015258789,32.79999923706055,32.86000061035156,747200
2010-03-18,32.88999938964844,33.459999084472656,32.79999923706055,33.31999969482422,333200
2010-03-19,33.540000915527344,33.849998474121094,33.0,33.540000915527344,744900
2010-03-22,33.349998474121094,34.060001373291016,33.08000183105469,33.79999923706055,696700
2010-03-23,33.81999969482422,34.130001068115234,33.41999816894531,34.04999923706055,320000
2010-03-24,33.880001068115234,34.0,33.560001373291016,33.58000183105469,244000
2010-03-25,33.79999923706055,34.58000183105469,33.560001373291016,34.22999954223633,482700
2010-03-26,34.279998779296875,34.459999084472656,33.77000045776367,34.02000045776367,311500
2010-03-29,34.029998779296875,34.439998626708984,33.900001525878906,34.18000030517578,238100
2010-03-30,34.150001525878906,34.630001068115234,33.93000030517578,34.15999984741211,219800
2010-03-31,34.0,34.220001220703125,33.63999938964844,33.65999984741211,327000
2010-04-01,33.77000045776367,34.290000915527344,33.68000030517578,34.119998931884766,257000
2010-04-05,34.25,34.54999923706055,33.650001525878906,34.290000915527344,255400
2010-04-06,34.09000015258789,34.25,33.939998626708984,33.959999084472656,251400
2010-04-07,36.04999923706055,38.15999984741211,35.380001068115234,35.779998779296875,3145000
2010-04-08,35.58000183105469,35.58000183105469,34.5099983215332,34.66999816894531,975000
2010-04-09,34.68000030517578,35.11000061035156,34.25,35.11000061035156,694300
2010-04-12,35.029998779296875,35.790000915527344,35.029998779296875,35.650001525878906,796000
2010-04-13,35.560001373291016,35.650001525878906,35.04999923706055,35.5099983215332,398900
2010-04-14,35.65999984741211,36.02000045776367,35.41999816894531,36.0,297200
2010-04-15,35.790000915527344,36.060001373291016,35.54999923706055,35.65999984741211,261600
2010-04-16,35.70000076293945,36.18000030517578,35.439998626708984,35.68000030517578,308100
2010-04-19,35.540000915527344,35.90999984741211,35.189998626708984,35.849998474121094,358600
2010-04-20,35.880001068115234,36.599998474121094,35.4900016784668,36.209999084472656,703200
2010-04-21,36.13999938964844,36.22999954223633,35.150001525878906,35.459999084472656,463000
2010-04-22,35.209999084472656,35.279998779296875,34.349998474121094,34.90999984741211,609100
2010-04-23,34.95000076293945,35.06999969482422,34.619998931884766,34.91999816894531,413200
2010-04-26,34.83000183105469,35.0099983215332,34.45000076293945,34.47999954223633,357100
2010-04-27,34.459999084472656,34.779998779296875,33.83000183105469,34.02000045776367,484500
2010-04-28,34.029998779296875,34.22999954223633,33.88999938964844,33.9900016784668,292200
2010-04-29,34.150001525878906,34.459999084472656,33.95000076293945,34.2400016784668,319900
2010-04-30,34.18000030517578,34.38999938964844,33.279998779296875,33.279998779296875,565000
2010-05-03,33.369998931884766,34.02000045776367,33.040000915527344,33.869998931884766,447500
2010-05-04,33.4900016784668,33.630001068115234,32.90999984741211,33.5099983215332,677100
2010-05-05,33.400001525878906,34.630001068115234,33.25,34.310001373291016,757900
2010-05-06,32.27000045776367,34.349998474121094,31.020000457763672,32.970001220703125,1112500
2010-05-07,32.619998931884766,32.90999984741211,31.600000381469727,32.060001373291016,1214900
2010-05-10,33.0,33.29999923706055,32.400001525878906,32.86000061035156,703200
2010-05-11,32.41999816894531,33.97999954223633,32.33000183105469,33.369998931884766,523800
2010-05-12,33.43000030517578,33.72999954223633,33.150001525878906,33.369998931884766,813000
2010-05-13,33.40999984741211,33.810001373291016,32.9900016784668,33.31999969482422,402700
2010-05-14,33.16999816894531,33.400001525878906,32.7400016784668,33.040000915527344,615800
2010-05-17,33.2400016784668,33.86000061035156,32.720001220703125,33.58000183105469,513700
2010-05-18,33.95000076293945,34.29999923706055,33.36000061035156,33.43000030517578,372400
2010-05-19,33.310001373291016,33.439998626708984,32.790000915527344,32.970001220703125,561400
2010-05-20,32.369998931884766,32.5,31.700000762939453,31.8700008392334,684200
2010-05-21,31.6200008392334,32.31999969482422,31.079999923706055,31.899999618530273,549000
2010-05-24,31.719999313354492,32.36000061035156,31.420000076293945,31.850000381469727,311200
2010-05-25,31.270000457763672,31.479999542236328,30.5,31.34000015258789,385700
2010-05-26,31.40999984741211,32.150001525878906,31.1299991607666,31.280000686645508,387300
2010-05-27,31.829999923706055,32.060001373291016,31.600000381469727,32.060001373291016,340900
2010-05-28,31.920000076293945,32.380001068115234,31.700000762939453,31.829999923706055,352900
2010-06-01,31.670000076293945,31.860000610351562,30.93000030517578,30.959999084472656,345000
2010-06-02,30.979999542236328,31.559999465942383,30.56999969482422,31.40999984741211,889700
2010-06-03,31.399999618530273,31.6299991607666,31.100000381469727,31.549999237060547,762900
2010-06-04,31.25,31.25,30.31999969482422,30.399999618530273,419100
2010-06-07,30.479999542236328,30.6200008392334,30.09000015258789,30.110000610351562,561500
2010-06-08,30.1200008392334,30.350000381469727,29.84000015258789,30.09000015258789,616400
2010-06-09,30.200000762939453,30.68000030517578,30.040000915527344,30.18000030517578,853400
2010-06-10,30.559999465942383,30.700000762939453,30.1299991607666,30.43000030517578,482800
2010-06-11,30.1200008392334,31.459999084472656,30.030000686645508,31.420000076293945,422800
2010-06-14,31.59000015258789,32.40999984741211,31.59000015258789,32.150001525878906,498500
2010-06-15,32.2400016784668,32.5,31.84000015258789,32.45000076293945,377600
2010-06-16,32.22999954223633,32.459999084472656,32.029998779296875,32.290000915527344,297600
2010-06-17,32.36000061035156,32.63999938964844,31.8799991607666,32.599998474121094,283100
2010-06-18,32.5,32.83000183105469,32.09000015258789,32.59000015258789,505700
2010-06-21,32.91999816894531,33.119998931884766,32.40999984741211,32.59000015258789,338200
2010-06-22,32.560001373291016,33.099998474121094,32.209999084472656,32.2599983215332,283800
2010-06-23,32.15999984741211,32.16999816894531,31.65999984741211,31.799999237060547,256300
2010-06-24,31.600000381469727,31.959999084472656,31.440000534057617,31.68000030517578,412200
2010-06-25,31.780000686645508,32.119998931884766,31.149999618530273,31.690000534057617,539600
2010-06-28,31.850000381469727,32.27000045776367,31.43000030517578,32.04999923706055,188600
2010-06-29,31.770000457763672,31.770000457763672,31.309999465942383,31.489999771118164,364300
2010-06-30,31.600000381469727,31.920000076293945,30.989999771118164,31.079999923706055,319300
2010-07-01,31.190000534057617,31.190000534057617,29.950000762939453,30.700000762939453,382900
2010-07-02,30.90999984741211,30.90999984741211,30.540000915527344,30.6200008392334,193200
2010-07-06,31.0,31.31999969482422,30.260000228881836,30.40999984741211,309300
2010-07-07,30.540000915527344,31.25,30.290000915527344,31.229999542236328,520300
2010-07-08,31.479999542236328,31.649999618530273,31.049999237060547,31.31999969482422,335300
2010-07-09,31.209999084472656,31.489999771118164,31.09000015258789,31.309999465942383,373600
2010-07-12,31.170000076293945,31.399999618530273,30.65999984741211,31.049999237060547,286400
2010-07-13,31.34000015258789,31.989999771118164,31.34000015258789,31.899999618530273,436200
2010-07-14,31.75,31.979999542236328,31.549999237060547,31.790000915527344,222200
2010-07-15,31.850000381469727,31.920000076293945,31.059999465942383,31.190000534057617,374100
2010-07-16,31.010000228881836,31.09000015258789,30.100000381469727,30.1299991607666,398300
2010-07-19,30.270000457763672,30.299999237060547,29.90999984741211,29.979999542236328,355300
2010-07-20,28.68000030517578,30.479999542236328,28.68000030517578,30.459999084472656,354800
2010-07-21,30.639999389648438,30.639999389648438,29.809999465942383,29.81999969482422,362300
2010-07-22,30.200000762939453,31.15999984741211,30.190000534057617,30.639999389648438,506100
2010-07-23,30.489999771118164,30.989999771118164,30.280000686645508,30.8700008392334,299600
2010-07-26,30.75,31.739999771118164,30.75,31.5,314000
2010-07-27,31.739999771118164,32.310001373291016,31.670000076293945,31.90999984741211,341100
2010-07-28,31.90999984741211,32.18000030517578,30.90999984741211,30.940000534057617,312800
2010-07-29,31.139999389648438,31.510000228881836,30.559999465942383,31.34000015258789,356400
2010-07-30,30.979999542236328,31.889999389648438,30.93000030517578,31.790000915527344,358100
2010-08-02,32.279998779296875,32.380001068115234,31.559999465942383,32.119998931884766,354600
2010-08-03,31.959999084472656,32.93000030517578,31.790000915527344,31.989999771118164,287800
2010-08-04,31.979999542236328,32.439998626708984,31.940000534057617,32.34000015258789,293800
2010-08-05,32.11000061035156,32.40999984741211,31.8799991607666,32.22999954223633,200600
2010-08-06,31.90999984741211,32.58000183105469,31.809999465942383,32.060001373291016,399100
2010-08-09,32.27000045776367,32.540000915527344,31.760000228881836,32.5,317900
2010-08-10,32.2400016784668,32.459999084472656,31.770000457763672,32.209999084472656,269000
2010-08-11,31.739999771118164,31.739999771118164,30.84000015258789,30.899999618530273,444400
2010-08-12,30.610000610351562,30.889999389648438,30.270000457763672,30.709999084472656,313900
2010-08-13,30.559999465942383,30.559999465942383,30.040000915527344,30.170000076293945,307600
2010-08-16,30.040000915527344,30.389999389648438,29.579999923706055,30.170000076293945,220400
2010-08-17,30.399999618530273,30.920000076293945,30.260000228881836,30.809999465942383,291100
2010-08-18,30.809999465942383,31.360000610351562,30.530000686645508,30.959999084472656,225500
2010-08-19,30.799999237060547,30.940000534057617,29.700000762939453,29.950000762939453,433300
2010-08-20,29.510000228881836,29.670000076293945,28.829999923706055,29.420000076293945,416800
2010-08-23,29.549999237060547,29.829999923706055,28.889999389648438,29.040000915527344,226800
2010-08-24,28.700000762939453,28.739999771118164,28.06999969482422,28.350000381469727,274100
2010-08-25,28.1299991607666,28.8700008392334,28.110000610351562,28.729999542236328,288500
2010-08-26,28.8799991607666,29.170000076293945,28.8700008392334,28.93000030517578,367900
2010-08-27,29.09000015258789,29.56999969482422,28.729999542236328,29.489999771118164,231900
2010-08-30,29.420000076293945,29.489999771118164,28.969999313354492,28.989999771118164,366300
2010-08-31,28.90999984741211,29.229999542236328,28.729999542236328,28.770000457763672,578400
2010-09-01,29.100000381469727,29.479999542236328,28.979999542236328,29.219999313354492,399800
2010-09-02,29.200000762939453,29.969999313354492,29.079999923706055,29.899999618530273,232000
2010-09-03,30.25,30.59000015258789,30.15999984741211,30.540000915527344,237600
2010-09-07,30.389999389648438,30.610000610351562,30.110000610351562,30.239999771118164,343300
2010-09-08,30.270000457763672,30.799999237060547,30.190000534057617,30.56999969482422,307600
2010-09-09,30.809999465942383,31.030000686645508,30.579999923706055,30.6200008392334,179200
2010-09-10,30.709999084472656,30.959999084472656,30.6299991607666,30.790000915527344,183300
2010-09-13,31.09000015258789,31.65999984741211,31.010000228881836,31.579999923706055,309200
2010-09-14,31.6200008392334,32.20000076293945,31.520000457763672,31.950000762939453,323800
2010-09-15,31.979999542236328,32.47999954223633,31.8700008392334,32.36000061035156,292100
2010-09-16,32.220001220703125,32.27000045776367,31.610000610351562,31.8700008392334,353900
2010-09-17,32.380001068115234,32.70000076293945,31.969999313354492,32.56999969482422,381200
2010-09-20,32.560001373291016,33.310001373291016,32.279998779296875,33.27000045776367,275700
2010-09-21,33.29999923706055,33.380001068115234,33.060001373291016,33.150001525878906,227200
2010-09-22,33.18000030517578,33.61000061035156,32.88999938964844,32.9900016784668,314200
2010-09-23,32.7400016784668,33.25,32.45000076293945,32.5,283500
2010-09-24,32.900001525878906,33.34000015258789,32.689998626708984,33.310001373291016,284700
2010-09-27,33.279998779296875,33.36000061035156,32.79999923706055,33.11000061035156,228600
2010-09-28,33.290000915527344,33.38999938964844,32.810001373291016,33.279998779296875,306400
2010-09-29,33.2599983215332,33.540000915527344,32.810001373291016,33.15999984741211,302300
2010-09-30,33.4900016784668,33.650001525878906,32.97999954223633,33.220001220703125,406700
2010-10-01,33.52000045776367,33.52000045776367,32.65999984741211,33.43000030517578,321500
2010-10-04,33.439998626708984,33.720001220703125,32.709999084472656,32.81999969482422,272700
2010-10-05,33.220001220703125,33.900001525878906,33.11000061035156,33.83000183105469,420900
2010-10-06,33.7400016784668,34.06999969482422,33.7400016784668,33.9900016784668,204800
2010-10-07,34.130001068115234,34.349998474121094,33.970001220703125,34.130001068115234,254800
2010-10-08,34.02000045776367,34.400001525878906,33.91999816894531,34.18000030517578,262800
2010-10-11,34.099998474121094,34.36000061035156,33.86000061035156,34.15999984741211,135300
2010-10-12,34.029998779296875,34.27000045776367,33.619998931884766,34.11000061035156,336000
2010-10-13,34.189998626708984,34.560001373291016,33.9900016784668,34.369998931884766,400100
2010-10-14,34.41999816894531,34.63999938964844,34.2400016784668,34.540000915527344,291400
2010-10-15,34.849998474121094,34.869998931884766,34.15999984741211,34.22999954223633,309600
2010-10-18,34.150001525878906,34.65999984741211,34.130001068115234,34.29999923706055,232000
2010-10-19,33.880001068115234,34.13999938964844,33.22999954223633,33.349998474121094,301100
2010-10-20,33.47999954223633,33.959999084472656,33.470001220703125,33.709999084472656,205200
2010-10-21,33.810001373291016,34.22999954223633,33.38999938964844,33.709999084472656,305900
2010-10-22,33.720001220703125,34.02000045776367,33.619998931884766,33.939998626708984,127900
2010-10-25,34.150001525878906,34.709999084472656,34.150001525878906,34.27000045776367,125700
2010-10-26,34.060001373291016,34.54999923706055,33.90999984741211,34.27000045776367,163600
2010-10-27,34.04999923706055,34.2599983215332,33.65999984741211,33.93000030517578,222300
2010-10-28,34.15999984741211,34.5,33.68000030517578,34.040000915527344,160400
2010-10-29,33.900001525878906,34.400001525878906,33.79999923706055,34.220001220703125,203400
2010-11-01,34.38999938964844,34.5,34.150001525878906,34.29999923706055,377300
2010-11-02,34.7400016784668,35.40999984741211,34.619998931884766,35.25,372600
2010-11-03,34.45000076293945,35.150001525878906,34.0099983215332,34.66999816894531,804000
2010-11-04,35.119998931884766,35.84000015258789,34.40999984741211,34.90999984741211,622100
2010-11-05,34.86000061035156,35.0099983215332,34.59000015258789,34.77000045776367,282300
2010-11-08,34.619998931884766,34.689998626708984,34.2599983215332,34.619998931884766,218000
2010-11-09,34.7400016784668,34.810001373291016,34.18000030517578,34.29999923706055,240200
2010-11-10,34.380001068115234,34.7400016784668,34.0099983215332,34.630001068115234,279200
2010-11-11,34.29999923706055,34.70000076293945,34.08000183105469,34.4900016784668,213100
2010-11-12,34.20000076293945,34.709999084472656,34.20000076293945,34.599998474121094,393900
2010-11-15,34.7400016784668,35.04999923706055,34.70000076293945,34.709999084472656,215600
2010-11-16,34.45000076293945,34.5099983215332,33.97999954223633,34.22999954223633,443100
2010-11-17,34.25,34.400001525878906,33.689998626708984,33.77000045776367,287000
2010-11-18,34.060001373291016,34.540000915527344,33.91999816894531,34.220001220703125,169300
2010-11-19,34.040000915527344,34.54999923706055,34.040000915527344,34.279998779296875,238400
2010-11-22,33.9900016784668,34.47999954223633,33.869998931884766,34.47999954223633,212900
2010-11-23,34.08000183105469,34.369998931884766,33.880001068115234,34.33000183105469,275000
2010-11-24,34.59000015258789,34.97999954223633,34.459999084472656,34.97999954223633,192400
2010-11-26,34.790000915527344,35.0,34.619998931884766,34.869998931884766,58400
2010-11-29,34.61000061035156,34.72999954223633,34.09000015258789,34.599998474121094,206800
2010-11-30,34.31999969482422,34.58000183105469,34.060001373291016,34.40999984741211,343200
2010-12-01,34.790000915527344,35.61000061035156,34.790000915527344,35.380001068115234,293500
2010-12-02,35.459999084472656,35.9900016784668,35.36000061035156,35.95000076293945,210500
2010-12-03,35.869998931884766,36.220001220703125,35.61000061035156,36.16999816894531,170300
2010-12-06,36.040000915527344,36.119998931884766,35.720001220703125,36.08000183105469,199700
2010-12-07,36.25,36.38999938964844,35.31999969482422,35.83000183105469,518100
2010-12-08,35.849998474121094,36.369998931884766,35.7400016784668,36.0099983215332,241500
2010-12-09,36.25,36.41999816894531,35.939998626708984,36.2400016784668,255200
2010-12-10,36.34000015258789,37.189998626708984,36.2599983215332,37.11000061035156,196200
2010-12-13,37.20000076293945,37.20000076293945,36.72999954223633,36.7599983215332,163900
2010-12-14,36.880001068115234,37.380001068115234,36.880001068115234,37.310001373291016,195700
2010-12-15,37.29999923706055,37.689998626708984,37.25,37.2599983215332,227200
2010-12-16,37.34000015258789,37.83000183105469,37.119998931884766,37.779998779296875,227800
2010-12-17,37.84000015258789,38.0,37.13999938964844,37.83000183105469,412100
2010-12-20,38.0,38.0,37.470001220703125,37.52000045776367,230800
2010-12-21,37.54999923706055,37.54999923706055,37.040000915527344,37.33000183105469,209000
2010-12-22,37.2400016784668,37.540000915527344,37.0099983215332,37.119998931884766,243300
2010-12-23,37.18000030517578,37.34000015258789,36.79999923706055,37.029998779296875,114100
2010-12-27,36.93000030517578,37.38999938964844,36.810001373291016,37.2400016784668,102000
2010-12-28,37.31999969482422,37.5099983215332,36.9900016784668,37.45000076293945,131800
2010-12-29,37.58000183105469,37.650001525878906,37.13999938964844,37.22999954223633,93400
2010-12-30,37.150001525878906,37.369998931884766,36.869998931884766,37.0099983215332,79000
2010-12-31,37.0,37.209999084472656,36.400001525878906,36.459999084472656,174500
2011-01-03,36.70000076293945,37.380001068115234,36.5099983215332,37.099998474121094,213900
2011-01-04,37.220001220703125,37.220001220703125,36.13999938964844,36.52000045776367,205600
2011-01-05,36.4900016784668,36.86000061035156,36.40999984741211,36.720001220703125,129500
2011-01-06,36.66999816894531,36.720001220703125,36.08000183105469,36.16999816894531,184400
2011-01-07,36.29999923706055,36.31999969482422,35.56999969482422,36.040000915527344,150600
2011-01-10,35.81999969482422,36.119998931884766,35.66999816894531,35.970001220703125,433300
2011-01-11,36.040000915527344,36.310001373291016,35.84000015258789,36.11000061035156,146000
2011-01-12,36.45000076293945,36.4900016784668,36.0,36.189998626708984,245100
2011-01-13,36.11000061035156,36.20000076293945,35.72999954223633,36.040000915527344,134900
2011-01-14,36.060001373291016,36.22999954223633,35.810001373291016,36.150001525878906,221500
2011-01-18,36.0,36.470001220703125,35.83000183105469,36.470001220703125,319900
2011-01-19,36.38999938964844,36.83000183105469,35.68000030517578,35.779998779296875,203500
2011-01-20,35.59000015258789,35.91999816894531,35.2400016784668,35.470001220703125,299100
2011-01-21,35.63999938964844,35.68000030517578,35.369998931884766,35.38999938964844,229300
2011-01-24,35.38999938964844,36.040000915527344,35.38999938964844,35.83000183105469,141200
2011-01-25,35.630001068115234,35.810001373291016,35.349998474121094,35.810001373291016,175700
2011-01-26,35.88999938964844,36.470001220703125,35.650001525878906,36.31999969482422,299000
2011-01-27,36.2599983215332,36.63999938964844,35.939998626708984,36.540000915527344,197800
2011-01-28,36.380001068115234,36.380001068115234,34.90999984741211,34.91999816894531,630600
2011-01-31,35.099998474121094,35.22999954223633,34.560001373291016,34.81999969482422,281600
2011-02-01,35.08000183105469,35.5,34.849998474121094,35.34000015258789,212900
2011-02-02,35.189998626708984,35.5,35.0099983215332,35.060001373291016,185100
2011-02-03,35.099998474121094,35.70000076293945,34.72999954223633,35.58000183105469,209800
2011-02-04,35.52000045776367,35.779998779296875,35.2400016784668,35.29999923706055,206800
2011-02-07,35.29999923706055,35.84000015258789,35.220001220703125,35.75,420700
2011-02-08,33.84000015258789,34.150001525878906,32.70000076293945,34.029998779296875,1356000
2011-02-09,33.33000183105469,33.88999938964844,33.25,33.720001220703125,885300
2011-02-10,33.63999938964844,34.099998474121094,33.45000076293945,34.099998474121094,771000
2011-02-11,33.869998931884766,34.34000015258789,33.869998931884766,34.2400016784668,228300
2011-02-14,34.150001525878906,34.709999084472656,34.040000915527344,34.689998626708984,274600
2011-02-15,34.290000915527344,34.400001525878906,33.83000183105469,34.189998626708984,350200
2011-02-16,34.22999954223633,34.790000915527344,34.11000061035156,34.560001373291016,277400
2011-02-17,34.40999984741211,34.779998779296875,34.04999923706055,34.68000030517578,349700
2011-02-18,34.93000030517578,35.439998626708984,34.72999954223633,35.15999984741211,320200
2011-02-22,34.88999938964844,35.2400016784668,34.65999984741211,34.70000076293945,302600
2011-02-23,34.619998931884766,34.790000915527344,33.61000061035156,33.63999938964844,277400
2011-02-24,33.599998474121094,34.08000183105469,33.349998474121094,33.77000045776367,356800
2011-02-25,33.630001068115234,34.18000030517578,33.599998474121094,34.13999938964844,227600
2011-02-28,34.220001220703125,34.45000076293945,33.7599983215332,33.849998474121094,256200
2011-03-01,33.97999954223633,34.15999984741211,33.36000061035156,33.529998779296875,367400
2011-03-02,33.41999816894531,33.91999816894531,33.29999923706055,33.720001220703125,176600
2011-03-03,34.029998779296875,35.02000045776367,34.02000045776367,34.79999923706055,324500
2011-03-04,34.849998474121094,34.849998474121094,34.119998931884766,34.540000915527344,128500
2011-03-07,34.709999084472656,34.88999938964844,33.599998474121094,34.119998931884766,241200
2011-03-08,34.220001220703125,34.91999816894531,33.939998626708984,34.810001373291016,229500
2011-03-09,34.72999954223633,35.04999923706055,34.65999984741211,34.83000183105469,209700
2011-03-10,34.20000076293945,34.27000045776367,33.540000915527344,33.619998931884766,422200
2011-03-11,33.5,33.5,32.88999938964844,33.31999969482422,245200
2011-03-14,33.040000915527344,33.459999084472656,32.4900016784668,32.619998931884766,387500
2011-03-15,31.889999389648438,32.900001525878906,31.860000610351562,32.650001525878906,468100
2011-03-16,32.459999084472656,32.56999969482422,32.060001373291016,32.16999816894531,416500
2011-03-17,32.65999984741211,32.83000183105469,32.13999938964844,32.189998626708984,180900
2011-03-18,32.529998779296875,32.75,32.36000061035156,32.61000061035156,377800
2011-03-21,32.88999938964844,33.77000045776367,32.75,33.400001525878906,323000
2011-03-22,34.0,34.470001220703125,33.81999969482422,34.45000076293945,612400
2011-03-23,34.33000183105469,34.369998931884766,34.09000015258789,34.20000076293945,323800
2011-03-24,34.400001525878906,34.40999984741211,34.0,34.38999938964844,194600
2011-03-25,34.47999954223633,35.18000030517578,34.20000076293945,34.720001220703125,210300
2011-03-28,34.709999084472656,34.90999984741211,34.47999954223633,34.5099983215332,197300
2011-03-29,34.470001220703125,34.83000183105469,34.349998474121094,34.459999084472656,239800
2011-03-30,34.58000183105469,34.650001525878906,34.310001373291016,34.5,205600
2011-03-31,34.36000061035156,34.779998779296875,34.36000061035156,34.540000915527344,208500
2011-04-01,34.81999969482422,34.91999816894531,34.290000915527344,34.61000061035156,270800
2011-04-04,34.619998931884766,34.849998474121094,34.5099983215332,34.709999084472656,193900
2011-04-05,34.59000015258789,34.849998474121094,34.40999984741211,34.5,461400
2011-04-06,34.65999984741211,35.09000015258789,34.65999984741211,34.869998931884766,325200
2011-04-07,34.97999954223633,35.09000015258789,34.470001220703125,34.5,232100
2011-04-08,34.709999084472656,34.779998779296875,33.88999938964844,34.08000183105469,184400
2011-04-11,34.16999816894531,34.33000183105469,33.81999969482422,33.88999938964844,145300
2011-04-12,33.75,33.810001373291016,33.25,33.54999923706055,254500
2011-04-13,33.63999938964844,33.790000915527344,33.400001525878906,33.65999984741211,299200
2011-04-14,33.34000015258789,33.779998779296875,33.22999954223633,33.70000076293945,160300
2011-04-15,33.59000015258789,34.15999984741211,33.45000076293945,34.06999969482422,306000
2011-04-18,33.56999969482422,33.869998931884766,33.380001068115234,33.650001525878906,395900
2011-04-19,33.810001373291016,33.869998931884766,33.709999084472656,33.83000183105469,223800
2011-04-20,34.290000915527344,34.290000915527344,33.86000061035156,34.06999969482422,210700
2011-04-21,34.310001373291016,34.41999816894531,34.099998474121094,34.34000015258789,146800
2011-04-25,34.22999954223633,34.540000915527344,34.060001373291016,34.470001220703125,263800
2011-04-26,34.59000015258789,35.470001220703125,34.5,35.25,234200
2011-04-27,35.20000076293945,35.7599983215332,35.20000076293945,35.7400016784668,200400
2011-04-28,35.630001068115234,35.88999938964844,35.54999923706055,35.869998931884766,125600
2011-04-29,35.790000915527344,36.119998931884766,35.630001068115234,36.040000915527344,167000
2011-05-02,36.29999923706055,36.310001373291016,35.88999938964844,35.900001525878906,251000
2011-05-03,35.81999969482422,36.279998779296875,35.77000045776367,35.880001068115234,153000
2011-05-04,35.869998931884766,35.900001525878906,35.25,35.54999923706055,181000
2011-05-05,35.380001068115234,36.060001373291016,35.25,35.83000183105469,311200
2011-05-06,36.220001220703125,36.56999969482422,35.880001068115234,36.33000183105469,382000
2011-05-09,35.849998474121094,36.189998626708984,35.06999969482422,36.15999984741211,451800
2011-05-10,36.41999816894531,36.41999816894531,35.400001525878906,36.060001373291016,684900
2011-05-11,36.0,36.2599983215332,35.439998626708984,35.79999923706055,261100
2011-05-12,35.68000030517578,36.47999954223633,35.369998931884766,36.349998474121094,175000
2011-05-13,36.400001525878906,36.470001220703125,35.869998931884766,36.18000030517578,207800
2011-05-16,35.95000076293945,36.09000015258789,35.61000061035156,35.619998931884766,204900
2011-05-17,35.52000045776367,35.59000015258789,35.09000015258789,35.439998626708984,194000
2011-05-18,35.5099983215332,35.97999954223633,35.27000045776367,35.939998626708984,272800
2011-05-19,36.029998779296875,36.470001220703125,35.810001373291016,36.08000183105469,175100
2011-05-20,35.88999938964844,36.02000045776367,35.43000030517578,35.880001068115234,258300
2011-05-23,35.38999938964844,35.38999938964844,34.689998626708984,34.779998779296875,298600
2011-05-24,34.810001373291016,34.810001373291016,34.27000045776367,34.380001068115234,386800
2011-05-25,34.2400016784668,34.650001525878906,34.20000076293945,34.619998931884766,176400
2011-05-26,34.47999954223633,35.189998626708984,34.29999923706055,35.18000030517578,206700
2011-05-27,35.25,35.36000061035156,35.11000061035156,35.290000915527344,80400
2011-05-31,35.619998931884766,36.13999938964844,35.40999984741211,36.09000015258789,418000
2011-06-01,35.97999954223633,36.119998931884766,35.36000061035156,35.38999938964844,331500
2011-06-02,35.369998931884766,35.470001220703125,34.59000015258789,35.04999923706055,264500
2011-06-03,34.459999084472656,34.7400016784668,34.36000061035156,34.45000076293945,323600
2011-06-06,34.38999938964844,34.540000915527344,34.06999969482422,34.119998931884766,252700
2011-06-07,34.349998474121094,34.619998931884766,33.869998931884766,34.40999984741211,211000
2011-06-08,34.220001220703125,34.650001525878906,34.099998474121094,34.540000915527344,296500
2011-06-09,34.65999984741211,34.790000915527344,34.349998474121094,34.650001525878906,238200
2011-06-10,34.41999816894531,34.83000183105469,34.119998931884766,34.5099983215332,404000
2011-06-13,34.45000076293945,34.59000015258789,34.209999084472656,34.33000183105469,186700
2011-06-14,34.630001068115234,34.959999084472656,34.38999938964844,34.459999084472656,278300
2011-06-15,34.209999084472656,34.369998931884766,33.599998474121094,33.68000030517578,395500
2011-06-16,33.790000915527344,34.150001525878906,33.54999923706055,33.95000076293945,312200
2011-06-17,34.130001068115234,34.2400016784668,33.38999938964844,33.779998779296875,650400
2011-06-20,33.7400016784668,34.060001373291016,33.63999938964844,33.880001068115234,334100
2011-06-21,34.04999923706055,34.2400016784668,33.869998931884766,34.189998626708984,255900
2011-06-22,33.97999954223633,34.13999938964844,33.790000915527344,33.86000061035156,369500
2011-06-23,33.560001373291016,34.25,33.13999938964844,34.11000061035156,335800
2011-06-24,34.290000915527344,34.290000915527344,33.86000061035156,34.0,458400
2011-06-27,34.08000183105469,34.66999816894531,33.9900016784668,34.47999954223633,188700
2011-06-28,34.630001068115234,34.869998931884766,34.47999954223633,34.810001373291016,149300
2011-06-29,34.84000015258789,35.02000045776367,34.650001525878906,34.7599983215332,145900
2011-06-30,34.79999923706055,35.16999816894531,34.72999954223633,34.97999954223633,243600
2011-07-01,35.06999969482422,35.88999938964844,35.040000915527344,35.79999923706055,277500
2011-07-05,35.79999923706055,35.84000015258789,35.47999954223633,35.68000030517578,210300
2011-07-06,35.689998626708984,36.18000030517578,35.52000045776367,36.18000030517578,249800
2011-07-07,36.41999816894531,36.560001373291016,36.040000915527344,36.349998474121094,307500
2011-07-08,36.0,36.2400016784668,35.869998931884766,36.09000015258789,95900
2011-07-11,35.630001068115234,35.93000030517578,35.38999938964844,35.4900016784668,208800
2011-07-12,35.36000061035156,36.290000915527344,35.349998474121094,35.86000061035156,202000
2011-07-13,36.0099983215332,36.47999954223633,35.72999954223633,35.810001373291016,359100
2011-07-14,35.900001525878906,36.45000076293945,35.81999969482422,36.0099983215332,311700
2011-07-15,36.130001068115234,36.2400016784668,35.68000030517578,36.029998779296875,267800
2011-07-18,35.91999816894531,36.040000915527344,35.09000015258789,35.400001525878906,193200
2011-07-19,35.70000076293945,36.650001525878906,35.70000076293945,36.56999969482422,217000
2011-07-20,36.5,36.529998779296875,35.810001373291016,35.95000076293945,184200
2011-07-21,36.13999938964844,36.63999938964844,35.93000030517578,36.599998474121094,172800
2011-07-22,36.52000045776367,36.7599983215332,36.2400016784668,36.720001220703125,168000
2011-07-25,36.33000183105469,36.59000015258789,36.119998931884766,36.29999923706055,178300
2011-07-26,36.29999923706055,36.40999984741211,35.84000015258789,36.2599983215332,236100
2011-07-27,36.040000915527344,36.040000915527344,34.869998931884766,35.02000045776367,536800
2011-07-28,35.04999923706055,35.2400016784668,34.5099983215332,34.56999969482422,415100
2011-07-29,34.189998626708984,35.06999969482422,34.04999923706055,34.9900016784668,408000
2011-08-01,35.29999923706055,35.29999923706055,33.56999969482422,34.029998779296875,736400
2011-08-02,33.54999923706055,34.369998931884766,32.209999084472656,32.310001373291016,981100
2011-08-03,32.34000015258789,32.470001220703125,31.43000030517578,31.610000610351562,697400
2011-08-04,31.170000076293945,31.760000228881836,30.479999542236328,30.530000686645508,871300
2011-08-05,30.860000610351562,31.31999969482422,30.0,30.860000610351562,953900
2011-08-08,29.84000015258789,30.639999389648438,28.969999313354492,28.969999313354492,913600
2011-08-09,29.559999465942383,30.059999465942383,27.760000228881836,30.059999465942383,806800
2011-08-10,29.260000228881836,29.520000457763672,28.290000915527344,28.389999389648438,754700
2011-08-11,28.399999618530273,30.3799991607666,28.309999465942383,29.889999389648438,696700
2011-08-12,30.079999923706055,30.549999237060547,29.5,30.1299991607666,325700
2011-08-15,30.389999389648438,30.8799991607666,30.149999618530273,30.8799991607666,317700
2011-08-16,30.510000228881836,30.950000762939453,30.190000534057617,30.709999084472656,334800
2011-08-17,30.889999389648438,31.200000762939453,30.34000015258789,30.559999465942383,322500
2011-08-18,29.6299991607666,29.829999923706055,28.600000381469727,28.799999237060547,384200
2011-08-19,28.329999923706055,29.5,27.950000762939453,28.610000610351562,478700
2011-08-22,29.360000610351562,29.360000610351562,28.520000457763672,28.68000030517578,217100
2011-08-23,28.829999923706055,30.149999618530273,28.6200008392334,30.040000915527344,393100
2011-08-24,29.959999084472656,30.530000686645508,29.520000457763672,30.170000076293945,414000
2011-08-25,30.450000762939453,30.709999084472656,29.399999618530273,29.760000228881836,332700
2011-08-26,29.579999923706055,30.239999771118164,29.170000076293945,30.18000030517578,437800
2011-08-29,30.5,31.739999771118164,30.360000610351562,31.690000534057617,354800
2011-08-30,31.540000915527344,32.16999816894531,31.3700008392334,31.920000076293945,402500
2011-08-31,32.04999923706055,32.529998779296875,31.8700008392334,32.18000030517578,307500
2011-09-01,32.119998931884766,32.599998474121094,31.329999923706055,31.469999313354492,248100
2011-09-02,30.850000381469727,31.110000610351562,30.0,30.06999969482422,331600
2011-09-06,29.520000457763672,30.09000015258789,29.25,29.920000076293945,282800
2011-09-07,30.3799991607666,30.90999984741211,30.219999313354492,30.889999389648438,297800
2011-09-08,30.809999465942383,31.010000228881836,30.360000610351562,30.489999771118164,318700
2011-09-09,30.1200008392334,30.170000076293945,29.34000015258789,29.56999969482422,477600
2011-09-12,29.15999984741211,29.8700008392334,29.15999984741211,29.81999969482422,376500
2011-09-13,29.969999313354492,30.469999313354492,29.829999923706055,30.350000381469727,228900
2011-09-14,30.65999984741211,31.190000534057617,29.860000610351562,30.75,347100
2011-09-15,31.049999237060547,31.139999389648438,30.420000076293945,31.030000686645508,228200
2011-09-16,31.170000076293945,31.350000381469727,30.450000762939453,30.690000534057617,512800
2011-09-19,30.06999969482422,30.110000610351562,29.559999465942383,29.899999618530273,359800
2011-09-20,30.190000534057617,30.81999969482422,29.700000762939453,29.700000762939453,419800
2011-09-21,29.739999771118164,29.8700008392334,28.489999771118164,28.530000686645508,327100
2011-09-22,27.770000457763672,28.360000610351562,27.68000030517578,27.950000762939453,921100
2011-09-23,27.920000076293945,28.579999923706055,27.65999984741211,28.489999771118164,312400
2011-09-26,28.799999237060547,29.530000686645508,28.209999084472656,29.459999084472656,237600
2011-09-27,30.139999389648438,31.270000457763672,29.989999771118164,30.479999542236328,394900
2011-09-28,30.549999237060547,30.729999542236328,28.719999313354492,28.850000381469727,606200
2011-09-29,29.350000381469727,29.5,28.360000610351562,29.059999465942383,328300
2011-09-30,28.610000610351562,30.389999389648438,28.579999923706055,29.270000457763672,567200
2011-10-03,29.0,29.559999465942383,27.760000228881836,27.770000457763672,522700
2011-10-04,27.489999771118164,29.530000686645508,27.489999771118164,29.479999542236328,521000
2011-10-05,29.6200008392334,30.350000381469727,29.260000228881836,29.34000015258789,601400
2011-10-06,29.209999084472656,29.420000076293945,28.700000762939453,29.15999984741211,458000
2011-10-07,29.25,29.25,28.329999923706055,28.559999465942383,389900
2011-10-10,29.079999923706055,29.280000686645508,28.700000762939453,29.219999313354492,282300
2011-10-11,29.0,29.5,28.93000030517578,29.350000381469727,367900
2011-10-12,29.639999389648438,29.8799991607666,29.40999984741211,29.540000915527344,313300
2011-10-13,29.399999618530273,29.399999618530273,28.770000457763672,29.25,205600
2011-10-14,29.6299991607666,30.600000381469727,29.350000381469727,30.1200008392334,442900
2011-10-17,30.100000381469727,30.110000610351562,29.0,29.079999923706055,360400
2011-10-18,29.329999923706055,29.639999389648438,28.5,29.489999771118164,549100
2011-10-19,29.639999389648438,29.760000228881836,28.700000762939453,28.850000381469727,367600
2011-10-20,28.969999313354492,28.979999542236328,28.149999618530273,28.709999084472656,332400
2011-10-21,29.190000534057617,29.90999984741211,29.020000457763672,29.719999313354492,410100
2011-10-24,29.899999618530273,31.270000457763672,29.8799991607666,30.760000228881836,480900
2011-10-25,30.530000686645508,30.989999771118164,30.100000381469727,30.239999771118164,415100
2011-10-26,30.709999084472656,30.770000457763672,29.75,30.59000015258789,320500
2011-10-27,31.420000076293945,32.38999938964844,31.260000228881836,32.2599983215332,666600
2011-10-28,32.22999954223633,32.68000030517578,32.09000015258789,32.41999816894531,336400
2011-10-31,32.04999923706055,32.2400016784668,30.959999084472656,30.979999542236328,353900
2011-11-01,30.0,30.280000686645508,29.43000030517578,29.81999969482422,536500
2011-11-02,30.010000228881836,30.010000228881836,28.1299991607666,28.549999237060547,1257000
2011-11-03,28.639999389648438,29.020000457763672,28.059999465942383,28.8799991607666,785900
2011-11-04,28.68000030517578,29.040000915527344,28.260000228881836,28.979999542236328,396300
2011-11-07,28.93000030517578,29.18000030517578,28.510000228881836,29.170000076293945,455000
2011-11-08,29.329999923706055,29.700000762939453,28.700000762939453,29.56999969482422,546700
2011-11-09,28.739999771118164,29.0,28.219999313354492,28.420000076293945,575900
2011-11-10,28.809999465942383,29.09000015258789,28.360000610351562,28.760000228881836,415500
2011-11-11,29.06999969482422,29.90999984741211,28.959999084472656,29.700000762939453,448000
2011-11-14,29.56999969482422,29.780000686645508,29.290000915527344,29.399999618530273,279600
2011-11-15,29.34000015258789,29.93000030517578,29.110000610351562,29.68000030517578,378600
2011-11-16,29.350000381469727,29.950000762939453,29.1299991607666,29.15999984741211,477500
2011-11-17,29.06999969482422,29.350000381469727,28.649999618530273,28.799999237060547,539300
2011-11-18,28.899999618530273,29.030000686645508,28.520000457763672,28.579999923706055,213800
2011-11-21,28.020000457763672,28.360000610351562,27.829999923706055,27.969999313354492,288400
2011-11-22,27.969999313354492,28.209999084472656,27.520000457763672,27.799999237060547,298200
2011-11-23,27.610000610351562,27.719999313354492,27.079999923706055,27.3799991607666,527500
2011-11-25,27.299999237060547,27.75,27.290000915527344,27.459999084472656,170400
2011-11-28,28.3799991607666,28.959999084472656,28.18000030517578,28.760000228881836,458000
2011-11-29,28.899999618530273,29.0,28.40999984741211,28.450000762939453,364800
2011-11-30,29.670000076293945,30.200000762939453,29.459999084472656,30.06999969482422,606400
2011-12-01,30.049999237060547,30.440000534057617,29.75,29.770000457763672,352400
2011-12-02,30.209999084472656,30.56999969482422,29.639999389648438,29.729999542236328,258400
2011-12-05,30.25,30.690000534057617,30.049999237060547,30.360000610351562,365200
2011-12-06,30.43000030517578,30.6200008392334,30.100000381469727,30.440000534057617,307100
2011-12-07,30.18000030517578,30.309999465942383,29.510000228881836,30.209999084472656,393600
2011-12-08,30.0,30.010000228881836,28.950000762939453,29.020000457763672,383300
2011-12-09,29.110000610351562,29.989999771118164,29.110000610351562,29.760000228881836,318700
2011-12-12,29.459999084472656,29.459999084472656,28.719999313354492,28.950000762939453,231200
2011-12-13,29.200000762939453,29.489999771118164,28.469999313354492,28.600000381469727,320000
2011-12-14,28.389999389648438,28.559999465942383,27.899999618530273,28.270000457763672,426900
2011-12-15,28.559999465942383,28.799999237060547,28.1200008392334,28.520000457763672,528100
2011-12-16,28.600000381469727,29.06999969482422,27.969999313354492,28.1200008392334,720400
2011-12-19,28.309999465942383,28.600000381469727,27.81999969482422,27.84000015258789,336400
2011-12-20,28.40999984741211,28.940000534057617,28.34000015258789,28.90999984741211,335300
2011-12-21,28.780000686645508,29.239999771118164,28.510000228881836,29.190000534057617,177300
2011-12-22,29.270000457763672,29.610000610351562,29.09000015258789,29.450000762939453,277800
2011-12-23,29.59000015258789,29.889999389648438,29.469999313354492,29.790000915527344,113600
2011-12-27,29.739999771118164,30.010000228881836,29.709999084472656,29.969999313354492,234300
2011-12-28,29.950000762939453,30.0,29.309999465942383,29.350000381469727,279000
2011-12-29,29.40999984741211,29.959999084472656,29.360000610351562,29.850000381469727,267800
2011-12-30,29.75,30.15999984741211,29.75,29.81999969482422,227500
2012-01-03,30.450000762939453,30.8700008392334,30.0,30.06999969482422,555500
2012-01-04,29.979999542236328,30.110000610351562,29.700000762939453,29.889999389648438,428500
2012-01-05,29.770000457763672,29.940000534057617,29.40999984741211,29.899999618530273,395700
2012-01-06,29.90999984741211,30.149999618530273,29.719999313354492,30.040000915527344,495100
2012-01-09,29.40999984741211,29.950000762939453,28.479999542236328,28.559999465942383,893900
2012-01-10,28.899999618530273,28.969999313354492,28.31999969482422,28.329999923706055,642300
2012-01-11,28.219999313354492,28.479999542236328,28.059999465942383,28.229999542236328,516500
2012-01-12,28.25,28.350000381469727,27.700000762939453,28.100000381469727,773400
2012-01-13,27.729999542236328,28.420000076293945,27.709999084472656,28.170000076293945,452800
2012-01-17,28.440000534057617,28.899999618530273,28.280000686645508,28.850000381469727,468300
2012-01-18,28.850000381469727,29.100000381469727,28.760000228881836,29.09000015258789,453900
2012-01-19,29.110000610351562,29.239999771118164,28.93000030517578,29.229999542236328,431400
2012-01-20,29.170000076293945,29.649999618530273,29.149999618530273,29.59000015258789,303700
2012-01-23,29.65999984741211,30.040000915527344,29.360000610351562,29.40999984741211,402800
2012-01-24,29.260000228881836,29.3700008392334,29.149999618530273,29.350000381469727,465900
2012-01-25,29.280000686645508,29.850000381469727,29.280000686645508,29.559999465942383,512500
2012-01-26,29.719999313354492,29.719999313354492,29.18000030517578,29.6200008392334,496300
2012-01-27,29.459999084472656,30.079999923706055,29.40999984741211,30.059999465942383,404800
2012-01-30,29.760000228881836,30.229999542236328,29.56999969482422,30.079999923706055,474400
2012-01-31,30.309999465942383,30.530000686645508,30.010000228881836,30.079999923706055,508800
2012-02-01,30.260000228881836,30.350000381469727,29.989999771118164,30.1200008392334,631700
2012-02-02,30.09000015258789,30.329999923706055,30.040000915527344,30.079999923706055,379500
2012-02-03,30.31999969482422,30.43000030517578,30.1200008392334,30.200000762939453,622500
2012-02-06,30.149999618530273,30.639999389648438,30.1200008392334,30.639999389648438,430000
2012-02-07,29.979999542236328,30.959999084472656,29.350000381469727,30.59000015258789,1405500
2012-02-08,30.290000915527344,31.579999923706055,30.1200008392334,31.280000686645508,1254800
2012-02-09,31.270000457763672,31.469999313354492,30.8799991607666,30.959999084472656,481000
2012-02-10,30.579999923706055,31.440000534057617,30.579999923706055,31.350000381469727,480000
2012-02-13,31.690000534057617,32.02000045776367,31.600000381469727,31.989999771118164,411500
2012-02-14,31.850000381469727,31.950000762939453,31.270000457763672,31.530000686645508,322000
2012-02-15,31.690000534057617,31.770000457763672,31.139999389648438,31.280000686645508,351200
2012-02-16,31.309999465942383,31.8700008392334,31.239999771118164,31.829999923706055,407400
2012-02-17,31.959999084472656,32.029998779296875,31.850000381469727,31.950000762939453,694400
2012-02-21,32.099998474121094,32.099998474121094,31.43000030517578,31.6299991607666,449900
2012-02-22,31.690000534057617,31.790000915527344,31.510000228881836,31.739999771118164,509900
2012-02-23,31.75,32.33000183105469,31.540000915527344,32.27000045776367,429800
2012-02-24,32.11000061035156,32.2599983215332,31.780000686645508,32.130001068115234,211400
2012-02-27,31.850000381469727,32.29999923706055,31.469999313354492,32.150001525878906,290800
2012-02-28,32.06999969482422,32.27000045776367,31.770000457763672,31.959999084472656,277200
2012-02-29,32.040000915527344,32.08000183105469,31.3799991607666,31.3799991607666,358100
2012-03-01,31.559999465942383,31.760000228881836,31.40999984741211,31.479999542236328,282000
2012-03-02,31.469999313354492,31.579999923706055,30.760000228881836,31.0,359200
2012-03-05,30.899999618530273,31.06999969482422,30.670000076293945,31.049999237060547,274400
2012-03-06,30.56999969482422,30.940000534057617,30.329999923706055,30.540000915527344,473300
2012-03-07,30.540000915527344,30.809999465942383,30.3700008392334,30.690000534057617,432500
2012-03-08,30.93000030517578,30.950000762939453,30.549999237060547,30.84000015258789,285400
2012-03-09,30.860000610351562,31.850000381469727,30.860000610351562,31.360000610351562,302500
2012-03-12,31.420000076293945,31.469999313354492,30.8799991607666,30.989999771118164,194900
2012-03-13,31.3700008392334,31.889999389648438,30.979999542236328,31.8799991607666,389200
2012-03-14,31.920000076293945,32.0,31.709999084472656,31.81999969482422,190400
2012-03-15,31.860000610351562,32.16999816894531,31.600000381469727,32.16999816894531,196400
2012-03-16,32.2400016784668,32.380001068115234,32.040000915527344,32.11000061035156,446400
2012-03-19,32.20000076293945,32.29999923706055,31.969999313354492,32.0,229100
2012-03-20,31.8700008392334,32.0099983215332,31.690000534057617,31.90999984741211,254300
2012-03-21,31.93000030517578,32.040000915527344,31.639999389648438,31.639999389648438,363600
2012-03-22,31.479999542236328,31.690000534057617,31.200000762939453,31.350000381469727,391000
2012-03-23,31.43000030517578,31.489999771118164,31.06999969482422,31.200000762939453,553400
2012-03-26,31.530000686645508,32.220001220703125,31.450000762939453,32.02000045776367,488300
2012-03-27,32.0099983215332,32.209999084472656,31.799999237060547,31.899999618530273,361900
2012-03-28,31.969999313354492,32.060001373291016,31.190000534057617,31.5,440700
2012-03-29,31.360000610351562,31.709999084472656,31.219999313354492,31.600000381469727,321100
2012-03-30,31.799999237060547,31.93000030517578,31.579999923706055,31.6200008392334,190000
2012-04-02,31.579999923706055,31.709999084472656,31.40999984741211,31.520000457763672,323800
2012-04-03,31.559999465942383,31.649999618530273,30.950000762939453,31.170000076293945,344600
2012-04-04,30.860000610351562,30.959999084472656,30.280000686645508,30.809999465942383,574400
2012-04-05,30.719999313354492,31.0,30.489999771118164,30.670000076293945,389300
2012-04-09,30.170000076293945,30.389999389648438,29.950000762939453,30.360000610351562,287300
2012-04-10,30.309999465942383,30.34000015258789,29.959999084472656,30.149999618530273,513000
2012-04-11,30.420000076293945,30.610000610351562,30.309999465942383,30.610000610351562,295600
2012-04-12,30.610000610351562,31.239999771118164,30.540000915527344,31.040000915527344,368200
2012-04-13,30.979999542236328,31.020000457763672,30.309999465942383,30.329999923706055,339300
2012-04-16,30.360000610351562,30.600000381469727,30.020000457763672,30.31999969482422,267600
2012-04-17,30.479999542236328,31.15999984741211,30.43000030517578,30.809999465942383,502500
2012-04-18,30.75,30.829999923706055,30.350000381469727,30.530000686645508,195000
2012-04-19,30.639999389648438,30.75,30.299999237060547,30.399999618530273,263500
2012-04-20,30.6200008392334,30.770000457763672,30.399999618530273,30.479999542236328,394200
2012-04-23,30.059999465942383,30.31999969482422,29.81999969482422,30.260000228881836,259400
2012-04-24,30.299999237060547,30.790000915527344,30.149999618530273,30.68000030517578,196400
2012-04-25,31.0,31.440000534057617,30.829999923706055,31.06999969482422,349500
2012-04-26,31.030000686645508,31.350000381469727,30.899999618530273,31.219999313354492,204900
2012-04-27,31.280000686645508,31.829999923706055,31.18000030517578,31.520000457763672,562100
2012-04-30,31.56999969482422,31.6299991607666,31.15999984741211,31.40999984741211,393000
2012-05-01,31.360000610351562,31.780000686645508,31.229999542236328,31.329999923706055,371100
2012-05-02,31.049999237060547,31.360000610351562,30.729999542236328,31.350000381469727,328400
2012-05-03,31.280000686645508,31.399999618530273,30.59000015258789,30.799999237060547,412000
2012-05-04,30.559999465942383,30.68000030517578,29.940000534057617,29.979999542236328,814200
2012-05-07,29.899999618530273,30.8700008392334,29.690000534057617,30.829999923706055,727800
2012-05-08,30.3799991607666,31.15999984741211,29.639999389648438,31.139999389648438,1083100
2012-05-09,30.709999084472656,30.8799991607666,30.010000228881836,30.010000228881836,543900
2012-05-10,30.280000686645508,30.280000686645508,29.8700008392334,30.1200008392334,425700
2012-05-11,29.90999984741211,30.260000228881836,29.8799991607666,30.100000381469727,311800
2012-05-14,29.799999237060547,30.100000381469727,29.68000030517578,30.0,332700
2012-05-15,30.06999969482422,30.100000381469727,29.670000076293945,29.739999771118164,292000
2012-05-16,29.729999542236328,29.90999984741211,29.65999984741211,29.719999313354492,249100
2012-05-17,29.670000076293945,29.780000686645508,29.450000762939453,29.489999771118164,421800
2012-05-18,29.40999984741211,29.530000686645508,29.09000015258789,29.260000228881836,521400
2012-05-21,29.219999313354492,29.649999618530273,29.079999923706055,29.59000015258789,401900
2012-05-22,29.549999237060547,29.6299991607666,29.079999923706055,29.200000762939453,498900
2012-05-23,29.0,29.829999923706055,28.889999389648438,29.799999237060547,582000
2012-05-24,29.81999969482422,30.190000534057617,29.59000015258789,30.18000030517578,249800
2012-05-25,30.229999542236328,30.440000534057617,30.059999465942383,30.190000534057617,160300
2012-05-29,30.399999618530273,30.899999618530273,30.350000381469727,30.709999084472656,325400
2012-05-30,30.450000762939453,30.6200008392334,29.8700008392334,29.940000534057617,199600
2012-05-31,29.969999313354492,30.110000610351562,29.510000228881836,29.860000610351562,431700
2012-06-01,29.190000534057617,29.280000686645508,28.940000534057617,29.010000228881836,473000
2012-06-04,29.040000915527344,29.290000915527344,28.959999084472656,29.06999969482422,290900
2012-06-05,28.889999389648438,29.6299991607666,28.770000457763672,29.559999465942383,295300
2012-06-06,29.809999465942383,30.34000015258789,29.690000534057617,30.329999923706055,283900
2012-06-07,30.739999771118164,30.829999923706055,30.3700008392334,30.3799991607666,317400
2012-06-08,30.329999923706055,30.969999313354492,30.25,30.889999389648438,271000
2012-06-11,31.100000381469727,31.200000762939453,30.559999465942383,30.56999969482422,613000
2012-06-12,30.719999313354492,30.969999313354492,30.489999771118164,30.799999237060547,298100
2012-06-13,30.75,30.8700008392334,30.43000030517578,30.559999465942383,426400
2012-06-14,30.649999618530273,30.920000076293945,30.600000381469727,30.809999465942383,530900
2012-06-15,30.93000030517578,31.389999389648438,30.719999313354492,31.200000762939453,544400
2012-06-18,31.079999923706055,31.479999542236328,31.020000457763672,31.450000762939453,307300
2012-06-19,31.520000457763672,31.780000686645508,31.5,31.530000686645508,469300
2012-06-20,31.520000457763672,31.540000915527344,31.1299991607666,31.290000915527344,172100
2012-06-21,31.329999923706055,31.479999542236328,30.459999084472656,30.5,254500
2012-06-22,30.700000762939453,30.81999969482422,30.469999313354492,30.760000228881836,647400
2012-06-25,30.34000015258789,30.600000381469727,30.059999465942383,30.079999923706055,337900
2012-06-26,30.100000381469727,30.239999771118164,29.84000015258789,30.15999984741211,234000
2012-06-27,30.299999237060547,30.829999923706055,30.229999542236328,30.780000686645508,149200
2012-06-28,30.5,30.719999313354492,29.6200008392334,30.469999313354492,630200
2012-06-29,31.06999969482422,31.469999313354492,30.850000381469727,31.3700008392334,444900
2012-07-02,31.540000915527344,31.649999618530273,31.34000015258789,31.649999618530273,558100
2012-07-03,31.760000228881836,32.15999984741211,31.530000686645508,32.15999984741211,229500
2012-07-05,32.08000183105469,32.31999969482422,31.84000015258789,31.860000610351562,162700
2012-07-06,31.549999237060547,31.700000762939453,31.299999237060547,31.389999389648438,140200
2012-07-09,31.389999389648438,31.559999465942383,31.15999984741211,31.540000915527344,191700
2012-07-10,31.670000076293945,31.770000457763672,31.149999618530273,31.229999542236328,124000
2012-07-11,31.229999542236328,31.559999465942383,31.15999984741211,31.479999542236328,187200
2012-07-12,31.329999923706055,31.459999084472656,31.0,31.360000610351562,178400
2012-07-13,31.420000076293945,31.860000610351562,31.239999771118164,31.68000030517578,161400
2012-07-16,31.610000610351562,31.780000686645508,31.43000030517578,31.600000381469727,239000
2012-07-17,31.829999923706055,31.920000076293945,31.360000610351562,31.670000076293945,379200
2012-07-18,31.510000228881836,31.84000015258789,31.290000915527344,31.600000381469727,371400
2012-07-19,31.649999618530273,31.760000228881836,31.329999923706055,31.6200008392334,242200
2012-07-20,31.5,31.5,31.1299991607666,31.200000762939453,265200
2012-07-23,30.780000686645508,31.18000030517578,30.68000030517578,30.989999771118164,333900
2012-07-24,31.09000015258789,31.100000381469727,30.43000030517578,30.600000381469727,396000
2012-07-25,30.75,30.940000534057617,30.329999923706055,30.479999542236328,218400
2012-07-26,30.90999984741211,30.90999984741211,29.90999984741211,29.959999084472656,369500
2012-07-27,30.190000534057617,30.84000015258789,29.93000030517578,30.770000457763672,597600
2012-07-30,30.729999542236328,30.81999969482422,30.399999618530273,30.469999313354492,203000
2012-07-31,30.420000076293945,30.59000015258789,30.110000610351562,30.1299991607666,314800
2012-08-01,30.290000915527344,30.479999542236328,29.90999984741211,30.0,540500
2012-08-02,30.979999542236328,31.989999771118164,30.81999969482422,31.549999237060547,1225700
2012-08-03,32.0,32.83000183105469,31.649999618530273,32.36000061035156,916400
2012-08-06,32.380001068115234,33.970001220703125,32.380001068115234,33.56999969482422,974900
2012-08-07,33.790000915527344,34.59000015258789,33.599998474121094,34.25,1039100
2012-08-08,34.150001525878906,34.40999984741211,33.84000015258789,34.38999938964844,401100
2012-08-09,34.45000076293945,34.47999954223633,34.0,34.06999969482422,270500
2012-08-10,34.0,34.380001068115234,33.869998931884766,34.0,299500
2012-08-13,34.02000045776367,34.08000183105469,33.560001373291016,33.900001525878906,359700
2012-08-14,34.04999923706055,34.13999938964844,33.599998474121094,33.65999984741211,210800
2012-08-15,33.65999984741211,34.08000183105469,33.5099983215332,33.93000030517578,247900
2012-08-16,33.880001068115234,33.9900016784668,33.65999984741211,33.79999923706055,282100
2012-08-17,33.9900016784668,34.369998931884766,33.939998626708984,34.369998931884766,300400
2012-08-20,34.40999984741211,34.56999969482422,34.349998474121094,34.5,280500
2012-08-21,34.34000015258789,34.54999923706055,34.09000015258789,34.29999923706055,306900
2012-08-22,34.15999984741211,34.33000183105469,33.91999816894531,34.0,179500
2012-08-23,34.02000045776367,34.27000045776367,33.88999938964844,34.220001220703125,294700
2012-08-24,34.040000915527344,34.45000076293945,34.0,34.33000183105469,252100
2012-08-27,34.4900016784668,34.61000061035156,34.18000030517578,34.27000045776367,319000
2012-08-28,34.20000076293945,34.529998779296875,34.150001525878906,34.369998931884766,200000
2012-08-29,34.33000183105469,34.560001373291016,34.29999923706055,34.33000183105469,168900
2012-08-30,34.2400016784668,34.38999938964844,34.040000915527344,34.220001220703125,118500
2012-08-31,34.4900016784668,34.5,34.02000045776367,34.2400016784668,138100
2012-09-04,34.209999084472656,34.84000015258789,34.18000030517578,34.75,312200
2012-09-05,34.65999984741211,34.7400016784668,34.47999954223633,34.619998931884766,255500
2012-09-06,34.75,35.119998931884766,34.75,35.08000183105469,297500
2012-09-07,35.099998474121094,35.119998931884766,34.81999969482422,35.040000915527344,131800
2012-09-10,35.08000183105469,35.18000030517578,34.779998779296875,34.84000015258789,190700
2012-09-11,34.70000076293945,35.0,34.68000030517578,34.779998779296875,193000
2012-09-12,34.88999938964844,35.02000045776367,34.58000183105469,34.7599983215332,161300
2012-09-13,34.81999969482422,35.2599983215332,34.68000030517578,35.22999954223633,233300
2012-09-14,35.290000915527344,35.5,35.15999984741211,35.43000030517578,202300
2012-09-17,35.290000915527344,35.43000030517578,34.97999954223633,35.130001068115234,177400
2012-09-18,35.119998931884766,35.52000045776367,35.0099983215332,35.459999084472656,313100
2012-09-19,35.4900016784668,35.540000915527344,35.290000915527344,35.45000076293945,233900
2012-09-20,35.630001068115234,35.630001068115234,35.189998626708984,35.5099983215332,263400
2012-09-21,35.61000061035156,36.02000045776367,35.400001525878906,36.02000045776367,898200
2012-09-24,36.0099983215332,36.33000183105469,35.869998931884766,36.040000915527344,274700
2012-09-25,36.22999954223633,36.279998779296875,35.59000015258789,35.630001068115234,299000
2012-09-26,35.77000045776367,36.02000045776367,35.529998779296875,35.75,228300
2012-09-27,35.849998474121094,36.150001525878906,35.5,36.119998931884766,251200
2012-09-28,35.93000030517578,36.18000030517578,35.45000076293945,35.470001220703125,405600
2012-10-01,35.540000915527344,36.0,35.22999954223633,35.849998474121094,435000
2012-10-02,35.970001220703125,36.279998779296875,35.91999816894531,36.25,232900
2012-10-03,36.25,36.47999954223633,35.95000076293945,36.22999954223633,232600
2012-10-04,36.34000015258789,36.630001068115234,36.099998474121094,36.630001068115234,180300
2012-10-05,36.7400016784668,37.18000030517578,36.40999984741211,36.47999954223633,170200
2012-10-08,36.38999938964844,36.56999969482422,36.119998931884766,36.43000030517578,131500
2012-10-09,36.34000015258789,36.40999984741211,35.27000045776367,35.31999969482422,314000
2012-10-10,35.380001068115234,35.40999984741211,35.06999969482422,35.2599983215332,264900
2012-10-11,35.459999084472656,35.59000015258789,35.11000061035156,35.29999923706055,265100
2012-10-12,35.38999938964844,35.470001220703125,35.0099983215332,35.130001068115234,269400
2012-10-15,35.27000045776367,35.31999969482422,34.93000030517578,35.13999938964844,253400
2012-10-16,35.40999984741211,36.2599983215332,35.09000015258789,36.2599983215332,348900
2012-10-17,36.20000076293945,36.779998779296875,35.9900016784668,36.5099983215332,478700
2012-10-18,36.40999984741211,36.529998779296875,36.06999969482422,36.45000076293945,243000
2012-10-19,36.25,36.41999816894531,35.560001373291016,35.779998779296875,209300
2012-10-22,35.790000915527344,36.0,35.65999984741211,35.88999938964844,173600
2012-10-23,35.68000030517578,35.900001525878906,35.40999984741211,35.79999923706055,248800
2012-10-24,35.88999938964844,35.959999084472656,35.380001068115234,35.529998779296875,201200
2012-10-25,35.790000915527344,36.130001068115234,35.630001068115234,36.130001068115234,167800
2012-10-26,36.22999954223633,36.36000061035156,35.7400016784668,36.20000076293945,175300
2012-10-31,36.369998931884766,36.529998779296875,35.31999969482422,35.61000061035156,284900
2012-11-01,34.97999954223633,36.02000045776367,34.97999954223633,35.470001220703125,438700
2012-11-02,35.4900016784668,35.619998931884766,34.439998626708984,34.5099983215332,531600
2012-11-05,34.560001373291016,34.65999984741211,34.060001373291016,34.369998931884766,488800
2012-11-06,34.349998474121094,34.880001068115234,34.02000045776367,34.7599983215332,485600
2012-11-07,34.349998474121094,34.77000045776367,33.43000030517578,33.689998626708984,524600
2012-11-08,33.59000015258789,33.7400016784668,33.22999954223633,33.22999954223633,261700
2012-11-09,32.9900016784668,33.689998626708984,32.9900016784668,33.29999923706055,220500
2012-11-12,33.34000015258789,33.34000015258789,32.93000030517578,33.150001525878906,278800
2012-11-13,32.900001525878906,33.380001068115234,32.900001525878906,32.93000030517578,174800
2012-11-14,32.93000030517578,33.20000076293945,32.349998474121094,32.369998931884766,230100
2012-11-15,32.33000183105469,32.79999923706055,32.22999954223633,32.54999923706055,326600
2012-11-16,32.439998626708984,33.06999969482422,32.380001068115234,32.86000061035156,353900
2012-11-19,33.02000045776367,33.22999954223633,32.810001373291016,33.099998474121094,222600
2012-11-20,32.970001220703125,33.2599983215332,32.779998779296875,33.2599983215332,236400
2012-11-21,33.2599983215332,33.54999923706055,33.040000915527344,33.439998626708984,203200
2012-11-23,33.59000015258789,34.06999969482422,33.41999816894531,34.0099983215332,139900
2012-11-26,33.900001525878906,33.939998626708984,33.369998931884766,33.70000076293945,258200
2012-11-27,33.75,34.060001373291016,33.619998931884766,33.619998931884766,160500
2012-11-28,33.47999954223633,33.900001525878906,33.099998474121094,33.77000045776367,173600
2012-11-29,34.09000015258789,34.5,34.060001373291016,34.209999084472656,242400
2012-11-30,34.33000183105469,34.33000183105469,33.77000045776367,34.16999816894531,302800
2012-12-03,34.369998931884766,34.369998931884766,33.63999938964844,33.70000076293945,204400
2012-12-04,33.70000076293945,34.349998474121094,33.4900016784668,34.06999969482422,253900
2012-12-05,34.20000076293945,34.20000076293945,33.68000030517578,33.79999923706055,197200
2012-12-06,33.720001220703125,34.09000015258789,33.58000183105469,33.63999938964844,135800
2012-12-07,33.77000045776367,33.77000045776367,33.40999984741211,33.5,166300
2012-12-10,33.540000915527344,34.060001373291016,33.5,33.9900016784668,365400
2012-12-11,34.06999969482422,34.540000915527344,33.849998474121094,34.470001220703125,235100
2012-12-12,34.650001525878906,34.779998779296875,34.20000076293945,34.20000076293945,142300
2012-12-13,34.16999816894531,34.43000030517578,33.779998779296875,33.869998931884766,120100
2012-12-14,33.720001220703125,33.97999954223633,33.4900016784668,33.5,154300
2012-12-17,33.65999984741211,34.029998779296875,33.65999984741211,33.970001220703125,210400
2012-12-18,33.95000076293945,34.22999954223633,33.720001220703125,33.77000045776367,268300
2012-12-19,33.86000061035156,34.11000061035156,33.560001373291016,34.04999923706055,380800
2012-12-20,34.040000915527344,34.65999984741211,34.02000045776367,34.5099983215332,326600
2012-12-21,33.34000015258789,34.81999969482422,33.34000015258789,34.790000915527344,961100
2012-12-24,34.79999923706055,34.869998931884766,34.380001068115234,34.7599983215332,110300
2012-12-26,34.779998779296875,34.880001068115234,34.459999084472656,34.5099983215332,362300
2012-12-27,34.5099983215332,35.0,33.779998779296875,34.90999984741211,553500
2012-12-28,34.72999954223633,35.08000183105469,34.61000061035156,34.63999938964844,273200
2012-12-31,34.560001373291016,34.939998626708984,34.16999816894531,34.72999954223633,273400
2013-01-02,35.540000915527344,35.560001373291016,34.79999923706055,35.11000061035156,419100
2013-01-03,35.119998931884766,35.43000030517578,34.93000030517578,35.150001525878906,224800
2013-01-04,35.33000183105469,35.7599983215332,35.09000015258789,35.41999816894531,270300
2013-01-07,35.45000076293945,35.810001373291016,35.45000076293945,35.63999938964844,194900
2013-01-08,35.709999084472656,35.849998474121094,34.9900016784668,35.2599983215332,256900
2013-01-09,35.45000076293945,36.130001068115234,35.27000045776367,36.130001068115234,241400
2013-01-10,36.290000915527344,36.619998931884766,36.099998474121094,36.5099983215332,218500
2013-01-11,36.599998474121094,36.599998474121094,35.77000045776367,35.77000045776367,241800
2013-01-14,35.65999984741211,35.689998626708984,34.9900016784668,35.349998474121094,556600
2013-01-15,35.189998626708984,35.790000915527344,35.13999938964844,35.619998931884766,185400
2013-01-16,35.56999969482422,35.650001525878906,35.34000015258789,35.47999954223633,118500
2013-01-17,35.66999816894531,35.959999084472656,35.5099983215332,35.689998626708984,255400
2013-01-18,35.61000061035156,36.31999969482422,35.61000061035156,36.31999969482422,180700
2013-01-22,36.29999923706055,36.52000045776367,36.119998931884766,36.5099983215332,173200
2013-01-23,36.540000915527344,36.7400016784668,36.470001220703125,36.599998474121094,265400
2013-01-24,36.619998931884766,37.16999816894531,36.34000015258789,37.08000183105469,375900
2013-01-25,37.18000030517578,37.68000030517578,36.790000915527344,37.68000030517578,338900
2013-01-28,37.66999816894531,37.81999969482422,37.5099983215332,37.72999954223633,263900
2013-01-29,37.70000076293945,38.0099983215332,37.540000915527344,37.939998626708984,279000
2013-01-30,37.90999984741211,37.91999816894531,37.59000015258789,37.79999923706055,328700
2013-01-31,37.75,37.779998779296875,37.43000030517578,37.72999954223633,302500
2013-02-01,38.06999969482422,38.279998779296875,37.779998779296875,37.970001220703125,239300
2013-02-04,37.709999084472656,37.959999084472656,37.189998626708984,37.529998779296875,198100
2013-02-05,37.75,37.9900016784668,37.56999969482422,37.79999923706055,192200
2013-02-06,37.900001525878906,39.880001068115234,37.810001373291016,39.84000015258789,886500
2013-02-07,39.61000061035156,39.790000915527344,39.04999923706055,39.43000030517578,619700
2013-02-08,39.41999816894531,39.599998474121094,39.04999923706055,39.369998931884766,252300
2013-02-11,39.369998931884766,39.91999816894531,39.22999954223633,39.900001525878906,312400
2013-02-12,39.81999969482422,40.060001373291016,39.5099983215332,39.529998779296875,281800
2013-02-13,39.63999938964844,39.75,39.2400016784668,39.439998626708984,228300
2013-02-14,39.25,39.709999084472656,39.2400016784668,39.33000183105469,157700
2013-02-15,39.45000076293945,39.45000076293945,38.88999938964844,39.040000915527344,260700
2013-02-19,39.060001373291016,39.43000030517578,38.7599983215332,39.43000030517578,360500
2013-02-20,39.470001220703125,39.4900016784668,38.83000183105469,38.86000061035156,202800
2013-02-21,38.75,38.970001220703125,38.36000061035156,38.5,127800
2013-02-22,38.779998779296875,39.04999923706055,38.5,38.97999954223633,159000
2013-02-25,38.959999084472656,39.0099983215332,38.400001525878906,38.599998474121094,348200
2013-02-26,38.72999954223633,38.93000030517578,38.529998779296875,38.7400016784668,205500
2013-02-27,38.72999954223633,39.099998474121094,38.72999954223633,38.810001373291016,208500
2013-02-28,38.880001068115234,39.380001068115234,38.849998474121094,39.0,178800
2013-03-01,38.689998626708984,39.02000045776367,38.189998626708984,38.810001373291016,306500
2013-03-04,38.72999954223633,38.790000915527344,38.25,38.779998779296875,169500
2013-03-05,38.88999938964844,39.93000030517578,38.83000183105469,39.75,202800
2013-03-06,39.7599983215332,40.0,39.310001373291016,39.4900016784668,137200
2013-03-07,39.56999969482422,39.56999969482422,38.959999084472656,39.34000015258789,139300
2013-03-08,39.650001525878906,39.869998931884766,39.38999938964844,39.75,194800
2013-03-11,39.689998626708984,39.77000045776367,39.59000015258789,39.68000030517578,169900
2013-03-12,39.650001525878906,39.65999984741211,39.34000015258789,39.58000183105469,172600
2013-03-13,39.4900016784668,39.83000183105469,39.33000183105469,39.619998931884766,142100
2013-03-14,39.72999954223633,39.7599983215332,39.439998626708984,39.70000076293945,161000
2013-03-15,39.40999984741211,39.779998779296875,39.2599983215332,39.65999984741211,474200
2013-03-18,39.41999816894531,39.63999938964844,39.380001068115234,39.58000183105469,157800
2013-03-19,39.54999923706055,39.7599983215332,39.06999969482422,39.540000915527344,146000
2013-03-20,39.779998779296875,39.9900016784668,39.470001220703125,39.779998779296875,207000
2013-03-21,39.529998779296875,39.83000183105469,39.43000030517578,39.52000045776367,105700
2013-03-22,39.560001373291016,39.81999969482422,39.439998626708984,39.72999954223633,172100
2013-03-25,39.869998931884766,39.869998931884766,39.099998474121094,39.560001373291016,153100
2013-03-26,39.75,40.56999969482422,39.56999969482422,40.529998779296875,190700
2013-03-27,40.29999923706055,41.15999984741211,40.06999969482422,41.130001068115234,203000
2013-03-28,41.2400016784668,41.7599983215332,41.029998779296875,41.61000061035156,293900
2013-04-01,41.58000183105469,41.95000076293945,40.65999984741211,41.15999984741211,247500
2013-04-02,41.380001068115234,41.70000076293945,40.959999084472656,41.06999969482422,194800
2013-04-03,41.209999084472656,41.31999969482422,39.939998626708984,40.13999938964844,275500
2013-04-04,40.279998779296875,40.459999084472656,39.7400016784668,40.400001525878906,113200
2013-04-05,39.81999969482422,40.209999084472656,39.790000915527344,40.189998626708984,137300
2013-04-08,40.20000076293945,40.47999954223633,40.09000015258789,40.47999954223633,101700
2013-04-09,40.66999816894531,41.04999923706055,40.25,40.599998474121094,171700
2013-04-10,40.65999984741211,41.279998779296875,40.619998931884766,41.209999084472656,178300
2013-04-11,41.29999923706055,41.560001373291016,41.29999923706055,41.33000183105469,76900
2013-04-12,41.22999954223633,41.27000045776367,40.959999084472656,41.16999816894531,126500
2013-04-15,41.06999969482422,41.06999969482422,39.709999084472656,39.779998779296875,295200
2013-04-16,40.16999816894531,40.16999816894531,39.59000015258789,40.09000015258789,236800
2013-04-17,39.880001068115234,40.13999938964844,38.849998474121094,39.34000015258789,237600
2013-04-18,39.439998626708984,39.439998626708984,38.849998474121094,39.02000045776367,233500
2013-04-19,39.02000045776367,39.91999816894531,38.86000061035156,39.84000015258789,221900
2013-04-22,39.959999084472656,40.06999969482422,39.20000076293945,39.869998931884766,117800
2013-04-23,40.130001068115234,40.529998779296875,39.90999984741211,40.52000045776367,223500
2013-04-24,40.5099983215332,40.689998626708984,40.400001525878906,40.619998931884766,124100
2013-04-25,40.61000061035156,41.11000061035156,40.45000076293945,40.810001373291016,153400
2013-04-26,40.68000030517578,40.77000045776367,40.18000030517578,40.33000183105469,226000
2013-04-29,40.439998626708984,40.939998626708984,40.25,40.88999938964844,243500
2013-04-30,40.88999938964844,41.59000015258789,40.66999816894531,41.59000015258789,210000
2013-05-01,41.43000030517578,41.459999084472656,40.349998474121094,40.5,349600
2013-05-02,40.720001220703125,41.36000061035156,40.45000076293945,41.09000015258789,223100
2013-05-03,41.58000183105469,41.79999923706055,41.220001220703125,41.25,205000
2013-05-06,41.2599983215332,41.689998626708984,41.0,41.459999084472656,169800
2013-05-07,42.599998474121094,45.7400016784668,42.599998474121094,44.970001220703125,1129300
2013-05-08,44.0,44.959999084472656,43.83000183105469,44.90999984741211,393000
2013-05-09,44.779998779296875,45.13999938964844,44.7599983215332,44.9900016784668,368400
2013-05-10,45.13999938964844,45.349998474121094,44.88999938964844,45.08000183105469,174400
2013-05-13,45.0,45.439998626708984,44.91999816894531,45.13999938964844,319300
2013-05-14,45.08000183105469,45.61000061035156,43.150001525878906,45.560001373291016,209500
2013-05-15,45.400001525878906,45.880001068115234,45.349998474121094,45.58000183105469,231700
2013-05-16,45.529998779296875,46.13999938964844,45.29999923706055,46.0,284600
2013-05-17,46.34000015258789,46.56999969482422,46.09000015258789,46.34000015258789,287900
2013-05-20,46.16999816894531,46.470001220703125,46.0099983215332,46.119998931884766,193200
2013-05-21,45.970001220703125,46.16999816894531,45.52000045776367,45.9900016784668,275000
2013-05-22,45.93000030517578,46.59000015258789,44.9900016784668,45.029998779296875,179600
2013-05-23,44.68000030517578,45.54999923706055,44.560001373291016,45.310001373291016,338600
2013-05-24,45.130001068115234,45.75,44.779998779296875,45.41999816894531,334100
2013-05-28,46.0,46.33000183105469,45.810001373291016,46.08000183105469,303400
2013-05-29,45.720001220703125,46.029998779296875,45.58000183105469,45.720001220703125,232300
2013-05-30,45.720001220703125,46.02000045776367,45.529998779296875,45.869998931884766,164000
2013-05-31,45.4900016784668,46.06999969482422,45.119998931884766,45.34000015258789,254800
2013-06-03,45.310001373291016,45.540000915527344,44.63999938964844,45.22999954223633,437200
2013-06-04,45.22999954223633,45.529998779296875,44.4900016784668,45.0,273000
2013-06-05,44.849998474121094,45.0,44.38999938964844,44.45000076293945,190200
2013-06-06,44.5,44.72999954223633,43.72999954223633,44.70000076293945,222300
2013-06-07,45.0,45.279998779296875,44.84000015258789,45.20000076293945,147000
2013-06-10,45.2400016784668,45.45000076293945,44.810001373291016,45.439998626708984,98400
2013-06-11,44.90999984741211,45.20000076293945,44.380001068115234,44.75,268300
2013-06-12,45.08000183105469,45.279998779296875,43.81999969482422,43.90999984741211,295200
2013-06-13,43.79999923706055,43.91999816894531,43.47999954223633,43.79999923706055,514800
2013-06-14,43.72999954223633,44.22999954223633,43.290000915527344,43.900001525878906,362200
2013-06-17,44.290000915527344,44.59000015258789,43.88999938964844,44.52000045776367,299000
2013-06-18,44.529998779296875,44.93000030517578,44.290000915527344,44.779998779296875,196100
2013-06-19,44.7599983215332,44.880001068115234,43.9900016784668,44.02000045776367,148200
2013-06-20,43.58000183105469,43.61000061035156,42.79999923706055,42.939998626708984,273600
2013-06-21,42.95000076293945,43.61000061035156,42.61000061035156,43.41999816894531,590600
2013-06-24,42.849998474121094,43.08000183105469,42.08000183105469,42.790000915527344,449500
2013-06-25,43.119998931884766,43.290000915527344,42.7599983215332,42.95000076293945,399800
2013-06-26,43.0099983215332,43.41999816894531,42.72999954223633,42.7400016784668,348400
2013-06-27,43.060001373291016,43.52000045776367,42.880001068115234,42.900001525878906,329300
2013-06-28,42.90999984741211,43.439998626708984,42.75,42.880001068115234,642300
2013-07-01,43.040000915527344,44.189998626708984,43.0,43.77000045776367,281600
2013-07-02,43.709999084472656,44.13999938964844,43.27000045776367,43.56999969482422,246900
2013-07-03,43.5099983215332,43.5099983215332,43.20000076293945,43.33000183105469,120500
2013-07-05,43.9900016784668,44.060001373291016,43.43000030517578,43.779998779296875,314000
2013-07-08,44.04999923706055,44.349998474121094,43.90999984741211,44.189998626708984,276900
2013-07-09,44.349998474121094,44.459999084472656,43.650001525878906,44.099998474121094,345500
2013-07-10,44.09000015258789,44.290000915527344,43.97999954223633,44.099998474121094,193200
2013-07-11,44.45000076293945,44.56999969482422,44.220001220703125,44.52000045776367,206900
2013-07-12,44.4900016784668,44.65999984741211,44.40999984741211,44.45000076293945,214500
2013-07-15,44.4900016784668,44.91999816894531,44.43000030517578,44.869998931884766,194400
2013-07-16,44.849998474121094,45.060001373291016,44.380001068115234,44.68000030517578,239900
2013-07-17,44.79999923706055,44.91999816894531,44.2400016784668,44.36000061035156,436900
2013-07-18,44.380001068115234,44.56999969482422,43.81999969482422,44.52000045776367,295900
2013-07-19,44.529998779296875,44.650001525878906,44.310001373291016,44.5,271400
2013-07-22,44.45000076293945,44.7599983215332,44.38999938964844,44.5,331700
2013-07-23,44.650001525878906,44.709999084472656,44.43000030517578,44.650001525878906,211300
2013-07-24,44.720001220703125,44.83000183105469,44.400001525878906,44.540000915527344,174900
2013-07-25,44.52000045776367,44.66999816894531,44.34000015258789,44.65999984741211,361200
2013-07-26,44.369998931884766,44.81999969482422,44.209999084472656,44.720001220703125,183500
2013-07-29,44.61000061035156,44.79999923706055,44.08000183105469,44.40999984741211,119800
2013-07-30,44.66999816894531,45.369998931884766,44.560001373291016,44.72999954223633,162500
2013-07-31,44.90999984741211,45.27000045776367,44.779998779296875,45.02000045776367,241100
2013-08-01,45.439998626708984,46.099998474121094,45.43000030517578,45.849998474121094,431500
2013-08-02,45.779998779296875,45.849998474121094,45.52000045776367,45.689998626708984,161900
2013-08-05,45.619998931884766,45.689998626708984,44.869998931884766,45.20000076293945,188800
2013-08-06,45.09000015258789,45.709999084472656,44.779998779296875,45.540000915527344,245600
2013-08-07,44.54999923706055,45.220001220703125,43.02000045776367,43.900001525878906,678800
2013-08-08,44.20000076293945,44.25,43.45000076293945,43.91999816894531,503400
2013-08-09,43.849998474121094,44.41999816894531,43.630001068115234,43.779998779296875,175300
2013-08-12,43.470001220703125,44.400001525878906,43.08000183105469,44.25,218100
2013-08-13,44.18000030517578,44.25,43.5099983215332,43.880001068115234,269600
2013-08-14,43.77000045776367,43.90999984741211,43.54999923706055,43.7400016784668,207100
2013-08-15,43.25,43.5099983215332,42.939998626708984,43.08000183105469,273000
2013-08-16,42.86000061035156,43.130001068115234,42.560001373291016,42.630001068115234,237300
2013-08-19,42.58000183105469,42.970001220703125,42.38999938964844,42.400001525878906,117600
2013-08-20,42.38999938964844,42.88999938964844,42.31999969482422,42.81999969482422,205800
2013-08-21,42.650001525878906,42.869998931884766,42.25,42.38999938964844,180000
2013-08-22,42.540000915527344,43.7599983215332,42.540000915527344,43.41999816894531,196800
2013-08-23,43.45000076293945,43.45000076293945,42.779998779296875,42.900001525878906,197400
2013-08-26,42.709999084472656,42.9900016784668,42.5,42.59000015258789,142800
2013-08-27,42.099998474121094,42.099998474121094,41.5,41.5099983215332,350200
2013-08-28,41.58000183105469,41.91999816894531,41.45000076293945,41.599998474121094,153500
2013-08-29,41.52000045776367,41.91999816894531,41.5,41.66999816894531,206100
2013-08-30,41.58000183105469,41.58000183105469,40.81999969482422,40.88999938964844,305900
2013-09-03,41.5099983215332,41.52000045776367,40.52000045776367,40.7599983215332,497600
2013-09-04,40.7400016784668,41.029998779296875,40.72999954223633,40.869998931884766,246200
2013-09-05,40.83000183105469,41.18000030517578,40.779998779296875,40.970001220703125,280600
2013-09-06,41.06999969482422,41.22999954223633,40.459999084472656,40.810001373291016,265700
2013-09-09,40.849998474121094,41.720001220703125,40.83000183105469,41.68000030517578,223400
2013-09-10,41.970001220703125,42.2400016784668,41.869998931884766,42.22999954223633,197300
2013-09-11,42.09000015258789,42.349998474121094,42.060001373291016,42.31999969482422,143500
2013-09-12,42.2599983215332,42.40999984741211,42.060001373291016,42.36000061035156,265600
2013-09-13,42.560001373291016,42.720001220703125,42.34000015258789,42.70000076293945,186400
2013-09-16,43.209999084472656,43.27000045776367,42.880001068115234,43.119998931884766,170800
2013-09-17,43.119998931884766,43.459999084472656,42.970001220703125,43.459999084472656,234600
2013-09-18,43.459999084472656,43.779998779296875,43.09000015258789,43.689998626708984,328900
2013-09-19,43.72999954223633,43.900001525878906,43.54999923706055,43.79999923706055,253900
2013-09-20,44.11000061035156,44.58000183105469,43.869998931884766,43.900001525878906,834500
2013-09-23,43.900001525878906,43.900001525878906,43.52000045776367,43.54999923706055,312900
2013-09-24,43.54999923706055,43.779998779296875,43.09000015258789,43.189998626708984,273600
2013-09-25,43.150001525878906,43.38999938964844,42.83000183105469,42.83000183105469,134200
2013-09-26,42.81999969482422,43.0,42.459999084472656,42.68000030517578,204700
2013-09-27,42.33000183105469,42.84000015258789,42.29999923706055,42.68000030517578,135700
2013-09-30,42.380001068115234,43.02000045776367,42.15999984741211,42.959999084472656,225600
2013-10-01,42.849998474121094,43.83000183105469,42.7400016784668,43.75,481300
2013-10-02,43.45000076293945,43.720001220703125,43.150001525878906,43.70000076293945,258600
2013-10-03,43.66999816894531,43.939998626708984,43.08000183105469,43.439998626708984,276700
2013-10-04,43.380001068115234,43.90999984741211,43.20000076293945,43.779998779296875,193600
2013-10-07,43.380001068115234,43.630001068115234,43.27000045776367,43.290000915527344,156900
2013-10-08,43.310001373291016,43.619998931884766,43.150001525878906,43.2400016784668,188400
2013-10-09,43.33000183105469,43.58000183105469,43.09000015258789,43.54999923706055,267600
2013-10-10,44.040000915527344,44.41999816894531,43.91999816894531,44.20000076293945,181100
2013-10-11,44.029998779296875,44.95000076293945,43.959999084472656,44.93000030517578,161500
2013-10-14,44.59000015258789,45.38999938964844,44.59000015258789,45.38999938964844,168200
2013-10-15,45.27000045776367,45.29999923706055,44.880001068115234,45.11000061035156,268900
2013-10-16,45.349998474121094,45.880001068115234,45.2599983215332,45.79999923706055,143000
2013-10-17,45.619998931884766,46.18000030517578,45.58000183105469,45.75,250400
2013-10-18,46.0099983215332,46.47999954223633,45.5,46.099998474121094,274400
2013-10-21,46.189998626708984,46.189998626708984,45.77000045776367,45.970001220703125,203300
2013-10-22,46.060001373291016,46.52000045776367,45.97999954223633,46.189998626708984,144300
2013-10-23,46.08000183105469,46.880001068115234,46.08000183105469,46.72999954223633,114200
2013-10-24,46.72999954223633,46.779998779296875,46.099998474121094,46.279998779296875,134400
2013-10-25,46.470001220703125,46.7400016784668,45.869998931884766,46.310001373291016,148900
2013-10-28,46.459999084472656,46.459999084472656,45.869998931884766,46.16999816894531,230000
2013-10-29,46.34000015258789,46.88999938964844,45.97999954223633,46.869998931884766,228400
2013-10-30,46.84000015258789,47.34000015258789,44.939998626708984,45.130001068115234,339100
2013-10-31,44.9900016784668,45.630001068115234,44.86000061035156,45.189998626708984,235900
2013-11-01,45.09000015258789,45.400001525878906,44.66999816894531,44.939998626708984,305100
2013-11-04,45.04999923706055,45.380001068115234,44.88999938964844,45.310001373291016,173200
2013-11-05,45.04999923706055,45.15999984741211,44.880001068115234,45.060001373291016,174900
2013-11-06,45.25,45.31999969482422,44.959999084472656,45.209999084472656,151400
2013-11-07,45.439998626708984,45.45000076293945,44.810001373291016,44.83000183105469,139600
2013-11-08,44.77000045776367,45.34000015258789,44.77000045776367,45.22999954223633,175300
2013-11-11,45.27000045776367,45.54999923706055,45.0,45.439998626708984,256100
2013-11-12,45.279998779296875,45.70000076293945,45.02000045776367,45.689998626708984,107100
2013-11-13,45.43000030517578,45.529998779296875,44.97999954223633,45.52000045776367,158100
2013-11-14,45.45000076293945,45.72999954223633,45.310001373291016,45.45000076293945,74700
2013-11-15,45.369998931884766,45.470001220703125,44.9900016784668,45.41999816894531,126000
2013-11-18,45.41999816894531,45.41999816894531,44.650001525878906,44.72999954223633,255800
2013-11-19,44.68000030517578,45.099998474121094,44.540000915527344,44.88999938964844,89600
2013-11-20,45.06999969482422,45.43000030517578,44.56999969482422,45.220001220703125,139800
2013-11-21,45.41999816894531,46.029998779296875,45.2599983215332,45.790000915527344,218400
2013-11-22,45.689998626708984,46.29999923706055,45.5,46.22999954223633,269800
2013-11-25,46.220001220703125,46.439998626708984,45.95000076293945,46.04999923706055,136300
2013-11-26,46.02000045776367,46.33000183105469,45.880001068115234,46.150001525878906,124400
2013-11-27,46.27000045776367,46.540000915527344,46.09000015258789,46.43000030517578,106600
2013-11-29,46.33000183105469,46.5,45.95000076293945,46.13999938964844,81100
2013-12-02,46.09000015258789,46.34000015258789,45.630001068115234,46.04999923706055,135800
2013-12-03,45.849998474121094,46.20000076293945,45.650001525878906,45.900001525878906,119600
2013-12-04,45.63999938964844,45.83000183105469,44.720001220703125,45.279998779296875,120600
2013-12-05,45.29999923706055,45.70000076293945,45.06999969482422,45.70000076293945,103500
2013-12-06,46.18000030517578,46.81999969482422,46.18000030517578,46.439998626708984,151200
2013-12-09,46.45000076293945,46.689998626708984,45.95000076293945,46.619998931884766,128500
2013-12-10,46.470001220703125,46.470001220703125,45.81999969482422,46.0,190300
2013-12-11,46.06999969482422,46.22999954223633,44.849998474121094,44.9900016784668,263300
2013-12-12,44.900001525878906,45.279998779296875,44.689998626708984,45.099998474121094,168700
2013-12-13,45.189998626708984,45.619998931884766,45.0099983215332,45.5,194000
2013-12-16,45.630001068115234,46.41999816894531,45.02000045776367,45.900001525878906,198200
2013-12-17,45.90999984741211,45.90999984741211,45.029998779296875,45.560001373291016,168100
2013-12-18,45.70000076293945,46.560001373291016,45.290000915527344,46.54999923706055,161700
2013-12-19,46.369998931884766,46.650001525878906,46.029998779296875,46.630001068115234,235600
2013-12-20,46.779998779296875,47.77000045776367,46.720001220703125,47.65999984741211,689000
2013-12-23,47.689998626708984,48.0099983215332,47.459999084472656,48.0099983215332,173200
2013-12-24,47.93000030517578,48.5,47.93000030517578,48.11000061035156,125600
2013-12-26,48.279998779296875,48.279998779296875,47.56999969482422,47.959999084472656,155400
2013-12-27,48.220001220703125,48.380001068115234,48.0099983215332,48.31999969482422,135600
2013-12-30,48.209999084472656,48.470001220703125,47.900001525878906,48.0099983215332,133200
2013-12-31,48.18000030517578,48.43000030517578,47.849998474121094,48.04999923706055,175400
2014-01-02,48.04999923706055,48.150001525878906,46.939998626708984,47.189998626708984,286800
2014-01-03,47.18000030517578,47.38999938964844,46.959999084472656,47.310001373291016,129000
2014-01-06,47.40999984741211,47.5099983215332,46.970001220703125,47.45000076293945,250200
2014-01-07,47.66999816894531,48.47999954223633,47.59000015258789,48.310001373291016,268100
2014-01-08,48.15999984741211,48.810001373291016,47.939998626708984,48.720001220703125,327900
2014-01-09,48.84000015258789,49.38999938964844,48.650001525878906,49.34000015258789,464800
2014-01-10,49.27000045776367,49.56999969482422,48.77000045776367,48.91999816894531,304200
2014-01-13,48.70000076293945,49.04999923706055,48.4900016784668,48.91999816894531,394600
2014-01-14,49.11000061035156,49.66999816894531,48.68000030517578,49.470001220703125,172500
2014-01-15,49.63999938964844,49.91999816894531,49.18000030517578,49.529998779296875,117800
2014-01-16,49.29999923706055,49.709999084472656,49.29999923706055,49.65999984741211,135200
2014-01-17,49.58000183105469,49.869998931884766,49.18000030517578,49.400001525878906,123800
2014-01-21,49.400001525878906,49.77000045776367,49.13999938964844,49.599998474121094,122900
2014-01-22,49.599998474121094,49.79999923706055,49.290000915527344,49.7599983215332,103500
2014-01-23,49.459999084472656,49.849998474121094,49.0099983215332,49.2599983215332,346200
2014-01-24,48.83000183105469,48.86000061035156,48.02000045776367,48.16999816894531,1101900
2014-01-27,48.16999816894531,48.22999954223633,46.849998474121094,46.869998931884766,274200
2014-01-28,46.880001068115234,47.119998931884766,46.650001525878906,46.95000076293945,273300
2014-01-29,46.61000061035156,46.75,46.22999954223633,46.5099983215332,365600
2014-01-30,46.72999954223633,46.9900016784668,46.459999084472656,46.65999984741211,322400
2014-01-31,45.790000915527344,46.2400016784668,45.47999954223633,45.88999938964844,384000
2014-02-03,45.72999954223633,46.2400016784668,43.7599983215332,43.9900016784668,802100
2014-02-04,44.040000915527344,44.290000915527344,43.560001373291016,43.66999816894531,580900
2014-02-05,42.0,43.90999984741211,39.900001525878906,43.630001068115234,590100
2014-02-06,43.369998931884766,44.18000030517578,43.13999938964844,43.900001525878906,421200
2014-02-07,43.91999816894531,44.290000915527344,43.47999954223633,43.58000183105469,275900
2014-02-10,43.599998474121094,44.15999984741211,43.220001220703125,44.06999969482422,262800
2014-02-11,44.130001068115234,44.97999954223633,44.130001068115234,44.849998474121094,348100
2014-02-12,44.849998474121094,44.959999084472656,44.36000061035156,44.689998626708984,210700
2014-02-13,44.4900016784668,45.459999084472656,44.369998931884766,45.310001373291016,174700
2014-02-14,45.31999969482422,45.43000030517578,44.810001373291016,45.25,165300
2014-02-18,45.31999969482422,45.86000061035156,45.22999954223633,45.470001220703125,236200
2014-02-19,45.34000015258789,45.560001373291016,44.529998779296875,44.560001373291016,211700
2014-02-20,44.61000061035156,45.369998931884766,44.5,45.33000183105469,181500
2014-02-21,45.529998779296875,45.58000183105469,45.11000061035156,45.20000076293945,220400
2014-02-24,45.150001525878906,45.709999084472656,45.029998779296875,45.189998626708984,181600
2014-02-25,45.20000076293945,45.380001068115234,44.97999954223633,45.349998474121094,193500
2014-02-26,45.5,46.25,45.220001220703125,46.209999084472656,411200
2014-02-27,46.08000183105469,46.310001373291016,45.84000015258789,46.29999923706055,180900
2014-02-28,46.36000061035156,46.689998626708984,45.939998626708984,46.150001525878906,204500
2014-03-03,45.70000076293945,46.5,45.70000076293945,46.189998626708984,331600
2014-03-04,46.880001068115234,47.70000076293945,46.720001220703125,47.43000030517578,403100
2014-03-05,47.16999816894531,47.29999923706055,46.849998474121094,46.9900016784668,177600
2014-03-06,47.040000915527344,47.650001525878906,46.7400016784668,47.5,1033900
2014-03-07,47.869998931884766,47.869998931884766,47.22999954223633,47.380001068115234,141400
2014-03-10,47.2400016784668,47.529998779296875,46.810001373291016,47.400001525878906,516800
2014-03-11,47.540000915527344,47.540000915527344,46.34000015258789,46.66999816894531,213000
2014-03-12,46.54999923706055,46.61000061035156,46.25,46.58000183105469,216700
2014-03-13,46.7599983215332,47.0099983215332,45.81999969482422,46.2599983215332,257400
2014-03-14,46.040000915527344,46.54999923706055,45.86000061035156,46.0,129300
2014-03-17,46.34000015258789,46.720001220703125,46.2400016784668,46.529998779296875,121200
2014-03-18,46.630001068115234,47.2599983215332,46.25,47.22999954223633,167200
2014-03-19,47.08000183105469,47.599998474121094,46.79999923706055,47.029998779296875,129600
2014-03-20,46.9900016784668,47.7400016784668,46.9900016784668,47.56999969482422,196100
2014-03-21,48.0,48.560001373291016,47.560001373291016,47.7599983215332,508500
2014-03-24,48.0,48.02000045776367,47.29999923706055,47.63999938964844,265900
2014-03-25,47.970001220703125,48.31999969482422,47.5,47.77000045776367,155700
2014-03-26,48.15999984741211,48.290000915527344,47.38999938964844,47.4900016784668,184900
2014-03-27,47.689998626708984,47.97999954223633,47.290000915527344,47.56999969482422,191600
2014-03-28,47.560001373291016,48.040000915527344,47.220001220703125,47.38999938964844,215100
2014-03-31,47.5,47.88999938964844,47.220001220703125,47.75,295400
2014-04-01,48.04999923706055,48.88999938964844,47.75,48.810001373291016,239200
2014-04-02,49.0,51.77000045776367,48.939998626708984,51.20000076293945,700900
2014-04-03,51.459999084472656,51.529998779296875,50.70000076293945,51.310001373291016,361800
2014-04-04,51.72999954223633,51.869998931884766,50.31999969482422,50.43000030517578,360000
2014-04-07,50.189998626708984,50.63999938964844,49.65999984741211,49.97999954223633,303900
2014-04-08,50.029998779296875,50.59000015258789,49.66999816894531,49.939998626708984,370200
2014-04-09,49.95000076293945,50.58000183105469,49.75,50.529998779296875,346800
2014-04-10,50.75,51.52000045776367,49.02000045776367,49.369998931884766,294700
2014-04-11,49.0,49.7400016784668,48.7599983215332,48.849998474121094,207700
2014-04-14,49.45000076293945,49.7400016784668,49.02000045776367,49.56999969482422,230000
2014-04-15,49.70000076293945,50.119998931884766,48.56999969482422,49.84000015258789,247800
2014-04-16,50.0099983215332,50.11000061035156,49.290000915527344,49.54999923706055,184800
2014-04-17,49.41999816894531,49.849998474121094,49.130001068115234,49.47999954223633,206600
2014-04-21,49.56999969482422,49.90999984741211,49.279998779296875,49.79999923706055,145700
2014-04-22,49.849998474121094,50.4900016784668,49.650001525878906,50.060001373291016,147600
2014-04-23,49.970001220703125,50.06999969482422,49.380001068115234,49.83000183105469,251700
2014-04-24,50.0,50.040000915527344,49.58000183105469,49.849998474121094,177600
2014-04-25,49.599998474121094,49.959999084472656,48.88999938964844,48.970001220703125,277200
2014-04-28,49.34000015258789,49.47999954223633,48.08000183105469,48.93000030517578,250600
2014-04-29,49.310001373291016,49.31999969482422,48.5,48.5,281600
2014-04-30,48.34000015258789,48.5,47.7599983215332,48.04999923706055,389600
2014-05-01,48.13999938964844,48.59000015258789,47.72999954223633,48.099998474121094,402100
2014-05-02,48.040000915527344,48.470001220703125,47.72999954223633,48.27000045776367,271600
2014-05-05,48.0,48.5,47.849998474121094,48.29999923706055,342800
2014-05-06,48.16999816894531,48.56999969482422,47.959999084472656,48.0,298400
2014-05-07,48.22999954223633,48.41999816894531,47.2400016784668,47.63999938964844,334100
2014-05-08,48.90999984741211,53.5099983215332,48.900001525878906,51.72999954223633,1175500
2014-05-09,51.65999984741211,53.91999816894531,51.58000183105469,53.779998779296875,923300
2014-05-12,53.9900016784668,55.36000061035156,53.9900016784668,55.0099983215332,653200
2014-05-13,55.0099983215332,55.18000030517578,53.779998779296875,53.869998931884766,578800
2014-05-14,53.900001525878906,54.150001525878906,52.869998931884766,53.04999923706055,392800
2014-05-15,52.75,52.939998626708984,52.09000015258789,52.58000183105469,534900
2014-05-16,52.45000076293945,53.099998474121094,51.86000061035156,53.040000915527344,250900
2014-05-19,52.9900016784668,53.630001068115234,52.970001220703125,53.220001220703125,304900
2014-05-20,53.04999923706055,53.04999923706055,52.119998931884766,52.65999984741211,388200
2014-05-21,52.81999969482422,53.369998931884766,52.77000045776367,53.04999923706055,279900
2014-05-22,52.9900016784668,53.560001373291016,52.63999938964844,53.2400016784668,283900
2014-05-23,53.20000076293945,53.470001220703125,52.95000076293945,53.380001068115234,145300
2014-05-27,53.5,54.060001373291016,52.900001525878906,53.900001525878906,230800
2014-05-28,53.72999954223633,54.0,53.43000030517578,53.75,152200
2014-05-29,53.83000183105469,53.939998626708984,53.400001525878906,53.650001525878906,152600
2014-05-30,53.790000915527344,53.790000915527344,53.099998474121094,53.52000045776367,192500
2014-06-02,53.45000076293945,53.45000076293945,52.56999969482422,52.63999938964844,256700
2014-06-03,52.040000915527344,52.47999954223633,51.22999954223633,52.15999984741211,592000
2014-06-04,51.959999084472656,52.630001068115234,51.59000015258789,52.529998779296875,195100
2014-06-05,52.709999084472656,53.45000076293945,52.11000061035156,52.880001068115234,277000
2014-06-06,53.18000030517578,53.599998474121094,52.83000183105469,52.90999984741211,166400
2014-06-09,52.93000030517578,53.5,52.65999984741211,53.2400016784668,152800
2014-06-10,52.9900016784668,53.09000015258789,52.40999984741211,52.970001220703125,168600
2014-06-11,52.630001068115234,53.16999816894531,52.25,52.709999084472656,163400
2014-06-12,52.4900016784668,52.529998779296875,51.9900016784668,52.13999938964844,106200
2014-06-13,52.29999923706055,52.52000045776367,51.790000915527344,51.95000076293945,136300
2014-06-16,51.939998626708984,52.470001220703125,51.75,51.970001220703125,219000
2014-06-17,52.09000015258789,52.619998931884766,51.79999923706055,51.959999084472656,366700
2014-06-18,52.040000915527344,52.400001525878906,51.75,52.2400016784668,198900
2014-06-19,52.36000061035156,52.790000915527344,52.220001220703125,52.61000061035156,121800
2014-06-20,52.81999969482422,53.27000045776367,52.29999923706055,53.220001220703125,414600
2014-06-23,53.439998626708984,53.439998626708984,52.52000045776367,52.72999954223633,186400
2014-06-24,52.4900016784668,53.540000915527344,52.380001068115234,53.02000045776367,335200
2014-06-25,52.86000061035156,53.689998626708984,52.86000061035156,53.68000030517578,241700
2014-06-26,53.72999954223633,53.72999954223633,53.040000915527344,53.439998626708984,217300
2014-06-27,53.060001373291016,53.70000076293945,52.86000061035156,53.459999084472656,344100
2014-06-30,53.400001525878906,53.56999969482422,52.63999938964844,53.47999954223633,321600
2014-07-01,53.68000030517578,54.9900016784668,53.68000030517578,54.439998626708984,385600
2014-07-02,54.220001220703125,54.63999938964844,53.93000030517578,54.18000030517578,265300
2014-07-03,54.27000045776367,54.75,54.04999923706055,54.70000076293945,119000
2014-07-07,54.41999816894531,54.45000076293945,53.7599983215332,53.849998474121094,175200
2014-07-08,53.689998626708984,53.689998626708984,52.79999923706055,53.58000183105469,273200
2014-07-09,53.77000045776367,54.13999938964844,53.59000015258789,53.849998474121094,148100
2014-07-10,52.88999938964844,53.7400016784668,52.7599983215332,53.5099983215332,200900
2014-07-11,53.77000045776367,54.47999954223633,53.41999816894531,54.380001068115234,286600
2014-07-14,54.65999984741211,54.65999984741211,54.02000045776367,54.189998626708984,133700
2014-07-15,54.15999984741211,54.31999969482422,53.150001525878906,53.4900016784668,201200
2014-07-16,53.849998474121094,53.849998474121094,52.52000045776367,53.0099983215332,352400
2014-07-17,52.720001220703125,53.15999984741211,52.34000015258789,52.70000076293945,270800
2014-07-18,52.58000183105469,53.619998931884766,52.5,53.4900016784668,190200
2014-07-21,53.130001068115234,53.16999816894531,52.400001525878906,52.97999954223633,211500
2014-07-22,53.18000030517578,54.34000015258789,53.18000030517578,53.939998626708984,226200
2014-07-23,53.939998626708984,54.099998474121094,53.459999084472656,53.65999984741211,143000
2014-07-24,53.650001525878906,53.68000030517578,53.130001068115234,53.27000045776367,241800
2014-07-25,52.810001373291016,52.970001220703125,52.33000183105469,52.70000076293945,174200
2014-07-28,52.75,52.83000183105469,52.060001373291016,52.70000076293945,191100
2014-07-29,52.70000076293945,52.900001525878906,52.13999938964844,52.40999984741211,227700
2014-07-30,52.81999969482422,53.15999984741211,52.18000030517578,52.209999084472656,294600
2014-07-31,51.7400016784668,52.02000045776367,50.869998931884766,50.880001068115234,358200
2014-08-01,50.90999984741211,51.13999938964844,50.310001373291016,50.43000030517578,475000
2014-08-04,50.58000183105469,51.77000045776367,49.779998779296875,51.38999938964844,590300
2014-08-05,52.79999923706055,53.40999984741211,50.939998626708984,52.20000076293945,370100
2014-08-06,51.849998474121094,52.56999969482422,51.439998626708984,51.529998779296875,296900
2014-08-07,51.61000061035156,51.810001373291016,50.7400016784668,51.0,238600
2014-08-08,50.9900016784668,51.72999954223633,50.720001220703125,51.529998779296875,229500
2014-08-11,51.86000061035156,52.29999923706055,51.400001525878906,51.72999954223633,171400
2014-08-12,51.7599983215332,52.41999816894531,51.68000030517578,52.40999984741211,360200
2014-08-13,52.650001525878906,53.34000015258789,52.56999969482422,53.29999923706055,280300
2014-08-14,53.59000015258789,53.810001373291016,53.349998474121094,53.560001373291016,316100
2014-08-15,54.060001373291016,54.09000015258789,53.31999969482422,53.66999816894531,306100
2014-08-18,54.2400016784668,54.66999816894531,54.060001373291016,54.650001525878906,258600
2014-08-19,54.720001220703125,55.02000045776367,54.52000045776367,55.0099983215332,244400
2014-08-20,54.70000076293945,55.08000183105469,54.58000183105469,55.0,166700
2014-08-21,54.959999084472656,55.5,54.5,55.459999084472656,217000
2014-08-22,55.15999984741211,55.54999923706055,55.09000015258789,55.349998474121094,280900
2014-08-25,55.560001373291016,55.95000076293945,55.560001373291016,55.86000061035156,269900
2014-08-26,55.93000030517578,56.29999923706055,55.880001068115234,56.09000015258789,381200
2014-08-27,56.2400016784668,56.2400016784668,55.869998931884766,55.939998626708984,222800
2014-08-28,55.63999938964844,55.869998931884766,55.13999938964844,55.79999923706055,177600
2014-08-29,55.779998779296875,56.369998931884766,55.61000061035156,56.290000915527344,175700
2014-09-02,56.5,57.2400016784668,56.189998626708984,57.13999938964844,341700
2014-09-03,57.220001220703125,57.720001220703125,56.52000045776367,56.61000061035156,219200
2014-09-04,56.72999954223633,57.08000183105469,56.27000045776367,56.47999954223633,203400
2014-09-05,56.41999816894531,57.06999969482422,55.959999084472656,56.939998626708984,220700
2014-09-08,56.970001220703125,57.15999984741211,56.59000015258789,57.0,189600
2014-09-09,57.099998474121094,57.36000061035156,56.290000915527344,56.470001220703125,155200
2014-09-10,56.369998931884766,57.0099983215332,56.150001525878906,56.470001220703125,157500
2014-09-11,56.099998474121094,57.099998474121094,56.099998474121094,57.04999923706055,276800
2014-09-12,56.900001525878906,57.16999816894531,56.2400016784668,56.45000076293945,361900
2014-09-15,56.59000015258789,56.95000076293945,55.9900016784668,56.58000183105469,315300
2014-09-16,56.58000183105469,57.119998931884766,56.2400016784668,56.650001525878906,313000
2014-09-17,56.529998779296875,56.599998474121094,55.939998626708984,56.209999084472656,200700
2014-09-18,56.529998779296875,56.650001525878906,56.15999984741211,56.400001525878906,148100
2014-09-19,56.470001220703125,56.95000076293945,55.81999969482422,56.0,438300
2014-09-22,55.68000030517578,55.70000076293945,55.13999938964844,55.5099983215332,208500
2014-09-23,55.04999923706055,55.5,54.91999816894531,55.150001525878906,343100
2014-09-24,55.41999816894531,55.65999984741211,55.08000183105469,55.630001068115234,232500
2014-09-25,55.31999969482422,55.59000015258789,54.63999938964844,54.650001525878906,241900
2014-09-26,54.68000030517578,54.959999084472656,54.349998474121094,54.52000045776367,227800
2014-09-29,53.939998626708984,54.72999954223633,53.77000045776367,54.5,332100
2014-09-30,54.599998474121094,54.66999816894531,53.93000030517578,53.959999084472656,387000
2014-10-01,54.0,54.47999954223633,53.63999938964844,53.900001525878906,373100
2014-10-02,53.939998626708984,54.310001373291016,53.599998474121094,53.93000030517578,229300
2014-10-03,54.290000915527344,54.869998931884766,54.02000045776367,54.630001068115234,180000
2014-10-06,54.959999084472656,55.400001525878906,54.790000915527344,55.2599983215332,221200
2014-10-07,54.939998626708984,56.400001525878906,54.7599983215332,56.15999984741211,578500
2014-10-08,56.099998474121094,57.77000045776367,55.90999984741211,57.689998626708984,567000
2014-10-09,57.4900016784668,57.70000076293945,56.93000030517578,57.5,1096600
2014-10-10,57.349998474121094,58.150001525878906,56.36000061035156,56.380001068115234,648500
2014-10-13,57.599998474121094,57.81999969482422,55.349998474121094,56.560001373291016,3554900
2014-10-14,56.650001525878906,56.650001525878906,54.84000015258789,54.9900016784668,1551200
2014-10-15,53.900001525878906,55.20000076293945,52.290000915527344,54.93000030517578,1478900
2014-10-16,54.52000045776367,55.27000045776367,54.0,54.9900016784668,686400
2014-10-17,55.43000030517578,55.439998626708984,54.18000030517578,54.59000015258789,652000
2014-10-20,54.5099983215332,56.290000915527344,54.5099983215332,56.2599983215332,531200
2014-10-21,56.5,56.869998931884766,56.220001220703125,56.68000030517578,484300
2014-10-22,57.5,59.209999084472656,56.970001220703125,58.959999084472656,1054700
2014-10-23,59.599998474121094,61.130001068115234,59.11000061035156,60.349998474121094,833700
2014-10-24,60.61000061035156,60.630001068115234,59.47999954223633,59.599998474121094,432200
2014-10-27,59.5,59.810001373291016,59.060001373291016,59.68000030517578,380800
2014-10-28,59.7599983215332,60.400001525878906,59.439998626708984,60.349998474121094,517500
2014-10-29,60.34000015258789,61.09000015258789,59.689998626708984,60.41999816894531,371400
2014-10-30,60.119998931884766,61.34000015258789,59.91999816894531,60.84000015258789,342100
2014-10-31,61.7400016784668,61.959999084472656,60.84000015258789,61.79999923706055,368100
2014-11-03,61.79999923706055,62.0,60.36000061035156,60.52000045776367,467300
2014-11-04,60.06999969482422,62.599998474121094,60.06999969482422,62.439998626708984,1028100
2014-11-05,63.13999938964844,64.9000015258789,62.540000915527344,62.65999984741211,944900
2014-11-06,62.939998626708984,63.290000915527344,62.70000076293945,62.97999954223633,505300
2014-11-07,62.880001068115234,63.0099983215332,61.900001525878906,62.41999816894531,377200
2014-11-10,62.58000183105469,63.68000030517578,62.25,63.63999938964844,422500
2014-11-11,63.56999969482422,64.68000030517578,63.54999923706055,64.48999786376953,509700
2014-11-12,64.37000274658203,64.87999725341797,63.97999954223633,64.44000244140625,382500
2014-11-13,64.66000366210938,65.02999877929688,64.19999694824219,64.93000030517578,369100
2014-11-14,64.76000213623047,64.94000244140625,62.81999969482422,63.61000061035156,355000
2014-11-17,63.779998779296875,63.9900016784668,63.11000061035156,63.27000045776367,365900
2014-11-18,63.40999984741211,63.970001220703125,62.400001525878906,62.90999984741211,862100
2014-11-19,62.91999816894531,63.29999923706055,61.880001068115234,62.189998626708984,415700
2014-11-20,61.7400016784668,62.22999954223633,61.2599983215332,62.060001373291016,550500
2014-11-21,62.59000015258789,62.75,61.86000061035156,62.099998474121094,373700
2014-11-24,61.86000061035156,63.33000183105469,61.70000076293945,63.29999923706055,336300
2014-11-25,63.22999954223633,63.41999816894531,61.900001525878906,62.5099983215332,505000
2014-11-26,62.650001525878906,63.380001068115234,62.279998779296875,63.209999084472656,315800
2014-11-28,63.630001068115234,64.45999908447266,63.2599983215332,63.75,295200
2014-12-01,63.75,63.91999816894531,63.119998931884766,63.29999923706055,550600
2014-12-02,63.5099983215332,64.0999984741211,63.18000030517578,63.849998474121094,402500
2014-12-03,63.7599983215332,64.22000122070312,63.25,63.81999969482422,408300
2014-12-04,63.63999938964844,64.0199966430664,62.849998474121094,63.5,262500
2014-12-05,63.45000076293945,65.3499984741211,63.25,65.19999694824219,554200
2014-12-08,65.12999725341797,65.94000244140625,64.79000091552734,65.16999816894531,392500
2014-12-09,65.8499984741211,67.93000030517578,65.16999816894531,67.70999908447266,1225200
2014-12-10,67.63999938964844,68.04000091552734,65.98999786376953,66.0,717500
2014-12-11,66.11000061035156,66.95999908447266,65.98999786376953,66.30000305175781,605500
2014-12-12,65.70999908447266,66.4000015258789,65.41000366210938,65.55000305175781,486200
2014-12-15,66.0,66.26000213623047,64.01000213623047,65.0,491400
2014-12-16,64.86000061035156,65.94999694824219,63.599998474121094,63.65999984741211,823200
2014-12-17,63.900001525878906,65.36000061035156,63.209999084472656,65.30000305175781,662600
2014-12-18,65.9800033569336,66.06999969482422,64.80999755859375,65.43000030517578,546100
2014-12-19,65.7300033569336,66.73999786376953,65.05999755859375,66.63999938964844,995400
2014-12-22,66.44999694824219,66.91999816894531,65.58999633789062,66.58000183105469,279700
2014-12-23,67.08000183105469,67.08000183105469,65.2300033569336,65.91000366210938,337400
2014-12-24,66.16000366210938,66.98999786376953,65.9000015258789,66.76000213623047,134100
2014-12-26,67.06999969482422,67.3499984741211,66.58000183105469,66.69999694824219,165200
2014-12-29,66.54000091552734,66.76000213623047,65.80000305175781,66.33000183105469,250800
2014-12-30,66.33000183105469,66.83999633789062,65.55999755859375,65.83999633789062,268600
2014-12-31,66.12000274658203,66.73999786376953,64.83999633789062,64.8499984741211,273900
2015-01-02,65.0999984741211,66.06999969482422,64.69999694824219,65.16000366210938,449400
2015-01-05,64.94000244140625,65.61000061035156,64.08999633789062,64.51000213623047,397800
2015-01-06,64.80999755859375,65.19000244140625,63.7599983215332,64.55000305175781,492500
2015-01-07,65.0,65.43000030517578,64.63999938964844,65.06999969482422,394900
2015-01-08,65.68000030517578,66.83999633789062,65.05000305175781,66.77999877929688,681000
2015-01-09,66.77999877929688,66.86000061035156,65.9800033569336,66.05000305175781,376300
2015-01-12,66.25,66.30000305175781,64.76000213623047,64.77999877929688,565300
2015-01-13,65.12000274658203,65.91999816894531,63.9900016784668,64.77999877929688,496200
2015-01-14,64.20999908447266,64.69999694824219,63.5099983215332,64.16999816894531,473100
2015-01-15,64.30000305175781,64.58000183105469,63.150001525878906,63.279998779296875,396500
2015-01-16,62.9900016784668,64.88999938964844,62.9900016784668,64.69000244140625,441600
2015-01-20,65.0,65.41000366210938,63.84000015258789,64.3499984741211,399800
2015-01-21,64.37999725341797,65.05000305175781,64.0,64.52999877929688,346500
2015-01-22,64.94999694824219,66.02999877929688,64.13999938964844,66.01000213623047,313400
2015-01-23,66.01000213623047,66.56999969482422,65.47000122070312,66.18000030517578,328200
2015-01-26,66.0,67.29000091552734,65.26000213623047,67.2300033569336,507400
2015-01-27,66.69999694824219,67.0999984741211,66.1500015258789,66.69000244140625,331600
2015-01-28,66.72000122070312,67.11000061035156,65.18000030517578,65.36000061035156,453400
2015-01-29,65.52999877929688,66.52999877929688,65.0199966430664,66.48999786376953,318400
2015-01-30,66.11000061035156,66.38999938964844,64.80999755859375,65.22000122070312,652400
2015-02-02,65.22000122070312,65.30999755859375,63.70000076293945,64.87000274658203,436200
2015-02-03,65.30000305175781,67.1500015258789,65.05999755859375,67.0,536400
2015-02-04,67.69000244140625,68.0,66.31999969482422,67.1500015258789,670400
2015-02-05,67.52999877929688,67.9800033569336,66.6500015258789,67.7300033569336,388700
2015-02-06,67.63999938964844,67.98999786376953,66.62000274658203,66.9800033569336,408400
2015-02-09,66.63999938964844,66.9800033569336,65.5,65.6500015258789,396700
2015-02-10,66.33000183105469,66.43000030517578,65.05999755859375,66.0999984741211,714100
2015-02-11,66.13999938964844,66.36000061035156,65.41000366210938,65.83000183105469,356200
2015-02-12,66.11000061035156,66.37999725341797,65.38999938964844,65.8499984741211,305500
2015-02-13,65.70999908447266,66.2699966430664,65.04000091552734,65.5,354100
2015-02-17,65.33999633789062,65.54000091552734,64.76000213623047,65.31999969482422,349300
2015-02-18,65.31999969482422,66.0199966430664,64.5199966430664,65.98999786376953,494400
2015-02-19,65.95999908447266,66.16999816894531,65.13999938964844,65.3499984741211,213200
2015-02-20,65.37000274658203,66.83000183105469,64.91999816894531,66.37999725341797,392300
2015-02-23,66.16000366210938,66.66999816894531,64.88999938964844,65.54000091552734,470100
2015-02-24,65.44999694824219,65.52999877929688,64.72000122070312,65.36000061035156,407100
2015-02-25,65.3499984741211,65.86000061035156,64.47000122070312,64.80000305175781,266500
2015-02-26,64.62000274658203,64.75,64.05000305175781,64.29000091552734,612300
2015-02-27,64.18000030517578,64.94999694824219,63.70000076293945,64.5199966430664,412800
2015-03-02,64.68000030517578,65.02999877929688,63.59000015258789,64.98999786376953,530700
2015-03-03,64.87000274658203,64.87000274658203,63.279998779296875,63.41999816894531,576900
2015-03-04,63.18000030517578,63.91999816894531,62.560001373291016,63.290000915527344,363400
2015-03-05,62.970001220703125,64.3499984741211,62.81999969482422,64.26000213623047,314900
2015-03-06,63.709999084472656,63.939998626708984,62.970001220703125,63.380001068115234,614100
2015-03-09,63.54999923706055,64.04000091552734,62.970001220703125,63.880001068115234,498000
2015-03-10,63.25,65.2300033569336,63.0099983215332,64.80000305175781,1247100
2015-03-11,64.98999786376953,65.0,63.709999084472656,64.27999877929688,662400
2015-03-12,64.55999755859375,65.36000061035156,64.20999908447266,65.19999694824219,407700
2015-03-13,65.13999938964844,66.04000091552734,64.55000305175781,65.9000015258789,456100
2015-03-16,65.97000122070312,68.36000061035156,65.97000122070312,67.95999908447266,791200
2015-03-17,67.87999725341797,67.87999725341797,67.25,67.44000244140625,442500
2015-03-18,67.33000183105469,67.5999984741211,66.62000274658203,67.08000183105469,574400
2015-03-19,66.86000061035156,68.22000122070312,66.66999816894531,68.16999816894531,451100
2015-03-20,68.91999816894531,69.51000213623047,68.41000366210938,69.45999908447266,984700
2015-03-23,69.06999969482422,69.38999938964844,68.77999877929688,69.12999725341797,538800
2015-03-24,68.9000015258789,69.7300033569336,68.76000213623047,69.16999816894531,546700
2015-03-25,69.51000213623047,70.08999633789062,68.16000366210938,68.29000091552734,609600
2015-03-26,68.12999725341797,68.41999816894531,67.62000274658203,68.41000366210938,303300
2015-03-27,68.30000305175781,69.2699966430664,68.12999725341797,69.23999786376953,595000
2015-03-30,69.58000183105469,70.6500015258789,69.22000122070312,70.37999725341797,482000
2015-03-31,69.91999816894531,70.43000030517578,69.48999786376953,70.2699966430664,489700
2015-04-01,69.7300033569336,70.38999938964844,67.91000366210938,68.63999938964844,648800
2015-04-02,68.87999725341797,69.4800033569336,68.47000122070312,69.13999938964844,529900
2015-04-06,68.94000244140625,70.41000366210938,68.58999633789062,69.75,367500
2015-04-07,69.48999786376953,70.38999938964844,69.11000061035156,69.91999816894531,426600
2015-04-08,69.98999786376953,70.83999633789062,69.94999694824219,70.66999816894531,631700
2015-04-09,70.6500015258789,71.37999725341797,69.94000244140625,70.66000366210938,520600
2015-04-10,71.05999755859375,71.12999725341797,70.31999969482422,70.6500015258789,318800
2015-04-13,70.52999877929688,71.0199966430664,69.95999908447266,70.19000244140625,546900
2015-04-14,70.4000015258789,70.51000213623047,69.12999725341797,69.36000061035156,569100
2015-04-15,69.61000061035156,70.12999725341797,69.1500015258789,69.44999694824219,422000
2015-04-16,69.30000305175781,69.91999816894531,69.0199966430664,69.2300033569336,291600
2015-04-17,68.7300033569336,69.20999908447266,68.41000366210938,69.13999938964844,411700
2015-04-20,69.27999877929688,69.73999786376953,68.33999633789062,69.69999694824219,605100
2015-04-21,70.25,70.48999786376953,70.0199966430664,70.19999694824219,287700
2015-04-22,70.18000030517578,70.58000183105469,69.56999969482422,70.43000030517578,164700
2015-04-23,70.43000030517578,71.38999938964844,70.19999694824219,70.69999694824219,280800
2015-04-24,70.79000091552734,71.04000091552734,70.30000305175781,70.76000213623047,228800
2015-04-27,70.7699966430664,70.91999816894531,68.69999694824219,68.91999816894531,525300
2015-04-28,68.69000244140625,69.55000305175781,67.83999633789062,69.5199966430664,431800
2015-04-29,69.31999969482422,69.55000305175781,68.05999755859375,68.0999984741211,388800
2015-04-30,67.75,67.93000030517578,66.27999877929688,66.5,639800
2015-05-01,66.62000274658203,67.61000061035156,66.2300033569336,66.81999969482422,572600
2015-05-04,67.08000183105469,68.48999786376953,67.01000213623047,67.95999908447266,458600
2015-05-05,67.5,67.86000061035156,66.66000366210938,67.0,526300
2015-05-06,67.06999969482422,67.36000061035156,66.04000091552734,66.48999786376953,645100
2015-05-07,67.0,67.9800033569336,66.4800033569336,67.2699966430664,691000
2015-05-08,67.86000061035156,68.52999877929688,67.38999938964844,68.12999725341797,454900
2015-05-11,68.18000030517578,68.41000366210938,67.41000366210938,67.48999786376953,425000
2015-05-12,66.69999694824219,67.18000030517578,66.19999694824219,67.04000091552734,318900
2015-05-13,67.26000213623047,67.55000305175781,66.62999725341797,67.48999786376953,351000
2015-05-14,67.94000244140625,69.12000274658203,67.55000305175781,69.12000274658203,376400
2015-05-15,69.16000366210938,69.61000061035156,68.81999969482422,69.58999633789062,323700
2015-05-18,69.41000366210938,70.77999877929688,69.19999694824219,70.6500015258789,587100
2015-05-19,70.37000274658203,70.52999877929688,69.91999816894531,70.41000366210938,759200
2015-05-20,70.48999786376953,71.08000183105469,69.98999786376953,70.2300033569336,929200
2015-05-21,70.06999969482422,70.37999725341797,69.0199966430664,69.63999938964844,479500
2015-05-22,69.3499984741211,70.16999816894531,69.0199966430664,69.12999725341797,327400
2015-05-26,68.94000244140625,69.3499984741211,68.23999786376953,68.62000274658203,850100
2015-05-27,67.4000015258789,67.51000213623047,64.04000091552734,66.13999938964844,4040700
2015-05-28,65.93000030517578,67.48999786376953,65.08000183105469,66.1500015258789,1642100
2015-05-29,66.25,67.30999755859375,65.16999816894531,66.83000183105469,2238600
2015-06-01,66.68000030517578,68.02999877929688,65.97000122070312,67.45999908447266,913600
2015-06-02,67.06999969482422,67.62999725341797,66.33000183105469,66.88999938964844,766200
2015-06-03,67.12999725341797,67.30999755859375,66.69999694824219,66.7699966430664,679200
2015-06-04,66.08000183105469,66.44000244140625,64.13999938964844,64.4800033569336,1604600
2015-06-05,64.26000213623047,64.4000015258789,63.54999923706055,64.2699966430664,847000
2015-06-08,64.2699966430664,64.87999725341797,63.91999816894531,64.01000213623047,549900
2015-06-09,63.869998931884766,64.0999984741211,63.25,63.4900016784668,478000
2015-06-10,63.65999984741211,64.26000213623047,63.529998779296875,64.04000091552734,630600
2015-06-11,64.1500015258789,64.97000122070312,63.88999938964844,64.44999694824219,738900
2015-06-12,63.75,63.93000030517578,63.15999984741211,63.4900016784668,901800
2015-06-15,63.2599983215332,63.5099983215332,62.09000015258789,63.119998931884766,766600
2015-06-16,63.119998931884766,64.0,62.84000015258789,63.83000183105469,578700
2015-06-17,64.1500015258789,64.43000030517578,63.72999954223633,63.88999938964844,418500
2015-06-18,64.12999725341797,64.80999755859375,64.12999725341797,64.47000122070312,431800
2015-06-19,64.54000091552734,64.94000244140625,64.37999725341797,64.76000213623047,854300
2015-06-22,65.22000122070312,65.51000213623047,64.88999938964844,64.94999694824219,626500
2015-06-23,65.05999755859375,65.25,64.69000244140625,64.81999969482422,364200
2015-06-24,65.16999816894531,65.70999908447266,64.61000061035156,65.55999755859375,581800
2015-06-25,65.55999755859375,66.26000213623047,65.5199966430664,66.0,597800
2015-06-26,66.33000183105469,66.33000183105469,65.33999633789062,65.3499984741211,681000
2015-06-29,65.20999908447266,65.3499984741211,64.37999725341797,64.4800033569336,615500
2015-06-30,65.2300033569336,65.36000061035156,64.16999816894531,64.44000244140625,477500
2015-07-01,64.88999938964844,65.3499984741211,64.44999694824219,64.66000366210938,1115700
2015-07-02,64.87000274658203,65.05000305175781,64.41999816894531,64.54000091552734,718900
2015-07-06,64.13999938964844,64.91000366210938,63.959999084472656,64.72000122070312,472800
2015-07-07,65.04000091552734,65.20999908447266,64.1500015258789,64.63999938964844,455800
2015-07-08,64.16999816894531,65.01000213623047,64.16999816894531,64.7300033569336,859300
2015-07-09,65.41999816894531,65.58999633789062,65.01000213623047,65.08000183105469,462300
2015-07-10,65.88999938964844,66.61000061035156,65.44999694824219,66.55000305175781,521800
2015-07-13,66.94999694824219,67.48999786376953,66.62999725341797,67.43000030517578,455700
2015-07-14,67.56999969482422,67.97000122070312,67.44000244140625,67.93000030517578,366700
2015-07-15,67.87000274658203,67.97000122070312,67.44000244140625,67.69000244140625,544500
2015-07-16,67.9800033569336,68.43000030517578,67.5199966430664,68.26000213623047,433600
2015-07-17,68.25,68.25,67.9000015258789,68.20999908447266,265300
2015-07-20,68.1500015258789,68.79000091552734,68.08000183105469,68.7300033569336,342900
2015-07-21,68.69999694824219,69.0,68.19999694824219,68.86000061035156,489200
2015-07-22,68.91999816894531,69.4800033569336,68.91999816894531,69.4000015258789,445200
2015-07-23,69.41999816894531,69.61000061035156,68.58999633789062,68.7300033569336,442100
2015-07-24,68.23999786376953,68.54000091552734,67.72000122070312,67.77999877929688,483600
2015-07-27,67.6500015258789,68.13999938964844,67.1500015258789,67.93000030517578,614900
2015-07-28,68.22000122070312,68.41999816894531,67.52999877929688,68.23999786376953,462500
2015-07-29,68.12000274658203,68.77999877929688,67.7699966430664,68.61000061035156,399000
2015-07-30,68.31999969482422,68.9000015258789,68.30000305175781,68.69000244140625,420500
2015-07-31,69.0,69.44000244140625,68.7300033569336,69.12999725341797,426200
2015-08-03,69.0999984741211,69.26000213623047,68.0199966430664,68.61000061035156,382200
2015-08-04,68.11000061035156,68.76000213623047,67.37999725341797,67.80000305175781,462500
2015-08-05,68.1500015258789,69.56999969482422,68.1500015258789,69.12000274658203,399300
2015-08-06,69.37000274658203,69.76000213623047,67.48999786376953,68.08999633789062,524900
2015-08-07,67.36000061035156,67.55999755859375,66.52999877929688,67.27999877929688,385100
2015-08-10,67.75,68.30000305175781,67.43000030517578,67.9800033569336,436400
2015-08-11,67.5999984741211,68.08000183105469,66.9000015258789,67.62000274658203,306100
2015-08-12,67.12999725341797,68.37000274658203,66.4000015258789,68.12999725341797,441400
2015-08-13,68.06999969482422,68.41999816894531,67.55999755859375,67.79000091552734,280100
2015-08-14,67.91000366210938,68.76000213623047,67.44999694824219,68.7300033569336,378400
2015-08-17,68.37999725341797,69.16999816894531,67.91999816894531,69.16999816894531,302600
2015-08-18,69.18000030517578,69.30999755859375,68.66000366210938,68.88999938964844,336100
2015-08-19,68.5,68.5,67.56999969482422,67.93000030517578,405000
2015-08-20,67.25,67.52999877929688,65.55000305175781,65.56999969482422,890700
2015-08-21,63.630001068115234,65.12999725341797,63.0,64.31999969482422,889600
2015-08-24,60.97999954223633,62.38999938964844,60.75,61.959999084472656,680600
2015-08-25,63.529998779296875,63.529998779296875,61.86000061035156,61.970001220703125,657600
2015-08-26,63.11000061035156,63.11000061035156,61.09000015258789,62.900001525878906,567300
2015-08-27,62.900001525878906,65.0999984741211,62.63999938964844,65.05000305175781,711700
2015-08-28,64.86000061035156,65.12000274658203,64.29000091552734,64.69000244140625,359400
2015-08-31,64.62999725341797,65.18000030517578,63.95000076293945,64.05000305175781,421300
2015-09-01,62.88999938964844,63.709999084472656,62.119998931884766,62.310001373291016,634900
2015-09-02,63.08000183105469,63.79999923706055,62.31999969482422,63.779998779296875,410100
2015-09-03,63.630001068115234,64.69000244140625,63.41999816894531,64.2300033569336,616100
2015-09-04,63.709999084472656,64.26000213623047,63.310001373291016,63.5,462500
2015-09-08,64.51000213623047,65.18000030517578,63.97999954223633,65.06999969482422,372100
2015-09-09,65.72000122070312,66.0,63.70000076293945,63.849998474121094,354700
2015-09-10,63.790000915527344,65.19999694824219,63.63999938964844,64.69000244140625,437900
2015-09-11,64.56999969482422,65.55999755859375,64.29000091552734,64.66000366210938,271500
2015-09-14,64.69999694824219,64.86000061035156,64.01000213623047,64.06999969482422,209000
2015-09-15,64.37999725341797,64.44999694824219,63.119998931884766,64.0999984741211,534200
2015-09-16,63.81999969482422,64.08999633789062,63.310001373291016,63.77000045776367,581900
2015-09-17,63.90999984741211,64.75,63.65999984741211,63.83000183105469,468200
2015-09-18,63.220001220703125,64.23999786376953,63.02000045776367,63.529998779296875,837200
2015-09-21,64.30999755859375,65.02999877929688,63.33000183105469,63.70000076293945,362100
2015-09-22,63.0,63.43000030517578,62.72999954223633,63.0,333300
2015-09-23,63.220001220703125,63.5,62.630001068115234,62.959999084472656,344600
2015-09-24,62.58000183105469,68.0999984741211,62.209999084472656,68.0,3924800
2015-09-25,67.70999908447266,68.66999816894531,66.76000213623047,67.4000015258789,5465400
2015-09-28,66.22000122070312,66.91000366210938,64.12999725341797,64.7300033569336,1969500
2015-09-29,64.7300033569336,66.3499984741211,63.720001220703125,64.37999725341797,1102200
2015-09-30,65.02999877929688,65.5,64.19000244140625,64.97000122070312,842000
2015-10-01,64.94000244140625,65.77999877929688,63.189998626708984,65.30000305175781,1905700
2015-10-02,65.0,65.30000305175781,63.439998626708984,65.30000305175781,1673600
2015-10-05,65.8499984741211,66.25,65.0199966430664,66.18000030517578,804100
2015-10-06,66.19000244140625,66.41000366210938,64.87000274658203,65.19000244140625,686100
2015-10-07,65.4800033569336,66.66000366210938,65.13999938964844,66.6500015258789,744200
2015-10-08,66.48999786376953,67.4800033569336,65.95999908447266,67.30999755859375,801200
2015-10-09,67.48999786376953,67.54000091552734,66.31999969482422,66.63999938964844,550900
2015-10-12,66.43000030517578,67.47000122070312,66.30999755859375,67.18000030517578,307200
2015-10-13,67.0,67.5,66.19000244140625,66.20999908447266,458500
2015-10-14,66.31999969482422,66.88999938964844,64.94000244140625,65.2300033569336,381000
2015-10-15,65.41000366210938,66.87000274658203,65.01000213623047,66.87000274658203,414700
2015-10-16,66.86000061035156,67.06999969482422,66.18000030517578,66.9000015258789,592500
2015-10-19,66.5,67.44000244140625,66.16999816894531,67.33000183105469,704500
2015-10-20,67.4800033569336,68.83999633789062,66.98999786376953,68.66000366210938,1424000
2015-10-21,68.79000091552734,69.0999984741211,68.29000091552734,68.80000305175781,987700
2015-10-22,68.94999694824219,68.95999908447266,66.8499984741211,67.62999725341797,904400
2015-10-23,67.80000305175781,68.80000305175781,67.19999694824219,67.77999877929688,1608100
2015-10-26,67.77999877929688,68.26000213623047,66.01000213623047,67.6500015258789,9541400
2015-10-27,67.1500015258789,68.26000213623047,66.63999938964844,68.25,1441900
2015-10-28,68.30000305175781,71.0999984741211,68.08999633789062,71.04000091552734,1639600
2015-10-29,70.91000366210938,71.63999938964844,69.87999725341797,70.0,1280200
2015-10-30,71.0,75.94000244140625,71.0,74.94999694824219,2679000
2015-11-02,75.69999694824219,75.69999694824219,73.0199966430664,74.47000122070312,1311500
2015-11-03,74.54000091552734,77.38999938964844,73.69999694824219,76.30999755859375,1134100
2015-11-04,76.23999786376953,77.47000122070312,74.5,75.51000213623047,2176300
2015-11-05,75.63999938964844,77.20999908447266,75.2300033569336,76.83000183105469,807100
2015-11-06,76.83999633789062,76.83999633789062,75.08000183105469,75.45999908447266,660600
2015-11-09,75.20999908447266,75.44999694824219,73.0999984741211,73.75,958000
2015-11-10,73.4000015258789,74.68000030517578,73.4000015258789,74.51000213623047,2116300
2015-11-11,74.55999755859375,74.72000122070312,73.26000213623047,73.62000274658203,428000
2015-11-12,73.6500015258789,73.75,72.22000122070312,73.23999786376953,716700
2015-11-13,73.1500015258789,74.3499984741211,72.88999938964844,74.05000305175781,1241000
2015-11-16,74.13999938964844,75.63999938964844,73.80000305175781,75.29000091552734,954100
2015-11-17,75.66000366210938,75.80000305175781,74.87000274658203,75.30000305175781,886000
2015-11-18,75.26000213623047,75.79000091552734,75.0,75.77999877929688,614300
2015-11-19,75.87999725341797,75.87999725341797,74.05999755859375,74.55999755859375,342100
2015-11-20,75.01000213623047,75.48999786376953,74.44999694824219,74.58999633789062,832700
2015-11-23,74.25,74.66999816894531,73.68000030517578,74.27999877929688,958400
2015-11-24,73.69999694824219,75.12000274658203,73.30000305175781,75.04000091552734,1128900
2015-11-25,74.86000061035156,76.33999633789062,74.86000061035156,76.04000091552734,594700
2015-11-27,76.33999633789062,76.5,75.87999725341797,76.3499984741211,239900
2015-11-30,76.41000366210938,76.55999755859375,75.94000244140625,76.37999725341797,769400
2015-12-01,76.69000244140625,77.11000061035156,76.0,76.9000015258789,584100
2015-12-02,76.88999938964844,77.19000244140625,75.25,76.18000030517578,2246100
2015-12-03,76.19000244140625,76.91999816894531,73.4800033569336,73.52999877929688,744600
2015-12-04,73.51000213623047,74.87999725341797,73.19999694824219,74.23999786376953,715000
2015-12-07,74.48999786376953,76.73999786376953,74.0199966430664,76.47000122070312,1184900
2015-12-08,75.37999725341797,77.0,72.7300033569336,73.0999984741211,1588700
2015-12-09,72.97000122070312,73.61000061035156,71.66000366210938,72.08000183105469,1053700
2015-12-10,72.5199966430664,73.70999908447266,72.30999755859375,73.38999938964844,963200
2015-12-11,72.44000244140625,73.27999877929688,72.20999908447266,72.3499984741211,857200
2015-12-14,72.48999786376953,73.37999725341797,71.12999725341797,71.6500015258789,805300
2015-12-15,72.11000061035156,72.80000305175781,71.7699966430664,71.97000122070312,809600
2015-12-16,72.77999877929688,74.31999969482422,72.31999969482422,74.0999984741211,1107400
2015-12-17,74.37000274658203,74.69000244140625,73.56999969482422,73.56999969482422,669100
2015-12-18,73.29000091552734,73.52999877929688,70.95999908447266,71.02999877929688,2494100
2015-12-21,71.37000274658203,71.66000366210938,70.69999694824219,71.18000030517578,828000
2015-12-22,72.41999816894531,74.91999816894531,72.41999816894531,74.01000213623047,1263900
2015-12-23,74.76000213623047,76.91000366210938,74.44000244140625,76.83000183105469,925500
2015-12-24,76.83000183105469,77.36000061035156,76.41000366210938,76.61000061035156,258700
2015-12-28,76.56999969482422,76.81999969482422,75.41999816894531,76.38999938964844,700200
2015-12-29,77.05999755859375,77.8499984741211,76.0999984741211,77.7300033569336,510700
2015-12-30,78.01000213623047,78.7699966430664,76.88999938964844,76.94999694824219,405000
2015-12-31,76.81999969482422,76.81999969482422,75.31999969482422,75.33999633789062,588100
2016-01-04,74.11000061035156,74.9800033569336,73.38999938964844,74.37000274658203,870500
2016-01-05,74.37000274658203,75.01000213623047,73.43000030517578,74.29000091552734,739200
2016-01-06,73.37000274658203,75.0999984741211,73.25,74.41000366210938,696600
2016-01-07,73.0,74.22000122070312,72.31999969482422,72.5,500700
2016-01-08,72.63999938964844,72.87000274658203,70.44999694824219,70.55000305175781,598900
2016-01-11,70.81999969482422,71.55000305175781,68.94000244140625,69.62999725341797,659000
2016-01-12,70.12000274658203,70.54000091552734,68.9000015258789,69.62000274658203,924800
2016-01-13,69.62000274658203,70.19000244140625,66.97000122070312,67.0,696300
2016-01-14,67.16000366210938,68.31999969482422,66.20999908447266,67.91999816894531,783800
2016-01-15,66.26000213623047,67.41999816894531,65.7699966430664,67.33000183105469,714900
2016-01-19,67.9000015258789,68.36000061035156,66.52999877929688,67.08000183105469,700400
2016-01-20,66.18000030517578,68.56999969482422,65.18000030517578,67.87000274658203,1150300
2016-01-21,67.88999938964844,68.66000366210938,67.04000091552734,67.5999984741211,858900
2016-01-22,68.41000366210938,69.56999969482422,68.19999694824219,69.55999755859375,617400
2016-01-25,69.33000183105469,70.30000305175781,69.08000183105469,69.41000366210938,570900
2016-01-26,69.58999633789062,69.87000274658203,68.72000122070312,69.3499984741211,661200
2016-01-27,69.0,70.51000213623047,68.68000030517578,68.91000366210938,783100
2016-01-28,69.25,69.55999755859375,66.66999816894531,67.87999725341797,876400
2016-01-29,68.25,69.37000274658203,68.25,69.23999786376953,668000
2016-02-01,68.48999786376953,70.12999725341797,68.48999786376953,69.83000183105469,736700
2016-02-02,68.98999786376953,69.33999633789062,68.4800033569336,69.11000061035156,436200
2016-02-03,69.7699966430664,69.7699966430664,68.19999694824219,68.91999816894531,666700
2016-02-04,68.97000122070312,69.44000244140625,68.3499984741211,68.66000366210938,950900
2016-02-05,68.29000091552734,68.43000030517578,66.47000122070312,66.76000213623047,724400
2016-02-08,65.86000061035156,66.27999877929688,63.709999084472656,65.45999908447266,739900
2016-02-09,66.4800033569336,67.9800033569336,65.18000030517578,66.47000122070312,1532400
2016-02-10,67.0199966430664,67.36000061035156,64.08999633789062,64.19999694824219,1173600
2016-02-11,62.279998779296875,63.689998626708984,61.40999984741211,62.470001220703125,834900
2016-02-12,63.16999816894531,63.22999954223633,61.380001068115234,62.61000061035156,666800
2016-02-16,63.029998779296875,64.25,62.849998474121094,64.0199966430664,515300
2016-02-17,64.31999969482422,65.16000366210938,64.0999984741211,64.66999816894531,570600
2016-02-18,64.7300033569336,65.29000091552734,63.59000015258789,63.70000076293945,575000
2016-02-19,63.540000915527344,63.779998779296875,62.68000030517578,63.619998931884766,552700
2016-02-22,64.13999938964844,64.5999984741211,63.400001525878906,64.4800033569336,688000
2016-02-23,63.959999084472656,64.2300033569336,62.650001525878906,62.77000045776367,727800
2016-02-24,62.38999938964844,63.459999084472656,61.63999938964844,63.38999938964844,447400
2016-02-25,63.52000045776367,65.30000305175781,63.36000061035156,65.26000213623047,516000
2016-02-26,65.19000244140625,65.33999633789062,64.44999694824219,64.54000091552734,510000
2016-02-29,64.58999633789062,64.95999908447266,63.31999969482422,64.31999969482422,835700
2016-03-01,64.62000274658203,65.58000183105469,64.3499984741211,65.01000213623047,590000
2016-03-02,64.77999877929688,65.66999816894531,64.77999877929688,65.30000305175781,594600
2016-03-03,65.23999786376953,66.06999969482422,65.05999755859375,66.0199966430664,557700
2016-03-04,66.0,67.0999984741211,65.97000122070312,66.9800033569336,633900
2016-03-07,66.66000366210938,68.0,66.37999725341797,68.0,627500
2016-03-08,67.44999694824219,68.44000244140625,67.27999877929688,67.33999633789062,1000400
2016-03-09,67.31999969482422,67.54000091552734,67.12999725341797,67.37000274658203,782800
2016-03-10,67.36000061035156,68.01000213623047,66.19000244140625,66.4000015258789,892400
2016-03-11,66.91000366210938,68.63999938964844,66.6500015258789,68.54000091552734,881400
2016-03-14,68.18000030517578,68.73999786376953,67.0999984741211,67.66999816894531,683800
2016-03-15,67.06999969482422,67.45999908447266,66.6500015258789,66.7699966430664,659700
2016-03-16,66.37999725341797,67.36000061035156,66.37999725341797,66.91999816894531,450400
2016-03-17,66.69000244140625,67.0199966430664,66.02999877929688,66.29000091552734,616400
2016-03-18,66.41000366210938,67.80000305175781,66.20999908447266,67.5,1486900
2016-03-21,67.19999694824219,68.69000244140625,67.0199966430664,68.5,520900
2016-03-22,67.98999786376953,69.29000091552734,67.95999908447266,69.12000274658203,608000
2016-03-23,69.12000274658203,69.70999908447266,69.01000213623047,69.41999816894531,994700
2016-03-24,68.91000366210938,69.41000366210938,68.43000030517578,69.22000122070312,991600
2016-03-28,69.22000122070312,70.33999633789062,69.04000091552734,70.18000030517578,633400
2016-03-29,69.97000122070312,71.80999755859375,69.70999908447266,71.7300033569336,1134400
2016-03-30,72.0,72.77999877929688,71.55999755859375,71.73999786376953,664400
2016-03-31,71.87000274658203,72.27999877929688,70.73999786376953,71.05000305175781,699300
2016-04-01,70.86000061035156,72.2699966430664,70.48999786376953,72.25,634100
2016-04-04,72.23999786376953,72.51000213623047,70.33000183105469,70.5199966430664,686200
2016-04-05,69.83000183105469,69.83000183105469,68.48999786376953,69.19999694824219,797200
2016-04-06,69.01000213623047,70.25,68.66999816894531,70.19999694824219,834300
2016-04-07,69.61000061035156,69.9800033569336,69.33000183105469,69.72000122070312,442400
2016-04-08,70.13999938964844,70.4000015258789,69.73999786376953,70.16999816894531,311000
2016-04-11,70.31999969482422,70.87999725341797,69.97000122070312,70.13999938964844,514100
2016-04-12,70.05999755859375,71.0199966430664,69.52999877929688,70.94999694824219,548800
2016-04-13,71.41999816894531,72.0,70.7699966430664,71.81999969482422,544000
2016-04-14,71.7699966430664,71.87999725341797,71.19000244140625,71.54000091552734,1095800
2016-04-15,71.54000091552734,71.93000030517578,70.97000122070312,71.30999755859375,444400
2016-04-18,71.18000030517578,72.76000213623047,70.7300033569336,72.6500015258789,444300
2016-04-19,72.9000015258789,73.12999725341797,72.25,72.54000091552734,414600
2016-04-20,72.87999725341797,73.11000061035156,71.98999786376953,72.55000305175781,311100
2016-04-21,72.33999633789062,73.5199966430664,72.0999984741211,72.94000244140625,435500
2016-04-22,72.9000015258789,74.0999984741211,72.5,72.93000030517578,462000
2016-04-25,72.5,72.91000366210938,71.83000183105469,72.04000091552734,543700
2016-04-26,72.0,73.05000305175781,71.83999633789062,72.79000091552734,384900
2016-04-27,72.98999786376953,73.48999786376953,72.16999816894531,72.41000366210938,386400
2016-04-28,71.91000366210938,72.5,71.2300033569336,71.4000015258789,406500
2016-04-29,71.12000274658203,71.12000274658203,70.18000030517578,70.66999816894531,427000
2016-05-02,70.6500015258789,71.41999816894531,70.44000244140625,70.58999633789062,790200
2016-05-03,70.4000015258789,70.41000366210938,69.2699966430664,69.5999984741211,509200
2016-05-04,69.29000091552734,70.72000122070312,69.11000061035156,70.5199966430664,690800
2016-05-05,70.58999633789062,71.70999908447266,70.58999633789062,71.37999725341797,365800
2016-05-06,70.83999633789062,71.5,70.62000274658203,71.30999755859375,441300
2016-05-09,71.08999633789062,72.63999938964844,70.93000030517578,72.05999755859375,383900
2016-05-10,72.41000366210938,72.52999877929688,71.22000122070312,72.48999786376953,379500
2016-05-11,72.55000305175781,72.55000305175781,71.66999816894531,71.69000244140625,277100
2016-05-12,71.6500015258789,72.0,71.11000061035156,71.76000213623047,484400
2016-05-13,71.30000305175781,72.11000061035156,70.97000122070312,71.16000366210938,480800
2016-05-16,71.18000030517578,72.52999877929688,71.18000030517578,72.36000061035156,684900
2016-05-17,72.41999816894531,72.41999816894531,70.26000213623047,70.37000274658203,868500
2016-05-18,64.79000091552734,69.4800033569336,64.38999938964844,68.75,2404200
2016-05-19,68.37999725341797,70.05999755859375,68.20999908447266,70.0,1031800
2016-05-20,70.26000213623047,70.5199966430664,69.58000183105469,69.87000274658203,752900
2016-05-23,70.02999877929688,70.16000366210938,68.56999969482422,68.69000244140625,549700
2016-05-24,69.30000305175781,70.37999725341797,68.37999725341797,69.87000274658203,734200
2016-05-25,69.93000030517578,70.30000305175781,69.20999908447266,69.41999816894531,538800
2016-05-26,69.55000305175781,69.69999694824219,68.25,68.4000015258789,765100
2016-05-27,68.33000183105469,69.62999725341797,68.08000183105469,69.37999725341797,580900
2016-05-31,69.37999725341797,69.55999755859375,68.88999938964844,69.43000030517578,598500
2016-06-01,69.43000030517578,70.05000305175781,68.9800033569336,69.72000122070312,663600
2016-06-02,69.55000305175781,70.26000213623047,69.30000305175781,69.81999969482422,505700
2016-06-03,70.58999633789062,71.76000213623047,70.05000305175781,70.5,929200
2016-06-06,70.31999969482422,70.51000213623047,69.66999816894531,70.2699966430664,631200
2016-06-07,70.36000061035156,71.13999938964844,69.94999694824219,70.83000183105469,609600
2016-06-08,70.75,71.72000122070312,70.58999633789062,71.55000305175781,483100
2016-06-09,71.29000091552734,72.0199966430664,71.11000061035156,71.66999816894531,369000
2016-06-10,71.16999816894531,71.22000122070312,70.51000213623047,70.73999786376953,529400
2016-06-13,70.5,70.62000274658203,68.33000183105469,68.37999725341797,1278400
2016-06-14,68.05999755859375,68.44999694824219,67.27999877929688,67.75,714000
2016-06-15,67.93000030517578,67.93000030517578,67.0199966430664,67.1500015258789,831000
2016-06-16,66.69999694824219,67.06999969482422,65.91999816894531,66.5999984741211,1152200
2016-06-17,66.68000030517578,67.4800033569336,66.12000274658203,67.38999938964844,1384200
2016-06-20,68.30000305175781,68.77999877929688,67.6500015258789,67.66000366210938,1137200
2016-06-21,67.66000366210938,67.94999694824219,66.83999633789062,67.51000213623047,873200
2016-06-22,67.48999786376953,67.83000183105469,67.1500015258789,67.1500015258789,809300
2016-06-23,67.83000183105469,69.43000030517578,67.66000366210938,69.38999938964844,1406100
2016-06-24,67.30999755859375,67.30999755859375,64.88999938964844,65.44000244140625,9755200
2016-06-27,65.05999755859375,65.20999908447266,63.2599983215332,63.279998779296875,1711000
2016-06-28,63.650001525878906,65.05000305175781,63.43000030517578,65.0199966430664,1348100
2016-06-29,65.51000213623047,67.43000030517578,65.51000213623047,67.36000061035156,924200
2016-06-30,67.8499984741211,68.77999877929688,67.19000244140625,68.75,804700
2016-07-01,68.9000015258789,69.4800033569336,68.08999633789062,68.88999938964844,435700
2016-07-05,68.7699966430664,69.06999969482422,67.68000030517578,67.79000091552734,913400
2016-07-06,67.68000030517578,68.30000305175781,67.25,68.06999969482422,730100
2016-07-07,68.26000213623047,68.76000213623047,68.02999877929688,68.19000244140625,500400
2016-07-08,68.80000305175781,69.4800033569336,68.45999908447266,69.16000366210938,806500
2016-07-11,69.44999694824219,69.6500015258789,69.08000183105469,69.08999633789062,527500
2016-07-12,69.26000213623047,69.58000183105469,69.16000366210938,69.37999725341797,1152600
2016-07-13,69.87999725341797,69.9000015258789,68.97000122070312,69.02999877929688,372100
2016-07-14,69.54000091552734,69.56999969482422,68.79000091552734,69.02999877929688,686000
2016-07-15,69.31999969482422,69.66999816894531,68.48999786376953,68.80000305175781,463600
2016-07-18,68.69000244140625,68.94999694824219,68.41999816894531,68.81999969482422,537100
2016-07-19,68.62999725341797,68.6500015258789,68.23999786376953,68.4800033569336,472100
2016-07-20,68.55999755859375,69.41000366210938,68.30000305175781,69.08999633789062,753100
2016-07-21,68.9000015258789,69.12000274658203,68.08999633789062,68.2699966430664,484700
2016-07-22,68.62000274658203,69.43000030517578,68.26000213623047,69.41000366210938,529900
2016-07-25,69.19999694824219,69.55000305175781,68.12000274658203,68.23999786376953,675200
2016-07-26,68.12000274658203,69.05999755859375,68.05999755859375,69.0199966430664,456700
2016-07-27,68.69999694824219,70.5999984741211,68.69999694824219,70.27999877929688,811100
2016-07-28,70.27999877929688,70.55999755859375,69.5,70.33000183105469,348500
2016-07-29,70.30000305175781,71.58000183105469,70.30000305175781,70.94999694824219,964500
2016-08-01,70.94999694824219,72.11000061035156,70.70999908447266,71.41000366210938,627900
2016-08-02,71.16999816894531,71.69999694824219,70.66000366210938,70.76000213623047,438000
2016-08-03,70.7699966430664,70.91000366210938,70.1500015258789,70.63999938964844,587800
2016-08-04,70.79000091552734,70.9800033569336,70.26000213623047,70.63999938964844,384000
2016-08-05,70.9000015258789,72.47000122070312,70.79000091552734,72.47000122070312,634600
2016-08-08,72.58999633789062,73.0,72.41999816894531,72.58000183105469,866700
2016-08-09,73.36000061035156,74.44999694824219,72.54000091552734,72.63999938964844,651800
2016-08-10,72.30999755859375,72.3499984741211,71.05000305175781,71.4000015258789,619800
2016-08-11,71.27999877929688,71.9000015258789,71.0999984741211,71.56999969482422,460300
2016-08-12,71.30000305175781,71.68000030517578,70.58000183105469,71.2300033569336,301900
2016-08-15,71.4000015258789,71.86000061035156,71.37999725341797,71.69000244140625,257200
2016-08-16,71.52999877929688,71.88999938964844,71.05999755859375,71.0999984741211,500300
2016-08-17,71.11000061035156,71.11000061035156,70.30000305175781,70.38999938964844,345000
2016-08-18,70.29000091552734,71.01000213623047,70.06999969482422,71.0,276100
2016-08-19,70.5999984741211,70.83000183105469,70.30999755859375,70.83000183105469,320300
2016-08-22,70.6500015258789,70.68000030517578,70.0,70.36000061035156,358800
2016-08-23,70.5,70.7699966430664,70.06999969482422,70.08999633789062,373700
2016-08-24,69.80999755859375,70.06999969482422,68.95999908447266,69.20999908447266,533600
2016-08-25,68.76000213623047,69.72000122070312,68.3499984741211,69.5999984741211,384200
2016-08-26,69.44000244140625,70.44000244140625,69.05000305175781,70.13999938964844,504700
2016-08-29,70.36000061035156,71.11000061035156,70.19000244140625,70.55999755859375,249000
2016-08-30,70.66000366210938,71.08000183105469,70.55000305175781,70.9800033569336,318200
2016-08-31,70.83999633789062,71.19000244140625,70.44000244140625,70.68000030517578,321600
2016-09-01,70.6500015258789,70.9800033569336,69.72000122070312,70.11000061035156,310700
2016-09-02,70.45999908447266,71.0,70.22000122070312,71.0,474300
2016-09-06,71.01000213623047,71.72000122070312,70.58000183105469,71.23999786376953,508100
2016-09-07,71.0,71.87999725341797,71.0,71.44000244140625,478000
2016-09-08,71.44000244140625,71.5,70.9000015258789,71.1500015258789,384900
2016-09-09,70.41999816894531,70.91000366210938,70.12000274658203,70.48999786376953,716900
2016-09-12,70.08999633789062,71.47000122070312,70.0199966430664,71.36000061035156,497600
2016-09-13,70.91000366210938,71.2699966430664,69.62000274658203,70.0199966430664,432100
2016-09-14,70.08999633789062,70.62999725341797,69.38999938964844,70.0,658000
2016-09-15,69.76000213623047,70.62000274658203,69.76000213623047,70.5,480900
2016-09-16,70.37000274658203,71.69000244140625,70.08000183105469,71.2699966430664,843900
2016-09-19,71.77999877929688,72.43000030517578,71.58000183105469,71.75,389200
2016-09-20,72.31999969482422,73.30000305175781,72.0,72.81999969482422,563200
2016-09-21,73.30000305175781,73.8499984741211,72.30000305175781,73.66999816894531,604100
2016-09-22,74.0,74.62999725341797,73.7300033569336,73.9000015258789,406500
2016-09-23,74.01000213623047,74.06999969482422,73.01000213623047,73.12000274658203,338100
2016-09-26,72.93000030517578,73.33999633789062,72.7300033569336,73.0199966430664,484100
2016-09-27,73.08000183105469,73.33000183105469,72.69999694824219,73.12000274658203,368300
2016-09-28,73.2300033569336,73.66999816894531,72.48999786376953,73.16000366210938,420200
2016-09-29,73.06999969482422,73.44000244140625,72.02999877929688,72.62999725341797,529700
2016-09-30,72.55000305175781,73.69999694824219,72.5199966430664,73.0999984741211,622000
2016-10-03,73.0,73.05999755859375,72.04000091552734,72.2300033569336,422200
2016-10-04,72.02999877929688,72.97000122070312,71.26000213623047,71.54000091552734,502800
2016-10-05,71.75,72.55000305175781,71.55999755859375,72.18000030517578,513800
2016-10-06,71.79000091552734,72.26000213623047,71.44999694824219,71.98999786376953,579900
2016-10-07,72.04000091552734,72.04000091552734,70.44000244140625,71.2699966430664,609200
2016-10-10,71.69999694824219,72.41999816894531,71.55000305175781,72.19000244140625,370000
2016-10-11,72.05000305175781,72.05000305175781,69.68000030517578,69.8499984741211,419800
2016-10-12,70.19000244140625,70.23999786376953,69.51000213623047,69.79000091552734,343700
2016-10-13,69.1500015258789,70.12999725341797,68.63999938964844,69.80000305175781,622500
2016-10-14,70.12000274658203,70.48999786376953,69.52999877929688,69.55999755859375,306200
2016-10-17,69.44999694824219,69.56999969482422,68.79000091552734,69.01000213623047,497800
2016-10-18,69.95999908447266,70.01000213623047,69.26000213623047,69.29000091552734,211300
2016-10-19,69.37999725341797,69.37999725341797,68.83000183105469,69.0,429500
2016-10-20,68.6500015258789,69.29000091552734,68.55999755859375,69.1500015258789,343200
2016-10-21,68.6500015258789,68.69999694824219,68.12999725341797,68.37000274658203,441000
2016-10-24,69.12000274658203,69.12000274658203,67.86000061035156,68.12000274658203,570000
2016-10-25,68.16999816894531,68.69000244140625,67.76000213623047,68.33999633789062,605500
2016-10-26,67.95999908447266,68.19000244140625,67.58999633789062,67.91999816894531,517400
2016-10-27,67.81999969482422,68.04000091552734,66.61000061035156,66.91999816894531,526100
2016-10-28,66.73999786376953,67.54000091552734,66.5999984741211,66.91999816894531,593500
2016-10-31,66.83999633789062,67.27999877929688,66.18000030517578,66.81999969482422,583800
2016-11-01,67.16000366210938,67.29000091552734,65.77999877929688,66.36000061035156,553300
2016-11-02,65.30999755859375,67.73999786376953,65.18000030517578,65.66000366210938,875400
2016-11-03,65.43000030517578,66.19999694824219,64.37000274658203,64.4000015258789,847000
2016-11-04,64.30999755859375,65.56999969482422,63.79999923706055,65.33999633789062,714200
2016-11-07,66.0,66.79000091552734,65.9000015258789,66.69999694824219,705500
2016-11-08,66.48999786376953,66.98999786376953,66.0,66.33999633789062,469100
2016-11-09,65.94999694824219,66.3499984741211,64.75,66.19000244140625,773400
2016-11-10,66.69000244140625,66.79000091552734,65.43000030517578,65.97000122070312,507100
2016-11-11,65.76000213623047,66.06999969482422,64.76000213623047,64.80999755859375,757100
2016-11-14,65.18000030517578,66.16999816894531,64.73999786376953,65.3499984741211,736800
2016-11-15,65.4000015258789,67.12999725341797,65.19000244140625,66.91000366210938,392600
2016-11-16,66.41999816894531,67.33999633789062,65.9800033569336,66.51000213623047,479600
2016-11-17,66.5199966430664,66.76000213623047,66.16999816894531,66.41000366210938,472500
2016-11-18,66.30999755859375,66.63999938964844,65.5999984741211,66.22000122070312,381600
2016-11-21,66.16999816894531,66.75,65.5199966430664,66.69000244140625,698900
2016-11-22,66.7300033569336,66.87999725341797,65.70999908447266,66.23999786376953,688100
2016-11-23,65.80000305175781,66.80999755859375,65.80000305175781,66.80000305175781,276200
2016-11-25,67.01000213623047,67.5,66.88999938964844,67.08000183105469,102700
2016-11-28,67.06999969482422,67.16000366210938,66.23999786376953,66.87000274658203,321300
2016-11-29,66.6500015258789,67.06999969482422,66.25,66.88999938964844,358600
2016-11-30,66.5,67.23999786376953,65.61000061035156,65.61000061035156,450300
2016-12-01,65.44000244140625,66.06999969482422,64.37000274658203,64.6500015258789,513600
2016-12-02,64.76000213623047,65.91000366210938,64.45999908447266,65.05000305175781,535100
2016-12-05,65.52999877929688,66.0999984741211,65.22000122070312,65.5,496000
2016-12-06,65.72000122070312,66.26000213623047,65.29000091552734,66.20999908447266,307300
2016-12-07,66.33000183105469,67.31999969482422,65.73999786376953,67.01000213623047,536900
2016-12-08,67.27999877929688,67.80000305175781,66.81999969482422,67.45999908447266,404300
2016-12-09,67.37999725341797,67.52999877929688,66.88999938964844,67.19999694824219,413400
2016-12-12,66.8499984741211,68.0,66.63999938964844,67.9800033569336,800000
2016-12-13,68.23999786376953,69.62000274658203,68.16999816894531,69.12999725341797,521700
2016-12-14,69.16000366210938,70.13999938964844,68.31999969482422,68.81999969482422,902500
2016-12-15,68.7699966430664,69.87000274658203,68.13999938964844,69.5,1055400
2016-12-16,70.04000091552734,70.19000244140625,68.72000122070312,68.87999725341797,2146200
2016-12-19,68.77999877929688,69.87000274658203,68.66000366210938,68.91000366210938,487300
2016-12-20,68.91000366210938,69.30000305175781,68.69999694824219,69.08000183105469,402500
2016-12-21,69.0199966430664,69.29000091552734,68.1500015258789,68.3499984741211,396200
2016-12-22,68.45999908447266,69.19000244140625,68.06999969482422,69.05000305175781,490500
2016-12-23,68.9800033569336,69.77999877929688,68.75,69.08999633789062,282200
2016-12-27,69.20999908447266,69.88999938964844,68.80999755859375,68.87000274658203,294400
2016-12-28,68.80999755859375,68.80999755859375,67.72000122070312,67.76000213623047,346700
2016-12-29,67.80000305175781,68.20999908447266,67.23999786376953,67.54000091552734,383700
2016-12-30,67.55000305175781,67.81999969482422,67.22000122070312,67.38999938964844,427000
2017-01-03,67.61000061035156,68.22000122070312,67.08999633789062,68.22000122070312,517800
2017-01-04,68.54000091552734,68.61000061035156,67.75,68.36000061035156,521800
2017-01-05,68.41000366210938,68.66000366210938,67.94999694824219,68.30000305175781,293900
2017-01-06,68.5,68.9800033569336,68.11000061035156,68.48999786376953,438700
2017-01-09,68.55000305175781,69.33999633789062,68.2300033569336,69.04000091552734,367000
2017-01-10,68.86000061035156,69.88999938964844,68.56999969482422,69.44999694824219,336900
2017-01-11,69.54000091552734,69.76000213623047,68.87000274658203,69.16000366210938,476800
2017-01-12,68.55999755859375,68.69999694824219,67.63999938964844,68.5,383700
2017-01-13,68.79000091552734,69.45999908447266,68.51000213623047,69.26000213623047,237000
2017-01-17,68.77999877929688,69.80999755859375,68.56999969482422,69.79000091552734,277300
2017-01-18,70.0,70.16999816894531,69.5199966430664,70.05999755859375,407200
2017-01-19,70.08000183105469,70.51000213623047,69.45999908447266,69.73999786376953,360700
2017-01-20,69.73999786376953,70.0999984741211,68.68000030517578,68.77999877929688,344300
2017-01-23,68.69000244140625,69.58000183105469,68.3499984741211,68.98999786376953,223600
2017-01-24,68.86000061035156,70.13999938964844,68.52999877929688,70.04000091552734,437800
2017-01-25,70.0999984741211,70.66000366210938,70.05999755859375,70.58000183105469,257200
2017-01-26,70.27999877929688,70.66000366210938,70.0,70.16999816894531,232400
2017-01-27,70.41000366210938,70.81999969482422,69.95999908447266,70.2699966430664,355900
2017-01-30,69.9800033569336,70.1500015258789,69.27999877929688,70.02999877929688,321700
2017-01-31,70.0,71.04000091552734,69.8499984741211,70.83000183105469,465900
2017-02-01,71.37000274658203,71.87999725341797,70.97000122070312,71.68000030517578,660700
2017-02-02,71.62000274658203,71.72000122070312,70.97000122070312,71.44999694824219,384600
2017-02-03,71.76000213623047,72.25,71.36000061035156,72.16999816894531,283700
2017-02-06,71.68000030517578,72.3499984741211,71.19000244140625,71.19000244140625,606800
2017-02-07,67.0,67.98999786376953,65.41000366210938,66.31999969482422,2666200
2017-02-08,65.94999694824219,66.69000244140625,65.2699966430664,66.58999633789062,2157600
2017-02-09,66.66000366210938,67.18000030517578,66.36000061035156,67.13999938964844,1226200
2017-02-10,67.27999877929688,67.56999969482422,66.83999633789062,67.16000366210938,662600
2017-02-13,67.45999908447266,67.93000030517578,67.0,67.91000366210938,752600
2017-02-14,67.69000244140625,69.38999938964844,67.5999984741211,68.94000244140625,1269600
2017-02-15,68.77999877929688,69.19999694824219,68.41999816894531,68.72000122070312,496500
2017-02-16,68.86000061035156,68.87999725341797,68.01000213623047,68.44000244140625,442000
2017-02-17,68.36000061035156,68.79000091552734,67.87999725341797,68.55000305175781,674900
2017-02-21,68.58000183105469,69.94000244140625,68.48999786376953,69.80999755859375,788400
2017-02-22,69.7300033569336,70.0999984741211,69.05999755859375,69.37999725341797,357500
2017-02-23,69.62999725341797,69.7300033569336,68.91000366210938,69.41000366210938,318200
2017-02-24,68.18000030517578,70.26000213623047,68.18000030517578,70.25,415000
2017-02-27,70.1500015258789,70.7699966430664,70.05999755859375,70.3499984741211,502100
2017-02-28,70.11000061035156,70.66000366210938,69.6500015258789,70.12999725341797,458900
2017-03-01,70.62999725341797,71.27999877929688,70.33000183105469,71.1500015258789,667400
2017-03-02,71.06999969482422,71.11000061035156,70.58999633789062,70.66000366210938,251200
2017-03-03,70.62000274658203,70.9000015258789,69.81999969482422,70.06999969482422,449800
2017-03-06,69.5199966430664,69.68000030517578,69.05999755859375,69.45999908447266,490100
2017-03-07,69.22000122070312,69.23999786376953,68.77999877929688,68.91000366210938,338600
2017-03-08,69.0199966430664,69.37999725341797,68.48999786376953,68.66000366210938,305900
2017-03-09,68.87000274658203,68.94000244140625,68.37000274658203,68.77999877929688,378300
2017-03-10,69.18000030517578,69.27999877929688,68.19999694824219,68.56999969482422,521300
2017-03-13,68.54000091552734,68.95999908447266,68.01000213623047,68.9000015258789,480600
2017-03-14,68.5999984741211,68.80999755859375,67.87999725341797,68.41999816894531,462100
2017-03-15,68.6500015258789,69.41999816894531,68.38999938964844,69.37000274658203,594900
2017-03-16,69.62999725341797,69.62999725341797,68.41999816894531,68.56999969482422,592600
2017-03-17,68.5,69.05000305175781,68.43000030517578,68.72000122070312,1186700
2017-03-20,68.72000122070312,68.88999938964844,68.11000061035156,68.5999984741211,319900
2017-03-21,69.13999938964844,69.33999633789062,68.26000213623047,68.41999816894531,344900
2017-03-22,68.43000030517578,68.63999938964844,67.94000244140625,68.3499984741211,300600
2017-03-23,68.3499984741211,68.80000305175781,68.19000244140625,68.30999755859375,183900
2017-03-24,68.43000030517578,68.94000244140625,68.13999938964844,68.62999725341797,256400
2017-03-27,68.26000213623047,68.47000122070312,67.66000366210938,68.33999633789062,305400
2017-03-28,67.94999694824219,68.44000244140625,67.66000366210938,67.91999816894531,407900
2017-03-29,67.80999755859375,69.04000091552734,67.55000305175781,68.8499984741211,690700
2017-03-30,68.68000030517578,69.86000061035156,68.58999633789062,69.4800033569336,918000
2017-03-31,69.06999969482422,69.77999877929688,68.98999786376953,69.45999908447266,437300
2017-04-03,69.75,70.25,69.44999694824219,69.9000015258789,623800
2017-04-04,69.7699966430664,70.12000274658203,69.16000366210938,69.5,321000
2017-04-05,69.81999969482422,70.0,69.29000091552734,69.38999938964844,306700
2017-04-06,69.45999908447266,70.05000305175781,69.11000061035156,70.02999877929688,243900
2017-04-07,69.81999969482422,70.19000244140625,69.77999877929688,69.9000015258789,303800
2017-04-10,69.95999908447266,70.16000366210938,69.52999877929688,69.72000122070312,208500
2017-04-11,69.54000091552734,70.23999786376953,69.41000366210938,70.23999786376953,309200
2017-04-12,70.5,70.54000091552734,69.4000015258789,69.72000122070312,341600
2017-04-13,69.58000183105469,69.91000366210938,69.12000274658203,69.22000122070312,250400
2017-04-17,69.4800033569336,70.02999877929688,69.2699966430664,70.0199966430664,339500
2017-04-18,69.86000061035156,70.06999969482422,69.33000183105469,69.91000366210938,185600
2017-04-19,70.18000030517578,70.7699966430664,70.0199966430664,70.52999877929688,218500
2017-04-20,71.0,71.23999786376953,70.47000122070312,70.94999694824219,369900
2017-04-21,70.83000183105469,70.98999786376953,70.29000091552734,70.44000244140625,250900
2017-04-24,71.12999725341797,71.9000015258789,70.79000091552734,71.80000305175781,291600
2017-04-25,71.98999786376953,72.68000030517578,71.5,72.29000091552734,512600
2017-04-26,72.4800033569336,73.3499984741211,72.4800033569336,72.9800033569336,327000
2017-04-27,73.0999984741211,73.95999908447266,72.8499984741211,73.87000274658203,379100
2017-04-28,74.0199966430664,74.87999725341797,73.19000244140625,73.80000305175781,608900
2017-05-01,74.16999816894531,74.70999908447266,73.5,74.16999816894531,378400
2017-05-02,74.05000305175781,74.4000015258789,73.66000366210938,74.38999938964844,505400
2017-05-03,74.97000122070312,75.83000183105469,74.44999694824219,75.26000213623047,1151500
2017-05-04,75.41999816894531,75.68000030517578,74.87999725341797,75.25,407300
2017-05-05,75.6500015258789,75.81999969482422,75.12000274658203,75.70999908447266,584200
2017-05-08,75.7300033569336,75.7300033569336,74.9800033569336,75.30000305175781,651500
2017-05-09,75.08000183105469,77.5,75.08000183105469,75.91999816894531,930700
2017-05-10,75.87999725341797,76.5199966430664,75.4000015258789,76.37999725341797,667000
2017-05-11,76.04000091552734,76.04000091552734,74.80000305175781,75.19000244140625,606200
2017-05-12,74.87999725341797,75.33999633789062,74.66999816894531,75.0,379000
2017-05-15,74.4000015258789,75.56999969482422,74.4000015258789,75.12000274658203,304800
2017-05-16,75.36000061035156,75.54000091552734,74.80000305175781,75.26000213623047,354900
2017-05-17,75.26000213623047,75.26000213623047,74.13999938964844,74.1500015258789,487900
2017-05-18,74.08000183105469,74.88999938964844,73.8499984741211,74.62000274658203,415500
2017-05-19,75.11000061035156,75.83000183105469,74.94000244140625,75.58000183105469,397300
2017-05-22,75.6500015258789,76.29000091552734,75.6500015258789,75.8499984741211,309200
2017-05-23,76.0199966430664,76.48999786376953,75.87999725341797,76.27999877929688,416500
2017-05-24,76.05999755859375,76.86000061035156,76.05999755859375,76.66999816894531,360300
2017-05-25,76.80999755859375,77.48999786376953,76.5199966430664,77.37000274658203,430200
2017-05-26,77.04000091552734,77.37999725341797,76.83000183105469,77.0999984741211,377900
2017-05-30,76.94999694824219,77.26000213623047,76.47000122070312,77.06999969482422,232000
2017-05-31,77.58000183105469,77.91000366210938,77.19999694824219,77.55999755859375,344400
2017-06-01,78.0,79.3499984741211,77.77999877929688,79.26000213623047,618300
2017-06-02,79.5,80.5999984741211,79.2699966430664,79.44999694824219,687600
2017-06-05,79.43000030517578,80.2300033569336,78.94000244140625,79.05999755859375,501800
2017-06-06,78.6500015258789,79.68000030517578,78.6500015258789,78.94999694824219,469700
2017-06-07,79.0999984741211,79.4000015258789,78.86000061035156,79.0199966430664,353000
2017-06-08,78.93000030517578,80.23999786376953,78.69000244140625,80.0999984741211,437300
2017-06-09,80.16000366210938,80.72000122070312,79.22000122070312,79.77999877929688,344100
2017-06-12,79.63999938964844,80.04000091552734,79.19000244140625,79.44000244140625,486200
2017-06-13,79.70999908447266,80.9000015258789,79.68000030517578,80.45999908447266,483300
2017-06-14,80.61000061035156,81.30999755859375,80.61000061035156,80.9000015258789,472100
2017-06-15,80.44000244140625,81.08999633789062,80.08000183105469,80.87999725341797,446500
2017-06-16,80.69000244140625,82.04000091552734,80.69000244140625,81.87999725341797,735800
2017-06-19,82.2699966430664,82.81999969482422,81.95999908447266,82.44999694824219,375200
2017-06-20,82.55999755859375,82.9000015258789,81.22000122070312,81.3499984741211,371100
2017-06-21,81.44999694824219,82.72000122070312,81.44999694824219,81.83999633789062,449700
2017-06-22,81.5999984741211,82.5,81.3499984741211,81.88999938964844,372000
2017-06-23,82.05999755859375,83.4800033569336,81.80000305175781,82.51000213623047,6035200
2017-06-26,82.66999816894531,83.54000091552734,82.4000015258789,83.11000061035156,585100
2017-06-27,82.9800033569336,83.4000015258789,81.37000274658203,81.47000122070312,604500
2017-06-28,81.94999694824219,83.26000213623047,81.58000183105469,82.31999969482422,689800
2017-06-29,82.2300033569336,82.4800033569336,81.08999633789062,81.62999725341797,496900
2017-06-30,82.19000244140625,82.31999969482422,81.5,81.5,421400
2017-07-03,81.5,82.55000305175781,81.44000244140625,81.5,245500
2017-07-05,81.61000061035156,82.75,81.06999969482422,82.38999938964844,608300
2017-07-06,81.69999694824219,82.1500015258789,80.83000183105469,80.83000183105469,599900
2017-07-07,80.88999938964844,82.16000366210938,80.73999786376953,82.0999984741211,367800
2017-07-10,81.83000183105469,82.30999755859375,81.47000122070312,82.05999755859375,410700
2017-07-11,82.05000305175781,82.45999908447266,81.61000061035156,81.91999816894531,302500
2017-07-12,82.41999816894531,83.33000183105469,82.4000015258789,82.95999908447266,408000
2017-07-13,82.91999816894531,83.06999969482422,81.93000030517578,82.22000122070312,500600
2017-07-14,82.19000244140625,82.94999694824219,81.88999938964844,82.52999877929688,312200
2017-07-17,82.80000305175781,82.80000305175781,82.0,82.44999694824219,477100
2017-07-18,82.44000244140625,82.44999694824219,81.7699966430664,81.91000366210938,460200
2017-07-19,82.02999877929688,82.23999786376953,81.55999755859375,81.9800033569336,464400
2017-07-20,82.12000274658203,82.44000244140625,81.83000183105469,82.19000244140625,404500
2017-07-21,82.19000244140625,82.37999725341797,81.69999694824219,82.1500015258789,251200
2017-07-24,82.13999938964844,82.83999633789062,81.8499984741211,82.7699966430664,332300
2017-07-25,82.66000366210938,83.29000091552734,82.52999877929688,83.12999725341797,412700
2017-07-26,82.9800033569336,83.36000061035156,82.45999908447266,82.5,240900
2017-07-27,82.61000061035156,82.61000061035156,81.58000183105469,82.01000213623047,317000
2017-07-28,81.91999816894531,82.4000015258789,81.54000091552734,81.87000274658203,460000
2017-07-31,82.0199966430664,82.11000061035156,81.5999984741211,81.8499984741211,275100
2017-08-01,82.4800033569336,83.41999816894531,82.33999633789062,82.69999694824219,445900
2017-08-02,82.7300033569336,82.7300033569336,81.66000366210938,82.2699966430664,341200
2017-08-03,82.04000091552734,82.61000061035156,81.91000366210938,82.22000122070312,409800
2017-08-04,82.47000122070312,82.5,81.97000122070312,82.4800033569336,230700
2017-08-07,82.44000244140625,82.58999633789062,81.94000244140625,82.20999908447266,667200
2017-08-08,86.69999694824219,87.48999786376953,84.80000305175781,86.69999694824219,1221000
2017-08-09,86.08000183105469,86.7300033569336,85.80000305175781,86.2300033569336,622700
2017-08-10,86.0,86.13999938964844,84.5199966430664,84.63999938964844,322200
2017-08-11,84.41999816894531,85.5999984741211,84.41999816894531,84.94000244140625,358700
2017-08-14,85.7300033569336,86.75,85.36000061035156,85.68000030517578,529500
2017-08-15,85.69999694824219,86.19999694824219,85.55000305175781,85.9800033569336,363300
2017-08-16,85.72000122070312,86.77999877929688,85.69000244140625,86.58000183105469,376400
2017-08-17,86.33000183105469,87.19999694824219,86.22000122070312,86.2300033569336,369700
2017-08-18,86.0,86.58999633789062,85.12000274658203,85.12999725341797,392100
2017-08-21,85.08999633789062,85.2699966430664,84.7300033569336,84.9800033569336,271000
2017-08-22,84.93000030517578,86.47000122070312,84.9000015258789,86.26000213623047,347600
2017-08-23,85.88999938964844,86.11000061035156,85.11000061035156,85.12000274658203,262200
2017-08-24,85.26000213623047,85.30999755859375,84.87000274658203,85.0,270100
2017-08-25,84.95999908447266,85.20999908447266,84.62999725341797,84.91000366210938,423600
2017-08-28,85.0999984741211,85.44999694824219,84.61000061035156,85.22000122070312,660400
2017-08-29,84.83000183105469,85.76000213623047,84.66999816894531,85.45999908447266,330700
2017-08-30,85.44000244140625,86.11000061035156,85.20999908447266,86.0,319700
2017-08-31,86.26000213623047,87.19999694824219,86.16999816894531,87.16000366210938,313600
2017-09-01,87.16999816894531,87.23999786376953,86.6500015258789,86.87999725341797,363500
2017-09-05,86.66999816894531,87.26000213623047,86.05999755859375,87.08999633789062,468000
2017-09-06,87.25,87.2699966430664,86.55000305175781,86.98999786376953,409600
2017-09-07,87.06999969482422,87.16000366210938,86.66000366210938,87.0,298300
2017-09-08,86.91000366210938,87.5199966430664,86.69999694824219,87.05000305175781,531600
2017-09-11,87.70999908447266,88.11000061035156,87.16999816894531,87.4800033569336,397300
2017-09-12,87.62999725341797,87.62999725341797,86.91000366210938,87.41999816894531,256600
2017-09-13,87.22000122070312,87.30999755859375,86.80999755859375,87.08999633789062,431600
2017-09-14,86.86000061035156,87.36000061035156,86.48999786376953,86.80000305175781,318100
2017-09-15,86.80000305175781,86.95999908447266,86.26000213623047,86.63999938964844,390900
2017-09-18,86.9000015258789,87.2300033569336,86.4800033569336,86.7300033569336,288200
2017-09-19,86.83000183105469,87.19000244140625,86.2699966430664,86.9000015258789,495500
2017-09-20,87.02999877929688,87.29000091552734,86.54000091552734,87.08000183105469,448500
2017-09-21,87.08999633789062,87.18000030517578,86.4800033569336,86.76000213623047,391700
2017-09-22,86.70999908447266,87.30000305175781,86.69999694824219,87.04000091552734,405700
2017-09-25,87.0,87.0,86.48999786376953,86.5,322900
2017-09-26,86.81999969482422,87.01000213623047,86.62999725341797,86.77999877929688,450600
2017-09-27,87.06999969482422,87.7300033569336,86.5199966430664,87.61000061035156,445800
2017-09-28,88.08000183105469,88.08000183105469,87.27999877929688,87.66000366210938,286400
2017-09-29,87.66999816894531,88.43000030517578,87.30999755859375,88.4000015258789,454700
2017-10-02,88.69999694824219,88.91999816894531,87.9800033569336,88.80000305175781,381300
2017-10-03,89.04000091552734,89.66999816894531,88.80999755859375,89.63999938964844,437800
2017-10-04,89.61000061035156,90.76000213623047,89.38999938964844,90.31999969482422,457300
2017-10-05,90.30000305175781,91.18000030517578,90.05999755859375,91.0199966430664,438800
2017-10-06,90.91000366210938,91.1500015258789,90.31999969482422,90.51000213623047,271600
2017-10-09,90.37000274658203,90.51000213623047,89.62999725341797,89.91000366210938,216700
2017-10-10,89.83999633789062,90.0199966430664,89.2300033569336,89.9000015258789,465500
2017-10-11,90.06999969482422,90.22000122070312,89.76000213623047,90.0,409400
2017-10-12,90.0,90.73999786376953,89.79000091552734,90.5999984741211,250200
2017-10-13,90.37999725341797,90.93000030517578,89.29000091552734,89.48999786376953,450500
2017-10-16,89.97000122070312,90.76000213623047,89.66000366210938,90.66999816894531,269900
2017-10-17,90.3499984741211,90.97000122070312,90.3499984741211,90.79000091552734,233400
2017-10-18,90.9800033569336,90.9800033569336,90.20999908447266,90.5,287300
2017-10-19,90.44000244140625,90.66000366210938,90.0,90.5999984741211,319500
2017-10-20,91.0,91.48999786376953,90.81999969482422,91.23999786376953,214700
2017-10-23,91.51000213623047,92.19999694824219,91.08999633789062,91.2699966430664,242800
2017-10-24,91.2699966430664,91.55999755859375,90.30000305175781,91.2300033569336,275600
2017-10-25,91.16000366210938,91.33000183105469,90.33999633789062,91.06999969482422,334000
2017-10-26,90.97000122070312,92.0,90.97000122070312,91.19999694824219,306100
2017-10-27,91.27999877929688,92.95999908447266,91.19999694824219,92.80000305175781,386200
2017-10-30,92.54000091552734,92.58999633789062,91.44000244140625,92.12999725341797,338600
2017-10-31,92.13999938964844,93.38999938964844,91.69999694824219,93.33000183105469,522100
2017-11-01,91.61000061035156,91.73999786376953,87.16000366210938,89.25,1042300
2017-11-02,89.61000061035156,90.41999816894531,87.62999725341797,87.72000122070312,697800
2017-11-03,87.72000122070312,89.36000061035156,87.41000366210938,88.62999725341797,467200
2017-11-06,88.2300033569336,88.80000305175781,87.01000213623047,87.19999694824219,345000
2017-11-07,87.30999755859375,87.45999908447266,86.9000015258789,87.30999755859375,299300
2017-11-08,87.30999755859375,87.75,86.68000030517578,87.69000244140625,239800
2017-11-09,87.5999984741211,88.33999633789062,87.2300033569336,88.1500015258789,365200
2017-11-10,88.1500015258789,88.1500015258789,86.33999633789062,86.8499984741211,235400
2017-11-13,86.58000183105469,87.69999694824219,86.0199966430664,87.52999877929688,353400
2017-11-14,87.31999969482422,88.30999755859375,86.94999694824219,88.26000213623047,315900
2017-11-15,87.79000091552734,87.94999694824219,86.95999908447266,87.61000061035156,241100
2017-11-16,87.83999633789062,88.44999694824219,87.5999984741211,87.88999938964844,320800
2017-11-17,87.44999694824219,88.05999755859375,87.18000030517578,87.8499984741211,245500
2017-11-20,87.94999694824219,88.26000213623047,87.25,88.13999938964844,188300
2017-11-21,88.0,88.62000274658203,88.0,88.58000183105469,290400
2017-11-22,88.38999938964844,88.38999938964844,87.58000183105469,87.9000015258789,237400
2017-11-24,87.91000366210938,88.58999633789062,87.6500015258789,88.4800033569336,89200
2017-11-27,88.44000244140625,88.86000061035156,88.2300033569336,88.44999694824219,199500
2017-11-28,88.80000305175781,88.93000030517578,87.9800033569336,88.93000030517578,162700
2017-11-29,88.93000030517578,89.8499984741211,88.8499984741211,89.44000244140625,222600
2017-11-30,89.51000213623047,90.3499984741211,89.30000305175781,89.95999908447266,324000
2017-12-01,90.06999969482422,90.06999969482422,87.91000366210938,89.6500015258789,243100
2017-12-04,90.0,90.62999725341797,89.3499984741211,89.47000122070312,355900
2017-12-05,89.4000015258789,90.08000183105469,88.80999755859375,89.08000183105469,239200
2017-12-06,88.9800033569336,89.56999969482422,88.80999755859375,89.0,333000
2017-12-07,89.18000030517578,89.18000030517578,88.41000366210938,88.73999786376953,280400
2017-12-08,88.83000183105469,89.23999786376953,88.31999969482422,88.44999694824219,317900
2017-12-11,88.29000091552734,88.73999786376953,87.73999786376953,87.83000183105469,416800
2017-12-12,87.91999816894531,88.2699966430664,87.66999816894531,87.9000015258789,402000
2017-12-13,87.95999908447266,88.91000366210938,87.86000061035156,87.93000030517578,444100
2017-12-14,88.01000213623047,88.83999633789062,87.5199966430664,87.56999969482422,369500
2017-12-15,87.66999816894531,89.7699966430664,87.61000061035156,89.19000244140625,1150400
2017-12-18,89.41999816894531,90.61000061035156,88.98999786376953,89.08999633789062,324500
2017-12-19,89.3499984741211,90.30000305175781,89.22000122070312,89.9800033569336,314100
2017-12-20,90.5,90.54000091552734,88.98999786376953,89.29000091552734,271000
2017-12-21,89.20999908447266,89.79000091552734,88.18000030517578,88.25,302500
2017-12-22,88.38999938964844,88.4800033569336,87.52999877929688,88.12999725341797,427500
2017-12-26,87.97000122070312,88.62999725341797,87.80000305175781,87.87000274658203,173000
2017-12-27,87.87000274658203,88.54000091552734,87.61000061035156,88.33000183105469,183900
2017-12-28,88.62999725341797,88.62999725341797,87.58000183105469,88.2699966430664,193700
2017-12-29,88.2300033569336,88.80000305175781,87.43000030517578,87.47000122070312,207600
2018-01-02,88.2300033569336,88.55000305175781,87.70999908447266,88.30999755859375,377800
2018-01-03,87.0,88.08999633789062,86.26000213623047,87.13999938964844,498400
2018-01-04,87.61000061035156,87.79000091552734,86.5,86.58999633789062,400600
2018-01-05,86.58999633789062,87.18000030517578,86.44000244140625,86.94999694824219,509000
2018-01-08,87.37999725341797,89.0999984741211,86.87000274658203,88.80999755859375,399700
2018-01-09,89.30000305175781,90.44000244140625,88.72000122070312,89.95999908447266,506900
2018-01-10,89.81999969482422,90.12000274658203,89.0999984741211,90.05999755859375,311800
2018-01-11,89.9800033569336,90.66000366210938,89.87999725341797,90.43000030517578,268300
2018-01-12,90.75,91.80999755859375,90.45999908447266,91.66999816894531,263300
2018-01-16,91.68000030517578,93.70999908447266,91.2300033569336,91.70999908447266,401000
2018-01-17,92.2699966430664,92.88999938964844,91.83999633789062,91.9000015258789,193600
2018-01-18,91.88999938964844,92.06999969482422,91.01000213623047,91.43000030517578,309300
2018-01-19,91.93000030517578,92.22000122070312,91.19999694824219,91.95999908447266,269000
2018-01-22,91.51000213623047,92.61000061035156,91.41999816894531,91.8499984741211,311200
2018-01-23,91.91000366210938,92.4800033569336,91.5,91.61000061035156,188400
2018-01-24,91.98999786376953,92.3499984741211,91.3499984741211,91.69999694824219,326200
2018-01-25,92.37999725341797,92.9800033569336,91.44000244140625,91.8499984741211,866200
2018-01-26,92.19000244140625,92.41999816894531,91.44000244140625,92.0999984741211,225800
2018-01-29,92.08999633789062,93.16000366210938,92.08999633789062,92.72000122070312,213800
2018-01-30,92.16999816894531,92.79000091552734,91.91999816894531,92.30999755859375,254000
2018-01-31,92.58000183105469,92.91000366210938,90.88999938964844,90.91999816894531,346000
2018-02-01,90.62000274658203,91.58999633789062,89.66000366210938,91.38999938964844,216900
2018-02-02,91.11000061035156,91.5999984741211,90.51000213623047,90.5999984741211,267000
2018-02-05,89.94999694824219,90.51000213623047,87.62999725341797,88.08000183105469,433400
2018-02-06,86.80999755859375,88.6500015258789,85.5199966430664,88.33000183105469,460300
2018-02-07,87.5999984741211,88.7699966430664,83.91999816894531,86.16999816894531,974500
2018-02-08,86.80999755859375,87.69000244140625,84.16999816894531,84.19000244140625,600900
2018-02-09,84.62999725341797,86.23999786376953,82.87999725341797,85.56999969482422,599000
2018-02-12,85.80000305175781,86.56999969482422,84.86000061035156,85.86000061035156,298700
2018-02-13,85.58999633789062,86.05000305175781,83.44000244140625,85.6500015258789,488300
2018-02-14,85.66999816894531,88.47000122070312,85.4000015258789,88.33000183105469,468800
2018-02-15,88.66000366210938,89.62999725341797,87.7699966430664,89.48999786376953,355900
2018-02-16,89.48999786376953,90.91000366210938,89.25,90.11000061035156,268300
2018-02-20,90.05999755859375,90.05999755859375,88.80999755859375,89.51000213623047,343500
2018-02-21,89.6500015258789,91.41999816894531,89.47000122070312,90.12000274658203,385100
2018-02-22,90.44999694824219,91.91000366210938,90.22000122070312,90.63999938964844,389200
2018-02-23,90.87999725341797,91.9000015258789,90.69000244140625,91.77999877929688,228700
2018-02-26,92.44999694824219,92.87000274658203,91.08999633789062,92.55000305175781,232100
2018-02-27,92.20999908447266,92.69000244140625,91.80000305175781,92.02999877929688,250600
2018-02-28,92.0,92.7699966430664,91.20999908447266,91.30000305175781,258900
2018-03-01,91.0999984741211,91.43000030517578,89.02999877929688,90.12000274658203,406700
2018-03-02,89.4000015258789,90.44999694824219,88.91999816894531,89.76000213623047,280900
2018-03-05,89.37000274658203,91.08999633789062,89.12999725341797,90.91999816894531,332600
2018-03-06,91.11000061035156,93.2300033569336,90.44999694824219,93.1500015258789,507100
2018-03-07,92.48999786376953,93.52999877929688,92.45999908447266,92.76000213623047,518000
2018-03-08,93.37000274658203,93.88999938964844,92.55000305175781,93.44999694824219,284400
2018-03-09,94.08999633789062,95.41000366210938,93.80999755859375,95.19999694824219,412600
2018-03-12,95.44999694824219,96.33999633789062,95.22000122070312,95.8499984741211,335500
2018-03-13,96.02999877929688,96.43000030517578,94.69999694824219,95.0199966430664,360300
2018-03-14,95.26000213623047,95.58000183105469,94.4800033569336,94.91000366210938,222100
2018-03-15,95.11000061035156,95.44000244140625,94.8499984741211,95.08000183105469,183100
2018-03-16,95.2699966430664,95.72000122070312,95.0,95.27999877929688,397300
2018-03-19,95.02999877929688,95.0999984741211,94.01000213623047,94.69999694824219,270200
2018-03-20,94.62999725341797,95.37000274658203,94.20999908447266,94.63999938964844,175200
2018-03-21,94.6500015258789,95.12999725341797,93.80999755859375,93.80999755859375,276600
2018-03-22,93.44000244140625,93.80000305175781,91.91999816894531,92.05999755859375,568700
2018-03-23,92.2300033569336,92.58000183105469,89.66999816894531,89.69000244140625,410600
2018-03-26,90.9800033569336,91.68000030517578,89.87000274658203,91.52999877929688,474700
2018-03-27,91.47000122070312,91.62000274658203,90.01000213623047,90.41999816894531,472500
2018-03-28,90.70999908447266,91.61000061035156,90.19999694824219,91.19999694824219,295800
2018-03-29,91.62000274658203,93.75,91.4000015258789,93.36000061035156,533700
2018-04-02,93.95999908447266,94.22000122070312,90.54000091552734,91.0199966430664,406300
2018-04-03,91.5199966430664,92.94999694824219,90.93000030517578,92.45999908447266,407000
2018-04-04,91.5199966430664,93.06999969482422,91.0999984741211,92.87999725341797,261500
2018-04-05,93.56999969482422,94.81999969482422,92.87000274658203,94.19999694824219,461700
2018-04-06,93.4000015258789,93.94000244140625,91.18000030517578,92.25,293600
2018-04-09,92.48999786376953,94.12000274658203,92.48999786376953,93.0999984741211,215900
2018-04-10,93.91999816894531,94.87000274658203,93.86000061035156,94.25,315500
2018-04-11,93.5999984741211,93.97000122070312,93.08000183105469,93.75,228600
2018-04-12,94.19000244140625,94.91999816894531,93.87000274658203,94.38999938964844,428100
2018-04-13,94.73999786376953,95.05999755859375,94.02999877929688,94.41000366210938,209200
2018-04-16,95.37000274658203,96.20999908447266,94.80000305175781,95.88999938964844,229900
2018-04-17,96.1500015258789,97.47000122070312,95.66000366210938,96.95999908447266,201200
2018-04-18,97.44999694824219,97.44999694824219,96.66000366210938,96.86000061035156,285400
2018-04-19,96.9000015258789,96.9000015258789,95.7300033569336,96.22000122070312,466100
2018-04-20,96.16999816894531,96.91000366210938,95.77999877929688,96.04000091552734,228600
2018-04-23,96.44999694824219,97.12000274658203,95.58000183105469,96.43000030517578,190700
2018-04-24,96.91999816894531,97.08999633789062,94.45999908447266,95.2699966430664,305400
2018-04-25,94.93000030517578,95.33999633789062,94.02999877929688,95.0999984741211,578400
2018-04-26,95.22000122070312,96.63999938964844,94.69999694824219,95.93000030517578,324800
2018-04-27,96.41000366210938,96.5199966430664,95.08000183105469,95.41000366210938,310600
2018-04-30,95.55999755859375,96.0,94.51000213623047,94.5199966430664,281500
2018-05-01,94.18000030517578,95.4000015258789,94.0999984741211,95.0999984741211,248500
2018-05-02,95.08000183105469,95.31999969482422,94.48999786376953,94.9000015258789,358100
2018-05-03,94.41000366210938,95.20999908447266,93.5,94.44000244140625,317500
2018-05-04,94.31999969482422,96.9000015258789,93.83000183105469,96.55999755859375,378100
2018-05-07,96.44999694824219,97.41999816894531,96.25,97.04000091552734,455800
2018-05-08,97.04000091552734,98.55999755859375,96.61000061035156,98.0999984741211,826900
2018-05-09,97.5,101.94000244140625,96.94999694824219,101.0199966430664,796200
2018-05-10,101.19999694824219,103.31999969482422,101.01000213623047,102.66999816894531,764900
2018-05-11,102.6500015258789,104.08999633789062,102.11000061035156,103.69999694824219,404700
2018-05-14,104.0,104.30999755859375,102.4000015258789,102.5999984741211,560400
2018-05-15,102.12000274658203,102.30000305175781,100.80000305175781,101.23999786376953,557100
2018-05-16,101.37999725341797,103.25,101.27999877929688,102.91999816894531,585100
2018-05-17,103.0199966430664,103.66999816894531,102.45999908447266,103.2699966430664,388800
2018-05-18,103.13999938964844,103.81999969482422,103.11000061035156,103.45999908447266,361700
2018-05-21,104.1500015258789,105.08999633789062,103.5199966430664,104.66000366210938,474400
2018-05-22,104.83000183105469,105.01000213623047,103.79000091552734,104.08000183105469,240500
2018-05-23,103.52999877929688,104.87999725341797,103.52999877929688,104.68000030517578,229400
2018-05-24,104.77999877929688,105.37999725341797,104.12000274658203,104.48999786376953,295200
2018-05-25,104.20999908447266,105.38999938964844,103.18000030517578,103.69000244140625,249400
2018-05-29,102.97000122070312,104.16000366210938,102.52999877929688,103.97000122070312,398100
2018-05-30,104.33999633789062,105.4800033569336,104.33999633789062,104.56999969482422,308600
2018-05-31,104.54000091552734,104.93000030517578,103.83000183105469,103.83999633789062,356700
2018-06-01,104.75,105.31999969482422,104.08000183105469,104.56999969482422,319800
2018-06-04,104.91999816894531,105.36000061035156,104.37000274658203,105.12999725341797,335000
2018-06-05,105.20999908447266,105.8499984741211,104.58000183105469,105.62000274658203,305100
2018-06-06,105.69999694824219,106.4800033569336,105.30000305175781,106.30000305175781,273600
2018-06-07,105.9000015258789,106.16000366210938,104.04000091552734,104.69999694824219,300500
2018-06-08,104.72000122070312,106.7300033569336,104.72000122070312,106.56999969482422,352000
2018-06-11,106.52999877929688,107.16000366210938,105.83999633789062,106.81999969482422,180300
2018-06-12,106.80000305175781,107.62000274658203,105.97000122070312,106.05999755859375,372100
2018-06-13,106.0999984741211,106.94999694824219,105.19999694824219,105.37000274658203,393200
2018-06-14,105.94999694824219,106.68000030517578,105.56999969482422,106.62999725341797,257600
2018-06-15,106.58999633789062,106.5999984741211,105.48999786376953,106.06999969482422,539200
2018-06-18,105.8499984741211,107.72000122070312,105.36000061035156,107.54000091552734,250900
2018-06-19,106.55999755859375,107.38999938964844,106.26000213623047,106.75,555600
2018-06-20,107.58000183105469,107.58000183105469,106.30000305175781,106.97000122070312,319900
2018-06-21,106.91999816894531,107.47000122070312,106.2300033569336,106.81999969482422,370900
2018-06-22,107.30000305175781,107.97000122070312,106.33999633789062,106.4800033569336,594500
2018-06-25,106.37999725341797,106.37999725341797,104.58000183105469,105.0,344300
2018-06-26,105.11000061035156,106.19000244140625,104.51000213623047,104.75,1171400
2018-06-27,104.80999755859375,105.29000091552734,103.16999816894531,103.19999694824219,630900
2018-06-28,103.11000061035156,103.9800033569336,102.80000305175781,103.45999908447266,519600
2018-06-29,103.6500015258789,106.02999877929688,103.56999969482422,105.01000213623047,466300
2018-07-02,104.87999725341797,106.97000122070312,104.79000091552734,106.69000244140625,409700
2018-07-03,107.0199966430664,107.33999633789062,106.0999984741211,106.2699966430664,165300
2018-07-05,106.81999969482422,106.81999969482422,105.83999633789062,106.66999816894531,405900
2018-07-06,106.94999694824219,108.69999694824219,106.83000183105469,108.62000274658203,337000
2018-07-09,108.77999877929688,109.38999938964844,108.66000366210938,109.01000213623047,331000
2018-07-10,109.76000213623047,110.36000061035156,109.05999755859375,109.68000030517578,264400
2018-07-11,109.08000183105469,109.83000183105469,108.69000244140625,109.23999786376953,194400
2018-07-12,109.98999786376953,110.5,109.41000366210938,110.16999816894531,240400
2018-07-13,110.06999969482422,111.02999877929688,109.62999725341797,110.37999725341797,300200
2018-07-16,111.19000244140625,111.19000244140625,109.62000274658203,109.72000122070312,280300
2018-07-17,109.72000122070312,110.51000213623047,109.27999877929688,110.19999694824219,357600
2018-07-18,110.12999725341797,110.73999786376953,109.61000061035156,110.48999786376953,252400
2018-07-19,110.62000274658203,111.55999755859375,110.41000366210938,111.30999755859375,314300
2018-07-20,111.27999877929688,112.08000183105469,111.0,111.95999908447266,232700
2018-07-23,111.72000122070312,112.97000122070312,111.01000213623047,112.5199966430664,270000
2018-07-24,113.05999755859375,113.26000213623047,111.94000244140625,112.69999694824219,376700
2018-07-25,112.81999969482422,113.55999755859375,112.5,113.16000366210938,556800
2018-07-26,113.37999725341797,114.29000091552734,112.9800033569336,113.5,378900
2018-07-27,113.4000015258789,113.4000015258789,111.4000015258789,112.81999969482422,688900
2018-07-30,112.87999725341797,113.25,112.11000061035156,112.19999694824219,273100
2018-07-31,112.62000274658203,114.88999938964844,111.81999969482422,114.47000122070312,386200
2018-08-01,114.36000061035156,115.20999908447266,113.83999633789062,115.01000213623047,320000
2018-08-02,114.51000213623047,117.11000061035156,114.47000122070312,116.4000015258789,458500
2018-08-03,115.69999694824219,116.80000305175781,115.08999633789062,116.75,538800
2018-08-06,117.0,117.4800033569336,115.94999694824219,116.19999694824219,720600
2018-08-07,116.54000091552734,116.75,114.8499984741211,115.5199966430664,764100
2018-08-08,112.75,113.81999969482422,105.9800033569336,113.38999938964844,717500
2018-08-09,116.1500015258789,117.36000061035156,114.66000366210938,114.73999786376953,530800
2018-08-10,113.91000366210938,115.6500015258789,113.76000213623047,114.83000183105469,472300
2018-08-13,114.5999984741211,115.75,114.01000213623047,114.27999877929688,393500
2018-08-14,114.38999938964844,115.19000244140625,114.23999786376953,114.54000091552734,690700
2018-08-15,114.16999816894531,114.5,112.62000274658203,113.0,442700
2018-08-16,113.37999725341797,114.0,112.55000305175781,113.3499984741211,514600
2018-08-17,113.43000030517578,114.23999786376953,112.7300033569336,114.11000061035156,403900
2018-08-20,114.48999786376953,114.94000244140625,114.12999725341797,114.30000305175781,164000
2018-08-21,114.98999786376953,115.30999755859375,114.3499984741211,115.02999877929688,339300
2018-08-22,114.5999984741211,115.62000274658203,114.41000366210938,115.44000244140625,162900
2018-08-23,115.4000015258789,115.9800033569336,115.11000061035156,115.37999725341797,150000
2018-08-24,115.19999694824219,115.7699966430664,114.12000274658203,114.94999694824219,305000
2018-08-27,115.44999694824219,115.87999725341797,114.91999816894531,115.08999633789062,232000
2018-08-28,114.9800033569336,115.48999786376953,114.44000244140625,114.93000030517578,212200
2018-08-29,115.20999908447266,115.2699966430664,114.4800033569336,114.98999786376953,160000
2018-08-30,114.75,114.95999908447266,114.11000061035156,114.23999786376953,258900
2018-08-31,114.08999633789062,114.80999755859375,113.54000091552734,114.41999816894531,205700
2018-09-04,114.38999938964844,114.98999786376953,113.29000091552734,113.77999877929688,196600
2018-09-05,113.12000274658203,113.16000366210938,112.04000091552734,112.97000122070312,199500
2018-09-06,112.97000122070312,113.87999725341797,112.52999877929688,113.33999633789062,215400
2018-09-07,113.08999633789062,114.5,112.97000122070312,113.31999969482422,198900
2018-09-10,113.6500015258789,113.68000030517578,112.72000122070312,113.06999969482422,184900
2018-09-11,112.87999725341797,114.12999725341797,112.86000061035156,113.83999633789062,250000
2018-09-12,114.0199966430664,114.1500015258789,112.55000305175781,113.3499984741211,241000
2018-09-13,113.69000244140625,114.26000213623047,112.83000183105469,113.0999984741211,262400
2018-09-14,113.12999725341797,115.62000274658203,113.12999725341797,115.25,477300
2018-09-17,115.20999908447266,115.20999908447266,112.98999786376953,113.0999984741211,360000
2018-09-18,112.83000183105469,115.0199966430664,112.30000305175781,114.55000305175781,417000
2018-09-19,114.68000030517578,114.83999633789062,113.16999816894531,113.58999633789062,215800
2018-09-20,114.08999633789062,114.45999908447266,113.9000015258789,114.26000213623047,277500
2018-09-21,114.20999908447266,114.58000183105469,113.79000091552734,113.97000122070312,546200
2018-09-24,113.88999938964844,114.20999908447266,113.23999786376953,114.11000061035156,286800
2018-09-25,114.08999633789062,115.0,113.94000244140625,114.4800033569336,271300
2018-09-26,114.68000030517578,114.87999725341797,113.56999969482422,113.5999984741211,252400
2018-09-27,113.73999786376953,114.05999755859375,112.69000244140625,113.47000122070312,336100
2018-09-28,113.44000244140625,115.0,113.44000244140625,114.4000015258789,274800
2018-10-01,115.0199966430664,115.4000015258789,113.81999969482422,114.16000366210938,303300
2018-10-02,113.97000122070312,114.13999938964844,112.5,112.79000091552734,276800
2018-10-03,113.0199966430664,113.51000213623047,111.02999877929688,111.26000213623047,221900
2018-10-04,110.88999938964844,111.05999755859375,108.80999755859375,109.30999755859375,337700
2018-10-05,109.4800033569336,109.87999725341797,108.37000274658203,108.98999786376953,318400
2018-10-08,108.72000122070312,109.44999694824219,106.18000030517578,107.70999908447266,378900
2018-10-09,107.7300033569336,108.16999816894531,106.25,107.70999908447266,351000
2018-10-10,107.6500015258789,107.83999633789062,104.79000091552734,104.97000122070312,402300
2018-10-11,104.66000366210938,106.8499984741211,104.30999755859375,104.76000213623047,670400
2018-10-12,106.45999908447266,106.63999938964844,104.80000305175781,106.0999984741211,469300
2018-10-15,105.69000244140625,107.33999633789062,105.16000366210938,106.44000244140625,307200
2018-10-16,107.31999969482422,110.43000030517578,107.0999984741211,110.2300033569336,338800
2018-10-17,110.12000274658203,110.80000305175781,109.3499984741211,110.01000213623047,264100
2018-10-18,109.94999694824219,110.37999725341797,108.22000122070312,108.63999938964844,290200
2018-10-19,109.06999969482422,109.38999938964844,106.25,106.68000030517578,332600
2018-10-22,106.93000030517578,106.93000030517578,105.5999984741211,105.68000030517578,310600
2018-10-23,104.58999633789062,106.38999938964844,103.36000061035156,105.41000366210938,409000
2018-10-24,105.27999877929688,107.7699966430664,105.27999877929688,106.38999938964844,515300
2018-10-25,106.94000244140625,108.41000366210938,105.55999755859375,107.80000305175781,602200
2018-10-26,107.0,107.69000244140625,105.36000061035156,105.81999969482422,307200
2018-10-29,107.20999908447266,108.19000244140625,106.41000366210938,107.94000244140625,345300
2018-10-30,107.94999694824219,108.77999877929688,106.83000183105469,107.83000183105469,326900
2018-10-31,108.97000122070312,109.9800033569336,107.86000061035156,109.30999755859375,449900
2018-11-01,109.62999725341797,111.94000244140625,109.62999725341797,111.7699966430664,498300
2018-11-02,112.45999908447266,113.36000061035156,110.58000183105469,111.87000274658203,280100
2018-11-05,111.87000274658203,112.66999816894531,111.22000122070312,112.04000091552734,350500
2018-11-06,111.55000305175781,117.95999908447266,111.55000305175781,117.45999908447266,754100
2018-11-07,118.0,120.97000122070312,117.55000305175781,119.88999938964844,630000
2018-11-08,119.83000183105469,121.66999816894531,119.83000183105469,120.69999694824219,521400
2018-11-09,120.66999816894531,121.19999694824219,119.44000244140625,120.3499984741211,495900
2018-11-12,120.31999969482422,121.11000061035156,118.88999938964844,119.94000244140625,500000
2018-11-13,121.0,121.2699966430664,118.3499984741211,118.54000091552734,419700
2018-11-14,119.48999786376953,119.48999786376953,115.6500015258789,116.41000366210938,503700
2018-11-15,115.68000030517578,118.44000244140625,115.43000030517578,118.1500015258789,348700
2018-11-16,117.76000213623047,119.37000274658203,117.51000213623047,118.37000274658203,703600
2018-11-19,118.37000274658203,118.47000122070312,115.31999969482422,115.75,343500
2018-11-20,115.30999755859375,115.30999755859375,112.31999969482422,112.68000030517578,483300
2018-11-21,112.94000244140625,113.75,112.08000183105469,113.25,334100
2018-11-23,112.37000274658203,114.3499984741211,112.37000274658203,113.36000061035156,111000
2018-11-26,114.73999786376953,115.01000213623047,113.30000305175781,114.04000091552734,427900
2018-11-27,113.5,115.05999755859375,113.0,114.80999755859375,279600
2018-11-28,115.38999938964844,119.30999755859375,115.38999938964844,119.0,645300
2018-11-29,118.27999877929688,120.97000122070312,118.08000183105469,119.54000091552734,579600
2018-11-30,119.69999694824219,120.83000183105469,118.52999877929688,119.08000183105469,516600
2018-12-03,119.66000366210938,120.47000122070312,118.55000305175781,120.30999755859375,479300
2018-12-04,120.45999908447266,121.08000183105469,117.66000366210938,119.19000244140625,387600
2018-12-06,118.2699966430664,121.26000213623047,115.63999938964844,118.12000274658203,647900
2018-12-07,117.26000213623047,118.29000091552734,112.98999786376953,113.94000244140625,536000
2018-12-10,114.05000305175781,115.48999786376953,112.41000366210938,115.0999984741211,340900
2018-12-11,116.45999908447266,116.95999908447266,114.18000030517578,114.55999755859375,429700
2018-12-12,116.20999908447266,118.75,115.91000366210938,117.01000213623047,469400
2018-12-13,117.62000274658203,118.20999908447266,113.44999694824219,114.44000244140625,317200
2018-12-14,113.80000305175781,115.45999908447266,112.58999633789062,113.1500015258789,577400
2018-12-17,112.33000183105469,112.9000015258789,110.08999633789062,110.55000305175781,438300
2018-12-18,111.6500015258789,111.93000030517578,108.18000030517578,109.08000183105469,570100
2018-12-19,109.61000061035156,111.0,107.06999969482422,108.13999938964844,386000
2018-12-20,107.94000244140625,108.25,104.05999755859375,105.02999877929688,593900
2018-12-21,105.02999877929688,106.7699966430664,102.63999938964844,102.81999969482422,1196500
2018-12-24,102.18000030517578,102.43000030517578,99.45999908447266,99.58000183105469,232700
2018-12-26,99.77999877929688,103.38999938964844,99.13999938964844,103.33999633789062,661800
2018-12-27,102.05999755859375,104.80000305175781,100.7300033569336,104.77999877929688,416500
2018-12-28,104.70999908447266,106.11000061035156,103.25,105.20999908447266,387200
2018-12-31,105.9000015258789,106.9800033569336,105.5199966430664,106.8499984741211,360100
2019-01-02,105.6500015258789,105.6500015258789,103.05999755859375,104.13999938964844,323100
2019-01-03,103.66000366210938,103.66000366210938,100.91000366210938,101.4800033569336,312600
2019-01-04,102.37999725341797,105.08000183105469,102.37999725341797,103.91000366210938,569100
2019-01-07,103.55000305175781,105.41000366210938,103.08999633789062,104.13999938964844,386800
2019-01-08,104.9800033569336,106.8499984741211,104.08000183105469,106.70999908447266,454900
2019-01-09,107.54000091552734,108.38999938964844,107.16999816894531,107.55000305175781,316400
2019-01-10,107.33999633789062,109.18000030517578,106.72000122070312,109.02999877929688,219800
2019-01-11,108.58999633789062,110.0,108.52999877929688,110.0,410300
2019-01-14,109.29000091552734,109.70999908447266,107.81999969482422,107.83000183105469,284600
2019-01-15,108.2300033569336,109.68000030517578,107.79000091552734,109.66000366210938,424900
2019-01-16,110.19000244140625,111.93000030517578,110.19000244140625,111.25,369500
2019-01-17,110.51000213623047,113.55999755859375,110.44000244140625,112.6500015258789,526100
2019-01-18,113.54000091552734,114.11000061035156,112.27999877929688,112.80000305175781,477100
2019-01-22,112.05999755859375,112.91000366210938,111.37000274658203,112.69999694824219,251500
2019-01-23,113.04000091552734,114.66000366210938,112.77999877929688,113.44999694824219,354100
2019-01-24,113.6500015258789,114.91999816894531,113.45999908447266,114.75,328200
2019-01-25,114.7699966430664,116.95999908447266,114.7699966430664,116.12999725341797,327400
2019-01-28,115.27999877929688,116.25,114.23999786376953,114.9800033569336,451000
2019-01-29,115.0,115.66999816894531,113.33000183105469,113.9800033569336,473800
2019-01-30,114.4800033569336,115.18000030517578,112.25,113.63999938964844,364000
2019-01-31,113.69000244140625,115.30000305175781,112.61000061035156,114.05999755859375,545800
2019-02-01,114.13999938964844,115.12000274658203,113.55000305175781,114.7300033569336,349600
2019-02-04,114.2300033569336,115.58999633789062,113.26000213623047,115.45999908447266,291500
2019-02-05,115.94999694824219,118.51000213623047,115.2699966430664,118.11000061035156,559400
2019-02-06,117.91999816894531,119.0199966430664,117.79000091552734,118.58999633789062,529400
2019-02-07,118.19999694824219,119.54000091552734,117.4800033569336,119.1500015258789,553100
2019-02-08,118.47000122070312,118.72000122070312,117.75,118.58999633789062,355900
2019-02-11,119.02999877929688,120.68000030517578,118.58999633789062,119.86000061035156,789400
2019-02-12,121.16999816894531,123.5,119.55999755859375,120.80000305175781,1029300
2019-02-13,120.54000091552734,121.19999694824219,119.5999984741211,120.19000244140625,578700
2019-02-14,119.45999908447266,121.4000015258789,118.77999877929688,121.04000091552734,419800
2019-02-15,121.81999969482422,122.41000366210938,121.33000183105469,122.27999877929688,311900
2019-02-19,122.0,123.52999877929688,121.66999816894531,122.51000213623047,373300
2019-02-20,122.1500015258789,123.3499984741211,121.7699966430664,122.8499984741211,277000
2019-02-21,122.54000091552734,123.41999816894531,121.83999633789062,122.37999725341797,317400
2019-02-22,122.30000305175781,123.45999908447266,121.68000030517578,122.38999938964844,362000
2019-02-25,123.0,123.75,121.41999816894531,121.95999908447266,479000
2019-02-26,121.51000213623047,121.55999755859375,120.31999969482422,120.55999755859375,300300
2019-02-27,120.45999908447266,120.93000030517578,119.79000091552734,120.62000274658203,272600
2019-02-28,120.36000061035156,121.56999969482422,120.05999755859375,120.95999908447266,395100
2019-03-01,121.97000122070312,122.9000015258789,120.44000244140625,122.5999984741211,349600
2019-03-04,122.83999633789062,123.16999816894531,120.81999969482422,122.02999877929688,356200
2019-03-05,121.86000061035156,122.55999755859375,120.25,121.27999877929688,175400
2019-03-06,121.31999969482422,121.33999633789062,119.6500015258789,120.05999755859375,460700
2019-03-07,120.05999755859375,120.66999816894531,119.48999786376953,119.80000305175781,199900
2019-03-08,118.93000030517578,119.76000213623047,118.18000030517578,119.16999816894531,344500
2019-03-11,119.51000213623047,121.04000091552734,119.06999969482422,120.9800033569336,219500
2019-03-12,121.08000183105469,122.37000274658203,120.5,122.2300033569336,260200
2019-03-13,122.69000244140625,123.63999938964844,122.3499984741211,122.80999755859375,578100
2019-03-14,122.7300033569336,123.70999908447266,121.79000091552734,123.55000305175781,381200
2019-03-15,124.0,124.26000213623047,122.7699966430664,123.37999725341797,650400
2019-03-18,123.55999755859375,123.55999755859375,121.54000091552734,123.2300033569336,539900
2019-03-19,123.5,123.68000030517578,122.55999755859375,123.30999755859375,168200
2019-03-20,122.30000305175781,124.48999786376953,122.30000305175781,123.22000122070312,262100
2019-03-21,122.87999725341797,125.48999786376953,122.87999725341797,125.16000366210938,496300
2019-03-22,124.54000091552734,124.87999725341797,122.97000122070312,123.0199966430664,272800
2019-03-25,122.58000183105469,122.87000274658203,121.29000091552734,122.44000244140625,331500
2019-03-26,123.54000091552734,123.73999786376953,122.33999633789062,123.23999786376953,336000
2019-03-27,123.36000061035156,125.81999969482422,122.2699966430664,125.2699966430664,399400
2019-03-28,125.12999725341797,127.2699966430664,124.54000091552734,126.66999816894531,219300
2019-03-29,127.45999908447266,128.63999938964844,126.47000122070312,128.02999877929688,352700
2019-04-01,128.35000610351562,129.52999877929688,126.06999969482422,127.43000030517578,296700
2019-04-02,127.69000244140625,128.02999877929688,125.81999969482422,126.55000305175781,259300
2019-04-03,127.20999908447266,127.25,125.58999633789062,125.9800033569336,372700
2019-04-04,126.2300033569336,126.98999786376953,124.95999908447266,125.80999755859375,323400
2019-04-05,126.02999877929688,127.12999725341797,125.0,125.47000122070312,477700
2019-04-08,125.58999633789062,125.94999694824219,124.02999877929688,125.52999877929688,694000
2019-04-09,125.52999877929688,127.08000183105469,124.69999694824219,125.69999694824219,291500
2019-04-10,126.04000091552734,127.12000274658203,125.58000183105469,126.41999816894531,511900
2019-04-11,126.72000122070312,128.36000061035156,126.44000244140625,128.10000610351562,436700
2019-04-12,128.49000549316406,129.22999572753906,127.93000030517578,128.66000366210938,377900
2019-04-15,128.97000122070312,129.8699951171875,128.25999450683594,128.67999267578125,388900
2019-04-16,129.6999969482422,129.6999969482422,124.98999786376953,125.19999694824219,443400
2019-04-17,126.02999877929688,126.23999786376953,119.62000274658203,120.48999786376953,897300
2019-04-18,121.12000274658203,123.30999755859375,120.19000244140625,122.83000183105469,641100
2019-04-22,122.23999786376953,125.48999786376953,122.23999786376953,123.25,359400
2019-04-23,123.6500015258789,126.55999755859375,123.6500015258789,125.72000122070312,438300
2019-04-24,125.51000213623047,127.9800033569336,125.51000213623047,127.61000061035156,372500
2019-04-25,126.91999816894531,128.66000366210938,126.47000122070312,127.98999786376953,230400
2019-04-26,127.98999786376953,129.50999450683594,127.51000213623047,129.11000061035156,279000
2019-04-29,129.44000244140625,130.85000610351562,128.83999633789062,130.3300018310547,575300
2019-04-30,130.75,131.6999969482422,130.17999267578125,130.97999572753906,335500
2019-05-01,131.5800018310547,132.52000427246094,130.1300048828125,131.5,387800
2019-05-02,131.00999450683594,132.69000244140625,130.47999572753906,131.9600067138672,352500
2019-05-03,133.0,134.99000549316406,132.9499969482422,133.22999572753906,476400
2019-05-06,131.55999755859375,134.05999755859375,131.5500030517578,134.00999450683594,629100
2019-05-07,132.92999267578125,133.52999877929688,129.91000366210938,130.97000122070312,493600
2019-05-08,131.02999877929688,131.8000030517578,129.60000610351562,130.2100067138672,845200
2019-05-09,129.41000366210938,130.63999938964844,127.95999908447266,129.91000366210938,410700
2019-05-10,129.6699981689453,130.0500030517578,127.06999969482422,129.22999572753906,866200
2019-05-13,126.73999786376953,127.3499984741211,124.54000091552734,125.06999969482422,552600
2019-05-14,127.05000305175781,134.49000549316406,127.05000305175781,130.63999938964844,1053600
2019-05-15,130.8000030517578,132.8699951171875,130.0399932861328,131.4199981689453,502800
2019-05-16,132.1999969482422,135.97000122070312,132.0399932861328,133.72000122070312,596400
2019-05-17,132.39999389648438,135.6699981689453,132.39999389648438,133.35000610351562,419000
2019-05-20,132.97999572753906,135.10000610351562,132.50999450683594,134.75999450683594,554400
2019-05-21,134.8000030517578,137.27000427246094,134.8000030517578,135.8000030517578,703500
2019-05-22,136.38999938964844,137.60000610351562,135.63999938964844,136.11000061035156,442300
2019-05-23,135.2100067138672,135.9199981689453,134.3000030517578,134.8000030517578,486500
2019-05-24,135.60000610351562,136.47999572753906,134.72000122070312,135.11000061035156,530400
2019-05-28,135.49000549316406,137.6199951171875,132.66000366210938,133.9199981689453,4043700
2019-05-29,132.67999267578125,133.9199981689453,131.75999450683594,133.41000366210938,527800
2019-05-30,133.33999633789062,134.83999633789062,132.52999877929688,133.35000610351562,502500
2019-05-31,131.77000427246094,133.97000122070312,130.2899932861328,133.67999267578125,668600
2019-06-03,133.88999938964844,134.9199981689453,133.11000061035156,134.07000732421875,514300
2019-06-04,135.0,136.16000366210938,134.52000427246094,135.9199981689453,576400
2019-06-05,136.39999389648438,136.97999572753906,135.35000610351562,136.97999572753906,605800
2019-06-06,136.97999572753906,137.67999267578125,135.61000061035156,137.22999572753906,490500
2019-06-07,137.63999938964844,138.8699951171875,136.72999572753906,138.02000427246094,535400
2019-06-10,138.52000427246094,141.25999450683594,138.36000061035156,140.89999389648438,410000
2019-06-11,141.27999877929688,142.35000610351562,139.00999450683594,140.4499969482422,472600
2019-06-12,140.49000549316406,142.47999572753906,140.0500030517578,142.38999938964844,585500
2019-06-13,142.75,142.97999572753906,140.6699981689453,141.8300018310547,436700
2019-06-14,142.08999633789062,142.85000610351562,140.38999938964844,140.42999267578125,278800
2019-06-17,140.44000244140625,142.80999755859375,140.36000061035156,142.64999389648438,337400
2019-06-18,143.47000122070312,144.57000732421875,142.5500030517578,142.9199981689453,332200
2019-06-19,142.6199951171875,145.5500030517578,142.6199951171875,145.0500030517578,392200
2019-06-20,146.50999450683594,146.6199951171875,143.72000122070312,145.3300018310547,242100
2019-06-21,144.2899932861328,144.9199981689453,142.64999389648438,144.9199981689453,1515500
2019-06-24,144.9199981689453,145.7899932861328,144.0800018310547,145.3000030517578,425500
2019-06-25,145.63999938964844,146.9600067138672,145.27000427246094,146.07000732421875,465100
2019-06-26,146.19000244140625,146.9600067138672,144.89999389648438,145.35000610351562,496200
2019-06-27,146.08999633789062,146.9600067138672,145.8300018310547,146.5399932861328,605000
2019-06-28,146.63999938964844,148.8800048828125,146.14999389648438,148.8800048828125,1001200
2019-07-01,149.97999572753906,151.60000610351562,148.77000427246094,149.88999938964844,608200
2019-07-02,149.72999572753906,151.55999755859375,149.47999572753906,150.97000122070312,490000
2019-07-03,151.5399932861328,154.08999633789062,151.3800048828125,153.0500030517578,534900
2019-07-05,152.42999267578125,152.89999389648438,151.24000549316406,152.77999877929688,272300
2019-07-08,152.33999633789062,152.33999633789062,151.35000610351562,152.07000732421875,332900
2019-07-09,151.8000030517578,152.97999572753906,151.75999450683594,152.49000549316406,429600
2019-07-10,151.72000122070312,152.58999633789062,149.50999450683594,149.6999969482422,537900
2019-07-11,150.94000244140625,151.42999267578125,149.75,150.22000122070312,649400
2019-07-12,150.00999450683594,150.72999572753906,147.08999633789062,147.97999572753906,716800
2019-07-15,147.91000366210938,149.6699981689453,146.77000427246094,148.72999572753906,428100
2019-07-16,149.0800018310547,149.47999572753906,147.5500030517578,148.36000061035156,316800
2019-07-17,148.86000061035156,149.14999389648438,147.66000366210938,147.83999633789062,341000
2019-07-18,147.91000366210938,148.6999969482422,147.3000030517578,147.8699951171875,643600
2019-07-19,148.1699981689453,148.6699981689453,146.17999267578125,146.25,473000
2019-07-22,146.64999389648438,147.75999450683594,146.39999389648438,147.22000122070312,345700
2019-07-23,147.7100067138672,148.0500030517578,146.1699981689453,147.27000427246094,426500
2019-07-24,147.11000061035156,149.14999389648438,146.3800048828125,148.36000061035156,395300
2019-07-25,148.00999450683594,149.4199981689453,147.39999389648438,147.89999389648438,345400
2019-07-26,148.10000610351562,150.13999938964844,147.69000244140625,149.44000244140625,339700
2019-07-29,149.75999450683594,150.7899932861328,149.07000732421875,150.33999633789062,257400
2019-07-30,149.25999450683594,149.77999877929688,148.5800018310547,149.52000427246094,408800
2019-07-31,149.4499969482422,150.5800018310547,148.16000366210938,148.86000061035156,493000
2019-08-01,149.0399932861328,151.02999877929688,148.42999267578125,149.08999633789062,330000
2019-08-02,148.47999572753906,148.69000244140625,147.11000061035156,147.88999938964844,277800
2019-08-05,145.47000122070312,146.49000549316406,143.25,144.61000061035156,363900
2019-08-06,150.6999969482422,153.6699981689453,148.5500030517578,152.32000732421875,660500
2019-08-07,151.64999389648438,153.07000732421875,148.72999572753906,152.92999267578125,783800
2019-08-08,153.07000732421875,154.6999969482422,152.7899932861328,154.6199951171875,674800
2019-08-09,154.2100067138672,154.89999389648438,152.5,153.94000244140625,262800
2019-08-12,153.3300018310547,155.5,152.94000244140625,154.22000122070312,191400
2019-08-13,153.72000122070312,156.1199951171875,153.72000122070312,155.39999389648438,334700
2019-08-14,153.27999877929688,154.17999267578125,151.50999450683594,151.69000244140625,239100
2019-08-15,151.86000061035156,153.2899932861328,151.2100067138672,151.97000122070312,372200
2019-08-16,152.94000244140625,154.32000732421875,151.2100067138672,152.74000549316406,344700
2019-08-19,154.3699951171875,154.8699951171875,153.00999450683594,153.2100067138672,337700
2019-08-20,153.4499969482422,153.7899932861328,150.97000122070312,151.08999633789062,548600
2019-08-21,151.6699981689453,152.13999938964844,150.8300018310547,151.16000366210938,782400
2019-08-22,151.66000366210938,151.74000549316406,150.0,151.19000244140625,450200
2019-08-23,150.8000030517578,151.9199981689453,148.02999877929688,148.4600067138672,365900
2019-08-26,149.32000732421875,150.39999389648438,149.02000427246094,149.6199951171875,411900
2019-08-27,150.8699951171875,153.0800018310547,150.0399932861328,153.02000427246094,726000
2019-08-28,152.50999450683594,153.8300018310547,151.6999969482422,152.9600067138672,466400
2019-08-29,154.22000122070312,155.72000122070312,153.50999450683594,155.13999938964844,305700
2019-08-30,156.08999633789062,156.66000366210938,152.8800048828125,154.39999389648438,332600
2019-09-03,153.7100067138672,154.3300018310547,150.74000549316406,152.2100067138672,342500
2019-09-04,153.5500030517578,153.86000061035156,151.6300048828125,152.3699951171875,317200
2019-09-05,153.88999938964844,154.4499969482422,151.92999267578125,153.5,489400
2019-09-06,153.8800048828125,155.85000610351562,153.7899932861328,154.49000549316406,494700
2019-09-09,154.36000061035156,154.44000244140625,144.8699951171875,145.27999877929688,677700
2019-09-10,144.05999755859375,144.05999755859375,140.75999450683594,141.6199951171875,1094200
2019-09-11,141.6199951171875,144.52000427246094,140.1300048828125,144.50999450683594,867500
2019-09-12,145.88999938964844,148.17999267578125,145.85000610351562,147.94000244140625,488400
2019-09-13,147.94000244140625,148.22000122070312,143.6699981689453,144.1199951171875,636200
2019-09-16,143.2100067138672,144.91000366210938,142.2100067138672,144.3300018310547,501100
2019-09-17,144.1300048828125,146.7899932861328,144.1300048828125,145.5,564900
2019-09-18,146.24000549316406,147.7899932861328,143.36000061035156,144.44000244140625,983600
2019-09-19,144.49000549316406,147.10000610351562,144.49000549316406,145.7899932861328,428300
2019-09-20,146.25999450683594,148.0500030517578,146.25999450683594,146.66000366210938,1435800
2019-09-23,146.0500030517578,147.74000549316406,146.0500030517578,146.3699951171875,827100
2019-09-24,147.35000610351562,148.97999572753906,146.11000061035156,146.80999755859375,417100
2019-09-25,146.47999572753906,147.63999938964844,144.6300048828125,146.7100067138672,356900
2019-09-26,146.55999755859375,147.41000366210938,144.0399932861328,145.0800018310547,445700
2019-09-27,146.22000122070312,146.22000122070312,141.27999877929688,141.77999877929688,327100
2019-09-30,141.9600067138672,144.97999572753906,141.61000061035156,144.49000549316406,385400
2019-10-01,144.77000427246094,144.97000122070312,140.16000366210938,140.6199951171875,360000
2019-10-02,139.66000366210938,139.97999572753906,137.5399932861328,139.00999450683594,452700
2019-10-03,138.61000061035156,141.4600067138672,137.9499969482422,141.2100067138672,446000
2019-10-04,142.14999389648438,143.83999633789062,141.35000610351562,142.66000366210938,347100
2019-10-07,141.72000122070312,142.44000244140625,141.22000122070312,141.91000366210938,256000
2019-10-08,140.85000610351562,140.85000610351562,137.9199981689453,138.0399932861328,253700
2019-10-09,139.17999267578125,140.6199951171875,138.97000122070312,139.44000244140625,305500
2019-10-10,138.8300018310547,140.24000549316406,138.7899932861328,139.6999969482422,422200
2019-10-11,141.1199951171875,141.86000061035156,140.5,140.67999267578125,331600
2019-10-14,141.17999267578125,141.9499969482422,139.57000732421875,140.0800018310547,171500
2019-10-15,141.49000549316406,143.19000244140625,140.85000610351562,143.10000610351562,448300
2019-10-16,142.75,143.30999755859375,141.61000061035156,142.39999389648438,483300
2019-10-17,143.07000732421875,143.97000122070312,142.25999450683594,143.14999389648438,532100
2019-10-18,142.7100067138672,143.9600067138672,142.61000061035156,143.3699951171875,901200
2019-10-21,144.0,144.0,140.3699951171875,140.5500030517578,486500
2019-10-22,141.0500030517578,141.7100067138672,136.3699951171875,136.9199981689453,739200
2019-10-23,137.61000061035156,138.25,136.9600067138672,137.85000610351562,468600
2019-10-24,138.4199981689453,139.27000427246094,136.92999267578125,137.38999938964844,356500
2019-10-25,137.5500030517578,139.38999938964844,137.02000427246094,138.00999450683594,332700
2019-10-28,138.41000366210938,140.1999969482422,138.41000366210938,139.4600067138672,304100
2019-10-29,139.10000610351562,142.14999389648438,139.0500030517578,141.4499969482422,247400
2019-10-30,141.77999877929688,143.00999450683594,140.07000732421875,142.67999267578125,359500
2019-10-31,142.1300048828125,143.42999267578125,140.77000427246094,141.57000732421875,367400
2019-11-01,142.61000061035156,143.8699951171875,141.5500030517578,142.13999938964844,312600
2019-11-04,143.02999877929688,143.47000122070312,139.42999267578125,140.52999877929688,416000
2019-11-05,146.0,148.11000061035156,143.0800018310547,145.47999572753906,878500
2019-11-06,145.5,146.5500030517578,144.17999267578125,145.49000549316406,490100
2019-11-07,146.5,147.49000549316406,144.47000122070312,145.19000244140625,481600
2019-11-08,145.13999938964844,146.7899932861328,144.74000549316406,145.83999633789062,282700
2019-11-11,145.0800018310547,146.80999755859375,144.11000061035156,144.69000244140625,373400
2019-11-12,145.17999267578125,146.39999389648438,144.75999450683594,145.60000610351562,275400
2019-11-13,145.3000030517578,146.75999450683594,144.99000549316406,145.61000061035156,265000
2019-11-14,145.72999572753906,146.82000732421875,145.13999938964844,146.74000549316406,296100
2019-11-15,147.42999267578125,148.8300018310547,146.77999877929688,148.75,319200
2019-11-18,148.86000061035156,149.80999755859375,148.47000122070312,149.3800048828125,398000
2019-11-19,150.2100067138672,152.16000366210938,149.66000366210938,151.88999938964844,385700
2019-11-20,151.9499969482422,153.50999450683594,151.30999755859375,151.8699951171875,635400
2019-11-21,152.36000061035156,152.55999755859375,150.14999389648438,150.8300018310547,329000
2019-11-22,151.8000030517578,152.05999755859375,150.2899932861328,151.88999938964844,494000
2019-11-25,151.89999389648438,152.4600067138672,151.13999938964844,151.5,285600
2019-11-26,151.33999633789062,153.3000030517578,150.94000244140625,151.74000549316406,445100
2019-11-27,152.24000549316406,153.13999938964844,151.47000122070312,152.67999267578125,260200
2019-11-29,152.4499969482422,153.05999755859375,151.13999938964844,151.13999938964844,237200
2019-12-02,151.99000549316406,151.99000549316406,149.33999633789062,150.24000549316406,308100
2019-12-03,149.74000549316406,152.39999389648438,149.4499969482422,152.0800018310547,406900
2019-12-04,152.50999450683594,154.3000030517578,152.50999450683594,154.07000732421875,473400
2019-12-05,153.6199951171875,153.92999267578125,152.58999633789062,152.9499969482422,338700
2019-12-06,154.0,155.07000732421875,153.6699981689453,154.3000030517578,340800
2019-12-09,153.6699981689453,154.1300048828125,152.35000610351562,152.5399932861328,279300
2019-12-10,152.94000244140625,154.02000427246094,151.77999877929688,153.94000244140625,304100
2019-12-11,154.32000732421875,155.0,153.1999969482422,153.67999267578125,440000
2019-12-12,154.17999267578125,154.39999389648438,152.3000030517578,153.66000366210938,410400
2019-12-13,153.1199951171875,153.97999572753906,151.52999877929688,151.92999267578125,503200
2019-12-16,152.2899932861328,152.85000610351562,149.5800018310547,150.75,1253500
2019-12-17,150.61000061035156,151.89999389648438,149.3800048828125,151.52000427246094,758900
2019-12-18,152.0800018310547,152.39999389648438,148.38999938964844,149.25999450683594,753900
2019-12-19,149.30999755859375,149.7100067138672,147.24000549316406,148.38999938964844,1200200
2019-12-20,149.4499969482422,151.9199981689453,148.52000427246094,149.83999633789062,14904400
2019-12-23,150.10000610351562,152.86000061035156,149.60000610351562,151.47999572753906,786300
2019-12-24,151.61000061035156,152.0800018310547,150.9199981689453,152.02999877929688,137700
2019-12-26,152.17999267578125,152.83999633789062,150.60000610351562,151.35000610351562,649300
2019-12-27,151.9600067138672,152.3800048828125,150.49000549316406,151.80999755859375,433400
2019-12-30,152.1199951171875,152.94000244140625,151.4199981689453,151.94000244140625,600500
2019-12-31,151.91000366210938,152.55999755859375,151.25999450683594,152.4199981689453,330200
2020-01-02,152.5800018310547,153.2100067138672,150.52999877929688,151.6999969482422,641200
2020-01-03,149.42999267578125,151.5,149.1999969482422,150.6300048828125,638000
2020-01-06,150.5,152.1300048828125,150.22999572753906,151.6199951171875,581900
2020-01-07,150.7100067138672,151.7100067138672,150.61000061035156,151.0399932861328,429900
2020-01-08,151.60000610351562,152.00999450683594,150.4199981689453,150.9499969482422,839000
2020-01-09,151.5500030517578,153.16000366210938,151.3000030517578,151.77999877929688,644100
2020-01-10,152.38999938964844,152.52999877929688,150.50999450683594,151.00999450683594,432000
2020-01-13,150.8800048828125,151.82000732421875,150.3300018310547,151.5399932861328,522700
2020-01-14,151.0500030517578,152.5,150.2899932861328,152.41000366210938,519500
2020-01-15,152.33999633789062,153.77000427246094,152.14999389648438,152.57000732421875,550300
2020-01-16,153.0500030517578,154.1699981689453,152.67999267578125,154.1300048828125,399300
2020-01-17,154.22999572753906,154.39999389648438,153.00999450683594,154.1300048828125,628100
2020-01-21,153.9600067138672,154.75,152.88999938964844,153.80999755859375,521200
2020-01-22,154.4499969482422,155.0,152.77000427246094,152.7899932861328,369800
2020-01-23,152.42999267578125,152.42999267578125,151.32000732421875,151.80999755859375,399100
2020-01-24,151.92999267578125,151.92999267578125,150.08999633789062,151.2899932861328,486500
2020-01-27,149.50999450683594,151.3800048828125,148.9199981689453,150.11000061035156,831200
2020-01-28,150.11000061035156,151.7899932861328,150.11000061035156,151.0500030517578,452800
2020-01-29,151.3000030517578,152.72999572753906,150.4499969482422,151.52000427246094,514200
2020-01-30,150.5,153.38999938964844,150.11000061035156,153.30999755859375,568400
2020-01-31,152.80999755859375,153.50999450683594,150.44000244140625,150.69000244140625,659300
2020-02-03,151.50999450683594,152.10000610351562,150.5800018310547,151.0,398800
2020-02-04,152.67999267578125,153.3800048828125,151.55999755859375,152.2100067138672,382400
2020-02-05,153.02000427246094,154.1999969482422,152.4600067138672,152.9199981689453,341500
2020-02-06,153.00999450683594,154.7899932861328,152.02999877929688,154.25,459500
2020-02-07,153.86000061035156,154.4600067138672,152.00999450683594,152.8699951171875,353500
2020-02-10,152.52999877929688,155.32000732421875,151.77000427246094,153.8800048828125,591400
2020-02-11,157.0,162.6300048828125,155.77000427246094,162.27000427246094,2184600
2020-02-12,163.0,168.1199951171875,163.0,167.8300018310547,1099400
2020-02-13,166.67999267578125,167.55999755859375,164.1199951171875,167.0,783700
2020-02-14,167.0,168.61000061035156,166.14999389648438,168.50999450683594,404500
2020-02-18,168.11000061035156,168.38999938964844,166.99000549316406,167.92999267578125,563600
2020-02-19,168.1999969482422,168.77999877929688,167.44000244140625,168.25999450683594,382000
2020-02-20,167.88999938964844,168.63999938964844,166.72000122070312,168.27999877929688,519000
2020-02-21,168.05999755859375,168.66000366210938,167.22999572753906,167.9499969482422,546600
2020-02-24,165.14999389648438,168.33999633789062,164.55999755859375,167.4600067138672,860100
2020-02-25,167.74000549316406,168.97999572753906,163.82000732421875,164.8699951171875,1276200
2020-02-26,165.80999755859375,167.99000549316406,165.22000122070312,165.44000244140625,1086800
2020-02-27,163.7899932861328,168.5500030517578,162.8699951171875,163.6199951171875,1159000
2020-02-28,160.0800018310547,162.86000061035156,155.16000366210938,158.6199951171875,1618500
2020-03-02,159.0500030517578,163.39999389648438,156.08999633789062,163.39999389648438,1089700
2020-03-03,163.47999572753906,165.8800048828125,158.1699981689453,161.02999877929688,897900
2020-03-04,163.52000427246094,165.82000732421875,159.83999633789062,164.4499969482422,851300
2020-03-05,161.5399932861328,162.83999633789062,155.99000549316406,158.13999938964844,931700
2020-03-06,154.50999450683594,157.4199981689453,152.25999450683594,157.02999877929688,788800
2020-03-09,150.0800018310547,151.02999877929688,144.8699951171875,145.5,1061100
2020-03-10,148.49000549316406,151.08999633789062,145.14999389648438,151.08999633789062,918600
2020-03-11,147.6699981689453,148.7899932861328,143.25999450683594,145.25,704700
2020-03-12,138.17999267578125,138.6699981689453,130.7100067138672,131.05999755859375,870900
2020-03-13,136.58999633789062,137.47000122070312,127.2699966430664,136.2899932861328,900300
2020-03-16,124.54000091552734,129.02999877929688,120.05000305175781,120.5,894500
2020-03-17,123.31999969482422,133.8800048828125,118.04000091552734,130.6300048828125,922200
2020-03-18,121.2699966430664,130.8800048828125,111.73999786376953,122.77999877929688,925400
2020-03-19,121.86000061035156,125.44000244140625,116.91000366210938,121.22000122070312,811700
2020-03-20,121.41000366210938,122.87000274658203,115.33000183105469,115.69999694824219,833000
2020-03-23,115.43000030517578,117.75,105.69000244140625,107.76000213623047,920000
2020-03-24,112.77999877929688,118.98999786376953,110.81999969482422,118.11000061035156,783000
2020-03-25,117.30000305175781,123.37000274658203,115.30999755859375,117.81999969482422,787300
2020-03-26,119.13999938964844,130.27000427246094,119.0,129.61000061035156,1020800
2020-03-27,125.61000061035156,133.52999877929688,123.80000305175781,129.74000549316406,1027700
2020-03-30,131.2100067138672,140.39999389648438,131.13999938964844,139.99000549316406,898700
2020-03-31,139.5800018310547,142.36000061035156,137.6999969482422,139.97000122070312,1276100
2020-04-01,135.2100067138672,140.02999877929688,133.7899932861328,137.6999969482422,1044200
2020-04-02,137.35000610351562,141.42999267578125,136.00999450683594,139.5500030517578,732400
2020-04-03,138.47000122070312,140.94000244140625,137.57000732421875,138.72000122070312,908300
2020-04-06,143.9600067138672,149.50999450683594,142.2100067138672,148.64999389648438,978800
2020-04-07,149.99000549316406,154.3699951171875,147.75999450683594,148.75999450683594,1080600
2020-04-08,149.63999938964844,150.60000610351562,146.22000122070312,149.25,826600
2020-04-09,149.14999389648438,153.72999572753906,147.86000061035156,152.69000244140625,669500
2020-04-13,152.5399932861328,153.41000366210938,145.25999450683594,149.50999450683594,737400
2020-04-14,152.27000427246094,158.52999877929688,151.25,157.16000366210938,930300
2020-04-15,154.1699981689453,156.0399932861328,151.97000122070312,154.75,589300
2020-04-16,155.57000732421875,156.22999572753906,149.4600067138672,150.3300018310547,888400
2020-04-17,152.9600067138672,155.4600067138672,149.49000549316406,154.97000122070312,717300
2020-04-20,153.89999389648438,160.16000366210938,153.44000244140625,157.4499969482422,889200
2020-04-21,155.02000427246094,155.38999938964844,146.41000366210938,147.77999877929688,718800
2020-04-22,149.9499969482422,152.27999877929688,147.57000732421875,150.8800048828125,393900
2020-04-23,150.4199981689453,153.07000732421875,149.0399932861328,149.4499969482422,593600
2020-04-24,150.5,151.1199951171875,145.52999877929688,147.82000732421875,766900
2020-04-27,149.36000061035156,150.82000732421875,148.0,149.6699981689453,408200
2020-04-28,150.60000610351562,151.75,146.13999938964844,146.2100067138672,523700
2020-04-29,147.25,149.2100067138672,145.61000061035156,146.86000061035156,519300
2020-04-30,145.86000061035156,146.24000549316406,141.22999572753906,142.5,780100
2020-05-01,141.22999572753906,143.0399932861328,139.6999969482422,141.39999389648438,639500
2020-05-04,141.38999938964844,141.42999267578125,138.66000366210938,139.5399932861328,400100
2020-05-05,140.72000122070312,143.72000122070312,140.52999877929688,141.66000366210938,964200
2020-05-06,142.4199981689453,142.67999267578125,139.50999450683594,140.99000549316406,582600
2020-05-07,143.38999938964844,145.4199981689453,142.67999267578125,143.86000061035156,664800
2020-05-08,146.5,148.77999877929688,145.24000549316406,148.25,644600
2020-05-11,147.0,153.58999633789062,147.0,152.77999877929688,603100
2020-05-12,153.5,153.9499969482422,149.13999938964844,149.13999938964844,608200
2020-05-13,148.61000061035156,150.0399932861328,145.2899932861328,147.05999755859375,689900
2020-05-14,146.39999389648438,153.5500030517578,144.11000061035156,150.88999938964844,1131900
2020-05-15,150.2899932861328,153.5,149.8800048828125,151.32000732421875,1530100
2020-05-18,154.5800018310547,160.5399932861328,153.63999938964844,159.5399932861328,568000
2020-05-19,159.22000122070312,160.57000732421875,157.5399932861328,157.64999389648438,484600
2020-05-20,159.27000427246094,159.8699951171875,157.82000732421875,158.02999877929688,498100
2020-05-21,156.83999633789062,157.69000244140625,155.6999969482422,156.3000030517578,332400
2020-05-22,156.6199951171875,157.80999755859375,155.1199951171875,157.47999572753906,443700
2020-05-26,159.64999389648438,161.10000610351562,158.0500030517578,158.67999267578125,376700
2020-05-27,158.9199981689453,160.02000427246094,156.94000244140625,159.97999572753906,434200
2020-05-28,161.10000610351562,164.57000732421875,160.00999450683594,162.80999755859375,430300
2020-05-29,163.52999877929688,166.38999938964844,161.13999938964844,165.88999938964844,737900
2020-06-01,165.49000549316406,166.63999938964844,164.3300018310547,165.64999389648438,554300
2020-06-02,165.94000244140625,166.97999572753906,161.75,164.44000244140625,574700
2020-06-03,165.0,165.52999877929688,162.9499969482422,163.1699981689453,565200
2020-06-04,162.5800018310547,164.0,159.99000549316406,160.6300048828125,544200
2020-06-05,162.63999938964844,165.22999572753906,162.05999755859375,163.91000366210938,555300
2020-06-08,162.66000366210938,165.8000030517578,162.66000366210938,165.42999267578125,550900
2020-06-09,164.50999450683594,165.58999633789062,161.32000732421875,161.55999755859375,486000
2020-06-10,162.05999755859375,162.05999755859375,158.9600067138672,159.63999938964844,456800
2020-06-11,157.16000366210938,157.16000366210938,148.91000366210938,149.3300018310547,556000
2020-06-12,153.10000610351562,154.50999450683594,149.33999633789062,151.82000732421875,522200
2020-06-15,149.0800018310547,154.3000030517578,148.0800018310547,153.85000610351562,396900
2020-06-16,157.0800018310547,157.35000610351562,154.1699981689453,154.89999389648438,424500
2020-06-17,156.19000244140625,156.8300018310547,154.39999389648438,154.94000244140625,309600
2020-06-18,154.1300048828125,154.8800048828125,152.67999267578125,153.36000061035156,332800
2020-06-19,155.91000366210938,156.13999938964844,152.07000732421875,152.24000549316406,860800
2020-06-22,152.0,154.3800048828125,150.39999389648438,153.1699981689453,575700
2020-06-23,154.75999450683594,156.16000366210938,153.02000427246094,154.80999755859375,689000
2020-06-24,153.4199981689453,153.4199981689453,148.2899932861328,149.0399932861328,522100
2020-06-25,149.32000732421875,149.32000732421875,146.1199951171875,149.14999389648438,566400
2020-06-26,149.0,150.3000030517578,147.5399932861328,148.3300018310547,1432900
2020-06-29,150.2100067138672,151.02000427246094,148.19000244140625,149.67999267578125,544300
2020-06-30,149.4499969482422,154.27999877929688,149.4499969482422,153.44000244140625,517900
2020-07-01,154.6999969482422,155.1999969482422,152.47000122070312,154.27999877929688,678400
2020-07-02,155.67999267578125,157.1300048828125,153.57000732421875,154.00999450683594,585700
2020-07-06,155.50999450683594,156.2100067138672,153.24000549316406,153.64999389648438,646200
2020-07-07,151.9600067138672,154.02000427246094,150.8300018310547,151.77999877929688,482200
2020-07-08,152.39999389648438,152.5399932861328,149.33999633789062,150.82000732421875,510400
2020-07-09,150.77999877929688,151.8300018310547,147.32000732421875,150.44000244140625,881200
2020-07-10,150.52999877929688,150.80999755859375,148.91000366210938,150.50999450683594,296100
2020-07-13,151.6199951171875,153.8800048828125,149.8300018310547,150.16000366210938,402200
2020-07-14,150.16000366210938,153.52999877929688,149.82000732421875,153.32000732421875,458300
2020-07-15,155.82000732421875,158.41000366210938,155.1300048828125,157.58999633789062,378700
2020-07-16,157.6300048828125,157.9499969482422,156.2100067138672,157.10000610351562,276600
2020-07-17,158.02000427246094,160.80999755859375,157.17999267578125,159.9600067138672,464500
2020-07-20,159.94000244140625,160.5,156.8699951171875,157.4499969482422,284500
2020-07-21,157.50999450683594,158.50999450683594,156.1699981689453,157.16000366210938,455000
2020-07-22,157.0800018310547,158.0500030517578,156.22000122070312,157.83999633789062,307300
2020-07-23,158.22999572753906,159.13999938964844,156.97999572753906,158.02999877929688,358100
2020-07-24,158.13999938964844,158.13999938964844,154.86000061035156,156.35000610351562,312400
2020-07-27,156.35000610351562,158.82000732421875,156.33999633789062,157.69000244140625,441700
2020-07-28,157.27000427246094,158.66000366210938,155.85000610351562,157.11000061035156,548100
2020-07-29,157.8000030517578,163.33999633789062,157.8000030517578,161.72999572753906,593500
2020-07-30,159.0800018310547,161.4600067138672,158.1300048828125,161.1300048828125,344600
2020-07-31,160.22000122070312,160.64999389648438,157.27999877929688,159.6300048828125,416500
2020-08-03,159.94000244140625,162.89999389648438,159.94000244140625,161.07000732421875,478400
2020-08-04,161.5800018310547,164.1199951171875,157.3000030517578,158.0,612100
2020-08-05,159.6999969482422,159.91000366210938,157.1199951171875,157.6699981689453,355400
2020-08-06,157.64999389648438,157.64999389648438,154.64999389648438,155.97999572753906,421000
2020-08-07,155.89999389648438,157.13999938964844,152.3699951171875,154.22000122070312,498700
2020-08-10,154.10000610351562,156.89999389648438,153.52000427246094,155.8800048828125,568500
2020-08-11,156.7100067138672,160.25999450683594,156.24000549316406,158.72000122070312,566600
2020-08-12,159.3300018310547,160.97000122070312,158.77999877929688,160.50999450683594,346500
2020-08-13,159.52999877929688,160.3300018310547,158.6199951171875,159.1999969482422,243800
2020-08-14,158.14999389648438,159.89999389648438,158.0500030517578,158.6999969482422,245200
2020-08-17,158.6999969482422,160.69000244140625,157.66000366210938,158.11000061035156,253200
2020-08-18,158.7100067138672,159.6199951171875,155.8800048828125,157.75,291700
2020-08-19,157.94000244140625,157.94000244140625,156.27000427246094,156.9600067138672,367200
2020-08-20,156.13999938964844,156.97000122070312,154.58999633789062,154.66000366210938,241800
2020-08-21,154.91000366210938,155.0,152.38999938964844,153.4600067138672,362700
2020-08-24,153.83999633789062,154.8699951171875,151.8699951171875,153.1199951171875,302600
2020-08-25,154.3000030517578,155.2100067138672,153.75,154.58999633789062,300600
2020-08-26,153.67999267578125,154.61000061035156,151.7899932861328,154.27000427246094,325500
2020-08-27,154.27000427246094,157.7100067138672,153.8000030517578,156.92999267578125,332200
2020-08-28,157.75,158.5800018310547,155.6300048828125,157.63999938964844,251900
2020-08-31,157.83999633789062,160.39999389648438,157.60000610351562,159.63999938964844,395400
2020-09-01,158.85000610351562,160.22999572753906,157.6999969482422,158.77000427246094,371700
2020-09-02,160.25,164.16000366210938,159.1999969482422,163.5500030517578,396400
2020-09-03,163.5500030517578,163.5500030517578,158.47000122070312,160.47999572753906,371200
2020-09-04,161.69000244140625,162.14999389648438,156.97000122070312,157.9199981689453,317400
2020-09-08,157.10000610351562,159.58999633789062,155.99000549316406,159.02000427246094,611900
2020-09-09,160.13999938964844,163.74000549316406,160.13999938964844,163.02000427246094,581300
2020-09-10,163.60000610351562,165.32000732421875,161.25,162.08999633789062,604000
2020-09-11,162.89999389648438,164.41000366210938,161.6199951171875,162.27999877929688,552200
2020-09-14,163.6699981689453,167.85000610351562,163.5800018310547,167.1699981689453,446500
2020-09-15,167.1699981689453,170.7100067138672,166.97000122070312,169.63999938964844,636600
2020-09-16,170.6300048828125,171.7100067138672,169.36000061035156,170.16000366210938,584600
2020-09-17,169.1699981689453,171.88999938964844,168.02000427246094,171.50999450683594,464700
2020-09-18,171.92999267578125,176.05999755859375,171.25,175.91000366210938,1054700
2020-09-21,173.9499969482422,173.9499969482422,168.5500030517578,172.0500030517578,744600
2020-09-22,171.7899932861328,172.2100067138672,166.5,169.58999633789062,500600
2020-09-23,169.77000427246094,170.44000244140625,165.19000244140625,165.6699981689453,407100
2020-09-24,165.27999877929688,168.44000244140625,164.19000244140625,167.25999450683594,402700
2020-09-25,166.13999938964844,170.6699981689453,165.75999450683594,170.2100067138672,537800
2020-09-28,172.97000122070312,175.3699951171875,172.47000122070312,172.9600067138672,449000
2020-09-29,173.47000122070312,174.72999572753906,172.17999267578125,172.82000732421875,420900
2020-09-30,173.0,177.75,173.0,176.19000244140625,537600
2020-10-01,177.11000061035156,178.75999450683594,173.22000122070312,174.47000122070312,476000
2020-10-02,172.0399932861328,174.17999267578125,171.35000610351562,172.6699981689453,491200
2020-10-05,173.42999267578125,175.02000427246094,173.19000244140625,174.72000122070312,426500
2020-10-06,176.19000244140625,184.99000549316406,176.02999877929688,181.00999450683594,693500
2020-10-07,182.67999267578125,186.02000427246094,181.3800048828125,185.2899932861328,473600
2020-10-08,187.0,187.0,185.9199981689453,186.75,306100
2020-10-09,187.57000732421875,189.35000610351562,186.60000610351562,188.4499969482422,550400
2020-10-12,189.1999969482422,192.97000122070312,188.44000244140625,191.82000732421875,335000
2020-10-13,190.6300048828125,191.19000244140625,187.36000061035156,187.67999267578125,343600
2020-10-14,187.9199981689453,190.82000732421875,185.61000061035156,186.5800018310547,361200
2020-10-15,185.50999450683594,188.4199981689453,184.3300018310547,187.3300018310547,309100
2020-10-16,187.52000427246094,190.57000732421875,187.52000427246094,188.8800048828125,236000
2020-10-19,189.33999633789062,191.52000427246094,186.0800018310547,186.42999267578125,203900
2020-10-20,186.8699951171875,189.25,185.86000061035156,186.33999633789062,181600
2020-10-21,186.22999572753906,187.55999755859375,185.66000366210938,185.9499969482422,181200
2020-10-22,186.58999633789062,189.5800018310547,186.1199951171875,188.19000244140625,216400
2020-10-23,189.27000427246094,189.27000427246094,185.86000061035156,187.5399932861328,176500
2020-10-26,185.80999755859375,186.5800018310547,183.77999877929688,186.4199981689453,238800
2020-10-27,186.8300018310547,188.00999450683594,184.83999633789062,185.35000610351562,268800
2020-10-28,182.99000549316406,182.99000549316406,178.17999267578125,178.6199951171875,302500
2020-10-29,178.05999755859375,179.66000366210938,175.5,177.3300018310547,396400
2020-10-30,176.72999572753906,178.66000366210938,172.89999389648438,177.19000244140625,352600
2020-11-02,178.24000549316406,182.72999572753906,177.67999267578125,181.57000732421875,578900
2020-11-03,182.14999389648438,186.5800018310547,174.17999267578125,176.3800048828125,618400
2020-11-04,178.74000549316406,181.77000427246094,176.1999969482422,177.6199951171875,404700
2020-11-05,179.05999755859375,180.00999450683594,177.9499969482422,179.16000366210938,254600
2020-11-06,179.1999969482422,182.66000366210938,179.1999969482422,181.6699981689453,378500
2020-11-09,190.22999572753906,195.24000549316406,190.0500030517578,190.0500030517578,676700
2020-11-10,190.4499969482422,190.4499969482422,184.1699981689453,189.47999572753906,388000
2020-11-11,190.3300018310547,190.6699981689453,187.27999877929688,189.17999267578125,239700
2020-11-12,189.05999755859375,190.08999633789062,185.69000244140625,189.02000427246094,279600
2020-11-13,189.77999877929688,193.3000030517578,189.77999877929688,192.7899932861328,248600
2020-11-16,195.0,196.5500030517578,192.13999938964844,195.5800018310547,388100
2020-11-17,194.69000244140625,195.69000244140625,191.89999389648438,195.2100067138672,378600
2020-11-18,195.2100067138672,195.2100067138672,190.5399932861328,191.94000244140625,315700
2020-11-19,192.50999450683594,195.3800048828125,190.72000122070312,194.72999572753906,274500
2020-11-20,194.4600067138672,196.8000030517578,193.4199981689453,196.0500030517578,453700
2020-11-23,196.25,196.4199981689453,188.3699951171875,189.08999633789062,445800
2020-11-24,189.4199981689453,191.85000610351562,188.27999877929688,190.6300048828125,420800
2020-11-25,191.13999938964844,191.13999938964844,188.44000244140625,189.2899932861328,235600
2020-11-27,189.8300018310547,191.9499969482422,188.49000549316406,191.69000244140625,174000
2020-11-30,191.69000244140625,193.82000732421875,190.3699951171875,193.80999755859375,564400
2020-12-01,195.0,195.0,191.89999389648438,193.92999267578125,466800
2020-12-02,192.5399932861328,194.3699951171875,191.72000122070312,192.8000030517578,273200
2020-12-03,192.10000610351562,193.0800018310547,190.57000732421875,192.69000244140625,321900
2020-12-04,192.3000030517578,194.10000610351562,192.1699981689453,193.49000549316406,355800
2020-12-07,193.0500030517578,194.4199981689453,186.89999389648438,187.6300048828125,543200
2020-12-08,186.86000061035156,189.36000061035156,185.52999877929688,189.08999633789062,437200
2020-12-09,189.63999938964844,190.08999633789062,186.94000244140625,188.25,362100
2020-12-10,188.0,191.1699981689453,186.97000122070312,189.75999450683594,233600
2020-12-11,189.49000549316406,190.11000061035156,185.99000549316406,186.22000122070312,317900
2020-12-14,186.92999267578125,189.39999389648438,185.94000244140625,186.3300018310547,409500
2020-12-15,187.5,190.67999267578125,186.55999755859375,188.24000549316406,433200
2020-12-16,188.3000030517578,188.42999267578125,181.30999755859375,181.75999450683594,707000
2020-12-17,182.39999389648438,183.74000549316406,180.58999633789062,182.63999938964844,712100
2020-12-18,182.85000610351562,185.0,181.72999572753906,184.89999389648438,965500
2020-12-21,182.63999938964844,184.5399932861328,178.08999633789062,184.1199951171875,326300
2020-12-22,183.38999938964844,184.5399932861328,181.6699981689453,182.58999633789062,372600
2020-12-23,183.13999938964844,185.1199951171875,182.35000610351562,184.16000366210938,273300
2020-12-24,184.6699981689453,186.2100067138672,184.07000732421875,186.19000244140625,97200
2020-12-28,188.14999389648438,189.08999633789062,185.52999877929688,185.72000122070312,230200
2020-12-29,186.52000427246094,187.8000030517578,184.42999267578125,185.58999633789062,173700
2020-12-30,186.44000244140625,187.97000122070312,185.4600067138672,186.2899932861328,169100
2020-12-31,187.27000427246094,189.6999969482422,184.88999938964844,189.5399932861328,234800
2021-01-04,189.77999877929688,192.41000366210938,186.14999389648438,188.49000549316406,487600
2021-01-05,189.5399932861328,193.22000122070312,187.4600067138672,191.82000732421875,396100
2021-01-06,190.22000122070312,197.0500030517578,190.22000122070312,195.24000549316406,570900
2021-01-07,194.9199981689453,200.25,194.9199981689453,199.7899932861328,299000
2021-01-08,199.0,203.88999938964844,199.0,202.80999755859375,307800
2021-01-11,201.63999938964844,203.91000366210938,199.7899932861328,200.4600067138672,356200
2021-01-12,199.91000366210938,201.42999267578125,190.72000122070312,192.05999755859375,863800
2021-01-13,193.0800018310547,195.50999450683594,191.0500030517578,194.10000610351562,484000
2021-01-14,194.7100067138672,197.77999877929688,189.4499969482422,189.83999633789062,381600
2021-01-15,189.75999450683594,189.97999572753906,183.91000366210938,184.3800048828125,646200
2021-01-19,186.11000061035156,188.7899932861328,181.75,188.7100067138672,786000
2021-01-20,188.27000427246094,191.3000030517578,188.25,189.52999877929688,418800
2021-01-21,188.63999938964844,190.5,187.4199981689453,188.3300018310547,594600
2021-01-22,187.63999938964844,189.5399932861328,187.05999755859375,188.75999450683594,402400
2021-01-25,188.6999969482422,191.05999755859375,188.30999755859375,190.41000366210938,438800
2021-01-26,190.41000366210938,194.10000610351562,189.64999389648438,193.17999267578125,422400
2021-01-27,190.02000427246094,192.35000610351562,187.27000427246094,192.3000030517578,1113400
2021-01-28,193.75999450683594,195.0,189.61000061035156,191.17999267578125,636400
2021-01-29,190.50999450683594,191.44000244140625,185.27999877929688,187.11000061035156,719100
2021-02-01,188.16000366210938,189.10000610351562,183.9600067138672,186.32000732421875,743700
2021-02-02,187.88999938964844,193.33999633789062,186.92999267578125,191.0800018310547,618700
2021-02-03,189.0399932861328,189.0500030517578,176.55999755859375,182.8699951171875,1321200
2021-02-04,186.08999633789062,190.02999877929688,184.77999877929688,185.61000061035156,578800
2021-02-05,185.8800048828125,187.7899932861328,182.97000122070312,183.17999267578125,441200
2021-02-08,183.10000610351562,186.07000732421875,182.4199981689453,183.85000610351562,531400
2021-02-09,184.05999755859375,185.97999572753906,182.02999877929688,182.77000427246094,262900
2021-02-10,184.30999755859375,184.89999389648438,182.69000244140625,183.3000030517578,417300
2021-02-11,184.02000427246094,184.4199981689453,181.97000122070312,182.33999633789062,544300
2021-02-12,181.58999633789062,184.0,181.52000427246094,183.0,646900
2021-02-16,182.9199981689453,184.1300048828125,181.6300048828125,182.5,550500
2021-02-17,182.33999633789062,185.02999877929688,181.7100067138672,185.0,985200
2021-02-18,184.05999755859375,185.1199951171875,181.80999755859375,181.86000061035156,807100
2021-02-19,182.0,182.57000732421875,178.22000122070312,178.72999572753906,442700
2021-02-22,177.0,177.89999389648438,173.11000061035156,175.6199951171875,651700
2021-02-23,175.8000030517578,176.2100067138672,172.52000427246094,173.27000427246094,605200
2021-02-24,172.72999572753906,175.05999755859375,172.4499969482422,173.11000061035156,597800
2021-02-25,173.25999450683594,174.9199981689453,171.8300018310547,172.99000549316406,412600
2021-02-26,173.42999267578125,176.17999267578125,172.19000244140625,174.8000030517578,1100000
2021-03-01,176.0500030517578,179.50999450683594,175.86000061035156,177.77000427246094,546800
2021-03-02,178.1699981689453,178.77999877929688,175.77999877929688,177.77000427246094,612100
2021-03-03,176.64999389648438,177.6199951171875,171.32000732421875,171.64999389648438,668700
2021-03-04,171.33999633789062,177.10000610351562,170.36000061035156,171.1999969482422,1433800
2021-03-05,172.66000366210938,177.7899932861328,172.3699951171875,177.14999389648438,585700
2021-03-08,176.8300018310547,176.8300018310547,170.6300048828125,172.64999389648438,995100
2021-03-09,174.63999938964844,179.7100067138672,174.35000610351562,179.02999877929688,868500
2021-03-10,180.6199951171875,180.7100067138672,178.0800018310547,179.99000549316406,560000
2021-03-11,180.94000244140625,182.32000732421875,179.69000244140625,181.5500030517578,638600
2021-03-12,180.4600067138672,185.3000030517578,179.25999450683594,184.0500030517578,506300
2021-03-15,183.97000122070312,187.1699981689453,183.16000366210938,187.05999755859375,565200
2021-03-16,186.14999389648438,188.17999267578125,185.52000427246094,186.8699951171875,501000
2021-03-17,186.97999572753906,187.85000610351562,185.83999633789062,187.00999450683594,449700
2021-03-18,185.8699951171875,187.60000610351562,185.41000366210938,187.0,489800
2021-03-19,187.5399932861328,188.6999969482422,186.1999969482422,187.24000549316406,1505900
2021-03-22,185.77000427246094,187.82000732421875,184.67999267578125,186.5500030517578,630400
2021-03-23,186.8000030517578,187.0,184.75,185.80999755859375,559000
2021-03-24,184.89999389648438,189.36000061035156,184.80999755859375,187.75,672700
2021-03-25,188.14999389648438,191.38999938964844,185.75,190.83999633789062,629800
2021-03-26,191.24000549316406,193.77999877929688,190.00999450683594,193.67999267578125,581700
2021-03-29,193.69000244140625,195.63999938964844,191.08999633789062,192.77000427246094,445100
2021-03-30,191.63999938964844,192.5399932861328,189.27999877929688,190.02999877929688,526500
2021-03-31,190.3300018310547,191.97999572753906,189.11000061035156,190.47999572753906,413100
2021-04-01,190.72000122070312,193.7899932861328,187.49000549316406,193.5,768500
2021-04-05,194.58999633789062,198.47000122070312,194.58999633789062,195.8800048828125,748500
2021-04-06,195.88999938964844,197.07000732421875,194.4600067138672,194.5,638600
2021-04-07,194.6300048828125,195.42999267578125,192.44000244140625,193.7899932861328,432300
2021-04-08,195.11000061035156,198.39999389648438,193.97999572753906,198.16000366210938,723700
2021-04-09,199.05999755859375,200.69000244140625,196.92999267578125,199.14999389648438,489700
2021-04-12,198.6199951171875,201.11000061035156,198.6199951171875,200.6199951171875,405700
2021-04-13,200.08999633789062,203.3000030517578,199.77999877929688,202.91000366210938,397200
2021-04-14,202.8800048828125,205.75,202.35000610351562,204.83999633789062,533500
2021-04-15,205.2100067138672,208.1699981689453,205.17999267578125,206.7100067138672,861000
2021-04-16,207.94000244140625,208.64999389648438,205.69000244140625,208.13999938964844,1025400
2021-04-19,207.94000244140625,209.1999969482422,206.6699981689453,208.6300048828125,437700
2021-04-20,208.9199981689453,211.25999450683594,207.94000244140625,209.38999938964844,819800
2021-04-21,210.47999572753906,212.64999389648438,208.97999572753906,212.52000427246094,475600
2021-04-22,212.2100067138672,213.5,210.1699981689453,212.3800048828125,447500
2021-04-23,212.94000244140625,215.47000122070312,210.75,214.82000732421875,617400
2021-04-26,214.9600067138672,216.74000549316406,214.0,216.47000122070312,402800
2021-04-27,213.0,214.3800048828125,212.1300048828125,212.42999267578125,1398200
2021-04-28,212.0800018310547,212.38999938964844,210.6300048828125,210.8800048828125,616100
2021-04-29,211.5800018310547,213.24000549316406,210.27999877929688,212.99000549316406,939000
2021-04-30,212.9499969482422,213.13999938964844,209.0399932861328,211.02000427246094,1020800
2021-05-03,212.83999633789062,214.83999633789062,211.27000427246094,213.47000122070312,640700
2021-05-04,212.8000030517578,213.6199951171875,211.1699981689453,211.97999572753906,605200
2021-05-05,212.61000061035156,212.61000061035156,208.72999572753906,209.42999267578125,734200
2021-05-06,209.05999755859375,210.30999755859375,208.0800018310547,210.30999755859375,517300
2021-05-07,210.47999572753906,213.94000244140625,210.47999572753906,211.5,545800
2021-05-10,211.94000244140625,211.94000244140625,207.58999633789062,207.63999938964844,611700
2021-05-11,206.75999450683594,206.89999389648438,203.22999572753906,204.64999389648438,628100
2021-05-12,203.33999633789062,203.3699951171875,197.50999450683594,197.74000549316406,536900
2021-05-13,198.7100067138672,200.05999755859375,197.69000244140625,198.99000549316406,440100
2021-05-14,199.9199981689453,200.57000732421875,197.63999938964844,197.77999877929688,602500
2021-05-17,197.4199981689453,198.94000244140625,196.25999450683594,196.57000732421875,652100
2021-05-18,196.55999755859375,197.10000610351562,194.6199951171875,195.9499969482422,669900
2021-05-19,194.02999877929688,194.47000122070312,188.3000030517578,189.39999389648438,1251400
2021-05-20,189.9499969482422,192.11000061035156,189.00999450683594,189.3000030517578,842200
2021-05-21,190.66000366210938,194.5399932861328,190.1199951171875,190.52999877929688,899500
2021-05-24,191.83999633789062,191.83999633789062,189.2899932861328,190.0,401200
2021-05-25,189.92999267578125,192.11000061035156,189.6999969482422,191.36000061035156,755200
2021-05-26,191.5399932861328,195.39999389648438,191.05999755859375,194.1699981689453,1103500
2021-05-27,193.25,194.5399932861328,190.80999755859375,190.88999938964844,976800
2021-05-28,191.72999572753906,193.3300018310547,190.60000610351562,190.86000061035156,695700
2021-06-01,191.97000122070312,192.13999938964844,188.10000610351562,188.42999267578125,3682200
2021-06-02,188.22999572753906,192.38999938964844,188.10000610351562,191.17999267578125,955600
2021-06-03,190.80999755859375,193.13999938964844,189.66000366210938,189.9600067138672,941700
2021-06-04,191.16000366210938,193.7100067138672,190.63999938964844,193.61000061035156,834100
2021-06-07,194.39999389648438,195.36000061035156,192.35000610351562,193.8300018310547,902200
2021-06-08,195.27000427246094,195.8800048828125,190.86000061035156,195.7100067138672,1045800
2021-06-09,195.91000366210938,196.5500030517578,194.63999938964844,195.5399932861328,771100
2021-06-10,195.8000030517578,199.0,195.8000030517578,198.22999572753906,1007900
2021-06-11,198.82000732421875,200.1199951171875,197.64999389648438,198.52999877929688,558900
2021-06-14,198.7100067138672,199.47999572753906,197.44000244140625,198.3699951171875,1027900
2021-06-15,198.97999572753906,199.4199981689453,196.72000122070312,198.22000122070312,718800
2021-06-16,198.42999267578125,200.82000732421875,198.0800018310547,198.83999633789062,517500
2021-06-17,198.83999633789062,201.9499969482422,198.55999755859375,200.27999877929688,535200
2021-06-18,199.60000610351562,200.38999938964844,197.5399932861328,199.1199951171875,849900
2021-06-21,200.07000732421875,201.5500030517578,197.64999389648438,201.36000061035156,654100
2021-06-22,201.99000549316406,205.3000030517578,201.36000061035156,204.5,539200
2021-06-23,204.22000122070312,206.44000244140625,203.05999755859375,205.5800018310547,524600
2021-06-24,207.27000427246094,207.27000427246094,204.08999633789062,204.1300048828125,616200
2021-06-25,204.55999755859375,207.24000549316406,204.55999755859375,206.8000030517578,514900
2021-06-28,207.0,207.82000732421875,205.66000366210938,207.22999572753906,414500
2021-06-29,208.0,208.1300048828125,205.72000122070312,206.4600067138672,421800
2021-06-30,206.50999450683594,207.11000061035156,204.58999633789062,206.3000030517578,534700
2021-07-01,206.02999877929688,209.0500030517578,206.02999877929688,208.9499969482422,412000
2021-07-02,209.6999969482422,210.0,207.85000610351562,209.6300048828125,341500
2021-07-06,208.94000244140625,210.75999450683594,207.92999267578125,210.72000122070312,581800
2021-07-07,210.97000122070312,213.44000244140625,209.27999877929688,213.35000610351562,476200
2021-07-08,211.75,211.9499969482422,210.10000610351562,211.3000030517578,367900
2021-07-09,211.7100067138672,212.9499969482422,210.27999877929688,211.24000549316406,439000
2021-07-12,210.75,211.89999389648438,210.02000427246094,210.8000030517578,489700
2021-07-13,210.6199951171875,211.02999877929688,208.22000122070312,208.72000122070312,300800
2021-07-14,208.9499969482422,209.57000732421875,207.0,208.0,342800
2021-07-15,206.52999877929688,207.6999969482422,204.27000427246094,206.5399932861328,379400
2021-07-16,207.74000549316406,209.24000549316406,206.52000427246094,207.6999969482422,305600
2021-07-19,205.97000122070312,207.5800018310547,202.9600067138672,204.3000030517578,404800
2021-07-20,204.7899932861328,210.11000061035156,204.7899932861328,208.35000610351562,402200
2021-07-21,209.52000427246094,209.9499969482422,206.8300018310547,209.85000610351562,315400
2021-07-22,210.47000122070312,212.25,209.72999572753906,212.1699981689453,295600
2021-07-23,213.25999450683594,213.88999938964844,211.72999572753906,212.47000122070312,354000
2021-07-26,211.61000061035156,213.52000427246094,209.8800048828125,211.69000244140625,255700
2021-07-27,211.67999267578125,214.97000122070312,211.30999755859375,214.86000061035156,315400
2021-07-28,214.9600067138672,215.5,213.61000061035156,214.27999877929688,433600
2021-07-29,215.2899932861328,217.33999633789062,214.39999389648438,216.77000427246094,423500
2021-07-30,216.77000427246094,219.5399932861328,216.10000610351562,217.9499969482422,349700
2021-08-02,219.02999877929688,219.97999572753906,217.86000061035156,218.3300018310547,376900
2021-08-03,218.42999267578125,219.33999633789062,216.41000366210938,218.94000244140625,363200
2021-08-04,218.2899932861328,219.50999450683594,216.0399932861328,216.47000122070312,360700
2021-08-05,217.05999755859375,217.25999450683594,214.17999267578125,215.52999877929688,578600
2021-08-06,214.92999267578125,216.77000427246094,214.2899932861328,216.2899932861328,688800
2021-08-09,217.1300048828125,217.1300048828125,214.6199951171875,215.00999450683594,700300
2021-08-10,217.0,225.47999572753906,214.8800048828125,217.6199951171875,755800
2021-08-11,217.41000366210938,219.25999450683594,216.6699981689453,217.5800018310547,429600
2021-08-12,216.88999938964844,218.61000061035156,216.19000244140625,218.1699981689453,489200
2021-08-13,218.44000244140625,220.33999633789062,217.91000366210938,218.85000610351562,294100
2021-08-16,219.1199951171875,222.25999450683594,218.1999969482422,221.9600067138672,409600
2021-08-17,221.77000427246094,226.0,221.5800018310547,225.82000732421875,540900
2021-08-18,225.3000030517578,225.6699981689453,216.16000366210938,216.27999877929688,695700
2021-08-19,215.39999389648438,216.14999389648438,212.82000732421875,214.88999938964844,700400
2021-08-20,214.6300048828125,215.5500030517578,212.9499969482422,214.89999389648438,621700
2021-08-23,215.99000549316406,216.39999389648438,212.9199981689453,213.22999572753906,455400
2021-08-24,212.9600067138672,215.77000427246094,212.55999755859375,213.63999938964844,299000
2021-08-25,213.69000244140625,216.47000122070312,212.91000366210938,216.02999877929688,449900
2021-08-26,216.1199951171875,216.1199951171875,212.4199981689453,212.6300048828125,305700
2021-08-27,213.08999633789062,216.0,212.22999572753906,213.61000061035156,368500
2021-08-30,213.86000061035156,215.8000030517578,213.22999572753906,214.6199951171875,276800
2021-08-31,214.6699981689453,215.5800018310547,213.33999633789062,215.00999450683594,487900
2021-09-01,215.47999572753906,217.5800018310547,213.8699951171875,217.19000244140625,344400
2021-09-02,218.13999938964844,219.14999389648438,217.27999877929688,218.07000732421875,350100
2021-09-03,218.1999969482422,218.64999389648438,215.22000122070312,217.82000732421875,470500
2021-09-07,216.6699981689453,217.05999755859375,213.1300048828125,214.38999938964844,447800
2021-09-08,214.57000732421875,216.86000061035156,214.41000366210938,216.77000427246094,251500
2021-09-09,217.11000061035156,217.38999938964844,212.47999572753906,213.1199951171875,404600
2021-09-10,213.64999389648438,213.94000244140625,209.5800018310547,209.7100067138672,472500
2021-09-13,211.3800048828125,211.6999969482422,208.33999633789062,210.1999969482422,423800
2021-09-14,211.63999938964844,216.36000061035156,211.33999633789062,215.94000244140625,553800
2021-09-15,215.5500030517578,218.22999572753906,213.88999938964844,214.9600067138672,527800
2021-09-16,214.92999267578125,216.30999755859375,213.0,215.4199981689453,484700
2021-09-17,213.61000061035156,215.8800048828125,212.0,215.08999633789062,1639900
2021-09-20,213.0800018310547,214.52999877929688,210.6999969482422,212.52000427246094,506800
2021-09-21,214.2100067138672,215.39999389648438,211.30999755859375,212.1199951171875,489700
2021-09-22,213.17999267578125,216.1300048828125,212.07000732421875,215.7100067138672,349700
2021-09-23,216.5,221.05999755859375,216.5,220.36000061035156,520100
2021-09-24,220.0399932861328,220.99000549316406,219.07000732421875,220.2100067138672,286300
2021-09-27,219.4199981689453,219.7100067138672,213.25999450683594,215.02000427246094,312100
2021-09-28,213.05999755859375,214.0399932861328,209.77999877929688,210.52999877929688,460400
2021-09-29,210.5,211.8800048828125,207.42999267578125,209.11000061035156,385600
2021-09-30,209.75999450683594,210.5399932861328,204.25,204.27999877929688,441000
2021-10-01,205.16000366210938,208.97000122070312,202.02999877929688,207.60000610351562,495300
2021-10-04,206.3300018310547,208.1699981689453,203.9199981689453,206.02000427246094,573700
2021-10-05,206.97000122070312,210.22000122070312,206.22000122070312,207.6199951171875,645800
2021-10-06,206.38999938964844,212.8800048828125,205.33999633789062,212.1999969482422,604300
2021-10-07,213.94000244140625,217.92999267578125,213.32000732421875,217.3300018310547,630000
2021-10-08,217.67999267578125,219.5399932861328,217.50999450683594,219.49000549316406,614300
2021-10-11,220.0,222.02000427246094,218.89999389648438,221.5399932861328,820000
2021-10-12,222.27000427246094,223.89999389648438,217.42999267578125,218.2100067138672,630900
2021-10-13,217.91000366210938,221.02000427246094,217.0500030517578,220.0500030517578,486000
2021-10-14,221.8800048828125,225.3800048828125,221.8800048828125,224.19000244140625,473900
2021-10-15,225.1300048828125,225.66000366210938,222.75,225.08999633789062,340500
2021-10-18,224.16000366210938,224.60000610351562,221.5800018310547,223.1999969482422,309700
2021-10-19,224.74000549316406,229.4199981689453,224.74000549316406,227.02999877929688,356900
2021-10-20,227.32000732421875,229.1699981689453,223.14999389648438,226.11000061035156,739900
2021-10-21,226.8000030517578,232.52999877929688,225.1300048828125,232.27999877929688,442900
2021-10-22,231.88999938964844,235.4499969482422,231.88999938964844,235.30999755859375,361300
2021-10-25,235.4600067138672,237.10000610351562,234.08999633789062,235.3699951171875,395300
2021-10-26,237.1999969482422,237.27000427246094,234.00999450683594,235.36000061035156,316900
2021-10-27,234.9600067138672,234.9600067138672,231.17999267578125,232.11000061035156,313000
2021-10-28,232.7100067138672,234.97999572753906,231.55999755859375,232.94000244140625,302400
2021-10-29,232.58999633789062,234.3300018310547,229.75999450683594,233.74000549316406,475600
2021-11-01,234.85000610351562,236.41000366210938,234.27000427246094,235.77999877929688,397000
2021-11-02,235.7899932861328,237.0,234.75,236.72999572753906,558300
2021-11-03,236.0,236.0,222.3000030517578,222.72000122070312,857000
2021-11-04,223.97000122070312,226.36000061035156,220.86000061035156,222.24000549316406,584900
2021-11-05,221.3800048828125,226.32000732421875,221.3800048828125,224.5800018310547,340700
2021-11-08,225.0,230.3000030517578,224.9499969482422,230.00999450683594,312300
2021-11-09,229.32000732421875,232.27999877929688,227.86000061035156,228.99000549316406,416600
2021-11-10,229.30999755859375,232.22000122070312,227.8300018310547,231.9600067138672,381400
2021-11-11,231.75,231.99000549316406,228.6999969482422,231.52000427246094,234600
2021-11-12,232.4199981689453,232.4199981689453,228.4199981689453,231.5500030517578,525100
2021-11-15,231.6999969482422,233.47999572753906,230.0,232.3800048828125,356200
2021-11-16,232.9499969482422,237.35000610351562,231.9499969482422,236.27999877929688,517300
2021-11-17,236.6199951171875,236.72000122070312,230.5,231.5500030517578,636000
2021-11-18,232.00999450683594,234.07000732421875,229.02999877929688,234.0,312100
2021-11-19,235.27999877929688,235.27999877929688,232.19000244140625,233.5399932861328,1067700
2021-11-22,232.1699981689453,233.8300018310547,230.5,230.9600067138672,390500
2021-11-23,229.89999389648438,230.50999450683594,227.1699981689453,228.8800048828125,327600
2021-11-24,228.08999633789062,229.80999755859375,226.35000610351562,228.0,224900
2021-11-26,227.8800048828125,230.27000427246094,226.75,227.30999755859375,232800
2021-11-29,228.9199981689453,230.33999633789062,226.47000122070312,226.69000244140625,407400
2021-11-30,225.3300018310547,226.8000030517578,217.60000610351562,218.52999877929688,1245100
2021-12-01,219.89999389648438,221.57000732421875,215.61000061035156,215.63999938964844,592800
2021-12-02,215.5800018310547,221.88999938964844,215.5,220.6300048828125,397800
2021-12-03,221.77000427246094,221.77000427246094,216.77999877929688,219.57000732421875,271200
2021-12-06,220.57000732421875,226.08999633789062,220.13999938964844,225.49000549316406,525700
2021-12-07,227.72000122070312,230.92999267578125,226.5,228.32000732421875,375100
2021-12-08,228.36000061035156,231.82000732421875,227.97999572753906,230.58999633789062,299800
2021-12-09,229.99000549316406,233.14999389648438,229.35000610351562,232.3699951171875,448000
2021-12-10,232.82000732421875,235.44000244140625,229.02000427246094,229.7899932861328,265000
2021-12-13,229.82000732421875,230.91000366210938,227.58999633789062,230.02000427246094,413100
2021-12-14,228.0800018310547,229.8000030517578,224.80999755859375,226.8300018310547,406200
2021-12-15,228.1300048828125,229.39999389648438,224.97000122070312,229.05999755859375,375700
2021-12-16,230.0800018310547,232.85000610351562,229.32000732421875,230.89999389648438,543200
2021-12-17,231.49000549316406,235.9499969482422,229.8300018310547,232.5399932861328,873600
2021-12-20,230.5,230.72000122070312,222.5500030517578,226.77999877929688,552800
2021-12-21,227.42999267578125,231.3300018310547,225.8699951171875,231.2100067138672,296300
2021-12-22,231.80999755859375,235.14999389648438,231.24000549316406,234.83999633789062,294600
2021-12-23,235.1199951171875,242.33999633789062,234.88999938964844,241.07000732421875,520700
2021-12-27,242.0500030517578,245.19000244140625,241.17999267578125,244.97999572753906,264900
2021-12-28,244.97999572753906,245.44000244140625,243.22000122070312,243.7899932861328,199000
2021-12-29,244.1199951171875,244.75,241.49000549316406,242.32000732421875,285600
2021-12-30,243.4600067138672,245.82000732421875,241.4199981689453,245.1699981689453,308500
2021-12-31,244.8300018310547,245.05999755859375,242.91000366210938,243.41000366210938,212200
2022-01-03,243.11000061035156,243.75999450683594,239.6699981689453,242.57000732421875,351600
2022-01-04,242.8800048828125,248.3000030517578,242.61000061035156,245.16000366210938,478200
2022-01-05,244.82000732421875,245.61000061035156,238.8699951171875,238.91000366210938,554000
2022-01-06,239.16000366210938,241.5,235.85000610351562,238.4600067138672,459900
2022-01-07,237.22999572753906,238.0500030517578,232.8000030517578,234.80999755859375,416900
2022-01-10,233.22000122070312,233.77999877929688,227.5,231.52000427246094,476800
2022-01-11,231.77999877929688,234.92999267578125,228.88999938964844,234.75,465900
2022-01-12,235.7899932861328,243.33999633789062,235.49000549316406,241.67999267578125,718000
2022-01-13,240.52999877929688,241.99000549316406,234.58999633789062,234.85000610351562,387000
2022-01-14,233.13999938964844,235.99000549316406,232.42999267578125,234.52000427246094,425000
2022-01-18,231.42999267578125,231.9600067138672,227.74000549316406,230.3800048828125,398600
2022-01-19,231.07000732421875,236.2100067138672,231.07000732421875,231.86000061035156,470100
2022-01-20,232.91000366210938,237.85000610351562,226.50999450683594,226.85000610351562,660100
2022-01-21,226.3699951171875,230.32000732421875,224.3800048828125,227.67999267578125,511700
2022-01-24,224.49000549316406,224.9600067138672,217.1199951171875,224.2899932861328,554800
2022-01-25,220.9600067138672,223.3000030517578,217.13999938964844,221.11000061035156,379700
2022-01-26,222.22999572753906,224.6999969482422,216.39999389648438,218.1199951171875,438300
2022-01-27,219.66000366210938,220.9499969482422,211.99000549316406,215.16000366210938,604200
2022-01-28,215.36000061035156,220.02999877929688,212.27999877929688,219.85000610351562,371800
2022-01-31,220.25999450683594,224.8000030517578,219.72999572753906,224.39999389648438,376200
2022-02-01,224.77000427246094,225.92999267578125,222.72000122070312,225.63999938964844,434100
2022-02-02,225.5,228.82000732421875,224.27000427246094,228.64999389648438,476700
2022-02-03,227.14999389648438,228.60000610351562,225.6199951171875,228.3000030517578,404200
2022-02-04,226.72000122070312,229.27999877929688,225.10000610351562,225.94000244140625,456400
2022-02-07,224.85000610351562,228.39999389648438,224.85000610351562,226.8699951171875,493900
2022-02-08,225.74000549316406,231.52999877929688,224.57000732421875,230.69000244140625,678100
2022-02-09,235.88999938964844,244.72000122070312,234.1300048828125,237.35000610351562,849700
2022-02-10,234.42999267578125,238.58999633789062,232.14999389648438,233.2100067138672,588300
2022-02-11,233.0800018310547,234.63999938964844,228.72999572753906,229.7899932861328,476100
2022-02-14,230.5,231.6999969482422,224.5399932861328,226.5500030517578,459000
2022-02-15,228.83999633789062,232.91000366210938,227.77000427246094,232.36000061035156,528600
2022-02-16,230.89999389648438,233.94000244140625,227.1199951171875,232.99000549316406,538500
2022-02-17,230.8699951171875,230.94000244140625,225.55999755859375,226.6999969482422,625300
2022-02-18,226.1199951171875,227.9499969482422,224.24000549316406,226.02999877929688,432200
2022-02-22,225.5399932861328,231.0,224.89999389648438,229.3699951171875,623500
2022-02-23,229.97000122070312,231.00999450683594,224.4199981689453,224.9499969482422,338700
2022-02-24,221.42999267578125,229.75,219.5800018310547,229.2100067138672,470400
2022-02-25,229.5,237.75999450683594,228.6199951171875,237.32000732421875,380300
2022-02-28,234.99000549316406,240.58999633789062,233.47000122070312,240.0,826800
2022-03-01,237.39999389648438,241.72999572753906,235.58999633789062,237.25999450683594,544200
2022-03-02,239.30999755859375,243.0500030517578,236.82000732421875,242.1699981689453,359800
2022-03-03,243.58999633789062,246.17999267578125,241.85000610351562,244.05999755859375,368100
2022-03-04,241.13999938964844,245.5500030517578,236.88999938964844,245.17999267578125,441100
2022-03-07,244.41000366210938,245.13999938964844,237.4199981689453,238.6699981689453,657200
2022-03-08,237.8000030517578,238.25,224.97000122070312,225.10000610351562,780500
2022-03-09,228.6300048828125,231.02999877929688,226.02000427246094,228.64999389648438,726000
2022-03-10,225.05999755859375,226.6699981689453,220.91000366210938,222.0,833700
2022-03-11,223.9199981689453,226.02000427246094,218.5800018310547,218.75999450683594,501200
2022-03-14,221.47000122070312,224.10000610351562,216.9499969482422,217.49000549316406,679800
2022-03-15,220.58999633789062,222.7100067138672,217.97000122070312,222.24000549316406,480300
2022-03-16,223.97000122070312,227.41000366210938,222.49000549316406,227.0399932861328,518800
2022-03-17,225.36000061035156,232.17999267578125,225.36000061035156,232.00999450683594,357000
2022-03-18,231.35000610351562,235.1699981689453,229.7100067138672,234.7100067138672,741700
2022-03-21,234.00999450683594,236.50999450683594,232.05999755859375,233.94000244140625,351800
2022-03-22,234.22000122070312,236.61000061035156,232.8300018310547,235.3800048828125,327900
2022-03-23,234.7899932861328,234.7899932861328,229.8300018310547,230.05999755859375,395700
2022-03-24,231.13999938964844,232.41000366210938,229.69000244140625,232.3699951171875,216700
2022-03-25,233.82000732421875,238.39999389648438,232.85000610351562,238.22000122070312,311100
2022-03-28,238.5800018310547,243.6699981689453,238.5800018310547,243.49000549316406,446500
2022-03-29,246.0,247.27000427246094,243.27999877929688,247.17999267578125,399800
2022-03-30,247.1199951171875,248.08999633789062,244.52999877929688,245.88999938964844,316500
2022-03-31,244.39999389648438,247.0,241.6199951171875,241.77000427246094,579200
2022-04-01,242.3000030517578,249.05999755859375,240.91000366210938,248.0,462500
2022-04-04,247.32000732421875,247.83999633789062,241.02000427246094,246.25,470800
2022-04-05,245.25,249.47000122070312,244.55999755859375,245.6999969482422,361800
2022-04-06,244.67999267578125,249.63999938964844,244.19000244140625,248.85000610351562,386100
2022-04-07,248.57000732421875,250.33999633789062,247.07000732421875,248.44000244140625,628700
2022-04-08,248.25,250.88999938964844,245.94000244140625,249.1199951171875,480300
2022-04-11,248.1300048828125,249.08999633789062,244.33999633789062,247.22999572753906,417500
2022-04-12,247.22000122070312,251.69000244140625,245.72000122070312,246.52000427246094,386100
2022-04-13,246.27999877929688,250.66000366210938,245.60000610351562,249.35000610351562,285700
2022-04-14,250.42999267578125,251.1699981689453,243.99000549316406,244.4600067138672,533300
2022-04-18,244.5800018310547,245.16000366210938,240.99000549316406,241.89999389648438,320600
2022-04-19,243.4600067138672,248.5,242.6699981689453,247.35000610351562,343200
2022-04-20,248.80999755859375,255.92999267578125,248.80999755859375,252.9199981689453,389400
2022-04-21,254.25999450683594,255.47000122070312,247.32000732421875,247.91000366210938,469900
2022-04-22,245.0,245.17999267578125,233.08999633789062,233.4499969482422,509700
2022-04-25,232.11000061035156,238.91000366210938,229.3300018310547,238.16000366210938,483500
2022-04-26,235.83999633789062,237.0500030517578,233.3000030517578,233.4600067138672,243200
2022-04-27,233.83999633789062,235.80999755859375,230.67999267578125,231.32000732421875,385800
2022-04-28,232.47000122070312,233.55999755859375,229.7100067138672,231.72999572753906,324600
2022-04-29,229.63999938964844,230.10000610351562,223.25,224.0500030517578,513300
2022-05-02,225.3000030517578,226.55999755859375,219.42999267578125,224.05999755859375,610600
2022-05-03,224.83999633789062,227.33999633789062,223.64999389648438,226.0800018310547,424800
2022-05-04,225.9499969482422,233.3800048828125,222.88999938964844,232.33999633789062,287200
2022-05-05,230.82000732421875,231.57000732421875,224.75,226.97000122070312,428500
2022-05-06,225.0,226.5399932861328,221.33999633789062,224.7100067138672,555200
2022-05-09,221.27000427246094,222.5,212.3300018310547,213.16000366210938,803900
2022-05-10,215.1199951171875,216.61000061035156,210.14999389648438,215.3699951171875,637600
2022-05-11,214.72000122070312,219.11000061035156,211.8699951171875,212.57000732421875,672100
2022-05-12,213.16000366210938,222.8699951171875,209.05999755859375,218.38999938964844,655800
2022-05-13,220.24000549316406,223.4199981689453,215.5,216.17999267578125,570300
2022-05-16,216.17999267578125,218.4499969482422,214.1300048828125,217.94000244140625,383000
2022-05-17,220.13999938964844,221.63999938964844,217.39999389648438,221.6300048828125,380500
2022-05-18,219.4499969482422,220.6199951171875,218.47000122070312,219.11000061035156,407500
2022-05-19,218.1699981689453,223.9199981689453,218.1300048828125,223.39999389648438,505800
2022-05-20,225.69000244140625,226.66000366210938,221.14999389648438,225.94000244140625,578700
2022-05-23,229.19000244140625,229.60000610351562,223.64999389648438,227.5399932861328,388900
2022-05-24,227.1199951171875,228.8300018310547,224.0,228.57000732421875,333000
2022-05-25,228.24000549316406,230.25,226.4499969482422,228.4199981689453,364900
2022-05-26,230.07000732421875,231.1699981689453,228.88999938964844,230.7100067138672,289300
2022-05-27,232.24000549316406,236.10000610351562,231.63999938964844,235.0,253400
2022-05-31,232.50999450683594,234.25999450683594,228.02999877929688,228.1999969482422,864700
2022-06-01,228.19000244140625,229.05999755859375,218.69000244140625,221.4600067138672,664500
2022-06-02,221.89999389648438,227.47000122070312,217.6699981689453,227.32000732421875,342500
2022-06-03,225.33999633789062,225.83999633789062,219.77999877929688,220.47000122070312,503900
2022-06-06,221.64999389648438,224.02000427246094,219.02000427246094,221.89999389648438,324700
2022-06-07,220.52999877929688,227.2100067138672,220.11000061035156,227.16000366210938,522100
2022-06-08,225.97999572753906,229.97999572753906,225.8699951171875,227.86000061035156,869300
2022-06-09,225.3000030517578,226.86000061035156,221.4499969482422,221.58999633789062,496300
2022-06-10,218.08999633789062,224.22000122070312,216.08999633789062,220.88999938964844,470400
2022-06-13,215.25999450683594,217.0,210.0500030517578,211.22999572753906,478700
2022-06-14,211.36000061035156,211.4499969482422,200.97000122070312,203.6699981689453,781800
2022-06-15,205.30999755859375,206.52999877929688,197.6300048828125,202.27999877929688,736100
2022-06-16,198.1199951171875,198.77999877929688,193.19000244140625,195.07000732421875,593000
2022-06-17,195.24000549316406,198.1199951171875,192.39999389648438,192.77999877929688,972100
2022-06-21,195.63999938964844,197.99000549316406,192.99000549316406,195.17999267578125,486700
2022-06-22,193.3000030517578,201.86000061035156,193.3000030517578,200.83999633789062,563700
2022-06-23,201.9499969482422,205.27999877929688,199.97999572753906,202.44000244140625,520600
2022-06-24,204.41000366210938,207.99000549316406,203.11000061035156,207.88999938964844,790400
2022-06-27,208.02999877929688,209.3800048828125,206.1699981689453,207.8000030517578,287000
2022-06-28,208.97999572753906,209.6199951171875,203.91000366210938,204.5500030517578,394500
2022-06-29,205.72999572753906,208.6300048828125,204.00999450683594,208.3300018310547,363100
2022-06-30,206.3000030517578,209.0,204.38999938964844,206.14999389648438,482300
2022-07-01,206.8699951171875,211.83999633789062,205.10000610351562,210.9600067138672,372000
2022-07-05,208.27999877929688,208.94000244140625,203.6300048828125,208.72999572753906,445100
2022-07-06,208.82000732421875,211.5800018310547,207.4199981689453,210.38999938964844,659200
2022-07-07,210.55999755859375,211.52000427246094,206.97000122070312,207.1999969482422,473200
2022-07-08,207.27999877929688,210.50999450683594,207.27999877929688,209.39999389648438,419300
2022-07-11,206.9499969482422,210.30999755859375,206.9499969482422,209.08999633789062,462700
2022-07-12,208.52999877929688,212.36000061035156,206.6300048828125,207.94000244140625,692400
2022-07-13,205.02000427246094,207.67999267578125,204.63999938964844,205.4199981689453,362300
2022-07-14,205.05999755859375,207.25,203.1699981689453,206.7899932861328,458700
2022-07-15,210.00999450683594,210.77000427246094,208.0,209.25999450683594,363400
2022-07-18,209.33999633789062,210.88999938964844,207.24000549316406,207.92999267578125,434300
2022-07-19,210.07000732421875,213.22000122070312,210.0500030517578,212.97000122070312,497800
2022-07-20,213.0,215.16000366210938,211.57000732421875,213.42999267578125,260500
2022-07-21,214.52000427246094,219.80999755859375,213.11000061035156,219.7100067138672,390600
2022-07-22,220.94000244140625,223.42999267578125,216.57000732421875,217.52999877929688,273400
2022-07-25,217.94000244140625,218.3300018310547,216.47000122070312,218.07000732421875,186700
2022-07-26,217.94000244140625,219.86000061035156,216.4199981689453,219.4600067138672,270300
2022-07-27,221.1300048828125,222.85000610351562,219.4600067138672,221.52999877929688,454200
2022-07-28,222.22000122070312,226.1199951171875,220.30999755859375,225.11000061035156,452300
2022-07-29,225.17999267578125,227.0,223.9199981689453,225.64999389648438,472900
2022-08-01,223.8300018310547,224.97000122070312,221.49000549316406,222.50999450683594,432500
2022-08-02,222.3800048828125,227.36000061035156,221.1199951171875,224.44000244140625,482000
2022-08-03,217.5,218.25,200.52999877929688,203.0,1329900
2022-08-04,201.83999633789062,208.4199981689453,200.35000610351562,207.99000549316406,981300
2022-08-05,206.89999389648438,212.0500030517578,205.88999938964844,211.97999572753906,710700
2022-08-08,213.4199981689453,214.02000427246094,211.50999450683594,213.4199981689453,727700
2022-08-09,214.2899932861328,215.07000732421875,208.30999755859375,208.9600067138672,621800
2022-08-10,212.50999450683594,212.60000610351562,209.60000610351562,210.25999450683594,358500
2022-08-11,212.11000061035156,214.1300048828125,210.02000427246094,210.2100067138672,246100
2022-08-12,210.74000549316406,214.10000610351562,210.16000366210938,213.89999389648438,269500
2022-08-15,212.4199981689453,214.64999389648438,211.7899932861328,213.9600067138672,185000
2022-08-16,212.50999450683594,214.6999969482422,210.6999969482422,212.47000122070312,283600
2022-08-17,210.8800048828125,212.1999969482422,210.02999877929688,211.6300048828125,267000
2022-08-18,212.91000366210938,213.1699981689453,210.5800018310547,212.82000732421875,315400
2022-08-19,211.49000549316406,211.97000122070312,209.5800018310547,209.88999938964844,397300
2022-08-22,207.49000549316406,208.64999389648438,204.5800018310547,205.44000244140625,392200
2022-08-23,205.07000732421875,205.16000366210938,201.32000732421875,202.7899932861328,237300
2022-08-24,203.30999755859375,206.16000366210938,202.4499969482422,205.52999877929688,304200
2022-08-25,206.99000549316406,210.27999877929688,205.75,210.14999389648438,332400
2022-08-26,210.27999877929688,210.27999877929688,200.88999938964844,200.99000549316406,318900
2022-08-29,199.19000244140625,200.1199951171875,196.16000366210938,198.52000427246094,727300
2022-08-30,198.61000061035156,199.19000244140625,196.38999938964844,198.5,357500
2022-08-31,199.8000030517578,203.22999572753906,199.8000030517578,201.3800048828125,868400
2022-09-01,200.0399932861328,201.00999450683594,198.5500030517578,200.22000122070312,571300
2022-09-02,201.97999572753906,203.6699981689453,197.86000061035156,199.1699981689453,343300
2022-09-06,199.0,200.1999969482422,196.19000244140625,197.38999938964844,400600
2022-09-07,197.6300048828125,204.19000244140625,197.50999450683594,203.92999267578125,412800
2022-09-08,201.8800048828125,205.8699951171875,201.69000244140625,204.8300018310547,457300
2022-09-09,205.36000061035156,210.99000549316406,205.36000061035156,210.3000030517578,555800
2022-09-12,211.0399932861328,213.66000366210938,210.25,212.0,769000
2022-09-13,208.80999755859375,210.52000427246094,205.08999633789062,205.30999755859375,504900
2022-09-14,205.41000366210938,205.66000366210938,202.19000244140625,203.64999389648438,498600
2022-09-15,203.36000061035156,205.1699981689453,199.0399932861328,199.36000061035156,554500
2022-09-16,197.02000427246094,197.8699951171875,193.67999267578125,193.72000122070312,1409000
2022-09-19,191.9499969482422,193.08999633789062,187.97000122070312,190.1999969482422,829200
2022-09-20,187.9600067138672,187.9600067138672,181.32000732421875,183.11000061035156,901500
2022-09-21,183.57000732421875,184.19000244140625,177.5399932861328,177.63999938964844,809900
2022-09-22,176.8699951171875,178.22999572753906,175.67999267578125,176.75999450683594,892500
2022-09-23,172.42999267578125,172.82000732421875,162.19000244140625,167.2899932861328,2465800
2022-09-26,167.1300048828125,167.77000427246094,161.25999450683594,164.10000610351562,1031300
2022-09-27,165.89999389648438,165.89999389648438,160.0800018310547,160.72000122070312,952400
2022-09-28,162.4499969482422,164.2100067138672,160.38999938964844,162.8000030517578,636500
2022-09-29,161.60000610351562,167.47999572753906,161.02000427246094,167.11000061035156,1087200
2022-09-30,167.94000244140625,170.5500030517578,165.25999450683594,166.27999877929688,1285600
2022-10-03,168.8000030517578,172.36000061035156,167.2899932861328,170.07000732421875,548700
2022-10-04,172.1999969482422,176.1300048828125,172.0500030517578,175.8300018310547,710200
2022-10-05,173.02000427246094,175.49000549316406,170.00999450683594,173.0399932861328,744000
2022-10-06,173.02999877929688,173.8000030517578,171.30999755859375,172.74000549316406,949700
2022-10-07,172.0,172.27999877929688,169.52000427246094,170.19000244140625,831500
2022-10-10,171.3800048828125,171.3800048828125,166.92999267578125,168.55999755859375,463700
2022-10-11,168.55999755859375,170.11000061035156,166.0500030517578,168.66000366210938,489100
2022-10-12,168.66000366210938,168.66000366210938,162.07000732421875,162.27000427246094,623400
2022-10-13,159.47000122070312,170.94000244140625,159.2100067138672,169.47000122070312,694100
2022-10-14,170.61000061035156,170.75,164.22999572753906,165.83999633789062,720000
2022-10-17,168.52000427246094,171.38999938964844,166.82000732421875,170.0500030517578,517200
2022-10-18,173.94000244140625,174.22000122070312,170.1199951171875,170.7899932861328,384600
2022-10-19,169.3699951171875,170.57000732421875,165.75,167.1300048828125,417600
2022-10-20,166.41000366210938,168.52999877929688,165.02999877929688,165.85000610351562,448800
2022-10-21,165.60000610351562,167.82000732421875,163.3699951171875,167.22000122070312,389900
2022-10-24,168.63999938964844,170.0,167.52000427246094,169.72999572753906,277400
2022-10-25,169.82000732421875,172.30999755859375,169.82000732421875,171.89999389648438,332100
2022-10-26,172.75,175.36000061035156,171.5399932861328,172.89999389648438,413900
2022-10-27,173.02999877929688,173.72999572753906,169.9600067138672,171.41000366210938,535700
2022-10-28,171.74000549316406,174.36000061035156,170.10000610351562,172.8800048828125,406500
2022-10-31,172.32000732421875,174.5800018310547,170.58999633789062,172.5800018310547,591000
2022-11-01,173.8000030517578,175.9499969482422,171.24000549316406,172.8699951171875,449300
2022-11-02,172.3000030517578,173.3699951171875,165.80999755859375,165.9499969482422,483000
2022-11-03,163.89999389648438,164.92999267578125,161.74000549316406,161.9499969482422,656000
2022-11-04,164.52999877929688,164.69000244140625,161.13999938964844,162.94000244140625,563900
2022-11-07,164.5399932861328,164.64999389648438,160.69000244140625,163.57000732421875,806900
2022-11-08,164.0,165.77999877929688,160.7899932861328,163.58999633789062,688900
2022-11-09,163.2100067138672,164.94000244140625,160.14999389648438,160.97999572753906,771300
2022-11-10,166.30999755859375,169.89999389648438,161.33999633789062,169.27000427246094,922000
2022-11-11,168.8800048828125,172.9199981689453,168.8800048828125,172.5399932861328,773600
2022-11-14,171.82000732421875,172.92999267578125,166.9199981689453,167.77999877929688,665400
2022-11-15,169.38999938964844,170.5800018310547,166.94000244140625,167.72999572753906,534200
2022-11-16,167.9600067138672,168.30999755859375,164.97000122070312,166.33999633789062,731100
2022-11-17,165.35000610351562,168.35000610351562,163.52999877929688,166.05999755859375,465300
2022-11-18,168.1199951171875,169.41000366210938,165.44000244140625,166.00999450683594,445800
2022-11-21,166.99000549316406,180.00999450683594,166.99000549316406,177.2100067138672,1283000
2022-11-22,177.30999755859375,178.2899932861328,174.13999938964844,177.82000732421875,621200
2022-11-23,177.82000732421875,181.0,177.0,180.50999450683594,467100
2022-11-25,181.4199981689453,181.4199981689453,179.83999633789062,180.5800018310547,141800
2022-11-28,179.17999267578125,180.85000610351562,177.72000122070312,178.24000549316406,443600
2022-11-29,177.85000610351562,179.8800048828125,177.85000610351562,178.38999938964844,368600
2022-11-30,178.83999633789062,185.75999450683594,178.27000427246094,185.74000549316406,864600
2022-12-01,186.82000732421875,193.1999969482422,186.82000732421875,192.30999755859375,789300
2022-12-02,190.0800018310547,193.30999755859375,189.8000030517578,191.91000366210938,431800
2022-12-05,189.8800048828125,190.60000610351562,184.72000122070312,185.47000122070312,563100
2022-12-06,184.91000366210938,185.30999755859375,182.3800048828125,183.57000732421875,391400
2022-12-07,183.97999572753906,185.9499969482422,182.36000061035156,185.55999755859375,485400
2022-12-08,185.92999267578125,190.6300048828125,184.80999755859375,190.27999877929688,686300
2022-12-09,189.27000427246094,192.42999267578125,188.99000549316406,191.9600067138672,834900
2022-12-12,192.3300018310547,197.05999755859375,192.0,194.77999877929688,850700
2022-12-13,200.19000244140625,200.83999633789062,195.0500030517578,199.0800018310547,858900
2022-12-14,198.22000122070312,199.3699951171875,193.0,193.72000122070312,616700
2022-12-15,190.82000732421875,191.67999267578125,187.17999267578125,187.86000061035156,556700
2022-12-16,185.8300018310547,187.49000549316406,182.27000427246094,183.02999877929688,1031000
2022-12-19,182.86000061035156,184.3000030517578,179.9600067138672,180.5,441500
2022-12-20,179.41000366210938,182.33999633789062,178.41000366210938,180.14999389648438,525500
2022-12-21,180.83999633789062,183.27999877929688,179.97999572753906,181.47999572753906,458700
2022-12-22,180.11000061035156,181.8699951171875,176.77999877929688,181.86000061035156,489800
2022-12-23,181.64999389648438,182.91000366210938,180.22999572753906,182.05999755859375,255400
2022-12-27,181.99000549316406,184.27999877929688,180.0500030517578,183.1999969482422,276100
2022-12-28,183.0,186.16000366210938,182.0800018310547,182.35000610351562,416500
2022-12-29,183.97999572753906,188.47999572753906,182.4600067138672,186.1999969482422,272800
2022-12-30,184.57000732421875,185.67999267578125,182.88999938964844,184.69000244140625,336800
2023-01-03,186.57000732421875,188.85000610351562,184.19000244140625,185.5800018310547,363800
2023-01-04,188.2100067138672,191.41000366210938,187.3300018310547,191.32000732421875,511800
2023-01-05,190.13999938964844,190.9499969482422,186.5800018310547,187.2899932861328,341200
2023-01-06,189.39999389648438,192.11000061035156,186.72999572753906,191.75,280700
2023-01-09,192.61000061035156,193.66000366210938,190.08999633789062,190.85000610351562,354300
2023-01-10,193.5,203.97999572753906,193.5,201.52000427246094,674300
2023-01-11,202.8699951171875,204.1199951171875,198.67999267578125,200.69000244140625,570600
2023-01-12,201.35000610351562,201.42999267578125,196.99000549316406,200.22999572753906,502100
2023-01-13,199.00999450683594,202.66000366210938,198.6300048828125,202.02999877929688,338100
2023-01-17,201.25,202.67999267578125,197.3800048828125,199.8800048828125,435800
2023-01-18,199.92999267578125,200.13999938964844,194.7100067138672,195.13999938964844,307900
2023-01-19,194.08999633789062,199.33999633789062,194.08999633789062,199.1699981689453,476400
2023-01-20,200.25,205.41000366210938,199.7100067138672,205.11000061035156,504400
2023-01-23,205.14999389648438,208.83999633789062,204.1699981689453,206.85000610351562,388100
2023-01-24,204.24000549316406,207.08999633789062,204.24000549316406,204.82000732421875,332100
2023-01-25,202.75999450683594,206.02000427246094,202.3000030517578,205.0,544800
2023-01-26,205.07000732421875,206.22000122070312,203.25999450683594,204.9199981689453,336400
2023-01-27,204.8800048828125,206.36000061035156,203.5399932861328,206.10000610351562,277000
2023-01-30,204.0500030517578,205.85000610351562,203.07000732421875,203.22999572753906,508100
2023-01-31,203.19000244140625,206.55999755859375,202.5399932861328,206.50999450683594,341700
2023-02-01,206.4499969482422,215.64999389648438,206.4499969482422,214.49000549316406,711900
2023-02-02,215.16000366210938,221.89999389648438,213.85000610351562,220.86000061035156,726900
2023-02-03,219.3000030517578,220.80999755859375,216.4600067138672,219.02999877929688,466500
2023-02-06,217.3699951171875,217.77000427246094,213.88999938964844,214.63999938964844,480400
2023-02-07,213.02000427246094,218.10000610351562,211.2100067138672,217.00999450683594,461700
2023-02-08,215.9199981689453,217.5800018310547,214.1199951171875,215.85000610351562,507800
2023-02-09,201.4499969482422,202.50999450683594,189.7100067138672,192.33999633789062,2013000
2023-02-10,191.72000122070312,194.35000610351562,189.97000122070312,192.8699951171875,1018200
2023-02-13,193.3000030517578,197.36000061035156,192.5,196.32000732421875,802000
2023-02-14,195.82000732421875,198.8699951171875,193.5500030517578,194.83999633789062,479600
2023-02-15,193.42999267578125,198.30999755859375,193.4199981689453,198.1300048828125,536200
2023-02-16,195.8800048828125,196.72999572753906,191.60000610351562,191.67999267578125,535000
2023-02-17,190.3699951171875,190.6199951171875,188.24000549316406,189.66000366210938,920900
2023-02-21,188.47000122070312,188.47000122070312,184.7100067138672,185.00999450683594,609200
2023-02-22,185.5800018310547,186.85000610351562,184.35000610351562,185.27999877929688,621700
2023-02-23,185.0399932861328,188.4499969482422,183.92999267578125,187.85000610351562,510900
2023-02-24,185.3300018310547,187.02999877929688,184.3800048828125,186.1300048828125,355000
2023-02-27,187.75,189.22000122070312,186.42999267578125,188.3300018310547,430300
2023-02-28,187.47999572753906,189.66000366210938,186.7899932861328,188.02999877929688,1010600
2023-03-01,187.0399932861328,188.92999267578125,185.88999938964844,188.52000427246094,478500
2023-03-02,187.30999755859375,189.25,186.07000732421875,188.3800048828125,603100
2023-03-03,189.97000122070312,190.7100067138672,189.16000366210938,189.9499969482422,476200
2023-03-06,189.94000244140625,190.22999572753906,185.41000366210938,186.16000366210938,615500
2023-03-07,186.1999969482422,186.8300018310547,181.00999450683594,181.69000244140625,457800
2023-03-08,181.0800018310547,182.1199951171875,180.00999450683594,180.2899932861328,538500
2023-03-09,181.1699981689453,184.91000366210938,180.5500030517578,182.52000427246094,635000
2023-03-10,182.25,182.52000427246094,176.72000122070312,177.5,773400
2023-03-13,175.99000549316406,183.05999755859375,175.36000061035156,178.60000610351562,681700
2023-03-14,181.61000061035156,181.7100067138672,175.9499969482422,178.5399932861328,765500
2023-03-15,174.97000122070312,176.4600067138672,173.2100067138672,176.38999938964844,572400
2023-03-16,174.77999877929688,179.61000061035156,174.22999572753906,178.72000122070312,428200
2023-03-17,178.6300048828125,178.6300048828125,176.1699981689453,176.55999755859375,1012100
2023-03-20,176.5800018310547,181.55999755859375,176.10000610351562,181.25999450683594,573100
2023-03-21,182.0500030517578,184.75999450683594,182.0500030517578,184.49000549316406,542500
2023-03-22,184.61000061035156,185.91000366210938,181.2100067138672,181.44000244140625,418100
2023-03-23,181.85000610351562,184.61000061035156,181.22000122070312,181.4199981689453,469200
2023-03-24,181.2899932861328,185.4600067138672,180.94000244140625,185.1999969482422,321900
2023-03-27,187.5399932861328,188.9499969482422,186.14999389648438,186.32000732421875,449100
2023-03-28,185.63999938964844,187.22999572753906,184.5399932861328,185.30999755859375,260200
2023-03-29,186.44000244140625,187.6999969482422,185.86000061035156,187.4600067138672,268400
2023-03-30,189.32000732421875,190.0500030517578,187.52000427246094,188.8000030517578,391000
2023-03-31,190.14999389648438,191.38999938964844,189.39999389648438,191.27999877929688,405400
2023-04-03,190.72999572753906,191.47999572753906,188.6699981689453,190.52000427246094,496300
2023-04-04,191.27000427246094,192.75999450683594,190.2100067138672,191.27000427246094,324600
2023-04-05,191.25,193.5,189.91000366210938,192.25,239700
2023-04-06,192.50999450683594,193.30999755859375,191.02999877929688,193.10000610351562,241200
2023-04-10,191.99000549316406,192.30999755859375,190.14999389648438,192.24000549316406,299800
2023-04-11,193.6300048828125,195.7100067138672,193.25999450683594,195.36000061035156,261500
2023-04-12,197.02999877929688,197.33999633789062,192.92999267578125,193.50999450683594,367700
2023-04-13,194.27000427246094,195.38999938964844,193.2899932861328,195.1199951171875,354000
2023-04-14,190.52000427246094,190.52000427246094,184.88999938964844,186.52999877929688,560500
2023-04-17,187.1999969482422,188.1999969482422,186.3800048828125,188.13999938964844,376600
2023-04-18,188.94000244140625,188.94000244140625,182.72000122070312,183.77000427246094,549500
2023-04-19,184.0,186.7899932861328,182.60000610351562,186.75,550700
2023-04-20,186.1699981689453,186.22999572753906,183.7100067138672,185.44000244140625,335900
2023-04-21,186.86000061035156,188.44000244140625,185.5800018310547,187.07000732421875,331200
2023-04-24,188.14999389648438,188.74000549316406,186.44000244140625,187.5,273200
2023-04-25,186.5,186.5,181.77999877929688,181.83999633789062,293800
2023-04-26,180.75,183.63999938964844,180.5399932861328,182.85000610351562,290100
2023-04-27,183.16000366210938,185.9199981689453,181.77999877929688,185.85000610351562,281800
2023-04-28,186.17999267578125,189.75999450683594,186.17999267578125,188.5500030517578,280800
2023-05-01,188.22999572753906,192.4600067138672,187.7899932861328,192.11000061035156,567200
2023-05-02,190.67999267578125,191.77999877929688,188.00999450683594,190.0500030517578,364500
2023-05-03,192.00999450683594,192.0800018310547,187.22999572753906,187.67999267578125,396300
2023-05-04,190.47999572753906,190.47999572753906,186.77000427246094,188.8800048828125,476900
2023-05-05,190.1300048828125,190.55999755859375,186.02999877929688,189.17999267578125,508800
2023-05-08,188.41000366210938,189.47000122070312,185.33999633789062,188.97999572753906,432100
2023-05-09,186.69000244140625,187.5800018310547,185.22000122070312,187.1199951171875,509100
2023-05-10,188.52999877929688,190.07000732421875,187.07000732421875,189.38999938964844,591700
2023-05-11,199.49000549316406,211.67999267578125,198.11000061035156,208.0,1363600
2023-05-12,208.0,211.25999450683594,206.19000244140625,210.85000610351562,777600
2023-05-15,211.30999755859375,212.82000732421875,210.07000732421875,210.8300018310547,478900
2023-05-16,209.97999572753906,210.2899932861328,206.72999572753906,207.92999267578125,347800
2023-05-17,208.1199951171875,208.1199951171875,204.4199981689453,205.82000732421875,440200
2023-05-18,206.05999755859375,207.22000122070312,204.69000244140625,206.77000427246094,333200
2023-05-19,207.91000366210938,207.91000366210938,204.5500030517578,205.6999969482422,443500
2023-05-22,205.52000427246094,208.27000427246094,205.1199951171875,206.9199981689453,281200
2023-05-23,205.91000366210938,207.11000061035156,201.77000427246094,201.8800048828125,440600
2023-05-24,200.72000122070312,202.11000061035156,198.5800018310547,200.83999633789062,400600
2023-05-25,200.05999755859375,201.4600067138672,196.32000732421875,201.2100067138672,442000
2023-05-26,201.24000549316406,202.82000732421875,198.8300018310547,200.44000244140625,332700
2023-05-30,199.3300018310547,201.42999267578125,198.82000732421875,199.5500030517578,240500
2023-05-31,198.97000122070312,200.72999572753906,196.57000732421875,199.97000122070312,737100
2023-06-01,199.83999633789062,203.86000061035156,199.07000732421875,202.4199981689453,576800
2023-06-02,203.64999389648438,206.50999450683594,202.5800018310547,205.47000122070312,482000
2023-06-05,205.50999450683594,207.3300018310547,203.97999572753906,206.0500030517578,426800
2023-06-06,206.44000244140625,208.25999450683594,205.92999267578125,207.3000030517578,430400
2023-06-07,207.11000061035156,208.24000549316406,204.8300018310547,207.92999267578125,438800
2023-06-08,207.85000610351562,207.85000610351562,205.24000549316406,206.2100067138672,244100
2023-06-09,207.0399932861328,207.4499969482422,205.17999267578125,206.97999572753906,250300
2023-06-12,206.67999267578125,207.97000122070312,205.05999755859375,207.88999938964844,284600
2023-06-13,207.52000427246094,209.77000427246094,205.52999877929688,207.58999633789062,353300
2023-06-14,209.9600067138672,215.75,209.1300048828125,213.1199951171875,551000
2023-06-15,212.66000366210938,214.6699981689453,211.5399932861328,213.52999877929688,375400
2023-06-16,214.2899932861328,216.3000030517578,212.88999938964844,213.61000061035156,1058400
2023-06-20,211.4499969482422,213.64999389648438,210.0800018310547,213.58999633789062,451800
2023-06-21,213.22999572753906,213.75,211.61000061035156,212.07000732421875,252500
2023-06-22,212.38999938964844,212.75,210.85000610351562,212.22999572753906,242000
2023-06-23,211.6699981689453,211.80999755859375,209.35000610351562,210.80999755859375,483500
2023-06-26,211.44000244140625,212.83999633789062,209.33999633789062,212.0,312500
2023-06-27,211.9499969482422,217.19000244140625,210.3300018310547,216.82000732421875,432400
2023-06-28,217.07000732421875,218.5399932861328,216.1199951171875,216.88999938964844,452200
2023-06-29,216.35000610351562,221.99000549316406,216.05999755859375,220.99000549316406,702700
2023-06-30,221.80999755859375,226.22999572753906,221.6699981689453,224.97999572753906,760600
2023-07-03,222.8000030517578,223.35000610351562,218.1300048828125,219.13999938964844,332500
2023-07-05,217.74000549316406,219.3800048828125,216.5800018310547,218.9199981689453,380200
2023-07-06,217.52000427246094,219.1199951171875,214.5399932861328,218.4499969482422,563600
2023-07-07,217.4499969482422,220.22000122070312,217.4499969482422,217.85000610351562,221400
2023-07-10,218.33999633789062,223.19000244140625,217.52999877929688,223.0500030517578,392100
2023-07-11,222.77000427246094,225.11000061035156,222.6699981689453,224.0,367000
2023-07-12,225.94000244140625,227.00999450683594,223.49000549316406,226.6999969482422,333800
2023-07-13,227.0500030517578,229.0,226.3300018310547,228.74000549316406,370200
2023-07-14,228.6699981689453,230.0,227.52000427246094,229.0800018310547,329300
2023-07-17,229.02000427246094,229.6999969482422,226.85000610351562,228.35000610351562,314400
2023-07-18,227.42999267578125,228.77000427246094,225.25999450683594,226.9499969482422,353200
2023-07-19,225.91000366210938,228.97000122070312,225.75,227.44000244140625,371300
2023-07-20,228.9600067138672,230.9600067138672,226.41000366210938,230.14999389648438,434200
2023-07-21,230.5800018310547,233.41000366210938,229.52999877929688,232.08999633789062,364300
2023-07-24,232.7100067138672,234.11000061035156,231.52999877929688,232.1699981689453,466700
2023-07-25,231.32000732421875,233.13999938964844,228.6999969482422,233.02000427246094,596100
2023-07-26,232.5399932861328,233.3000030517578,229.63999938964844,231.86000061035156,418800
2023-07-27,233.25,234.16000366210938,229.5800018310547,229.77999877929688,517800
2023-07-28,231.22999572753906,232.3000030517578,228.69000244140625,230.0399932861328,364600
2023-07-31,230.07000732421875,230.07000732421875,224.75999450683594,225.5500030517578,584600
2023-08-01,223.85000610351562,225.52999877929688,222.19000244140625,224.00999450683594,761700
2023-08-02,251.66000366210938,254.0,226.36000061035156,227.8000030517578,873200
2023-08-03,227.07000732421875,228.3800048828125,222.52000427246094,225.5,531700
2023-08-04,224.19000244140625,228.00999450683594,222.30999755859375,226.00999450683594,477400
2023-08-07,226.10000610351562,227.67999267578125,225.49000549316406,226.19000244140625,247000
2023-08-08,225.11000061035156,226.1699981689453,222.24000549316406,225.24000549316406,354200
2023-08-09,224.94000244140625,228.0,224.55999755859375,226.97000122070312,281100
2023-08-10,227.35000610351562,230.0,226.0,227.22999572753906,382600
2023-08-11,226.89999389648438,228.14999389648438,226.08999633789062,228.0,220500
2023-08-14,227.82000732421875,229.77000427246094,227.02000427246094,229.13999938964844,233700
2023-08-15,228.8699951171875,230.4499969482422,228.36000061035156,229.5,226800
2023-08-16,228.97999572753906,229.9199981689453,227.22000122070312,227.27000427246094,272700
2023-08-17,227.9600067138672,228.0500030517578,223.91000366210938,224.0500030517578,234600
2023-08-18,223.25999450683594,225.82000732421875,223.22999572753906,223.8699951171875,400900
2023-08-21,224.02000427246094,224.61000061035156,220.61000061035156,222.75999450683594,340700
2023-08-22,222.47999572753906,224.66000366210938,221.47000122070312,223.3300018310547,318500
2023-08-23,224.55999755859375,225.55999755859375,222.8800048828125,225.52000427246094,220500
2023-08-24,225.75,228.1999969482422,223.86000061035156,224.57000732421875,180600
2023-08-25,225.42999267578125,226.9600067138672,223.97000122070312,226.39999389648438,161900
2023-08-28,227.75,229.99000549316406,226.9199981689453,227.8300018310547,135900
2023-08-29,227.99000549316406,231.5,226.99000549316406,231.3800048828125,177500
2023-08-30,231.4600067138672,232.8699951171875,231.02999877929688,232.0,213100
2023-08-31,231.91000366210938,232.22000122070312,229.36000061035156,229.58999633789062,290700
2023-09-01,232.5,233.60000610351562,230.4600067138672,230.8699951171875,510100
2023-09-05,229.97999572753906,229.97999572753906,223.57000732421875,223.63999938964844,298300
2023-09-06,223.97000122070312,224.92999267578125,219.49000549316406,223.7899932861328,445200
2023-09-07,224.50999450683594,225.55999755859375,223.1999969482422,224.4600067138672,356000
2023-09-08,223.80999755859375,224.32000732421875,221.89999389648438,222.75,251200
2023-09-11,224.11000061035156,231.66000366210938,223.69000244140625,228.77999877929688,345100
2023-09-12,228.17999267578125,228.63999938964844,226.0,226.86000061035156,183000
2023-09-13,226.52000427246094,231.42999267578125,226.52000427246094,230.42999267578125,338300
2023-09-14,231.75999450683594,232.1699981689453,228.7899932861328,229.89999389648438,274800
2023-09-15,230.16000366210938,231.80999755859375,228.52000427246094,229.5,653200
2023-09-18,229.24000549316406,230.3000030517578,227.61000061035156,228.0800018310547,210100
2023-09-19,228.0800018310547,228.9499969482422,225.77999877929688,226.85000610351562,300700
2023-09-20,228.69000244140625,228.8000030517578,224.83999633789062,225.27000427246094,290400
2023-09-21,223.75,223.8300018310547,220.02000427246094,220.6699981689453,358900
2023-09-22,220.6699981689453,226.22999572753906,219.36000061035156,223.94000244140625,462100
2023-09-25,223.86000061035156,225.8300018310547,222.38999938964844,225.72999572753906,327200
2023-09-26,224.89999389648438,226.36000061035156,222.97000122070312,223.22999572753906,360800
2023-09-27,223.80999755859375,224.0,216.25999450683594,217.89999389648438,525800
2023-09-28,218.61000061035156,222.94000244140625,218.61000061035156,222.19000244140625,322900
2023-09-29,223.38999938964844,223.38999938964844,218.91000366210938,219.4199981689453,326800
2023-10-02,217.8000030517578,218.16000366210938,214.0500030517578,215.5,445200
2023-10-03,214.82000732421875,219.05999755859375,213.69000244140625,218.27999877929688,540400
2023-10-04,219.6300048828125,223.33999633789062,216.50999450683594,222.55999755859375,557100
2023-10-05,222.41000366210938,223.4600067138672,218.47000122070312,222.4600067138672,447900
2023-10-06,221.7899932861328,225.61000061035156,219.72999572753906,224.22999572753906,289500
2023-10-09,222.88999938964844,226.10000610351562,222.38999938964844,225.80999755859375,273900
2023-10-10,225.4600067138672,229.17999267578125,225.07000732421875,227.52000427246094,316500
2023-10-11,226.75,226.75,220.3800048828125,225.0,358700
2023-10-12,225.72999572753906,226.72000122070312,219.55999755859375,219.69000244140625,418200
2023-10-13,219.3699951171875,222.47999572753906,218.32000732421875,222.32000732421875,342400
2023-10-16,223.8699951171875,226.85000610351562,221.82000732421875,224.0399932861328,282500
2023-10-17,222.33999633789062,226.14999389648438,221.77999877929688,223.0399932861328,311100
2023-10-18,223.25,223.91000366210938,221.33999633789062,221.94000244140625,211900
2023-10-19,221.9600067138672,222.1199951171875,216.57000732421875,216.89999389648438,282800
2023-10-20,217.2899932861328,219.02000427246094,215.83999633789062,217.0500030517578,273100
2023-10-23,216.99000549316406,217.36000061035156,213.72000122070312,214.77000427246094,266900
2023-10-24,215.1199951171875,217.5800018310547,214.88999938964844,217.2100067138672,215700
2023-10-25,216.3000030517578,216.86000061035156,212.55999755859375,213.0,247600
2023-10-26,211.1699981689453,213.05999755859375,209.22999572753906,209.39999389648438,355100
2023-10-27,210.0399932861328,212.13999938964844,207.55999755859375,209.38999938964844,251900
2023-10-30,211.5399932861328,211.86000061035156,206.57000732421875,209.10000610351562,279600
2023-10-31,210.07000732421875,211.36000061035156,208.50999450683594,209.97999572753906,589400
2023-11-01,210.25,213.1199951171875,209.0800018310547,212.9499969482422,453100
2023-11-02,214.7100067138672,216.10000610351562,212.25,212.85000610351562,406400
2023-11-03,214.1699981689453,217.9199981689453,214.1699981689453,217.22999572753906,297900
2023-11-06,217.6199951171875,217.6199951171875,215.44000244140625,217.5,373400
2023-11-07,217.3000030517578,218.89999389648438,216.5500030517578,218.22999572753906,497500
2023-11-08,215.0,215.0,198.80999755859375,206.32000732421875,1030800
2023-11-09,206.11000061035156,206.13999938964844,199.9199981689453,200.72999572753906,604000
2023-11-10,202.3699951171875,203.49000549316406,199.0,199.32000732421875,588500
2023-11-13,200.92999267578125,203.69000244140625,199.0,202.22999572753906,422900
2023-11-14,205.0500030517578,208.9199981689453,204.10000610351562,205.66000366210938,409800
2023-11-15,204.9499969482422,206.63999938964844,203.0500030517578,203.52999877929688,742800
2023-11-16,204.52999877929688,205.6999969482422,202.9499969482422,203.4199981689453,503800
2023-11-17,204.25999450683594,204.3300018310547,198.0399932861328,200.22999572753906,656500
2023-11-20,199.85000610351562,200.5,197.88999938964844,199.8000030517578,485100
2023-11-21,201.2899932861328,203.69000244140625,200.32000732421875,201.19000244140625,489300
2023-11-22,202.52000427246094,203.61000061035156,200.67999267578125,202.55999755859375,282400
2023-11-24,202.47999572753906,203.8300018310547,200.83999633789062,203.19000244140625,136000
2023-11-27,202.13999938964844,202.64999389648438,200.63999938964844,201.39999389648438,415600
2023-11-28,200.6199951171875,202.1300048828125,197.8000030517578,197.8300018310547,432400
2023-11-29,198.13999938964844,199.50999450683594,196.75999450683594,197.44000244140625,444500
2023-11-30,197.2899932861328,201.1300048828125,195.47000122070312,200.94000244140625,1339200
2023-12-01,199.77000427246094,204.47999572753906,199.1300048828125,203.50999450683594,363200
2023-12-04,201.89999389648438,203.22999572753906,197.8300018310547,199.27000427246094,493400
2023-12-05,198.39999389648438,199.38999938964844,195.5,198.5500030517578,524000
2023-12-06,198.88999938964844,200.6999969482422,198.0,199.2899932861328,471100
2023-12-07,200.0800018310547,202.02999877929688,198.9600067138672,201.99000549316406,390500
2023-12-08,202.63999938964844,202.63999938964844,197.97999572753906,200.5,597400
2023-12-11,200.61000061035156,201.8699951171875,199.89999389648438,201.69000244140625,402600
2023-12-12,202.36000061035156,202.82000732421875,200.13999938964844,201.5800018310547,634000
2023-12-13,201.47000122070312,207.07000732421875,200.41000366210938,206.8699951171875,437100
2023-12-14,208.17999267578125,211.38999938964844,206.3800048828125,210.4499969482422,581800
2023-12-15,209.6300048828125,212.83999633789062,208.27999877929688,212.63999938964844,1211400
2023-12-18,213.24000549316406,215.61000061035156,212.49000549316406,215.5399932861328,794900
2023-12-19,216.00999450683594,219.14999389648438,215.97000122070312,219.0500030517578,560600
2023-12-20,219.0,219.2899932861328,214.92999267578125,214.9499969482422,409400
2023-12-21,216.02000427246094,219.6199951171875,216.02000427246094,218.42999267578125,415800
2023-12-22,219.4499969482422,221.0,218.88999938964844,219.7899932861328,212500
2023-12-26,219.49000549316406,222.27999877929688,218.3800048828125,221.4199981689453,251000
2023-12-27,221.0399932861328,223.35000610351562,221.0399932861328,223.33999633789062,245400
2023-12-28,222.74000549316406,225.0,221.1699981689453,221.74000549316406,302300
2023-12-29,221.80999755859375,221.8699951171875,219.32000732421875,219.85000610351562,399900
2024-01-02,218.58999633789062,220.61000061035156,216.3300018310547,217.0800018310547,569700
2024-01-03,217.47999572753906,217.47999572753906,213.25999450683594,213.52999877929688,368800
2024-01-04,212.74000549316406,217.22000122070312,212.74000549316406,216.0,505800
2024-01-05,216.05999755859375,217.49000549316406,214.50999450683594,215.92999267578125,339300
2024-01-08,216.97999572753906,220.9499969482422,215.30999755859375,220.8000030517578,387500
2024-01-09,220.1999969482422,224.6300048828125,219.66000366210938,221.97999572753906,434500
2024-01-10,223.24000549316406,224.80999755859375,221.74000549316406,223.99000549316406,328500
2024-01-11,224.0399932861328,224.2100067138672,221.0800018310547,222.6199951171875,267900
2024-01-12,224.6199951171875,225.88999938964844,222.16000366210938,223.39999389648438,390400
2024-01-16,221.8300018310547,222.41000366210938,220.0,221.27000427246094,284200
2024-01-17,220.0,221.86000061035156,218.6999969482422,218.8800048828125,257800
2024-01-18,219.24000549316406,220.7100067138672,217.32000732421875,220.47000122070312,313800
2024-01-19,221.10000610351562,221.6199951171875,217.0800018310547,221.42999267578125,452200
2024-01-22,222.30999755859375,223.22000122070312,219.72000122070312,220.05999755859375,428500
2024-01-23,220.91000366210938,220.91000366210938,215.27000427246094,216.77999877929688,426300
2024-01-24,217.08999633789062,217.35000610351562,214.72999572753906,214.85000610351562,289200
2024-01-25,216.74000549316406,217.66000366210938,213.91000366210938,216.67999267578125,300200
2024-01-26,217.9199981689453,218.0,215.1699981689453,216.08999633789062,251600
2024-01-29,215.0500030517578,217.07000732421875,214.22999572753906,216.69000244140625,357600
2024-01-30,216.3000030517578,218.4600067138672,215.52999877929688,218.1699981689453,328500
2024-01-31,221.16000366210938,224.30999755859375,218.47999572753906,218.9499969482422,890600
2024-02-01,218.60000610351562,223.69000244140625,216.5,223.61000061035156,570400
2024-02-02,221.72000122070312,224.36000061035156,219.9600067138672,222.19000244140625,441900
2024-02-05,221.0500030517578,221.69000244140625,218.66000366210938,219.89999389648438,362600
2024-02-06,220.69000244140625,226.2899932861328,219.30999755859375,225.9199981689453,621900
2024-02-07,226.6300048828125,229.39999389648438,225.32000732421875,225.8699951171875,976100
2024-02-08,218.0,221.0,210.0,220.25999450683594,734300
2024-02-09,220.77000427246094,224.5800018310547,218.97000122070312,224.27000427246094,607900
2024-02-12,224.58999633789062,226.3000030517578,223.7899932861328,224.94000244140625,416900
2024-02-13,223.5,225.72999572753906,222.22999572753906,224.52000427246094,488400
2024-02-14,224.82000732421875,227.6300048828125,223.72000122070312,227.61000061035156,346200
2024-02-15,228.39999389648438,233.47999572753906,228.2100067138672,233.0500030517578,453000
2024-02-16,232.75,235.22000122070312,230.9600067138672,231.22999572753906,442800
2024-02-20,231.50999450683594,231.99000549316406,227.8000030517578,229.25,396200
2024-02-21,229.1999969482422,233.4499969482422,228.25,232.85000610351562,349100
2024-02-22,233.14999389648438,236.39999389648438,231.0500030517578,236.02999877929688,369600
2024-02-23,236.85000610351562,238.50999450683594,234.72000122070312,235.85000610351562,279700
2024-02-26,235.2100067138672,235.4600067138672,232.7899932861328,233.7100067138672,210800
2024-02-27,233.5800018310547,233.82000732421875,231.19000244140625,232.52000427246094,282200
2024-02-28,232.52000427246094,232.75,230.16000366210938,231.33999633789062,284600
2024-02-29,231.8800048828125,233.5,229.27000427246094,232.91000366210938,866500
2024-03-01,233.44000244140625,234.8800048828125,232.00999450683594,232.77000427246094,358000
2024-03-04,232.27999877929688,234.08999633789062,231.13999938964844,233.27000427246094,274600
2024-03-05,233.47999572753906,234.3800048828125,227.8300018310547,228.3800048828125,287600
2024-03-06,228.47999572753906,230.50999450683594,227.75999450683594,229.0800018310547,292600
2024-03-07,230.8699951171875,233.58999633789062,229.97999572753906,233.02000427246094,369100
2024-03-08,231.9199981689453,235.0399932861328,231.9199981689453,233.6999969482422,260600
2024-03-11,233.4600067138672,234.5500030517578,231.1199951171875,233.83999633789062,322400
2024-03-12,233.47999572753906,234.85000610351562,232.60000610351562,233.80999755859375,363500
2024-03-13,234.47000122070312,234.67999267578125,232.91000366210938,233.7899932861328,412200
2024-03-14,232.3300018310547,232.94000244140625,230.50999450683594,231.55999755859375,341600
2024-03-15,226.9199981689453,231.97999572753906,226.9199981689453,230.0500030517578,603500
2024-03-18,231.66000366210938,232.5500030517578,229.8300018310547,230.0,353800
2024-03-19,230.75,231.5500030517578,229.10000610351562,230.13999938964844,240900
2024-03-20,229.80999755859375,233.4600067138672,229.80999755859375,233.27000427246094,431800
2024-03-21,233.60000610351562,235.0,226.92999267578125,227.08999633789062,524300
2024-03-22,226.88999938964844,229.1999969482422,225.49000549316406,229.0,623900
2024-03-25,228.8699951171875,228.92999267578125,220.2100067138672,220.6699981689453,696600
2024-03-26,221.3800048828125,222.8699951171875,219.5,221.52000427246094,509800
2024-03-27,223.1300048828125,225.9600067138672,223.05999755859375,225.52000427246094,467400
2024-03-28,225.85000610351562,226.57000732421875,223.5399932861328,224.82000732421875,497500
2024-04-01,224.0,224.4600067138672,218.60000610351562,221.02999877929688,317000
2024-04-02,220.11000061035156,220.7100067138672,215.72999572753906,216.27000427246094,415900
2024-04-03,216.49000549316406,218.4499969482422,215.6999969482422,216.64999389648438,452500
2024-04-04,218.11000061035156,218.11000061035156,213.00999450683594,213.39999389648438,455100
2024-04-05,213.6699981689453,215.13999938964844,212.9600067138672,213.47999572753906,434700
2024-04-08,213.22999572753906,215.1199951171875,212.58999633789062,212.64999389648438,616300
2024-04-09,213.38999938964844,214.9499969482422,212.0399932861328,214.72000122070312,598500
2024-04-10,211.5,212.75,208.16000366210938,209.2100067138672,579400
2024-04-11,211.0500030517578,211.0500030517578,206.14999389648438,206.27999877929688,850500
2024-04-12,204.3699951171875,206.0800018310547,203.33999633789062,204.0,678600
2024-04-15,206.1199951171875,207.86000061035156,200.92999267578125,201.2100067138672,847900
2024-04-16,200.99000549316406,200.99000549316406,198.39999389648438,199.00999450683594,784600
2024-04-17,199.32000732421875,201.6699981689453,197.82000732421875,200.24000549316406,1115600
2024-04-18,200.63999938964844,201.74000549316406,198.22000122070312,200.80999755859375,658500
2024-04-19,201.72999572753906,201.72999572753906,197.83999633789062,199.50999450683594,535900
2024-04-22,200.72000122070312,202.0,198.1300048828125,200.89999389648438,369700
2024-04-23,201.85000610351562,208.02000427246094,201.0,205.99000549316406,561600
2024-04-24,204.69000244140625,205.10000610351562,202.44000244140625,202.8000030517578,492100
2024-04-25,202.11000061035156,202.2100067138672,200.41000366210938,201.5399932861328,411700
2024-04-26,201.27999877929688,204.63999938964844,200.4499969482422,203.89999389648438,318100
2024-04-29,204.22999572753906,206.07000732421875,204.0,205.4199981689453,376500
2024-04-30,204.05999755859375,205.14999389648438,202.6999969482422,204.55999755859375,429000
2024-05-01,204.61000061035156,207.55999755859375,203.72999572753906,205.0399932861328,359000
2024-05-02,206.72000122070312,207.1999969482422,203.91000366210938,206.24000549316406,384300
2024-05-03,207.75999450683594,208.5500030517578,205.9499969482422,207.82000732421875,500600
2024-05-06,208.94000244140625,209.58999633789062,207.38999938964844,209.52000427246094,640600
2024-05-07,210.44000244140625,213.60000610351562,209.36000061035156,212.8699951171875,805600
2024-05-08,213.32000732421875,213.74000549316406,209.08999633789062,210.08999633789062,938200
2024-05-09,222.99000549316406,226.99000549316406,215.13999938964844,225.99000549316406,926000
2024-05-10,225.5,231.74000549316406,223.67999267578125,231.3300018310547,867800
2024-05-13,232.63999938964844,233.07000732421875,230.33999633789062,232.55999755859375,885100
2024-05-14,233.74000549316406,236.1199951171875,232.02000427246094,236.0,514000
2024-05-15,237.64999389648438,239.19000244140625,231.6999969482422,235.4600067138672,690100
2024-05-16,235.33999633789062,235.33999633789062,230.5500030517578,230.72999572753906,548200
2024-05-17,231.2899932861328,233.33999633789062,227.97000122070312,232.69000244140625,559400
2024-05-20,232.55999755859375,233.38999938964844,230.02999877929688,232.75,619600
2024-05-21,232.7100067138672,233.74000549316406,230.47999572753906,230.60000610351562,657300
2024-05-22,229.75999450683594,231.5500030517578,228.99000549316406,230.60000610351562,484900
2024-05-23,230.38999938964844,230.75999450683594,225.9600067138672,226.80999755859375,635800
2024-05-24,226.92999267578125,229.47000122070312,225.47000122070312,229.1699981689453,510500
2024-05-28,228.19000244140625,229.27999877929688,223.3000030517578,223.38999938964844,457400
2024-05-29,221.49000549316406,224.5,221.47000122070312,223.4199981689453,414200
2024-05-30,222.92999267578125,223.69000244140625,221.3000030517578,223.22000122070312,404300
2024-05-31,222.92999267578125,224.50999450683594,221.35000610351562,222.8800048828125,934300
2024-06-03,222.38999938964844,228.7100067138672,221.75999450683594,228.3699951171875,530800
2024-06-04,228.0500030517578,228.92999267578125,226.97000122070312,228.5,377900
2024-06-05,229.19000244140625,230.24000549316406,227.25999450683594,229.91000366210938,336800
2024-06-06,228.88999938964844,230.75999450683594,227.5399932861328,230.47999572753906,296500
2024-06-07,229.52000427246094,230.6699981689453,226.1199951171875,226.85000610351562,303000
2024-06-10,225.36000061035156,227.02000427246094,224.07000732421875,224.7899932861328,445200
2024-06-11,224.3000030517578,227.3300018310547,222.4199981689453,225.44000244140625,578300
2024-06-12,226.38999938964844,227.92999267578125,225.0,225.83999633789062,367700
2024-06-13,224.61000061035156,224.61000061035156,219.89999389648438,221.0500030517578,386200
2024-06-14,219.6999969482422,220.97000122070312,216.82000732421875,218.2899932861328,694300
2024-06-17,217.07000732421875,218.3000030517578,213.6300048828125,216.1199951171875,817600
2024-06-18,216.63999938964844,218.19000244140625,215.3800048828125,216.5,468800
2024-06-20,215.41000366210938,220.49000549316406,214.0,219.30999755859375,576300
2024-06-21,219.2899932861328,220.77000427246094,216.80999755859375,218.1199951171875,832100
2024-06-24,218.47999572753906,219.50999450683594,216.47000122070312,216.55999755859375,650800
2024-06-25,216.6699981689453,217.11000061035156,214.92999267578125,215.42999267578125,282700
2024-06-26,214.8300018310547,217.33999633789062,214.25999450683594,216.08999633789062,378800
2024-06-27,216.6999969482422,216.6999969482422,214.6999969482422,216.44000244140625,329100
2024-06-28,216.86000061035156,219.74000549316406,216.4600067138672,219.5399932861328,833600
2024-07-01,222.0,222.0,217.64999389648438,218.5399932861328,852700
2024-07-02,218.0,219.35000610351562,217.32000732421875,218.33999633789062,372700
2024-07-03,218.4600067138672,218.4600067138672,217.22000122070312,217.3800048828125,196800
2024-07-05,216.8699951171875,220.7899932861328,215.1999969482422,220.0500030517578,277400
2024-07-08,219.77999877929688,221.07000732421875,219.1999969482422,219.8300018310547,284900
2024-07-09,220.0800018310547,220.0800018310547,212.77999877929688,213.50999450683594,728600
2024-07-10,214.10000610351562,215.67999267578125,211.36000061035156,215.39999389648438,493400
2024-07-11,216.4499969482422,220.3000030517578,215.72000122070312,217.83999633789062,487300
2024-07-12,218.42999267578125,223.00999450683594,216.72999572753906,221.72000122070312,372000
2024-07-15,221.47999572753906,224.07000732421875,219.88999938964844,220.5,280300
2024-07-16,221.0500030517578,227.75,219.19000244140625,227.63999938964844,417500
2024-07-17,227.8300018310547,233.0,227.05999755859375,228.7100067138672,327100
2024-07-18,227.17999267578125,229.82000732421875,223.6999969482422,225.4499969482422,370700
2024-07-19,227.52000427246094,227.52000427246094,223.36000061035156,224.2899932861328,386900
2024-07-22,225.32000732421875,228.86000061035156,223.69000244140625,228.77000427246094,330800
2024-07-23,229.41000366210938,231.8300018310547,229.0800018310547,231.6999969482422,422100
2024-07-24,232.14999389648438,234.24000549316406,230.05999755859375,231.72000122070312,334600
2024-07-25,231.1199951171875,236.4600067138672,227.16000366210938,227.55999755859375,345300
2024-07-26,228.30999755859375,234.66000366210938,227.02000427246094,232.7899932861328,329400
2024-07-29,232.5399932861328,237.1999969482422,229.72000122070312,236.32000732421875,298100
2024-07-30,236.14999389648438,239.97000122070312,236.14999389648438,237.24000549316406,572100
2024-07-31,236.8000030517578,241.75999450683594,233.35000610351562,238.75999450683594,523000
2024-08-01,240.24000549316406,242.10000610351562,237.42999267578125,241.00999450683594,477100
2024-08-02,241.97000122070312,242.91000366210938,235.5800018310547,242.60000610351562,647500
2024-08-05,238.85000610351562,240.55999755859375,233.38999938964844,237.89999389648438,756100
2024-08-06,237.89999389648438,243.19000244140625,235.7899932861328,239.17999267578125,844900
2024-08-07,238.0399932861328,243.3699951171875,227.2100067138672,233.52999877929688,804500
2024-08-08,234.41000366210938,241.08999633789062,233.0399932861328,239.67999267578125,396800
2024-08-09,240.55999755859375,240.55999755859375,234.25,235.97999572753906,427000
2024-08-12,235.75,236.63999938964844,233.00999450683594,233.94000244140625,352600
2024-08-13,233.94000244140625,235.1199951171875,232.1300048828125,233.7899932861328,295100
2024-08-14,233.6999969482422,234.47999572753906,231.72999572753906,232.7899932861328,382400
2024-08-15,233.16000366210938,234.49000549316406,230.0,230.32000732421875,442700
2024-08-16,230.1699981689453,232.50999450683594,229.22000122070312,232.33999633789062,558700
2024-08-19,231.05999755859375,233.58999633789062,231.05999755859375,233.57000732421875,446700
2024-08-20,233.35000610351562,234.66000366210938,232.91000366210938,233.27000427246094,346400
2024-08-21,233.14999389648438,235.80999755859375,232.55999755859375,234.3800048828125,260800
2024-08-22,235.41000366210938,235.64999389648438,231.52000427246094,234.13999938964844,315900
2024-08-23,235.0,236.83999633789062,232.74000549316406,236.00999450683594,258500
2024-08-26,236.57000732421875,237.77999877929688,234.6999969482422,235.07000732421875,211500
2024-08-27,233.72999572753906,237.00999450683594,233.1699981689453,236.42999267578125,240700
2024-08-28,236.6699981689453,238.24000549316406,235.77999877929688,237.07000732421875,355600
2024-08-29,238.3000030517578,239.9499969482422,236.69000244140625,237.7100067138672,348800
2024-08-30,238.80999755859375,241.35000610351562,237.44000244140625,241.10000610351562,430600
2024-09-03,240.13999938964844,245.80999755859375,239.2100067138672,243.14999389648438,498300
2024-09-04,243.16000366210938,244.44000244140625,237.27000427246094,240.41000366210938,469500
2024-09-05,240.0,241.1199951171875,236.97000122070312,239.0500030517578,261400
2024-09-06,239.72000122070312,242.02999877929688,237.66000366210938,239.82000732421875,365100
2024-09-09,240.74000549316406,246.91000366210938,240.74000549316406,245.5,714500
2024-09-10,245.6300048828125,247.32000732421875,245.05999755859375,247.1699981689453,550300
2024-09-11,246.1999969482422,246.1999969482422,239.42999267578125,242.05999755859375,677400
2024-09-12,241.8300018310547,246.6199951171875,241.60000610351562,246.47999572753906,317600
2024-09-13,245.1999969482422,248.24000549316406,244.6199951171875,244.8300018310547,271300
2024-09-16,246.5399932861328,247.4600067138672,242.9600067138672,243.72999572753906,280800
2024-09-17,243.3000030517578,245.5,240.17999267578125,241.67999267578125,343800
2024-09-18,241.8000030517578,242.97999572753906,237.13999938964844,238.3800048828125,496900
2024-09-19,241.5500030517578,241.55999755859375,239.10000610351562,239.4600067138672,513100
2024-09-20,238.47999572753906,238.58999633789062,235.33999633789062,236.97999572753906,783000
2024-09-23,238.0500030517578,239.80999755859375,237.36000061035156,239.3800048828125,355400
2024-09-24,239.5800018310547,239.77000427246094,237.97000122070312,238.24000549316406,348700
2024-09-25,239.5800018310547,239.5800018310547,236.1300048828125,236.41000366210938,260600
2024-09-26,237.75999450683594,237.85000610351562,235.2100067138672,236.75,414600
2024-09-27,237.5,242.0,237.1999969482422,239.0500030517578,312300
2024-09-30,239.22999572753906,243.19000244140625,238.86000061035156,242.5399932861328,530500
2024-10-01,241.85000610351562,241.85000610351562,233.55999755859375,235.77999877929688,797900
2024-10-02,234.5399932861328,236.67999267578125,231.91000366210938,234.72999572753906,316400
2024-10-03,234.0800018310547,234.41000366210938,231.82000732421875,232.86000061035156,241300
2024-10-04,234.0800018310547,234.25999450683594,230.85000610351562,231.02000427246094,378400
2024-10-07,229.74000549316406,229.74000549316406,224.91000366210938,226.02000427246094,341800
2024-10-08,226.8800048828125,228.05999755859375,224.88999938964844,227.22000122070312,329600
2024-10-09,227.4499969482422,229.14999389648438,226.07000732421875,227.14999389648438,1038500
2024-10-10,226.99000549316406,228.0,224.6999969482422,226.16000366210938,376100
2024-10-11,227.22999572753906,228.9600067138672,225.4199981689453,226.89999389648438,361100
2024-10-14,227.05999755859375,228.9499969482422,224.72000122070312,228.2100067138672,282600
2024-10-15,228.2100067138672,232.5500030517578,225.4199981689453,226.6999969482422,601900
2024-10-16,226.63999938964844,229.67999267578125,224.8800048828125,225.99000549316406,565900
2024-10-17,227.55999755859375,228.02999877929688,223.13999938964844,225.0,648100
2024-10-18,226.69000244140625,226.69000244140625,224.0,225.64999389648438,607800
2024-10-21,224.85000610351562,225.50999450683594,223.38999938964844,224.3699951171875,406600
2024-10-22,223.7899932861328,223.7899932861328,221.22000122070312,221.5500030517578,406600
2024-10-23,221.10000610351562,222.07000732421875,219.67999267578125,221.14999389648438,507900
2024-10-24,223.63999938964844,230.6999969482422,222.6999969482422,227.24000549316406,739500
2024-10-25,227.89999389648438,227.89999389648438,222.91000366210938,224.1199951171875,409600
2024-10-28,225.64999389648438,227.5,223.41000366210938,224.00999450683594,491100
2024-10-29,223.27999877929688,224.89999389648438,222.02999877929688,223.8699951171875,495500
2024-10-30,223.52000427246094,225.63999938964844,222.32000732421875,224.38999938964844,434600
2024-10-31,222.47999572753906,224.3699951171875,221.6699981689453,221.85000610351562,417100
2024-11-01,222.49000549316406,226.83999633789062,222.49000549316406,225.17999267578125,487800
2024-11-04,225.32000732421875,229.3800048828125,223.8800048828125,225.82000732421875,918600
2024-11-05,224.88999938964844,228.41000366210938,222.86000061035156,227.44000244140625,1262500
2024-11-06,234.72999572753906,234.99000549316406,225.6199951171875,227.52000427246094,1404800
2024-11-07,225.0500030517578,225.0500030517578,211.30999755859375,215.5,1330200
2024-11-08,214.0,220.25,211.74000549316406,219.19000244140625,1071800
2024-11-11,220.25999450683594,223.47000122070312,219.2100067138672,221.86000061035156,663600
2024-11-12,223.0500030517578,224.9199981689453,221.67999267578125,222.72999572753906,641700
2024-11-13,221.57000732421875,223.3000030517578,221.1999969482422,222.27000427246094,521500
2024-11-14,221.77999877929688,224.08999633789062,220.77999877929688,221.19000244140625,549500
2024-11-15,221.0,221.91000366210938,219.33999633789062,220.1199951171875,540400
2024-11-18,220.0,221.7100067138672,216.9600067138672,217.08999633789062,599400
2024-11-19,213.9499969482422,215.00999450683594,211.8699951171875,212.0,511400
2024-11-20,210.0800018310547,213.47999572753906,208.9499969482422,212.25,761100
2024-11-21,212.24000549316406,216.1699981689453,210.7899932861328,215.77000427246094,1041600
2024-11-22,216.49000549316406,218.3800048828125,213.5800018310547,214.33999633789062,503000
2024-11-25,215.91000366210938,218.08999633789062,214.7899932861328,216.1199951171875,872600
2024-11-26,216.07000732421875,216.44000244140625,213.30999755859375,216.05999755859375,473100
2024-11-27,216.0,219.0,214.63999938964844,217.47000122070312,406700
2024-11-29,216.3300018310547,219.52999877929688,215.49000549316406,219.05999755859375,343000
2024-12-02,219.05999755859375,220.27999877929688,218.19000244140625,218.86000061035156,614600
2024-12-03,218.50999450683594,219.0399932861328,216.1300048828125,216.64999389648438,627900
2024-12-04,215.88999938964844,219.64999389648438,214.5,217.25,552800
2024-12-05,216.60000610351562,218.39999389648438,215.5,217.42999267578125,654800
2024-12-06,217.42999267578125,219.3000030517578,214.35000610351562,215.88999938964844,604800
2024-12-09,216.00999450683594,217.41000366210938,215.3300018310547,215.6300048828125,434500
2024-12-10,215.41000366210938,215.41000366210938,209.60000610351562,214.22000122070312,563400
2024-12-11,214.9499969482422,217.2100067138672,209.3800048828125,209.6199951171875,498700
2024-12-12,210.22000122070312,216.5500030517578,208.2899932861328,216.41000366210938,690400
2024-12-13,215.66000366210938,216.89999389648438,213.52000427246094,214.22000122070312,526500
2024-12-16,213.60000610351562,215.6199951171875,210.67999267578125,211.02999877929688,668700
2024-12-17,210.60000610351562,213.9199981689453,209.44000244140625,209.50999450683594,500100
2024-12-18,209.75999450683594,210.69000244140625,206.8800048828125,207.00999450683594,559800
2024-12-19,204.94000244140625,206.7899932861328,202.72000122070312,204.33999633789062,709500
2024-12-20,203.6999969482422,208.55999755859375,203.6999969482422,207.49000549316406,1251300
2024-12-23,205.72999572753906,208.4600067138672,204.9199981689453,208.0,465700
2024-12-24,207.8699951171875,209.1199951171875,206.7100067138672,208.67999267578125,156400
2024-12-26,207.4600067138672,209.52000427246094,206.36000061035156,208.72000122070312,584900
2024-12-27,207.02000427246094,209.0,206.1699981689453,207.97999572753906,268900
2024-12-30,206.17999267578125,206.32000732421875,203.32000732421875,205.0800018310547,232400
2024-12-31,205.33999633789062,207.3300018310547,204.47999572753906,205.55999755859375,370200
2025-01-02,205.80999755859375,207.30999755859375,201.49000549316406,202.4600067138672,398100
2025-01-03,202.5500030517578,204.61000061035156,200.97999572753906,204.1199951171875,379200
2025-01-06,203.35000610351562,206.57000732421875,203.35000610351562,204.00999450683594,507800
2025-01-07,204.86000061035156,207.5,203.8000030517578,206.49000549316406,465100
2025-01-08,206.77999877929688,209.72999572753906,204.9600067138672,209.42999267578125,284100
2025-01-10,206.4499969482422,209.85000610351562,205.1199951171875,205.74000549316406,343800
2025-01-13,205.8800048828125,207.82000732421875,204.27999877929688,207.3699951171875,420300
2025-01-14,208.02999877929688,208.02999877929688,205.4199981689453,207.57000732421875,509100
2025-01-15,209.1300048828125,209.1300048828125,205.77999877929688,206.66000366210938,468800
2025-01-16,206.6699981689453,210.33999633789062,205.75999450683594,210.14999389648438,428400
2025-01-17,210.6699981689453,210.99000549316406,208.32000732421875,209.6199951171875,693900
2025-01-21,212.63999938964844,218.19000244140625,212.63999938964844,217.07000732421875,654000
2025-01-22,214.85000610351562,219.69000244140625,214.72000122070312,218.5800018310547,718000
2025-01-23,218.32000732421875,219.60000610351562,213.97000122070312,217.1999969482422,393200
2025-01-24,216.25,217.8800048828125,215.27999877929688,217.00999450683594,297300
2025-01-27,217.8800048828125,221.89999389648438,217.33999633789062,221.82000732421875,485200
2025-01-28,221.05999755859375,223.50999450683594,220.35000610351562,221.05999755859375,359700
2025-01-29,221.8000030517578,222.22999572753906,218.9499969482422,220.27999877929688,332500
2025-01-30,221.83999633789062,224.19000244140625,220.5800018310547,221.6999969482422,310900
2025-01-31,219.7899932861328,224.8000030517578,218.94000244140625,220.64999389648438,565600
2025-02-03,218.3800048828125,219.6199951171875,215.8300018310547,218.33999633789062,523000
2025-02-04,216.5800018310547,219.88999938964844,214.22000122070312,219.39999389648438,538200
2025-02-05,220.88999938964844,221.72999572753906,218.3699951171875,220.8300018310547,888100
2025-02-06,221.4600067138672,227.3800048828125,216.97999572753906,225.44000244140625,1332400
2025-02-07,225.72999572753906,226.47999572753906,220.7899932861328,223.22999572753906,682900
2025-02-10,224.2100067138672,224.85000610351562,221.6999969482422,224.30999755859375,437500
2025-02-11,223.27999877929688,223.5500030517578,221.52000427246094,223.36000061035156,302700
2025-02-12,220.75999450683594,221.5399932861328,218.27999877929688,219.11000061035156,341000
2025-02-13,219.22000122070312,220.25999450683594,216.52000427246094,219.22999572753906,443500
2025-02-14,220.49000549316406,221.8000030517578,218.91000366210938,219.33999633789062,322500
2025-02-18,217.0,220.2899932861328,214.80999755859375,219.66000366210938,379700
2025-02-19,218.72000122070312,222.27999877929688,217.67999267578125,221.38999938964844,258500
2025-02-20,220.63999938964844,221.3300018310547,219.5800018310547,220.7899932861328,249600
2025-02-21,219.80999755859375,221.00999450683594,218.25,220.55999755859375,412200
2025-02-24,220.19000244140625,224.72000122070312,218.9499969482422,223.67999267578125,394800
2025-02-25,223.36000061035156,225.7899932861328,222.32000732421875,223.7899932861328,666800
2025-02-26,223.44000244140625,226.3699951171875,221.77999877929688,223.0500030517578,298800
2025-02-27,221.2899932861328,222.5,219.6199951171875,220.07000732421875,278500
2025-02-28,221.0,222.67999267578125,216.02000427246094,219.25999450683594,881400
2025-03-03,220.1199951171875,224.16000366210938,215.94000244140625,222.72000122070312,547500
2025-03-04,225.89999389648438,229.24000549316406,225.0,225.80999755859375,905800
2025-03-05,224.9600067138672,229.5,224.9600067138672,227.42999267578125,622800
2025-03-06,225.38999938964844,232.49000549316406,225.05999755859375,232.25,1476800
2025-03-07,229.8699951171875,234.5,228.33999633789062,232.74000549316406,667400
2025-03-10,232.8800048828125,236.8300018310547,230.2100067138672,231.52999877929688,668600
2025-03-11,231.67999267578125,231.67999267578125,227.14999389648438,228.05999755859375,858900
2025-03-12,227.30999755859375,227.6300048828125,223.36000061035156,224.4499969482422,559600
2025-03-13,224.8800048828125,225.33999633789062,221.86000061035156,222.4499969482422,419200
2025-03-14,222.88999938964844,227.6999969482422,221.38999938964844,226.6300048828125,434500
2025-03-17,226.02000427246094,229.08999633789062,225.77999877929688,227.80999755859375,416200
2025-03-18,227.97000122070312,228.97000122070312,226.13999938964844,228.32000732421875,454000
2025-03-19,228.22000122070312,228.22000122070312,222.25,225.27000427246094,450600
2025-03-20,225.17999267578125,226.5,223.39999389648438,225.47000122070312,524600
2025-03-21,224.2100067138672,224.2100067138672,216.55999755859375,220.4199981689453,1348100
2025-03-24,221.4499969482422,224.10000610351562,220.72000122070312,223.00999450683594,439700
2025-03-25,223.7899932861328,224.47999572753906,219.1699981689453,221.77999877929688,551000
2025-03-26,220.77000427246094,223.3300018310547,219.77000427246094,223.05999755859375,578200
2025-03-27,223.89999389648438,225.36000061035156,221.8800048828125,224.22999572753906,503600
2025-03-28,223.25,224.2899932861328,221.83999633789062,223.0,329600
2025-03-31,223.61000061035156,227.74000549316406,221.0500030517578,226.64999389648438,584200
2025-04-01,225.3000030517578,227.6699981689453,222.0500030517578,225.72000122070312,803900
2025-04-02,225.0500030517578,228.14999389648438,223.47000122070312,227.57000732421875,401000
2025-04-03,226.36000061035156,229.00999450683594,220.7899932861328,221.41000366210938,481500
2025-04-04,218.36000061035156,218.77999877929688,210.47999572753906,212.61000061035156,1201100
2025-04-07,209.33999633789062,216.14999389648438,205.02999877929688,212.75999450683594,949400
2025-04-08,217.5,218.25,205.85000610351562,208.5500030517578,690800
2025-04-09,204.89999389648438,223.47000122070312,204.89999389648438,222.94000244140625,1012200
2025-04-10,221.75,221.75999450683594,212.33999633789062,217.1199951171875,701000
2025-04-11,217.38999938964844,222.80999755859375,214.25,221.08999633789062,459300
2025-04-14,222.42999267578125,225.02999877929688,221.3699951171875,224.00999450683594,421500
2025-04-15,224.75999450683594,224.75999450683594,219.97000122070312,221.0399932861328,342200
2025-04-16,221.89999389648438,223.39999389648438,218.9600067138672,220.02000427246094,359400
2025-04-17,220.75,224.49000549316406,220.14999389648438,222.22999572753906,451300
2025-04-21,221.22000122070312,221.47999572753906,215.91000366210938,218.77999877929688,306200
2025-04-22,221.1699981689453,223.47999572753906,220.14999389648438,222.77000427246094,297200
2025-04-23,225.0,229.00999450683594,223.19000244140625,223.8699951171875,425500
2025-04-24,224.38999938964844,227.35000610351562,223.77000427246094,226.35000610351562,333700
2025-04-25,225.61000061035156,225.91000366210938,222.86000061035156,225.0,368800
2025-04-28,225.47999572753906,227.24000549316406,223.66000366210938,225.25999450683594,610400
2025-04-29,223.89999389648438,225.19000244140625,221.8800048828125,224.0399932861328,1183000
2025-04-30,225.35000610351562,226.1999969482422,221.22000122070312,224.74000549316406,1464000
2025-05-01,222.94000244140625,223.80999755859375,218.36000061035156,222.24000549316406,1089000
2025-05-02,225.47999572753906,225.7100067138672,221.94000244140625,224.80999755859375,745600
2025-05-05,224.83999633789062,226.22000122070312,221.92999267578125,224.3000030517578,752400
2025-05-06,222.99000549316406,224.97999572753906,221.05999755859375,222.4499969482422,1171200
2025-05-07,223.55999755859375,226.0399932861328,220.92999267578125,225.02000427246094,755600
2025-05-08,225.1699981689453,228.0800018310547,223.3300018310547,225.86000061035156,510100
2025-05-09,226.41000366210938,227.17999267578125,224.55999755859375,226.42999267578125,511900
2025-05-12,230.0,233.27000427246094,228.80999755859375,233.10000610351562,706000
2025-05-13,233.08999633789062,233.11000061035156,230.6999969482422,231.14999389648438,570600
2025-05-14,231.5,231.8300018310547,226.52999877929688,227.5,973600
2025-05-15,240.3000030517578,248.67999267578125,235.97000122070312,246.8800048828125,1153900
2025-05-16,246.63999938964844,252.1999969482422,245.10000610351562,251.58999633789062,1623100
2025-05-19,250.3800048828125,252.7899932861328,248.91000366210938,252.5500030517578,562300
2025-05-20,250.89999389648438,252.22000122070312,249.3699951171875,250.47000122070312,673500
2025-05-21,248.58999633789062,249.33999633789062,246.02000427246094,246.3300018310547,533400
2025-05-22,245.5,245.5,242.52000427246094,243.8000030517578,540900
2025-05-23,243.0,244.02000427246094,242.10000610351562,243.0,538500
2025-05-27,245.9499969482422,247.24000549316406,244.82000732421875,246.1999969482422,531700
2025-05-28,245.6300048828125,246.63999938964844,244.00999450683594,245.0,525900
2025-05-29,243.64999389648438,246.6300048828125,243.63999938964844,245.0,440900
2025-05-30,243.32000732421875,245.69000244140625,242.30999755859375,245.2100067138672,1044300
2025-06-02,243.82000732421875,243.82000732421875,240.1300048828125,242.0800018310547,501700
2025-06-03,241.24000549316406,243.97999572753906,240.63999938964844,243.3300018310547,555000
2025-06-04,243.69000244140625,244.17999267578125,241.47000122070312,242.10000610351562,616500
2025-06-05,243.49000549316406,244.6699981689453,241.3300018310547,243.5800018310547,760400
2025-06-06,244.32000732421875,245.0,241.88999938964844,243.72000122070312,590500
2025-06-09,244.5399932861328,244.99000549316406,241.86000061035156,242.6999969482422,564700
2025-06-10,242.72999572753906,244.63999938964844,241.75999450683594,242.36000061035156,576800
2025-06-11,242.6699981689453,243.22000122070312,240.1999969482422,240.74000549316406,471800
2025-06-12,240.8300018310547,242.4199981689453,239.74000549316406,242.41000366210938,360800
2025-06-13,240.07000732421875,244.25999450683594,240.0,241.33999633789062,464100
2025-06-16,241.8800048828125,243.72000122070312,240.52999877929688,241.16000366210938,417900
2025-06-17,238.92999267578125,239.57000732421875,236.39999389648438,237.0800018310547,563700
2025-06-18,236.88999938964844,238.27000427246094,235.9199981689453,236.22999572753906,540900
2025-06-20,236.9600067138672,237.74000549316406,234.52999877929688,235.6699981689453,665900
2025-06-23,235.6699981689453,237.0,234.0800018310547,236.91000366210938,430300
2025-06-24,237.17999267578125,240.05999755859375,234.50999450683594,239.58999633789062,467800
2025-06-25,239.38999938964844,241.58999633789062,237.14999389648438,240.3699951171875,535000
2025-06-26,241.02000427246094,241.02999877929688,237.92999267578125,238.52999877929688,396100
2025-06-27,238.58999633789062,240.6300048828125,236.72999572753906,238.7899932861328,741600
2025-06-30,238.75999450683594,240.61000061035156,238.1999969482422,240.22000122070312,570000
2025-07-01,239.1300048828125,243.0800018310547,238.1999969482422,242.66000366210938,918400
2025-07-02,241.72999572753906,242.7100067138672,237.17999267578125,238.25,548200
2025-07-03,238.52999877929688,238.52999877929688,236.1300048828125,237.5500030517578,242400
2025-07-07,237.55999755859375,237.55999755859375,231.97000122070312,233.32000732421875,523500
2025-07-08,232.52000427246094,234.72000122070312,231.58999633789062,232.57000732421875,610300
2025-07-09,233.35000610351562,233.35000610351562,229.6300048828125,231.27999877929688,551900
2025-07-10,231.27999877929688,233.36000061035156,230.1999969482422,230.72000122070312,530700
2025-07-11,229.27999877929688,229.27999877929688,225.92999267578125,228.02999877929688,431200
2025-07-14,227.10000610351562,227.55999755859375,224.6999969482422,225.7899932861328,834000
2025-07-15,228.94000244140625,230.91000366210938,227.88999938964844,228.83999633789062,850000
2025-07-16,229.38999938964844,230.17999267578125,225.5399932861328,227.6199951171875,552900
2025-07-17,226.4199981689453,227.57000732421875,224.14999389648438,224.58999633789062,1076100
2025-07-18,225.52000427246094,226.8699951171875,222.88999938964844,225.5800018310547,1721800
2025-07-21,224.8800048828125,225.57000732421875,222.4499969482422,222.64999389648438,643700
2025-07-22,223.49000549316406,226.27999877929688,223.2100067138672,223.69000244140625,818000
2025-07-23,225.5399932861328,226.2100067138672,222.3300018310547,225.47000122070312,535200
2025-07-24,225.83999633789062,228.5,224.47999572753906,227.25,376500
2025-07-25,226.88999938964844,231.27000427246094,226.44000244140625,230.4600067138672,650300
2025-07-28,229.61000061035156,230.55999755859375,226.22999572753906,226.52999877929688,429700
2025-07-29,226.47999572753906,228.72999572753906,225.89999389648438,228.3699951171875,438300
2025-07-30,227.58999633789062,229.83999633789062,227.58999633789062,229.27000427246094,408100
2025-07-31,228.57000732421875,229.97000122070312,226.0500030517578,226.49000549316406,700700
2025-08-01,226.08999633789062,227.77999877929688,224.0,226.8699951171875,733700
2025-08-04,226.58999633789062,228.8800048828125,226.25999450683594,228.42999267578125,590200
2025-08-05,228.47000122070312,228.6999969482422,223.08999633789062,223.8699951171875,735300
2025-08-06,222.35000610351562,224.41000366210938,220.5500030517578,221.2100067138672,726000
2025-08-07,227.16000366210938,237.55999755859375,226.5800018310547,236.24000549316406,1192900
2025-08-08,238.60000610351562,244.25,236.8300018310547,242.85000610351562,863800
2025-08-11,242.8699951171875,243.63999938964844,241.2899932861328,241.6199951171875,424200
2025-08-12,242.08999633789062,243.91000366210938,241.2899932861328,243.75999450683594,341100
2025-08-13,243.86000061035156,248.05999755859375,242.89999389648438,247.07000732421875,455200
2025-08-14,246.74000549316406,246.85000610351562,244.2899932861328,246.13999938964844,447200
2025-08-15,247.00999450683594,248.02000427246094,244.52999877929688,245.55999755859375,466800
2025-08-18,244.9499969482422,246.8300018310547,244.32000732421875,244.55999755859375,319800
2025-08-19,243.4600067138672,248.0399932861328,243.4600067138672,247.6199951171875,376700
2025-08-20,248.27000427246094,251.3300018310547,247.44000244140625,249.5500030517578,489600
2025-08-21,248.24000549316406,249.14999389648438,247.17999267578125,247.5,331100
2025-08-22,249.19000244140625,252.4600067138672,247.77000427246094,251.8699951171875,375600
2025-08-25,251.69000244140625,252.1300048828125,247.94000244140625,248.47999572753906,320900
2025-08-26,247.99000549316406,248.8800048828125,246.39999389648438,248.5800018310547,548200
2025-08-27,247.49000549316406,249.44000244140625,246.6199951171875,248.97999572753906,629100
2025-08-28,248.33999633789062,248.47000122070312,244.0800018310547,244.77000427246094,512900
2025-08-29,244.8000030517578,246.86000061035156,242.6999969482422,245.05999755859375,561700
2025-09-02,243.66000366210938,244.83999633789062,241.7899932861328,242.02000427246094,406800
2025-09-03,240.5800018310547,242.58999633789062,240.00999450683594,242.4600067138672,534100
2025-09-04,241.3699951171875,243.47000122070312,239.39999389648438,243.38999938964844,499500
2025-09-05,243.64999389648438,246.99000549316406,242.5800018310547,245.3000030517578,331200
2025-09-08,244.86000061035156,249.35000610351562,243.25,248.32000732421875,933000
2025-09-09,248.4499969482422,249.1999969482422,246.69000244140625,248.38999938964844,399600
2025-09-10,248.2899932861328,248.5500030517578,243.8300018310547,243.8300018310547,431100
2025-09-11,245.42999267578125,252.5500030517578,243.00999450683594,252.42999267578125,758400
2025-09-12,252.32000732421875,253.0,248.8000030517578,249.8800048828125,774400
2025-09-15,250.02000427246094,250.88999938964844,246.9600067138672,247.80999755859375,757500
2025-09-16,247.7899932861328,249.83999633789062,247.1199951171875,247.99000549316406,567900
2025-09-17,248.72999572753906,251.83999633789062,247.10000610351562,248.7899932861328,462400
2025-09-18,249.02000427246094,251.72999572753906,246.63999938964844,250.5,597700
2025-09-19,250.72000122070312,250.88999938964844,248.60000610351562,248.77999877929688,643500
2025-09-22,248.1999969482422,250.25,246.33999633789062,249.7100067138672,363800
2025-09-23,248.77999877929688,251.75999450683594,248.49000549316406,249.22999572753906,432100
2025-09-24,247.92999267578125,250.10000610351562,245.49000549316406,245.99000549316406,564500
2025-09-25,245.0,245.63999938964844,238.39999389648438,244.19000244140625,631700
2025-09-26,244.3699951171875,249.13999938964844,244.3699951171875,249.0800018310547,445800
2025-09-29,248.72999572753906,248.72999572753906,244.66000366210938,245.3699951171875,796100
2025-09-30,246.0,248.4600067138672,244.55999755859375,247.44000244140625,537100
2025-10-01,248.3300018310547,249.4499969482422,236.66000366210938,241.3000030517578,935100
2025-10-02,240.17999267578125,243.30999755859375,240.17999267578125,242.39999389648438,504100
2025-10-03,242.77999877929688,244.61000061035156,241.10000610351562,242.5,714200
2025-10-06,241.82000732421875,242.6999969482422,239.16000366210938,240.63999938964844,563700
2025-10-07,242.00999450683594,243.1999969482422,240.83999633789062,241.55999755859375,694100
2025-10-08,242.25,242.6300048828125,240.44000244140625,242.3300018310547,396500
2025-10-09,243.74000549316406,244.91000366210938,239.22999572753906,239.4199981689453,371100
2025-10-10,240.0,240.50999450683594,235.33999633789062,235.8300018310547,414000
2025-10-13,235.63999938964844,237.10000610351562,234.1699981689453,235.47999572753906,358400
2025-10-14,235.02000427246094,238.02999877929688,232.50999450683594,237.80999755859375,516900
2025-10-15,237.02000427246094,238.9499969482422,234.9600067138672,236.75999450683594,347400
2025-10-16,236.39999389648438,240.8699951171875,235.32000732421875,240.3000030517578,450800
2025-10-17,240.86000061035156,241.33999633789062,237.3000030517578,240.2100067138672,507500
2025-10-20,240.42999267578125,242.7100067138672,239.07000732421875,242.22000122070312,498500
2025-10-21,242.75,245.1999969482422,240.27000427246094,242.02999877929688,371200
2025-10-22,244.22999572753906,244.47999572753906,241.67999267578125,242.3699951171875,653600
2025-10-23,242.5,243.9499969482422,240.2100067138672,241.85000610351562,295400
2025-10-24,243.33999633789062,243.33999633789062,240.57000732421875,240.75999450683594,341700
2025-10-27,240.99000549316406,242.3800048828125,239.07000732421875,240.91000366210938,1334300
2025-10-28,240.32000732421875,242.8300018310547,238.2100067138672,241.1999969482422,1475900
2025-10-29,241.0,241.0,236.0,236.7899932861328,560400
2025-10-30,235.7899932861328,239.4199981689453,235.39999389648438,236.19000244140625,697900
2025-10-31,234.6999969482422,237.0500030517578,232.1999969482422,235.6999969482422,604300
2025-11-03,235.3699951171875,237.41000366210938,233.27999877929688,237.32000732421875,746000
2025-11-04,238.33999633789062,242.97999572753906,235.97999572753906,241.85000610351562,727200
2025-11-05,240.50999450683594,244.3000030517578,239.1999969482422,243.17999267578125,1086100
2025-11-06,248.0399932861328,265.55999755859375,247.0,260.05999755859375,1610600
2025-11-07,259.57000732421875,264.6600036621094,258.5299987792969,263.7699890136719,897400
2025-11-10,262.239990234375,264.82000732421875,257.1300048828125,264.010009765625,1080500
2025-11-11,264.5,267.5299987792969,263.67999267578125,266.70001220703125,809700
2025-11-12,266.17999267578125,268.29998779296875,265.010009765625,267.989990234375,706800
2025-11-13,266.010009765625,268.0199890136719,260.25,260.44000244140625,973900
2025-11-14,260.760009765625,261.04998779296875,256.7099914550781,258.4100036621094,504400
2025-11-17,258.5199890136719,260.05999755859375,256.79998779296875,257.010009765625,532900
2025-11-18,257.5,258.5899963378906,255.86000061035156,257.0,543800
2025-11-19,256.6300048828125,259.010009765625,252.14999389648438,254.7100067138672,652600
2025-11-20,254.94000244140625,258.25,253.8300018310547,256.9800109863281,623600
2025-11-21,257.1300048828125,264.1600036621094,256.3800048828125,263.2900085449219,976400
2025-11-24,263.0,265.3399963378906,262.0799865722656,263.0799865722656,1025900
2025-11-25,264.8399963378906,268.6000061035156,263.57000732421875,267.7900085449219,577900
2025-11-26,266.4800109863281,268.6000061035156,264.29998779296875,266.8500061035156,431600
2025-11-28,267.30999755859375,268.57000732421875,263.010009765625,266.2799987792969,311300
2025-12-01,264.4800109863281,266.70001220703125,261.6000061035156,262.8900146484375,747200
2025-12-02,264.0,264.0,258.4700012207031,259.29998779296875,571500
2025-12-03,259.9200134277344,261.260009765625,256.67999267578125,259.3999938964844,396300
2025-12-04,259.6600036621094,261.5299987792969,258.8900146484375,261.0199890136719,537800
