date,open,high,low,close,volume
2010-01-04,31.3799991607666,31.600000381469727,30.969999313354492,31.530000686645508,12199500
2010-01-05,31.729999542236328,31.969999313354492,31.280000686645508,31.479999542236328,11180700
2010-01-06,31.600000381469727,32.060001373291016,31.40999984741211,31.790000915527344,9761100
2010-01-07,31.59000015258789,33.04999923706055,31.59000015258789,33.0099983215332,11789800
2010-01-08,32.86000061035156,32.91999816894531,32.34000015258789,32.70000076293945,7228700
2010-01-11,32.709999084472656,33.130001068115234,32.70000076293945,32.91999816894531,7206900
2010-01-12,32.70000076293945,32.90999984741211,31.540000915527344,32.04999923706055,13121500
2010-01-13,31.989999771118164,32.54999923706055,31.68000030517578,32.540000915527344,8797200
2010-01-14,32.68000030517578,33.33000183105469,32.33000183105469,33.31999969482422,8818300
2010-01-15,33.540000915527344,33.9900016784668,33.099998474121094,33.75,19382000
2010-01-19,34.560001373291016,35.900001525878906,34.5,35.130001068115234,26477900
2010-01-20,35.939998626708984,36.06999969482422,34.290000915527344,34.54999923706055,26854700
2010-01-21,35.43000030517578,35.689998626708984,33.0,33.099998474121094,29192700
2010-01-22,33.81999969482422,34.11000061035156,33.099998474121094,33.15999984741211,21021600
2010-01-25,33.560001373291016,33.720001220703125,32.959999084472656,33.0,10925800
2010-01-26,32.5099983215332,32.90999984741211,32.439998626708984,32.439998626708984,11057200
2010-01-27,32.34000015258789,33.529998779296875,32.11000061035156,33.2400016784668,14387100
2010-01-28,33.33000183105469,34.09000015258789,33.040000915527344,33.43000030517578,16742100
2010-01-29,33.41999816894531,33.79999923706055,32.959999084472656,33.0,11931500
2010-02-01,33.029998779296875,33.40999984741211,32.220001220703125,33.130001068115234,13710200
2010-02-02,33.13999938964844,34.119998931884766,32.93000030517578,34.04999923706055,12114600
2010-02-03,34.04999923706055,34.04999923706055,32.81999969482422,33.31999969482422,8410400
2010-02-04,33.2400016784668,33.2400016784668,32.38999938964844,32.459999084472656,10648500
2010-02-05,32.41999816894531,32.630001068115234,31.84000015258789,32.540000915527344,12666000
2010-02-08,32.22999954223633,32.95000076293945,32.22999954223633,32.40999984741211,9558200
2010-02-09,32.720001220703125,33.060001373291016,32.0,33.0,11236500
2010-02-10,33.0,33.16999816894531,32.29999923706055,32.709999084472656,10755200
2010-02-11,32.709999084472656,33.20000076293945,32.439998626708984,33.119998931884766,7857600
2010-02-12,32.779998779296875,32.849998474121094,32.029998779296875,32.18000030517578,11688700
2010-02-16,32.33000183105469,32.599998474121094,31.389999389648438,31.6299991607666,13934200
2010-02-17,31.68000030517578,33.209999084472656,31.68000030517578,32.54999923706055,11690900
2010-02-18,32.22999954223633,32.9900016784668,32.119998931884766,32.689998626708984,10327100
2010-02-19,32.41999816894531,32.77000045776367,31.829999923706055,31.940000534057617,11508200
2010-02-22,32.11000061035156,33.119998931884766,31.8799991607666,33.08000183105469,16338800
2010-02-23,32.869998931884766,33.16999816894531,32.36000061035156,32.810001373291016,10746500
2010-02-24,32.880001068115234,33.65999984741211,32.36000061035156,33.619998931884766,10982600
2010-02-25,33.31999969482422,33.97999954223633,32.84000015258789,33.45000076293945,14779500
2010-02-26,33.52000045776367,34.29999923706055,33.36000061035156,33.86000061035156,9684700
2010-03-01,34.0,34.720001220703125,33.529998779296875,34.040000915527344,10970800
2010-03-02,34.11000061035156,34.369998931884766,33.61000061035156,33.95000076293945,7081500
2010-03-03,34.04999923706055,34.349998474121094,33.77000045776367,34.099998474121094,8089700
2010-03-04,34.04999923706055,34.099998474121094,32.41999816894531,32.95000076293945,17386600
2010-03-05,33.029998779296875,33.790000915527344,32.959999084472656,33.7400016784668,8133300
2010-03-08,33.7400016784668,33.84000015258789,33.029998779296875,33.099998474121094,7734800
2010-03-09,33.18000030517578,33.45000076293945,33.06999969482422,33.08000183105469,8770800
2010-03-10,33.02000045776367,33.54999923706055,32.939998626708984,33.2400016784668,7419000
2010-03-11,33.09000015258789,33.560001373291016,32.939998626708984,33.5,14678000
2010-03-12,33.68000030517578,33.7400016784668,32.779998779296875,32.90999984741211,9450400
2010-03-15,32.779998779296875,32.779998779296875,31.93000030517578,32.529998779296875,13520100
2010-03-16,32.150001525878906,33.11000061035156,32.09000015258789,33.04999923706055,12932100
2010-03-17,33.15999984741211,33.15999984741211,32.2599983215332,32.75,10614400
2010-03-18,32.459999084472656,33.689998626708984,31.979999542236328,33.59000015258789,15407200
2010-03-19,34.38999938964844,34.70000076293945,33.720001220703125,34.38999938964844,21827600
2010-03-22,34.470001220703125,35.15999984741211,33.209999084472656,33.29999923706055,20218800
2010-03-23,33.36000061035156,33.459999084472656,32.959999084472656,33.15999984741211,11409500
2010-03-24,33.13999938964844,33.34000015258789,32.720001220703125,32.720001220703125,10825800
2010-03-25,32.7599983215332,33.2599983215332,32.599998474121094,33.119998931884766,14786200
2010-03-26,33.099998474121094,33.27000045776367,32.599998474121094,32.630001068115234,8751000
2010-03-29,32.65999984741211,33.02000045776367,32.52000045776367,32.84000015258789,7967200
2010-03-30,32.790000915527344,33.290000915527344,32.599998474121094,33.060001373291016,7253100
2010-03-31,32.900001525878906,33.11000061035156,32.5,32.66999816894531,6961600
2010-04-01,32.79999923706055,32.9900016784668,32.52000045776367,32.9900016784668,6713400
2010-04-05,33.119998931884766,33.220001220703125,32.77000045776367,33.13999938964844,6722000
2010-04-06,33.27000045776367,34.0,33.25,33.40999984741211,9430900
2010-04-07,33.529998779296875,33.529998779296875,32.7400016784668,32.93000030517578,8395900
2010-04-08,32.84000015258789,32.959999084472656,32.20000076293945,32.619998931884766,11174600
2010-04-09,32.65999984741211,32.709999084472656,31.610000610351562,32.2599983215332,12831400
2010-04-12,32.18000030517578,32.380001068115234,32.0099983215332,32.2599983215332,8763300
2010-04-13,32.439998626708984,32.68000030517578,31.829999923706055,32.15999984741211,11119100
2010-04-14,32.11000061035156,32.119998931884766,30.940000534057617,31.049999237060547,16499100
2010-04-15,31.06999969482422,31.299999237060547,30.079999923706055,30.6299991607666,25271500
2010-04-16,30.540000915527344,31.110000610351562,30.34000015258789,30.729999542236328,15355500
2010-04-19,30.559999465942383,31.670000076293945,30.559999465942383,31.229999542236328,13524400
2010-04-20,32.220001220703125,32.22999954223633,30.260000228881836,30.979999542236328,26564000
2010-04-21,31.139999389648438,31.450000762939453,30.09000015258789,30.260000228881836,13735400
2010-04-22,30.25,30.520000457763672,29.8799991607666,30.459999084472656,14148700
2010-04-23,30.309999465942383,30.969999313354492,30.280000686645508,30.950000762939453,14799000
2010-04-26,31.1200008392334,31.149999618530273,29.700000762939453,29.850000381469727,16596800
2010-04-27,29.84000015258789,30.360000610351562,29.6200008392334,29.799999237060547,16204300
2010-04-28,29.93000030517578,30.6200008392334,29.709999084472656,30.440000534057617,13270600
2010-04-29,30.809999465942383,31.739999771118164,30.790000915527344,31.299999237060547,13609500
2010-04-30,31.34000015258789,31.34000015258789,30.219999313354492,30.309999465942383,15545900
2010-05-03,30.5,30.579999923706055,29.889999389648438,30.260000228881836,9553500
2010-05-04,30.010000228881836,30.049999237060547,29.280000686645508,29.489999771118164,11745200
2010-05-05,29.239999771118164,30.100000381469727,29.139999389648438,30.0,11359500
2010-05-06,30.149999618530273,30.270000457763672,27.969999313354492,29.239999771118164,10439100
2010-05-07,29.049999237060547,29.280000686645508,28.25,29.020000457763672,14194800
2010-05-10,28.979999542236328,30.059999465942383,28.920000076293945,29.8799991607666,9059800
2010-05-11,29.809999465942383,30.079999923706055,29.549999237060547,29.850000381469727,9614100
2010-05-12,29.850000381469727,30.3799991607666,29.790000915527344,30.31999969482422,11345400
2010-05-13,30.200000762939453,30.43000030517578,29.93000030517578,30.18000030517578,7148300
2010-05-14,29.969999313354492,30.479999542236328,29.559999465942383,30.389999389648438,12201000
2010-05-17,30.469999313354492,30.729999542236328,29.8700008392334,30.440000534057617,8658100
2010-05-18,30.530000686645508,30.739999771118164,30.079999923706055,30.18000030517578,8907900
2010-05-19,30.110000610351562,30.25,29.75,29.989999771118164,10096000
2010-05-20,29.520000457763672,29.649999618530273,28.950000762939453,28.959999084472656,10194300
2010-05-21,28.540000915527344,29.06999969482422,28.15999984741211,28.700000762939453,11502800
2010-05-24,28.59000015258789,29.18000030517578,28.170000076293945,28.829999923706055,7996700
2010-05-25,28.329999923706055,28.889999389648438,28.110000610351562,28.8700008392334,8547300
2010-05-26,29.049999237060547,29.549999237060547,28.770000457763672,28.790000915527344,9613100
2010-05-27,29.309999465942383,29.31999969482422,28.850000381469727,29.31999969482422,6502100
2010-05-28,29.290000915527344,29.40999984741211,28.850000381469727,29.06999969482422,11697300
2010-06-01,29.18000030517578,29.610000610351562,28.889999389648438,28.979999542236328,8178500
2010-06-02,29.1200008392334,29.940000534057617,28.8700008392334,29.90999984741211,7967800
2010-06-03,29.920000076293945,30.489999771118164,29.65999984741211,30.459999084472656,8064800
2010-06-04,30.09000015258789,31.610000610351562,29.889999389648438,30.34000015258789,16676300
2010-06-07,30.469999313354492,31.06999969482422,29.31999969482422,30.459999084472656,16847400
2010-06-08,30.43000030517578,31.110000610351562,30.260000228881836,30.889999389648438,18435500
2010-06-09,30.889999389648438,31.15999984741211,30.450000762939453,30.530000686645508,10126400
2010-06-10,30.920000076293945,31.1200008392334,30.219999313354492,30.700000762939453,11766600
2010-06-11,30.5,30.829999923706055,30.1299991607666,30.670000076293945,9072700
2010-06-14,30.719999313354492,30.940000534057617,30.549999237060547,30.59000015258789,8390100
2010-06-15,30.899999618530273,31.209999084472656,30.760000228881836,31.190000534057617,9569200
2010-06-16,30.84000015258789,31.6299991607666,30.84000015258789,31.389999389648438,10152000
2010-06-17,31.540000915527344,31.540000915527344,31.170000076293945,31.5,9370800
2010-06-18,31.5,31.6200008392334,31.200000762939453,31.329999923706055,10243000
2010-06-21,31.610000610351562,31.799999237060547,31.049999237060547,31.149999618530273,7110500
2010-06-22,31.110000610351562,31.34000015258789,30.579999923706055,30.639999389648438,6578200
2010-06-23,30.770000457763672,30.920000076293945,30.1200008392334,30.209999084472656,8358400
2010-06-24,30.079999923706055,30.149999618530273,29.6299991607666,29.760000228881836,8952600
2010-06-25,29.75,30.110000610351562,29.579999923706055,29.8799991607666,14216100
2010-06-28,29.8700008392334,30.329999923706055,29.1200008392334,29.190000534057617,9883000
2010-06-29,28.8799991607666,29.030000686645508,28.459999084472656,28.6299991607666,14389900
2010-06-30,28.510000228881836,28.760000228881836,28.309999465942383,28.399999618530273,11078500
2010-07-01,28.309999465942383,28.309999465942383,27.1299991607666,27.850000381469727,15600900
2010-07-02,27.889999389648438,28.450000762939453,27.790000915527344,28.299999237060547,9312900
2010-07-06,28.489999771118164,29.059999465942383,28.290000915527344,28.889999389648438,13395000
2010-07-07,28.979999542236328,29.25,28.799999237060547,29.200000762939453,8978500
2010-07-08,29.31999969482422,29.889999389648438,29.25,29.68000030517578,8996400
2010-07-09,29.75,30.1299991607666,29.520000457763672,29.969999313354492,6971100
2010-07-12,29.90999984741211,30.06999969482422,29.610000610351562,30.040000915527344,8901800
2010-07-13,30.239999771118164,30.270000457763672,29.799999237060547,30.139999389648438,6905100
2010-07-14,30.0,30.389999389648438,29.780000686645508,30.31999969482422,4711100
2010-07-15,30.31999969482422,30.93000030517578,30.1200008392334,30.8799991607666,9214500
2010-07-16,30.729999542236328,31.1200008392334,30.149999618530273,30.34000015258789,9411300
2010-07-19,30.479999542236328,30.959999084472656,30.290000915527344,30.81999969482422,8575500
2010-07-20,31.350000381469727,31.489999771118164,30.239999771118164,30.829999923706055,13493900
2010-07-21,30.850000381469727,31.1299991607666,30.579999923706055,30.700000762939453,8884400
2010-07-22,31.09000015258789,31.200000762939453,30.649999618530273,31.0,9202600
2010-07-23,31.0,31.25,30.739999771118164,30.920000076293945,5746700
2010-07-26,30.84000015258789,31.489999771118164,30.84000015258789,31.469999313354492,5479000
2010-07-27,31.530000686645508,31.719999313354492,30.6299991607666,30.780000686645508,11856600
2010-07-28,30.790000915527344,30.920000076293945,30.149999618530273,30.329999923706055,7981800
2010-07-29,30.489999771118164,30.8799991607666,30.040000915527344,30.440000534057617,5540300
2010-07-30,30.200000762939453,30.68000030517578,29.940000534057617,30.450000762939453,4893200
2010-08-02,30.889999389648438,31.559999465942383,30.829999923706055,31.440000534057617,7440900
2010-08-03,31.389999389648438,32.58000183105469,31.270000457763672,32.41999816894531,9954200
2010-08-04,32.43000030517578,33.2400016784668,32.400001525878906,32.90999984741211,9379500
2010-08-05,32.7599983215332,33.4900016784668,32.68000030517578,33.41999816894531,7829600
2010-08-06,33.08000183105469,33.54999923706055,32.959999084472656,33.45000076293945,7479400
2010-08-09,33.5,33.790000915527344,33.36000061035156,33.4900016784668,6059400
2010-08-10,33.29999923706055,33.619998931884766,32.959999084472656,33.33000183105469,7957600
2010-08-11,32.849998474121094,33.150001525878906,31.739999771118164,31.989999771118164,17250600
2010-08-12,31.709999084472656,32.2400016784668,31.56999969482422,32.130001068115234,8998000
2010-08-13,32.0099983215332,32.189998626708984,31.649999618530273,32.029998779296875,6868600
2010-08-16,31.850000381469727,31.989999771118164,31.3700008392334,31.899999618530273,5231900
2010-08-17,32.22999954223633,32.58000183105469,31.979999542236328,32.349998474121094,5544800
2010-08-18,32.279998779296875,32.959999084472656,32.119998931884766,32.540000915527344,6444900
2010-08-19,32.369998931884766,32.470001220703125,31.760000228881836,31.790000915527344,7067700
2010-08-20,31.75,31.829999923706055,31.389999389648438,31.610000610351562,5330200
2010-08-23,31.6299991607666,32.16999816894531,31.469999313354492,31.5,5077300
2010-08-24,31.200000762939453,31.420000076293945,30.860000610351562,31.040000915527344,7509700
2010-08-25,30.93000030517578,32.25,30.81999969482422,31.959999084472656,10921200
2010-08-26,32.040000915527344,32.38999938964844,31.850000381469727,31.850000381469727,9944700
2010-08-27,31.959999084472656,32.41999816894531,31.479999542236328,32.369998931884766,7051400
2010-08-30,32.33000183105469,32.47999954223633,31.8799991607666,31.90999984741211,7173200
2010-08-31,31.809999465942383,32.209999084472656,31.420000076293945,31.719999313354492,8650800
2010-09-01,32.0099983215332,32.630001068115234,31.84000015258789,32.59000015258789,8623100
2010-09-02,32.83000183105469,32.93000030517578,32.290000915527344,32.86000061035156,5430000
2010-09-03,32.95000076293945,33.90999984741211,32.90999984741211,33.90999984741211,7760900
2010-09-07,33.7599983215332,34.09000015258789,33.619998931884766,33.779998779296875,6831800
2010-09-08,33.779998779296875,33.959999084472656,33.33000183105469,33.849998474121094,8552100
2010-09-09,34.099998474121094,34.25,33.91999816894531,34.02000045776367,7507100
2010-09-10,33.9900016784668,34.63999938964844,33.79999923706055,34.4900016784668,8940700
2010-09-13,34.790000915527344,35.279998779296875,34.66999816894531,34.720001220703125,7101400
2010-09-14,34.0099983215332,35.0,33.97999954223633,34.61000061035156,8716000
2010-09-15,34.5,34.599998474121094,33.970001220703125,34.27000045776367,11169600
2010-09-16,34.22999954223633,34.38999938964844,33.91999816894531,34.2400016784668,6153700
2010-09-17,34.459999084472656,34.61000061035156,34.130001068115234,34.130001068115234,7286900
2010-09-20,34.369998931884766,35.029998779296875,34.349998474121094,34.93000030517578,5639200
2010-09-21,34.88999938964844,35.5,34.83000183105469,35.2599983215332,6428000
2010-09-22,35.119998931884766,35.70000076293945,34.90999984741211,35.68000030517578,7184300
2010-09-23,35.400001525878906,35.79999923706055,35.189998626708984,35.439998626708984,6711800
2010-09-24,35.939998626708984,35.939998626708984,35.599998474121094,35.72999954223633,8558100
2010-09-27,35.83000183105469,35.83000183105469,35.25,35.349998474121094,7505200
2010-09-28,35.45000076293945,35.61000061035156,34.90999984741211,35.040000915527344,8410300
2010-09-29,34.90999984741211,35.209999084472656,34.709999084472656,35.20000076293945,7872500
2010-09-30,35.4900016784668,35.560001373291016,35.08000183105469,35.11000061035156,7847200
2010-10-01,35.06999969482422,35.470001220703125,34.7599983215332,35.43000030517578,6503500
2010-10-04,35.29999923706055,35.29999923706055,34.349998474121094,34.540000915527344,5883300
2010-10-05,34.77000045776367,35.130001068115234,34.54999923706055,35.06999969482422,6887400
2010-10-06,35.040000915527344,35.220001220703125,33.939998626708984,33.95000076293945,13815400
2010-10-07,34.38999938964844,34.59000015258789,34.11000061035156,34.34000015258789,6878900
2010-10-08,34.45000076293945,34.54999923706055,34.189998626708984,34.349998474121094,6022300
2010-10-11,34.09000015258789,34.900001525878906,34.06999969482422,34.650001525878906,6746300
2010-10-12,34.52000045776367,35.060001373291016,34.439998626708984,35.02000045776367,6766300
2010-10-13,35.09000015258789,35.619998931884766,35.02000045776367,35.31999969482422,8050100
2010-10-14,35.2599983215332,36.2599983215332,35.22999954223633,35.779998779296875,10274300
2010-10-15,36.0099983215332,36.22999954223633,35.77000045776367,35.97999954223633,7825200
2010-10-18,36.09000015258789,36.369998931884766,35.84000015258789,36.25,8035000
2010-10-19,35.630001068115234,35.91999816894531,34.91999816894531,35.29999923706055,13178200
2010-10-20,35.459999084472656,36.75,35.45000076293945,36.72999954223633,10386500
2010-10-21,36.849998474121094,36.849998474121094,36.119998931884766,36.4900016784668,6840200
2010-10-22,36.70000076293945,37.2599983215332,36.41999816894531,37.2599983215332,6622900
2010-10-25,37.52000045776367,37.95000076293945,37.459999084472656,37.560001373291016,7456100
2010-10-26,37.5099983215332,37.689998626708984,37.150001525878906,37.56999969482422,8050600
2010-10-27,37.25,37.36000061035156,35.70000076293945,35.93000030517578,12700700
2010-10-28,36.279998779296875,36.400001525878906,35.95000076293945,36.25,6281600
2010-10-29,36.400001525878906,36.93000030517578,35.810001373291016,36.04999923706055,6696900
2010-11-01,36.27000045776367,36.63999938964844,35.70000076293945,36.11000061035156,7671800
2010-11-02,36.400001525878906,37.09000015258789,36.36000061035156,37.0,9988000
2010-11-03,36.650001525878906,37.45000076293945,36.06999969482422,36.65999984741211,10730400
2010-11-04,37.0,37.04999923706055,36.380001068115234,36.79999923706055,6839700
2010-11-05,36.72999954223633,37.189998626708984,36.47999954223633,36.86000061035156,7190400
2010-11-08,36.630001068115234,37.18000030517578,36.61000061035156,37.119998931884766,4370500
2010-11-09,37.2400016784668,37.279998779296875,36.810001373291016,36.97999954223633,6027600
2010-11-10,36.709999084472656,37.16999816894531,35.970001220703125,37.15999984741211,8385100
2010-11-11,36.970001220703125,37.5,36.7400016784668,37.470001220703125,5396400
2010-11-12,37.209999084472656,37.33000183105469,36.22999954223633,36.66999816894531,7373900
2010-11-15,36.31999969482422,36.380001068115234,35.439998626708984,35.470001220703125,9124200
2010-11-16,35.279998779296875,35.380001068115234,34.810001373291016,35.0099983215332,10840800
2010-11-17,35.09000015258789,35.34000015258789,34.58000183105469,35.33000183105469,9578000
2010-11-18,34.59000015258789,35.95000076293945,34.5,35.630001068115234,9207900
2010-11-19,35.540000915527344,36.4900016784668,35.34000015258789,36.0,14341600
2010-11-22,37.310001373291016,37.41999816894531,35.56999969482422,36.459999084472656,14972500
2010-11-23,36.150001525878906,36.34000015258789,35.779998779296875,36.04999923706055,6577900
2010-11-24,36.61000061035156,36.75,36.02000045776367,36.18000030517578,6306100
2010-11-26,35.7599983215332,36.27000045776367,35.7400016784668,35.880001068115234,2972200
2010-11-29,35.540000915527344,36.66999816894531,35.04999923706055,36.59000015258789,10899000
2010-11-30,36.31999969482422,36.97999954223633,36.040000915527344,36.52000045776367,12039400
2010-12-01,37.13999938964844,37.900001525878906,37.13999938964844,37.66999816894531,11012000
2010-12-02,37.68000030517578,38.060001373291016,37.63999938964844,38.04999923706055,8600200
2010-12-03,37.709999084472656,37.97999954223633,37.380001068115234,37.81999969482422,5383200
2010-12-06,37.66999816894531,37.880001068115234,37.2400016784668,37.290000915527344,5179900
2010-12-07,37.470001220703125,37.619998931884766,36.72999954223633,36.77000045776367,8523900
2010-12-08,36.90999984741211,37.0099983215332,36.68000030517578,36.84000015258789,5753700
2010-12-09,37.209999084472656,37.209999084472656,36.43000030517578,36.650001525878906,8309700
2010-12-10,36.790000915527344,36.849998474121094,36.43000030517578,36.66999816894531,7979300
2010-12-13,36.7599983215332,37.86000061035156,36.619998931884766,36.900001525878906,11122300
2010-12-14,36.59000015258789,37.08000183105469,36.34000015258789,36.5,8351800
2010-12-15,36.27000045776367,36.34000015258789,35.11000061035156,35.45000076293945,13520200
2010-12-16,35.45000076293945,35.7599983215332,34.939998626708984,35.61000061035156,10177800
2010-12-17,35.599998474121094,35.61000061035156,34.970001220703125,35.04999923706055,18279900
2010-12-20,35.290000915527344,35.33000183105469,34.97999954223633,35.18000030517578,6407700
2010-12-21,35.119998931884766,35.810001373291016,35.04999923706055,35.33000183105469,6873900
2010-12-22,35.40999984741211,35.869998931884766,35.279998779296875,35.84000015258789,5115000
2010-12-23,35.81999969482422,36.099998474121094,35.630001068115234,35.77000045776367,3808500
2010-12-27,35.5,35.709999084472656,35.45000076293945,35.540000915527344,2810600
2010-12-28,35.5099983215332,35.77000045776367,35.380001068115234,35.720001220703125,3082900
2010-12-29,35.84000015258789,36.029998779296875,35.66999816894531,35.90999984741211,3593700
2010-12-30,35.90999984741211,36.029998779296875,35.720001220703125,35.939998626708984,2865500
2010-12-31,36.040000915527344,36.209999084472656,35.790000915527344,36.11000061035156,2828000
2011-01-03,36.380001068115234,37.18000030517578,36.369998931884766,37.130001068115234,8212400
2011-01-04,37.029998779296875,37.5,36.83000183105469,37.470001220703125,6724300
2011-01-05,37.5,37.810001373291016,37.290000915527344,37.59000015258789,7528100
2011-01-06,37.959999084472656,38.400001525878906,37.7400016784668,38.369998931884766,7157300
2011-01-07,38.380001068115234,38.540000915527344,38.04999923706055,38.45000076293945,6437700
2011-01-10,38.540000915527344,38.650001525878906,38.0099983215332,38.45000076293945,5725300
2011-01-11,38.529998779296875,39.099998474121094,38.34000015258789,39.08000183105469,5569100
2011-01-12,39.22999954223633,39.33000183105469,38.810001373291016,38.86000061035156,5872400
2011-01-13,39.27000045776367,39.599998474121094,38.93000030517578,39.599998474121094,8618200
2011-01-14,39.47999954223633,40.900001525878906,39.40999984741211,40.77000045776367,10560400
2011-01-18,40.790000915527344,40.9900016784668,40.470001220703125,40.880001068115234,6738900
2011-01-19,40.869998931884766,41.02000045776367,40.11000061035156,40.560001373291016,9424600
2011-01-20,40.0,40.5,39.369998931884766,40.310001373291016,11293100
2011-01-21,40.58000183105469,40.59000015258789,40.130001068115234,40.40999984741211,7384200
2011-01-24,40.40999984741211,40.5,39.70000076293945,39.810001373291016,7604100
2011-01-25,39.689998626708984,41.0,39.650001525878906,40.619998931884766,10000100
2011-01-26,40.59000015258789,41.130001068115234,40.11000061035156,40.25,8937900
2011-01-27,40.939998626708984,42.41999816894531,40.439998626708984,42.290000915527344,13558000
2011-01-28,42.310001373291016,42.439998626708984,40.86000061035156,40.93000030517578,7767400
2011-01-31,41.02000045776367,41.31999969482422,40.709999084472656,41.04999923706055,7320400
2011-02-01,41.36000061035156,42.18000030517578,41.290000915527344,42.06999969482422,9074600
2011-02-02,41.7400016784668,42.2599983215332,41.66999816894531,41.95000076293945,4285800
2011-02-03,41.779998779296875,44.09000015258789,40.900001525878906,43.040000915527344,14831200
2011-02-04,43.150001525878906,43.900001525878906,42.040000915527344,42.4900016784668,8338500
2011-02-07,42.13999938964844,42.2599983215332,41.56999969482422,41.810001373291016,7114100
2011-02-08,41.52000045776367,42.54999923706055,41.38999938964844,41.970001220703125,5618500
2011-02-09,41.970001220703125,42.459999084472656,41.83000183105469,42.06999969482422,5232500
2011-02-10,42.279998779296875,42.58000183105469,42.02000045776367,42.43000030517578,5457200
2011-02-11,42.15999984741211,42.84000015258789,42.040000915527344,42.380001068115234,5051100
2011-02-14,42.2400016784668,42.5099983215332,41.619998931884766,42.459999084472656,3752200
2011-02-15,42.11000061035156,42.459999084472656,41.88999938964844,42.029998779296875,4392700
2011-02-16,42.20000076293945,42.560001373291016,41.9900016784668,42.5,4993700
2011-02-17,42.34000015258789,42.75,42.150001525878906,42.59000015258789,4823300
2011-02-18,42.689998626708984,43.29999923706055,42.560001373291016,42.84000015258789,6034900
2011-02-22,43.86000061035156,44.33000183105469,42.72999954223633,42.959999084472656,10738900
2011-02-23,42.58000183105469,43.689998626708984,42.560001373291016,42.90999984741211,7102200
2011-02-24,42.83000183105469,43.349998474121094,42.380001068115234,42.75,6313200
2011-02-25,42.849998474121094,43.02000045776367,42.40999984741211,42.52000045776367,5498700
2011-02-28,42.66999816894531,42.939998626708984,42.349998474121094,42.58000183105469,6644900
2011-03-01,42.560001373291016,42.959999084472656,42.380001068115234,42.45000076293945,5547400
2011-03-02,42.54999923706055,43.790000915527344,42.45000076293945,43.560001373291016,7233800
2011-03-03,44.27000045776367,44.88999938964844,43.7400016784668,44.790000915527344,8739600
2011-03-04,44.63999938964844,44.86000061035156,43.869998931884766,44.45000076293945,5622100
2011-03-07,44.470001220703125,44.77000045776367,43.310001373291016,43.560001373291016,6084100
2011-03-08,43.599998474121094,44.099998474121094,43.119998931884766,43.83000183105469,4696700
2011-03-09,43.90999984741211,44.5099983215332,43.529998779296875,44.4900016784668,4553400
2011-03-10,44.290000915527344,44.290000915527344,43.599998474121094,43.790000915527344,5117600
2011-03-11,43.880001068115234,44.060001373291016,43.2599983215332,43.59000015258789,4774800
2011-03-14,43.29999923706055,43.43000030517578,42.849998474121094,43.15999984741211,4516400
2011-03-15,42.34000015258789,43.08000183105469,42.15999984741211,42.790000915527344,4397900
2011-03-16,42.68000030517578,42.689998626708984,41.459999084472656,41.86000061035156,7141200
2011-03-17,42.400001525878906,42.72999954223633,41.90999984741211,42.27000045776367,5850600
2011-03-18,42.369998931884766,42.849998474121094,42.29999923706055,42.599998474121094,7372200
2011-03-21,42.83000183105469,43.43000030517578,42.65999984741211,43.189998626708984,4592100
2011-03-22,43.2599983215332,43.709999084472656,42.65999984741211,42.7400016784668,4505300
2011-03-23,42.63999938964844,42.869998931884766,42.38999938964844,42.75,3348200
2011-03-24,43.2400016784668,43.939998626708984,43.0099983215332,43.79999923706055,3917900
2011-03-25,43.630001068115234,44.02000045776367,43.599998474121094,43.75,4190300
2011-03-28,43.90999984741211,44.04999923706055,43.5099983215332,43.869998931884766,3531100
2011-03-29,43.75,44.47999954223633,43.75,44.47999954223633,4202900
2011-03-30,44.720001220703125,45.58000183105469,44.58000183105469,45.400001525878906,6533900
2011-03-31,45.63999938964844,45.75,45.11000061035156,45.20000076293945,5374300
2011-04-01,45.5,45.7400016784668,45.29999923706055,45.61000061035156,4511600
2011-04-04,45.939998626708984,46.09000015258789,45.52000045776367,45.599998474121094,3499900
2011-04-05,44.86000061035156,45.27000045776367,44.779998779296875,45.09000015258789,4950900
2011-04-06,45.189998626708984,45.2599983215332,44.83000183105469,44.959999084472656,5158600
2011-04-07,44.77000045776367,48.58000183105469,44.41999816894531,44.43000030517578,7706300
2011-04-08,44.619998931884766,45.2400016784668,44.13999938964844,44.380001068115234,4723900
2011-04-11,44.33000183105469,44.4900016784668,43.84000015258789,44.31999969482422,6048700
2011-04-12,44.189998626708984,44.900001525878906,44.029998779296875,44.810001373291016,3959100
2011-04-13,44.880001068115234,45.16999816894531,44.08000183105469,44.33000183105469,4766300
2011-04-14,44.20000076293945,44.97999954223633,43.869998931884766,44.81999969482422,4719700
2011-04-15,45.0,45.08000183105469,44.56999969482422,44.97999954223633,5783300
2011-04-18,44.529998779296875,44.61000061035156,43.349998474121094,43.54999923706055,6722600
2011-04-19,43.599998474121094,43.970001220703125,43.29999923706055,43.959999084472656,5731300
2011-04-20,44.779998779296875,44.779998779296875,44.18000030517578,44.2400016784668,5168100
2011-04-21,48.09000015258789,48.900001525878906,47.560001373291016,47.810001373291016,18367400
2011-04-25,47.13999938964844,48.13999938964844,47.08000183105469,47.709999084472656,6650100
2011-04-26,48.119998931884766,48.75,46.93000030517578,47.349998474121094,10500000
2011-04-27,47.52000045776367,48.29999923706055,46.880001068115234,48.209999084472656,10513300
2011-04-28,48.189998626708984,49.099998474121094,48.060001373291016,49.099998474121094,7913500
2011-04-29,48.95000076293945,49.400001525878906,48.66999816894531,49.22999954223633,9542700
2011-05-02,49.400001525878906,50.20000076293945,49.22999954223633,49.880001068115234,9858200
2011-05-03,49.68000030517578,50.0099983215332,49.40999984741211,49.68000030517578,5879100
2011-05-04,49.54999923706055,49.77000045776367,48.959999084472656,49.560001373291016,7553000
2011-05-05,49.439998626708984,50.150001525878906,49.02000045776367,49.58000183105469,7393900
2011-05-06,50.060001373291016,50.25,49.650001525878906,50.119998931884766,6295300
2011-05-09,49.75,50.90999984741211,49.75,50.470001220703125,5665200
2011-05-10,50.720001220703125,50.97999954223633,50.189998626708984,50.5099983215332,5635900
2011-05-11,50.5,50.599998474121094,49.52000045776367,50.02000045776367,6196800
2011-05-12,50.0099983215332,50.36000061035156,49.06999969482422,50.08000183105469,5311300
2011-05-13,50.90999984741211,51.459999084472656,49.7599983215332,49.95000076293945,11099500
2011-05-16,49.560001373291016,50.72999954223633,49.380001068115234,50.16999816894531,6018900
2011-05-17,49.86000061035156,50.70000076293945,49.70000076293945,49.9900016784668,7224900
2011-05-18,49.86000061035156,50.689998626708984,49.75,50.61000061035156,7140400
2011-05-19,50.75,50.779998779296875,50.18000030517578,50.54999923706055,6101100
2011-05-20,50.470001220703125,50.75,49.72999954223633,49.7400016784668,10827500
2011-05-23,49.439998626708984,49.470001220703125,48.650001525878906,49.15999984741211,6741800
2011-05-24,49.15999984741211,49.18000030517578,47.79999923706055,47.959999084472656,9573100
2011-05-25,47.70000076293945,48.31999969482422,47.58000183105469,47.869998931884766,9448100
2011-05-26,47.66999816894531,47.88999938964844,46.970001220703125,47.70000076293945,11917200
2011-05-27,47.900001525878906,48.310001373291016,47.59000015258789,48.29999923706055,6039500
2011-05-31,48.65999984741211,48.95000076293945,48.349998474121094,48.95000076293945,6412000
2011-06-01,48.70000076293945,48.9900016784668,48.25,48.349998474121094,6614800
2011-06-02,48.599998474121094,49.4900016784668,48.279998779296875,49.38999938964844,8258700
2011-06-03,48.599998474121094,49.310001373291016,48.459999084472656,48.849998474121094,7949200
2011-06-06,48.689998626708984,48.810001373291016,48.0099983215332,48.150001525878906,5187400
2011-06-07,48.54999923706055,48.84000015258789,47.970001220703125,47.970001220703125,4530900
2011-06-08,47.97999954223633,48.5,47.56999969482422,48.20000076293945,6564200
2011-06-09,48.54999923706055,50.61000061035156,48.36000061035156,50.599998474121094,11530000
2011-06-10,50.34000015258789,50.36000061035156,49.15999984741211,49.40999984741211,8545400
2011-06-13,49.619998931884766,49.959999084472656,49.06999969482422,49.11000061035156,6362200
2011-06-14,49.400001525878906,50.0,49.22999954223633,49.599998474121094,6986300
2011-06-15,49.220001220703125,49.95000076293945,48.93000030517578,49.349998474121094,8991300
2011-06-16,49.27000045776367,49.849998474121094,48.70000076293945,49.65999984741211,9101200
2011-06-17,50.099998474121094,50.38999938964844,49.720001220703125,49.959999084472656,9675100
2011-06-20,49.790000915527344,51.650001525878906,49.650001525878906,51.27000045776367,8987600
2011-06-21,51.61000061035156,52.25,51.27000045776367,52.220001220703125,9781300
2011-06-22,51.97999954223633,52.63999938964844,51.720001220703125,51.779998779296875,6999500
2011-06-23,51.0099983215332,51.29999923706055,50.040000915527344,51.150001525878906,9979800
2011-06-24,51.25,51.38999938964844,50.220001220703125,50.459999084472656,7398600
2011-06-27,50.31999969482422,51.25,50.119998931884766,51.029998779296875,4544700
2011-06-28,51.34000015258789,51.97999954223633,51.02000045776367,51.77000045776367,5957100
2011-06-29,51.810001373291016,51.880001068115234,51.060001373291016,51.540000915527344,5630100
2011-06-30,51.75,52.040000915527344,51.41999816894531,51.58000183105469,6394000
2011-07-01,51.84000015258789,53.27000045776367,51.560001373291016,53.130001068115234,8152700
2011-07-05,53.08000183105469,53.11000061035156,52.27000045776367,52.849998474121094,4822300
2011-07-06,52.849998474121094,53.220001220703125,52.54999923706055,53.130001068115234,5319100
2011-07-07,53.279998779296875,53.5,51.970001220703125,52.630001068115234,7559100
2011-07-08,52.0,52.31999969482422,51.540000915527344,52.08000183105469,6927300
2011-07-11,51.380001068115234,51.540000915527344,50.7400016784668,50.939998626708984,6037500
2011-07-12,50.7400016784668,52.029998779296875,50.72999954223633,51.40999984741211,6631700
2011-07-13,51.54999923706055,52.630001068115234,51.54999923706055,51.72999954223633,4869400
2011-07-14,51.810001373291016,52.560001373291016,51.790000915527344,52.27000045776367,7167600
2011-07-15,52.470001220703125,52.59000015258789,51.68000030517578,51.970001220703125,7030500
2011-07-18,51.599998474121094,52.20000076293945,51.04999923706055,51.95000076293945,7257700
2011-07-19,51.369998931884766,51.7599983215332,49.95000076293945,51.45000076293945,13946300
2011-07-20,51.7599983215332,51.880001068115234,50.970001220703125,51.5099983215332,7748900
2011-07-21,51.91999816894531,52.900001525878906,51.689998626708984,52.150001525878906,7831500
2011-07-22,52.52000045776367,52.869998931884766,52.130001068115234,52.75,5717300
2011-07-25,52.47999954223633,52.83000183105469,51.5,51.630001068115234,6533500
2011-07-26,51.88999938964844,52.18000030517578,51.15999984741211,51.2599983215332,5670100
2011-07-27,50.56999969482422,50.939998626708984,49.709999084472656,49.88999938964844,10581400
2011-07-28,49.84000015258789,50.88999938964844,49.790000915527344,49.91999816894531,7703600
2011-07-29,49.099998474121094,50.09000015258789,48.11000061035156,49.630001068115234,10759500
2011-08-01,50.279998779296875,50.36000061035156,45.689998626708984,48.02000045776367,23228700
2011-08-02,47.689998626708984,48.439998626708984,46.7599983215332,46.97999954223633,10060500
2011-08-03,46.9900016784668,47.290000915527344,45.970001220703125,47.18000030517578,8304300
2011-08-04,46.59000015258789,46.709999084472656,45.02000045776367,45.06999969482422,10154500
2011-08-05,45.58000183105469,46.220001220703125,44.25,45.560001373291016,14313700
2011-08-08,43.29999923706055,44.41999816894531,41.7400016784668,41.93000030517578,16743400
2011-08-09,42.33000183105469,44.79999923706055,41.810001373291016,44.72999954223633,19959800
2011-08-10,44.06999969482422,44.27000045776367,41.66999816894531,41.849998474121094,12690300
2011-08-11,41.54999923706055,44.41999816894531,41.27000045776367,43.93000030517578,13915800
2011-08-12,43.790000915527344,45.34000015258789,43.790000915527344,44.810001373291016,9500600
2011-08-15,45.189998626708984,46.029998779296875,44.97999954223633,45.939998626708984,8314700
2011-08-16,45.779998779296875,45.88999938964844,44.650001525878906,45.5,10044500
2011-08-17,45.68000030517578,46.209999084472656,45.130001068115234,45.529998779296875,4924400
2011-08-18,44.380001068115234,44.65999984741211,43.38999938964844,43.88999938964844,9901300
2011-08-19,43.13999938964844,44.2400016784668,42.97999954223633,43.31999969482422,8882900
2011-08-22,44.16999816894531,44.29999923706055,43.290000915527344,43.61000061035156,7162800
2011-08-23,43.79999923706055,44.97999954223633,43.119998931884766,44.869998931884766,9080100
2011-08-24,44.630001068115234,46.0,44.38999938964844,45.90999984741211,6286100
2011-08-25,46.27000045776367,46.400001525878906,44.83000183105469,45.09000015258789,5878900
2011-08-26,44.349998474121094,46.08000183105469,43.5099983215332,45.720001220703125,6009900
2011-08-29,46.2400016784668,46.83000183105469,45.970001220703125,46.7599983215332,4036700
2011-08-30,46.540000915527344,47.61000061035156,46.20000076293945,47.279998779296875,6002600
2011-08-31,47.7400016784668,48.4900016784668,47.0099983215332,47.52000045776367,6516400
2011-09-01,47.58000183105469,48.380001068115234,47.119998931884766,47.18000030517578,6493800
2011-09-02,45.790000915527344,46.7599983215332,45.689998626708984,45.72999954223633,5102800
2011-09-06,44.619998931884766,45.810001373291016,44.09000015258789,45.709999084472656,6797700
2011-09-07,46.470001220703125,47.45000076293945,46.189998626708984,47.209999084472656,6823700
2011-09-08,46.75,48.0,46.650001525878906,47.20000076293945,7435200
2011-09-09,46.599998474121094,46.939998626708984,45.279998779296875,45.52000045776367,9076000
2011-09-12,44.4900016784668,46.33000183105469,44.439998626708984,46.2599983215332,8216100
2011-09-13,46.380001068115234,48.220001220703125,46.31999969482422,47.9900016784668,11932000
2011-09-14,48.310001373291016,49.41999816894531,47.0,48.68000030517578,10108400
2011-09-15,49.11000061035156,50.7400016784668,48.599998474121094,50.540000915527344,11325800
2011-09-16,51.06999969482422,51.18000030517578,49.34000015258789,50.7599983215332,11790300
2011-09-19,49.65999984741211,50.18000030517578,49.38999938964844,49.95000076293945,8956300
2011-09-20,50.040000915527344,51.2400016784668,49.34000015258789,49.83000183105469,8440000
2011-09-21,49.91999816894531,50.40999984741211,47.97999954223633,48.0099983215332,7002700
2011-09-22,46.75,47.66999816894531,46.33000183105469,47.09000015258789,10065200
2011-09-23,46.79999923706055,47.880001068115234,46.47999954223633,47.599998474121094,7130000
2011-09-26,48.130001068115234,48.84000015258789,47.58000183105469,48.810001373291016,7147400
2011-09-27,49.61000061035156,50.38999938964844,48.86000061035156,49.45000076293945,8030600
2011-09-28,49.27000045776367,49.52000045776367,47.560001373291016,47.63999938964844,7338900
2011-09-29,48.349998474121094,48.7400016784668,45.790000915527344,46.58000183105469,9154500
2011-09-30,46.08000183105469,47.22999954223633,45.61000061035156,46.119998931884766,10485400
2011-10-03,45.77000045776367,46.220001220703125,42.869998931884766,42.91999816894531,12717100
2011-10-04,42.11000061035156,42.84000015258789,41.31999969482422,42.779998779296875,13800000
2011-10-05,43.540000915527344,44.68000030517578,42.84000015258789,44.45000076293945,8455800
2011-10-06,44.619998931884766,45.150001525878906,43.97999954223633,44.939998626708984,5804800
2011-10-07,45.0,45.45000076293945,44.45000076293945,44.88999938964844,5962900
2011-10-10,45.52000045776367,46.52000045776367,45.5099983215332,46.52000045776367,4752100
2011-10-11,46.380001068115234,46.81999969482422,45.88999938964844,46.63999938964844,4639600
2011-10-12,47.209999084472656,47.650001525878906,46.369998931884766,46.380001068115234,7267400
2011-10-13,46.02000045776367,46.619998931884766,45.66999816894531,46.529998779296875,5034600
2011-10-14,47.220001220703125,47.349998474121094,46.529998779296875,47.220001220703125,6074100
2011-10-17,46.869998931884766,47.61000061035156,46.459999084472656,46.599998474121094,5944600
2011-10-18,44.2400016784668,45.900001525878906,42.86000061035156,45.34000015258789,23926900
2011-10-19,45.400001525878906,47.41999816894531,45.209999084472656,46.45000076293945,12250600
2011-10-20,46.68000030517578,46.9900016784668,45.939998626708984,46.880001068115234,7985300
2011-10-21,47.43000030517578,48.5,47.310001373291016,47.91999816894531,9218800
2011-10-24,48.209999084472656,49.2400016784668,48.0,49.029998779296875,7146200
2011-10-25,47.66999816894531,49.29999923706055,47.66999816894531,48.7599983215332,7477100
2011-10-26,49.43000030517578,49.47999954223633,48.130001068115234,48.7599983215332,10387600
2011-10-27,49.91999816894531,50.0,48.810001373291016,49.18000030517578,10025800
2011-10-28,49.16999816894531,49.349998474121094,48.189998626708984,48.849998474121094,6377300
2011-10-31,48.380001068115234,48.95000076293945,47.959999084472656,47.9900016784668,6164900
2011-11-01,46.810001373291016,47.099998474121094,45.95000076293945,46.220001220703125,11125900
2011-11-02,47.0,47.0,46.06999969482422,46.36000061035156,7858100
2011-11-03,46.79999923706055,46.880001068115234,45.79999923706055,46.18000030517578,6721300
2011-11-04,46.06999969482422,46.099998474121094,45.08000183105469,45.58000183105469,8010400
2011-11-07,45.45000076293945,45.7400016784668,44.79999923706055,45.16999816894531,7919000
2011-11-08,45.290000915527344,46.27000045776367,45.08000183105469,46.150001525878906,7086400
2011-11-09,45.220001220703125,46.099998474121094,45.130001068115234,45.540000915527344,6423200
2011-11-10,46.060001373291016,46.29999923706055,45.439998626708984,46.130001068115234,5479700
2011-11-11,46.619998931884766,47.5099983215332,46.4900016784668,47.130001068115234,5104500
2011-11-14,46.93000030517578,47.310001373291016,46.65999984741211,46.939998626708984,4734200
2011-11-15,46.79999923706055,46.970001220703125,46.150001525878906,46.54999923706055,4911600
2011-11-16,45.9900016784668,46.290000915527344,44.84000015258789,44.90999984741211,8053800
2011-11-17,44.9900016784668,45.27000045776367,44.04999923706055,44.52000045776367,8147900
2011-11-18,44.61000061035156,44.7400016784668,44.13999938964844,44.54999923706055,5972300
2011-11-21,43.7400016784668,44.75,43.7400016784668,44.439998626708984,6656300
2011-11-22,44.33000183105469,44.9900016784668,43.97999954223633,44.41999816894531,4758800
2011-11-23,43.959999084472656,44.099998474121094,43.41999816894531,43.560001373291016,5515800
2011-11-25,43.54999923706055,44.22999954223633,43.470001220703125,43.66999816894531,2985100
2011-11-28,44.459999084472656,45.4900016784668,44.38999938964844,45.029998779296875,8826400
2011-11-29,45.310001373291016,46.189998626708984,45.09000015258789,45.880001068115234,6457300
2011-11-30,47.36000061035156,48.880001068115234,46.9900016784668,48.77000045776367,11702500
2011-12-01,48.59000015258789,49.060001373291016,48.400001525878906,48.52000045776367,7021500
2011-12-02,48.4900016784668,49.0,48.029998779296875,48.22999954223633,7639100
2011-12-05,48.84000015258789,49.5,47.90999984741211,48.27000045776367,8135400
2011-12-06,48.36000061035156,48.68000030517578,48.08000183105469,48.290000915527344,8306100
2011-12-07,47.9900016784668,49.70000076293945,47.81999969482422,49.34000015258789,10200500
2011-12-08,49.22999954223633,49.54999923706055,47.97999954223633,48.15999984741211,8641800
2011-12-09,48.209999084472656,49.08000183105469,48.119998931884766,48.90999984741211,5713500
2011-12-12,48.709999084472656,49.0,47.939998626708984,48.20000076293945,4947700
2011-12-13,48.439998626708984,49.29999923706055,47.70000076293945,47.93000030517578,5267700
2011-12-14,47.86000061035156,48.29999923706055,47.630001068115234,47.7599983215332,7513500
2011-12-15,47.880001068115234,48.79999923706055,47.880001068115234,48.52000045776367,9354200
2011-12-16,49.02000045776367,49.5,48.709999084472656,49.0,10214200
2011-12-19,48.91999816894531,49.560001373291016,48.84000015258789,48.970001220703125,5877400
2011-12-20,49.41999816894531,49.939998626708984,49.36000061035156,49.81999969482422,6053300
2011-12-21,49.83000183105469,50.0,49.54999923706055,49.9900016784668,6695000
2011-12-22,49.88999938964844,50.93000030517578,49.849998474121094,50.72999954223633,4627100
2011-12-23,50.95000076293945,51.5,50.689998626708984,51.349998474121094,3898000
2011-12-27,51.349998474121094,51.709999084472656,51.09000015258789,51.349998474121094,2999300
2011-12-28,51.349998474121094,51.5,50.65999984741211,50.709999084472656,2959600
2011-12-29,50.93000030517578,51.56999969482422,50.88999938964844,51.18000030517578,3774000
2011-12-30,51.060001373291016,51.18000030517578,50.68000030517578,50.68000030517578,2205400
2012-01-03,51.2400016784668,51.70000076293945,51.11000061035156,51.4900016784668,6021000
2012-01-04,51.2599983215332,52.25,51.25,52.2400016784668,5406400
2012-01-05,51.88999938964844,52.72999954223633,51.79999923706055,52.59000015258789,6330100
2012-01-06,52.75,53.41999816894531,52.47999954223633,52.779998779296875,5321700
2012-01-09,52.630001068115234,52.970001220703125,52.470001220703125,52.720001220703125,5079300
2012-01-10,52.959999084472656,53.040000915527344,52.369998931884766,52.619998931884766,7063200
2012-01-11,52.4900016784668,53.119998931884766,52.060001373291016,53.0099983215332,4281600
2012-01-12,53.220001220703125,53.2400016784668,52.529998779296875,52.869998931884766,4550300
2012-01-13,52.689998626708984,52.790000915527344,51.93000030517578,52.70000076293945,4995700
2012-01-17,53.04999923706055,53.63999938964844,52.869998931884766,53.56999969482422,6495700
2012-01-18,53.349998474121094,54.18000030517578,52.93000030517578,53.939998626708984,8389800
2012-01-19,52.310001373291016,53.02000045776367,51.41999816894531,52.31999969482422,18656600
2012-01-20,52.34000015258789,52.5099983215332,51.61000061035156,52.27000045776367,8873800
2012-01-23,52.20000076293945,53.04999923706055,51.959999084472656,52.43000030517578,7535900
2012-01-24,52.27000045776367,52.52000045776367,51.22999954223633,51.33000183105469,10397800
2012-01-25,50.630001068115234,51.650001525878906,49.81999969482422,51.56999969482422,13121500
2012-01-26,51.61000061035156,51.720001220703125,49.900001525878906,50.349998474121094,13576200
2012-01-27,50.34000015258789,51.2400016784668,50.31999969482422,51.02000045776367,7027300
2012-01-30,50.81999969482422,51.16999816894531,50.06999969482422,51.06999969482422,4852400
2012-01-31,51.400001525878906,52.880001068115234,51.380001068115234,51.790000915527344,8843000
2012-02-01,52.15999984741211,53.61000061035156,52.119998931884766,53.2599983215332,7480600
2012-02-02,53.25,53.25,52.0099983215332,52.540000915527344,5319200
2012-02-03,52.7400016784668,52.77000045776367,50.75,51.310001373291016,9676900
2012-02-06,50.97999954223633,51.400001525878906,50.68000030517578,51.290000915527344,8577100
2012-02-07,51.09000015258789,52.130001068115234,50.90999984741211,52.029998779296875,5243300
2012-02-08,52.0,52.369998931884766,51.650001525878906,52.13999938964844,6022000
2012-02-09,52.209999084472656,53.529998779296875,52.20000076293945,53.060001373291016,9613500
2012-02-10,52.56999969482422,53.5,52.310001373291016,53.31999969482422,6574700
2012-02-13,53.5,54.2400016784668,53.380001068115234,53.849998474121094,5703700
2012-02-14,53.900001525878906,54.4900016784668,53.56999969482422,54.459999084472656,5982000
2012-02-15,54.529998779296875,54.84000015258789,54.220001220703125,54.619998931884766,7009300
2012-02-16,54.619998931884766,54.88999938964844,54.2599983215332,54.790000915527344,6907700
2012-02-17,54.810001373291016,54.849998474121094,54.540000915527344,54.68000030517578,6387400
2012-02-21,54.9900016784668,55.529998779296875,54.880001068115234,55.31999969482422,7502200
2012-02-22,55.060001373291016,55.63999938964844,54.68000030517578,55.18000030517578,6760100
2012-02-23,55.150001525878906,55.36000061035156,54.65999984741211,54.939998626708984,7195800
2012-02-24,55.11000061035156,55.7400016784668,55.0,55.650001525878906,5004500
2012-02-27,55.34000015258789,56.15999984741211,55.27000045776367,55.72999954223633,5355900
2012-02-28,55.630001068115234,55.95000076293945,55.25,55.84000015258789,4538200
2012-02-29,55.9900016784668,56.099998474121094,55.560001373291016,55.75,5582600
2012-03-01,55.75,56.099998474121094,55.59000015258789,55.9900016784668,4258200
2012-03-02,55.959999084472656,56.04999923706055,55.369998931884766,55.84000015258789,4408900
2012-03-05,55.63999938964844,56.08000183105469,55.040000915527344,55.040000915527344,4739900
2012-03-06,54.709999084472656,55.40999984741211,54.119998931884766,54.459999084472656,4445700
2012-03-07,54.36000061035156,54.72999954223633,54.2400016784668,54.38999938964844,4474900
2012-03-08,54.869998931884766,56.029998779296875,54.810001373291016,55.61000061035156,4883600
2012-03-09,55.75,56.11000061035156,55.5,55.779998779296875,4743200
2012-03-12,55.79999923706055,55.880001068115234,54.95000076293945,55.02000045776367,4567000
2012-03-13,55.119998931884766,55.380001068115234,54.70000076293945,55.33000183105469,6497400
2012-03-14,55.15999984741211,55.869998931884766,55.040000915527344,55.779998779296875,6684000
2012-03-15,55.900001525878906,56.25,55.540000915527344,55.709999084472656,4598700
2012-03-16,55.58000183105469,55.81999969482422,55.400001525878906,55.59000015258789,8510100
2012-03-19,56.310001373291016,56.34000015258789,55.79999923706055,56.130001068115234,5347700
2012-03-20,55.93000030517578,56.029998779296875,54.72999954223633,54.779998779296875,5378100
2012-03-21,54.9900016784668,54.9900016784668,53.959999084472656,53.970001220703125,6252500
2012-03-22,53.619998931884766,54.209999084472656,53.400001525878906,53.880001068115234,7550900
2012-03-23,53.869998931884766,53.9900016784668,53.52000045776367,53.65999984741211,6471200
2012-03-26,53.88999938964844,55.099998474121094,53.86000061035156,55.099998474121094,5098400
2012-03-27,55.25,55.56999969482422,54.18000030517578,55.43000030517578,7455900
2012-03-28,55.38999938964844,55.959999084472656,54.880001068115234,55.439998626708984,5435300
2012-03-29,55.0,58.31999969482422,54.97999954223633,58.11000061035156,17258500
2012-03-30,57.970001220703125,59.43000030517578,57.7400016784668,58.939998626708984,10802600
2012-04-02,58.939998626708984,59.27000045776367,58.11000061035156,59.119998931884766,9105900
2012-04-03,59.02000045776367,59.61000061035156,58.720001220703125,59.400001525878906,7948100
2012-04-04,59.15999984741211,59.279998779296875,58.66999816894531,59.060001373291016,4791300
2012-04-05,58.81999969482422,59.189998626708984,58.599998474121094,59.0099983215332,4826800
2012-04-09,58.52000045776367,58.869998931884766,58.0099983215332,58.13999938964844,4755600
2012-04-10,57.959999084472656,58.33000183105469,57.220001220703125,57.560001373291016,5841700
2012-04-11,58.08000183105469,58.540000915527344,57.849998474121094,58.02000045776367,6496000
2012-04-12,58.029998779296875,58.619998931884766,57.720001220703125,58.459999084472656,4303200
2012-04-13,58.38999938964844,58.54999923706055,57.7400016784668,58.04999923706055,5655400
2012-04-16,58.349998474121094,58.349998474121094,57.36000061035156,57.36000061035156,6628000
2012-04-17,57.61000061035156,58.400001525878906,57.29999923706055,58.099998474121094,5896300
2012-04-18,57.70000076293945,57.70000076293945,57.11000061035156,57.31999969482422,6551300
2012-04-19,57.279998779296875,59.349998474121094,56.9900016784668,58.709999084472656,10754500
2012-04-20,59.15999984741211,59.709999084472656,58.93000030517578,59.5099983215332,8378800
2012-04-23,59.040000915527344,59.33000183105469,58.900001525878906,59.189998626708984,4471400
2012-04-24,59.02000045776367,59.20000076293945,58.470001220703125,58.720001220703125,5030600
2012-04-25,58.790000915527344,59.5,58.66999816894531,58.869998931884766,6091300
2012-04-26,56.939998626708984,58.66999816894531,56.470001220703125,58.369998931884766,9384700
2012-04-27,58.61000061035156,58.7400016784668,57.59000015258789,57.90999984741211,7509600
2012-04-30,56.95000076293945,57.47999954223633,55.47999954223633,56.150001525878906,9874300
2012-05-01,56.27000045776367,57.38999938964844,56.150001525878906,57.130001068115234,4887100
2012-05-02,56.77000045776367,57.41999816894531,56.56999969482422,56.65999984741211,5175400
2012-05-03,56.52000045776367,56.52000045776367,55.38999938964844,55.720001220703125,7296800
2012-05-04,55.650001525878906,55.72999954223633,54.65999984741211,54.720001220703125,5787500
2012-05-07,54.349998474121094,55.43000030517578,54.2599983215332,55.25,4076600
2012-05-08,55.2400016784668,55.970001220703125,54.90999984741211,55.81999969482422,4702900
2012-05-09,55.369998931884766,55.959999084472656,54.849998474121094,55.220001220703125,6635800
2012-05-10,55.560001373291016,55.86000061035156,55.029998779296875,55.290000915527344,4030800
2012-05-11,55.20000076293945,55.63999938964844,55.02000045776367,55.20000076293945,3937800
2012-05-14,54.81999969482422,55.56999969482422,54.56999969482422,55.15999984741211,4634300
2012-05-15,55.02000045776367,55.70000076293945,54.7599983215332,54.939998626708984,5514500
2012-05-16,55.040000915527344,55.290000915527344,54.84000015258789,54.900001525878906,4036200
2012-05-17,55.06999969482422,55.459999084472656,54.72999954223633,54.880001068115234,5465300
2012-05-18,54.88999938964844,55.34000015258789,53.779998779296875,53.9900016784668,6420400
2012-05-21,54.09000015258789,55.599998474121094,54.08000183105469,55.54999923706055,4825900
2012-05-22,55.7599983215332,56.630001068115234,55.5,55.720001220703125,5832200
2012-05-23,55.45000076293945,55.880001068115234,54.70000076293945,55.36000061035156,4671800
2012-05-24,55.029998779296875,56.7400016784668,55.0099983215332,56.220001220703125,7192400
2012-05-25,56.16999816894531,56.560001373291016,55.869998931884766,56.119998931884766,4306500
2012-05-29,56.08000183105469,56.25,55.5,56.150001525878906,5005900
2012-05-30,56.0,56.470001220703125,55.779998779296875,56.16999816894531,4398100
2012-05-31,56.209999084472656,56.33000183105469,55.459999084472656,55.77000045776367,6343300
2012-06-01,55.220001220703125,55.900001525878906,54.939998626708984,55.040000915527344,5703900
2012-06-04,54.77000045776367,55.349998474121094,54.689998626708984,54.90999984741211,5508000
2012-06-05,54.84000015258789,56.20000076293945,54.720001220703125,56.040000915527344,6112200
2012-06-06,56.61000061035156,57.70000076293945,56.5,57.70000076293945,6776600
2012-06-07,57.79999923706055,58.38999938964844,57.400001525878906,57.45000076293945,7249100
2012-06-08,56.84000015258789,58.38999938964844,56.84000015258789,58.0,6406900
2012-06-11,58.220001220703125,58.380001068115234,57.400001525878906,57.459999084472656,6236300
2012-06-12,57.470001220703125,58.130001068115234,57.0,57.84000015258789,6023900
2012-06-13,57.720001220703125,58.529998779296875,57.56999969482422,58.0099983215332,6373600
2012-06-14,58.16999816894531,59.380001068115234,57.88999938964844,59.25,6649800
2012-06-15,59.689998626708984,59.849998474121094,58.5099983215332,58.900001525878906,9021000
2012-06-18,58.790000915527344,59.470001220703125,58.18000030517578,59.41999816894531,9718000
2012-06-19,59.58000183105469,60.75,59.369998931884766,60.2599983215332,8602400
2012-06-20,59.95000076293945,60.22999954223633,59.29999923706055,59.599998474121094,4344500
2012-06-21,59.83000183105469,60.040000915527344,58.27000045776367,58.34000015258789,5320500
2012-06-22,58.5,59.529998779296875,58.40999984741211,59.06999969482422,7494300
2012-06-25,58.59000015258789,59.099998474121094,57.650001525878906,57.689998626708984,6884400
2012-06-26,57.65999984741211,59.15999984741211,57.22999954223633,58.79999923706055,7458200
2012-06-27,59.5,60.599998474121094,58.81999969482422,59.290000915527344,7088700
2012-06-28,58.869998931884766,60.5,55.34000015258789,59.599998474121094,25319900
2012-06-29,60.34000015258789,60.599998474121094,57.869998931884766,58.5,11121700
2012-07-02,58.88999938964844,59.310001373291016,55.959999084472656,56.2599983215332,12997500
2012-07-03,56.38999938964844,56.72999954223633,54.7400016784668,54.880001068115234,8460200
2012-07-05,54.880001068115234,56.15999984741211,54.86000061035156,55.810001373291016,6937800
2012-07-06,55.290000915527344,55.939998626708984,55.150001525878906,55.81999969482422,4458600
2012-07-09,56.290000915527344,56.65999984741211,55.529998779296875,56.09000015258789,4241500
2012-07-10,56.27000045776367,56.439998626708984,55.2400016784668,55.70000076293945,5662700
2012-07-11,55.77000045776367,56.290000915527344,55.70000076293945,56.040000915527344,5316400
2012-07-12,55.880001068115234,55.900001525878906,54.439998626708984,54.56999969482422,6079200
2012-07-13,54.61000061035156,55.54999923706055,54.56999969482422,55.20000076293945,5053000
2012-07-16,55.18000030517578,55.279998779296875,54.720001220703125,55.15999984741211,3170100
2012-07-17,55.209999084472656,56.20000076293945,54.88999938964844,55.900001525878906,6180000
2012-07-18,55.540000915527344,56.47999954223633,54.869998931884766,56.349998474121094,5090200
2012-07-19,57.38999938964844,57.599998474121094,53.630001068115234,54.9900016784668,16696600
2012-07-20,54.869998931884766,55.83000183105469,54.86000061035156,55.40999984741211,8367300
2012-07-23,54.369998931884766,55.060001373291016,53.970001220703125,54.5099983215332,6037000
2012-07-24,54.63999938964844,55.099998474121094,54.310001373291016,54.900001525878906,7561100
2012-07-25,51.5,52.959999084472656,51.0099983215332,52.47999954223633,19603900
2012-07-26,53.119998931884766,53.349998474121094,50.88999938964844,52.0099983215332,10510600
2012-07-27,51.810001373291016,53.5099983215332,51.689998626708984,53.34000015258789,8569900
2012-07-30,53.31999969482422,53.709999084472656,52.88999938964844,53.2599983215332,4405400
2012-07-31,52.7400016784668,53.189998626708984,51.08000183105469,51.09000015258789,9879500
2012-08-01,51.209999084472656,51.91999816894531,50.75,51.209999084472656,7617600
2012-08-02,50.75,51.7599983215332,50.31999969482422,51.099998474121094,7320500
2012-08-03,51.380001068115234,52.25,50.619998931884766,51.61000061035156,6408000
2012-08-06,51.86000061035156,52.08000183105469,50.970001220703125,51.0,4982600
2012-08-07,51.380001068115234,52.779998779296875,51.209999084472656,52.540000915527344,6590800
2012-08-08,52.29999923706055,52.900001525878906,51.90999984741211,52.72999954223633,5718000
2012-08-09,52.56999969482422,52.790000915527344,51.689998626708984,52.02000045776367,4890700
2012-08-10,51.84000015258789,52.11000061035156,51.70000076293945,51.900001525878906,5381700
2012-08-13,51.63999938964844,52.0,51.40999984741211,51.900001525878906,4259900
2012-08-14,52.189998626708984,52.27000045776367,51.810001373291016,51.970001220703125,3460200
2012-08-15,51.900001525878906,52.90999984741211,51.810001373291016,52.81999969482422,4647300
2012-08-16,52.84000015258789,53.529998779296875,52.779998779296875,53.38999938964844,5598900
2012-08-17,53.63999938964844,53.63999938964844,52.880001068115234,53.130001068115234,4653600
2012-08-20,52.970001220703125,53.619998931884766,52.75,53.20000076293945,4930500
2012-08-21,53.439998626708984,53.900001525878906,53.25,53.41999816894531,5323300
2012-08-22,53.43000030517578,54.099998474121094,53.349998474121094,53.970001220703125,5367100
2012-08-23,53.9900016784668,54.349998474121094,53.7599983215332,53.91999816894531,4450300
2012-08-24,53.869998931884766,54.33000183105469,53.810001373291016,54.15999984741211,4143200
2012-08-27,54.119998931884766,54.9900016784668,53.880001068115234,54.61000061035156,4773600
2012-08-28,54.400001525878906,54.79999923706055,54.209999084472656,54.33000183105469,4611700
2012-08-29,54.529998779296875,54.970001220703125,54.369998931884766,54.63999938964844,4611900
2012-08-30,54.459999084472656,54.91999816894531,54.27000045776367,54.689998626708984,5188200
2012-08-31,54.84000015258789,55.029998779296875,54.209999084472656,54.29999923706055,5070900
2012-09-04,54.400001525878906,54.68000030517578,54.0,54.560001373291016,4233900
2012-09-05,54.7400016784668,54.93000030517578,54.18000030517578,54.279998779296875,4166100
2012-09-06,54.54999923706055,54.9900016784668,54.5,54.88999938964844,3741600
2012-09-07,54.970001220703125,55.2599983215332,54.70000076293945,54.880001068115234,3732700
2012-09-10,55.0099983215332,55.0099983215332,53.540000915527344,53.7400016784668,5447700
2012-09-11,53.709999084472656,53.93000030517578,52.689998626708984,52.79999923706055,6575400
2012-09-12,52.68000030517578,53.31999969482422,52.68000030517578,52.81999969482422,4834000
2012-09-13,52.63999938964844,53.970001220703125,52.58000183105469,53.88999938964844,6316500
2012-09-14,54.70000076293945,55.27000045776367,53.77000045776367,54.25,15735800
2012-09-17,54.59000015258789,54.63999938964844,54.0099983215332,54.47999954223633,5481600
2012-09-18,54.33000183105469,55.43000030517578,54.29999923706055,55.130001068115234,6600300
2012-09-19,55.060001373291016,55.31999969482422,54.72999954223633,54.95000076293945,6195400
2012-09-20,54.689998626708984,54.970001220703125,54.40999984741211,54.939998626708984,5776100
2012-09-21,55.09000015258789,56.220001220703125,54.90999984741211,56.18000030517578,26628600
2012-09-24,56.08000183105469,56.63999938964844,55.849998474121094,55.97999954223633,6443800
2012-09-25,56.220001220703125,56.5,55.84000015258789,56.20000076293945,6343300
2012-09-26,56.34000015258789,56.75,55.75,55.779998779296875,5562000
2012-09-27,56.290000915527344,56.439998626708984,55.70000076293945,56.2400016784668,4245400
2012-09-28,55.95000076293945,55.97999954223633,55.18000030517578,55.40999984741211,5838100
2012-10-01,55.720001220703125,56.560001373291016,55.52000045776367,56.459999084472656,4424400
2012-10-02,56.459999084472656,56.88999938964844,56.310001373291016,56.79999923706055,3828700
2012-10-03,56.97999954223633,57.150001525878906,56.630001068115234,56.86000061035156,4662900
2012-10-04,57.150001525878906,58.150001525878906,57.0099983215332,57.970001220703125,6897300
2012-10-05,58.099998474121094,58.150001525878906,56.84000015258789,57.130001068115234,6078300
2012-10-08,57.59000015258789,58.290000915527344,57.31999969482422,57.599998474121094,6050700
2012-10-09,57.599998474121094,57.84000015258789,57.099998474121094,57.470001220703125,5093300
2012-10-10,57.41999816894531,57.7599983215332,56.93000030517578,57.11000061035156,4141500
2012-10-11,57.540000915527344,58.18000030517578,57.33000183105469,57.65999984741211,5035900
2012-10-12,57.75,57.75,56.91999816894531,57.06999969482422,4283900
2012-10-15,57.13999938964844,57.790000915527344,56.91999816894531,57.4900016784668,4193300
2012-10-16,57.189998626708984,57.849998474121094,56.2599983215332,56.880001068115234,7531600
2012-10-17,57.58000183105469,57.70000076293945,55.650001525878906,55.9900016784668,6255200
2012-10-18,55.79999923706055,56.43000030517578,55.7599983215332,56.0099983215332,5384500
2012-10-19,56.0099983215332,56.09000015258789,55.369998931884766,55.65999984741211,5704800
2012-10-22,55.52000045776367,56.630001068115234,55.45000076293945,56.540000915527344,5723600
2012-10-23,56.08000183105469,56.31999969482422,55.349998474121094,56.18000030517578,5557400
2012-10-24,56.439998626708984,56.66999816894531,55.77000045776367,55.91999816894531,4545000
2012-10-25,55.939998626708984,56.720001220703125,55.79999923706055,56.209999084472656,4701900
2012-10-26,56.13999938964844,56.2599983215332,55.34000015258789,55.779998779296875,3346700
2012-10-31,56.13999938964844,56.15999984741211,55.5099983215332,56.0,4157700
2012-11-01,55.86000061035156,57.09000015258789,55.86000061035156,56.95000076293945,4833700
2012-11-02,57.02000045776367,57.2400016784668,55.9900016784668,56.04999923706055,4948200
2012-11-05,56.2599983215332,56.400001525878906,54.83000183105469,55.279998779296875,6149600
2012-11-06,55.279998779296875,56.4900016784668,54.650001525878906,56.38999938964844,4880800
2012-11-07,55.380001068115234,55.400001525878906,53.38999938964844,54.2599983215332,13812600
2012-11-08,54.349998474121094,54.97999954223633,53.41999816894531,53.439998626708984,8846100
2012-11-09,53.36000061035156,54.0,52.63999938964844,52.900001525878906,8585800
2012-11-12,53.040000915527344,53.5099983215332,52.04999923706055,52.20000076293945,5944000
2012-11-13,52.040000915527344,52.97999954223633,52.0,52.189998626708984,5669900
2012-11-14,52.38999938964844,52.43000030517578,51.099998474121094,51.25,5792500
2012-11-15,51.27000045776367,51.720001220703125,51.09000015258789,51.25,6668600
2012-11-16,51.25,52.189998626708984,51.13999938964844,51.900001525878906,6388000
2012-11-19,52.22999954223633,52.90999984741211,51.849998474121094,52.90999984741211,5868900
2012-11-20,52.91999816894531,53.18000030517578,52.65999984741211,53.13999938964844,4737800
2012-11-21,53.20000076293945,53.70000076293945,52.81999969482422,53.529998779296875,5097000
2012-11-23,53.66999816894531,53.93000030517578,53.5,53.91999816894531,1709300
2012-11-26,52.9900016784668,53.61000061035156,52.7599983215332,53.529998779296875,5692900
2012-11-27,53.130001068115234,53.83000183105469,52.54999923706055,52.59000015258789,7859400
2012-11-28,52.27000045776367,53.2400016784668,52.2400016784668,52.75,5744200
2012-11-29,53.2599983215332,54.59000015258789,53.0,54.36000061035156,10911600
2012-11-30,54.18000030517578,54.880001068115234,54.06999969482422,54.38999938964844,7818600
2012-12-03,54.560001373291016,54.95000076293945,53.83000183105469,53.88999938964844,3861300
2012-12-04,53.959999084472656,54.2400016784668,53.52000045776367,53.540000915527344,5948900
2012-12-05,53.72999954223633,54.22999954223633,53.61000061035156,53.84000015258789,4495100
2012-12-06,53.900001525878906,53.900001525878906,53.279998779296875,53.650001525878906,3771900
2012-12-07,53.79999923706055,53.900001525878906,53.38999938964844,53.869998931884766,4206200
2012-12-10,53.869998931884766,54.33000183105469,53.7400016784668,54.189998626708984,4113500
2012-12-11,54.25,54.97999954223633,54.08000183105469,54.7599983215332,4970400
2012-12-12,55.0,55.81999969482422,54.900001525878906,55.25,7054000
2012-12-13,55.220001220703125,55.38999938964844,54.310001373291016,54.380001068115234,4911800
2012-12-14,54.16999816894531,54.529998779296875,53.91999816894531,54.04999923706055,3468700
2012-12-17,54.08000183105469,54.54999923706055,53.97999954223633,54.36000061035156,6336900
2012-12-18,54.619998931884766,55.34000015258789,54.470001220703125,54.95000076293945,4637800
2012-12-19,55.119998931884766,55.119998931884766,54.43000030517578,54.4900016784668,5537600
2012-12-20,54.47999954223633,55.5099983215332,54.45000076293945,55.459999084472656,5025900
2012-12-21,55.380001068115234,55.52000045776367,54.43000030517578,55.029998779296875,9440100
2012-12-24,54.79999923706055,55.04999923706055,54.529998779296875,54.849998474121094,1713900
2012-12-26,54.79999923706055,54.849998474121094,54.119998931884766,54.220001220703125,3232400
2012-12-27,54.119998931884766,54.59000015258789,53.95000076293945,54.439998626708984,3245700
2012-12-28,54.09000015258789,54.63999938964844,53.79999923706055,53.86000061035156,3137400
2012-12-31,53.630001068115234,54.2599983215332,53.4900016784668,54.2400016784668,4948700
2013-01-02,54.880001068115234,55.0,54.0099983215332,54.540000915527344,5358100
2013-01-03,53.439998626708984,53.52000045776367,51.849998474121094,51.9900016784668,14413200
2013-01-04,52.20000076293945,52.72999954223633,52.060001373291016,52.09000015258789,10458000
2013-01-07,51.880001068115234,52.33000183105469,51.54999923706055,52.09000015258789,7804500
2013-01-08,52.0,52.2400016784668,51.36000061035156,51.400001525878906,8196200
2013-01-09,51.59000015258789,52.5,51.5,52.369998931884766,5154300
2013-01-10,52.52000045776367,53.189998626708984,52.33000183105469,53.11000061035156,6506500
2013-01-11,53.400001525878906,53.400001525878906,52.33000183105469,52.81999969482422,10182500
2013-01-14,52.869998931884766,54.41999816894531,52.599998474121094,53.36000061035156,7119900
2013-01-15,53.220001220703125,53.849998474121094,53.209999084472656,53.619998931884766,5802900
2013-01-16,53.63999938964844,53.79999923706055,53.34000015258789,53.65999984741211,6474500
2013-01-17,53.7599983215332,54.529998779296875,53.16999816894531,54.400001525878906,14438900
2013-01-18,54.400001525878906,54.630001068115234,54.220001220703125,54.560001373291016,7023900
2013-01-22,54.650001525878906,56.09000015258789,54.560001373291016,56.02000045776367,9330000
2013-01-23,56.11000061035156,56.25,55.45000076293945,55.90999984741211,6665700
2013-01-24,56.029998779296875,56.439998626708984,55.900001525878906,56.220001220703125,4221700
2013-01-25,56.36000061035156,56.380001068115234,55.720001220703125,56.040000915527344,5604700
2013-01-28,56.41999816894531,56.529998779296875,55.79999923706055,55.810001373291016,5736900
2013-01-29,55.75,56.689998626708984,55.68000030517578,56.279998779296875,7317600
2013-01-30,56.25,56.439998626708984,55.91999816894531,56.08000183105469,6269200
2013-01-31,55.84000015258789,56.040000915527344,55.209999084472656,55.209999084472656,6957500
2013-02-01,55.7400016784668,55.84000015258789,55.369998931884766,55.77000045776367,6369500
2013-02-04,55.31999969482422,56.369998931884766,55.31999969482422,55.75,4795700
2013-02-05,57.06999969482422,57.83000183105469,56.83000183105469,57.77000045776367,8645500
2013-02-06,57.439998626708984,57.540000915527344,57.099998474121094,57.380001068115234,5266100
2013-02-07,57.36000061035156,57.5,56.650001525878906,57.04999923706055,6050700
2013-02-08,57.15999984741211,58.2599983215332,57.119998931884766,57.7400016784668,4554600
2013-02-11,57.560001373291016,57.709999084472656,57.04999923706055,57.119998931884766,4166800
2013-02-12,57.20000076293945,57.380001068115234,56.93000030517578,57.0099983215332,4448600
2013-02-13,57.0099983215332,57.369998931884766,56.75,57.22999954223633,4261200
2013-02-14,57.0099983215332,57.220001220703125,56.75,57.04999923706055,5173800
2013-02-15,57.060001373291016,57.4900016784668,57.040000915527344,57.31999969482422,5750400
2013-02-19,54.20000076293945,56.880001068115234,54.040000915527344,56.65999984741211,14566200
2013-02-20,56.5099983215332,56.58000183105469,55.189998626708984,55.209999084472656,7542900
2013-02-21,55.56999969482422,55.939998626708984,54.880001068115234,55.2400016784668,6357300
2013-02-22,55.400001525878906,55.40999984741211,54.25,54.470001220703125,8400700
2013-02-25,54.689998626708984,54.75,53.290000915527344,53.29999923706055,6807800
2013-02-26,53.5099983215332,53.599998474121094,52.5099983215332,53.04999923706055,6325100
2013-02-27,52.959999084472656,54.0099983215332,52.93000030517578,53.869998931884766,5133800
2013-02-28,53.81999969482422,53.959999084472656,53.38999938964844,53.45000076293945,5879800
2013-03-01,53.34000015258789,53.790000915527344,52.880001068115234,53.52000045776367,6972100
2013-03-04,53.310001373291016,53.5,53.130001068115234,53.31999969482422,4783000
2013-03-05,53.43000030517578,53.84000015258789,53.18000030517578,53.5,4911700
2013-03-06,53.560001373291016,53.939998626708984,53.349998474121094,53.61000061035156,5562600
2013-03-07,53.7599983215332,54.18000030517578,53.689998626708984,53.79999923706055,4455700
2013-03-08,53.970001220703125,54.25,53.52000045776367,53.810001373291016,4584400
2013-03-11,53.83000183105469,54.63999938964844,53.75,54.209999084472656,4008700
2013-03-12,54.16999816894531,55.0,54.08000183105469,54.83000183105469,5466300
2013-03-13,54.68000030517578,54.880001068115234,54.349998474121094,54.47999954223633,4343000
2013-03-14,54.58000183105469,54.810001373291016,54.060001373291016,54.72999954223633,5066800
2013-03-15,54.630001068115234,54.900001525878906,54.41999816894531,54.72999954223633,7888300
2013-03-18,54.29999923706055,55.470001220703125,54.279998779296875,55.0,5974200
2013-03-19,55.0,55.400001525878906,54.91999816894531,55.16999816894531,5486600
2013-03-20,55.470001220703125,55.529998779296875,54.810001373291016,54.880001068115234,4528800
2013-03-21,54.689998626708984,55.349998474121094,54.630001068115234,55.060001373291016,4953700
2013-03-22,55.13999938964844,55.29999923706055,54.22999954223633,54.459999084472656,5415900
2013-03-25,54.650001525878906,55.119998931884766,54.439998626708984,54.86000061035156,5142500
2013-03-26,55.13999938964844,55.779998779296875,55.09000015258789,55.650001525878906,6059700
2013-03-27,55.54999923706055,57.029998779296875,55.439998626708984,56.619998931884766,8525800
2013-03-28,56.65999984741211,57.310001373291016,56.4900016784668,57.209999084472656,5685400
2013-04-01,57.15999984741211,59.36000061035156,57.0099983215332,58.970001220703125,9006100
2013-04-02,61.630001068115234,63.95000076293945,61.5,61.7400016784668,22664600
2013-04-03,62.40999984741211,62.75,61.619998931884766,61.66999816894531,10140400
2013-04-04,61.75,62.5,61.4900016784668,62.029998779296875,7648400
2013-04-05,61.91999816894531,62.560001373291016,61.650001525878906,62.099998474121094,6841300
2013-04-08,62.06999969482422,62.369998931884766,61.290000915527344,61.88999938964844,4545600
2013-04-09,62.09000015258789,62.56999969482422,61.95000076293945,62.18000030517578,4405900
2013-04-10,62.31999969482422,62.599998474121094,62.09000015258789,62.40999984741211,4400600
2013-04-11,62.38999938964844,63.0,62.33000183105469,62.97999954223633,4738900
2013-04-12,62.83000183105469,63.279998779296875,62.619998931884766,63.029998779296875,4162000
2013-04-15,62.720001220703125,63.0,61.58000183105469,61.59000015258789,4625600
2013-04-16,62.18000030517578,63.0,61.77000045776367,62.810001373291016,4976400
2013-04-17,62.38999938964844,63.150001525878906,61.959999084472656,62.029998779296875,8429000
2013-04-18,59.38999938964844,60.75,58.029998779296875,59.689998626708984,14015000
2013-04-19,59.939998626708984,60.75,59.470001220703125,60.040000915527344,6524600
2013-04-22,59.9900016784668,60.099998474121094,58.63999938964844,59.220001220703125,6020900
2013-04-23,59.470001220703125,59.65999984741211,58.119998931884766,58.540000915527344,6277700
2013-04-24,58.900001525878906,59.25,58.720001220703125,58.790000915527344,5883000
2013-04-25,59.130001068115234,59.40999984741211,58.61000061035156,59.34000015258789,5669100
2013-04-26,59.2599983215332,60.150001525878906,59.130001068115234,59.47999954223633,5798100
2013-04-29,59.95000076293945,60.4900016784668,59.810001373291016,60.0099983215332,4861600
2013-04-30,60.13999938964844,60.380001068115234,59.209999084472656,59.93000030517578,5701800
2013-05-01,59.959999084472656,60.439998626708984,59.29999923706055,59.720001220703125,4897800
2013-05-02,59.709999084472656,60.380001068115234,59.38999938964844,59.47999954223633,6072500
2013-05-03,59.790000915527344,60.029998779296875,58.869998931884766,58.91999816894531,5149500
2013-05-06,59.380001068115234,60.72999954223633,59.31999969482422,60.20000076293945,5609600
2013-05-07,60.08000183105469,61.130001068115234,59.93000030517578,60.5,4830700
2013-05-08,60.31999969482422,62.77000045776367,60.310001373291016,62.5099983215332,10032800
2013-05-09,62.25,62.560001373291016,61.459999084472656,62.0099983215332,6416700
2013-05-10,62.040000915527344,62.9900016784668,61.810001373291016,62.90999984741211,5015700
2013-05-13,62.66999816894531,62.79999923706055,62.2599983215332,62.38999938964844,3490400
2013-05-14,62.29999923706055,62.47999954223633,61.54999923706055,61.72999954223633,5390300
2013-05-15,61.52000045776367,62.279998779296875,61.16999816894531,61.61000061035156,6808200
2013-05-16,61.29999923706055,62.349998474121094,61.20000076293945,62.13999938964844,6904800
2013-05-17,62.25,63.310001373291016,62.220001220703125,62.84000015258789,5840800
2013-05-20,62.72999954223633,62.91999816894531,62.41999816894531,62.560001373291016,2688200
2013-05-21,62.56999969482422,63.029998779296875,62.45000076293945,62.869998931884766,3248400
2013-05-22,62.0,63.27000045776367,61.529998779296875,62.279998779296875,6317500
2013-05-23,62.09000015258789,62.81999969482422,61.81999969482422,62.36000061035156,4479100
2013-05-24,62.02000045776367,62.52000045776367,61.4900016784668,62.060001373291016,4697900
2013-05-28,62.4900016784668,63.58000183105469,62.400001525878906,63.34000015258789,5341000
2013-05-29,63.31999969482422,63.54999923706055,62.810001373291016,63.349998474121094,5009100
2013-05-30,63.43000030517578,64.9000015258789,63.02000045776367,64.66000366210938,5671300
2013-05-31,64.44999694824219,64.8499984741211,62.599998474121094,62.630001068115234,5888300
2013-06-03,62.88999938964844,63.0,62.09000015258789,62.79999923706055,3756200
2013-06-04,62.599998474121094,62.9900016784668,61.91999816894531,62.36000061035156,5151100
2013-06-05,63.0099983215332,63.11000061035156,61.650001525878906,61.75,5380100
2013-06-06,61.75,61.91999816894531,60.95000076293945,61.91999816894531,4711400
2013-06-07,62.27000045776367,62.93000030517578,61.70000076293945,62.56999969482422,5214700
2013-06-10,62.58000183105469,63.900001525878906,62.56999969482422,63.68000030517578,5256600
2013-06-11,63.150001525878906,64.55999755859375,62.70000076293945,63.93000030517578,6063400
2013-06-12,64.23999786376953,64.51000213623047,63.619998931884766,63.83000183105469,3891100
2013-06-13,63.70000076293945,64.20999908447266,63.150001525878906,64.1500015258789,4379500
2013-06-14,64.12999725341797,64.44999694824219,63.59000015258789,63.79999923706055,3122600
2013-06-17,64.29000091552734,65.23999786376953,64.0999984741211,64.37000274658203,4975000
2013-06-18,64.9000015258789,65.70999908447266,64.45999908447266,65.68000030517578,5183300
2013-06-19,65.69999694824219,66.16000366210938,65.2300033569336,65.26000213623047,6370200
2013-06-20,64.80000305175781,64.81999969482422,63.650001525878906,63.79999923706055,5748300
2013-06-21,64.19000244140625,64.83000183105469,63.43000030517578,63.900001525878906,7806500
2013-06-24,63.4900016784668,65.04000091552734,63.459999084472656,64.6500015258789,5717100
2013-06-25,65.02999877929688,65.54000091552734,63.65999984741211,63.72999954223633,4959100
2013-06-26,64.02999877929688,65.05999755859375,64.0199966430664,64.77999877929688,4851700
2013-06-27,65.05999755859375,66.19000244140625,64.95999908447266,66.08999633789062,4483600
2013-06-28,65.62000274658203,66.12999725341797,65.04000091552734,65.4800033569336,6867800
2013-07-01,65.88999938964844,66.36000061035156,65.5199966430664,65.62999725341797,3736500
2013-07-02,65.43000030517578,65.66000366210938,65.05000305175781,65.2699966430664,4484800
2013-07-03,64.95999908447266,65.83999633789062,64.6500015258789,65.54000091552734,2271100
2013-07-05,65.95999908447266,66.19000244140625,65.2699966430664,66.16999816894531,2356500
2013-07-08,66.94999694824219,67.58000183105469,66.36000061035156,67.55999755859375,6192500
2013-07-09,68.0199966430664,68.44999694824219,67.29000091552734,67.97000122070312,4275700
2013-07-10,68.0,68.75,67.61000061035156,67.69000244140625,4383900
2013-07-11,68.2699966430664,68.55000305175781,67.6500015258789,68.36000061035156,6588900
2013-07-12,68.56999969482422,68.73999786376953,67.69000244140625,68.0,4645600
2013-07-15,68.12999725341797,68.19000244140625,67.45999908447266,67.62000274658203,3813600
2013-07-16,67.23999786376953,67.3499984741211,66.55999755859375,66.91000366210938,5459600
2013-07-17,67.01000213623047,67.44000244140625,65.91999816894531,66.2300033569336,8904300
2013-07-18,69.3499984741211,70.8499984741211,68.91000366210938,70.55000305175781,14082900
2013-07-19,70.61000061035156,72.08999633789062,70.16000366210938,71.44999694824219,7504900
2013-07-22,71.55999755859375,72.54000091552734,71.4000015258789,72.18000030517578,5038000
2013-07-23,72.20999908447266,72.73999786376953,71.81999969482422,72.69000244140625,3934300
2013-07-24,72.80999755859375,73.1500015258789,72.18000030517578,72.52999877929688,6023300
2013-07-25,72.08000183105469,72.62000274658203,71.69999694824219,72.62000274658203,3840600
2013-07-26,72.12999725341797,72.58999633789062,71.56999969482422,72.20999908447266,3826000
2013-07-29,72.11000061035156,72.86000061035156,71.95999908447266,72.79000091552734,3835300
2013-07-30,72.87999725341797,73.22000122070312,71.9800033569336,72.2699966430664,5375400
2013-07-31,72.47000122070312,73.66000366210938,72.47000122070312,72.8499984741211,5964700
2013-08-01,73.2300033569336,73.5199966430664,72.9000015258789,73.16000366210938,3254000
2013-08-02,73.02999877929688,73.02999877929688,71.93000030517578,72.26000213623047,3622500
2013-08-05,72.36000061035156,73.58000183105469,72.30000305175781,73.33999633789062,2871000
2013-08-06,73.18000030517578,73.37000274658203,72.52999877929688,73.23999786376953,3089500
2013-08-07,73.18000030517578,73.4000015258789,72.62000274658203,72.91999816894531,2807300
2013-08-08,73.1500015258789,73.66999816894531,72.86000061035156,73.18000030517578,2171600
2013-08-09,73.19999694824219,73.58999633789062,72.2699966430664,72.93000030517578,2556900
2013-08-12,72.41000366210938,72.58999633789062,72.01000213623047,72.38999938964844,3043300
2013-08-13,72.43000030517578,73.38999938964844,72.30999755859375,73.3499984741211,2627400
2013-08-14,73.19000244140625,73.30000305175781,72.30999755859375,72.48999786376953,3079000
2013-08-15,71.98999786376953,72.62000274658203,71.37000274658203,71.4000015258789,3402000
2013-08-16,71.1500015258789,71.9800033569336,71.0,71.43000030517578,3323600
2013-08-19,71.52999877929688,72.19999694824219,71.45999908447266,71.70999908447266,2794800
2013-08-20,71.8499984741211,72.83999633789062,71.61000061035156,72.45999908447266,3110000
2013-08-21,72.18000030517578,72.33999633789062,71.47000122070312,71.8499984741211,3314200
2013-08-22,72.04000091552734,72.73999786376953,71.83000183105469,71.97000122070312,2959400
2013-08-23,72.01000213623047,72.72000122070312,71.91000366210938,72.54000091552734,3215600
2013-08-26,72.63999938964844,72.91999816894531,72.27999877929688,72.37999725341797,2797700
2013-08-27,71.94999694824219,72.13999938964844,71.31999969482422,71.5199966430664,3626200
2013-08-28,71.4000015258789,72.16000366210938,71.3499984741211,71.54000091552734,3297700
2013-08-29,71.33999633789062,72.83000183105469,71.1500015258789,72.44000244140625,5243500
2013-08-30,72.45999908447266,72.80999755859375,71.48999786376953,71.73999786376953,4186200
2013-09-03,71.80999755859375,72.7699966430664,71.79000091552734,72.55999755859375,3801500
2013-09-04,72.45999908447266,73.3499984741211,72.19999694824219,73.3499984741211,3333600
2013-09-05,73.33999633789062,74.2300033569336,73.13999938964844,74.04000091552734,2861600
2013-09-06,74.23999786376953,74.79000091552734,72.55000305175781,74.05999755859375,3584100
2013-09-09,74.11000061035156,74.55000305175781,73.77999877929688,74.25,2629600
2013-09-10,74.5999984741211,74.63999938964844,73.83999633789062,74.62999725341797,3925400
2013-09-11,74.58000183105469,75.19000244140625,74.33000183105469,75.18000030517578,3819200
2013-09-12,75.31999969482422,75.5,74.69999694824219,74.73999786376953,2823800
2013-09-13,74.91999816894531,75.25,74.12000274658203,74.4800033569336,3421000
2013-09-16,75.08999633789062,75.87999725341797,74.97000122070312,75.12000274658203,4224800
2013-09-17,75.11000061035156,75.3499984741211,73.93000030517578,74.30999755859375,5138100
2013-09-18,74.1500015258789,74.19000244140625,72.44000244140625,73.04000091552734,7725600
2013-09-19,73.08999633789062,73.12000274658203,70.62000274658203,70.83999633789062,8322900
2013-09-20,70.55000305175781,71.75,70.4000015258789,70.56999969482422,9088700
2013-09-23,70.80000305175781,71.94000244140625,70.62000274658203,71.81999969482422,4482500
2013-09-24,72.18000030517578,72.94000244140625,71.62999725341797,72.31999969482422,4855200
2013-09-25,72.30000305175781,72.66000366210938,71.86000061035156,71.9800033569336,4812900
2013-09-26,72.0,72.80999755859375,71.91999816894531,72.16000366210938,2413200
2013-09-27,71.69999694824219,72.11000061035156,71.5,71.98999786376953,3548000
2013-09-30,71.29000091552734,71.66999816894531,71.01000213623047,71.61000061035156,4183600
2013-10-01,71.73999786376953,72.94000244140625,71.6500015258789,72.58000183105469,4322300
2013-10-02,72.23999786376953,72.62999725341797,72.06999969482422,72.56999969482422,2705700
2013-10-03,72.5,72.9800033569336,72.26000213623047,72.5199966430664,5038300
2013-10-04,72.5,73.13999938964844,72.2300033569336,72.98999786376953,4297600
2013-10-07,72.58999633789062,72.69999694824219,72.16000366210938,72.16999816894531,4787000
2013-10-08,72.0,72.41999816894531,71.43000030517578,71.4800033569336,6049100
2013-10-09,71.70999908447266,71.87999725341797,71.18000030517578,71.37999725341797,4464100
2013-10-10,72.12999725341797,73.9800033569336,71.83999633789062,73.9800033569336,4894300
2013-10-11,73.93000030517578,74.2699966430664,73.5,74.2699966430664,2935800
2013-10-14,73.86000061035156,74.80999755859375,73.5199966430664,74.72000122070312,2562200
2013-10-15,74.51000213623047,74.93000030517578,73.76000213623047,73.87000274658203,2922900
2013-10-16,74.5,75.48999786376953,74.37999725341797,75.19000244140625,4368600
2013-10-17,71.7699966430664,72.87999725341797,71.05000305175781,71.37000274658203,21810200
2013-10-18,71.26000213623047,71.3499984741211,67.54000091552734,68.76000213623047,21080600
2013-10-21,68.6500015258789,68.7699966430664,67.08999633789062,68.19999694824219,11496900
2013-10-22,68.22000122070312,69.62999725341797,68.22000122070312,68.86000061035156,7647300
2013-10-23,68.51000213623047,68.61000061035156,67.6500015258789,68.01000213623047,8227700
2013-10-24,68.01000213623047,68.38999938964844,67.18000030517578,67.61000061035156,6352500
2013-10-25,67.51000213623047,68.18000030517578,67.27999877929688,67.62000274658203,6892500
2013-10-28,67.55000305175781,67.80000305175781,66.72000122070312,66.94000244140625,6989300
2013-10-29,66.87999725341797,68.1500015258789,66.8499984741211,68.08000183105469,5860000
2013-10-30,68.12000274658203,68.66999816894531,67.7699966430664,68.01000213623047,4360500
2013-10-31,68.4000015258789,68.70999908447266,67.86000061035156,68.26000213623047,4216700
2013-11-01,68.2699966430664,68.69999694824219,67.94999694824219,68.62999725341797,4459000
2013-11-04,68.77999877929688,69.26000213623047,68.36000061035156,68.94999694824219,3698700
2013-11-05,68.5,68.94000244140625,68.2699966430664,68.72000122070312,3328700
2013-11-06,68.87000274658203,71.0199966430664,68.80000305175781,70.29000091552734,5479400
2013-11-07,70.9000015258789,70.9800033569336,69.66000366210938,69.76000213623047,4497300
2013-11-08,69.69999694824219,70.52999877929688,69.63999938964844,70.5,3741900
2013-11-11,70.7300033569336,70.94999694824219,70.29000091552734,70.5,3082600
2013-11-12,70.47000122070312,70.9000015258789,69.87000274658203,69.94999694824219,3604800
2013-11-13,69.94999694824219,71.12999725341797,69.80999755859375,71.01000213623047,3879500
2013-11-14,71.33999633789062,71.5999984741211,70.94000244140625,71.44000244140625,3581200
2013-11-15,71.12999725341797,71.95999908447266,71.08999633789062,71.87000274658203,3872600
2013-11-18,71.97000122070312,72.0999984741211,71.5,71.68000030517578,3263700
2013-11-19,71.76000213623047,71.91000366210938,71.26000213623047,71.61000061035156,4260900
2013-11-20,71.87999725341797,72.86000061035156,71.66000366210938,71.9800033569336,5031300
2013-11-21,72.38999938964844,73.68000030517578,72.37000274658203,72.91000366210938,4368000
2013-11-22,72.91000366210938,73.75,72.80000305175781,73.73999786376953,3178400
2013-11-25,74.0,74.66000366210938,73.79000091552734,74.06999969482422,3773900
2013-11-26,74.20999908447266,74.98999786376953,74.05000305175781,74.5199966430664,4635400
2013-11-27,74.66999816894531,74.93000030517578,74.08000183105469,74.36000061035156,3640600
2013-11-29,74.58999633789062,74.93000030517578,74.2300033569336,74.4800033569336,2025600
2013-12-02,73.63999938964844,74.44999694824219,73.63999938964844,74.16000366210938,4276000
2013-12-03,74.13999938964844,74.13999938964844,72.91999816894531,73.7300033569336,5162400
2013-12-04,73.0199966430664,74.41000366210938,72.54000091552734,73.6500015258789,5548700
2013-12-05,73.31999969482422,73.68000030517578,72.54000091552734,72.75,4104700
2013-12-06,73.2300033569336,73.72000122070312,72.83999633789062,73.5,3886000
2013-12-09,73.5,74.30999755859375,73.43000030517578,73.72000122070312,3988600
2013-12-10,73.69999694824219,74.41000366210938,73.68000030517578,74.05000305175781,3741100
2013-12-11,74.08000183105469,74.0999984741211,71.9000015258789,72.13999938964844,7304300
2013-12-12,72.19000244140625,72.56999969482422,70.91000366210938,71.01000213623047,5815300
2013-12-13,71.19999694824219,71.86000061035156,70.45999908447266,70.4800033569336,4737000
2013-12-16,70.7300033569336,71.37999725341797,70.52999877929688,71.05999755859375,4369500
2013-12-17,71.22000122070312,71.22000122070312,70.19999694824219,70.7300033569336,4280100
2013-12-18,71.02999877929688,72.47000122070312,70.69999694824219,72.37999725341797,4975700
2013-12-19,72.16999816894531,72.52999877929688,71.66999816894531,72.38999938964844,4359200
2013-12-20,72.62999725341797,73.7300033569336,72.62000274658203,73.3499984741211,7511500
2013-12-23,73.83999633789062,74.58999633789062,73.70999908447266,74.3499984741211,3263100
2013-12-24,74.19999694824219,74.41999816894531,73.91999816894531,74.12999725341797,1253500
2013-12-26,74.44000244140625,74.97000122070312,74.27999877929688,74.8499984741211,2121000
2013-12-27,75.0,75.31999969482422,74.58000183105469,74.69000244140625,2859900
2013-12-30,74.8499984741211,75.04000091552734,74.30999755859375,74.77999877929688,1983800
2013-12-31,75.0,75.54000091552734,74.62999725341797,75.30000305175781,2280000
2014-01-02,74.91000366210938,75.29000091552734,74.51000213623047,74.56999969482422,3067000
2014-01-03,74.80000305175781,75.76000213623047,74.5999984741211,75.0999984741211,3206400
2014-01-06,75.41999816894531,75.41999816894531,74.12000274658203,74.23999786376953,3424500
2014-01-07,74.94000244140625,77.33000183105469,74.94000244140625,76.51000213623047,6542500
2014-01-08,76.33000183105469,76.45999908447266,75.4800033569336,75.62000274658203,6172200
2014-01-09,75.6500015258789,76.23999786376953,75.6500015258789,76.08000183105469,6291500
2014-01-10,76.19999694824219,76.30000305175781,74.55000305175781,74.69999694824219,6632200
2014-01-13,74.66999816894531,75.0,73.68000030517578,73.94000244140625,5248700
2014-01-14,74.05000305175781,74.33999633789062,73.69000244140625,74.0199966430664,5783900
2014-01-15,73.98999786376953,74.86000061035156,73.98999786376953,74.83999633789062,7043300
2014-01-16,74.12999725341797,74.83999633789062,72.1500015258789,72.76000213623047,8892800
2014-01-17,73.12000274658203,73.12000274658203,72.30000305175781,72.5199966430664,5551300
2014-01-21,72.72000122070312,73.62000274658203,72.41000366210938,73.16000366210938,6379300
2014-01-22,73.83000183105469,73.93000030517578,73.23999786376953,73.4000015258789,4864700
2014-01-23,72.69999694824219,73.69000244140625,72.48999786376953,73.19999694824219,5050300
2014-01-24,72.83000183105469,72.91999816894531,71.37999725341797,71.5999984741211,5523600
2014-01-27,71.30999755859375,72.19999694824219,71.13999938964844,71.6500015258789,4233600
2014-01-28,71.6500015258789,72.36000061035156,71.47000122070312,71.70999908447266,2932700
2014-01-29,71.38999938964844,72.95999908447266,70.83999633789062,71.26000213623047,6005100
2014-01-30,71.69999694824219,73.04000091552734,71.52999877929688,72.80000305175781,4254000
2014-01-31,71.87000274658203,72.3499984741211,71.44999694824219,72.27999877929688,4291500
2014-02-03,72.13999938964844,72.20999908447266,70.63999938964844,70.73999786376953,4526100
2014-02-04,70.80000305175781,71.0,69.80000305175781,70.51000213623047,4646100
2014-02-05,69.94000244140625,71.19999694824219,69.83000183105469,70.81999969482422,4394300
2014-02-06,70.7699966430664,71.05999755859375,70.08999633789062,70.87000274658203,4765600
2014-02-07,70.5,71.6500015258789,70.11000061035156,71.36000061035156,6902900
2014-02-10,70.91000366210938,71.06999969482422,69.56999969482422,69.73999786376953,7774000
2014-02-11,69.76000213623047,70.87000274658203,69.58000183105469,70.62000274658203,5543000
2014-02-12,70.91000366210938,71.30000305175781,69.9800033569336,70.23999786376953,4120600
2014-02-13,70.12999725341797,71.4800033569336,69.93000030517578,71.20999908447266,3788000
2014-02-14,71.16000366210938,73.83999633789062,71.0,73.5199966430664,6848800
2014-02-18,73.5199966430664,74.62000274658203,73.44999694824219,73.83000183105469,5538400
2014-02-19,73.55000305175781,74.30999755859375,73.41999816894531,73.55000305175781,3926500
2014-02-20,73.5999984741211,74.11000061035156,73.2300033569336,73.4800033569336,4134000
2014-02-21,73.43000030517578,74.0999984741211,73.33999633789062,73.80999755859375,4552300
2014-02-24,74.13999938964844,76.7699966430664,74.0,76.01000213623047,9559000
2014-02-25,75.9800033569336,76.13999938964844,75.12999725341797,75.31999969482422,3761800
2014-02-26,75.33000183105469,76.12999725341797,74.77999877929688,76.05999755859375,5433200
2014-02-27,75.77999877929688,76.41000366210938,75.5999984741211,76.0199966430664,4227300
2014-02-28,76.04000091552734,77.70999908447266,75.80000305175781,77.2699966430664,6176600
2014-03-03,76.69999694824219,77.45999908447266,76.52999877929688,77.0999984741211,3673400
2014-03-04,77.73999786376953,78.56999969482422,77.54000091552734,78.12999725341797,5164500
2014-03-05,78.26000213623047,78.5,77.58000183105469,77.98999786376953,3917600
2014-03-06,78.1500015258789,78.33999633789062,77.55000305175781,77.63999938964844,4200500
2014-03-07,78.01000213623047,78.06999969482422,77.04000091552734,77.4000015258789,3434700
2014-03-10,77.27999877929688,77.9000015258789,77.11000061035156,77.87999725341797,2986400
2014-03-11,77.91000366210938,78.44999694824219,77.5199966430664,77.77999877929688,3471200
2014-03-12,77.27999877929688,77.69999694824219,77.2300033569336,77.5999984741211,2875400
2014-03-13,77.76000213623047,78.0999984741211,76.95999908447266,77.01000213623047,3178600
2014-03-14,77.0199966430664,77.0199966430664,75.6500015258789,75.69999694824219,5128700
2014-03-17,76.13999938964844,77.0199966430664,76.08999633789062,76.76000213623047,3517900
2014-03-18,76.97000122070312,78.05000305175781,76.7699966430664,78.0,3670800
2014-03-19,78.06999969482422,80.30000305175781,77.94000244140625,79.95999908447266,9060100
2014-03-20,79.58000183105469,81.58999633789062,79.43000030517578,81.52999877929688,7786500
2014-03-21,82.19000244140625,83.31999969482422,81.30000305175781,81.33999633789062,11828100
2014-03-24,81.6500015258789,81.72000122070312,80.86000061035156,81.27999877929688,5306200
2014-03-25,81.58999633789062,82.1500015258789,80.9800033569336,81.0999984741211,4588800
2014-03-26,81.4800033569336,82.30000305175781,81.06999969482422,81.54000091552734,6910000
2014-03-27,81.58000183105469,81.9000015258789,80.77999877929688,81.0199966430664,5453900
2014-03-28,81.4000015258789,82.3499984741211,81.26000213623047,81.62000274658203,4787400
2014-03-31,82.08000183105469,82.2699966430664,81.41000366210938,81.98999786376953,3513700
2014-04-01,82.3499984741211,83.05000305175781,81.58000183105469,81.83999633789062,4339800
2014-04-02,81.54000091552734,81.73999786376953,81.2699966430664,81.61000061035156,3832100
2014-04-03,81.6500015258789,82.3499984741211,81.5999984741211,82.25,4214700
2014-04-04,82.69000244140625,82.93000030517578,81.37000274658203,81.52999877929688,4788100
2014-04-07,81.5,81.9800033569336,80.75,81.08000183105469,5286700
2014-04-08,81.06999969482422,81.55000305175781,80.11000061035156,80.66000366210938,4044900
2014-04-09,80.80000305175781,81.55999755859375,80.5,81.38999938964844,3308900
2014-04-10,81.41999816894531,81.98999786376953,79.77999877929688,79.98999786376953,4850000
2014-04-11,79.7699966430664,79.97000122070312,78.81999969482422,78.94999694824219,3418700
2014-04-14,79.44000244140625,79.68000030517578,78.37999725341797,79.18000030517578,4013700
2014-04-15,79.36000061035156,79.72000122070312,78.05999755859375,79.51000213623047,4719100
2014-04-16,79.48999786376953,79.54000091552734,77.47000122070312,78.19000244140625,8098100
2014-04-17,75.44000244140625,76.6500015258789,73.61000061035156,75.77999877929688,13422900
2014-04-21,75.69999694824219,76.4800033569336,74.79000091552734,74.94999694824219,6912500
2014-04-22,75.19000244140625,76.19000244140625,74.94999694824219,75.76000213623047,6199400
2014-04-23,75.80999755859375,76.06999969482422,75.11000061035156,75.33000183105469,4645700
2014-04-24,76.1500015258789,77.08000183105469,75.91000366210938,76.58999633789062,4604900
2014-04-25,76.56999969482422,77.29000091552734,75.2300033569336,75.66000366210938,5416200
2014-04-28,76.3499984741211,76.58000183105469,75.41999816894531,75.73999786376953,5346800
2014-04-29,75.94999694824219,76.20999908447266,74.88999938964844,75.19999694824219,4813200
2014-04-30,75.25,76.19000244140625,74.91999816894531,75.04000091552734,6435900
2014-05-01,75.05000305175781,75.4000015258789,74.26000213623047,74.94999694824219,4598000
2014-05-02,74.68000030517578,75.33000183105469,74.51000213623047,75.02999877929688,3794700
2014-05-05,74.83000183105469,75.30999755859375,74.30000305175781,75.2300033569336,4476100
2014-05-06,75.12999725341797,75.5999984741211,74.88999938964844,75.26000213623047,4728200
2014-05-07,75.58999633789062,77.94999694824219,75.08000183105469,77.91000366210938,6383500
2014-05-08,77.81999969482422,78.05999755859375,76.73999786376953,76.88999938964844,4943100
2014-05-09,76.81999969482422,77.30000305175781,76.62000274658203,76.94999694824219,3465600
2014-05-12,77.19999694824219,78.0199966430664,77.0999984741211,77.73999786376953,3110900
2014-05-13,77.86000061035156,78.22000122070312,77.52999877929688,78.04000091552734,3059000
2014-05-14,78.05000305175781,78.05000305175781,76.94000244140625,77.16999816894531,2635300
2014-05-15,77.16000366210938,77.31999969482422,76.2300033569336,76.4800033569336,3075200
2014-05-16,76.3499984741211,76.66999816894531,76.01000213623047,76.6500015258789,2974600
2014-05-19,76.41999816894531,77.2300033569336,76.36000061035156,77.19999694824219,2149100
2014-05-20,77.19000244140625,77.4000015258789,76.36000061035156,76.66000366210938,2806500
2014-05-21,76.70999908447266,77.87999725341797,76.62999725341797,77.72000122070312,2401200
2014-05-22,77.70999908447266,78.62999725341797,77.62999725341797,78.33999633789062,3146900
2014-05-23,78.6500015258789,79.0,78.36000061035156,78.7699966430664,2251500
2014-05-27,79.2300033569336,79.33000183105469,78.66000366210938,79.11000061035156,2645500
2014-05-28,78.97000122070312,79.20999908447266,78.30000305175781,78.58000183105469,2250900
2014-05-29,78.5999984741211,79.43000030517578,78.08000183105469,79.37000274658203,3526800
2014-05-30,79.23999786376953,79.73999786376953,78.87999725341797,79.62999725341797,5139900
2014-06-02,79.7699966430664,79.93000030517578,79.31999969482422,79.47000122070312,1986400
2014-06-03,79.30999755859375,80.18000030517578,79.27999877929688,79.87999725341797,2841100
2014-06-04,79.7300033569336,80.56999969482422,79.4800033569336,80.51000213623047,3552900
2014-06-05,80.4800033569336,80.75,79.68000030517578,79.80000305175781,3453700
2014-06-06,79.98999786376953,80.31999969482422,79.56999969482422,79.93000030517578,3286600
2014-06-09,80.05000305175781,80.25,79.26000213623047,79.76000213623047,2801700
2014-06-10,79.5999984741211,80.0,79.47000122070312,79.80999755859375,2459200
2014-06-11,79.76000213623047,80.33999633789062,79.41999816894531,80.16999816894531,2733500
2014-06-12,79.77999877929688,80.0,79.0999984741211,79.44000244140625,2560000
2014-06-13,79.33999633789062,79.37000274658203,78.5999984741211,79.18000030517578,2265200
2014-06-16,79.18000030517578,79.20999908447266,77.80999755859375,78.0,4542900
2014-06-17,77.9000015258789,78.25,77.52999877929688,78.16999816894531,3430900
2014-06-18,78.16999816894531,79.37000274658203,77.77999877929688,79.20999908447266,4823000
2014-06-19,79.3499984741211,80.79000091552734,79.26000213623047,80.51000213623047,4538600
2014-06-20,80.83000183105469,81.48999786376953,80.45999908447266,81.41000366210938,7366500
2014-06-23,81.38999938964844,81.6500015258789,80.9800033569336,81.48999786376953,3066900
2014-06-24,81.43000030517578,82.38999938964844,81.41999816894531,81.73999786376953,4685500
2014-06-25,81.3499984741211,82.37999725341797,80.80999755859375,82.33999633789062,3629200
2014-06-26,82.4800033569336,82.4800033569336,81.66000366210938,82.29000091552734,2915900
2014-06-27,81.69000244140625,82.11000061035156,81.30999755859375,82.0,4755600
2014-06-30,82.27999877929688,82.54000091552734,81.5999984741211,81.75,3916100
2014-07-01,81.73999786376953,82.3499984741211,81.6500015258789,81.88999938964844,5482400
2014-07-02,81.80000305175781,82.5199966430664,81.06999969482422,82.48999786376953,3693500
2014-07-03,82.58999633789062,83.44000244140625,82.31999969482422,83.3499984741211,2183400
2014-07-07,82.98999786376953,83.0999984741211,81.79000091552734,82.22000122070312,2558500
2014-07-08,82.0199966430664,82.06999969482422,81.37999725341797,81.93000030517578,2967300
2014-07-09,81.9800033569336,82.75,81.88999938964844,82.73999786376953,3079500
2014-07-10,81.27999877929688,82.51000213623047,81.05000305175781,82.08000183105469,3829400
2014-07-11,81.91999816894531,83.12999725341797,81.7300033569336,82.87000274658203,2758400
2014-07-14,83.33000183105469,84.69000244140625,83.20999908447266,84.2699966430664,3794500
2014-07-15,84.04000091552734,84.73999786376953,83.7300033569336,83.9000015258789,4356300
2014-07-16,84.06999969482422,84.12999725341797,83.22000122070312,83.76000213623047,3955200
2014-07-17,84.25,87.23999786376953,83.43000030517578,85.11000061035156,7117900
2014-07-18,85.47000122070312,85.77999877929688,84.43000030517578,85.5199966430664,3892100
2014-07-21,85.22000122070312,85.29000091552734,84.02999877929688,85.05999755859375,4025100
2014-07-22,85.5199966430664,86.76000213623047,85.47000122070312,86.05000305175781,4366900
2014-07-23,86.30999755859375,86.55000305175781,85.7699966430664,85.94000244140625,2596300
2014-07-24,85.44999694824219,86.33000183105469,85.29000091552734,85.68000030517578,4022400
2014-07-25,84.12000274658203,85.01000213623047,84.0,84.68000030517578,3362600
2014-07-28,85.02999877929688,85.9000015258789,84.5999984741211,85.75,2206900
2014-07-29,84.95999908447266,85.55999755859375,83.98999786376953,84.2699966430664,4897800
2014-07-30,84.76000213623047,84.87000274658203,81.72000122070312,82.94999694824219,7171800
2014-07-31,81.7699966430664,82.18000030517578,80.55000305175781,81.05000305175781,5345400
2014-08-01,81.13999938964844,82.06999969482422,80.55999755859375,81.48999786376953,4625100
2014-08-04,81.58999633789062,82.52999877929688,81.16000366210938,82.2699966430664,3197700
2014-08-05,81.83000183105469,82.52999877929688,80.56999969482422,80.98999786376953,4599500
2014-08-06,80.94999694824219,82.12000274658203,80.73999786376953,81.5,3311300
2014-08-07,81.0,81.08999633789062,79.16000366210938,79.26000213623047,5465400
2014-08-08,79.41000366210938,80.19000244140625,78.73999786376953,80.12000274658203,3713400
2014-08-11,80.38999938964844,80.6500015258789,79.76000213623047,79.87000274658203,3460000
2014-08-12,79.61000061035156,80.38999938964844,79.52999877929688,80.22000122070312,3206200
2014-08-13,80.62000274658203,81.66999816894531,80.38999938964844,81.51000213623047,3049900
2014-08-14,81.70999908447266,82.06999969482422,80.16000366210938,81.81999969482422,2241100
2014-08-15,82.20999908447266,82.27999877929688,80.80999755859375,81.47000122070312,2442700
2014-08-18,81.7699966430664,82.4800033569336,81.3499984741211,82.33999633789062,2795800
2014-08-19,82.48999786376953,83.76000213623047,82.05000305175781,83.47000122070312,3549300
2014-08-20,82.94000244140625,83.75,82.36000061035156,83.43000030517578,2579600
2014-08-21,83.61000061035156,84.0999984741211,83.58999633789062,83.7699966430664,2648500
2014-08-22,83.5999984741211,84.0,83.45999908447266,83.77999877929688,2089300
2014-08-25,84.38999938964844,84.75,83.94999694824219,84.23999786376953,1988100
2014-08-26,84.44999694824219,85.33999633789062,84.1500015258789,85.12000274658203,2267800
2014-08-27,85.18000030517578,86.97000122070312,84.95999908447266,86.37999725341797,5800700
2014-08-28,86.0,87.0,85.5199966430664,86.33999633789062,2749700
2014-08-29,86.75,87.2300033569336,86.3499984741211,86.68000030517578,3297500
2014-09-02,87.12000274658203,87.22000122070312,85.76000213623047,86.38999938964844,3726100
2014-09-03,86.77999877929688,87.3499984741211,86.41999816894531,86.79000091552734,2824400
2014-09-04,86.76000213623047,88.44999694824219,86.70999908447266,87.05999755859375,3650100
2014-09-05,86.94999694824219,87.80000305175781,86.73999786376953,87.75,3873500
2014-09-08,87.69999694824219,88.0,87.41999816894531,87.91000366210938,2298000
2014-09-09,88.0,88.8499984741211,87.48999786376953,88.55999755859375,4409400
2014-09-10,88.44000244140625,88.5,86.69000244140625,87.25,3355800
2014-09-11,86.76000213623047,87.12000274658203,86.19999694824219,87.08000183105469,3034500
2014-09-12,87.23999786376953,87.23999786376953,85.86000061035156,86.18000030517578,2582400
2014-09-15,86.30000305175781,86.81999969482422,85.83000183105469,86.02999877929688,2441800
2014-09-16,86.0,87.37000274658203,85.8499984741211,87.16000366210938,2973700
2014-09-17,86.94999694824219,87.55999755859375,86.47000122070312,86.98999786376953,3302700
2014-09-18,87.41999816894531,87.97000122070312,87.19000244140625,87.62999725341797,2584000
2014-09-19,88.51000213623047,88.72000122070312,87.63999938964844,87.80000305175781,6486300
2014-09-22,87.80000305175781,88.44000244140625,87.4800033569336,87.7699966430664,2335400
2014-09-23,87.31999969482422,87.69000244140625,86.37999725341797,86.58999633789062,2640200
2014-09-24,86.62000274658203,88.45999908447266,86.5999984741211,88.20999908447266,2661500
2014-09-25,87.79000091552734,88.0,86.02999877929688,86.18000030517578,3657100
2014-09-26,86.25,86.97000122070312,85.91000366210938,86.5999984741211,2260500
2014-09-29,85.58000183105469,86.94999694824219,85.58000183105469,86.51000213623047,3114800
2014-09-30,86.68000030517578,87.08000183105469,86.12000274658203,86.25,2843200
2014-10-01,86.0,86.26000213623047,84.61000061035156,84.87999725341797,4140200
2014-10-02,84.8499984741211,85.2699966430664,83.7300033569336,84.9000015258789,3047000
2014-10-03,85.37000274658203,86.27999877929688,85.06999969482422,86.0199966430664,3108100
2014-10-06,86.6500015258789,86.94999694824219,84.94999694824219,85.08999633789062,2596100
2014-10-07,84.9000015258789,85.12999725341797,83.93000030517578,84.19000244140625,3412900
2014-10-08,84.29000091552734,86.83999633789062,83.98999786376953,86.62000274658203,4787400
2014-10-09,86.3499984741211,86.55000305175781,84.62999725341797,84.94000244140625,4432800
2014-10-10,85.08999633789062,86.81999969482422,85.05000305175781,85.38999938964844,4036800
2014-10-13,85.22000122070312,85.94999694824219,83.76000213623047,83.94999694824219,3672600
2014-10-14,84.33999633789062,84.56999969482422,82.55000305175781,82.81999969482422,5929500
2014-10-15,82.16999816894531,82.9800033569336,80.72000122070312,82.16000366210938,8308900
2014-10-16,84.76000213623047,86.69999694824219,84.0999984741211,85.38999938964844,10233000
2014-10-17,86.8499984741211,88.80999755859375,86.75,88.18000030517578,8532800
2014-10-20,88.23999786376953,88.83999633789062,88.0,88.54000091552734,4890900
2014-10-21,89.16000366210938,91.08000183105469,88.8499984741211,90.94999694824219,5882100
2014-10-22,91.44000244140625,91.44000244140625,89.70999908447266,89.7699966430664,4290300
2014-10-23,90.94000244140625,91.27999877929688,90.41999816894531,90.66000366210938,3159200
2014-10-24,90.66000366210938,91.69999694824219,90.58999633789062,91.63999938964844,2977300
2014-10-27,91.43000030517578,92.27999877929688,91.37999725341797,92.12999725341797,3948900
2014-10-28,91.05000305175781,92.77999877929688,90.36000061035156,92.63999938964844,4741300
2014-10-29,92.9000015258789,93.68000030517578,92.69000244140625,92.95999908447266,4330400
2014-10-30,92.55999755859375,94.1500015258789,92.5,93.87999725341797,2836400
2014-10-31,95.0,95.66999816894531,94.30999755859375,95.01000213623047,5031500
2014-11-03,95.44999694824219,95.66999816894531,94.5,94.86000061035156,4001200
2014-11-04,94.98999786376953,95.5999984741211,94.23999786376953,94.9800033569336,4437300
2014-11-05,95.56999969482422,96.01000213623047,95.0199966430664,95.80000305175781,3454700
2014-11-06,96.04000091552734,96.63999938964844,95.9000015258789,96.20999908447266,3743200
2014-11-07,95.5,95.72000122070312,93.01000213623047,93.61000061035156,6155400
2014-11-10,93.68000030517578,95.0,93.5,94.75,4087700
2014-11-11,95.05000305175781,95.75,94.72000122070312,95.69000244140625,2291400
2014-11-12,95.2300033569336,95.97000122070312,94.5199966430664,95.68000030517578,2897700
2014-11-13,95.63999938964844,96.73999786376953,95.4000015258789,95.9000015258789,2767700
2014-11-14,96.0199966430664,96.12000274658203,94.87000274658203,95.11000061035156,2709600
2014-11-17,95.19999694824219,96.69000244140625,94.83999633789062,96.47000122070312,3297600
2014-11-18,96.98999786376953,98.61000061035156,96.8499984741211,98.19000244140625,4320800
2014-11-19,97.7300033569336,98.41000366210938,96.79000091552734,96.86000061035156,3433800
2014-11-20,96.45999908447266,96.8499984741211,96.16999816894531,96.8499984741211,3316700
2014-11-21,97.4000015258789,98.04000091552734,96.58999633789062,96.70999908447266,4408600
2014-11-24,97.2699966430664,97.29000091552734,96.51000213623047,96.9000015258789,3998800
2014-11-25,97.0,98.13999938964844,96.91000366210938,97.9000015258789,4066300
2014-11-26,97.98999786376953,98.73999786376953,97.81999969482422,98.11000061035156,2765900
2014-11-28,98.69999694824219,99.41999816894531,98.43000030517578,98.62999725341797,2177500
2014-12-01,98.75,99.83000183105469,98.01000213623047,99.05999755859375,4892800
2014-12-02,99.0,100.0,98.19999694824219,99.83000183105469,5297200
2014-12-03,99.87999725341797,101.33000183105469,99.69999694824219,100.80000305175781,6689000
2014-12-04,100.83999633789062,100.93000030517578,99.41999816894531,99.66999816894531,4065200
2014-12-05,99.80999755859375,100.70999908447266,99.68000030517578,100.33000183105469,3104900
2014-12-08,100.31999969482422,100.9000015258789,99.63999938964844,99.91999816894531,3085800
2014-12-09,99.04000091552734,101.08999633789062,98.75,101.0199966430664,3792200
2014-12-10,100.7699966430664,101.0199966430664,99.01000213623047,99.08999633789062,3908700
2014-12-11,99.38999938964844,100.66999816894531,99.23999786376953,99.7300033569336,2940600
2014-12-12,99.58000183105469,100.41000366210938,98.69000244140625,98.76000213623047,3086500
2014-12-15,98.80000305175781,99.75,97.41000366210938,98.2699966430664,3649300
2014-12-16,97.6500015258789,98.77999877929688,95.75,95.8499984741211,4843800
2014-12-17,96.55000305175781,99.75,96.16999816894531,99.13999938964844,6235000
2014-12-18,100.27999877929688,102.26000213623047,99.91000366210938,102.23999786376953,4681000
2014-12-19,102.0,104.0,102.0,102.48999786376953,7986500
2014-12-22,102.58000183105469,103.23999786376953,102.47000122070312,103.04000091552734,2398100
2014-12-23,103.72000122070312,103.93000030517578,102.44000244140625,102.8499984741211,3028600
2014-12-24,103.0,103.31999969482422,102.54000091552734,102.68000030517578,950700
2014-12-26,102.58999633789062,103.0,102.16000366210938,102.55000305175781,2019900
2014-12-29,102.37999725341797,103.01000213623047,101.83000183105469,102.33000183105469,1708100
2014-12-30,102.25,103.05999755859375,102.25,102.8499984741211,1767600
2014-12-31,103.12000274658203,103.68000030517578,101.02999877929688,101.08999633789062,2313900
2015-01-02,101.5,102.62000274658203,100.01000213623047,100.77999877929688,3060900
2015-01-05,100.30000305175781,100.44999694824219,98.75,99.12000274658203,4679000
2015-01-06,99.83000183105469,100.13999938964844,98.45999908447266,98.91999816894531,3468300
2015-01-07,98.95999908447266,100.30000305175781,98.91999816894531,99.93000030517578,3225800
2015-01-08,101.56999969482422,104.9800033569336,100.72000122070312,104.69999694824219,5346100
2015-01-09,104.41999816894531,104.62999725341797,102.9000015258789,103.72000122070312,3397600
2015-01-12,103.83000183105469,104.0,101.91000366210938,102.55000305175781,3051500
2015-01-13,103.94000244140625,105.5999984741211,101.83999633789062,103.06999969482422,3856500
2015-01-14,101.61000061035156,103.4800033569336,101.18000030517578,103.33000183105469,4725600
2015-01-15,103.55999755859375,104.58999633789062,103.12999725341797,104.45999908447266,5888900
2015-01-16,104.5,106.0,103.6500015258789,105.7699966430664,6045500
2015-01-20,106.19999694824219,106.37999725341797,104.5,105.62000274658203,6526800
2015-01-21,106.5199966430664,109.44999694824219,105.62000274658203,109.31999969482422,8293700
2015-01-22,109.75,114.12000274658203,109.33000183105469,113.8499984741211,8055200
2015-01-23,113.63999938964844,114.31999969482422,112.0,112.0,5256000
2015-01-26,112.0,112.0,110.76000213623047,111.61000061035156,4203400
2015-01-27,110.94999694824219,111.25,109.91999816894531,110.01000213623047,4718300
2015-01-28,110.56999969482422,110.87999725341797,108.44999694824219,108.45999908447266,6633500
2015-01-29,108.1500015258789,109.58000183105469,106.73999786376953,109.38999938964844,4912300
2015-01-30,108.62000274658203,109.38999938964844,106.13999938964844,106.25,5397500
2015-02-02,106.7300033569336,107.33999633789062,105.06999969482422,107.29000091552734,4657100
2015-02-03,107.3499984741211,108.0,106.5199966430664,107.80999755859375,4192600
2015-02-04,106.83000183105469,108.73999786376953,106.75,107.91999816894531,4768900
2015-02-05,108.31999969482422,109.80999755859375,108.31999969482422,108.81999969482422,3297700
2015-02-06,108.58999633789062,109.4000015258789,107.19000244140625,107.5999984741211,3661400
2015-02-09,106.93000030517578,107.23999786376953,106.27999877929688,106.48999786376953,3909700
2015-02-10,107.26000213623047,109.45999908447266,107.12999725341797,108.97000122070312,5437400
2015-02-11,108.7300033569336,110.05999755859375,108.37999725341797,109.8499984741211,3798500
2015-02-12,110.69999694824219,110.77999877929688,108.83000183105469,109.83999633789062,3378000
2015-02-13,109.69000244140625,109.83999633789062,108.68000030517578,109.44000244140625,3727600
2015-02-17,109.33999633789062,109.76000213623047,108.5199966430664,109.76000213623047,3430600
2015-02-18,109.76000213623047,110.22000122070312,108.94999694824219,109.7699966430664,2958700
2015-02-19,109.54000091552734,110.36000061035156,109.44000244140625,110.02999877929688,2674800
2015-02-20,109.95999908447266,112.81999969482422,109.44000244140625,112.62000274658203,4647100
2015-02-23,112.98999786376953,116.48999786376953,112.8499984741211,116.4000015258789,7060000
2015-02-24,116.26000213623047,116.58000183105469,115.31999969482422,115.43000030517578,3582800
2015-02-25,115.81999969482422,115.81999969482422,113.72000122070312,114.05000305175781,3845900
2015-02-26,114.41000366210938,114.62000274658203,113.37000274658203,113.66000366210938,3126800
2015-02-27,113.7699966430664,114.25,113.41000366210938,113.62999725341797,4016400
2015-03-02,113.62999725341797,114.8499984741211,113.62999725341797,114.4000015258789,2952200
2015-03-03,113.94999694824219,114.48999786376953,112.36000061035156,112.86000061035156,3163700
2015-03-04,112.25,113.97000122070312,111.6500015258789,113.81999969482422,3180900
2015-03-05,114.06999969482422,115.72000122070312,114.06999969482422,114.79000091552734,2941400
2015-03-06,115.16000366210938,115.16000366210938,112.61000061035156,112.87999725341797,3196900
2015-03-09,112.97000122070312,114.95999908447266,112.87000274658203,114.9000015258789,3942000
2015-03-10,114.26000213623047,114.41000366210938,112.45999908447266,112.45999908447266,3957900
2015-03-11,112.9000015258789,113.58999633789062,112.63999938964844,112.72000122070312,2593700
2015-03-12,113.31999969482422,115.05000305175781,113.1500015258789,114.87999725341797,3258600
2015-03-13,114.44000244140625,115.38999938964844,113.52999877929688,115.25,3066800
2015-03-16,116.0,118.69000244140625,115.81999969482422,118.5199966430664,4692200
2015-03-17,118.08000183105469,118.12999725341797,116.91999816894531,117.5999984741211,3303500
2015-03-18,117.43000030517578,120.5199966430664,116.7300033569336,119.95999908447266,5533500
2015-03-19,120.0,121.0999984741211,119.81999969482422,120.76000213623047,4032500
2015-03-20,121.3499984741211,121.52999877929688,119.0,119.13999938964844,7195700
2015-03-23,119.4800033569336,120.4800033569336,118.58999633789062,119.04000091552734,4576500
2015-03-24,118.9000015258789,119.63999938964844,118.08000183105469,118.12000274658203,3054700
2015-03-25,118.8499984741211,119.75,116.51000213623047,116.54000091552734,3385500
2015-03-26,116.06999969482422,117.20999908447266,114.5999984741211,116.25,2856400
2015-03-27,116.05999755859375,118.22000122070312,116.0199966430664,118.01000213623047,2608500
2015-03-30,122.31999969482422,123.76000213623047,120.52999877929688,121.0,5178500
2015-03-31,120.80000305175781,120.93000030517578,118.22000122070312,118.29000091552734,4573100
2015-04-01,119.5199966430664,119.5199966430664,116.54000091552734,117.44999694824219,4826200
2015-04-02,117.5999984741211,118.37999725341797,116.87000274658203,117.36000061035156,2497100
2015-04-06,116.0199966430664,118.5199966430664,115.94999694824219,117.69999694824219,2544700
2015-04-07,119.44999694824219,119.83000183105469,117.2699966430664,117.3499984741211,2528500
2015-04-08,117.77999877929688,118.83000183105469,117.47000122070312,118.19000244140625,2627000
2015-04-09,117.83000183105469,118.76000213623047,117.5999984741211,118.55000305175781,2247200
2015-04-10,118.55000305175781,119.0999984741211,117.97000122070312,119.0,2232600
2015-04-13,121.0,121.30999755859375,119.12999725341797,119.37000274658203,3961000
2015-04-14,119.33999633789062,120.18000030517578,118.5199966430664,119.91999816894531,3208800
2015-04-15,120.37999725341797,120.73999786376953,116.55000305175781,117.31999969482422,7344000
2015-04-16,121.93000030517578,122.31999969482422,120.5199966430664,121.5999984741211,7068000
2015-04-17,121.0,121.05000305175781,117.73999786376953,118.70999908447266,4390000
2015-04-20,119.8499984741211,120.33000183105469,118.06999969482422,118.58000183105469,4650700
2015-04-21,119.0,119.62999725341797,118.76000213623047,119.27999877929688,3379800
2015-04-22,119.54000091552734,119.94000244140625,117.16999816894531,117.80999755859375,3846700
2015-04-23,117.4800033569336,118.58000183105469,116.95999908447266,118.26000213623047,3244300
2015-04-24,118.27999877929688,119.08999633789062,118.0199966430664,118.69000244140625,3139200
2015-04-27,119.18000030517578,119.41000366210938,116.06999969482422,116.23999786376953,5174300
2015-04-28,116.88999938964844,117.73999786376953,114.27999877929688,117.58999633789062,4144800
2015-04-29,116.22000122070312,117.31999969482422,112.04000091552734,113.61000061035156,7122600
2015-04-30,113.52999877929688,114.33000183105469,111.12000274658203,111.4000015258789,6705600
2015-05-01,112.29000091552734,113.66000366210938,111.73999786376953,113.19999694824219,5805100
2015-05-04,113.69999694824219,114.93000030517578,113.44999694824219,114.55999755859375,3531500
2015-05-05,113.94000244140625,114.27999877929688,113.01000213623047,113.37000274658203,3960400
2015-05-06,114.0,114.48999786376953,112.66000366210938,113.48999786376953,3369800
2015-05-07,113.1500015258789,115.13999938964844,113.11000061035156,114.76000213623047,3300200
2015-05-08,115.93000030517578,116.58999633789062,115.05000305175781,115.68000030517578,3066000
2015-05-11,115.61000061035156,115.79000091552734,114.72000122070312,114.7699966430664,3376400
2015-05-12,114.2300033569336,115.08000183105469,113.83000183105469,114.63999938964844,3844600
2015-05-13,114.62000274658203,116.30000305175781,114.62000274658203,115.86000061035156,3667700
2015-05-14,117.18000030517578,118.62000274658203,116.20999908447266,118.52999877929688,4771400
2015-05-15,118.77999877929688,119.3499984741211,118.30999755859375,119.33000183105469,3083800
2015-05-18,119.22000122070312,119.9800033569336,118.83999633789062,119.80000305175781,2824700
2015-05-19,119.81999969482422,121.12999725341797,119.69000244140625,120.55000305175781,3554900
2015-05-20,120.7300033569336,121.8499984741211,120.02999877929688,121.23999786376953,3379200
2015-05-21,120.76000213623047,120.83999633789062,120.05000305175781,120.45999908447266,2983500
2015-05-22,120.30000305175781,120.77999877929688,119.13999938964844,119.58999633789062,2945900
2015-05-26,119.22000122070312,119.58999633789062,117.69999694824219,118.23999786376953,3014500
2015-05-27,118.87999725341797,119.8499984741211,118.2699966430664,119.44999694824219,2887700
2015-05-28,119.30999755859375,119.81999969482422,118.29000091552734,119.62000274658203,2873600
2015-05-29,120.05999755859375,121.62000274658203,117.73999786376953,120.20999908447266,6019900
2015-06-01,120.54000091552734,120.55999755859375,118.75,119.86000061035156,3876400
2015-06-02,119.48999786376953,119.68000030517578,117.41000366210938,117.75,4219500
2015-06-03,118.0,118.98999786376953,117.44999694824219,118.3499984741211,3438100
2015-06-04,117.91999816894531,117.97000122070312,116.02999877929688,116.6500015258789,3300300
2015-06-05,116.33000183105469,116.75,115.36000061035156,116.52999877929688,2724500
2015-06-08,116.37999725341797,117.66999816894531,116.31999969482422,116.91000366210938,3271300
2015-06-09,116.93000030517578,117.37999725341797,115.79000091552734,116.98999786376953,3047300
2015-06-10,117.02999877929688,118.87999725341797,116.7300033569336,118.55000305175781,4006400
2015-06-11,118.41000366210938,119.94000244140625,118.22000122070312,119.31999969482422,3815600
2015-06-12,118.83999633789062,119.0,117.5,117.6500015258789,3076600
2015-06-15,116.83000183105469,120.87999725341797,116.0,118.9800033569336,6809500
2015-06-16,119.13999938964844,122.18000030517578,119.0,121.55000305175781,7229400
2015-06-17,121.9000015258789,122.19999694824219,119.16999816894531,119.73999786376953,4805900
2015-06-18,120.38999938964844,121.37999725341797,119.91999816894531,120.88999938964844,3478300
2015-06-19,120.6500015258789,120.87999725341797,119.9000015258789,120.33000183105469,4178700
2015-06-22,121.62999725341797,122.2300033569336,119.94000244140625,120.25,4435600
2015-06-23,121.37000274658203,122.7699966430664,121.01000213623047,122.73999786376953,4991000
2015-06-24,122.80000305175781,123.0,119.0999984741211,119.16999816894531,4650500
2015-06-25,119.56999969482422,123.41000366210938,119.5,122.33000183105469,6149500
2015-06-26,123.79000091552734,124.11000061035156,122.7300033569336,123.25,16358200
2015-06-29,122.04000091552734,123.02999877929688,121.11000061035156,121.19000244140625,3604000
2015-06-30,122.41999816894531,122.94000244140625,121.0,122.0,4982600
2015-07-01,122.94999694824219,123.6500015258789,122.22000122070312,123.37999725341797,3269300
2015-07-02,123.81999969482422,123.87999725341797,121.0199966430664,121.80999755859375,3682300
2015-07-06,119.5999984741211,123.0999984741211,119.26000213623047,122.16000366210938,6522800
2015-07-07,122.36000061035156,122.80000305175781,117.80999755859375,120.69999694824219,6476200
2015-07-08,119.05000305175781,119.98999786376953,118.4000015258789,118.77999877929688,4009800
2015-07-09,120.04000091552734,120.55999755859375,119.30999755859375,119.33999633789062,3315600
2015-07-10,120.98999786376953,122.75,120.69999694824219,122.1500015258789,4033500
2015-07-13,123.0999984741211,123.75,121.80999755859375,122.44999694824219,3766900
2015-07-14,122.18000030517578,125.19999694824219,122.0,125.0,4192400
2015-07-15,124.94999694824219,126.05000305175781,123.80999755859375,125.86000061035156,5067300
2015-07-16,125.41999816894531,125.5,122.0999984741211,124.93000030517578,7216600
2015-07-17,124.69999694824219,124.9800033569336,123.69999694824219,123.8499984741211,3702700
2015-07-20,124.05000305175781,124.2300033569336,122.33000183105469,122.6500015258789,3199700
2015-07-21,122.56999969482422,122.72000122070312,120.33999633789062,120.86000061035156,4239100
2015-07-22,120.97000122070312,121.23999786376953,120.08000183105469,120.61000061035156,3384700
2015-07-23,121.62999725341797,121.68000030517578,118.76000213623047,119.33000183105469,4896100
2015-07-24,119.12000274658203,119.72000122070312,117.58000183105469,117.94000244140625,3840600
2015-07-27,117.87999725341797,118.08999633789062,116.66000366210938,117.87999725341797,3752300
2015-07-28,118.73999786376953,121.56999969482422,118.5,121.5199966430664,5216900
2015-07-29,121.81999969482422,122.11000061035156,120.62000274658203,121.5199966430664,3924400
2015-07-30,121.13999938964844,121.91999816894531,119.55000305175781,120.55999755859375,3732400
2015-07-31,120.47000122070312,122.72000122070312,120.47000122070312,121.4000015258789,3593000
2015-08-03,121.61000061035156,122.16999816894531,120.13999938964844,120.88999938964844,2541300
2015-08-04,121.58000183105469,121.62999725341797,120.2300033569336,120.83999633789062,2058200
2015-08-05,121.76000213623047,124.23999786376953,121.76000213623047,123.91999816894531,3831900
2015-08-06,124.37000274658203,124.63999938964844,121.80000305175781,122.04000091552734,3014900
2015-08-07,121.70999908447266,121.86000061035156,120.26000213623047,121.81999969482422,2276300
2015-08-10,122.5,123.33999633789062,121.94000244140625,122.4800033569336,2480000
2015-08-11,121.2699966430664,123.0199966430664,121.2699966430664,122.26000213623047,2756000
2015-08-12,121.26000213623047,121.77999877929688,119.05000305175781,121.19999694824219,3005300
2015-08-13,121.33000183105469,121.98999786376953,120.29000091552734,120.5199966430664,3253400
2015-08-14,120.56999969482422,121.18000030517578,120.26000213623047,121.0199966430664,2040500
2015-08-17,120.4000015258789,123.94999694824219,120.30000305175781,123.81999969482422,2951800
2015-08-18,123.87999725341797,126.20999908447266,123.81999969482422,125.5,4140200
2015-08-19,124.70999908447266,124.98999786376953,122.8499984741211,123.22000122070312,3411500
2015-08-20,122.23999786376953,122.41999816894531,119.79000091552734,119.79000091552734,3201600
2015-08-21,118.25,118.80000305175781,116.01000213623047,116.27999877929688,5627800
2015-08-24,110.86000061035156,112.43000030517578,95.0,110.43000030517578,8824900
2015-08-25,113.0,114.58999633789062,109.80000305175781,109.9800033569336,8109900
2015-08-26,112.55999755859375,113.83000183105469,110.27999877929688,113.45999908447266,7503200
2015-08-27,115.25,117.83000183105469,114.95999908447266,117.7699966430664,5783700
2015-08-28,117.38999938964844,117.83999633789062,116.0,117.27999877929688,3333100
2015-08-31,117.20999908447266,118.77999877929688,115.16000366210938,115.69999694824219,4087000
2015-09-01,113.36000061035156,114.22000122070312,112.06999969482422,112.62999725341797,4658100
2015-09-02,113.83000183105469,114.5999984741211,112.52999877929688,114.2300033569336,4522100
2015-09-03,114.73999786376953,115.91999816894531,113.45999908447266,113.98999786376953,3137100
2015-09-04,112.5,113.06999969482422,111.26000213623047,112.36000061035156,3394900
2015-09-08,114.12999725341797,116.20999908447266,113.66999816894531,116.08999633789062,3990600
2015-09-09,117.29000091552734,117.72000122070312,114.83000183105469,115.08000183105469,3753500
2015-09-10,114.8499984741211,117.94000244140625,114.7300033569336,116.7699966430664,5525700
2015-09-11,116.16999816894531,118.87000274658203,115.86000061035156,118.69999694824219,3752500
2015-09-14,119.02999877929688,119.5,117.1500015258789,117.80000305175781,2686500
2015-09-15,118.61000061035156,120.61000061035156,117.43000030517578,120.02999877929688,3072100
2015-09-16,120.2699966430664,121.36000061035156,119.55000305175781,121.1500015258789,3475700
2015-09-17,121.5,125.12000274658203,120.9000015258789,123.26000213623047,5466500
2015-09-18,122.20999908447266,123.7699966430664,121.81999969482422,122.47000122070312,7458400
2015-09-21,123.48999786376953,124.2699966430664,121.38999938964844,123.94000244140625,3476700
2015-09-22,121.44000244140625,123.79000091552734,121.44000244140625,122.93000030517578,4566800
2015-09-23,123.0,124.20999908447266,122.04000091552734,123.27999877929688,3131300
2015-09-24,122.3499984741211,122.62999725341797,119.2699966430664,121.08999633789062,4735800
2015-09-25,122.18000030517578,122.41000366210938,115.2300033569336,116.37000274658203,8060200
2015-09-28,115.55000305175781,115.81999969482422,111.01000213623047,112.69999694824219,5727000
2015-09-29,112.88999938964844,114.86000061035156,111.61000061035156,114.22000122070312,5142700
2015-09-30,115.38999938964844,116.91999816894531,114.87999725341797,116.01000213623047,4638600
2015-10-01,115.94000244140625,116.70999908447266,114.91000366210938,116.61000061035156,3768300
2015-10-02,115.13999938964844,118.8499984741211,114.81999969482422,118.83000183105469,3521600
2015-10-05,119.66999816894531,120.33999633789062,118.12999725341797,119.6500015258789,3491200
2015-10-06,119.45999908447266,119.5999984741211,114.66999816894531,116.05000305175781,4652000
2015-10-07,116.45999908447266,116.80999755859375,114.5999984741211,116.43000030517578,4282000
2015-10-08,116.43000030517578,116.94000244140625,114.9000015258789,116.08000183105469,3646500
2015-10-09,115.98999786376953,119.47000122070312,115.95999908447266,119.2699966430664,4485100
2015-10-12,119.01000213623047,123.06999969482422,118.55999755859375,122.51000213623047,5840000
2015-10-13,123.16000366210938,125.98999786376953,121.58999633789062,123.98999786376953,6655700
2015-10-14,123.8499984741211,125.0,120.83999633789062,122.06999969482422,5592200
2015-10-15,119.0,120.5,115.95999908447266,120.16999816894531,8012400
2015-10-16,120.8499984741211,120.8499984741211,118.58000183105469,119.9800033569336,4416500
2015-10-19,119.77999877929688,120.91000366210938,119.19999694824219,120.7300033569336,3707500
2015-10-20,120.63999938964844,121.56999969482422,119.69000244140625,120.41999816894531,3278400
2015-10-21,120.69000244140625,120.80000305175781,115.2699966430664,118.11000061035156,5305600
2015-10-22,118.20999908447266,119.02999877929688,110.06999969482422,113.80999755859375,10475000
2015-10-23,114.44999694824219,116.62000274658203,114.04000091552734,115.91999816894531,5497500
2015-10-26,115.91999816894531,117.0,115.0,116.52999877929688,3377100
2015-10-27,116.38999938964844,119.5199966430664,115.9000015258789,119.37000274658203,4008400
2015-10-28,119.76000213623047,120.13999938964844,115.91000366210938,119.77999877929688,4405500
2015-10-29,119.79000091552734,121.66999816894531,119.5,119.70999908447266,3257500
2015-10-30,119.93000030517578,120.37000274658203,117.77999877929688,117.77999877929688,4237800
2015-11-02,118.63999938964844,119.94999694824219,117.83999633789062,118.69000244140625,3874200
2015-11-03,118.16999816894531,118.45999908447266,116.25,117.66000366210938,2758200
2015-11-04,117.5999984741211,117.75,114.05999755859375,114.63999938964844,5396100
2015-11-05,114.9800033569336,116.7699966430664,113.62999725341797,116.2300033569336,4009100
2015-11-06,115.2300033569336,115.80000305175781,114.01000213623047,114.80999755859375,4106900
2015-11-09,114.12999725341797,114.63999938964844,113.01000213623047,114.26000213623047,2755100
2015-11-10,114.2699966430664,116.19999694824219,114.02999877929688,115.88999938964844,2842600
2015-11-11,116.3499984741211,116.86000061035156,114.3499984741211,114.54000091552734,2374200
2015-11-12,113.76000213623047,114.73999786376953,112.52999877929688,112.81999969482422,3341300
2015-11-13,112.48999786376953,113.0199966430664,111.18000030517578,111.41000366210938,3767300
2015-11-16,110.9000015258789,114.13999938964844,110.79000091552734,113.81999969482422,2450000
2015-11-17,113.7300033569336,115.44000244140625,113.16999816894531,114.38999938964844,1981400
2015-11-18,114.25,117.52999877929688,113.75,117.25,3319900
2015-11-19,109.79000091552734,113.70999908447266,109.61000061035156,110.62999725341797,15731900
2015-11-20,110.88999938964844,114.44000244140625,110.5999984741211,112.97000122070312,7059400
2015-11-23,112.97000122070312,114.48999786376953,112.0999984741211,112.16000366210938,3780400
2015-11-24,111.37999725341797,113.44999694824219,111.05999755859375,113.19000244140625,3244800
2015-11-25,113.47000122070312,115.05000305175781,113.0,114.41000366210938,2959200
2015-11-27,114.48999786376953,115.9000015258789,114.08000183105469,114.33999633789062,1740400
2015-11-30,114.55999755859375,114.81999969482422,112.62000274658203,112.70999908447266,4605200
2015-12-01,113.52999877929688,116.37000274658203,113.05000305175781,116.26000213623047,5467000
2015-12-02,116.23999786376953,119.37999725341797,116.11000061035156,117.63999938964844,6071100
2015-12-03,117.80000305175781,118.27999877929688,114.43000030517578,115.0,4286600
2015-12-04,115.58999633789062,118.25,115.23999786376953,117.73999786376953,3588200
2015-12-07,117.88999938964844,117.88999938964844,115.19999694824219,115.91000366210938,3164300
2015-12-08,114.94999694824219,116.3499984741211,113.94999694824219,115.87999725341797,3551900
2015-12-09,115.4000015258789,116.81999969482422,114.66000366210938,115.05000305175781,3839100
2015-12-10,115.05000305175781,117.05000305175781,114.33999633789062,116.20999908447266,3202600
2015-12-11,116.20999908447266,117.33999633789062,114.62000274658203,115.9800033569336,3830800
2015-12-14,115.87999725341797,116.73999786376953,114.43000030517578,115.8499984741211,3867200
2015-12-15,116.87000274658203,118.5,116.66000366210938,117.61000061035156,3124100
2015-12-16,118.30000305175781,119.76000213623047,116.9000015258789,118.83000183105469,3516900
2015-12-17,118.83000183105469,121.08999633789062,118.63999938964844,119.22000122070312,3945800
2015-12-18,118.61000061035156,118.86000061035156,115.81999969482422,115.81999969482422,7574800
2015-12-21,116.56999969482422,117.7699966430664,116.0,117.41000366210938,3185200
2015-12-22,118.19000244140625,118.33999633789062,116.20999908447266,117.44000244140625,2821600
2015-12-23,117.9000015258789,118.83000183105469,117.55000305175781,118.69000244140625,2479600
2015-12-24,118.52999877929688,119.18000030517578,118.29000091552734,118.33999633789062,900100
2015-12-28,118.26000213623047,118.61000061035156,117.37999725341797,118.33000183105469,1582600
2015-12-29,118.87000274658203,120.41000366210938,118.69999694824219,119.81999969482422,2027600
2015-12-30,120.02999877929688,120.11000061035156,118.66000366210938,118.91999816894531,1747700
2015-12-31,118.63999938964844,119.37000274658203,117.36000061035156,117.63999938964844,2372500
2016-01-04,116.91000366210938,116.91000366210938,114.52999877929688,116.45999908447266,4991000
2016-01-05,116.72000122070312,117.88999938964844,116.20999908447266,116.68000030517578,2816800
2016-01-06,115.77999877929688,116.6500015258789,114.5,115.48999786376953,2677300
2016-01-07,113.62999725341797,114.08999633789062,111.41999816894531,112.08999633789062,5277200
2016-01-08,112.3499984741211,113.0,109.76000213623047,110.16000366210938,4422400
2016-01-11,110.51000213623047,110.62000274658203,108.19000244140625,109.58000183105469,4525800
2016-01-12,110.36000061035156,113.12999725341797,110.05000305175781,112.26000213623047,4037800
2016-01-13,112.41000366210938,113.04000091552734,108.93000030517578,109.2300033569336,3434300
2016-01-14,108.73999786376953,111.80000305175781,107.51000213623047,110.76000213623047,4238200
2016-01-15,109.08000183105469,110.6500015258789,107.79000091552734,109.2699966430664,6357000
2016-01-19,111.48999786376953,114.16000366210938,109.5999984741211,112.58000183105469,7122800
2016-01-20,112.08999633789062,115.73999786376953,110.1500015258789,114.79000091552734,8380700
2016-01-21,114.66999816894531,115.4800033569336,112.26000213623047,113.5,5413900
2016-01-22,114.66999816894531,115.1500015258789,113.88999938964844,114.33000183105469,3622200
2016-01-25,114.5199966430664,115.30999755859375,112.8499984741211,113.37999725341797,2908500
2016-01-26,112.91000366210938,114.18000030517578,111.76000213623047,113.95999908447266,4592500
2016-01-27,114.43000030517578,114.80999755859375,111.83999633789062,112.33000183105469,4720300
2016-01-28,112.29000091552734,113.25,110.61000061035156,111.37999725341797,3525600
2016-01-29,111.93000030517578,115.16000366210938,110.62000274658203,115.16000366210938,5280800
2016-02-01,114.83000183105469,116.1500015258789,114.11000061035156,115.88999938964844,4333500
2016-02-02,114.94999694824219,115.38999938964844,113.2699966430664,113.87999725341797,2997700
2016-02-03,114.37000274658203,114.37000274658203,110.30000305175781,112.75,3462300
2016-02-04,112.66999816894531,114.55000305175781,112.04000091552734,114.19999694824219,3608300
2016-02-05,114.06999969482422,114.20999908447266,110.9000015258789,111.72000122070312,3330800
2016-02-08,110.5,111.12000274658203,108.83000183105469,110.0199966430664,5050200
2016-02-09,109.37000274658203,112.27999877929688,109.13999938964844,111.16000366210938,3680200
2016-02-10,111.33000183105469,114.4800033569336,111.33000183105469,112.73999786376953,3023200
2016-02-11,111.31999969482422,111.69000244140625,110.08999633789062,110.62000274658203,3955000
2016-02-12,111.19999694824219,111.91000366210938,110.20999908447266,111.81999969482422,2552100
2016-02-16,112.62999725341797,115.2699966430664,112.52999877929688,115.1500015258789,3445700
2016-02-17,115.5,118.38999938964844,115.19999694824219,118.30000305175781,4466000
2016-02-18,118.5,120.0,117.05999755859375,117.44999694824219,3847100
2016-02-19,117.5,118.55000305175781,116.0199966430664,117.68000030517578,4481400
2016-02-22,119.0999984741211,122.13999938964844,118.95999908447266,121.2699966430664,5054800
2016-02-23,120.63999938964844,121.80000305175781,120.2699966430664,121.1500015258789,2804400
2016-02-24,119.93000030517578,120.31999969482422,117.83000183105469,120.19999694824219,2559700
2016-02-25,120.19999694824219,121.2300033569336,119.81999969482422,121.19999694824219,2281700
2016-02-26,121.4800033569336,122.26000213623047,120.88999938964844,121.33000183105469,2877500
2016-02-29,121.0999984741211,121.81999969482422,118.97000122070312,119.0999984741211,4526300
2016-03-01,119.48999786376953,122.22000122070312,119.37000274658203,121.66999816894531,3295600
2016-03-02,121.2300033569336,121.83999633789062,120.37000274658203,121.2699966430664,2670900
2016-03-03,120.86000061035156,121.86000061035156,120.08999633789062,121.81999969482422,3064100
2016-03-04,121.31999969482422,122.19000244140625,120.73999786376953,121.80000305175781,2873900
2016-03-07,121.08000183105469,122.73999786376953,120.9000015258789,121.76000213623047,2315400
2016-03-08,121.27999877929688,122.31999969482422,120.7300033569336,121.66000366210938,2522000
2016-03-09,121.87999725341797,122.12000274658203,120.44999694824219,121.0999984741211,2094000
2016-03-10,121.19999694824219,122.76000213623047,120.41000366210938,122.08999633789062,2638200
2016-03-11,122.47000122070312,125.31999969482422,122.25,125.0999984741211,3766200
2016-03-14,124.80000305175781,126.0199966430664,124.36000061035156,125.22000122070312,2856400
2016-03-15,124.54000091552734,125.47000122070312,124.08000183105469,124.8499984741211,2610300
2016-03-16,124.38999938964844,125.55000305175781,124.0999984741211,124.9000015258789,2140900
2016-03-17,124.61000061035156,124.95999908447266,122.22000122070312,124.52999877929688,3911400
2016-03-18,124.86000061035156,127.08000183105469,124.52999877929688,126.72000122070312,6948400
2016-03-21,126.23999786376953,127.0,125.68000030517578,126.73999786376953,2667000
2016-03-22,126.6500015258789,128.82000732421875,126.0199966430664,128.02000427246094,3984000
2016-03-23,128.14999389648438,130.35000610351562,128.02000427246094,129.7899932861328,6166400
2016-03-24,128.97000122070312,130.32000732421875,127.16999816894531,128.58999633789062,4153900
2016-03-28,128.82000732421875,129.5,128.00999450683594,128.9199981689453,1955100
2016-03-29,129.27000427246094,130.08999633789062,128.5399932861328,129.8300018310547,2463100
2016-03-30,130.08999633789062,131.10000610351562,129.38999938964844,129.67999267578125,2578500
2016-03-31,129.63999938964844,129.97000122070312,128.2899932861328,128.89999389648438,3181800
2016-04-01,128.69000244140625,130.44000244140625,128.36000061035156,129.9199981689453,3901700
2016-04-04,130.5,130.6999969482422,128.8800048828125,129.49000549316406,2812400
2016-04-05,128.9499969482422,129.4600067138672,126.9000015258789,127.04000091552734,4440000
2016-04-06,127.2300033569336,128.4199981689453,126.87999725341797,128.02999877929688,3021400
2016-04-07,127.51000213623047,128.44000244140625,126.2300033569336,126.87000274658203,3186600
2016-04-08,127.19000244140625,128.14999389648438,125.26000213623047,125.68000030517578,3642300
2016-04-11,125.83000183105469,126.94000244140625,125.83000183105469,126.33000183105469,3119200
2016-04-12,126.30000305175781,127.36000061035156,125.4000015258789,126.80000305175781,2887200
2016-04-13,127.6500015258789,128.66000366210938,127.2699966430664,127.76000213623047,2592400
2016-04-14,127.72000122070312,128.57000732421875,127.55999755859375,127.9800033569336,1674600
2016-04-15,127.88999938964844,128.05999755859375,126.22000122070312,127.33000183105469,2835200
2016-04-18,126.87999725341797,128.02999877929688,126.5999984741211,127.80999755859375,2717400
2016-04-19,130.08999633789062,131.3000030517578,129.1199951171875,130.5,4340100
2016-04-20,131.2899932861328,135.11000061035156,130.89999389648438,133.92999267578125,7321000
2016-04-21,133.55999755859375,134.0,132.42999267578125,132.9600067138672,3786000
2016-04-22,133.72000122070312,134.3300018310547,133.0500030517578,134.1300048828125,2782800
2016-04-25,133.7100067138672,134.07000732421875,132.58999633789062,133.77999877929688,2702100
2016-04-26,133.97000122070312,134.61000061035156,133.0,134.24000549316406,2638000
2016-04-27,134.33999633789062,134.5800018310547,131.89999389648438,132.8000030517578,3358800
2016-04-28,132.7899932861328,134.38999938964844,131.69000244140625,132.07000732421875,3332800
2016-04-29,131.05999755859375,131.8800048828125,128.92999267578125,131.67999267578125,4161100
2016-05-02,132.61000061035156,132.92999267578125,130.9199981689453,132.10000610351562,2887700
2016-05-03,131.3699951171875,133.22999572753906,131.1300048828125,132.4600067138672,3632300
2016-05-04,131.02000427246094,132.41000366210938,130.58999633789062,132.02999877929688,2909300
2016-05-05,132.0500030517578,133.27999877929688,131.85000610351562,132.30999755859375,2054700
2016-05-06,132.08999633789062,132.27999877929688,130.60000610351562,132.0399932861328,2618600
2016-05-09,131.75,133.58999633789062,131.57000732421875,132.6699981689453,2191800
2016-05-10,132.9199981689453,133.60000610351562,132.5800018310547,133.57000732421875,2223500
2016-05-11,133.74000549316406,134.0,130.5800018310547,130.69000244140625,3450800
2016-05-12,131.0,131.2899932861328,128.75,129.74000549316406,3210400
2016-05-13,129.10000610351562,130.02999877929688,128.5500030517578,129.0,3137300
2016-05-16,128.75,130.86000061035156,128.52999877929688,130.63999938964844,2466000
2016-05-17,130.57000732421875,131.22000122070312,128.99000549316406,129.55999755859375,2294500
2016-05-18,129.11000061035156,131.27000427246094,128.92999267578125,130.50999450683594,2246400
2016-05-19,129.69000244140625,131.1199951171875,128.75999450683594,130.0,2756000
2016-05-20,130.6300048828125,131.7899932861328,130.1999969482422,130.94000244140625,2538100
2016-05-23,130.1300048828125,131.1999969482422,130.00999450683594,130.4199981689453,3036500
2016-05-24,130.75999450683594,132.99000549316406,130.30999755859375,132.58999633789062,2702400
2016-05-25,133.2100067138672,134.3000030517578,132.77999877929688,133.4199981689453,2211300
2016-05-26,133.5,133.9600067138672,132.66000366210938,132.97999572753906,1499300
2016-05-27,132.97999572753906,134.52999877929688,132.9600067138672,134.0,1833400
2016-05-31,134.60000610351562,134.75,133.47999572753906,133.6699981689453,3634100
2016-06-01,133.5800018310547,134.85000610351562,133.02000427246094,134.52999877929688,2618000
2016-06-02,134.25999450683594,136.14999389648438,134.00999450683594,136.0399932861328,4015000
2016-06-03,135.61000061035156,137.1199951171875,135.14999389648438,136.83999633789062,3625600
2016-06-06,136.9199981689453,138.38999938964844,136.50999450683594,138.14999389648438,2959900
2016-06-07,138.16000366210938,138.5,136.8800048828125,136.94000244140625,2943200
2016-06-08,137.27000427246094,140.88999938964844,137.0,140.39999389648438,6180800
2016-06-09,140.49000549316406,140.8699951171875,139.5399932861328,140.67999267578125,3682400
2016-06-10,140.25,140.38999938964844,138.63999938964844,139.24000549316406,2805800
2016-06-13,139.0,140.1300048828125,138.0800018310547,138.08999633789062,2804300
2016-06-14,137.8800048828125,138.25999450683594,137.33999633789062,137.8699951171875,2970700
2016-06-15,137.74000549316406,138.1699981689453,137.0500030517578,137.25999450683594,2369400
2016-06-16,137.2100067138672,138.88999938964844,136.3800048828125,138.66000366210938,3176100
2016-06-17,138.75999450683594,138.85000610351562,136.5500030517578,137.69000244140625,4430900
2016-06-20,139.22000122070312,139.83999633789062,138.13999938964844,138.52000427246094,3731700
2016-06-21,139.1999969482422,139.22999572753906,138.07000732421875,138.19000244140625,2021400
2016-06-22,138.4499969482422,139.5399932861328,137.6300048828125,137.89999389648438,2375200
2016-06-23,139.35000610351562,139.97999572753906,138.00999450683594,139.19000244140625,2646800
2016-06-24,135.66000366210938,138.6199951171875,135.14999389648438,137.2899932861328,4475100
2016-06-27,136.14999389648438,137.38999938964844,135.47999572753906,137.11000061035156,3996200
2016-06-28,138.2100067138672,139.08999633789062,137.64999389648438,138.7100067138672,4160200
2016-06-29,139.8000030517578,140.67999267578125,139.60000610351562,140.52000427246094,3704500
2016-06-30,140.67999267578125,141.30999755859375,140.24000549316406,141.1999969482422,4730800
2016-07-01,141.16000366210938,141.7899932861328,140.6199951171875,140.86000061035156,2882500
2016-07-05,140.14999389648438,141.91000366210938,140.02999877929688,141.55999755859375,3749300
2016-07-06,140.97999572753906,142.9600067138672,140.97000122070312,142.3800048828125,4083300
2016-07-07,142.3699951171875,142.66000366210938,139.9499969482422,140.8000030517578,3515500
2016-07-08,141.6999969482422,141.77999877929688,139.5500030517578,141.27000427246094,3605500
2016-07-11,141.27000427246094,141.60000610351562,140.00999450683594,140.32000732421875,4084000
2016-07-12,140.88999938964844,140.9499969482422,139.3699951171875,139.86000061035156,4310100
2016-07-13,140.9600067138672,141.58999633789062,139.9199981689453,141.47999572753906,3164700
2016-07-14,142.38999938964844,142.85000610351562,140.47000122070312,140.83999633789062,3000700
2016-07-15,141.64999389648438,142.77999877929688,141.05999755859375,141.3300018310547,3748700
2016-07-18,141.75999450683594,141.89999389648438,139.6199951171875,140.75,4166300
2016-07-19,140.75,142.6300048828125,139.32000732421875,142.58999633789062,5326200
2016-07-20,143.47000122070312,144.47999572753906,142.80999755859375,143.02000427246094,5489800
2016-07-21,142.7100067138672,143.72999572753906,142.1300048828125,142.8699951171875,3475100
2016-07-22,143.69000244140625,144.0500030517578,142.9199981689453,143.69000244140625,2697500
2016-07-25,143.5500030517578,143.88999938964844,141.41000366210938,141.72999572753906,2725600
2016-07-26,141.94000244140625,142.19000244140625,141.02000427246094,141.6999969482422,2668100
2016-07-27,141.1699981689453,142.33999633789062,139.91000366210938,141.67999267578125,2684100
2016-07-28,141.36000061035156,143.02999877929688,141.19000244140625,142.75999450683594,2517000
2016-07-29,141.85000610351562,143.89999389648438,141.60000610351562,143.1999969482422,3269700
2016-08-01,143.4199981689453,144.16000366210938,143.0399932861328,143.50999450683594,2494900
2016-08-02,143.80999755859375,143.97000122070312,142.33999633789062,143.1699981689453,2679100
2016-08-03,143.3300018310547,143.6199951171875,142.42999267578125,142.8800048828125,1963600
2016-08-04,143.10000610351562,143.47999572753906,142.25999450683594,142.7100067138672,1890900
2016-08-05,143.3300018310547,143.5399932861328,142.39999389648438,142.99000549316406,2000100
2016-08-08,142.61000061035156,143.07000732421875,141.86000061035156,142.1300048828125,1846400
2016-08-09,142.5500030517578,143.1300048828125,141.67999267578125,141.82000732421875,2140700
2016-08-10,141.8699951171875,142.33999633789062,140.92999267578125,142.19000244140625,1866300
2016-08-11,142.24000549316406,143.05999755859375,141.44000244140625,142.6300048828125,1857500
2016-08-12,142.16000366210938,143.13999938964844,141.5,142.8800048828125,1787900
2016-08-15,142.9600067138672,143.11000061035156,141.49000549316406,141.6199951171875,2369600
2016-08-16,141.14999389648438,141.6199951171875,140.3300018310547,141.0800018310547,1688500
2016-08-17,141.2899932861328,141.91000366210938,140.66000366210938,141.7100067138672,1849100
2016-08-18,141.6699981689453,142.83999633789062,141.27000427246094,142.1699981689453,1572700
2016-08-19,141.64999389648438,142.25,141.22000122070312,142.0399932861328,1950200
2016-08-22,142.11000061035156,143.0,141.7100067138672,142.08999633789062,1587900
2016-08-23,142.72999572753906,142.8699951171875,141.75,142.00999450683594,2295500
2016-08-24,142.0,142.0800018310547,139.50999450683594,139.8699951171875,2529800
2016-08-25,139.75,139.75,137.02999877929688,137.3000030517578,3891000
2016-08-26,137.6699981689453,138.3000030517578,135.99000549316406,136.6199951171875,3082400
2016-08-29,137.1999969482422,138.0399932861328,136.47999572753906,137.27000427246094,2315900
2016-08-30,137.27000427246094,137.69000244140625,136.24000549316406,136.8699951171875,2026600
2016-08-31,136.5500030517578,136.82000732421875,135.5500030517578,136.0500030517578,2837300
2016-09-01,136.82000732421875,136.97999572753906,135.35000610351562,135.74000549316406,2765400
2016-09-02,136.5,136.77999877929688,135.75999450683594,136.61000061035156,2390500
2016-09-06,136.6199951171875,136.85000610351562,135.6300048828125,135.97000122070312,2242400
2016-09-07,135.0,135.9600067138672,134.1999969482422,134.99000549316406,2816300
2016-09-08,134.47000122070312,135.6199951171875,134.41000366210938,135.44000244140625,2826700
2016-09-09,134.7100067138672,135.14999389648438,133.6199951171875,133.6199951171875,3322300
2016-09-12,132.7100067138672,135.72000122070312,132.38999938964844,135.52999877929688,3457400
2016-09-13,134.24000549316406,135.14999389648438,133.3699951171875,133.9499969482422,3331500
2016-09-14,133.8699951171875,134.69000244140625,132.97999572753906,133.69000244140625,4592400
2016-09-15,133.02999877929688,136.08999633789062,132.8800048828125,135.61000061035156,3302900
2016-09-16,135.61000061035156,138.5500030517578,135.52999877929688,138.47000122070312,7421900
2016-09-19,138.67999267578125,139.38999938964844,137.52000427246094,137.67999267578125,3239500
2016-09-20,138.1300048828125,138.52999877929688,137.05999755859375,137.47000122070312,2425700
2016-09-21,138.1999969482422,139.9600067138672,137.99000549316406,139.91000366210938,3506600
2016-09-22,140.49000549316406,141.41000366210938,140.3300018310547,141.0399932861328,3018300
2016-09-23,141.02000427246094,141.77999877929688,140.36000061035156,140.50999450683594,2802000
2016-09-26,139.9499969482422,140.1699981689453,138.89999389648438,139.72000122070312,2636500
2016-09-27,139.99000549316406,140.83999633789062,138.69000244140625,140.7899932861328,3048600
2016-09-28,141.1300048828125,141.7100067138672,139.66000366210938,140.41000366210938,1990400
2016-09-29,140.17999267578125,140.27999877929688,137.83999633789062,138.32000732421875,2201000
2016-09-30,139.17999267578125,140.47999572753906,138.4199981689453,140.0,4164100
2016-10-03,139.35000610351562,139.72000122070312,138.02999877929688,138.49000549316406,2724400
2016-10-04,138.69000244140625,139.36000061035156,137.16000366210938,138.16000366210938,2452600
2016-10-05,138.2100067138672,138.92999267578125,136.60000610351562,137.60000610351562,4625600
2016-10-06,137.30999755859375,137.49000549316406,135.66000366210938,136.47000122070312,4025300
2016-10-07,137.2100067138672,137.5500030517578,135.97999572753906,136.66000366210938,2568700
2016-10-10,136.97000122070312,138.35000610351562,136.97000122070312,138.0800018310547,2586000
2016-10-11,137.32000732421875,137.69000244140625,134.3699951171875,134.75,3353600
2016-10-12,134.97999572753906,135.72000122070312,133.63999938964844,135.10000610351562,4287900
2016-10-13,134.64999389648438,134.64999389648438,133.61000061035156,134.19000244140625,3425700
2016-10-14,134.77999877929688,135.50999450683594,133.88999938964844,133.9199981689453,3452900
2016-10-17,134.05999755859375,134.42999267578125,133.02999877929688,134.1300048828125,3602500
2016-10-18,139.1999969482422,143.9499969482422,137.8699951171875,143.38999938964844,10141900
2016-10-19,143.82000732421875,146.36000061035156,142.82000732421875,144.3699951171875,5796000
2016-10-20,144.49000549316406,145.8800048828125,143.97999572753906,145.07000732421875,5203700
2016-10-21,144.25999450683594,145.44000244140625,143.75999450683594,145.3699951171875,3331800
2016-10-24,146.0,146.22000122070312,144.02000427246094,144.69000244140625,2930200
2016-10-25,144.8800048828125,145.3800048828125,143.60000610351562,143.77999877929688,3095400
2016-10-26,143.75,143.77999877929688,141.88999938964844,142.22999572753906,3267600
2016-10-27,142.72000122070312,143.25,141.5800018310547,141.94000244140625,3358000
2016-10-28,141.66000366210938,142.35000610351562,139.44000244140625,140.35000610351562,4033600
2016-10-31,140.8000030517578,141.5399932861328,139.97000122070312,141.3300018310547,3761100
2016-11-01,141.50999450683594,141.50999450683594,138.82000732421875,139.42999267578125,3391400
2016-11-02,139.02000427246094,141.22999572753906,138.92999267578125,138.97999572753906,3149700
2016-11-03,139.17999267578125,140.33999633789062,137.64999389648438,137.8300018310547,2989700
2016-11-04,138.4499969482422,138.88999938964844,137.69000244140625,137.7100067138672,3520700
2016-11-07,139.60000610351562,142.44000244140625,139.5500030517578,141.92999267578125,3896600
2016-11-08,141.35000610351562,143.61000061035156,141.0,142.89999389648438,4389300
2016-11-09,139.5399932861328,144.19000244140625,136.22000122070312,141.89999389648438,8042400
2016-11-10,142.33999633789062,146.57000732421875,142.0,146.1300048828125,6075500
2016-11-11,146.7100067138672,147.5,146.00999450683594,146.4199981689453,4475400
2016-11-14,147.32000732421875,152.9199981689453,147.0399932861328,152.27999877929688,5740400
2016-11-15,153.50999450683594,153.9600067138672,151.50999450683594,152.22999572753906,4910700
2016-11-16,151.99000549316406,153.0,151.22999572753906,151.5,3899000
2016-11-17,151.82000732421875,151.9199981689453,150.19000244140625,150.77000427246094,4683000
2016-11-18,151.0500030517578,151.66000366210938,149.39999389648438,149.4499969482422,5664800
2016-11-21,149.72000122070312,150.66000366210938,148.55999755859375,150.41000366210938,3867800
2016-11-22,151.0800018310547,152.92999267578125,150.55999755859375,152.25999450683594,4992100
2016-11-23,152.00999450683594,153.74000549316406,150.9600067138672,153.5399932861328,2697200
2016-11-25,153.92999267578125,154.5,152.61000061035156,152.80999755859375,1664500
2016-11-28,152.74000549316406,152.85000610351562,150.0,152.11000061035156,5029600
2016-11-29,156.94000244140625,158.1199951171875,155.17999267578125,157.58999633789062,5827400
2016-11-30,157.47000122070312,159.75999450683594,157.07000732421875,158.32000732421875,7142400
2016-12-01,159.1199951171875,161.72000122070312,159.1199951171875,160.94000244140625,5250200
2016-12-02,161.0,162.52000427246094,160.55999755859375,160.72999572753906,3480000
2016-12-05,160.19000244140625,160.6699981689453,156.22999572753906,157.6300048828125,5854200
2016-12-06,158.1699981689453,158.22999572753906,156.25999450683594,157.32000732421875,3216700
2016-12-07,157.88999938964844,159.97999572753906,156.35000610351562,159.39999389648438,4552300
2016-12-08,159.41000366210938,160.24000549316406,158.0,159.32000732421875,3407500
2016-12-09,159.52000427246094,160.16000366210938,157.7100067138672,160.1199951171875,4007200
2016-12-12,158.8300018310547,159.66000366210938,157.75,159.49000549316406,3471200
2016-12-13,160.39999389648438,161.7100067138672,160.07000732421875,160.5399932861328,3868900
2016-12-14,161.13999938964844,161.8000030517578,158.72000122070312,159.86000061035156,3885700
2016-12-15,159.8699951171875,161.2899932861328,159.42999267578125,160.6199951171875,4422700
2016-12-16,161.3800048828125,164.0,161.19000244140625,163.94000244140625,7605300
2016-12-19,163.08999633789062,163.94000244140625,161.22000122070312,161.5399932861328,4732600
2016-12-20,161.7100067138672,163.11000061035156,161.41000366210938,161.58999633789062,3131200
2016-12-21,161.4199981689453,162.2899932861328,159.6199951171875,161.3300018310547,2767700
2016-12-22,161.38999938964844,161.8800048828125,160.27000427246094,161.5800018310547,2741700
2016-12-23,161.55999755859375,163.0399932861328,160.5500030517578,163.02999877929688,2044400
2016-12-27,163.25999450683594,163.9600067138672,162.4499969482422,162.63999938964844,1344000
2016-12-28,162.16000366210938,163.25,161.32000732421875,161.44000244140625,1669100
2016-12-29,161.9199981689453,162.36000061035156,160.38999938964844,161.0399932861328,2476300
2016-12-30,161.3699951171875,161.47999572753906,159.85000610351562,160.0399932861328,2855600
2017-01-03,161.1300048828125,162.27000427246094,159.14999389648438,161.4499969482422,3539700
2017-01-04,162.35000610351562,162.5800018310547,159.74000549316406,161.91000366210938,2695200
2017-01-05,161.75,162.6300048828125,161.50999450683594,162.17999267578125,2961100
2017-01-06,161.75,162.94000244140625,161.11000061035156,162.41000366210938,3081300
2017-01-09,162.0,162.42999267578125,160.77999877929688,161.9499969482422,3040800
2017-01-10,161.27000427246094,162.97999572753906,160.5,161.5800018310547,3500700
2017-01-11,161.3000030517578,162.94000244140625,160.61000061035156,161.88999938964844,3330600
2017-01-12,161.69000244140625,162.94000244140625,160.88999938964844,162.36000061035156,2555900
2017-01-13,162.16000366210938,162.74000549316406,161.41000366210938,161.8000030517578,3183300
2017-01-17,162.61000061035156,162.97000122070312,157.50999450683594,160.66000366210938,5475800
2017-01-18,161.05999755859375,161.1999969482422,156.08999633789062,157.74000549316406,6591600
2017-01-19,157.74000549316406,160.5500030517578,157.24000549316406,158.6999969482422,4976900
2017-01-20,159.02000427246094,159.8000030517578,157.80999755859375,158.66000366210938,3579100
2017-01-23,158.6199951171875,159.52000427246094,156.55999755859375,159.07000732421875,4062600
2017-01-24,159.36000061035156,161.30999755859375,159.10000610351562,160.42999267578125,3514100
2017-01-25,160.82000732421875,161.97999572753906,160.35000610351562,161.24000549316406,3605800
2017-01-26,161.86000061035156,163.5800018310547,161.25,162.75,4202400
2017-01-27,163.5,163.8000030517578,162.6199951171875,162.99000549316406,3110400
2017-01-30,162.94000244140625,163.4600067138672,161.30999755859375,162.08999633789062,2784600
2017-01-31,161.6199951171875,162.19000244140625,160.00999450683594,162.10000610351562,3037000
2017-02-01,162.75,163.89999389648438,162.02999877929688,162.7100067138672,3718500
2017-02-02,162.52000427246094,163.25,160.25999450683594,160.75999450683594,4714000
2017-02-03,161.1300048828125,162.0,160.2100067138672,161.8699951171875,2762300
2017-02-06,161.50999450683594,162.52999877929688,160.22000122070312,160.50999450683594,3479400
2017-02-07,161.0500030517578,161.67999267578125,159.5399932861328,160.52999877929688,2942700
2017-02-08,160.0,160.6300048828125,159.41000366210938,160.30999755859375,2339700
2017-02-09,160.30999755859375,161.3000030517578,159.55999755859375,160.44000244140625,3056800
2017-02-10,160.1199951171875,161.58999633789062,160.10000610351562,160.75,1905900
2017-02-13,160.69000244140625,162.02000427246094,160.69000244140625,161.99000549316406,3275800
2017-02-14,161.4499969482422,163.5,161.25,163.1300048828125,2969400
2017-02-15,162.5800018310547,164.88999938964844,162.5800018310547,164.2899932861328,4537900
2017-02-16,164.77999877929688,164.97000122070312,162.3300018310547,163.64999389648438,3191600
2017-02-17,159.0,160.16000366210938,156.49000549316406,157.6199951171875,12033600
2017-02-21,157.6199951171875,160.82000732421875,157.52000427246094,160.57000732421875,5419000
2017-02-22,160.91000366210938,161.77999877929688,159.63999938964844,160.57000732421875,2725300
2017-02-23,161.3300018310547,162.60000610351562,160.69000244140625,162.60000610351562,2459600
2017-02-24,162.6699981689453,163.08999633789062,161.74000549316406,163.05999755859375,2715700
2017-02-27,163.16000366210938,165.4600067138672,162.80999755859375,165.3800048828125,4071800
2017-02-28,165.47000122070312,166.75999450683594,164.89999389648438,165.3800048828125,4382100
2017-03-01,166.72000122070312,168.60000610351562,166.35000610351562,167.94000244140625,3514200
2017-03-02,168.32000732421875,168.42999267578125,166.9600067138672,167.30999755859375,1889800
2017-03-03,167.30999755859375,168.4499969482422,166.6199951171875,168.1999969482422,2254400
2017-03-06,167.42999267578125,169.35000610351562,167.1300048828125,168.6999969482422,2576500
2017-03-07,168.4499969482422,169.36000061035156,167.92999267578125,168.3000030517578,2702300
2017-03-08,167.50999450683594,168.4600067138672,166.8000030517578,167.91000366210938,2048200
2017-03-09,168.14999389648438,169.07000732421875,167.74000549316406,168.00999450683594,3631400
2017-03-10,168.4199981689453,170.0,168.05999755859375,169.97999572753906,3716600
2017-03-13,169.99000549316406,170.92999267578125,169.5500030517578,170.2100067138672,3130200
2017-03-14,169.66000366210938,170.17999267578125,168.5,169.05999755859375,2522600
2017-03-15,169.36000061035156,171.97000122070312,169.2899932861328,171.77999877929688,2807600
2017-03-16,172.07000732421875,172.13999938964844,170.22000122070312,171.3000030517578,3138600
2017-03-17,171.08999633789062,171.5399932861328,169.58999633789062,169.6999969482422,5622900
2017-03-20,169.92999267578125,170.24000549316406,167.9199981689453,168.0,3928600
2017-03-21,168.6699981689453,168.82000732421875,167.05999755859375,167.6999969482422,4953100
2017-03-22,168.1300048828125,168.3800048828125,165.6300048828125,167.02999877929688,2999800
2017-03-23,166.22999572753906,166.92999267578125,164.77000427246094,165.2899932861328,3947400
2017-03-24,166.1300048828125,167.39999389648438,164.35000610351562,165.0,5243900
2017-03-27,163.99000549316406,165.11000061035156,163.30999755859375,164.60000610351562,4383000
2017-03-28,164.5800018310547,166.07000732421875,163.83999633789062,165.35000610351562,7327100
2017-03-29,164.66000366210938,164.97000122070312,162.74000549316406,163.44000244140625,5900400
2017-03-30,163.64999389648438,165.92999267578125,163.4600067138672,164.99000549316406,2993800
2017-03-31,164.63999938964844,165.10000610351562,163.75,164.00999450683594,3496100
2017-04-03,164.6199951171875,166.13999938964844,164.25,165.58999633789062,3473700
2017-04-04,165.8699951171875,166.4499969482422,164.7899932861328,164.97000122070312,2886000
2017-04-05,165.75999450683594,167.25999450683594,165.22000122070312,165.3699951171875,3541600
2017-04-06,165.4499969482422,166.02000427246094,164.83999633789062,165.33999633789062,2923600
2017-04-07,164.9600067138672,166.5,164.6199951171875,166.02000427246094,2927800
2017-04-10,166.19000244140625,167.0,165.27999877929688,165.47999572753906,3234900
2017-04-11,164.88999938964844,165.83999633789062,164.60000610351562,165.8300018310547,3172900
2017-04-12,166.32000732421875,166.4199981689453,164.60000610351562,165.55999755859375,2978700
2017-04-13,164.9499969482422,165.64999389648438,164.6699981689453,164.9600067138672,1979800
2017-04-17,164.99000549316406,167.4199981689453,164.9600067138672,167.17999267578125,4396700
2017-04-18,170.05999755859375,170.22999572753906,167.6999969482422,168.58999633789062,5526200
2017-04-19,169.58999633789062,171.19000244140625,168.69000244140625,169.25,4703400
2017-04-20,169.52000427246094,172.19000244140625,168.3699951171875,171.5399932861328,3652100
2017-04-21,172.1300048828125,172.6199951171875,170.47000122070312,171.16000366210938,2982300
2017-04-24,172.66000366210938,173.16000366210938,171.6999969482422,172.3300018310547,2830300
2017-04-25,173.5,174.74000549316406,173.19000244140625,174.0399932861328,3394700
2017-04-26,174.08999633789062,175.64999389648438,173.97999572753906,174.3800048828125,2817500
2017-04-27,174.07000732421875,176.07000732421875,174.02000427246094,174.6300048828125,2438600
2017-04-28,174.61000061035156,175.0,173.91000366210938,174.8800048828125,2010800
2017-05-01,175.0,176.13999938964844,174.08999633789062,174.58999633789062,2709700
2017-05-02,174.91000366210938,175.3699951171875,170.27000427246094,174.13999938964844,4951000
2017-05-03,173.75,174.3000030517578,171.86000061035156,172.5399932861328,3622200
2017-05-04,173.0500030517578,174.2100067138672,172.3800048828125,174.02000427246094,2585200
2017-05-05,174.5399932861328,174.8800048828125,173.30999755859375,174.1199951171875,2189000
2017-05-08,173.92999267578125,174.55999755859375,173.57000732421875,174.44000244140625,2505900
2017-05-09,174.10000610351562,174.77000427246094,172.72999572753906,173.24000549316406,1653700
2017-05-10,173.0399932861328,173.63999938964844,172.4600067138672,173.38999938964844,1568700
2017-05-11,172.75999450683594,173.86000061035156,171.6699981689453,173.32000732421875,1901300
2017-05-12,172.63999938964844,173.38999938964844,171.52000427246094,171.80999755859375,2335400
2017-05-15,171.7899932861328,172.0,170.22999572753906,171.52999877929688,2831400
2017-05-16,170.6699981689453,171.0,167.25,168.1199951171875,4343700
2017-05-17,168.1199951171875,170.38999938964844,166.64999389648438,168.86000061035156,4442300
2017-05-18,168.25,173.97999572753906,167.8699951171875,171.4499969482422,3908000
2017-05-19,172.3000030517578,172.9499969482422,170.25,172.58999633789062,3877300
2017-05-22,172.72999572753906,174.89999389648438,172.60000610351562,174.6999969482422,3480300
2017-05-23,174.44000244140625,175.52000427246094,173.7100067138672,175.22000122070312,2471500
2017-05-24,175.4499969482422,176.10000610351562,174.52000427246094,175.58999633789062,1612300
2017-05-25,176.32000732421875,178.72999572753906,175.94000244140625,178.0500030517578,3212200
2017-05-26,177.67999267578125,178.88999938964844,177.0,177.5,1583600
2017-05-30,177.5399932861328,178.0800018310547,176.24000549316406,176.58999633789062,2285700
2017-05-31,176.88999938964844,176.89999389648438,174.9199981689453,175.17999267578125,3320400
2017-06-01,175.77999877929688,179.5800018310547,175.19000244140625,179.5800018310547,2890600
2017-06-02,179.9199981689453,179.9199981689453,178.33999633789062,179.38999938964844,2610100
2017-06-05,179.52999877929688,180.32000732421875,179.16000366210938,179.3699951171875,2640600
2017-06-06,179.19000244140625,181.05999755859375,178.47999572753906,180.82000732421875,3443900
2017-06-07,182.0,183.47000122070312,179.64999389648438,183.2100067138672,3783600
2017-06-08,183.2100067138672,183.75999450683594,180.97999572753906,181.69000244140625,3079900
2017-06-09,181.83999633789062,182.39999389648438,180.86000061035156,181.4600067138672,2392200
2017-06-12,181.4600067138672,181.82000732421875,176.4199981689453,179.25,3705600
2017-06-13,179.2100067138672,181.38999938964844,179.14999389648438,181.0500030517578,2458500
2017-06-14,180.94000244140625,182.83999633789062,180.94000244140625,182.36000061035156,2039300
2017-06-15,181.75,183.5,180.08999633789062,180.3800048828125,3078700
2017-06-16,180.8300018310547,182.4600067138672,180.3800048828125,181.6300048828125,4473300
2017-06-19,182.3000030517578,183.02000427246094,180.75999450683594,183.02000427246094,3887100
2017-06-20,182.75,183.4199981689453,182.22000122070312,183.27000427246094,2742600
2017-06-21,183.49000549316406,185.11000061035156,182.7100067138672,184.9199981689453,2866300
2017-06-22,184.89999389648438,188.66000366210938,184.77999877929688,186.5,3841300
2017-06-23,186.27000427246094,186.27000427246094,184.13999938964844,185.25,3438500
2017-06-26,185.1300048828125,185.88999938964844,183.38999938964844,185.1199951171875,2327400
2017-06-27,185.72000122070312,186.8000030517578,184.22000122070312,184.60000610351562,2682800
2017-06-28,185.67999267578125,186.30999755859375,185.08999633789062,185.6999969482422,2451200
2017-06-29,185.82000732421875,186.08999633789062,184.3300018310547,185.27000427246094,2193600
2017-06-30,185.14999389648438,186.19000244140625,184.92999267578125,185.4199981689453,2392000
2017-07-03,186.2899932861328,187.52999877929688,185.74000549316406,186.64999389648438,2087000
2017-07-05,186.13999938964844,188.36000061035156,185.72000122070312,188.25,2587400
2017-07-06,188.1199951171875,188.19000244140625,186.14999389648438,186.94000244140625,1844700
2017-07-07,187.35000610351562,188.42999267578125,187.00999450683594,187.9600067138672,2252500
2017-07-10,187.3300018310547,188.0,186.14999389648438,186.9499969482422,2612000
2017-07-11,187.0,187.66000366210938,185.08999633789062,185.9499969482422,2664500
2017-07-12,186.7899932861328,187.3000030517578,186.41000366210938,186.69000244140625,3342800
2017-07-13,187.0,187.27999877929688,185.32000732421875,185.47999572753906,2379300
2017-07-14,185.80999755859375,187.1300048828125,184.77000427246094,186.89999389648438,2716700
2017-07-17,187.07000732421875,187.25,185.75999450683594,186.35000610351562,2444600
2017-07-18,186.9499969482422,187.1999969482422,183.86000061035156,186.85000610351562,4235800
2017-07-19,187.50999450683594,189.41000366210938,187.50999450683594,189.19000244140625,3401600
2017-07-20,189.41000366210938,191.9199981689453,188.9199981689453,191.5,3099600
2017-07-21,191.3800048828125,193.0,190.60000610351562,191.77999877929688,4911500
2017-07-24,191.7899932861328,192.1699981689453,190.63999938964844,190.88999938964844,2356500
2017-07-25,192.1300048828125,192.47999572753906,190.3000030517578,190.39999389648438,1960100
2017-07-26,190.02000427246094,191.52999877929688,189.3800048828125,190.75,2683500
2017-07-27,190.24000549316406,190.49000549316406,188.4600067138672,188.92999267578125,2631400
2017-07-28,189.11000061035156,191.24000549316406,187.60000610351562,191.14999389648438,1925000
2017-07-31,191.58999633789062,192.61000061035156,191.13999938964844,191.80999755859375,3767100
2017-08-01,193.39999389648438,193.39999389648438,191.6199951171875,192.22999572753906,3336800
2017-08-02,192.13999938964844,193.4499969482422,192.13999938964844,193.0,2463800
2017-08-03,193.25999450683594,194.9600067138672,193.00999450683594,194.77000427246094,2886100
2017-08-04,194.9499969482422,196.0399932861328,194.60000610351562,194.8800048828125,2892300
2017-08-07,194.80999755859375,195.41000366210938,193.89999389648438,194.77999877929688,2074800
2017-08-08,194.67999267578125,194.99000549316406,194.0800018310547,194.89999389648438,1741000
2017-08-09,194.89999389648438,195.36000061035156,194.1699981689453,194.8300018310547,2125900
2017-08-10,194.25999450683594,194.38999938964844,192.39999389648438,192.57000732421875,2698600
2017-08-11,193.91000366210938,194.5399932861328,192.66000366210938,193.02000427246094,2210700
2017-08-14,194.60000610351562,194.75,192.89999389648438,193.7100067138672,2322000
2017-08-15,194.47000122070312,195.00999450683594,193.80999755859375,194.5,1595200
2017-08-16,194.80999755859375,195.27000427246094,192.8300018310547,193.77000427246094,1881600
2017-08-17,193.75,194.24000549316406,192.66000366210938,192.6999969482422,2440900
2017-08-18,192.83999633789062,193.1999969482422,190.6300048828125,190.82000732421875,2858500
2017-08-21,190.8800048828125,192.30999755859375,190.8800048828125,192.02999877929688,1930500
2017-08-22,192.14999389648438,194.9600067138672,191.55999755859375,194.7899932861328,2021900
2017-08-23,194.5,194.58999633789062,193.72000122070312,194.24000549316406,1547000
2017-08-24,194.5500030517578,195.07000732421875,194.2100067138672,194.75,1923700
2017-08-25,195.3300018310547,195.5399932861328,194.13999938964844,194.36000061035156,1375000
2017-08-28,194.58999633789062,195.80999755859375,194.36000061035156,195.08999633789062,2009900
2017-08-29,194.8300018310547,197.0399932861328,194.3300018310547,196.72999572753906,2072200
2017-08-30,196.3800048828125,196.8800048828125,195.1999969482422,195.8800048828125,1506700
2017-08-31,196.92999267578125,199.49000549316406,196.38999938964844,198.89999389648438,2990200
2017-09-01,199.7899932861328,199.99000549316406,198.36000061035156,199.75,2241800
2017-09-05,199.1999969482422,200.44000244140625,198.7100067138672,199.30999755859375,2700800
2017-09-06,199.5399932861328,199.99000549316406,197.6300048828125,198.3800048828125,3040200
2017-09-07,197.77000427246094,199.47999572753906,197.07000732421875,198.1699981689453,2684600
2017-09-08,198.42999267578125,198.86000061035156,197.0,197.75,2206000
2017-09-11,199.25,200.4199981689453,198.77999877929688,199.5800018310547,3307900
2017-09-12,199.44000244140625,199.47000122070312,196.91000366210938,197.47000122070312,2554700
2017-09-13,197.8000030517578,200.75999450683594,197.77999877929688,198.3300018310547,2394400
2017-09-14,197.9499969482422,198.3800048828125,197.08999633789062,197.72999572753906,2378600
2017-09-15,198.52000427246094,199.7100067138672,197.1999969482422,198.17999267578125,4198700
2017-09-18,198.1699981689453,198.82000732421875,197.50999450683594,198.19000244140625,1915200
2017-09-19,198.44000244140625,198.60000610351562,192.38999938964844,194.64999389648438,3819000
2017-09-20,195.02000427246094,195.83999633789062,194.05999755859375,195.75,2788500
2017-09-21,195.6300048828125,196.1300048828125,194.89999389648438,195.2100067138672,1895000
2017-09-22,195.11000061035156,195.8699951171875,188.25,193.02999877929688,5660200
2017-09-25,193.27000427246094,196.30999755859375,190.9199981689453,191.75,3105900
2017-09-26,192.30999755859375,194.36000061035156,192.0399932861328,192.6999969482422,2775400
2017-09-27,193.1999969482422,195.6199951171875,191.74000549316406,194.49000549316406,3267200
2017-09-28,194.25,196.5500030517578,193.50999450683594,196.10000610351562,2088400
2017-09-29,195.82000732421875,196.08999633789062,194.47999572753906,195.85000610351562,2646300
2017-10-02,196.58999633789062,197.91000366210938,196.3300018310547,197.44000244140625,2893600
2017-10-03,197.5,199.44000244140625,197.25999450683594,198.6300048828125,2533800
2017-10-04,199.02999877929688,200.72999572753906,198.42999267578125,200.47999572753906,2286400
2017-10-05,199.92999267578125,199.92999267578125,196.55999755859375,197.89999389648438,4069000
2017-10-06,197.89999389648438,199.99000549316406,197.50999450683594,198.05999755859375,3361900
2017-10-09,198.00999450683594,198.32000732421875,195.77999877929688,196.3000030517578,3365400
2017-10-10,196.25999450683594,196.42999267578125,193.6699981689453,194.67999267578125,2499100
2017-10-11,194.6300048828125,196.07000732421875,193.58999633789062,195.25999450683594,2935600
2017-10-12,195.00999450683594,195.36000061035156,192.72999572753906,192.9199981689453,2954700
2017-10-13,189.58999633789062,192.7100067138672,186.0,192.52000427246094,5435000
2017-10-16,192.47999572753906,193.32000732421875,191.36000061035156,193.1999969482422,2927400
2017-10-17,196.8000030517578,206.6199951171875,196.3699951171875,203.88999938964844,8949700
2017-10-18,203.8000030517578,207.8000030517578,203.67999267578125,205.22999572753906,4796300
2017-10-19,205.47000122070312,205.75,202.6999969482422,203.25,3471800
2017-10-20,204.25999450683594,208.2100067138672,203.69000244140625,207.49000549316406,5138800
2017-10-23,207.5800018310547,208.4499969482422,205.8000030517578,207.00999450683594,2261400
2017-10-24,206.3800048828125,208.22999572753906,205.8800048828125,208.14999389648438,3459900
2017-10-25,208.32000732421875,209.13999938964844,207.07000732421875,207.55999755859375,2908300
2017-10-26,207.9199981689453,211.6999969482422,207.5800018310547,209.14999389648438,4346000
2017-10-27,209.14999389648438,212.77000427246094,208.5500030517578,212.60000610351562,4385300
2017-10-30,212.2100067138672,212.77000427246094,209.3800048828125,209.38999938964844,2477400
2017-10-31,209.38999938964844,210.52000427246094,207.8000030517578,210.22000122070312,3749600
2017-11-01,211.6199951171875,212.6300048828125,208.9199981689453,209.52999877929688,1902900
2017-11-02,210.11000061035156,211.49000549316406,209.00999450683594,211.10000610351562,2825900
2017-11-03,210.72000122070312,213.8300018310547,210.10000610351562,212.8699951171875,2196900
2017-11-06,211.91000366210938,213.92999267578125,211.8000030517578,212.1199951171875,2293700
2017-11-07,212.74000549316406,213.5399932861328,210.88999938964844,212.6999969482422,1845800
2017-11-08,212.0800018310547,212.92999267578125,210.6999969482422,210.77000427246094,2261100
2017-11-09,210.58999633789062,211.75999450683594,209.1300048828125,211.55999755859375,1839700
2017-11-10,211.4600067138672,211.80999755859375,210.1999969482422,211.07000732421875,1384700
2017-11-13,210.30999755859375,213.5399932861328,209.94000244140625,212.66000366210938,2662200
2017-11-14,212.2100067138672,212.6999969482422,210.9199981689453,211.7100067138672,1993900
2017-11-15,210.8800048828125,211.97999572753906,209.6199951171875,209.86000061035156,1816300
2017-11-16,210.3800048828125,212.00999450683594,209.89999389648438,211.1300048828125,1919600
2017-11-17,210.4600067138672,211.4600067138672,209.14999389648438,209.89999389648438,1887500
2017-11-20,210.0,210.67999267578125,209.5800018310547,210.25,2040400
2017-11-21,211.1300048828125,212.85000610351562,210.75,212.60000610351562,2327200
2017-11-22,212.25999450683594,212.80999755859375,210.75999450683594,211.22000122070312,2257800
2017-11-24,212.0,212.92999267578125,211.0,212.50999450683594,744000
2017-11-27,212.25,214.25,211.80999755859375,212.39999389648438,2856300
2017-11-28,213.8800048828125,216.30999755859375,212.50999450683594,216.13999938964844,2905700
2017-11-29,217.6999969482422,224.27000427246094,217.36000061035156,222.8800048828125,4247200
2017-11-30,223.8300018310547,228.75,222.2899932861328,228.1699981689453,6846400
2017-12-01,228.88999938964844,229.22000122070312,221.0800018310547,226.77999877929688,3325800
2017-12-04,229.25999450683594,231.77000427246094,221.39999389648438,221.4199981689453,5591500
2017-12-05,221.0,223.72000122070312,219.16000366210938,220.08999633789062,3246300
2017-12-06,221.02000427246094,221.9600067138672,219.02999877929688,219.94000244140625,2397500
2017-12-07,220.58999633789062,220.61000061035156,218.19000244140625,220.14999389648438,2661600
2017-12-08,220.5500030517578,224.3300018310547,220.22000122070312,223.91000366210938,2233300
2017-12-11,222.50999450683594,224.82000732421875,222.0399932861328,222.77000427246094,1599500
2017-12-12,221.39999389648438,223.4199981689453,221.25999450683594,222.49000549316406,2294100
2017-12-13,221.74000549316406,224.9499969482422,221.22999572753906,224.35000610351562,3059400
2017-12-14,225.0,226.97000122070312,221.00999450683594,221.25,2811700
2017-12-15,223.75,223.75,220.6300048828125,221.82000732421875,6293400
2017-12-18,222.60000610351562,224.80999755859375,222.19000244140625,222.6699981689453,3194100
2017-12-19,222.99000549316406,223.7899932861328,220.85000610351562,222.0399932861328,2340200
2017-12-20,223.11000061035156,224.88999938964844,221.72999572753906,222.3800048828125,2633200
2017-12-21,223.1199951171875,223.94000244140625,221.3699951171875,221.69000244140625,2955300
2017-12-22,222.0,222.35000610351562,218.4499969482422,220.0,1959700
2017-12-26,219.08999633789062,220.4199981689453,219.08999633789062,219.60000610351562,1482400
2017-12-27,219.97999572753906,221.44000244140625,219.25,220.4199981689453,1861900
2017-12-28,221.4600067138672,222.7899932861328,220.14999389648438,222.77000427246094,1452600
2017-12-29,223.9499969482422,223.9499969482422,220.4600067138672,220.4600067138672,2350200
2018-01-02,221.02000427246094,222.4499969482422,220.0,221.16000366210938,3485000
2018-01-03,221.6199951171875,223.80999755859375,220.52000427246094,223.47999572753906,2417600
2018-01-04,224.33999633789062,226.10000610351562,224.1699981689453,224.4499969482422,2749100
2018-01-05,225.19000244140625,229.0500030517578,224.72000122070312,228.72999572753906,2432800
2018-01-08,228.1300048828125,228.7100067138672,224.61000061035156,224.75999450683594,2850800
2018-01-09,224.75999450683594,226.6300048828125,223.3000030517578,225.8800048828125,2672200
2018-01-10,224.8300018310547,225.00999450683594,223.02999877929688,224.1999969482422,2311600
2018-01-11,224.17999267578125,225.9199981689453,223.6999969482422,225.38999938964844,2543600
2018-01-12,227.4499969482422,229.89999389648438,226.52000427246094,228.63999938964844,3943800
2018-01-16,233.3699951171875,235.0,231.25,232.89999389648438,6852600
2018-01-17,234.6699981689453,238.9600067138672,233.85000610351562,238.42999267578125,5124800
2018-01-18,239.25999450683594,243.89999389648438,238.5500030517578,243.16000366210938,6234200
2018-01-19,244.17999267578125,244.35000610351562,241.07000732421875,243.35000610351562,4293600
2018-01-22,243.58999633789062,243.8000030517578,241.36000061035156,243.55999755859375,4012200
2018-01-23,242.99000549316406,246.97999572753906,242.41000366210938,245.2100067138672,3300000
2018-01-24,246.00999450683594,247.30999755859375,243.7100067138672,244.85000610351562,2733300
2018-01-25,244.75,246.19000244140625,243.89999389648438,245.17999267578125,2420500
2018-01-26,245.0,248.74000549316406,244.4600067138672,248.47000122070312,2615300
2018-01-29,249.27999877929688,250.7899932861328,247.39999389648438,247.41000366210938,2564700
2018-01-30,232.8800048828125,242.74000549316406,232.10000610351562,236.64999389648438,11565500
2018-01-31,242.83999633789062,247.0,235.75999450683594,236.77999877929688,5187400
2018-02-01,235.25999450683594,237.82000732421875,233.8300018310547,235.22000122070312,4268300
2018-02-02,233.0,236.3000030517578,231.19000244140625,231.8800048828125,3959900
2018-02-05,230.7899932861328,233.11000061035156,208.47999572753906,220.02000427246094,6290000
2018-02-06,212.1999969482422,226.50999450683594,210.2100067138672,225.17999267578125,7064800
2018-02-07,222.3300018310547,229.2899932861328,221.50999450683594,225.82000732421875,5589200
2018-02-08,225.3300018310547,226.6300048828125,216.25999450683594,216.4600067138672,4902400
2018-02-09,218.0,223.27999877929688,212.00999450683594,220.9600067138672,6225300
2018-02-12,222.44000244140625,228.0,222.14999389648438,225.69000244140625,4912000
2018-02-13,223.14999389648438,227.1199951171875,222.38999938964844,226.63999938964844,3536800
2018-02-14,224.9499969482422,229.33999633789062,223.9199981689453,228.77999877929688,2878400
2018-02-15,229.27000427246094,230.0,221.74000549316406,226.02000427246094,4662700
2018-02-16,225.99000549316406,230.5500030517578,225.6999969482422,229.3699951171875,3621700
2018-02-20,227.91000366210938,228.75,225.61000061035156,226.66000366210938,3172300
2018-02-21,226.14999389648438,229.35000610351562,225.11000061035156,225.1300048828125,3371900
2018-02-22,226.3000030517578,229.83999633789062,225.0800018310547,227.08999633789062,2767900
2018-02-23,227.89999389648438,230.32000732421875,225.91000366210938,230.16000366210938,2393900
2018-02-26,231.63999938964844,234.50999450683594,229.6999969482422,234.05999755859375,3307000
2018-02-27,234.39999389648438,235.88999938964844,232.44000244140625,232.52000427246094,2899500
2018-02-28,234.4199981689453,234.75,226.08999633789062,226.16000366210938,4368600
2018-03-01,225.6999969482422,229.2899932861328,222.74000549316406,224.4499969482422,3514600
2018-03-02,223.2100067138672,225.82000732421875,222.58999633789062,225.19000244140625,2613600
2018-03-05,223.3699951171875,229.42999267578125,222.7899932861328,228.3800048828125,2627300
2018-03-06,228.9199981689453,229.14999389648438,223.88999938964844,226.17999267578125,2652800
2018-03-07,224.35000610351562,227.82000732421875,223.75,227.27000427246094,3242200
2018-03-08,227.92999267578125,227.99000549316406,223.9199981689453,224.72999572753906,3500900
2018-03-09,226.11000061035156,226.52000427246094,222.5,225.42999267578125,4834600
2018-03-12,226.2100067138672,227.0,222.77000427246094,222.77000427246094,3117300
2018-03-13,223.52999877929688,228.05999755859375,223.16000366210938,226.94000244140625,3343800
2018-03-14,227.1300048828125,229.38999938964844,225.02000427246094,225.3800048828125,3048200
2018-03-15,225.8300018310547,230.75999450683594,225.66000366210938,229.47999572753906,3330200
2018-03-16,229.66000366210938,231.27000427246094,227.75,227.86000061035156,5690300
2018-03-19,227.30999755859375,227.97000122070312,223.67999267578125,225.0500030517578,3407300
2018-03-20,225.16000366210938,227.60000610351562,223.8800048828125,226.77999877929688,3429100
2018-03-21,226.4499969482422,227.44000244140625,222.82000732421875,222.82000732421875,3419800
2018-03-22,221.64999389648438,221.66000366210938,215.10000610351562,215.2100067138672,5894800
2018-03-23,215.75,217.72999572753906,212.5,212.5500030517578,5741200
2018-03-26,215.19000244140625,219.41000366210938,214.6999969482422,219.07000732421875,3561300
2018-03-27,220.32000732421875,221.9499969482422,216.41000366210938,217.9600067138672,3722100
2018-03-28,218.88999938964844,219.91000366210938,217.0399932861328,218.5,3179500
2018-03-29,219.3800048828125,223.35000610351562,214.0,214.0,5529400
2018-04-02,218.4600067138672,222.99000549316406,214.6300048828125,217.1999969482422,6220700
2018-04-03,220.33999633789062,225.10000610351562,219.69000244140625,224.5800018310547,4652000
2018-04-04,220.69000244140625,229.47999572753906,220.4199981689453,228.7899932861328,4674000
2018-04-05,229.4600067138672,231.5800018310547,226.8000030517578,229.07000732421875,3348100
2018-04-06,226.64999389648438,228.19000244140625,221.82000732421875,223.9600067138672,3231700
2018-04-09,225.5800018310547,226.1300048828125,222.36000061035156,222.72999572753906,3031500
2018-04-10,225.39999389648438,228.16000366210938,223.49000549316406,226.7899932861328,2737500
2018-04-11,224.27000427246094,225.38999938964844,221.69000244140625,221.89999389648438,3482100
2018-04-12,224.0399932861328,225.75,223.41000366210938,224.24000549316406,2664500
2018-04-13,225.10000610351562,226.1300048828125,223.0800018310547,224.27999877929688,2496600
2018-04-16,227.11000061035156,231.85000610351562,226.35000610351562,230.32000732421875,4510600
2018-04-17,239.30999755859375,241.6699981689453,236.0800018310547,238.5500030517578,6180300
2018-04-18,239.0,239.74000549316406,236.3000030517578,236.39999389648438,2940100
2018-04-19,236.1999969482422,238.27000427246094,234.8000030517578,235.75999450683594,2734900
2018-04-20,236.0500030517578,237.10000610351562,233.5,235.05999755859375,2842000
2018-04-23,235.2899932861328,236.2100067138672,233.0800018310547,234.33999633789062,3051700
2018-04-24,235.9499969482422,237.32000732421875,232.55999755859375,234.22000122070312,2771200
2018-04-25,233.4499969482422,235.10000610351562,230.44000244140625,234.89999389648438,3118800
2018-04-26,235.72999572753906,237.83999633789062,234.3300018310547,237.02999877929688,2252800
2018-04-27,237.6300048828125,240.5399932861328,237.14999389648438,240.17999267578125,2301800
2018-04-30,241.0,241.0,236.39999389648438,236.39999389648438,3446900
2018-05-01,237.0,237.49000549316406,234.36000061035156,236.85000610351562,2633500
2018-05-02,235.3800048828125,236.2100067138672,232.86000061035156,233.4600067138672,3542700
2018-05-03,231.97000122070312,234.8000030517578,229.30999755859375,234.14999389648438,2731600
2018-05-04,233.10000610351562,236.64999389648438,232.16000366210938,235.89999389648438,1999900
2018-05-07,235.8800048828125,236.99000549316406,232.6300048828125,233.77999877929688,3237800
2018-05-08,233.72000122070312,233.72000122070312,230.64999389648438,232.02999877929688,2698300
2018-05-09,233.0500030517578,233.4199981689453,228.22999572753906,229.2100067138672,3504200
2018-05-10,230.14999389648438,234.2899932861328,229.36000061035156,233.7100067138672,2169000
2018-05-11,233.5800018310547,238.8000030517578,232.9499969482422,238.27999877929688,3044900
2018-05-14,238.89999389648438,243.6699981689453,238.82000732421875,242.89999389648438,3893600
2018-05-15,241.86000061035156,242.22000122070312,238.6699981689453,239.5,2396600
2018-05-16,239.64999389648438,241.80999755859375,238.57000732421875,241.72000122070312,1906100
2018-05-17,241.49000549316406,243.55999755859375,240.5399932861328,242.9600067138672,2418700
2018-05-18,243.3699951171875,244.75999450683594,242.38999938964844,244.63999938964844,2283600
2018-05-21,245.0,249.1699981689453,244.83999633789062,247.89999389648438,3040700
2018-05-22,248.0,248.0500030517578,243.83999633789062,245.17999267578125,2644100
2018-05-23,244.02999877929688,245.5,241.63999938964844,244.25999450683594,3047800
2018-05-24,244.57000732421875,245.44000244140625,242.1999969482422,242.72999572753906,2610400
2018-05-25,242.9499969482422,245.5800018310547,242.44000244140625,244.9499969482422,1554900
2018-05-29,243.86000061035156,243.86000061035156,240.24000549316406,242.1699981689453,2837800
2018-05-30,243.74000549316406,245.75,242.6300048828125,244.94000244140625,2071900
2018-05-31,244.2100067138672,244.75,240.67999267578125,241.50999450683594,2966100
2018-06-01,243.74000549316406,243.74000549316406,241.2899932861328,243.35000610351562,2371400
2018-06-04,244.0,245.24000549316406,242.74000549316406,244.6300048828125,2188900
2018-06-05,245.08999633789062,245.11000061035156,241.91000366210938,244.42999267578125,1531900
2018-06-06,246.32000732421875,248.72000122070312,245.1300048828125,248.64999389648438,2650300
2018-06-07,249.75999450683594,250.0,248.25,248.97999572753906,2117200
2018-06-08,249.4600067138672,251.5,248.07000732421875,250.67999267578125,3034600
2018-06-11,250.83999633789062,254.99000549316406,250.39999389648438,253.77999877929688,2775200
2018-06-12,253.1999969482422,253.94000244140625,250.1699981689453,253.5800018310547,2567200
2018-06-13,254.13999938964844,256.7300109863281,252.47999572753906,252.8699951171875,3138300
2018-06-14,254.47000122070312,255.99000549316406,253.66000366210938,255.3300018310547,2456600
2018-06-15,254.27000427246094,255.97999572753906,252.55999755859375,255.97999572753906,4772200
2018-06-18,254.0,255.00999450683594,252.13999938964844,254.8699951171875,1961900
2018-06-19,252.97000122070312,253.3000030517578,251.16000366210938,253.02000427246094,2370200
2018-06-20,253.32000732421875,253.72999572753906,251.8800048828125,252.80999755859375,2580400
2018-06-21,252.9499969482422,253.64999389648438,250.9199981689453,251.88999938964844,2150300
2018-06-22,252.24000549316406,255.11000061035156,251.19000244140625,254.3699951171875,2604000
2018-06-25,254.36000061035156,255.1300048828125,248.61000061035156,250.7100067138672,3060800
2018-06-26,250.55999755859375,252.47000122070312,249.5399932861328,249.77000427246094,2158000
2018-06-27,250.2899932861328,251.75999450683594,248.1300048828125,248.1699981689453,2481000
2018-06-28,247.1300048828125,248.0,242.22999572753906,244.89999389648438,3556900
2018-06-29,244.89999389648438,247.5,244.60000610351562,245.33999633789062,2772600
2018-07-02,245.0,247.72999572753906,244.1199951171875,247.47999572753906,1793300
2018-07-03,248.3000030517578,248.75,246.74000549316406,246.97999572753906,1248000
2018-07-05,249.11000061035156,250.92999267578125,247.5800018310547,250.5,2182900
2018-07-06,251.00999450683594,251.72999572753906,249.4199981689453,250.75999450683594,1572300
2018-07-09,252.1300048828125,254.00999450683594,251.0500030517578,253.6699981689453,2039600
2018-07-10,254.17999267578125,256.8999938964844,253.75,255.5399932861328,2012200
2018-07-11,255.13999938964844,256.0,253.74000549316406,254.58999633789062,1486000
2018-07-12,256.17999267578125,256.82000732421875,254.9199981689453,256.04998779296875,1592700
2018-07-13,256.3900146484375,259.010009765625,256.0199890136719,258.70001220703125,2356200
2018-07-16,258.2900085449219,258.45001220703125,256.44000244140625,256.9800109863281,3625400
2018-07-17,251.5500030517578,252.52000427246094,246.27000427246094,250.2899932861328,6932300
2018-07-18,251.11000061035156,256.6099853515625,250.44000244140625,255.4199981689453,3359800
2018-07-19,255.32000732421875,256.5,251.85000610351562,252.92999267578125,2307600
2018-07-20,251.1699981689453,253.5500030517578,251.1699981689453,252.6999969482422,1959600
2018-07-23,252.91000366210938,255.22999572753906,252.42999267578125,252.74000549316406,1479600
2018-07-24,254.86000061035156,254.9600067138672,252.00999450683594,253.75999450683594,2476500
2018-07-25,254.80999755859375,255.27000427246094,252.77000427246094,254.86000061035156,3016900
2018-07-26,256.25,257.8699951171875,255.8000030517578,257.0,2021300
2018-07-27,257.7900085449219,257.7900085449219,255.38999938964844,255.9499969482422,1656800
2018-07-30,255.91000366210938,256.8900146484375,253.11000061035156,253.83999633789062,1681500
2018-07-31,254.13999938964844,255.1999969482422,252.85000610351562,253.22000122070312,2355900
2018-08-01,256.1000061035156,256.1000061035156,252.80999755859375,253.3699951171875,3006700
2018-08-02,253.5,256.29998779296875,252.22999572753906,256.0799865722656,1854400
2018-08-03,256.45001220703125,257.55999755859375,254.3000030517578,257.2200012207031,1422300
2018-08-06,256.5,257.5400085449219,255.47000122070312,256.760009765625,1398100
2018-08-07,257.6400146484375,258.8399963378906,257.1300048828125,257.6499938964844,1462800
2018-08-08,258.1099853515625,259.5,257.9200134277344,258.80999755859375,1494300
2018-08-09,259.9100036621094,263.0199890136719,259.30999755859375,261.5899963378906,2315000
2018-08-10,260.489990234375,261.5,259.1099853515625,260.3599853515625,1625000
2018-08-13,261.0,262.54998779296875,260.29998779296875,260.9100036621094,1635100
2018-08-14,260.8900146484375,264.29998779296875,260.8500061035156,263.4800109863281,1941600
2018-08-15,261.9800109863281,262.69000244140625,259.19000244140625,260.6099853515625,2017700
2018-08-16,261.57000732421875,263.75,261.45001220703125,263.1000061035156,2115900
2018-08-17,263.54998779296875,264.1300048828125,261.7200012207031,262.3299865722656,1969700
2018-08-20,263.0,263.489990234375,261.57000732421875,262.3999938964844,1786200
2018-08-21,261.8500061035156,262.5199890136719,260.7300109863281,261.69000244140625,1559300
2018-08-22,261.95001220703125,261.95001220703125,260.25,260.739990234375,2148500
2018-08-23,261.0199890136719,262.55999755859375,259.55999755859375,261.4200134277344,1603500
2018-08-24,261.75,264.7799987792969,261.75,264.2799987792969,2238600
2018-08-27,265.0,267.45001220703125,264.4200134277344,267.0799865722656,2614000
2018-08-28,268.5400085449219,269.1400146484375,267.3299865722656,268.510009765625,2603900
2018-08-29,268.3900146484375,269.32000732421875,267.25,269.0,2880600
2018-08-30,269.4599914550781,270.1700134277344,268.1099853515625,268.3900146484375,2976300
2018-08-31,268.2799987792969,269.2099914550781,267.20001220703125,268.4599914550781,2961500
2018-09-04,268.0,269.4100036621094,266.57000732421875,268.510009765625,2097300
2018-09-05,268.55999755859375,268.79998779296875,266.92999267578125,267.6400146484375,2230600
2018-09-06,267.6000061035156,270.0199890136719,266.94000244140625,269.6499938964844,2556100
2018-09-07,269.6400146484375,271.1600036621094,267.510009765625,268.2799987792969,2958000
2018-09-10,266.7799987792969,266.79998779296875,258.75,259.7300109863281,4146200
2018-09-11,257.9200134277344,261.4200134277344,257.4800109863281,261.0400085449219,2283300
2018-09-12,261.1199951171875,264.489990234375,260.8500061035156,262.6700134277344,2236300
2018-09-13,264.1600036621094,265.69000244140625,263.4200134277344,265.489990234375,2734500
2018-09-14,265.3999938964844,266.6499938964844,263.2799987792969,265.30999755859375,2084600
2018-09-17,266.5,266.6600036621094,263.4100036621094,263.8699951171875,1940400
2018-09-18,262.92999267578125,264.0899963378906,262.0,263.2900085449219,3557000
2018-09-19,264.4700012207031,265.6099853515625,263.1600036621094,265.3299865722656,2274300
2018-09-20,266.0799865722656,267.94000244140625,266.05999755859375,266.3900146484375,2095000
2018-09-21,266.1000061035156,267.8399963378906,265.8500061035156,266.6700134277344,5671600
2018-09-24,267.010009765625,269.5299987792969,266.6700134277344,267.3599853515625,2699800
2018-09-25,267.29998779296875,267.3299865722656,263.0299987792969,263.510009765625,3789700
2018-09-26,264.5,265.489990234375,262.45001220703125,262.9100036621094,2238000
2018-09-27,263.0,265.4100036621094,262.92999267578125,264.6499938964844,2761400
2018-09-28,264.3800048828125,266.19000244140625,263.8500061035156,266.0400085449219,2875100
2018-10-01,267.25,270.0199890136719,267.0199890136719,269.1000061035156,3314500
2018-10-02,269.0,271.44000244140625,267.5,270.6300048828125,2777300
2018-10-03,272.0,272.07000732421875,269.7699890136719,270.8999938964844,3002200
2018-10-04,271.0,271.6199951171875,267.30999755859375,268.32000732421875,2186600
2018-10-05,268.6499938964844,271.0,267.95001220703125,269.20001220703125,2045700
2018-10-08,268.8399963378906,269.6499938964844,265.6499938964844,269.010009765625,1865000
2018-10-09,269.19000244140625,271.9599914550781,268.4700012207031,270.1099853515625,2510100
2018-10-10,270.6000061035156,271.4200134277344,262.5199890136719,263.0799865722656,4267300
2018-10-11,262.0,264.3999938964844,255.77999877929688,257.1199951171875,4558500
2018-10-12,259.70001220703125,261.3900146484375,256.8599853515625,259.6099853515625,4006300
2018-10-15,260.1300048828125,262.44000244140625,259.30999755859375,260.25,3583400
2018-10-16,269.69000244140625,272.80999755859375,265.0,272.57000732421875,6453600
2018-10-17,270.19000244140625,271.0,265.6300048828125,267.29998779296875,3985100
2018-10-18,267.3500061035156,267.8800048828125,263.7099914550781,266.80999755859375,3132100
2018-10-19,266.6199951171875,267.9800109863281,263.8900146484375,265.29998779296875,3336600
2018-10-22,266.75,266.8299865722656,260.05999755859375,262.19000244140625,2618100
2018-10-23,259.7200012207031,265.5199890136719,259.20001220703125,264.8599853515625,4081800
2018-10-24,264.010009765625,265.3299865722656,255.92999267578125,256.32000732421875,5265600
2018-10-25,258.1600036621094,265.17999267578125,253.3699951171875,264.239990234375,4675600
2018-10-26,261.5,262.3999938964844,257.0199890136719,258.17999267578125,4830600
2018-10-29,259.7200012207031,262.0400085449219,253.32000732421875,256.5199890136719,3697700
2018-10-30,256.69000244140625,259.69000244140625,253.97999572753906,258.2799987792969,4169200
2018-10-31,260.8699951171875,264.07000732421875,260.2200012207031,261.3500061035156,4230200
2018-11-01,262.9200134277344,264.67999267578125,259.760009765625,260.92999267578125,2771300
2018-11-02,264.6099853515625,266.3800048828125,259.55999755859375,261.010009765625,2593600
2018-11-05,262.1499938964844,263.0,260.07000732421875,261.010009765625,3287000
2018-11-06,260.70001220703125,264.010009765625,260.70001220703125,263.5400085449219,2582400
2018-11-07,266.8999938964844,276.75,266.8999938964844,274.6300048828125,5796800
2018-11-08,276.0,278.0,274.70001220703125,276.6499938964844,3809100
2018-11-09,276.8599853515625,278.0,274.19000244140625,276.54998779296875,2904300
2018-11-12,276.0,277.7900085449219,272.0,272.3800048828125,3140600
2018-11-13,272.5799865722656,273.6000061035156,268.1400146484375,269.2200012207031,2516900
2018-11-14,269.2900085449219,270.5199890136719,263.3500061035156,264.9599914550781,3511900
2018-11-15,264.0,265.9200134277344,260.8500061035156,264.94000244140625,3657600
2018-11-16,264.989990234375,271.79998779296875,264.9200134277344,271.1099853515625,3857800
2018-11-19,271.4800109863281,272.2699890136719,264.17999267578125,266.04998779296875,3670800
2018-11-20,265.6199951171875,266.7799987792969,260.3999938964844,261.5,3617700
2018-11-21,262.5899963378906,264.6300048828125,260.45001220703125,260.54998779296875,3234300
2018-11-23,260.0,262.94000244140625,258.2799987792969,261.6199951171875,1159300
2018-11-26,264.6199951171875,268.29998779296875,263.5,266.1600036621094,3879800
2018-11-27,265.57000732421875,271.29998779296875,265.0299987792969,271.1499938964844,3497300
2018-11-28,272.82000732421875,282.3999938964844,272.82000732421875,280.95001220703125,5044300
2018-11-29,280.42999267578125,285.45001220703125,280.30999755859375,282.54998779296875,4177800
2018-11-30,282.989990234375,283.6400146484375,279.07000732421875,281.3599853515625,6143200
2018-12-03,283.0,286.5299987792969,282.7099914550781,286.3299865722656,4178800
2018-12-04,286.1499938964844,287.94000244140625,276.9100036621094,278.54998779296875,4635500
2018-12-06,273.0199890136719,276.94000244140625,265.25,276.8500061035156,6694600
2018-12-07,273.760009765625,276.4200134277344,267.2799987792969,269.17999267578125,3506900
2018-12-10,268.5899963378906,269.0,260.2300109863281,266.5299987792969,4061300
2018-12-11,269.5799865722656,271.5299987792969,265.6700134277344,267.2200012207031,3102800
2018-12-12,271.95001220703125,274.55999755859375,270.489990234375,270.6400146484375,3167900
2018-12-13,270.8599853515625,273.32000732421875,269.6199951171875,272.1499938964844,2350400
2018-12-14,270.3599853515625,270.57000732421875,263.7099914550781,265.0199890136719,3360500
2018-12-17,261.0400085449219,262.75,256.7300109863281,258.07000732421875,5806800
2018-12-18,259.70001220703125,259.989990234375,248.1999969482422,252.97000122070312,5065500
2018-12-19,252.3699951171875,256.55999755859375,247.58999633789062,250.30999755859375,5468500
2018-12-20,248.5,249.00999450683594,240.0500030517578,242.44000244140625,7311700
2018-12-21,240.72999572753906,247.5,237.4499969482422,238.33999633789062,12209700
2018-12-24,236.24000549316406,237.89999389648438,232.55999755859375,232.94000244140625,3091000
2018-12-26,232.6999969482422,243.3699951171875,231.80999755859375,243.35000610351562,4159300
2018-12-27,239.10000610351562,245.97000122070312,235.24000549316406,245.97000122070312,4295800
2018-12-28,246.7100067138672,249.7899932861328,244.80999755859375,246.24000549316406,3312700
2018-12-31,248.05999755859375,250.27999877929688,246.94000244140625,249.1199951171875,3123200
2019-01-02,245.0,246.35000610351562,241.47000122070312,243.49000549316406,4063600
2019-01-03,243.47999572753906,243.47999572753906,236.1300048828125,236.85000610351562,4623200
2019-01-04,239.8000030517578,243.4600067138672,238.8000030517578,239.6199951171875,5367600
2019-01-07,240.39999389648438,241.97999572753906,238.22999572753906,240.0800018310547,4133000
2019-01-08,242.3300018310547,244.7899932861328,239.7100067138672,243.2899932861328,3618600
2019-01-09,244.75999450683594,246.6300048828125,242.05999755859375,243.63999938964844,3425400
2019-01-10,242.0800018310547,245.13999938964844,241.41000366210938,244.8699951171875,3374100
2019-01-11,243.4499969482422,247.75999450683594,243.27000427246094,247.6699981689453,3967100
2019-01-14,246.58999633789062,249.9199981689453,246.11000061035156,248.05999755859375,4955500
2019-01-15,250.0,256.9200134277344,247.0,256.8699951171875,5325600
2019-01-16,258.7300109863281,262.19000244140625,258.1700134277344,261.4599914550781,6069400
2019-01-17,260.989990234375,261.739990234375,257.8900146484375,259.7699890136719,3583600
2019-01-18,262.6000061035156,266.260009765625,260.4200134277344,265.5,4844800
2019-01-22,264.05999755859375,267.5,263.739990234375,265.69000244140625,4052700
2019-01-23,267.75,269.4700012207031,263.6700134277344,267.0199890136719,2971100
2019-01-24,266.79998779296875,268.1600036621094,264.260009765625,266.1300048828125,2927300
2019-01-25,268.79998779296875,270.4100036621094,265.70001220703125,268.04998779296875,2809100
2019-01-28,266.8999938964844,266.92999267578125,264.6099853515625,266.7699890136719,2837300
2019-01-29,266.0,268.45001220703125,265.44000244140625,267.3399963378906,2173000
2019-01-30,269.69000244140625,272.44000244140625,267.19000244140625,270.3699951171875,3659000
2019-01-31,270.4800109863281,271.739990234375,268.989990234375,270.20001220703125,4055100
2019-02-01,268.4700012207031,269.3900146484375,266.0299987792969,268.7200012207031,3946800
2019-02-04,268.30999755859375,268.69000244140625,264.2699890136719,268.2099914550781,3398900
2019-02-05,270.1199951171875,272.0899963378906,265.8399963378906,266.30999755859375,3597000
2019-02-06,265.1400146484375,269.92999267578125,264.9800109863281,269.5,2570000
2019-02-07,268.6400146484375,270.5799865722656,267.260009765625,269.0,2458200
2019-02-08,267.5,268.70001220703125,260.32000732421875,261.8999938964844,4547000
2019-02-11,261.1700134277344,261.17999267578125,256.3399963378906,257.1400146484375,4856200
2019-02-12,259.2200012207031,264.0,256.9200134277344,263.5,4327900
2019-02-13,263.5199890136719,266.2900085449219,263.1499938964844,263.79998779296875,3066400
2019-02-14,263.239990234375,267.07000732421875,262.7099914550781,265.3299865722656,3015300
2019-02-15,267.7900085449219,271.1300048828125,266.6199951171875,271.1300048828125,3673700
2019-02-19,271.1700134277344,272.489990234375,269.2799987792969,270.4100036621094,2486700
2019-02-20,269.2099914550781,270.5899963378906,268.17999267578125,269.510009765625,2802800
2019-02-21,269.4700012207031,269.94000244140625,265.1000061035156,266.3999938964844,2554300
2019-02-22,266.5,268.3900146484375,265.95001220703125,267.1099853515625,3191100
2019-02-25,267.5799865722656,268.1700134277344,264.3800048828125,264.6000061035156,3679100
2019-02-26,264.6600036621094,265.42999267578125,262.79998779296875,262.9800109863281,3212900
2019-02-27,261.6099853515625,261.6099853515625,248.94000244140625,250.0800018310547,8952900
2019-02-28,249.6999969482422,251.9499969482422,239.14999389648438,242.22000122070312,11034300
2019-03-01,243.55999755859375,248.0,243.55999755859375,246.14999389648438,6921300
2019-03-04,248.1199951171875,248.4499969482422,234.50999450683594,236.02000427246094,8646300
2019-03-05,236.52999877929688,243.1999969482422,234.94000244140625,241.42999267578125,6924500
2019-03-06,241.74000549316406,241.74000549316406,237.02999877929688,239.07000732421875,4878700
2019-03-07,240.3000030517578,241.17999267578125,235.5500030517578,236.6999969482422,5033500
2019-03-08,235.14999389648438,239.41000366210938,234.63999938964844,237.2899932861328,4921700
2019-03-11,239.2100067138672,244.02000427246094,236.4199981689453,243.14999389648438,4539600
2019-03-12,244.9499969482422,247.47999572753906,243.74000549316406,245.8800048828125,4235800
2019-03-13,247.9600067138672,252.75999450683594,247.0800018310547,252.25,4881600
2019-03-14,253.0,255.05999755859375,252.33999633789062,253.27000427246094,3865200
2019-03-15,254.33999633789062,254.74000549316406,249.94000244140625,251.39999389648438,6466200
2019-03-18,252.66000366210938,255.30999755859375,250.4199981689453,255.0,3927400
2019-03-19,255.9499969482422,259.25,255.13999938964844,257.1300048828125,4164800
2019-03-20,257.42999267578125,257.69000244140625,249.97000122070312,250.5,4193500
2019-03-21,249.19000244140625,252.9600067138672,248.66000366210938,252.02000427246094,2699700
2019-03-22,250.57000732421875,251.1999969482422,246.99000549316406,247.08999633789062,3777900
2019-03-25,247.4199981689453,247.4199981689453,240.77999877929688,246.86000061035156,4110900
2019-03-26,247.25999450683594,247.88999938964844,241.72000122070312,243.38999938964844,4416200
2019-03-27,242.94000244140625,245.67999267578125,238.16000366210938,241.7100067138672,4819200
2019-03-28,242.58999633789062,242.85000610351562,238.88999938964844,242.22999572753906,3601500
2019-03-29,244.2899932861328,247.75999450683594,241.8699951171875,247.25999450683594,4294200
2019-04-01,249.7100067138672,250.1999969482422,243.05999755859375,245.5399932861328,4809500
2019-04-02,245.50999450683594,246.39999389648438,242.8000030517578,244.41000366210938,4057100
2019-04-03,246.30999755859375,247.5399932861328,244.58999633789062,245.83999633789062,2851400
2019-04-04,245.47999572753906,249.11000061035156,244.63999938964844,247.38999938964844,2255500
2019-04-05,248.9499969482422,249.30999755859375,245.1699981689453,248.77999877929688,3343000
2019-04-08,249.67999267578125,249.67999267578125,246.30999755859375,248.75,2195400
2019-04-09,247.57000732421875,249.94000244140625,245.9499969482422,248.7899932861328,2903800
2019-04-10,248.77999877929688,249.8699951171875,245.52000427246094,246.02999877929688,2753700
2019-04-11,246.0500030517578,246.9199981689453,232.67999267578125,235.4199981689453,8223400
2019-04-12,236.5,236.77999877929688,220.77000427246094,223.22000122070312,13979400
2019-04-15,225.77000427246094,230.97000122070312,224.41000366210938,230.1999969482422,10021800
2019-04-16,238.00999450683594,238.00999450683594,215.82000732421875,220.9600067138672,27361400
2019-04-17,223.7899932861328,224.24000549316406,208.07000732421875,216.83999633789062,22101400
2019-04-18,217.13999938964844,223.0,214.2100067138672,221.75,13927200
2019-04-22,224.0,227.55999755859375,221.5,227.11000061035156,11191800
2019-04-23,228.25,231.94000244140625,226.10000610351562,230.5800018310547,10261400
2019-04-24,230.08999633789062,231.6300048828125,227.75,230.35000610351562,6104100
2019-04-25,228.52999877929688,232.1199951171875,228.1300048828125,230.7899932861328,5954500
2019-04-26,232.13999938964844,237.11000061035156,231.19000244140625,237.0,6186200
2019-04-29,237.39999389648438,238.05999755859375,234.16000366210938,237.4499969482422,5345300
2019-04-30,238.0800018310547,238.0800018310547,230.19000244140625,233.07000732421875,7632300
2019-05-01,233.07000732421875,234.6199951171875,230.35000610351562,231.9499969482422,4823200
2019-05-02,230.89999389648438,233.33999633789062,228.0800018310547,232.4499969482422,5499200
2019-05-03,232.83999633789062,233.89999389648438,227.17999267578125,231.9499969482422,4323100
2019-05-06,228.1699981689453,240.57000732421875,227.5,240.5,7180200
2019-05-07,239.19000244140625,243.14999389648438,236.39999389648438,238.0500030517578,5104700
2019-05-08,238.0,240.80999755859375,235.52999877929688,239.14999389648438,3768400
2019-05-09,236.60000610351562,240.5399932861328,235.6699981689453,237.97000122070312,4299500
2019-05-10,239.97000122070312,242.6199951171875,236.3699951171875,240.58999633789062,4374400
2019-05-13,236.4499969482422,240.10000610351562,236.1999969482422,239.5500030517578,4684400
2019-05-14,240.63999938964844,240.99000549316406,236.27999877929688,236.42999267578125,5329700
2019-05-15,235.0,237.52999877929688,232.6199951171875,236.0800018310547,5099700
2019-05-16,235.88999938964844,240.4499969482422,235.72000122070312,236.7899932861328,4456400
2019-05-17,236.1699981689453,242.44000244140625,235.64999389648438,241.3800048828125,4486400
2019-05-20,240.0,246.74000549316406,239.77000427246094,245.99000549316406,5390800
2019-05-21,247.00999450683594,251.17999267578125,246.8000030517578,249.94000244140625,5345300
2019-05-22,249.10000610351562,251.02999877929688,248.7100067138672,249.33999633789062,4038000
2019-05-23,247.97999572753906,248.14999389648438,244.38999938964844,246.5,3934600
2019-05-24,247.25,249.36000061035156,245.50999450683594,247.6300048828125,2973900
2019-05-28,248.5,249.3000030517578,241.97999572753906,242.05999755859375,6172700
2019-05-29,239.85000610351562,243.02999877929688,237.89999389648438,242.39999389648438,3958400
2019-05-30,241.9199981689453,245.35000610351562,241.33999633789062,243.5,2646600
2019-05-31,241.9499969482422,243.6199951171875,239.47999572753906,241.8000030517578,3285700
2019-06-03,241.49000549316406,243.8000030517578,236.02000427246094,236.55999755859375,4999400
2019-06-04,238.1300048828125,241.0500030517578,234.8300018310547,240.75999450683594,4992000
2019-06-05,243.1699981689453,245.7899932861328,241.22999572753906,242.77000427246094,3194400
2019-06-06,243.1300048828125,243.94000244140625,241.72999572753906,241.82000732421875,2630100
2019-06-07,242.89999389648438,247.07000732421875,242.19000244140625,246.77000427246094,2837400
2019-06-10,247.0800018310547,249.6699981689453,245.99000549316406,248.13999938964844,2331000
2019-06-11,248.52000427246094,250.69000244140625,245.72999572753906,245.8699951171875,3043000
2019-06-12,246.1999969482422,246.5,242.3000030517578,244.5,3251800
2019-06-13,244.82000732421875,245.33999633789062,243.1199951171875,244.9600067138672,3107800
2019-06-14,244.72000122070312,246.10000610351562,242.7899932861328,245.3699951171875,2165500
2019-06-17,246.0,247.10000610351562,245.22000122070312,245.97000122070312,2270300
2019-06-18,247.5,249.33999633789062,245.14999389648438,245.6999969482422,3482500
2019-06-19,246.0,251.3699951171875,245.50999450683594,250.19000244140625,4204600
2019-06-20,251.60000610351562,252.82000732421875,247.39999389648438,247.75999450683594,3800800
2019-06-21,248.77999877929688,253.49000549316406,246.89999389648438,252.27999877929688,6323500
2019-06-24,251.3300018310547,252.6300048828125,247.86000061035156,249.63999938964844,3163800
2019-06-25,249.3000030517578,251.0399932861328,247.4199981689453,247.66000366210938,3182700
2019-06-26,248.0,248.0800018310547,243.1300048828125,243.47000122070312,3852900
2019-06-27,244.25999450683594,248.14999389648438,243.16000366210938,246.33999633789062,3366200
2019-06-28,246.5,246.75,238.64999389648438,244.00999450683594,6727600
2019-07-01,245.9499969482422,246.1699981689453,240.72000122070312,242.63999938964844,4102700
2019-07-02,242.58999633789062,243.99000549316406,239.5399932861328,243.97000122070312,3863500
2019-07-03,244.32000732421875,247.52000427246094,244.0399932861328,245.2100067138672,2559400
2019-07-05,244.38999938964844,248.75999450683594,244.05999755859375,246.99000549316406,2965000
2019-07-08,246.41000366210938,247.97999572753906,244.8800048828125,247.83999633789062,1902500
2019-07-09,244.6300048828125,246.0800018310547,243.69000244140625,246.0,2774800
2019-07-10,246.82000732421875,249.11000061035156,245.47999572753906,247.47999572753906,2753000
2019-07-11,255.8000030517578,261.69000244140625,249.0500030517578,261.1600036621094,10268800
2019-07-12,261.6300048828125,266.5199890136719,261.6300048828125,265.8999938964844,5336100
2019-07-15,265.05999755859375,267.6499938964844,264.25,265.9599914550781,2611400
2019-07-16,265.3299865722656,267.1400146484375,263.19000244140625,264.6600036621094,3121600
2019-07-17,264.0,268.69000244140625,263.5,266.6499938964844,3995200
2019-07-18,265.6400146484375,266.510009765625,257.260009765625,260.6000061035156,5825800
2019-07-19,261.1000061035156,262.7200012207031,256.3999938964844,256.6499938964844,4413200
2019-07-22,258.1400146484375,258.95001220703125,254.52999877929688,255.32000732421875,4104300
2019-07-23,254.47000122070312,256.1000061035156,252.02000427246094,255.00999450683594,2889300
2019-07-24,252.7899932861328,252.8300018310547,245.1300048828125,251.1300048828125,4864000
2019-07-25,251.1300048828125,252.75,248.2899932861328,248.6999969482422,3362800
2019-07-26,249.02000427246094,253.8800048828125,246.50999450683594,252.94000244140625,3362600
2019-07-29,252.83999633789062,255.3000030517578,252.33999633789062,253.82000732421875,2005500
2019-07-30,252.66000366210938,255.05999755859375,250.47000122070312,254.92999267578125,1908800
2019-07-31,256.32000732421875,257.1600036621094,248.47999572753906,249.00999450683594,3532400
2019-08-01,249.19000244140625,251.5800018310547,247.27999877929688,249.25,3613600
2019-08-02,249.69000244140625,251.57000732421875,246.10000610351562,250.0500030517578,2677600
2019-08-05,248.1300048828125,249.94000244140625,242.58999633789062,245.05999755859375,5812400
2019-08-06,245.92999267578125,248.27999877929688,243.57000732421875,248.27999877929688,3533000
2019-08-07,246.27000427246094,247.0399932861328,241.25999450683594,246.4499969482422,3205800
2019-08-08,246.19000244140625,247.6699981689453,243.3699951171875,247.6199951171875,2830700
2019-08-09,247.72000122070312,250.4199981689453,246.13999938964844,248.6300048828125,2535000
2019-08-12,246.7899932861328,247.9600067138672,243.02999877929688,243.1999969482422,2667400
2019-08-13,241.67999267578125,250.4600067138672,241.50999450683594,249.22000122070312,2763400
2019-08-14,246.72999572753906,248.41000366210938,243.00999450683594,243.1999969482422,3464300
2019-08-15,244.35000610351562,245.25999450683594,241.4499969482422,244.25,2513500
2019-08-16,245.3800048828125,247.11000061035156,244.17999267578125,245.69000244140625,2810000
2019-08-19,247.49000549316406,248.49000549316406,244.08999633789062,244.7100067138672,2672300
2019-08-20,244.2100067138672,244.60000610351562,239.9199981689453,240.16000366210938,3201300
2019-08-21,240.19000244140625,241.88999938964844,239.3000030517578,240.35000610351562,2761900
2019-08-22,240.35000610351562,240.35000610351562,232.6699981689453,232.94000244140625,4498200
2019-08-23,232.89999389648438,235.10000610351562,229.3800048828125,230.66000366210938,4826600
2019-08-26,232.52000427246094,234.55999755859375,230.4600067138672,231.0800018310547,2918300
2019-08-27,231.72000122070312,232.39999389648438,222.60000610351562,222.92999267578125,4988100
2019-08-28,222.4199981689453,229.77000427246094,220.77999877929688,227.35000610351562,4847600
2019-08-29,228.4199981689453,232.3000030517578,228.00999450683594,230.6199951171875,4052500
2019-08-30,233.6699981689453,235.0500030517578,232.2899932861328,234.0,3384100
2019-09-03,231.74000549316406,232.1699981689453,228.47000122070312,230.6199951171875,3382300
2019-09-04,231.9499969482422,232.9499969482422,226.5,226.72999572753906,4526100
2019-09-05,230.0,231.50999450683594,227.5800018310547,229.58999633789062,4256900
2019-09-06,230.1699981689453,231.9600067138672,228.58999633789062,229.0,4183200
2019-09-09,229.0,232.0,228.55999755859375,230.67999267578125,3895600
2019-09-10,231.4499969482422,234.2899932861328,230.8300018310547,232.4600067138672,4257600
2019-09-11,232.49000549316406,234.25,228.5800018310547,234.2100067138672,3168100
2019-09-12,235.0,236.39999389648438,229.6999969482422,230.10000610351562,4713700
2019-09-13,232.99000549316406,236.55999755859375,231.5399932861328,233.61000061035156,4523200
2019-09-16,232.82000732421875,236.0500030517578,232.14999389648438,234.42999267578125,2973600
2019-09-17,233.07000732421875,233.99000549316406,231.1699981689453,232.52000427246094,2392900
2019-09-18,230.8000030517578,233.1300048828125,229.22999572753906,230.61000061035156,2960500
2019-09-19,232.0,233.9499969482422,231.22999572753906,232.85000610351562,2666700
2019-09-20,234.77000427246094,235.0,231.9199981689453,232.88999938964844,6220100
2019-09-23,229.77000427246094,230.77999877929688,228.32000732421875,228.77000427246094,3281200
2019-09-24,229.3800048828125,229.83999633789062,222.9199981689453,225.0,5006800
2019-09-25,224.27999877929688,226.5,222.1300048828125,222.1699981689453,4658000
2019-09-26,223.0399932861328,223.6300048828125,213.42999267578125,215.47999572753906,10444400
2019-09-27,218.17999267578125,218.8800048828125,215.02000427246094,215.25999450683594,4834900
2019-09-30,213.63999938964844,218.52999877929688,213.1199951171875,217.32000732421875,5286300
2019-10-01,219.19000244140625,219.19000244140625,212.0800018310547,217.2100067138672,5523600
2019-10-02,216.14999389648438,219.36000061035156,215.27999877929688,216.75,4921200
2019-10-03,215.6300048828125,216.36000061035156,213.0500030517578,215.36000061035156,3375800
2019-10-04,216.83999633789062,219.86000061035156,215.13999938964844,219.8000030517578,3700500
2019-10-07,219.0500030517578,222.52999877929688,218.99000549316406,221.24000549316406,3843200
2019-10-08,219.49000549316406,221.97999572753906,218.39999389648438,220.11000061035156,4817000
2019-10-09,221.7100067138672,223.47000122070312,220.1699981689453,222.0800018310547,4483100
2019-10-10,218.19000244140625,224.1300048828125,217.52000427246094,223.72999572753906,5252200
2019-10-11,225.5399932861328,228.85000610351562,221.58999633789062,222.07000732421875,5891600
2019-10-14,221.6300048828125,223.33999633789062,219.89999389648438,220.58999633789062,4075300
2019-10-15,232.69000244140625,239.83999633789062,231.08999633789062,238.58999633789062,13397700
2019-10-16,236.2899932861328,237.47999572753906,234.0800018310547,236.99000549316406,5368600
2019-10-17,238.69000244140625,244.61000061035156,237.27000427246094,243.6699981689453,6301200
2019-10-18,244.4499969482422,246.41000366210938,241.75999450683594,245.33999633789062,4922100
2019-10-21,245.02000427246094,245.60000610351562,242.14999389648438,243.9199981689453,3029200
2019-10-22,243.63999938964844,251.5,243.14999389648438,249.47999572753906,5660800
2019-10-23,248.38999938964844,251.75,246.72999572753906,247.8000030517578,3706600
2019-10-24,248.02999877929688,248.49000549316406,243.91000366210938,244.50999450683594,2546900
2019-10-25,243.91000366210938,246.0800018310547,242.14999389648438,244.91000366210938,2815100
2019-10-28,245.25999450683594,248.38999938964844,244.9199981689453,247.0500030517578,2957100
2019-10-29,247.0399932861328,253.1999969482422,246.30999755859375,252.2899932861328,3528900
2019-10-30,252.1699981689453,255.27999877929688,251.97999572753906,254.8000030517578,3299600
2019-10-31,254.3800048828125,255.72000122070312,249.91000366210938,252.6999969482422,3960400
2019-11-01,253.99000549316406,256.3299865722656,252.16000366210938,252.2100067138672,2919600
2019-11-04,253.6300048828125,253.8300018310547,249.91000366210938,251.25,3186400
2019-11-05,253.74000549316406,254.27000427246094,250.08999633789062,250.3000030517578,5393400
2019-11-06,249.7100067138672,251.99000549316406,249.08999633789062,250.52000427246094,3668600
2019-11-07,251.9499969482422,256.75,251.25999450683594,256.4599914550781,3646300
2019-11-08,256.7699890136719,258.3399963378906,255.0,256.9700012207031,2200300
2019-11-11,255.0500030517578,256.4599914550781,253.3300018310547,254.08999633789062,1765600
2019-11-12,253.58999633789062,255.75999450683594,253.41000366210938,255.25,1892500
2019-11-13,254.8699951171875,256.8800048828125,253.19000244140625,253.57000732421875,3289800
2019-11-14,253.8000030517578,256.0799865722656,253.47000122070312,255.8300018310547,2101900
2019-11-15,256.1099853515625,275.57000732421875,255.36000061035156,269.3999938964844,10136000
2019-11-18,269.0,278.45001220703125,269.0,272.92999267578125,6985200
2019-11-19,275.239990234375,275.3599853515625,271.54998779296875,274.2300109863281,4002000
2019-11-20,272.25,276.0299987792969,271.239990234375,275.55999755859375,4141600
2019-11-21,275.2200012207031,277.67999267578125,273.9100036621094,276.54998779296875,3309900
2019-11-22,276.5299987792969,277.7699890136719,275.0,276.8399963378906,2802700
2019-11-25,277.7799987792969,283.0,277.010009765625,282.6700134277344,4082900
2019-11-26,280.7099914550781,282.25,280.1600036621094,281.3999938964844,2998600
2019-11-27,281.010009765625,281.92999267578125,278.69000244140625,280.6700134277344,2323900
2019-11-29,278.1000061035156,280.9200134277344,277.3299865722656,279.8699951171875,1520900
2019-12-02,281.7799987792969,282.0,278.57000732421875,279.6600036621094,2517100
2019-12-03,276.9700012207031,278.4200134277344,273.8500061035156,276.8999938964844,3239200
2019-12-04,281.6199951171875,281.8399963378906,278.6400146484375,279.32000732421875,2694200
2019-12-05,279.239990234375,282.82000732421875,277.4800109863281,282.0,3357300
2019-12-06,282.8399963378906,283.0400085449219,279.1099853515625,280.19000244140625,2828900
2019-12-09,280.7699890136719,280.8699951171875,277.4200134277344,277.5400085449219,2697100
2019-12-10,277.6000061035156,279.6000061035156,274.010009765625,279.5199890136719,2515300
2019-12-11,278.29998779296875,280.6600036621094,278.0299987792969,280.5,2751300
2019-12-12,281.0299987792969,283.989990234375,280.0400085449219,283.6099853515625,2996200
2019-12-13,284.9700012207031,287.80999755859375,284.1199951171875,285.4800109863281,3599300
2019-12-16,287.9700012207031,295.44000244140625,287.05999755859375,292.0299987792969,4663600
2019-12-17,291.239990234375,292.7799987792969,289.1700134277344,290.4700012207031,4409100
2019-12-18,291.0,294.8599853515625,290.989990234375,292.8999938964844,3621600
2019-12-19,295.0,297.20001220703125,293.6199951171875,294.6199951171875,2905900
2019-12-20,298.8999938964844,300.0,292.510009765625,292.5899963378906,6608300
2019-12-23,293.42999267578125,295.8500061035156,292.80999755859375,295.0899963378906,2098900
2019-12-24,295.260009765625,295.8299865722656,293.55999755859375,294.5400085449219,714000
2019-12-26,295.29998779296875,296.260009765625,294.5400085449219,295.6499938964844,1050600
2019-12-27,296.010009765625,296.5400085449219,295.010009765625,295.9700012207031,1547100
2019-12-30,296.04998779296875,296.5400085449219,293.45001220703125,293.8500061035156,1511700
2019-12-31,293.6600036621094,294.0899963378906,291.1499938964844,293.9800109863281,2224200
2020-01-02,293.9800109863281,295.70001220703125,289.7900085449219,292.5,2543400
2020-01-03,287.2699890136719,291.8800048828125,284.3599853515625,289.5400085449219,2711400
2020-01-06,288.0,291.6600036621094,287.2200012207031,291.54998779296875,3079100
2020-01-07,290.70001220703125,291.489990234375,287.5799865722656,289.7900085449219,2492900
2020-01-08,291.5,297.3800048828125,290.0400085449219,295.8999938964844,3379200
2020-01-09,294.2900085449219,297.20001220703125,293.7200012207031,294.2200012207031,2838200
2020-01-10,296.07000732421875,296.07000732421875,292.2099914550781,295.1300048828125,2477900
2020-01-13,294.3699951171875,294.45001220703125,285.0199890136719,285.8500061035156,6994900
2020-01-14,285.6000061035156,288.239990234375,284.25,288.239990234375,6056300
2020-01-15,289.0199890136719,299.6400146484375,289.0,296.4100036621094,6081300
2020-01-16,298.0,300.989990234375,295.92999267578125,300.739990234375,3710300
2020-01-17,300.010009765625,300.70001220703125,295.8800048828125,298.4700012207031,4632200
2020-01-21,296.8900146484375,302.5400085449219,296.010009765625,300.5299987792969,4962800
2020-01-22,301.989990234375,302.1300048828125,297.3500061035156,300.5899963378906,3117600
2020-01-23,300.010009765625,300.5799865722656,296.6499938964844,299.4599914550781,3169600
2020-01-24,298.3399963378906,299.92999267578125,291.55999755859375,292.80999755859375,3678500
2020-01-27,288.0,288.0799865722656,280.07000732421875,284.0899963378906,4399400
2020-01-28,283.9100036621094,288.3699951171875,283.29998779296875,285.8699951171875,4341000
2020-01-29,284.0,286.19000244140625,280.8900146484375,282.8999938964844,3963800
2020-01-30,281.8399963378906,281.8399963378906,275.9200134277344,280.9800109863281,4211800
2020-01-31,278.1700134277344,278.7799987792969,271.17999267578125,272.45001220703125,5532600
2020-02-03,275.1300048828125,276.8500061035156,270.82000732421875,274.0199890136719,5646800
2020-02-04,277.2799987792969,283.5,276.8800048828125,280.8399963378906,4290200
2020-02-05,285.6000061035156,297.0,285.44000244140625,295.7300109863281,5761000
2020-02-06,297.0,297.2699890136719,290.0,292.4599914550781,3044000
2020-02-07,292.8699951171875,293.3900146484375,288.9100036621094,289.2200012207031,3425900
2020-02-10,286.2300109863281,289.2900085449219,285.45001220703125,287.0299987792969,3147400
2020-02-11,286.8500061035156,291.57000732421875,285.8999938964844,290.7900085449219,2992200
2020-02-12,295.0,305.0,294.010009765625,303.4800109863281,6701900
2020-02-13,300.1400146484375,305.8999938964844,300.1400146484375,302.20001220703125,3565500
2020-02-14,302.2099914550781,303.9700012207031,297.30999755859375,298.7799987792969,2485600
2020-02-18,299.6700134277344,303.3500061035156,299.0,302.1400146484375,3241700
2020-02-19,303.3699951171875,306.7099914550781,302.7300109863281,305.30999755859375,3021100
2020-02-20,303.20001220703125,304.1600036621094,297.8900146484375,302.1300048828125,2885500
2020-02-21,300.4700012207031,302.510009765625,298.6099853515625,301.42999267578125,2987100
2020-02-24,286.8900146484375,288.989990234375,277.6400146484375,277.7900085449219,8790600
2020-02-25,280.1499938964844,281.9800109863281,262.010009765625,263.3900146484375,8171200
2020-02-26,264.7200012207031,269.8299865722656,258.7099914550781,263.0,6806600
2020-02-27,258.4200134277344,262.1499938964844,252.07000732421875,253.9199981689453,7604300
2020-02-28,246.1999969482422,257.1000061035156,245.3000030517578,254.9600067138672,9961000
2020-03-02,257.3399963378906,273.239990234375,250.32000732421875,273.1099853515625,8866300
2020-03-03,275.3500061035156,280.3500061035156,259.2300109863281,261.3999938964844,9188100
2020-03-04,290.0,295.8399963378906,282.2099914550781,289.4200134277344,14533000
2020-03-05,281.6000061035156,289.4200134277344,279.94000244140625,282.9599914550781,5908400
2020-03-06,275.4200134277344,284.9700012207031,271.8999938964844,283.8699951171875,5361900
2020-03-09,264.4599914550781,281.44000244140625,259.239990234375,273.44000244140625,8070700
2020-03-10,279.7200012207031,283.8999938964844,272.5,280.0,7366000
2020-03-11,274.760009765625,285.239990234375,273.260009765625,277.7799987792969,7744600
2020-03-12,260.0,272.2300109863281,250.0,250.41000366210938,10496600
2020-03-13,260.989990234375,273.2200012207031,242.27000427246094,272.0400085449219,9308400
2020-03-16,243.9199981689453,245.67999267578125,223.9499969482422,225.0399932861328,10303500
2020-03-17,230.82000732421875,248.75999450683594,228.2899932861328,244.22000122070312,9642200
2020-03-18,225.75,231.4499969482422,200.19000244140625,217.05999755859375,12917500
2020-03-19,216.97999572753906,226.1199951171875,208.94000244140625,219.8000030517578,8065200
2020-03-20,223.17999267578125,232.63999938964844,203.4600067138672,206.58999633789062,9364100
2020-03-23,202.0399932861328,205.75,187.72000122070312,194.86000061035156,10654500
2020-03-24,202.13999938964844,220.27000427246094,199.0,219.8000030517578,8894400
2020-03-25,219.08999633789062,247.50999450683594,216.0,234.49000549316406,10014000
2020-03-26,234.02999877929688,257.9599914550781,232.3000030517578,255.38999938964844,7517600
2020-03-27,242.94000244140625,251.60000610351562,238.24000549316406,242.4499969482422,4879500
2020-03-30,242.63999938964844,254.08999633789062,242.63999938964844,251.27999877929688,5329000
2020-03-31,243.47999572753906,254.52999877929688,243.0,249.3800048828125,5450000
2020-04-01,238.69000244140625,246.61000061035156,235.44000244140625,237.32000732421875,4548800
2020-04-02,235.3000030517578,242.0,226.02999877929688,240.44000244140625,4636800
2020-04-03,238.32000732421875,239.33999633789062,227.27000427246094,229.49000549316406,4650300
2020-04-06,240.0,249.2899932861328,235.1199951171875,248.33999633789062,6365900
2020-04-07,259.80999755859375,266.7099914550781,246.5399932861328,248.0399932861328,4984100
2020-04-08,247.69000244140625,269.1600036621094,246.25999450683594,267.8299865722656,6390200
2020-04-09,265.0,270.3999938964844,261.6000061035156,264.1300048828125,4923300
2020-04-13,262.05999755859375,264.9599914550781,258.17999267578125,263.510009765625,2964900
2020-04-14,269.0,273.07000732421875,267.0,270.5,4778900
2020-04-15,276.3299865722656,282.989990234375,270.67999267578125,281.67999267578125,7841800
2020-04-16,283.44000244140625,300.0,280.010009765625,298.42999267578125,7738900
2020-04-17,300.989990234375,304.0,287.1000061035156,290.55999755859375,5857500
2020-04-20,285.29998779296875,289.010009765625,281.2699890136719,282.1400146484375,4072600
2020-04-21,274.95001220703125,280.0,273.25,274.19000244140625,3977500
2020-04-22,279.5799865722656,283.82000732421875,276.7099914550781,277.0199890136719,3663300
2020-04-23,279.05999755859375,288.4599914550781,278.5400085449219,285.3299865722656,4420500
2020-04-24,287.2900085449219,291.8999938964844,284.0,291.2900085449219,3265000
2020-04-27,293.2099914550781,296.8599853515625,290.6300048828125,293.9800109863281,3706200
2020-04-28,298.0,298.25,285.6199951171875,288.3599853515625,3862900
2020-04-29,292.0,292.75,286.1000061035156,287.6499938964844,4258400
2020-04-30,286.6499938964844,295.0,285.5199890136719,292.4700012207031,7631700
2020-05-01,288.3900146484375,289.0,279.6000061035156,284.510009765625,3526100
2020-05-04,284.489990234375,287.94000244140625,282.1099853515625,287.5400085449219,2894200
2020-05-05,289.9599914550781,296.0,287.2900085449219,293.0400085449219,2501300
2020-05-06,295.1000061035156,297.67999267578125,288.44000244140625,288.7699890136719,2579200
2020-05-07,291.05999755859375,292.2900085449219,284.5199890136719,285.0,3162300
2020-05-08,289.489990234375,290.0,285.6600036621094,287.0,3200000
2020-05-11,285.55999755859375,290.1000061035156,285.260009765625,288.69000244140625,3490700
2020-05-12,291.7699890136719,293.1499938964844,287.70001220703125,287.70001220703125,4214300
2020-05-13,284.489990234375,286.3999938964844,275.55999755859375,278.0,5474100
2020-05-14,275.92999267578125,292.45001220703125,275.6400146484375,290.6099853515625,5704600
2020-05-15,292.4100036621094,300.0,290.7200012207031,290.9599914550781,12182800
2020-05-18,298.4800109863281,299.7200012207031,292.0199890136719,293.3599853515625,4015100
2020-05-19,290.739990234375,294.6300048828125,288.8800048828125,289.04998779296875,3059400
2020-05-20,292.8999938964844,292.8999938964844,286.70001220703125,287.989990234375,3200600
2020-05-21,286.0400085449219,290.1300048828125,284.92999267578125,286.9100036621094,3604900
2020-05-22,287.29998779296875,290.239990234375,284.7900085449219,289.94000244140625,2922800
2020-05-26,296.5,297.0299987792969,292.5,294.8900146484375,4567800
2020-05-27,297.4200134277344,303.79998779296875,290.79998779296875,303.7699890136719,5618900
2020-05-28,305.95001220703125,309.6600036621094,303.2900085449219,303.9700012207031,4387700
2020-05-29,304.7200012207031,308.3699951171875,300.8500061035156,304.8500061035156,6251500
2020-06-01,304.0199890136719,305.9800109863281,300.55999755859375,305.92999267578125,2894000
2020-06-02,305.5799865722656,308.1000061035156,301.7300109863281,306.30999755859375,2756800
2020-06-03,307.8500061035156,310.1199951171875,302.739990234375,305.3500061035156,4360000
2020-06-04,303.17999267578125,304.4700012207031,294.2900085449219,298.0799865722656,4374300
2020-06-05,304.0,314.2799987792969,300.5,311.8500061035156,5554300
2020-06-08,308.6400146484375,315.8399963378906,307.92999267578125,309.4800109863281,4635500
2020-06-09,309.8999938964844,312.6499938964844,307.3299865722656,309.2099914550781,3061500
2020-06-10,308.94000244140625,310.30999755859375,302.8599853515625,305.75,3296100
2020-06-11,303.3599853515625,303.3599853515625,280.79998779296875,283.7300109863281,6638900
2020-06-12,290.6499938964844,294.1000061035156,278.70001220703125,285.1499938964844,5416800
2020-06-15,278.0199890136719,287.0,273.7099914550781,286.2799987792969,4494600
2020-06-16,295.44000244140625,297.57000732421875,287.44000244140625,293.0,4245400
2020-06-17,295.1000061035156,295.1000061035156,291.2300109863281,292.6000061035156,2538000
2020-06-18,290.42999267578125,291.7799987792969,286.6000061035156,291.4800109863281,2926600
2020-06-19,294.42999267578125,296.5199890136719,290.9100036621094,291.239990234375,5172800
2020-06-22,289.7900085449219,293.0,286.260009765625,292.6700134277344,2174100
2020-06-23,294.010009765625,299.2799987792969,291.07000732421875,297.6000061035156,4023400
2020-06-24,293.989990234375,297.1000061035156,285.57000732421875,289.17999267578125,3399900
2020-06-25,288.2799987792969,296.7799987792969,286.05999755859375,296.2200012207031,3112500
2020-06-26,295.1400146484375,296.5799865722656,285.82000732421875,286.8800048828125,5043200
2020-06-29,288.45001220703125,292.2799987792969,286.6199951171875,289.760009765625,2356700
2020-06-30,288.57000732421875,296.45001220703125,287.6600036621094,294.95001220703125,2932900
2020-07-01,295.8299865722656,300.3999938964844,295.239990234375,297.7300109863281,2303800
2020-07-02,300.5,303.0799865722656,297.17999267578125,298.260009765625,1971700
2020-07-06,303.0,303.489990234375,299.3299865722656,302.80999755859375,2395000
2020-07-07,300.6600036621094,303.55999755859375,295.95001220703125,296.6499938964844,2075700
2020-07-08,297.3500061035156,300.8699951171875,295.67999267578125,298.3599853515625,1987400
2020-07-09,295.1000061035156,298.54998779296875,287.5,291.1600036621094,3061700
2020-07-10,294.239990234375,294.239990234375,287.1000061035156,291.2300109863281,2391600
2020-07-13,292.0899963378906,304.5199890136719,291.7699890136719,299.7099914550781,4263300
2020-07-14,297.80999755859375,309.739990234375,296.7099914550781,308.5199890136719,4234900
2020-07-15,301.1199951171875,310.69000244140625,298.6600036621094,304.07000732421875,5116900
2020-07-16,305.010009765625,310.8500061035156,303.1600036621094,307.1499938964844,3844500
2020-07-17,309.0899963378906,310.9700012207031,306.25,306.5299987792969,3016500
2020-07-20,306.7900085449219,308.6000061035156,302.3800048828125,303.4599914550781,2375500
2020-07-21,305.0299987792969,307.0,303.1099853515625,305.1099853515625,2340200
2020-07-22,304.8599853515625,306.9100036621094,301.80999755859375,306.7099914550781,1935800
2020-07-23,308.20001220703125,308.5,301.2699890136719,302.9700012207031,2367700
2020-07-24,303.3299865722656,304.2799987792969,299.2300109863281,300.7900085449219,2415700
2020-07-27,298.42999267578125,302.1300048828125,297.3699951171875,298.6000061035156,2060500
2020-07-28,297.8900146484375,301.3999938964844,297.2099914550781,299.92999267578125,2257400
2020-07-29,301.4599914550781,309.75,300.0,306.67999267578125,2672700
2020-07-30,301.67999267578125,306.4599914550781,298.8900146484375,305.2300109863281,2205300
2020-07-31,303.44000244140625,303.739990234375,298.04998779296875,302.7799987792969,3913500
2020-08-03,303.5899963378906,304.9100036621094,299.20001220703125,303.6099853515625,2628500
2020-08-04,301.9100036621094,308.8599853515625,300.07000732421875,304.5,3594900
2020-08-05,306.8299865722656,312.9599914550781,305.0199890136719,312.4700012207031,2982200
2020-08-06,312.0,316.239990234375,310.3999938964844,314.05999755859375,3305300
2020-08-07,313.3399963378906,319.0,313.3399963378906,317.0299987792969,2600800
2020-08-10,317.0,320.4700012207031,315.5799865722656,319.1000061035156,2563600
2020-08-11,322.9200134277344,324.57000732421875,314.6600036621094,315.54998779296875,3018200
2020-08-12,318.0,323.2900085449219,317.6400146484375,322.2699890136719,2915800
2020-08-13,320.67999267578125,321.8699951171875,317.8399963378906,321.5199890136719,2159500
2020-08-14,320.5400085449219,323.92999267578125,318.7300109863281,323.70001220703125,1787200
2020-08-17,321.45001220703125,323.79998779296875,319.3500061035156,320.510009765625,2772500
2020-08-18,321.9800109863281,322.6700134277344,315.7099914550781,316.80999755859375,2520000
2020-08-19,316.7699890136719,319.489990234375,315.17999267578125,315.3999938964844,2066700
2020-08-20,314.8299865722656,315.2799987792969,312.010009765625,313.3299865722656,2245600
2020-08-21,311.2799987792969,315.2799987792969,310.0899963378906,314.1400146484375,2488500
2020-08-24,316.80999755859375,316.8999938964844,306.489990234375,308.8399963378906,2922200
2020-08-25,312.20001220703125,312.3599853515625,307.79998779296875,312.2200012207031,1879300
2020-08-26,310.9800109863281,311.3599853515625,303.6099853515625,308.82000732421875,3178900
2020-08-27,310.4100036621094,314.7699890136719,305.489990234375,311.6700134277344,2321000
2020-08-28,312.3399963378906,315.82000732421875,308.9700012207031,314.3699951171875,2883500
2020-08-31,314.8900146484375,319.55999755859375,312.5400085449219,312.54998779296875,4341600
2020-09-01,310.1600036621094,314.7200012207031,310.0,312.8299865722656,2487100
2020-09-02,312.55999755859375,321.2799987792969,312.55999755859375,320.239990234375,2846500
2020-09-03,322.0,323.82000732421875,313.7300109863281,316.2300109863281,3872500
2020-09-04,316.4800109863281,317.8299865722656,306.6300048828125,312.0,2901000
2020-09-08,311.0299987792969,311.4599914550781,303.8299865722656,307.25,2594500
2020-09-09,309.67999267578125,315.32000732421875,308.4200134277344,312.0199890136719,2195600
2020-09-10,312.7300109863281,314.44000244140625,303.7200012207031,304.6000061035156,2421200
2020-09-11,305.07000732421875,306.4599914550781,297.2900085449219,301.4800109863281,3085900
2020-09-14,303.010009765625,311.1199951171875,303.010009765625,308.57000732421875,1795500
2020-09-15,310.04998779296875,311.4599914550781,306.04998779296875,307.2300109863281,1468300
2020-09-16,309.07000732421875,312.25,306.20001220703125,306.5199890136719,3438200
2020-09-17,304.5,307.3800048828125,302.1099853515625,304.9800109863281,2394100
2020-09-18,305.010009765625,310.3900146484375,303.7699890136719,308.0199890136719,3795400
2020-09-21,300.4700012207031,300.5299987792969,291.6600036621094,299.19000244140625,4124700
2020-09-22,298.44000244140625,300.6199951171875,292.9200134277344,294.260009765625,3163600
2020-09-23,295.0,296.1000061035156,291.8299865722656,292.1400146484375,3709900
2020-09-24,292.19000244140625,294.92999267578125,289.6400146484375,292.6600036621094,2869100
2020-09-25,291.25,303.2699890136719,291.2200012207031,302.5,2455800
2020-09-28,306.3900146484375,310.010009765625,302.8299865722656,303.2300109863281,2575700
2020-09-29,303.6700134277344,305.5,300.67999267578125,304.1499938964844,1797800
2020-09-30,304.0199890136719,314.5199890136719,303.989990234375,311.7699890136719,3497300
2020-10-01,312.9100036621094,315.1700134277344,309.1499938964844,313.07000732421875,2731200
2020-10-02,312.1000061035156,317.3900146484375,308.3599853515625,311.9800109863281,2338000
2020-10-05,315.07000732421875,318.4200134277344,313.1199951171875,318.1499938964844,1638600
2020-10-06,318.95001220703125,320.29998779296875,313.489990234375,314.45001220703125,2434400
2020-10-07,315.82000732421875,324.739990234375,315.82000732421875,323.1700134277344,2596600
2020-10-08,323.42999267578125,325.3500061035156,320.989990234375,322.4100036621094,2056700
2020-10-09,324.6600036621094,328.1700134277344,323.9200134277344,327.8399963378906,2028900
2020-10-12,329.1199951171875,333.55999755859375,329.010009765625,329.9700012207031,2424200
2020-10-13,328.5,333.70001220703125,327.7099914550781,331.4200134277344,2713500
2020-10-14,322.07000732421875,330.57000732421875,320.20001220703125,321.8500061035156,4455400
2020-10-15,318.8500061035156,326.9700012207031,316.3299865722656,324.57000732421875,3172200
2020-10-16,325.4599914550781,332.3500061035156,324.7300109863281,329.8999938964844,3293300
2020-10-19,328.5400085449219,330.7799987792969,322.05999755859375,324.2200012207031,2482100
2020-10-20,326.6199951171875,328.6199951171875,323.2799987792969,323.4100036621094,1988600
2020-10-21,323.4100036621094,326.489990234375,322.17999267578125,322.7900085449219,2139000
2020-10-22,322.32000732421875,328.05999755859375,322.25,325.7300109863281,2100600
2020-10-23,329.1600036621094,335.6499938964844,328.1300048828125,330.6000061035156,2349500
2020-10-26,326.32000732421875,327.75,318.5400085449219,323.05999755859375,2408500
2020-10-27,323.05999755859375,323.5,319.42999267578125,320.510009765625,2427700
2020-10-28,313.3299865722656,317.80999755859375,307.44000244140625,308.0,3301400
2020-10-29,306.5899963378906,309.4800109863281,301.4599914550781,303.67999267578125,3279200
2020-10-30,303.2300109863281,307.1700134277344,299.6000061035156,305.1400146484375,3556800
2020-11-02,312.6400146484375,312.6400146484375,307.3599853515625,312.1000061035156,4519000
2020-11-03,317.4700012207031,326.44000244140625,315.0199890136719,321.3500061035156,4043900
2020-11-04,345.2300109863281,360.44000244140625,341.1400146484375,354.55999755859375,10344900
2020-11-05,358.07000732421875,360.9800109863281,349.67999267578125,354.3999938964844,4786500
2020-11-06,350.3599853515625,352.0,344.57000732421875,347.4599914550781,2994900
2020-11-09,366.30999755859375,367.95001220703125,348.9800109863281,350.0,4635300
2020-11-10,349.489990234375,355.8999938964844,348.1700134277344,353.69000244140625,3733200
2020-11-11,356.1600036621094,356.80999755859375,349.4100036621094,351.70001220703125,2048200
2020-11-12,351.3999938964844,360.5199890136719,349.75,354.4100036621094,2907300
2020-11-13,356.8599853515625,357.94000244140625,352.7900085449219,355.6700134277344,2442100
2020-11-16,358.95001220703125,359.5799865722656,351.010009765625,356.82000732421875,2790100
2020-11-17,352.3900146484375,353.3599853515625,347.5,352.1000061035156,2557600
2020-11-18,353.42999267578125,354.04998779296875,343.0899963378906,344.510009765625,2722500
2020-11-19,342.2900085449219,343.07000732421875,334.3299865722656,337.0,3935600
2020-11-20,335.0,337.6600036621094,331.7099914550781,334.70001220703125,3702000
2020-11-23,335.54998779296875,336.260009765625,331.5899963378906,335.05999755859375,2535700
2020-11-24,336.17999267578125,340.0,334.42999267578125,336.010009765625,3759700
2020-11-25,338.82000732421875,338.82000732421875,329.1400146484375,333.19000244140625,3145100
2020-11-27,333.5299987792969,338.8999938964844,331.8399963378906,337.94000244140625,1558600
2020-11-30,335.1099853515625,337.94000244140625,330.2900085449219,336.3399963378906,5265700
2020-12-01,344.7699890136719,354.1000061035156,339.92999267578125,341.19000244140625,3817700
2020-12-02,341.7699890136719,351.8299865722656,341.5,347.55999755859375,2864300
2020-12-03,347.8999938964844,352.7699890136719,346.489990234375,348.67999267578125,4169200
2020-12-04,346.0,351.4700012207031,345.75,349.8900146484375,3255100
2020-12-07,348.7200012207031,349.8900146484375,345.2200012207031,347.8599853515625,2999400
2020-12-08,344.75,349.8999938964844,344.0799865722656,347.8599853515625,2471200
2020-12-09,348.8900146484375,349.4100036621094,341.6099853515625,344.4100036621094,2600400
2020-12-10,345.1600036621094,345.4599914550781,339.260009765625,339.6499938964844,2896900
2020-12-11,338.1300048828125,338.8800048828125,334.3299865722656,337.07000732421875,3071700
2020-12-14,340.0299987792969,343.2300109863281,335.8599853515625,336.1300048828125,2479000
2020-12-15,339.1400146484375,341.010009765625,337.0400085449219,339.6700134277344,2616500
2020-12-16,336.8299865722656,341.6600036621094,334.260009765625,339.3399963378906,2365600
2020-12-17,339.80999755859375,342.6000061035156,337.30999755859375,341.6700134277344,2525700
2020-12-18,342.5199890136719,342.6099853515625,334.0,338.3800048828125,8742700
2020-12-21,332.07000732421875,336.95001220703125,329.3999938964844,336.0799865722656,2892700
2020-12-22,335.1600036621094,336.9800109863281,333.4700012207031,335.010009765625,2069700
2020-12-23,336.489990234375,341.6499938964844,336.0299987792969,337.5899963378906,2348100
2020-12-24,336.44000244140625,341.4100036621094,336.44000244140625,340.7900085449219,1360600
2020-12-28,343.2099914550781,347.7900085449219,343.05999755859375,345.95001220703125,2308200
2020-12-29,347.989990234375,351.2900085449219,345.0,347.3500061035156,2275700
2020-12-30,347.0799865722656,349.010009765625,344.4700012207031,344.989990234375,1866000
2020-12-31,345.0400085449219,351.0899963378906,344.04998779296875,350.67999267578125,1969000
2021-01-04,351.45001220703125,352.0799865722656,340.3800048828125,349.5,4203800
2021-01-05,348.69000244140625,351.3599853515625,344.4800109863281,344.79998779296875,3160500
2021-01-06,337.1099853515625,359.489990234375,335.1099853515625,359.2699890136719,6561400
2021-01-07,358.5400085449219,366.45001220703125,357.9200134277344,365.0299987792969,3366700
2021-01-08,367.0,367.489990234375,358.760009765625,363.3900146484375,2947800
2021-01-11,362.6199951171875,364.2900085449219,359.19000244140625,360.75,2695100
2021-01-12,357.94000244140625,360.0799865722656,355.2300109863281,357.3699951171875,2372500
2021-01-13,356.0400085449219,356.80999755859375,351.2300109863281,355.0400085449219,1974500
2021-01-14,356.8500061035156,358.80999755859375,350.4200134277344,350.5299987792969,2919900
2021-01-15,349.1199951171875,353.04998779296875,345.739990234375,351.29998779296875,3777000
2021-01-19,356.2099914550781,356.9599914550781,351.55999755859375,352.19000244140625,3361300
2021-01-20,351.8800048828125,352.0799865722656,345.8299865722656,350.8399963378906,3036800
2021-01-21,350.80999755859375,360.8900146484375,350.739990234375,355.0,3749800
2021-01-22,353.30999755859375,354.6199951171875,347.5400085449219,347.54998779296875,2585100
2021-01-25,347.1499938964844,350.3900146484375,344.6000061035156,347.80999755859375,2506300
2021-01-26,350.510009765625,351.510009765625,342.57000732421875,343.1099853515625,2467500
2021-01-27,337.0400085449219,338.0,329.010009765625,332.989990234375,4770900
2021-01-28,336.6400146484375,346.5799865722656,334.510009765625,338.1499938964844,2769900
2021-01-29,336.5299987792969,339.0199890136719,330.6300048828125,333.5799865722656,3899200
2021-02-01,335.0299987792969,338.1499938964844,332.739990234375,334.0,3020200
2021-02-02,337.1000061035156,344.6400146484375,337.1000061035156,338.7200012207031,2663700
2021-02-03,338.0,340.1600036621094,334.6000061035156,337.8900146484375,2537100
2021-02-04,332.32000732421875,335.2900085449219,328.3900146484375,329.32000732421875,5962200
2021-02-05,332.1099853515625,333.4800109863281,323.4800109863281,324.510009765625,7227900
2021-02-08,327.010009765625,327.0199890136719,323.80999755859375,324.3399963378906,4758200
2021-02-09,323.8999938964844,331.0400085449219,321.7099914550781,329.6300048828125,4096900
2021-02-10,332.6600036621094,335.760009765625,329.7699890136719,333.3999938964844,4122700
2021-02-11,335.0,336.6499938964844,331.5,333.07000732421875,2776700
2021-02-12,331.67999267578125,332.3999938964844,327.8800048828125,328.239990234375,2760800
2021-02-16,327.3599853515625,329.8399963378906,322.4800109863281,324.6199951171875,4339000
2021-02-17,323.4599914550781,328.6000061035156,322.239990234375,326.8599853515625,2620000
2021-02-18,325.8999938964844,329.5799865722656,325.20001220703125,328.4100036621094,2383500
2021-02-19,328.75,328.8500061035156,324.1099853515625,324.5799865722656,2313800
2021-02-22,321.5,329.04998779296875,320.3500061035156,327.6400146484375,2688300
2021-02-23,329.989990234375,333.94000244140625,326.6400146484375,329.510009765625,3225700
2021-02-24,328.489990234375,333.6000061035156,326.0400085449219,332.2099914550781,3360500
2021-02-25,331.0,333.6000061035156,327.3599853515625,328.8699951171875,2780100
2021-02-26,330.54998779296875,337.9100036621094,329.8500061035156,332.2200012207031,5430000
2021-03-01,334.3599853515625,338.9100036621094,333.67999267578125,334.6499938964844,4198900
2021-03-02,335.0,337.6700134277344,333.8900146484375,334.6400146484375,2568900
2021-03-03,333.32000732421875,338.1600036621094,332.7799987792969,332.8699951171875,3039700
2021-03-04,334.1700134277344,340.8399963378906,332.6700134277344,333.80999755859375,4991600
2021-03-05,335.0299987792969,348.2900085449219,335.0199890136719,347.1000061035156,4563100
2021-03-08,347.010009765625,354.0,345.6000061035156,350.1700134277344,3419900
2021-03-09,352.9200134277344,361.25,351.3399963378906,351.9800109863281,4277600
2021-03-10,353.9100036621094,354.4800109863281,348.5,349.6000061035156,3012300
2021-03-11,350.760009765625,355.9700012207031,349.8699951171875,353.1000061035156,2520500
2021-03-12,353.1700134277344,356.82000732421875,351.989990234375,356.0199890136719,2088700
2021-03-15,356.9200134277344,357.94000244140625,351.54998779296875,353.8800048828125,2343400
2021-03-16,353.5299987792969,355.3599853515625,351.9100036621094,354.6000061035156,2904200
2021-03-17,355.1700134277344,358.07000732421875,351.8299865722656,352.17999267578125,2633100
2021-03-18,352.8699951171875,364.32000732421875,352.3399963378906,362.04998779296875,3311600
2021-03-19,361.9200134277344,370.4599914550781,359.010009765625,365.5799865722656,8572900
2021-03-22,365.0,368.5799865722656,360.1099853515625,366.8599853515625,3505200
2021-03-23,368.8500061035156,371.5400085449219,367.2200012207031,368.5,3100100
2021-03-24,366.04998779296875,373.79998779296875,365.510009765625,370.6000061035156,3407800
2021-03-25,370.6000061035156,372.1099853515625,363.3900146484375,371.0899963378906,3021500
2021-03-26,371.67999267578125,377.05999755859375,370.2900085449219,376.4800109863281,2959800
2021-03-29,376.3599853515625,380.5,374.989990234375,379.05999755859375,2740400
2021-03-30,377.54998779296875,379.8800048828125,371.79998779296875,373.55999755859375,3066000
2021-03-31,372.79998779296875,377.0,371.79998779296875,372.07000732421875,3356500
2021-04-01,372.20001220703125,372.69000244140625,365.760009765625,367.07000732421875,2977700
2021-04-05,369.6199951171875,372.6300048828125,367.6400146484375,370.17999267578125,2709400
2021-04-06,368.7799987792969,369.7900085449219,362.7200012207031,364.3699951171875,2698600
2021-04-07,364.19000244140625,365.8800048828125,360.54998779296875,365.6400146484375,2158900
2021-04-08,363.1099853515625,366.9100036621094,363.1099853515625,364.8900146484375,2426700
2021-04-09,368.3500061035156,376.6099853515625,367.0,376.29998779296875,2483200
2021-04-12,374.4800109863281,379.8299865722656,374.0299987792969,376.2799987792969,3057300
2021-04-13,376.25,379.30999755859375,374.3299865722656,374.5,2652300
2021-04-14,375.3399963378906,378.010009765625,374.5799865722656,375.6300048828125,2805600
2021-04-15,380.0,392.3599853515625,380.0,390.010009765625,4488300
2021-04-16,393.9200134277344,393.9200134277344,385.4599914550781,391.010009765625,4532400
2021-04-19,390.0,393.3900146484375,388.4700012207031,389.8399963378906,2965400
2021-04-20,389.8599853515625,397.8800048828125,389.4200134277344,396.5299987792969,3348100
2021-04-21,398.8599853515625,401.4800109863281,395.44000244140625,398.80999755859375,2473300
2021-04-22,398.44000244140625,398.760009765625,393.19000244140625,396.5400085449219,2718600
2021-04-23,395.6199951171875,401.989990234375,394.5,400.30999755859375,2263200
2021-04-26,399.80999755859375,400.0,395.2099914550781,395.8599853515625,1642300
2021-04-27,394.6600036621094,396.3299865722656,392.29998779296875,394.5,1758500
2021-04-28,395.17999267578125,396.989990234375,393.29998779296875,394.5899963378906,1886500
2021-04-29,396.75,402.1600036621094,396.29998779296875,401.54998779296875,1996500
2021-04-30,401.0,401.8599853515625,398.3500061035156,398.79998779296875,2328100
2021-05-03,401.0,406.7699890136719,400.5299987792969,405.8999938964844,2568500
2021-05-04,405.4800109863281,412.4700012207031,403.5,411.3399963378906,3237200
2021-05-05,410.5,412.75,406.79998779296875,412.5,2767600
2021-05-06,413.0,416.8500061035156,412.55999755859375,414.9700012207031,3058700
2021-05-07,415.0,419.0199890136719,414.07000732421875,417.6499938964844,1851000
2021-05-10,419.2699890136719,425.9800109863281,418.2200012207031,420.8900146484375,2489300
2021-05-11,421.0,422.2900085449219,410.6099853515625,411.70001220703125,3024000
2021-05-12,409.2900085449219,410.8500061035156,404.67999267578125,405.3699951171875,2888100
2021-05-13,406.2799987792969,413.17999267578125,404.32000732421875,408.55999755859375,2637500
2021-05-14,410.989990234375,412.5899963378906,408.5,409.79998779296875,2072900
2021-05-17,409.30999755859375,412.510009765625,408.57000732421875,408.6300048828125,1583900
2021-05-18,409.69000244140625,412.9599914550781,406.2699890136719,410.3800048828125,2694800
2021-05-19,409.489990234375,410.7200012207031,404.25,409.5,2783100
2021-05-20,409.5299987792969,413.8299865722656,408.32000732421875,408.6400146484375,2105800
2021-05-21,410.760009765625,418.6300048828125,409.4599914550781,411.6300048828125,4295400
2021-05-24,412.3699951171875,413.8999938964844,409.9200134277344,410.95001220703125,1883600
2021-05-25,411.8500061035156,413.8599853515625,408.8900146484375,413.04998779296875,2285600
2021-05-26,412.1000061035156,415.29998779296875,411.010009765625,413.2099914550781,1903900
2021-05-27,414.9200134277344,415.1099853515625,410.3800048828125,412.70001220703125,2041800
2021-05-28,412.70001220703125,415.4700012207031,410.0199890136719,411.9200134277344,2367900
2021-06-01,413.7300109863281,413.7300109863281,406.1600036621094,406.7200012207031,2199600
2021-06-02,409.1400146484375,409.1400146484375,404.54998779296875,405.8500061035156,2232900
2021-06-03,403.5,409.760009765625,402.8399963378906,407.9599914550781,2281200
2021-06-04,410.9599914550781,411.0,404.6499938964844,405.6400146484375,2990900
2021-06-07,406.9599914550781,407.2099914550781,398.69000244140625,400.25,3353800
2021-06-08,400.7200012207031,402.75,398.75,401.739990234375,3051300
2021-06-09,403.3299865722656,405.7799987792969,400.5299987792969,401.1000061035156,1925700
2021-06-10,401.9100036621094,402.8500061035156,398.4700012207031,401.489990234375,4033600
2021-06-11,403.3500061035156,403.3599853515625,394.7799987792969,397.8900146484375,3094300
2021-06-14,397.29998779296875,399.4700012207031,395.1300048828125,399.1600036621094,2674900
2021-06-15,399.9599914550781,401.5,396.4700012207031,400.2799987792969,2845800
2021-06-16,401.1000061035156,403.1499938964844,396.6700134277344,397.25,3330800
2021-06-17,396.0,398.07000732421875,394.6099853515625,397.3500061035156,3532000
2021-06-18,387.2799987792969,392.6600036621094,387.25,389.3699951171875,5521400
2021-06-21,389.3699951171875,399.20001220703125,389.2200012207031,398.07000732421875,3839300
2021-06-22,400.6099853515625,400.6499938964844,397.82000732421875,398.69000244140625,3964600
2021-06-23,397.82000732421875,399.0,395.2699890136719,395.55999755859375,2942100
2021-06-24,398.32000732421875,402.1600036621094,396.8399963378906,398.8699951171875,3309100
2021-06-25,400.1000061035156,409.9800109863281,399.0199890136719,404.95001220703125,16928900
2021-06-28,404.95001220703125,404.989990234375,397.92999267578125,401.4599914550781,3193300
2021-06-29,401.9700012207031,403.20001220703125,397.4800109863281,398.1000061035156,2458800
2021-06-30,397.5400085449219,401.3999938964844,396.79998779296875,400.44000244140625,2875600
2021-07-01,402.0299987792969,405.2099914550781,401.80999755859375,404.8900146484375,2678100
2021-07-02,405.0899963378906,409.8699951171875,403.8800048828125,409.3599853515625,1982400
2021-07-06,408.6700134277344,411.1600036621094,405.7099914550781,410.260009765625,2615300
2021-07-07,410.3500061035156,412.17999267578125,407.20001220703125,411.6600036621094,2270400
2021-07-08,408.6099853515625,410.8299865722656,405.0799865722656,409.95001220703125,2032300
2021-07-09,412.5299987792969,413.25,410.6400146484375,412.1099853515625,2078900
2021-07-12,411.0199890136719,416.3999938964844,410.30999755859375,416.0400085449219,2802600
2021-07-13,416.3800048828125,419.69000244140625,415.7099914550781,418.5400085449219,2948900
2021-07-14,420.7699890136719,422.5299987792969,413.3500061035156,414.739990234375,3538700
2021-07-15,411.9100036621094,421.7300109863281,407.20001220703125,420.04998779296875,3546500
2021-07-16,421.3599853515625,422.2900085449219,417.6400146484375,419.70001220703125,2625400
2021-07-19,417.239990234375,419.5299987792969,406.80999755859375,409.05999755859375,3611300
2021-07-20,411.0,417.7300109863281,410.6099853515625,412.9700012207031,3186700
2021-07-21,417.05999755859375,417.2300109863281,410.8299865722656,414.6400146484375,1863700
2021-07-22,416.0199890136719,416.8299865722656,413.7300109863281,415.7699890136719,1421900
2021-07-23,417.8999938964844,419.3399963378906,415.989990234375,417.70001220703125,1611700
2021-07-26,416.8299865722656,417.6700134277344,410.8999938964844,413.5400085449219,2232600
2021-07-27,412.0,415.260009765625,409.4599914550781,415.1000061035156,2630600
2021-07-28,414.489990234375,414.489990234375,406.79998779296875,409.1700134277344,2446600
2021-07-29,411.2799987792969,412.5799865722656,408.4200134277344,412.0799865722656,1597300
2021-07-30,410.760009765625,413.7699890136719,410.25,412.2200012207031,1864200
2021-08-02,413.57000732421875,416.44000244140625,412.80999755859375,415.57000732421875,1806500
2021-08-03,415.82000732421875,422.1400146484375,415.0799865722656,421.8999938964844,2496500
2021-08-04,422.04998779296875,423.6600036621094,419.7099914550781,421.5400085449219,1995400
2021-08-05,422.05999755859375,422.25,407.8900146484375,411.19000244140625,3598600
2021-08-06,412.010009765625,416.7699890136719,412.010009765625,415.1199951171875,1944000
2021-08-09,414.95001220703125,416.2300109863281,410.3500061035156,410.8699951171875,1509800
2021-08-10,410.510009765625,413.6499938964844,408.57000732421875,411.7799987792969,1441800
2021-08-11,413.0299987792969,413.92999267578125,407.510009765625,407.739990234375,1542600
2021-08-12,407.0,408.7300109863281,404.29998779296875,405.9599914550781,1939900
2021-08-13,407.0799865722656,410.04998779296875,405.9200134277344,409.6700134277344,1537800
2021-08-16,409.8399963378906,417.4200134277344,407.3299865722656,417.2099914550781,2377500
2021-08-17,417.1000061035156,422.5,416.6300048828125,421.7799987792969,2258000
2021-08-18,421.3500061035156,421.5899963378906,417.0899963378906,417.32000732421875,3037000
2021-08-19,415.3800048828125,428.3500061035156,412.3999938964844,427.8900146484375,3204500
2021-08-20,428.3500061035156,431.3599853515625,426.9100036621094,429.7099914550781,2401900
2021-08-23,430.55999755859375,430.55999755859375,424.8999938964844,425.3599853515625,2375900
2021-08-24,425.5199890136719,425.94000244140625,421.7200012207031,423.4100036621094,1619300
2021-08-25,421.8500061035156,423.6199951171875,419.45001220703125,419.739990234375,1939000
2021-08-26,419.7699890136719,421.3900146484375,416.6300048828125,416.8500061035156,1385400
2021-08-27,418.010009765625,420.3500061035156,416.1199951171875,418.760009765625,1621600
2021-08-30,418.760009765625,420.57000732421875,417.8900146484375,418.29998779296875,1284200
2021-08-31,417.0,420.739990234375,414.2200012207031,416.2699890136719,4249100
2021-09-01,416.5400085449219,419.8699951171875,411.239990234375,417.3500061035156,2034400
2021-09-02,419.1600036621094,424.3999938964844,418.239990234375,423.7099914550781,3137400
2021-09-03,421.92999267578125,424.0,420.6099853515625,422.8599853515625,1604800
2021-09-07,420.29998779296875,422.260009765625,417.5799865722656,421.239990234375,1920300
2021-09-08,421.19000244140625,422.8699951171875,414.20001220703125,415.3900146484375,2262500
2021-09-09,415.3399963378906,420.2200012207031,413.92999267578125,414.54998779296875,3508500
2021-09-10,415.55999755859375,416.0,402.5899963378906,403.9100036621094,4215800
2021-09-13,407.9800109863281,416.80999755859375,406.45001220703125,414.5199890136719,3068200
2021-09-14,417.5899963378906,417.5899963378906,411.3699951171875,412.5400085449219,2879800
2021-09-15,412.5199890136719,421.4200134277344,409.5,417.5199890136719,3180600
2021-09-16,419.6700134277344,423.3999938964844,414.9599914550781,416.8399963378906,2262700
2021-09-17,414.9700012207031,421.0899963378906,414.9700012207031,420.1600036621094,4534200
2021-09-20,416.9200134277344,419.29998779296875,408.7200012207031,412.70001220703125,2799800
2021-09-21,415.010009765625,418.7799987792969,412.2099914550781,412.3399963378906,2382200
2021-09-22,404.94000244140625,412.0,404.94000244140625,408.70001220703125,3629400
2021-09-23,409.79998779296875,414.8500061035156,407.510009765625,408.0299987792969,2681600
2021-09-24,406.94000244140625,407.8900146484375,405.2300109863281,407.0799865722656,1950400
2021-09-27,407.8299865722656,412.1499938964844,404.9599914550781,405.2699890136719,2608600
2021-09-28,402.6000061035156,404.0,397.0199890136719,398.6199951171875,3115400
2021-09-29,397.0,401.8500061035156,395.79998779296875,400.4100036621094,2056300
2021-09-30,401.489990234375,403.489990234375,390.4599914550781,390.739990234375,3779900
2021-10-01,391.6000061035156,393.69000244140625,383.1199951171875,392.42999267578125,3146600
2021-10-04,391.6199951171875,395.1499938964844,384.760009765625,387.010009765625,3074800
2021-10-05,389.3399963378906,396.010009765625,389.239990234375,393.42999267578125,3269400
2021-10-06,390.75,394.7799987792969,385.8399963378906,394.25,2809200
2021-10-07,396.760009765625,408.1700134277344,396.7099914550781,404.70001220703125,2813700
2021-10-08,406.4100036621094,409.1199951171875,402.6400146484375,408.4599914550781,2012200
2021-10-11,408.0,411.2200012207031,404.2099914550781,404.989990234375,2164200
2021-10-12,405.1099853515625,408.3800048828125,402.30999755859375,403.239990234375,2415700
2021-10-13,403.3399963378906,405.30999755859375,398.1099853515625,403.54998779296875,3021800
2021-10-14,425.6600036621094,433.5,417.79998779296875,420.3599853515625,6038800
2021-10-15,422.04998779296875,430.489990234375,421.5,428.07000732421875,3312000
2021-10-18,428.0,428.0,423.8399963378906,424.6199951171875,2232800
2021-10-19,426.8299865722656,427.82000732421875,423.3999938964844,424.3800048828125,1616800
2021-10-20,427.0,435.5299987792969,426.8399963378906,435.0899963378906,2764000
2021-10-21,435.5,442.5,435.0799865722656,442.2799987792969,2465100
2021-10-22,440.8399963378906,449.2900085449219,440.4599914550781,449.1600036621094,2736200
2021-10-25,450.0,452.6400146484375,446.44000244140625,449.489990234375,3553500
2021-10-26,450.489990234375,457.7099914550781,447.5899963378906,454.6400146484375,3103900
2021-10-27,454.6400146484375,460.44000244140625,453.4800109863281,453.4800109863281,3520400
2021-10-28,453.0,457.8999938964844,452.5199890136719,455.44000244140625,1672600
2021-10-29,454.4100036621094,461.3900146484375,453.05999755859375,460.4700012207031,2497800
2021-11-01,461.82000732421875,465.760009765625,451.17999267578125,454.1099853515625,2203100
2021-11-02,456.260009765625,456.44000244140625,450.3800048828125,452.0400085449219,2600000
2021-11-03,450.4200134277344,457.5199890136719,447.0400085449219,457.3299865722656,2438200
2021-11-04,457.6000061035156,458.510009765625,452.1600036621094,456.760009765625,2517300
2021-11-05,457.8299865722656,461.5199890136719,454.5799865722656,455.80999755859375,2905000
2021-11-08,456.8500061035156,464.19000244140625,454.30999755859375,462.6199951171875,2279900
2021-11-09,462.6199951171875,464.4700012207031,460.2900085449219,464.3500061035156,2657800
2021-11-10,465.3900146484375,466.0,456.6300048828125,459.8999938964844,2818200
2021-11-11,460.0,460.8500061035156,455.44000244140625,457.3900146484375,2246800
2021-11-12,460.6700134277344,461.0,457.0799865722656,458.989990234375,2609500
2021-11-15,458.0,458.2099914550781,450.5,450.79998779296875,2849600
2021-11-16,452.989990234375,458.3500061035156,449.3699951171875,449.6199951171875,3383800
2021-11-17,450.3900146484375,453.9599914550781,448.7300109863281,448.95001220703125,2281500
2021-11-18,448.7300109863281,452.80999755859375,447.1099853515625,449.4700012207031,2073800
2021-11-19,448.1300048828125,449.45001220703125,439.5,440.0,3536100
2021-11-22,442.82000732421875,443.75,437.3900146484375,437.5400085449219,2598700
2021-11-23,436.010009765625,447.5199890136719,436.0,447.1300048828125,2857000
2021-11-24,446.6400146484375,450.9800109863281,445.6400146484375,450.1600036621094,2248800
2021-11-26,444.9200134277344,448.17999267578125,438.2099914550781,439.9100036621094,2480600
2021-11-29,443.55999755859375,453.0799865722656,440.54998779296875,452.0,4079700
2021-11-30,447.05999755859375,451.3500061035156,441.25,444.2200012207031,7435400
2021-12-01,452.8900146484375,455.9200134277344,444.1400146484375,444.3399963378906,4325500
2021-12-02,443.1499938964844,447.8900146484375,439.2200012207031,446.0199890136719,4738700
2021-12-03,447.7699890136719,454.44000244140625,445.1700134277344,449.32000732421875,3038300
2021-12-06,452.1499938964844,461.7799987792969,451.5199890136719,460.1099853515625,4721500
2021-12-07,462.75,465.75,460.2300109863281,464.7300109863281,3105200
2021-12-08,466.0899963378906,470.1700134277344,462.489990234375,468.8599853515625,3228300
2021-12-09,468.5299987792969,474.4800109863281,467.3599853515625,473.32000732421875,2977400
2021-12-10,472.0,478.4800109863281,471.010009765625,478.2300109863281,2572300
2021-12-13,477.0199890136719,480.260009765625,474.010009765625,478.1400146484375,2724800
2021-12-14,479.75,483.0400085449219,477.17999267578125,479.4599914550781,3018000
2021-12-15,480.6000061035156,495.3999938964844,480.1400146484375,494.3800048828125,4188600
2021-12-16,494.010009765625,496.9599914550781,490.1099853515625,492.8599853515625,4080800
2021-12-17,491.4200134277344,493.1300048828125,486.3800048828125,487.1199951171875,5707200
2021-12-20,482.0,485.010009765625,475.260009765625,483.7300109863281,3145600
2021-12-21,487.0199890136719,489.0,482.20001220703125,487.2099914550781,2536000
2021-12-22,487.1499938964844,495.45001220703125,485.8999938964844,494.1300048828125,1687500
2021-12-23,495.0,498.1499938964844,492.80999755859375,495.3800048828125,1706500
2021-12-27,498.67999267578125,500.29998779296875,496.6400146484375,499.5,1349400
2021-12-28,502.0,505.32000732421875,500.3999938964844,502.94000244140625,1495500
2021-12-29,504.7799987792969,507.2200012207031,502.0,505.5799865722656,1573900
2021-12-30,507.92999267578125,509.2300109863281,503.6499938964844,504.42999267578125,1309800
2021-12-31,504.1400146484375,506.8699951171875,502.0400085449219,502.1400146484375,1695400
2022-01-03,500.0,502.8999938964844,493.04998779296875,502.2799987792969,3033600
2022-01-04,503.20001220703125,503.75,490.8800048828125,490.8999938964844,3908100
2022-01-05,494.7699890136719,497.0,489.69000244140625,489.69000244140625,3921100
2022-01-06,480.0,484.1400146484375,463.1199951171875,469.6499938964844,6555200
2022-01-07,467.69000244140625,467.9700012207031,455.54998779296875,458.6000061035156,5494200
2022-01-10,456.0,465.8599853515625,454.44000244140625,465.0,5831800
2022-01-11,467.20001220703125,470.45001220703125,460.6700134277344,469.0,3332800
2022-01-12,468.9700012207031,475.32000732421875,466.3399963378906,473.7200012207031,3502300
2022-01-13,475.8900146484375,476.54998779296875,465.9800109863281,467.42999267578125,3005300
2022-01-14,469.8900146484375,473.1700134277344,465.0799865722656,468.69000244140625,3665400
2022-01-18,465.1700134277344,465.7099914550781,458.3500061035156,460.989990234375,3938800
2022-01-19,468.0,475.489990234375,461.510009765625,462.5199890136719,4030900
2022-01-20,464.3800048828125,471.6300048828125,462.0,463.0,3228600
2022-01-21,463.5,470.7900085449219,461.07000732421875,461.1700134277344,4273200
2022-01-24,458.07000732421875,464.1400146484375,448.1300048828125,462.2699890136719,4780700
2022-01-25,454.07000732421875,459.489990234375,447.2699890136719,456.8399963378906,3428900
2022-01-26,458.45001220703125,463.8800048828125,453.45001220703125,458.42999267578125,4435900
2022-01-27,458.0799865722656,468.67999267578125,457.010009765625,461.6000061035156,3508100
2022-01-28,461.3999938964844,466.2799987792969,455.0799865722656,466.05999755859375,3364400
2022-01-31,465.0,473.17999267578125,464.3999938964844,472.57000732421875,3500500
2022-02-01,475.0,475.0,462.75,468.4100036621094,3148600
2022-02-02,469.05999755859375,481.9800109863281,469.05999755859375,479.7799987792969,3026800
2022-02-03,498.6499938964844,500.17999267578125,483.57000732421875,488.7699890136719,4370900
2022-02-04,481.75,489.6300048828125,480.19000244140625,483.1700134277344,3066400
2022-02-07,484.9100036621094,487.260009765625,481.29998779296875,483.70001220703125,2937200
2022-02-08,481.3500061035156,495.6700134277344,481.3500061035156,493.4100036621094,3534700
2022-02-09,497.0,500.92999267578125,496.2900085449219,498.1000061035156,2818100
2022-02-10,492.239990234375,494.2200012207031,485.07000732421875,486.7200012207031,2626100
2022-02-11,484.67999267578125,490.42999267578125,476.44000244140625,478.1300048828125,2493800
2022-02-14,475.1099853515625,477.739990234375,469.3299865722656,474.3999938964844,2549500
2022-02-15,475.94000244140625,481.1700134277344,475.20001220703125,478.2300109863281,3001000
2022-02-16,475.5,481.7300109863281,471.3999938964844,480.04998779296875,2651800
2022-02-17,478.1700134277344,479.2900085449219,468.8900146484375,470.3399963378906,2403100
2022-02-18,470.25,474.9200134277344,466.8299865722656,467.80999755859375,2992300
2022-02-22,463.8299865722656,467.19000244140625,457.82000732421875,462.510009765625,3029800
2022-02-23,467.19000244140625,467.7200012207031,458.8399963378906,459.6199951171875,2840300
2022-02-24,449.5199890136719,456.5899963378906,445.739990234375,455.8900146484375,3933000
2022-02-25,456.6499938964844,475.7799987792969,456.2300109863281,475.75,3314400
2022-02-28,465.8500061035156,477.30999755859375,465.6099853515625,475.8699951171875,3918300
2022-03-01,470.8900146484375,476.9599914550781,467.7300109863281,476.25,2917600
2022-03-02,478.19000244140625,487.1700134277344,477.8900146484375,485.3800048828125,3675900
2022-03-03,486.0,491.3800048828125,482.2200012207031,486.5899963378906,3139400
2022-03-04,480.69000244140625,499.6600036621094,477.489990234375,498.6499938964844,4170100
2022-03-07,500.0,500.0,483.0199890136719,486.8699951171875,4123300
2022-03-08,478.79998779296875,484.489990234375,471.5199890136719,473.4599914550781,3849500
2022-03-09,482.5799865722656,487.7200012207031,473.5899963378906,485.57000732421875,3115500
2022-03-10,479.3299865722656,493.7099914550781,477.8299865722656,491.44000244140625,2834800
2022-03-11,487.8299865722656,493.79998779296875,482.510009765625,482.8699951171875,2615000
2022-03-14,490.3999938964844,495.5899963378906,485.2799987792969,487.9200134277344,2704100
2022-03-15,490.0,499.94000244140625,487.30999755859375,497.9100036621094,3043000
2022-03-16,499.8299865722656,505.5,490.010009765625,498.260009765625,3497100
2022-03-17,496.0,507.1199951171875,495.17999267578125,507.0199890136719,2357200
2022-03-18,508.739990234375,510.67999267578125,501.55999755859375,506.1199951171875,5065600
2022-03-21,505.010009765625,513.0,504.3599853515625,507.6600036621094,2617700
2022-03-22,509.2699890136719,511.8500061035156,504.8399963378906,505.32000732421875,2752500
2022-03-23,502.2699890136719,507.05999755859375,501.3299865722656,503.2300109863281,2753200
2022-03-24,505.0,515.780029296875,503.8599853515625,513.4600219726562,2789200
2022-03-25,514.1900024414062,516.530029296875,509.239990234375,513.030029296875,2551100
2022-03-28,514.3200073242188,517.1400146484375,508.80999755859375,513.2000122070312,2643000
2022-03-29,517.0999755859375,519.5900268554688,507.29998779296875,510.7300109863281,3478400
2022-03-30,515.1099853515625,521.2000122070312,512.47998046875,520.8200073242188,3041200
2022-03-31,517.0999755859375,521.8900146484375,509.6700134277344,509.9700012207031,3979700
2022-04-01,510.67999267578125,514.780029296875,506.6000061035156,512.5900268554688,2344100
2022-04-04,512.2100219726562,512.47998046875,504.5299987792969,510.0199890136719,2657500
2022-04-05,510.0,524.72998046875,508.0,517.760009765625,3268600
2022-04-06,518.219970703125,533.52001953125,518.0,531.75,3955600
2022-04-07,530.0,538.280029296875,528.3900146484375,536.9500122070312,2867000
2022-04-08,539.0,548.969970703125,538.0999755859375,545.9600219726562,3986700
2022-04-11,543.5999755859375,547.6099853515625,536.6400146484375,537.4400024414062,3574000
2022-04-12,535.4099731445312,540.72998046875,530.780029296875,533.7100219726562,3575700
2022-04-13,533.3200073242188,538.280029296875,528.6199951171875,537.0,3012000
2022-04-14,538.5,553.2899780273438,534.0700073242188,534.8200073242188,4211300
2022-04-18,537.9000244140625,541.0,530.3800048828125,534.0800170898438,2087100
2022-04-19,535.8900146484375,542.47998046875,535.239990234375,537.7000122070312,2207600
2022-04-20,542.1400146484375,548.3599853515625,539.0,546.010009765625,2986300
2022-04-21,545.5,548.0,536.030029296875,537.4400024414062,2539900
2022-04-22,532.0599975585938,533.3499755859375,520.1799926757812,520.9400024414062,3453300
2022-04-25,520.4000244140625,526.260009765625,511.7300109863281,524.27001953125,3030400
2022-04-26,524.239990234375,526.260009765625,513.510009765625,513.780029296875,2895300
2022-04-27,514.9099731445312,520.9000244140625,509.82000732421875,513.8099975585938,3353700
2022-04-28,516.760009765625,526.280029296875,513.1699829101562,524.4199829101562,2582700
2022-04-29,518.8499755859375,519.9000244140625,506.9599914550781,508.54998779296875,2873200
2022-05-02,510.80999755859375,513.510009765625,493.3399963378906,501.1499938964844,3184300
2022-05-03,501.1300048828125,505.5199890136719,497.4800109863281,499.6199951171875,2763400
2022-05-04,499.5,509.7699890136719,493.0899963378906,507.6199951171875,4002600
2022-05-05,507.2099914550781,510.6700134277344,489.2300109863281,494.7200012207031,3359700
2022-05-06,485.010009765625,501.57000732421875,485.0,499.6199951171875,3260300
2022-05-09,490.3999938964844,494.6300048828125,484.42999267578125,486.4200134277344,3862700
2022-05-10,493.80999755859375,496.3500061035156,481.1199951171875,488.010009765625,4275500
2022-05-11,484.3900146484375,500.5199890136719,484.3900146484375,486.1499938964844,3936300
2022-05-12,486.1000061035156,486.8900146484375,471.4200134277344,478.79998779296875,3997600
2022-05-13,480.9800109863281,487.0,475.80999755859375,485.3999938964844,2453400
2022-05-16,485.4100036621094,495.55999755859375,484.1499938964844,489.2200012207031,2338800
2022-05-17,494.0,494.7200012207031,488.4599914550781,492.5299987792969,2289000
2022-05-18,488.260009765625,489.2099914550781,468.3599853515625,471.3800048828125,3240500
2022-05-19,464.32000732421875,481.5799865722656,463.3299865722656,478.54998779296875,3813800
2022-05-20,481.3800048828125,487.4700012207031,472.30999755859375,485.7300109863281,3068200
2022-05-23,486.2900085449219,495.739990234375,486.2900085449219,492.0799865722656,2279800
2022-05-24,490.7900085449219,498.0799865722656,488.6600036621094,497.55999755859375,2658100
2022-05-25,498.5199890136719,502.30999755859375,491.260009765625,498.0899963378906,3161600
2022-05-26,501.739990234375,507.260009765625,499.4100036621094,502.2300109863281,2705800
2022-05-27,491.0,507.1099853515625,489.3900146484375,507.1099853515625,3349100
2022-05-31,503.6199951171875,504.1099853515625,495.6600036621094,496.7799987792969,4003100
2022-06-01,498.32000732421875,501.3800048828125,487.7799987792969,492.54998779296875,1765900
2022-06-02,494.0,496.1499938964844,482.9700012207031,492.260009765625,2093500
2022-06-03,488.3299865722656,491.6700134277344,484.8999938964844,485.6099853515625,1756900
2022-06-06,489.42999267578125,493.6300048828125,486.2900085449219,490.17999267578125,1781500
2022-06-07,489.5,497.6099853515625,487.1199951171875,497.1000061035156,2341900
2022-06-08,494.0,497.8999938964844,488.54998779296875,493.5299987792969,3268100
2022-06-09,492.8800048828125,496.4599914550781,487.6099853515625,489.42999267578125,3148800
2022-06-10,484.79998779296875,490.1600036621094,480.92999267578125,484.6300048828125,2599900
2022-06-13,475.1300048828125,481.3399963378906,467.260009765625,469.70001220703125,3764600
2022-06-14,467.5,469.17999267578125,457.4200134277344,461.75,3814200
2022-06-15,464.20001220703125,469.0199890136719,456.5,464.3299865722656,2550700
2022-06-16,453.3999938964844,457.80999755859375,450.67999267578125,456.0899963378906,3135600
2022-06-17,450.75,461.4599914550781,449.70001220703125,452.05999755859375,5277400
2022-06-21,457.80999755859375,485.1199951171875,457.1000061035156,480.32000732421875,5726800
2022-06-22,475.7200012207031,495.9200134277344,474.5400085449219,489.67999267578125,5061000
2022-06-23,494.95001220703125,503.5799865722656,491.9599914550781,499.80999755859375,4687700
2022-06-24,499.44000244140625,499.760009765625,486.55999755859375,495.6400146484375,15861100
2022-06-27,492.8299865722656,511.8900146484375,492.5799865722656,505.6600036621094,3907100
2022-06-28,512.0800170898438,518.6099853515625,505.0799865722656,508.44000244140625,4978200
2022-06-29,508.8500061035156,518.7000122070312,506.010009765625,515.7100219726562,3823400
2022-06-30,513.5499877929688,516.3200073242188,509.7200012207031,513.6300048828125,3568900
2022-07-01,512.3200073242188,517.530029296875,502.30999755859375,517.4000244140625,2426600
2022-07-05,507.6400146484375,511.0,492.25,505.239990234375,3029600
2022-07-06,505.6400146484375,517.4099731445312,504.29998779296875,515.2899780273438,2506700
2022-07-07,515.25,517.2999877929688,512.22998046875,514.3800048828125,2385400
2022-07-08,512.3099975585938,528.3699951171875,511.010009765625,518.6300048828125,3092100
2022-07-11,514.8599853515625,521.469970703125,511.80999755859375,516.9500122070312,1743600
2022-07-12,513.25,519.1400146484375,510.6199951171875,514.4199829101562,2706500
2022-07-13,508.07000732421875,511.8599853515625,501.19000244140625,501.239990234375,3467700
2022-07-14,495.0,505.8900146484375,492.2799987792969,502.42999267578125,3765500
2022-07-15,526.0599975585938,531.989990234375,515.4500122070312,529.75,5742500
2022-07-18,531.0,532.1599731445312,518.75,519.3699951171875,3212000
2022-07-19,521.0900268554688,533.8400268554688,520.5900268554688,533.4500122070312,2953500
2022-07-20,533.4500122070312,534.0499877929688,515.72998046875,519.469970703125,4327500
2022-07-21,519.3900146484375,522.469970703125,511.1400146484375,522.4600219726562,2667600
2022-07-22,526.0,527.5999755859375,518.4000244140625,521.4099731445312,1850300
2022-07-25,526.0900268554688,532.8900146484375,524.219970703125,529.469970703125,2337200
2022-07-26,533.7999877929688,537.6400146484375,531.030029296875,531.5900268554688,2637800
2022-07-27,533.5399780273438,537.8599853515625,528.0399780273438,534.6099853515625,2268100
2022-07-28,537.489990234375,544.3400268554688,531.739990234375,541.489990234375,2344500
2022-07-29,540.010009765625,543.8499755859375,536.6900024414062,542.3400268554688,2945700
2022-08-01,542.27001953125,543.6500244140625,531.0,535.3800048828125,2335000
2022-08-02,537.5499877929688,540.530029296875,531.719970703125,535.4600219726562,2114200
2022-08-03,537.260009765625,543.6199951171875,535.6900024414062,540.6500244140625,1802900
2022-08-04,539.2899780273438,540.4299926757812,532.760009765625,533.75,2368000
2022-08-05,530.0,535.5,527.5599975585938,535.0599975585938,2373400
2022-08-08,539.9099731445312,541.2999877929688,533.4199829101562,536.5999755859375,1656400
2022-08-09,540.0,545.739990234375,536.3800048828125,537.260009765625,2147200
2022-08-10,540.260009765625,541.97998046875,533.8099975585938,537.719970703125,2291400
2022-08-11,538.239990234375,538.6300048828125,529.6699829101562,532.8599853515625,3006200
2022-08-12,535.6099853515625,544.4000244140625,534.4500122070312,543.7000122070312,1981000
2022-08-15,541.6699829101562,547.2100219726562,538.5599975585938,544.6400146484375,1447300
2022-08-16,545.2100219726562,547.4400024414062,542.3900146484375,546.1199951171875,1773000
2022-08-17,545.239990234375,547.7899780273438,541.5700073242188,545.0,1471700
2022-08-18,545.010009765625,548.1300048828125,541.8200073242188,545.219970703125,1486400
2022-08-19,545.5,553.1300048828125,544.8200073242188,548.3200073242188,2258000
2022-08-22,541.3900146484375,549.52001953125,541.3499755859375,544.5700073242188,1672900
2022-08-23,543.2899780273438,543.2899780273438,533.2100219726562,535.7999877929688,2039600
2022-08-24,536.6799926757812,539.8599853515625,535.02001953125,536.4600219726562,1761200
2022-08-25,535.010009765625,542.02001953125,531.25,541.5700073242188,1965800
2022-08-26,542.260009765625,543.1900024414062,528.219970703125,529.25,1906700
2022-08-29,526.0,532.9000244140625,522.8699951171875,529.77001953125,1594000
2022-08-30,530.4099731445312,531.0900268554688,521.7899780273438,522.8400268554688,2013400
2022-08-31,520.8200073242188,527.0999755859375,519.1599731445312,519.3300170898438,2891300
2022-09-01,519.3300170898438,524.260009765625,515.0900268554688,524.0,2085300
2022-09-02,529.6199951171875,529.7899780273438,513.8099975585938,516.3499755859375,1944200
2022-09-06,519.9299926757812,527.4500122070312,516.9199829101562,517.6799926757812,2711900
2022-09-07,517.0,523.5,514.6799926757812,521.6799926757812,2504400
2022-09-08,520.9500122070312,528.489990234375,518.8099975585938,527.510009765625,1557500
2022-09-09,527.8300170898438,527.8300170898438,522.5800170898438,524.3400268554688,2495500
2022-09-12,525.0,535.02001953125,522.5,531.25,2792000
2022-09-13,524.0,525.260009765625,511.9700012207031,513.9600219726562,3172500
2022-09-14,514.0,515.3800048828125,506.1000061035156,509.7699890136719,2648100
2022-09-15,516.2999877929688,527.97998046875,514.1400146484375,522.9099731445312,3058100
2022-09-16,518.52001953125,522.8200073242188,517.0800170898438,521.02001953125,3981700
2022-09-19,518.5900268554688,524.0,512.969970703125,523.5499877929688,2130800
2022-09-20,524.239990234375,524.6699829101562,514.8099975585938,522.7999877929688,2421700
2022-09-21,525.030029296875,528.010009765625,512.02001953125,512.0800170898438,2427700
2022-09-22,511.0299987792969,520.969970703125,506.1099853515625,517.4600219726562,2285600
2022-09-23,513.5599975585938,514.6599731445312,506.3800048828125,513.6099853515625,2536900
2022-09-26,507.3900146484375,512.5700073242188,499.0,508.3599853515625,2867400
2022-09-27,510.3699951171875,516.7899780273438,503.5799865722656,508.3699951171875,2583400
2022-09-28,506.4800109863281,516.27001953125,500.79998779296875,513.9400024414062,3027300
2022-09-29,514.77001953125,514.77001953125,502.4700012207031,508.8299865722656,2392000
2022-09-30,511.1000061035156,516.5499877929688,504.8399963378906,505.0400085449219,3116000
2022-10-03,507.0799865722656,517.8099975585938,505.3999938964844,515.510009765625,2562400
2022-10-04,518.3499755859375,524.5900268554688,516.8300170898438,523.1699829101562,3189800
2022-10-05,521.0,529.3499755859375,520.1300048828125,527.0700073242188,2281800
2022-10-06,528.3300170898438,528.5800170898438,516.739990234375,519.1300048828125,2187300
2022-10-07,514.1699829101562,514.1699829101562,501.05999755859375,504.8500061035156,3273700
2022-10-10,505.6000061035156,506.30999755859375,495.0199890136719,498.8599853515625,2459100
2022-10-11,496.9700012207031,506.8299865722656,495.17999267578125,499.80999755859375,2844500
2022-10-12,502.1300048828125,508.25,498.2099914550781,499.9599914550781,2254300
2022-10-13,493.45001220703125,513.469970703125,487.739990234375,509.9100036621094,3999700
2022-10-14,520.0,529.9099731445312,511.92999267578125,513.1300048828125,5628900
2022-10-17,517.739990234375,524.3099975585938,515.280029296875,521.8800048828125,3282300
2022-10-18,532.0,532.0,518.3300170898438,522.2100219726562,2345500
2022-10-19,521.739990234375,523.8200073242188,514.5999755859375,520.3200073242188,2500500
2022-10-20,523.0499877929688,529.4199829101562,519.780029296875,520.8800048828125,2390800
2022-10-21,518.0599975585938,536.530029296875,518.010009765625,533.72998046875,2896000
2022-10-24,538.0700073242188,546.47998046875,537.7999877929688,541.5999755859375,2627100
2022-10-25,537.7899780273438,543.9199829101562,533.9000244140625,540.219970703125,2411900
2022-10-26,541.3800048828125,547.6400146484375,540.2100219726562,543.1699829101562,2863500
2022-10-27,546.52001953125,546.52001953125,539.760009765625,541.7999877929688,2212100
2022-10-28,544.969970703125,553.0,543.6900024414062,551.239990234375,2761900
2022-10-31,555.0,558.0999755859375,550.1300048828125,555.1500244140625,2770400
2022-11-01,555.0,555.6900024414062,544.219970703125,547.3099975585938,3338900
2022-11-02,544.4099731445312,554.5800170898438,543.0700073242188,543.4299926757812,2696200
2022-11-03,541.739990234375,547.8699951171875,538.1300048828125,543.6099853515625,2245300
2022-11-04,547.0499877929688,547.760009765625,527.1400146484375,538.1699829101562,3513100
2022-11-07,538.1699829101562,546.9500122070312,535.469970703125,545.02001953125,2540300
2022-11-08,547.0499877929688,554.7999877929688,542.0,553.0499877929688,2797000
2022-11-09,553.780029296875,554.6099853515625,539.4400024414062,540.6599731445312,2672600
2022-11-10,548.9299926757812,551.7000122070312,533.9500122070312,544.1699829101562,3426400
2022-11-11,546.280029296875,546.280029296875,509.6499938964844,522.0800170898438,7034300
2022-11-14,522.0,528.97998046875,513.4099731445312,513.75,5238400
2022-11-15,512.8099975585938,516.6400146484375,500.7699890136719,503.010009765625,5103800
2022-11-16,505.8900146484375,514.1300048828125,505.4700012207031,511.5199890136719,3430800
2022-11-17,512.1599731445312,526.97998046875,512.1599731445312,515.3099975585938,4246300
2022-11-18,522.1199951171875,533.0,519.4600219726562,530.0,3566000
2022-11-21,529.010009765625,531.9500122070312,515.3800048828125,517.1900024414062,3349600
2022-11-22,519.9400024414062,524.6599731445312,519.9099731445312,523.0900268554688,2567400
2022-11-23,525.0,530.4400024414062,523.0,529.7100219726562,2238300
2022-11-25,534.0,540.8499755859375,532.52001953125,537.6199951171875,1419200
2022-11-28,535.8300170898438,539.5800170898438,531.6900024414062,532.27001953125,2699900
2022-11-29,531.6699829101562,532.969970703125,523.6500244140625,528.0,3751000
2022-11-30,529.719970703125,548.0800170898438,527.47998046875,547.760009765625,9688900
2022-12-01,552.3599853515625,553.0,535.7999877929688,536.9099731445312,2997800
2022-12-02,532.8300170898438,538.6099853515625,532.4400024414062,536.1599731445312,2346200
2022-12-05,531.489990234375,540.3800048828125,530.8800048828125,535.0399780273438,2424800
2022-12-06,534.4199829101562,540.5900268554688,534.239990234375,539.3200073242188,3097700
2022-12-07,540.8400268554688,545.9099731445312,539.6300048828125,542.9099731445312,2849100
2022-12-08,544.8599853515625,551.2899780273438,543.780029296875,547.9199829101562,2272300
2022-12-09,547.9299926757812,548.489990234375,538.8699951171875,539.2000122070312,2852400
2022-12-12,541.8499755859375,546.0800170898438,539.280029296875,545.8599853515625,2714100
2022-12-13,550.5599975585938,550.989990234375,535.0999755859375,538.219970703125,3369700
2022-12-14,541.9299926757812,543.47998046875,531.5700073242188,538.3599853515625,2654600
2022-12-15,533.989990234375,534.0700073242188,525.469970703125,527.6799926757812,2963800
2022-12-16,525.1500244140625,525.8099975585938,515.719970703125,523.7000122070312,7109100
2022-12-19,524.5999755859375,527.2100219726562,520.9299926757812,523.5999755859375,1808100
2022-12-20,526.989990234375,526.989990234375,519.7000122070312,520.2100219726562,2086100
2022-12-21,523.6300048828125,527.8800048828125,518.0999755859375,527.5399780273438,2182000
2022-12-22,526.47998046875,529.010009765625,521.6300048828125,527.0900268554688,1851600
2022-12-23,524.0999755859375,531.3099975585938,522.9000244140625,531.3099975585938,1292300
2022-12-27,533.9299926757812,535.8400268554688,529.8499755859375,531.989990234375,1596700
2022-12-28,535.0700073242188,538.1500244140625,527.72998046875,528.4500122070312,1694200
2022-12-29,532.5399780273438,533.6799926757812,528.8599853515625,529.8800048828125,1379700
2022-12-30,530.0,530.5,524.8400268554688,530.1799926757812,1849600
2023-01-03,525.1300048828125,525.6300048828125,512.1599731445312,518.6400146484375,3525600
2023-01-04,518.6400146484375,518.6400146484375,500.6000061035156,504.5,5070400
2023-01-05,501.010009765625,502.0899963378906,488.5,489.9599914550781,5497100
2023-01-06,491.5899963378906,492.8699951171875,487.5400085449219,490.0,4841300
2023-01-09,492.4100036621094,499.989990234375,488.5400085449219,490.05999755859375,3702800
2023-01-10,488.8500061035156,490.4700012207031,482.67999267578125,486.0,3164000
2023-01-11,485.2900085449219,495.6000061035156,485.0,493.3999938964844,4274200
2023-01-12,490.0,498.7300109863281,485.2200012207031,495.6700134277344,3726800
2023-01-13,486.1099853515625,509.5,486.0,489.57000732421875,5390100
2023-01-17,491.20001220703125,492.94000244140625,483.7799987792969,485.0799865722656,4495600
2023-01-18,488.04998779296875,489.5,474.75,476.239990234375,4398200
2023-01-19,477.8699951171875,486.3900146484375,477.3900146484375,484.3599853515625,4549600
2023-01-20,485.5299987792969,486.989990234375,479.0,486.7200012207031,3525900
2023-01-23,486.67999267578125,490.1000061035156,481.3900146484375,485.80999755859375,3418700
2023-01-24,500.260009765625,500.260009765625,480.0,491.6000061035156,3036300
2023-01-25,489.2799987792969,495.3599853515625,485.7300109863281,492.5,3037300
2023-01-26,492.5,496.45001220703125,490.5799865722656,492.4800109863281,3005000
2023-01-27,493.3699951171875,493.3699951171875,484.4700012207031,486.04998779296875,3177100
2023-01-30,487.80999755859375,495.25,484.79998779296875,485.7900085449219,3606900
2023-01-31,498.0,505.5,493.1300048828125,499.19000244140625,5567000
2023-02-01,499.95001220703125,504.3800048828125,495.6700134277344,497.0,3451200
2023-02-02,494.260009765625,495.0,463.8900146484375,470.8299865722656,11169900
2023-02-03,475.2300109863281,478.7799987792969,469.75,472.0199890136719,5440100
2023-02-06,472.0,478.9700012207031,471.010009765625,475.239990234375,4174200
2023-02-07,471.0400085449219,478.0799865722656,469.0299987792969,476.8800048828125,3394600
2023-02-08,475.4700012207031,485.0400085449219,475.1099853515625,483.2200012207031,3466400
2023-02-09,485.6300048828125,489.70001220703125,482.3999938964844,485.7300109863281,3664600
2023-02-10,489.1300048828125,495.6600036621094,488.75,494.25,3418100
2023-02-13,494.0,499.8699951171875,491.760009765625,495.3500061035156,2589000
2023-02-14,494.2900085449219,497.95001220703125,489.0899963378906,492.8299865722656,2072600
2023-02-15,489.6499938964844,491.8299865722656,488.3900146484375,491.25,2242500
2023-02-16,491.1499938964844,494.0,487.2699890136719,487.3500061035156,2611500
2023-02-17,487.3800048828125,499.4599914550781,487.3500061035156,499.0799865722656,3891500
2023-02-21,496.70001220703125,501.3999938964844,490.5,491.30999755859375,2877300
2023-02-22,492.80999755859375,493.8900146484375,488.6700134277344,488.8900146484375,2982800
2023-02-23,486.6600036621094,493.3299865722656,485.8699951171875,491.69000244140625,2511800
2023-02-24,489.5799865722656,492.510009765625,483.010009765625,484.3299865722656,2940400
2023-02-27,488.7699890136719,490.94000244140625,481.9599914550781,483.32000732421875,3006200
2023-02-28,482.6700134277344,483.3599853515625,473.9200134277344,475.94000244140625,3902100
2023-03-01,473.6099853515625,478.4100036621094,472.0,475.2200012207031,2996900
2023-03-02,475.2099914550781,480.42999267578125,473.25,477.70001220703125,2188800
2023-03-03,477.94000244140625,479.1000061035156,474.2200012207031,478.55999755859375,2863300
2023-03-06,481.3699951171875,484.3500061035156,479.0,480.7799987792969,3812700
2023-03-07,482.9800109863281,483.82000732421875,472.55999755859375,473.8800048828125,2589200
2023-03-08,471.75,475.3900146484375,466.760009765625,470.6000061035156,3036600
2023-03-09,473.95001220703125,473.95001220703125,463.75,464.9100036621094,2780400
2023-03-10,462.7699890136719,468.8599853515625,457.5899963378906,460.3299865722656,3787500
2023-03-13,458.6499938964844,470.3699951171875,458.6499938964844,463.67999267578125,2971600
2023-03-14,464.6499938964844,469.8399963378906,459.04998779296875,464.5799865722656,3258200
2023-03-15,460.989990234375,468.8800048828125,459.239990234375,465.42999267578125,3770200
2023-03-16,464.7099914550781,473.3900146484375,463.1000061035156,472.0199890136719,2940500
2023-03-17,471.3900146484375,472.010009765625,466.29998779296875,469.5,5290000
2023-03-20,470.0,479.82000732421875,470.0,476.9599914550781,3119400
2023-03-21,478.3900146484375,481.45001220703125,475.7200012207031,480.1000061035156,3163300
2023-03-22,481.95001220703125,485.739990234375,474.82000732421875,475.5199890136719,2632200
2023-03-23,477.4100036621094,480.6700134277344,466.6700134277344,469.9100036621094,3284900
2023-03-24,468.9800109863281,476.8800048828125,467.5899963378906,475.989990234375,2533200
2023-03-27,485.54998779296875,486.2900085449219,478.5899963378906,481.8999938964844,2271800
2023-03-28,482.0,483.7900085449219,470.69000244140625,472.5799865722656,2369500
2023-03-29,475.1099853515625,475.8800048828125,464.95001220703125,466.5899963378906,3733200
2023-03-30,466.57000732421875,470.4100036621094,461.0799865722656,470.05999755859375,3324600
2023-03-31,471.5199890136719,476.0,470.1000061035156,472.5899963378906,3996700
2023-04-03,485.20001220703125,496.1300048828125,483.489990234375,494.19000244140625,4729100
2023-04-04,493.0299987792969,496.1000061035156,491.8399963378906,493.25,2624700
2023-04-05,497.3900146484375,511.739990234375,496.1000061035156,509.2300109863281,4964800
2023-04-06,511.0,514.239990234375,507.1499938964844,512.8099975585938,3472600
2023-04-10,510.80999755859375,515.3900146484375,508.0899963378906,515.1799926757812,2714500
2023-04-11,516.1400146484375,522.219970703125,515.219970703125,520.969970703125,3065300
2023-04-12,524.97998046875,526.7000122070312,520.0399780273438,521.1900024414062,3422400
2023-04-13,523.9099731445312,530.4500122070312,520.5,526.22998046875,4224400
2023-04-14,522.0,527.239990234375,508.5,511.7900085449219,4872000
2023-04-17,508.7200012207031,509.5899963378906,502.75,505.3500061035156,3660900
2023-04-18,503.6700134277344,506.989990234375,498.1400146484375,504.4800109863281,3232000
2023-04-19,500.6499938964844,501.9700012207031,483.6300048828125,486.20001220703125,5809100
2023-04-20,485.4700012207031,489.6499938964844,483.260009765625,487.4599914550781,3283000
2023-04-21,490.0400085449219,490.7300109863281,482.1400146484375,483.82000732421875,3165300
2023-04-24,483.4100036621094,490.2200012207031,482.6499938964844,488.94000244140625,2322400
2023-04-25,492.67999267578125,498.5,490.5799865722656,491.9200134277344,2937300
2023-04-26,485.8699951171875,487.70001220703125,478.3599853515625,482.95001220703125,2930000
2023-04-27,482.20001220703125,490.9800109863281,482.20001220703125,490.4700012207031,2473200
2023-04-28,488.69000244140625,493.9599914550781,488.1199951171875,492.0899963378906,2398900
2023-05-01,494.5899963378906,499.3900146484375,491.80999755859375,495.70001220703125,2105600
2023-05-02,495.25,496.7099914550781,489.2699890136719,493.3900146484375,2152300
2023-05-03,494.3999938964844,495.45001220703125,488.0299987792969,489.44000244140625,1749700
2023-05-04,487.04998779296875,489.69000244140625,481.95001220703125,487.2799987792969,2555700
2023-05-05,494.05999755859375,500.8500061035156,492.0299987792969,494.2799987792969,2329400
2023-05-08,492.0400085449219,494.3500061035156,488.32000732421875,492.6199951171875,1738500
2023-05-09,492.8399963378906,499.3999938964844,490.29998779296875,490.3800048828125,2038600
2023-05-10,489.3999938964844,493.4700012207031,487.6400146484375,490.07000732421875,2018700
2023-05-11,488.0,490.1199951171875,485.6600036621094,488.760009765625,2384200
2023-05-12,488.760009765625,492.8999938964844,487.75,491.2300109863281,1536500
2023-05-15,491.3999938964844,491.7900085449219,483.70001220703125,486.8599853515625,2169700
2023-05-16,487.6199951171875,489.2099914550781,479.010009765625,479.7200012207031,2178900
2023-05-17,480.0,485.3999938964844,477.5400085449219,484.80999755859375,2682000
2023-05-18,482.04998779296875,482.54998779296875,473.8900146484375,479.2300109863281,3040100
2023-05-19,479.5799865722656,484.79998779296875,477.80999755859375,478.82000732421875,2317900
2023-05-22,480.44000244140625,482.20001220703125,477.9100036621094,480.6199951171875,2242800
2023-05-23,476.17999267578125,483.3900146484375,472.5400085449219,479.44000244140625,2874200
2023-05-24,480.6099853515625,483.2799987792969,478.8900146484375,480.8299865722656,1904700
2023-05-25,477.6300048828125,481.7699890136719,474.29998779296875,477.70001220703125,2684100
2023-05-26,478.05999755859375,488.3900146484375,478.0,481.5199890136719,3135200
2023-05-30,476.67999267578125,485.8699951171875,476.0299987792969,479.8500061035156,3180800
2023-05-31,478.1199951171875,487.3999938964844,477.1099853515625,487.239990234375,4944100
2023-06-01,487.7900085449219,498.7799987792969,486.1099853515625,493.6300048828125,3376600
2023-06-02,492.0,501.0199890136719,490.3599853515625,499.5799865722656,3064500
2023-06-05,500.70001220703125,502.8999938964844,497.4200134277344,498.19000244140625,2688800
2023-06-06,499.8999938964844,499.8999938964844,483.6700134277344,487.57000732421875,3816600
2023-06-07,489.95001220703125,490.44000244140625,481.6000061035156,482.1300048828125,4381700
2023-06-08,484.3900146484375,491.82000732421875,482.42999267578125,490.2300109863281,2725900
2023-06-09,489.989990234375,498.2200012207031,487.2300109863281,493.6199951171875,3174100
2023-06-12,492.29998779296875,494.45001220703125,488.7200012207031,492.5899963378906,2207700
2023-06-13,490.8699951171875,494.6600036621094,488.6600036621094,491.30999755859375,3016600
2023-06-14,454.6400146484375,460.6300048828125,445.67999267578125,459.8599853515625,14672400
2023-06-15,461.989990234375,472.0,460.9100036621094,465.8900146484375,6798100
2023-06-16,466.1400146484375,468.5199890136719,457.92999267578125,458.489990234375,7699100
2023-06-20,456.75,470.489990234375,456.75,469.3900146484375,4597700
2023-06-21,468.95001220703125,479.3699951171875,467.19000244140625,476.75,4886500
2023-06-22,478.17999267578125,483.17999267578125,478.0,479.04998779296875,3179000
2023-06-23,478.3299865722656,482.2799987792969,476.54998779296875,477.0,4862600
2023-06-26,478.1400146484375,481.30999755859375,473.0,479.05999755859375,2968300
2023-06-27,478.1300048828125,483.17999267578125,477.7699890136719,482.55999755859375,3693200
2023-06-28,481.9599914550781,482.1199951171875,473.9800109863281,474.45001220703125,3670100
2023-06-29,475.0799865722656,479.7099914550781,473.0799865722656,476.44000244140625,2979300
2023-06-30,478.0,482.1000061035156,475.1199951171875,480.6400146484375,3970400
2023-07-03,478.1000061035156,480.2099914550781,476.29998779296875,477.8800048828125,1915700
2023-07-05,476.0299987792969,477.2900085449219,470.5899963378906,471.2200012207031,5053100
2023-07-06,469.3500061035156,472.3999938964844,466.6499938964844,469.3599853515625,3913600
2023-07-07,465.0,468.6099853515625,460.82000732421875,461.5799865722656,4131600
2023-07-10,460.0,463.1000061035156,459.1600036621094,463.04998779296875,4339200
2023-07-11,462.3699951171875,466.489990234375,461.1400146484375,462.8900146484375,3086800
2023-07-12,463.0,464.82000732421875,451.25,451.70001220703125,7287600
2023-07-13,452.0,454.8999938964844,447.17999267578125,447.75,7276800
2023-07-14,462.54998779296875,485.0,460.1099853515625,480.1700134277344,11379300
2023-07-17,481.1099853515625,484.6000061035156,478.29998779296875,484.0799865722656,4582000
2023-07-18,489.3299865722656,504.4200134277344,487.5,500.0,8816400
2023-07-19,507.5400085449219,514.6599731445312,502.4800109863281,503.70001220703125,4956500
2023-07-20,506.6600036621094,508.67999267578125,500.5299987792969,504.239990234375,2963100
2023-07-21,505.04998779296875,510.4100036621094,504.5199890136719,506.5299987792969,2887300
2023-07-24,505.3299865722656,509.7799987792969,504.57000732421875,508.67999267578125,2279000
2023-07-25,510.0,512.5,507.2799987792969,510.92999267578125,2730600
2023-07-26,511.5400085449219,515.8599853515625,506.6300048828125,508.0,3697200
2023-07-27,508.57000732421875,510.5,503.1300048828125,505.2300109863281,3028300
2023-07-28,505.2099914550781,507.4800109863281,497.2799987792969,502.9100036621094,2930000
2023-07-31,503.0,507.8800048828125,499.05999755859375,506.3699951171875,2441600
2023-08-01,507.5,510.0400085449219,502.489990234375,504.739990234375,2161200
2023-08-02,509.69000244140625,510.4700012207031,502.989990234375,504.79998779296875,3220500
2023-08-03,502.8900146484375,506.0,501.0400085449219,504.8599853515625,2442900
2023-08-04,510.0,510.8999938964844,501.75,502.7300109863281,2411200
2023-08-07,505.739990234375,513.5999755859375,504.6499938964844,510.739990234375,2430900
2023-08-08,503.0,508.1700134277344,500.0199890136719,505.8599853515625,2422600
2023-08-09,504.0,505.7300109863281,500.8800048828125,502.1099853515625,1916900
2023-08-10,504.4700012207031,512.0399780273438,502.7799987792969,503.4800109863281,2179700
2023-08-11,505.6300048828125,510.6700134277344,504.25,508.010009765625,2029600
2023-08-14,509.1499938964844,513.5,508.25,510.92999267578125,2127200
2023-08-15,511.5799865722656,513.6500244140625,506.2699890136719,506.69000244140625,1817500
2023-08-16,508.0,510.5,502.8299865722656,503.55999755859375,1454100
2023-08-17,495.4800109863281,501.2300109863281,491.82000732421875,493.9599914550781,3009500
2023-08-18,494.7799987792969,500.94000244140625,493.5,498.44000244140625,2364400
2023-08-21,497.510009765625,500.25,496.2200012207031,497.67999267578125,1533500
2023-08-22,495.4200134277344,496.7900085449219,491.3299865722656,492.3399963378906,2079400
2023-08-23,493.0,494.0,487.92999267578125,489.44000244140625,2011400
2023-08-24,491.42999267578125,495.4200134277344,487.2099914550781,488.1000061035156,2311100
2023-08-25,489.9200134277344,491.1499938964844,484.6499938964844,489.1199951171875,1923500
2023-08-28,490.489990234375,493.05999755859375,489.1300048828125,491.2799987792969,1344500
2023-08-29,491.4700012207031,492.94000244140625,487.9700012207031,492.8299865722656,2113700
2023-08-30,493.989990234375,496.7099914550781,490.2900085449219,491.5299987792969,2283400
2023-08-31,492.3599853515625,493.82000732421875,476.2900085449219,476.5799865722656,4927700
2023-09-01,479.0,480.6499938964844,473.3599853515625,476.239990234375,3165900
2023-09-05,478.0,484.6000061035156,477.5400085449219,480.80999755859375,3443300
2023-09-06,482.0899963378906,483.1600036621094,476.3800048828125,476.94000244140625,2596100
2023-09-07,479.8999938964844,487.1099853515625,478.6000061035156,484.80999755859375,2928000
2023-09-08,480.19000244140625,482.9700012207031,478.75,480.7699890136719,1858400
2023-09-11,481.9800109863281,483.8399963378906,478.0,479.3800048828125,2059200
2023-09-12,477.3800048828125,483.6400146484375,472.1199951171875,479.8999938964844,2195200
2023-09-13,481.42999267578125,484.0400085449219,479.4599914550781,479.8399963378906,2197800
2023-09-14,482.6300048828125,485.2699890136719,478.7799987792969,483.6000061035156,2334300
2023-09-15,485.739990234375,489.82000732421875,484.1400146484375,486.70001220703125,5334300
2023-09-18,488.4100036621094,488.739990234375,483.6000061035156,486.05999755859375,1997500
2023-09-19,483.760009765625,485.7300109863281,476.5400085449219,480.6600036621094,3230700
2023-09-20,482.75,495.1099853515625,479.1400146484375,492.1300048828125,3724800
2023-09-21,494.19000244140625,505.1400146484375,493.0799865722656,501.1400146484375,4703900
2023-09-22,499.0,509.42999267578125,498.0299987792969,506.1000061035156,4558500
2023-09-25,508.260009765625,510.94000244140625,506.6300048828125,510.2799987792969,2758500
2023-09-26,508.94000244140625,509.4200134277344,504.3800048828125,505.45001220703125,2420200
2023-09-27,506.2300109863281,506.3599853515625,501.04998779296875,503.7300109863281,2593700
2023-09-28,505.9700012207031,514.1500244140625,505.010009765625,510.1000061035156,2922000
2023-09-29,509.8500061035156,509.8800048828125,503.79998779296875,504.19000244140625,3006200
2023-10-02,505.5299987792969,514.8400268554688,503.1400146484375,514.5700073242188,3550400
2023-10-03,513.2999877929688,513.97998046875,508.3599853515625,509.4700012207031,3143200
2023-10-04,509.489990234375,511.82000732421875,506.6099853515625,510.6199951171875,2801700
2023-10-05,511.6199951171875,518.2100219726562,511.2300109863281,516.22998046875,2790700
2023-10-06,516.4500122070312,525.9500122070312,515.97998046875,524.8099975585938,3647200
2023-10-09,521.1500244140625,526.8699951171875,520.25,526.510009765625,2341600
2023-10-10,526.5,528.1400146484375,523.0800170898438,524.239990234375,2455700
2023-10-11,520.9199829101562,525.5900268554688,520.22998046875,524.1300048828125,2819300
2023-10-12,524.469970703125,528.5800170898438,522.25,525.5399780273438,2377300
2023-10-13,533.25,544.4600219726562,532.0,539.4000244140625,5245400
2023-10-16,543.1799926757812,546.780029296875,536.1199951171875,538.030029296875,3827600
2023-10-17,539.9400024414062,542.4299926757812,534.5700073242188,536.6500244140625,2586000
2023-10-18,543.0399780273438,543.97998046875,535.4000244140625,536.0599975585938,2551400
2023-10-19,536.8200073242188,538.3400268554688,529.25,531.6300048828125,2351200
2023-10-20,531.0,534.4299926757812,526.77001953125,527.030029296875,2811100
2023-10-23,527.030029296875,527.780029296875,520.2899780273438,521.5700073242188,2357700
2023-10-24,522.8599853515625,530.6699829101562,522.0700073242188,525.0,1978200
2023-10-25,527.27001953125,532.3599853515625,520.0800170898438,530.2100219726562,2380100
2023-10-26,525.7000122070312,530.469970703125,522.52001953125,528.3599853515625,2675800
2023-10-27,525.989990234375,527.739990234375,521.260009765625,524.6599731445312,2585600
2023-10-30,525.0,531.8200073242188,522.9400024414062,529.989990234375,2555400
2023-10-31,535.0,536.6799926757812,531.6199951171875,535.5599975585938,2464200
2023-11-01,529.97998046875,535.8300170898438,526.7999877929688,531.5999755859375,2747400
2023-11-02,532.0,536.8400268554688,526.9500122070312,536.1300048828125,2350900
2023-11-03,534.5700073242188,535.97998046875,528.7999877929688,530.9000244140625,2739500
2023-11-06,531.6300048828125,536.02001953125,530.0499877929688,533.4600219726562,2684900
2023-11-07,535.3599853515625,539.6500244140625,531.52001953125,537.8300170898438,2604800
2023-11-08,540.0,541.4000244140625,534.1400146484375,536.72998046875,1769200
2023-11-09,537.5999755859375,540.9099731445312,534.47998046875,539.0,1819600
2023-11-10,542.6799926757812,542.6799926757812,536.02001953125,541.2100219726562,2480800
2023-11-13,541.1500244140625,544.1500244140625,537.9099731445312,542.5700073242188,1507900
2023-11-14,539.030029296875,542.6699829101562,536.510009765625,540.4600219726562,2454000
2023-11-15,540.0499877929688,540.4600219726562,531.7000122070312,538.4099731445312,2473700
2023-11-16,538.4099731445312,544.8599853515625,537.469970703125,539.8200073242188,2360300
2023-11-17,540.27001953125,540.52001953125,528.3400268554688,536.2899780273438,2676900
2023-11-20,533.6099853515625,536.3400268554688,531.7999877929688,535.0999755859375,2518400
2023-11-21,537.77001953125,541.6699829101562,534.1900024414062,539.5900268554688,2115700
2023-11-22,542.969970703125,544.4000244140625,540.260009765625,543.760009765625,2234500
2023-11-24,544.9299926757812,547.5900268554688,542.8099975585938,547.0999755859375,1135000
2023-11-27,547.0999755859375,550.8900146484375,541.530029296875,543.5900268554688,2675800
2023-11-28,545.6300048828125,545.8200073242188,540.0700073242188,540.530029296875,2859300
2023-11-29,530.0,541.8599853515625,528.6500244140625,534.97998046875,4550000
2023-11-30,535.7899780273438,553.9400024414062,534.010009765625,552.969970703125,7121200
2023-12-01,550.4199829101562,554.7000122070312,545.1599731445312,547.1599731445312,3462200
2023-12-04,548.260009765625,551.8699951171875,543.0399780273438,548.280029296875,2709200
2023-12-05,549.0999755859375,552.530029296875,545.3499755859375,550.260009765625,2645600
2023-12-06,547.5599975585938,551.8800048828125,547.0999755859375,549.530029296875,2239700
2023-12-07,551.3499755859375,551.510009765625,544.52001953125,548.27001953125,2511700
2023-12-08,550.219970703125,551.72998046875,544.5399780273438,549.77001953125,2039900
2023-12-11,549.760009765625,550.0,539.0599975585938,543.6799926757812,3655300
2023-12-12,545.7999877929688,547.489990234375,542.6500244140625,545.719970703125,2706100
2023-12-13,544.0,549.4199829101562,538.5900268554688,549.010009765625,2876600
2023-12-14,544.2999877929688,544.9199829101562,529.4000244140625,534.239990234375,5386800
2023-12-15,530.0,533.5,522.9600219726562,531.1199951171875,9030100
2023-12-18,529.1099853515625,531.469970703125,525.22998046875,526.5499877929688,3260300
2023-12-19,524.5900268554688,527.6199951171875,521.780029296875,524.0399780273438,3645600
2023-12-20,523.8499755859375,524.8300170898438,515.8699951171875,515.9299926757812,3847800
2023-12-21,518.8800048828125,520.8200073242188,516.5,519.8800048828125,2491600
2023-12-22,519.8800048828125,523.010009765625,518.02001953125,520.3099975585938,1759500
2023-12-26,519.8800048828125,521.47998046875,517.969970703125,520.030029296875,1390800
2023-12-27,519.75,523.1599731445312,519.3599853515625,522.7899780273438,1851800
2023-12-28,523.469970703125,527.8699951171875,522.9400024414062,524.9000244140625,2001000
2023-12-29,525.97998046875,528.239990234375,523.9199829101562,526.469970703125,2080100
2024-01-02,526.8400268554688,539.6599731445312,526.6699829101562,539.3400268554688,3415700
2024-01-03,543.0399780273438,546.7899780273438,539.47998046875,542.030029296875,2891400
2024-01-04,545.0,549.0,543.0,545.4199829101562,2994400
2024-01-05,547.0,547.0,533.72998046875,537.3800048828125,2815400
2024-01-08,539.4000244140625,540.25,528.0,536.52001953125,2648900
2024-01-09,538.0,539.6099853515625,532.3300170898438,538.3699951171875,2677000
2024-01-10,538.0999755859375,541.2000122070312,536.1500244140625,537.6400146484375,2180000
2024-01-11,536.1300048828125,540.1599731445312,534.530029296875,539.6799926757812,2814100
2024-01-12,518.8599853515625,528.47998046875,513.1300048828125,521.510009765625,6327300
2024-01-16,523.7100219726562,524.5,516.5499877929688,519.1500244140625,3736700
2024-01-17,521.280029296875,530.6599731445312,520.0,524.9400024414062,3791300
2024-01-18,505.2300109863281,516.8400268554688,497.4599914550781,516.3400268554688,7367000
2024-01-19,515.0,517.5499877929688,501.82000732421875,503.55999755859375,6143400
2024-01-22,503.94000244140625,513.5700073242188,496.5,512.989990234375,5922900
2024-01-23,512.5,518.0800170898438,512.0800170898438,515.52001953125,2672900
2024-01-24,517.9000244140625,521.72998046875,512.9500122070312,513.22998046875,2918800
2024-01-25,487.5899963378906,495.510009765625,479.0,493.3999938964844,14671000
2024-01-26,493.2799987792969,503.69000244140625,489.8999938964844,503.20001220703125,6212200
2024-01-29,503.1099853515625,506.510009765625,501.1499938964844,504.5400085449219,4554100
2024-01-30,504.5400085449219,506.04998779296875,499.2200012207031,503.6099853515625,4931200
2024-01-31,504.510009765625,515.0,504.510009765625,511.739990234375,5358100
2024-02-01,508.8299865722656,510.2200012207031,503.0,507.1400146484375,4242600
2024-02-02,508.25,512.9099731445312,505.3900146484375,510.2300109863281,3804500
2024-02-05,509.9599914550781,514.2000122070312,500.04998779296875,502.9599914550781,3646300
2024-02-06,503.94000244140625,510.94000244140625,502.45001220703125,510.6700134277344,2745400
2024-02-07,514.010009765625,521.0,512.6900024414062,519.3900146484375,4109100
2024-02-08,520.6300048828125,522.1599731445312,517.280029296875,520.0900268554688,3343000
2024-02-09,518.989990234375,520.3900146484375,516.2899780273438,518.219970703125,2715400
2024-02-12,518.219970703125,518.989990234375,512.8099975585938,517.6400146484375,3194000
2024-02-13,522.0,526.9299926757812,514.2100219726562,516.8499755859375,3436000
2024-02-14,515.260009765625,518.530029296875,514.2899780273438,516.9400024414062,1918500
2024-02-15,517.3400268554688,521.75,515.7999877929688,520.8800048828125,2292100
2024-02-16,522.2999877929688,523.7899780273438,518.8900146484375,521.5499877929688,2135500
2024-02-20,524.2100219726562,525.3699951171875,519.4099731445312,521.0599975585938,2600200
2024-02-21,523.6699829101562,523.6900024414062,517.5399780273438,521.969970703125,2095900
2024-02-22,524.2000122070312,526.739990234375,518.5900268554688,526.5,3186800
2024-02-23,526.75,530.5,524.1599731445312,527.239990234375,2502000
2024-02-26,528.3200073242188,532.8099975585938,524.3099975585938,525.3200073242188,2308900
2024-02-27,524.760009765625,525.5900268554688,512.0499877929688,513.4199829101562,3780600
2024-02-28,495.44000244140625,498.54998779296875,484.3900146484375,498.2799987792969,9558600
2024-02-29,498.5,501.75,491.6000061035156,493.6000061035156,6833200
2024-03-01,489.4200134277344,490.0199890136719,477.25,489.5299987792969,7315000
2024-03-04,483.239990234375,487.0400085449219,480.1000061035156,481.8699951171875,5239800
2024-03-05,482.3900146484375,482.8999938964844,470.6199951171875,473.1499938964844,5296200
2024-03-06,474.44000244140625,479.79998779296875,468.19000244140625,472.6000061035156,5577500
2024-03-07,474.0,481.19000244140625,473.6000061035156,478.7799987792969,5102000
2024-03-08,478.3299865722656,484.25,474.7699890136719,476.57000732421875,4673600
2024-03-11,477.0,490.30999755859375,476.0,489.1499938964844,4410100
2024-03-12,488.1300048828125,492.2799987792969,487.3500061035156,489.3500061035156,4153800
2024-03-13,493.5199890136719,496.0,485.3299865722656,488.0,3669000
2024-03-14,488.7200012207031,489.67999267578125,485.19000244140625,489.0,3378500
2024-03-15,487.45001220703125,491.2200012207031,487.45001220703125,490.82000732421875,5713500
2024-03-18,492.1000061035156,492.1000061035156,486.3800048828125,487.04998779296875,2970500
2024-03-19,489.6700134277344,493.44000244140625,487.7900085449219,493.32000732421875,2511700
2024-03-20,492.4700012207031,494.6000061035156,489.44000244140625,494.2300109863281,3548200
2024-03-21,492.2799987792969,496.20001220703125,491.2799987792969,491.69000244140625,3693400
2024-03-22,495.20001220703125,495.8299865722656,489.7699890136719,490.07000732421875,2847300
2024-03-25,490.6000061035156,491.4800109863281,484.07000732421875,485.8800048828125,2786100
2024-03-26,488.1300048828125,493.3399963378906,485.2300109863281,492.30999755859375,3113300
2024-03-27,493.70001220703125,495.7300109863281,491.30999755859375,493.1000061035156,2653100
2024-03-28,495.0,495.8699951171875,489.29998779296875,494.70001220703125,3820000
2024-04-01,494.4700012207031,495.7799987792969,488.70001220703125,489.70001220703125,2928700
2024-04-02,459.6000061035156,463.67999267578125,449.6000061035156,458.1400146484375,11867000
2024-04-03,462.0,462.8500061035156,455.54998779296875,459.739990234375,4460400
2024-04-04,460.82000732421875,461.7200012207031,451.9200134277344,455.3800048828125,5182000
2024-04-05,450.69000244140625,457.75,450.010009765625,455.739990234375,5747400
2024-04-08,455.9700012207031,457.20001220703125,453.5899963378906,456.0,4532300
2024-04-09,454.2799987792969,459.760009765625,452.4599914550781,459.7200012207031,3521200
2024-04-10,455.489990234375,458.739990234375,449.7799987792969,450.04998779296875,4493500
2024-04-11,450.3900146484375,450.7699890136719,441.4800109863281,441.7200012207031,5844100
2024-04-12,440.3399963378906,442.239990234375,436.3800048828125,439.20001220703125,6045700
2024-04-15,442.0,448.3500061035156,441.989990234375,445.6300048828125,5376800
2024-04-16,476.7699890136719,479.75,465.6000061035156,468.8900146484375,11816500
2024-04-17,478.6000061035156,488.0,474.5899963378906,478.989990234375,8759800
2024-04-18,486.1300048828125,502.0,485.9700012207031,493.17999267578125,8880400
2024-04-19,497.0,507.29998779296875,495.55999755859375,501.1300048828125,6618600
2024-04-22,497.7799987792969,499.4200134277344,490.6400146484375,491.2300109863281,4697700
2024-04-23,491.0,494.30999755859375,484.9700012207031,486.17999267578125,3646700
2024-04-24,483.7799987792969,488.8599853515625,480.7099914550781,487.29998779296875,3724400
2024-04-25,488.9599914550781,497.1300048828125,487.5299987792969,493.8599853515625,4329700
2024-04-26,492.0,497.2300109863281,491.3999938964844,495.3500061035156,2727000
2024-04-29,495.7099914550781,497.3500061035156,487.7699890136719,489.0299987792969,2192100
2024-04-30,488.9599914550781,489.7099914550781,482.5899963378906,483.70001220703125,3367500
2024-05-01,479.260009765625,489.19000244140625,477.07000732421875,484.1099853515625,2729200
2024-05-02,484.2799987792969,493.69000244140625,483.94000244140625,492.9700012207031,3561400
2024-05-03,490.8599853515625,492.7900085449219,485.7799987792969,492.45001220703125,2487600
2024-05-06,492.4800109863281,494.8699951171875,492.0,494.3800048828125,2029500
2024-05-07,496.0,501.6499938964844,495.0400085449219,500.9599914550781,3752100
2024-05-08,504.1700134277344,507.0,500.0799865722656,503.2099914550781,3078900
2024-05-09,502.1400146484375,507.9700012207031,502.1400146484375,507.0299987792969,2342900
2024-05-10,509.0,513.5800170898438,507.0,512.8099975585938,2784600
2024-05-13,512.0499877929688,514.6699829101562,507.30999755859375,511.739990234375,2454500
2024-05-14,514.5800170898438,516.1699829101562,507.29998779296875,513.8800048828125,2949700
2024-05-15,514.8300170898438,522.5900268554688,514.8300170898438,517.5499877929688,2981200
2024-05-16,520.0,528.1599731445312,519.510009765625,521.27001953125,3655800
2024-05-17,522.9400024414062,525.8499755859375,520.010009765625,524.6300048828125,2657200
2024-05-20,524.6300048828125,524.6300048828125,516.5399780273438,517.22998046875,2476200
2024-05-21,518.3200073242188,524.719970703125,515.9199829101562,523.5499877929688,2521900
2024-05-22,522.8200073242188,526.280029296875,520.6500244140625,521.3499755859375,2299100
2024-05-23,518.3200073242188,520.22998046875,515.22998046875,516.8300170898438,3055400
2024-05-24,516.1099853515625,517.1400146484375,507.5199890136719,508.1700134277344,2527800
2024-05-28,506.6499938964844,506.6499938964844,501.8999938964844,503.67999267578125,2912800
2024-05-29,492.3399963378906,493.8999938964844,473.2699890136719,484.7200012207031,7521600
2024-05-30,482.32000732421875,486.0299987792969,478.0,481.6499938964844,5169700
2024-05-31,482.4100036621094,498.4100036621094,482.4100036621094,495.3699951171875,6694800
2024-06-03,494.1300048828125,498.67999267578125,493.07000732421875,497.44000244140625,2795100
2024-06-04,498.55999755859375,508.2699890136719,494.5899963378906,505.489990234375,3178400
2024-06-05,508.70001220703125,509.1000061035156,498.79998779296875,503.1199951171875,2464400
2024-06-06,503.6499938964844,504.70001220703125,497.2799987792969,501.9200134277344,2419600
2024-06-07,502.0400085449219,502.8599853515625,490.4200134277344,490.69000244140625,3416300
2024-06-10,491.0,495.3900146484375,486.19000244140625,495.0,3332800
2024-06-11,490.8599853515625,497.7799987792969,490.2900085449219,496.2200012207031,4599700
2024-06-12,500.0,500.0,487.4200134277344,493.07000732421875,4048200
2024-06-13,490.2799987792969,502.0,484.3800048828125,497.29998779296875,4951700
2024-06-14,496.8299865722656,497.8500061035156,491.7300109863281,497.1199951171875,3188400
2024-06-17,491.3299865722656,493.1199951171875,488.70001220703125,489.2300109863281,2407200
2024-06-18,490.7099914550781,491.6600036621094,479.0400085449219,481.04998779296875,3692700
2024-06-20,480.0400085449219,485.9200134277344,478.1099853515625,484.5199890136719,5258100
2024-06-21,484.44000244140625,488.29998779296875,480.5899963378906,482.5899963378906,6368600
2024-06-24,488.8599853515625,490.8900146484375,484.5,489.9800109863281,5139800
2024-06-25,490.6400146484375,490.6400146484375,480.6000061035156,484.5,2916100
2024-06-26,484.5,487.44000244140625,481.4700012207031,484.0400085449219,3153100
2024-06-27,485.04998779296875,488.9800109863281,482.04998779296875,486.44000244140625,2991900
2024-06-28,496.3699951171875,509.3999938964844,489.4100036621094,509.260009765625,22734200
2024-07-01,506.75,508.9100036621094,492.8900146484375,494.6499938964844,4523100
2024-07-02,494.260009765625,498.4700012207031,493.3900146484375,498.239990234375,3312000
2024-07-03,497.1199951171875,498.0799865722656,486.5199890136719,489.8900146484375,2239200
2024-07-05,489.0,489.6700134277344,484.5,488.010009765625,3499000
2024-07-08,489.19000244140625,493.8800048828125,486.1700134277344,489.3399963378906,3450600
2024-07-09,488.3299865722656,495.3999938964844,486.0899963378906,492.1099853515625,3056800
2024-07-10,490.94000244140625,501.5,490.1199951171875,500.92999267578125,3189800
2024-07-11,497.70001220703125,508.7300109863281,497.70001220703125,504.3599853515625,3535100
2024-07-12,506.9200134277344,514.5700073242188,503.42999267578125,511.5299987792969,3570600
2024-07-15,524.239990234375,530.8300170898438,513.7999877929688,515.3699951171875,5128000
2024-07-16,533.9000244140625,549.9199829101562,527.1300048828125,548.8699951171875,11062000
2024-07-17,554.0,573.6099853515625,551.2999877929688,573.280029296875,10330800
2024-07-18,564.5,581.5,561.4199829101562,564.3400268554688,6834800
2024-07-19,567.1199951171875,569.9000244140625,561.5399780273438,565.3300170898438,4290400
2024-07-22,563.0499877929688,564.25,557.0800170898438,558.530029296875,3377300
2024-07-23,558.7899780273438,558.8400268554688,552.8099975585938,554.7000122070312,2785600
2024-07-24,560.0,561.1300048828125,553.02001953125,559.75,3156200
2024-07-25,562.0,569.8900146484375,558.5800170898438,559.6799926757812,3102900
2024-07-26,560.0,579.1300048828125,560.0,569.719970703125,3201900
2024-07-29,565.7100219726562,571.3499755859375,561.760009765625,566.75,2965000
2024-07-30,566.9000244140625,579.4299926757812,565.989990234375,576.3300170898438,4139100
2024-07-31,565.4400024414062,580.9000244140625,562.3200073242188,576.1599731445312,4713200
2024-08-01,577.2000122070312,587.5,567.0999755859375,572.77001953125,3680800
2024-08-02,582.3300170898438,591.5399780273438,575.25,589.8300170898438,5094000
2024-08-05,582.1199951171875,586.8200073242188,566.760009765625,569.9600219726562,4587400
2024-08-06,568.2100219726562,577.52001953125,562.530029296875,568.3499755859375,3216500
2024-08-07,566.6099853515625,571.6500244140625,557.030029296875,566.0800170898438,4320700
2024-08-08,564.3699951171875,572.4500122070312,564.3699951171875,566.239990234375,2860800
2024-08-09,564.5399780273438,565.9299926757812,557.6300048828125,558.760009765625,2976700
2024-08-12,562.3200073242188,569.0,561.0499877929688,565.2899780273438,2532400
2024-08-13,569.989990234375,575.72998046875,569.0,574.239990234375,2369400
2024-08-14,575.239990234375,581.1199951171875,573.27001953125,579.6699829101562,2344400
2024-08-15,579.6699829101562,583.3400268554688,573.510009765625,579.6099853515625,2751800
2024-08-16,580.9199829101562,581.6500244140625,574.0999755859375,577.6799926757812,2728900
2024-08-19,578.0800170898438,583.2999877929688,577.0700073242188,578.780029296875,1847900
2024-08-20,579.8499755859375,583.8099975585938,575.5,580.6500244140625,1677500
2024-08-21,581.510009765625,583.3900146484375,577.4299926757812,578.0700073242188,2844300
2024-08-22,579.25,582.9500122070312,570.6199951171875,578.719970703125,2282000
2024-08-23,581.0,585.2100219726562,578.4500122070312,584.510009765625,2376400
2024-08-26,588.0499877929688,592.0900268554688,585.739990234375,587.1300048828125,1800000
2024-08-27,589.469970703125,592.3400268554688,583.780029296875,587.3499755859375,1581900
2024-08-28,589.010009765625,592.8400268554688,583.8699951171875,588.5399780273438,1657000
2024-08-29,590.6799926757812,592.6099853515625,584.3699951171875,591.5700073242188,1953200
2024-08-30,590.0,593.260009765625,586.5900268554688,590.2000122070312,2944700
2024-09-03,592.52001953125,600.6599731445312,591.8200073242188,598.6799926757812,3175500
2024-09-04,600.0,607.9400024414062,597.8800048828125,604.1799926757812,2935000
2024-09-05,604.1900024414062,606.0,589.6699829101562,595.489990234375,2144800
2024-09-06,595.8699951171875,600.6099853515625,592.260009765625,596.8800048828125,2926400
2024-09-09,598.3200073242188,599.47998046875,575.27001953125,594.0999755859375,3411400
2024-09-10,595.2100219726562,604.7999877929688,591.1500244140625,599.030029296875,2863500
2024-09-11,589.1400146484375,591.4000244140625,578.969970703125,589.75,3563600
2024-09-12,588.530029296875,590.510009765625,583.2100219726562,588.4199829101562,3395800
2024-09-13,591.0800170898438,597.6799926757812,587.22998046875,594.3200073242188,2241900
2024-09-16,595.0,598.7899780273438,587.760009765625,589.1400146484375,2548600
2024-09-17,586.010009765625,586.719970703125,576.3900146484375,577.9600219726562,3416000
2024-09-18,576.8599853515625,584.52001953125,572.3099975585938,580.6500244140625,2988300
2024-09-19,583.719970703125,584.8300170898438,574.5800170898438,577.0700073242188,2945700
2024-09-20,571.7000122070312,578.8400268554688,569.6500244140625,575.0,5398700
2024-09-23,576.489990234375,579.4299926757812,572.0,573.4099731445312,2386100
2024-09-24,570.8200073242188,577.3099975585938,566.0,575.1900024414062,3188500
2024-09-25,577.8699951171875,581.1099853515625,573.0800170898438,576.3099975585938,2658800
2024-09-26,575.0,576.5999755859375,570.9099731445312,574.8099975585938,2751900
2024-09-27,577.6799926757812,586.7100219726562,576.5900268554688,581.8499755859375,2986200
2024-09-30,583.5,586.4199829101562,578.739990234375,584.6799926757812,3009700
2024-10-01,585.0,588.7000122070312,580.77001953125,583.2999877929688,2648400
2024-10-02,604.260009765625,604.52001953125,584.25,592.3099975585938,3667000
2024-10-03,590.6099853515625,593.22998046875,584.3699951171875,592.75,2645800
2024-10-04,592.1300048828125,596.1300048828125,588.4400024414062,591.2000122070312,2462600
2024-10-07,588.7899780273438,592.4400024414062,583.3300170898438,583.5599975585938,2591100
2024-10-08,588.0599975585938,589.2100219726562,579.5599975585938,581.5800170898438,2231400
2024-10-09,582.1599731445312,592.7999877929688,580.6099853515625,591.219970703125,2207700
2024-10-10,595.1799926757812,598.9500122070312,592.760009765625,597.7000122070312,2143200
2024-10-11,596.489990234375,601.52001953125,596.2000122070312,598.0499877929688,1909700
2024-10-14,599.1099853515625,608.6300048828125,597.3800048828125,605.4000244140625,2447100
2024-10-15,552.02001953125,569.7000122070312,543.0,556.2899780273438,11939400
2024-10-16,557.010009765625,576.1799926757812,555.1199951171875,571.3400268554688,5103900
2024-10-17,560.5800170898438,569.469970703125,558.719970703125,566.030029296875,5588700
2024-10-18,566.8499755859375,570.9500122070312,563.0399780273438,569.6099853515625,3687000
2024-10-21,569.6400146484375,579.280029296875,568.7000122070312,571.469970703125,3018000
2024-10-22,567.8499755859375,573.0399780273438,565.489990234375,569.8599853515625,2593800
2024-10-23,572.1300048828125,574.1400146484375,560.0,564.6400146484375,2911900
2024-10-24,564.989990234375,571.7000122070312,560.3099975585938,560.8099975585938,2590200
2024-10-25,566.1599731445312,571.5,563.6099853515625,564.5599975585938,2513700
2024-10-28,566.25,568.3300170898438,562.8099975585938,565.239990234375,1826500
2024-10-29,562.8200073242188,567.6799926757812,560.6599731445312,562.1300048828125,2600300
2024-10-30,561.25,570.3099975585938,560.9500122070312,562.9600219726562,2323600
2024-10-31,560.8800048828125,568.4500122070312,560.8800048828125,564.5,2490000
2024-11-01,565.1199951171875,570.3300170898438,563.9000244140625,567.5599975585938,2548300
2024-11-04,566.739990234375,568.5900268554688,555.4199829101562,557.77001953125,2656600
2024-11-05,558.280029296875,568.739990234375,554.4000244140625,567.030029296875,2608100
2024-11-06,603.9000244140625,605.5,590.8499755859375,596.6900024414062,6591300
2024-11-07,598.6900024414062,607.6400146484375,596.1500244140625,605.4500122070312,5254300
2024-11-08,609.0,619.7999877929688,605.2000122070312,615.8099975585938,3875800
2024-11-11,616.9000244140625,630.72998046875,613.9199829101562,625.25,3003200
2024-11-12,619.5800170898438,624.47998046875,613.780029296875,614.6699829101562,2809400
2024-11-13,613.0,613.010009765625,603.0599975585938,605.8699951171875,3409400
2024-11-14,603.47998046875,606.0,588.989990234375,593.1500244140625,3079200
2024-11-15,591.9199829101562,598.9299926757812,589.9500122070312,592.22998046875,3423900
2024-11-18,589.4400024414062,594.1400146484375,585.3200073242188,589.6500244140625,2577100
2024-11-19,582.719970703125,586.8400268554688,576.77001953125,577.0,3198300
2024-11-20,582.7100219726562,602.6400146484375,581.5499877929688,600.5,3928600
2024-11-21,600.0,604.0,596.72998046875,597.489990234375,2722900
2024-11-22,598.5599975585938,601.260009765625,588.6699829101562,590.8699951171875,3197900
2024-11-25,597.5800170898438,609.8400268554688,595.010009765625,605.8300170898438,5146200
2024-11-26,608.239990234375,608.469970703125,598.8800048828125,606.7899780273438,2693600
2024-11-27,611.030029296875,617.4500122070312,606.7000122070312,608.3800048828125,2269800
2024-11-29,608.7999877929688,615.780029296875,606.6199951171875,610.2000122070312,2010800
2024-12-02,614.0,614.0,600.77001953125,608.52001953125,3364900
2024-12-03,610.8499755859375,615.75,604.8200073242188,605.22998046875,2329900
2024-12-04,611.02001953125,622.8300170898438,606.969970703125,610.7899780273438,4147600
2024-12-05,605.6400146484375,608.989990234375,573.8900146484375,578.969970703125,5943700
2024-12-06,582.1099853515625,582.1099853515625,544.1400146484375,549.6199951171875,13003600
2024-12-09,552.0,562.97998046875,544.6400146484375,560.6199951171875,7684700
2024-12-10,562.0,567.75,557.030029296875,565.1900024414062,5360600
2024-12-11,555.6599731445312,558.0999755859375,532.6699829101562,533.530029296875,10363000
2024-12-12,531.530029296875,534.0,514.1900024414062,515.760009765625,9403800
2024-12-13,515.6400146484375,527.530029296875,510.7200012207031,520.47998046875,8202900
2024-12-16,518.0,521.7000122070312,496.0799865722656,498.5,8880000
2024-12-17,487.0,495.6000061035156,475.82000732421875,485.5199890136719,14132700
2024-12-18,488.42999267578125,506.5400085449219,486.0,499.7200012207031,10147600
2024-12-19,500.1400146484375,503.6499938964844,486.239990234375,489.25,7418100
2024-12-20,489.2900085449219,502.6400146484375,488.7300109863281,500.1300048828125,10956900
2024-12-23,500.760009765625,508.7799987792969,499.04998779296875,506.3399963378906,4286000
2024-12-24,504.3999938964844,506.1000061035156,500.5899963378906,506.1000061035156,1824400
2024-12-26,505.6499938964844,512.219970703125,504.7300109863281,511.1499938964844,3387000
2024-12-27,509.4200134277344,513.1799926757812,507.79998779296875,509.989990234375,3471800
2024-12-30,506.8599853515625,509.7300109863281,500.6600036621094,507.79998779296875,5408600
2024-12-31,509.3500061035156,511.0,503.3399963378906,505.8599853515625,4214000
2025-01-02,508.0,512.1099853515625,503.2900085449219,504.510009765625,4234900
2025-01-03,506.3500061035156,516.2899780273438,505.3800048828125,513.0,3019500
2025-01-06,513.0,520.2999877929688,509.82000732421875,513.6699829101562,4444800
2025-01-07,518.8499755859375,519.5,511.2200012207031,514.25,3914500
2025-01-08,514.5,524.6699829101562,509.510009765625,524.52001953125,4141700
2025-01-10,526.6400146484375,535.4500122070312,518.469970703125,520.6900024414062,5467500
2025-01-13,535.0399780273438,547.4000244140625,533.1400146484375,541.1400146484375,6472500
2025-01-14,539.6500244140625,544.5499877929688,536.5499877929688,543.739990234375,3978300
2025-01-15,537.0999755859375,546.2899780273438,534.3300170898438,543.4199829101562,4103900
2025-01-16,530.3499755859375,539.8400268554688,510.0,510.5899963378906,9059900
2025-01-17,505.6199951171875,521.8200073242188,502.79998779296875,509.760009765625,7495700
2025-01-21,514.0499877929688,525.0,512.8200073242188,524.989990234375,5682100
2025-01-22,521.6599731445312,524.4400024414062,516.0,519.719970703125,3756100
2025-01-23,527.8699951171875,531.47998046875,519.3200073242188,529.77001953125,4580800
2025-01-24,528.1099853515625,534.6300048828125,524.510009765625,532.510009765625,3671200
2025-01-27,539.97998046875,551.9099731445312,539.97998046875,543.52001953125,4263000
2025-01-28,543.010009765625,546.5,537.8400268554688,542.47998046875,3162700
2025-01-29,541.72998046875,543.47998046875,534.010009765625,538.0999755859375,2737600
2025-01-30,539.469970703125,547.1099853515625,535.0,545.5700073242188,2924700
2025-01-31,543.239990234375,549.1599731445312,541.4099731445312,542.489990234375,4120500
2025-02-03,542.0,553.9099731445312,541.0700073242188,548.1799926757812,4083600
2025-02-04,545.2000122070312,548.8099975585938,541.510009765625,545.4500122070312,2869900
2025-02-05,530.72998046875,540.7000122070312,521.9099731445312,539.8099975585938,4621600
2025-02-06,537.8900146484375,539.0999755859375,525.27001953125,530.0399780273438,3926800
2025-02-07,529.2000122070312,532.3900146484375,525.3900146484375,527.030029296875,3349100
2025-02-10,527.6699829101562,534.1599731445312,523.3800048828125,533.3699951171875,3143100
2025-02-11,535.0,547.5399780273438,528.27001953125,533.9199829101562,2631900
2025-02-12,539.8499755859375,542.3499755859375,525.510009765625,527.4000244140625,3859200
2025-02-13,530.9000244140625,534.3300170898438,527.0999755859375,531.1799926757812,2835100
2025-02-14,529.0,533.2000122070312,522.9099731445312,523.510009765625,3705300
2025-02-18,510.94000244140625,516.0,497.0,500.7300109863281,8759300
2025-02-19,501.3299865722656,511.8599853515625,498.1499938964844,511.0400085449219,4380300
2025-02-20,505.19000244140625,508.42999267578125,500.239990234375,502.4200134277344,4144300
2025-02-21,439.54998779296875,469.70001220703125,438.5,466.4200134277344,19864900
2025-02-24,466.67999267578125,468.0,457.0,461.5199890136719,6919300
2025-02-25,460.7699890136719,470.760009765625,450.07000732421875,470.3800048828125,9101000
2025-02-26,464.6499938964844,473.04998779296875,458.20001220703125,463.5899963378906,5108400
2025-02-27,466.1700134277344,475.3999938964844,465.0199890136719,468.55999755859375,4216800
2025-02-28,467.0,476.3599853515625,464.4800109863281,474.9599914550781,6146300
2025-03-03,474.3699951171875,477.2699890136719,465.2099914550781,467.04998779296875,5700200
2025-03-04,469.75,479.2099914550781,466.4599914550781,474.6099853515625,5864100
2025-03-05,471.07000732421875,479.0799865722656,471.010009765625,475.9800109863281,3637100
2025-03-06,476.0,488.1199951171875,472.0,487.7200012207031,4964000
2025-03-07,483.8299865722656,499.9200134277344,483.3699951171875,493.4800109863281,5434100
2025-03-10,492.2799987792969,497.8500061035156,477.7099914550781,480.2200012207031,5108900
2025-03-11,482.5,486.7699890136719,477.1400146484375,486.0400085449219,4101000
2025-03-12,483.1400146484375,487.6000061035156,478.82000732421875,481.1099853515625,3680800
2025-03-13,479.45001220703125,484.05999755859375,475.0,481.5199890136719,2876600
2025-03-14,481.0,489.45001220703125,478.239990234375,488.6499938964844,3915900
2025-03-17,487.510009765625,500.6099853515625,485.95001220703125,499.0199890136719,5152300
2025-03-18,502.239990234375,505.9700012207031,497.82000732421875,503.79998779296875,3617600
2025-03-19,505.0400085449219,506.3500061035156,500.05999755859375,503.20001220703125,3317600
2025-03-20,505.25,514.3900146484375,503.510009765625,511.29998779296875,4965400
2025-03-21,511.67999267578125,519.0,505.0899963378906,516.8499755859375,10244900
2025-03-24,515.0800170898438,518.25,511.1199951171875,516.5,3840900
2025-03-25,518.280029296875,519.0,511.5299987792969,513.4299926757812,3015100
2025-03-26,515.2000122070312,522.9500122070312,512.8499755859375,518.2000122070312,3253800
2025-03-27,516.2899780273438,521.0800170898438,512.9500122070312,515.719970703125,2822200
2025-03-28,516.8699951171875,520.97998046875,515.0499877929688,516.0399780273438,2379100
2025-03-31,519.1799926757812,528.1199951171875,518.5900268554688,523.75,5238700
2025-04-01,525.739990234375,528.1699829101562,520.9500122070312,523.1199951171875,2962500
2025-04-02,522.9500122070312,525.0,516.7999877929688,523.2000122070312,2378900
2025-04-03,529.989990234375,548.5,529.2899780273438,540.4400024414062,6457900
2025-04-04,540.6400146484375,551.739990234375,524.8400268554688,525.0499877929688,9919000
2025-04-07,513.4000244140625,529.2000122070312,503.5899963378906,524.7000122070312,7356700
2025-04-08,582.1699829101562,585.010009765625,547.4600219726562,553.0800170898438,11762300
2025-04-09,560.1400146484375,589.4000244140625,554.4600219726562,578.5,12691900
2025-04-10,580.239990234375,601.8800048828125,580.0,594.4000244140625,8646000
2025-04-11,588.9199829101562,606.3599853515625,586.530029296875,599.469970703125,6121500
2025-04-14,595.0,595.6300048828125,579.2899780273438,587.0599975585938,4839300
2025-04-15,592.239990234375,592.8599853515625,582.010009765625,583.5900268554688,3871300
2025-04-16,585.3200073242188,594.8099975585938,582.9600219726562,585.0399780273438,4192100
2025-04-17,481.95001220703125,489.7900085449219,447.1000061035156,454.1099853515625,29120200
2025-04-21,449.760009765625,453.5,424.80999755859375,425.3299865722656,13029900
2025-04-22,424.6400146484375,431.5,417.1199951171875,427.17999267578125,10156900
2025-04-23,427.07000732421875,438.8500061035156,423.75,427.9599914550781,8345700
2025-04-24,427.57000732421875,429.8999938964844,423.6499938964844,424.25,7629100
2025-04-25,423.55999755859375,423.55999755859375,412.0199890136719,418.6400146484375,9263800
2025-04-28,419.75,424.1199951171875,415.54998779296875,420.0,6614300
2025-04-29,421.19000244140625,421.75,409.1000061035156,409.2300109863281,9909100
2025-04-30,409.0299987792969,413.260009765625,401.0,411.44000244140625,9192800
2025-05-01,411.32000732421875,411.989990234375,399.8599853515625,400.67999267578125,9316800
2025-05-02,399.9599914550781,402.0,393.1099853515625,399.9200134277344,11392900
2025-05-05,399.1199951171875,409.70001220703125,397.5899963378906,404.80999755859375,8157200
2025-05-06,402.79998779296875,404.7200012207031,393.4200134277344,394.510009765625,7858600
2025-05-07,395.3500061035156,395.5199890136719,385.70001220703125,391.05999755859375,8517200
2025-05-08,390.0,390.9200134277344,385.3699951171875,385.54998779296875,7218300
2025-05-09,385.6700134277344,386.54998779296875,378.5400085449219,380.6400146484375,8381100
2025-05-12,381.0,387.2099914550781,376.8399963378906,378.75,11004800
2025-05-13,335.739990234375,342.0,309.1000061035156,311.3800048828125,59478300
2025-05-14,321.45001220703125,322.94000244140625,307.1099853515625,308.010009765625,40029600
2025-05-15,274.8999938964844,276.6499938964844,248.8800048828125,274.3500061035156,121849200
2025-05-16,279.2900085449219,294.489990234375,269.1400146484375,291.9100036621094,71094300
2025-05-19,304.7699890136719,316.2900085449219,297.25,315.8900146484375,62524700
2025-05-20,320.9200134277344,324.6400146484375,312.5799865722656,321.5799865722656,41487000
2025-05-21,301.0,309.9599914550781,300.07000732421875,302.9800109863281,45506900
2025-05-22,293.8900146484375,305.6700134277344,292.5,296.6700134277344,27159600
2025-05-23,296.1000061035156,299.70001220703125,291.6400146484375,295.57000732421875,16873600
2025-05-27,299.5,299.95001220703125,289.1300048828125,295.0,20144600
2025-05-28,294.0,303.7799987792969,293.2799987792969,298.1099853515625,16114200
2025-05-29,296.79998779296875,303.3800048828125,295.0,298.1700134277344,16221100
2025-05-30,297.9700012207031,305.6400146484375,295.8399963378906,301.9100036621094,16309300
2025-06-02,303.1199951171875,313.54998779296875,300.9700012207031,304.7200012207031,19074400
2025-06-03,303.1000061035156,305.7200012207031,300.010009765625,301.2200012207031,12805700
2025-06-04,303.5400085449219,307.6400146484375,300.20001220703125,300.3800048828125,11255600
2025-06-05,300.3800048828125,302.4200134277344,294.1099853515625,295.8399963378906,13529000
2025-06-06,297.2300109863281,304.3900146484375,297.1499938964844,303.2200012207031,12589000
2025-06-09,305.0400085449219,307.3999938964844,301.1400146484375,303.19000244140625,12170300
2025-06-10,303.79998779296875,305.1199951171875,300.5899963378906,303.7900085449219,11384100
2025-06-11,302.67999267578125,311.5799865722656,302.2300109863281,310.55999755859375,14711400
2025-06-12,311.3999938964844,318.79998779296875,308.510009765625,318.5,15957200
2025-06-13,315.8999938964844,317.4200134277344,311.9100036621094,313.5299987792969,13762400
2025-06-16,313.0,313.2699890136719,304.7900085449219,307.6600036621094,14240100
2025-06-17,307.45001220703125,309.95001220703125,305.5199890136719,308.8699951171875,11593900
2025-06-18,307.54998779296875,311.7900085449219,306.2300109863281,307.20001220703125,12205600
2025-06-20,309.5,309.5899963378906,301.5899963378906,302.010009765625,16177900
2025-06-23,301.8999938964844,302.4700012207031,295.5199890136719,300.67999267578125,12274700
2025-06-24,301.45001220703125,305.82000732421875,299.3299865722656,305.6199951171875,8781400
2025-06-25,304.3800048828125,304.3800048828125,299.79998779296875,302.0199890136719,8722100
2025-06-26,302.57000732421875,306.7099914550781,301.2900085449219,302.6199951171875,6532700
2025-06-27,302.95001220703125,310.45001220703125,302.20001220703125,309.1099853515625,15304400
2025-06-30,309.0,312.3800048828125,306.3399963378906,311.9700012207031,10074100
2025-07-01,311.9700012207031,326.54998779296875,311.0799865722656,326.1400146484375,17865500
2025-07-02,320.739990234375,322.4200134277344,306.42999267578125,307.55999755859375,18177200
2025-07-03,309.8399963378906,312.25,308.2300109863281,308.54998779296875,6161100
2025-07-07,308.0,308.6099853515625,301.20001220703125,303.7099914550781,9031200
2025-07-08,304.2300109863281,308.29998779296875,303.79998779296875,307.70001220703125,9613800
2025-07-09,303.19000244140625,303.6000061035156,298.75,302.9100036621094,12816700
2025-07-10,303.05999755859375,304.92999267578125,296.6000061035156,299.510009765625,11355600
2025-07-11,300.0199890136719,304.1199951171875,298.0,304.1000061035156,9808200
2025-07-14,301.6400146484375,304.0400085449219,299.0,300.5799865722656,10681400
2025-07-15,299.7099914550781,300.67999267578125,291.0299987792969,291.7099914550781,16019000
2025-07-16,292.54998779296875,295.989990234375,290.75,292.489990234375,9714000
2025-07-17,292.3299865722656,293.0,283.8299865722656,288.07000732421875,14792700
2025-07-18,287.8900146484375,288.07000732421875,280.80999755859375,282.6499938964844,14979700
2025-07-21,284.6400146484375,286.5,281.20001220703125,282.1400146484375,10319200
2025-07-22,282.6300048828125,287.1099853515625,282.0,285.1300048828125,14600300
2025-07-23,287.5,292.6400146484375,284.95001220703125,292.510009765625,13111100
2025-07-24,283.1000061035156,289.2099914550781,278.2200012207031,278.5799865722656,22585200
2025-07-25,281.0,286.1400146484375,279.94000244140625,281.05999755859375,16486600
2025-07-28,283.5,285.0,279.69000244140625,282.1199951171875,15779400
2025-07-29,265.70001220703125,272.9100036621094,260.54998779296875,261.07000732421875,41706000
2025-07-30,264.79998779296875,266.6300048828125,258.1199951171875,266.0400085449219,22371800
2025-07-31,261.3999938964844,261.3999938964844,247.75,249.55999755859375,29606900
2025-08-01,250.61000061035156,251.49000549316406,234.60000610351562,237.77000427246094,39989200
2025-08-04,238.24000549316406,242.25,236.9499969482422,240.97999572753906,17427900
2025-08-05,241.16000366210938,252.07000732421875,240.0500030517578,251.0,23795900
2025-08-06,250.63999938964844,253.16000366210938,245.30999755859375,245.77999877929688,12946400
2025-08-07,246.4199981689453,248.75,239.5,244.6699981689453,11369900
2025-08-08,244.7899932861328,251.0800018310547,244.3699951171875,250.88999938964844,10185700
2025-08-11,253.8699951171875,258.3999938964844,252.13999938964844,252.3699951171875,11779500
2025-08-12,254.02000427246094,262.8800048828125,253.6699981689453,261.57000732421875,12171800
2025-08-13,264.3900146484375,272.19000244140625,262.8900146484375,271.80999755859375,19480300
2025-08-14,272.1000061035156,273.8500061035156,267.0,271.489990234375,25011100
2025-08-15,301.7099914550781,310.29998779296875,294.7099914550781,304.010009765625,68198500
2025-08-18,313.17999267578125,316.3999938964844,307.4200134277344,308.489990234375,39600500
2025-08-19,308.8999938964844,310.5,299.2099914550781,304.239990234375,22348600
2025-08-20,306.3999938964844,307.20001220703125,295.70001220703125,299.8399963378906,16679000
2025-08-21,302.2900085449219,306.57000732421875,297.79998779296875,303.3500061035156,13359000
2025-08-22,306.1000061035156,310.67999267578125,304.5799865722656,307.4200134277344,14930000
2025-08-25,308.489990234375,308.8699951171875,302.7300109863281,304.8599853515625,8917100
2025-08-26,304.30999755859375,308.9599914550781,294.20001220703125,300.42999267578125,16303200
2025-08-27,300.5400085449219,305.9700012207031,300.5,303.8800048828125,9982800
2025-08-28,304.25,304.4700012207031,299.3999938964844,302.2900085449219,11235000
2025-08-29,302.29998779296875,310.0,300.9100036621094,309.8699951171875,12065400
2025-09-02,308.30999755859375,312.8900146484375,307.29998779296875,308.79998779296875,10957100
2025-09-03,308.1099853515625,309.5899963378906,303.70001220703125,307.8800048828125,9654600
2025-09-04,306.1000061035156,311.9100036621094,304.1000061035156,310.3800048828125,7725700
2025-09-05,310.44000244140625,317.94000244140625,308.20001220703125,315.3900146484375,14126700
2025-09-08,319.7099914550781,321.6499938964844,313.79998779296875,320.25,18438600
2025-09-09,332.5,351.7099914550781,327.1600036621094,347.9200134277344,46408900
2025-09-10,345.55999755859375,348.57000732421875,341.3999938964844,346.7799987792969,17804300
2025-09-11,349.0,360.9800109863281,345.8399963378906,353.6099853515625,18943500
2025-09-12,355.8999938964844,362.30999755859375,352.4599914550781,352.510009765625,14016200
2025-09-15,351.260009765625,351.7099914550781,342.5299987792969,347.8900146484375,11035900
2025-09-16,347.5,349.0400085449219,338.32000732421875,339.7799987792969,12695800
2025-09-17,337.69000244140625,343.0,337.69000244140625,341.6099853515625,8467700
2025-09-18,343.5299987792969,344.92999267578125,334.1199951171875,334.82000732421875,11255600
2025-09-19,336.5,340.9599914550781,333.8399963378906,336.69000244140625,13656800
2025-09-22,334.4599914550781,342.4800109863281,332.6000061035156,341.29998779296875,8903700
2025-09-23,341.0,352.70001220703125,339.9599914550781,347.69000244140625,12504100
2025-09-24,350.20001220703125,354.5,347.8399963378906,351.80999755859375,9016300
2025-09-25,348.8999938964844,350.19000244140625,343.6000061035156,345.55999755859375,8104900
2025-09-26,347.92999267578125,349.9700012207031,341.29998779296875,344.0799865722656,6774700
2025-09-29,343.9800109863281,345.54998779296875,341.45001220703125,345.17999267578125,6878900
2025-09-30,343.75,349.32000732421875,342.3299865722656,345.29998779296875,7429700
2025-10-01,343.8999938964844,348.70001220703125,341.6300048828125,348.29998779296875,8825500
2025-10-02,347.2900085449219,355.0799865722656,344.6499938964844,353.7200012207031,8564200
2025-10-03,357.25,368.0,356.6099853515625,360.20001220703125,13494800
2025-10-06,361.0299987792969,362.5199890136719,357.1099853515625,358.7699890136719,7181700
2025-10-07,359.4100036621094,364.7200012207031,358.05999755859375,363.6600036621094,7236200
2025-10-08,366.92999267578125,374.6300048828125,365.79998779296875,369.9200134277344,9438300
2025-10-09,372.5199890136719,376.2200012207031,366.0799865722656,367.69000244140625,8759800
2025-10-10,369.3999938964844,369.3999938964844,352.510009765625,354.5,13141900
2025-10-13,354.739990234375,359.1600036621094,353.32000732421875,358.6600036621094,5659400
2025-10-14,354.95001220703125,362.3299865722656,353.3999938964844,359.92999267578125,5974800
2025-10-15,359.3900146484375,364.2200012207031,355.8500061035156,361.1499938964844,6579600
2025-10-16,361.8399963378906,362.0,354.3999938964844,356.6700134277344,5872100
2025-10-17,351.0,358.3900146484375,350.8299865722656,356.6000061035156,8608400
2025-10-20,358.5400085449219,365.57000732421875,357.510009765625,364.4800109863281,5996500
2025-10-21,365.1400146484375,371.04998779296875,361.5,365.3699951171875,6885300
2025-10-22,363.9599914550781,364.0,358.0,361.489990234375,7833000
2025-10-23,355.5799865722656,362.2799987792969,353.6400146484375,360.45001220703125,5756700
2025-10-24,361.3699951171875,365.4200134277344,360.0299987792969,362.5,5462100
2025-10-27,363.5,366.2200012207031,361.3999938964844,365.9800109863281,7766400
2025-10-28,380.67999267578125,381.0,358.6300048828125,367.8399963378906,18858700
2025-10-29,364.2799987792969,366.1499938964844,353.8800048828125,355.260009765625,11874900
2025-10-30,347.5199890136719,354.5400085449219,343.6000061035156,344.75,11441900
2025-10-31,344.3900146484375,346.2799987792969,337.1199951171875,341.55999755859375,8390800
2025-11-03,339.1300048828125,340.70001220703125,326.6000061035156,333.7900085449219,11181400
2025-11-04,327.6300048828125,336.5,327.20001220703125,330.8299865722656,9646600
2025-11-05,326.29998779296875,330.2099914550781,324.2200012207031,327.739990234375,9697100
2025-11-06,328.9200134277344,332.3699951171875,321.45001220703125,321.55999755859375,7922100
2025-11-07,319.6600036621094,324.54998779296875,314.1600036621094,324.2099914550781,9402900
2025-11-10,319.989990234375,324.25,317.1700134277344,321.5799865722656,9283800
2025-11-11,323.29998779296875,327.8599853515625,319.8800048828125,327.45001220703125,7157800
2025-11-12,328.45001220703125,343.1700134277344,327.0799865722656,339.05999755859375,10403300
2025-11-13,338.3500061035156,339.0299987792969,331.2900085449219,332.5199890136719,7788700
2025-11-14,326.95001220703125,328.2099914550781,320.489990234375,321.8599853515625,8676500
2025-11-17,320.6000061035156,327.8800048828125,319.42999267578125,320.5199890136719,6485400
2025-11-18,317.010009765625,317.5,308.7699890136719,313.5799865722656,9182100
2025-11-19,313.92999267578125,315.0,304.5299987792969,309.0899963378906,8181100
2025-11-20,310.80999755859375,314.75,310.0,311.5400085449219,7337600
2025-11-21,311.9100036621094,323.8399963378906,311.44000244140625,319.9700012207031,8406300
2025-11-24,324.5299987792969,325.8500061035156,317.6199951171875,319.04998779296875,10773800
2025-11-25,321.1199951171875,328.0,320.8999938964844,326.2799987792969,6149100
2025-11-26,326.5899963378906,335.19000244140625,325.8900146484375,329.7099914550781,5504200
2025-11-28,331.6700134277344,332.05999755859375,328.8900146484375,329.7699890136719,2464500
2025-12-01,327.1600036621094,330.05999755859375,323.0299987792969,323.2099914550781,6154600
2025-12-02,323.3699951171875,328.70001220703125,322.79998779296875,324.5400085449219,7978100
2025-12-03,326.0,341.4100036621094,325.010009765625,339.7099914550781,9770000
2025-12-04,339.3999938964844,341.260009765625,328.7200012207031,333.489990234375,8053800
