date,open,high,low,close,volume
2010-01-04,22.56999969482422,22.90999984741211,22.530000686645508,22.8799991607666,12891700
2010-01-05,22.760000228881836,23.510000228881836,22.739999771118164,23.459999084472656,14503500
2010-01-06,23.43000030517578,23.8700008392334,23.31999969482422,23.709999084472656,12293600
2010-01-07,23.639999389648438,24.479999542236328,23.5,24.170000076293945,15241200
2010-01-08,23.969999313354492,24.260000228881836,23.739999771118164,24.209999084472656,9935000
2010-01-11,24.5,24.5,24.110000610351562,24.31999969482422,8482600
2010-01-12,24.18000030517578,24.540000915527344,24.040000915527344,24.309999465942383,13119300
2010-01-13,24.290000915527344,24.889999389648438,24.1200008392334,24.709999084472656,12736800
2010-01-14,24.600000381469727,25.40999984741211,24.530000686645508,25.329999923706055,13383700
2010-01-15,25.219999313354492,25.219999313354492,24.459999084472656,24.6200008392334,13590500
2010-01-19,24.489999771118164,24.770000457763672,24.09000015258789,24.489999771118164,15470200
2010-01-20,24.799999237060547,25.34000015258789,24.770000457763672,25.010000228881836,18602200
2010-01-21,25.219999313354492,25.739999771118164,24.65999984741211,25.139999389648438,24864100
2010-01-22,25.059999465942383,26.84000015258789,24.56999969482422,24.670000076293945,20007400
2010-01-25,25.010000228881836,25.1299991607666,24.420000076293945,24.809999465942383,13692400
2010-01-26,24.389999389648438,24.90999984741211,24.229999542236328,24.309999465942383,15866800
2010-01-27,24.170000076293945,25.229999542236328,24.1200008392334,25.1200008392334,19763800
2010-01-28,25.229999542236328,25.3700008392334,24.790000915527344,24.989999771118164,17788000
2010-01-29,25.200000762939453,25.459999084472656,24.889999389648438,25.079999923706055,18317200
2010-02-01,25.149999618530273,25.360000610351562,24.899999618530273,25.18000030517578,12029500
2010-02-02,25.15999984741211,25.309999465942383,24.75,24.8700008392334,14793600
2010-02-03,24.760000228881836,24.850000381469727,24.219999313354492,24.459999084472656,12353800
2010-02-04,24.290000915527344,24.399999618530273,23.6200008392334,23.649999618530273,20550000
2010-02-05,23.829999923706055,24.25,23.280000686645508,23.969999313354492,22491200
2010-02-08,23.920000076293945,24.030000686645508,23.40999984741211,23.489999771118164,15753400
2010-02-09,23.6299991607666,23.860000610351562,23.260000228881836,23.489999771118164,13742600
2010-02-10,23.469999313354492,23.8799991607666,23.270000457763672,23.610000610351562,12219500
2010-02-11,23.670000076293945,23.700000762939453,23.290000915527344,23.489999771118164,8753400
2010-02-12,23.25,23.389999389648438,22.979999542236328,23.260000228881836,16552700
2010-02-16,23.520000457763672,23.8799991607666,23.219999313354492,23.860000610351562,11484600
2010-02-17,23.84000015258789,23.889999389648438,23.479999542236328,23.729999542236328,21960400
2010-02-18,23.6299991607666,24.0,23.530000686645508,23.90999984741211,9075800
2010-02-19,23.829999923706055,24.25,23.809999465942383,24.139999389648438,11805100
2010-02-22,24.5,24.709999084472656,24.260000228881836,24.549999237060547,12844900
2010-02-23,24.43000030517578,24.6299991607666,24.200000762939453,24.270000457763672,13288900
2010-02-24,24.43000030517578,24.90999984741211,24.3799991607666,24.780000686645508,12020100
2010-02-25,24.149999618530273,24.780000686645508,24.0,24.299999237060547,12541000
2010-02-26,24.209999084472656,24.709999084472656,24.209999084472656,24.610000610351562,9446500
2010-03-01,24.6200008392334,24.729999542236328,24.389999389648438,24.510000228881836,6843500
2010-03-02,24.850000381469727,24.90999984741211,24.579999923706055,24.739999771118164,7907800
2010-03-03,24.690000534057617,24.90999984741211,24.610000610351562,24.649999618530273,8391800
2010-03-04,24.670000076293945,24.809999465942383,24.549999237060547,24.739999771118164,7836000
2010-03-05,24.860000610351562,25.25,24.639999389648438,25.200000762939453,9443000
2010-03-08,25.149999618530273,25.309999465942383,24.989999771118164,24.989999771118164,8185800
2010-03-09,24.799999237060547,24.8799991607666,24.520000457763672,24.670000076293945,13248300
2010-03-10,24.799999237060547,25.200000762939453,24.760000228881836,24.959999084472656,11993900
2010-03-11,24.8700008392334,25.520000457763672,24.81999969482422,25.469999313354492,14610600
2010-03-12,25.690000534057617,26.0,25.559999465942383,25.670000076293945,14154500
2010-03-15,25.59000015258789,25.979999542236328,25.450000762939453,25.899999618530273,8366100
2010-03-16,25.959999084472656,26.139999389648438,25.799999237060547,26.1200008392334,10743300
2010-03-17,26.030000686645508,26.31999969482422,25.899999618530273,26.209999084472656,11859900
2010-03-18,26.09000015258789,26.260000228881836,25.799999237060547,25.989999771118164,8568200
2010-03-19,26.139999389648438,26.389999389648438,25.770000457763672,26.139999389648438,13977300
2010-03-22,25.889999389648438,26.3799991607666,25.8700008392334,26.219999313354492,9702700
2010-03-23,26.229999542236328,26.299999237060547,25.940000534057617,26.25,9573700
2010-03-24,26.100000381469727,26.450000762939453,26.100000381469727,26.190000534057617,7370300
2010-03-25,26.34000015258789,26.700000762939453,26.1299991607666,26.170000076293945,10567700
2010-03-26,26.25,26.440000534057617,25.829999923706055,26.049999237060547,10817100
2010-03-29,26.030000686645508,26.149999618530273,25.799999237060547,25.959999084472656,6911400
2010-03-30,25.979999542236328,26.209999084472656,25.81999969482422,25.860000610351562,9124000
2010-03-31,25.709999084472656,26.0,25.639999389648438,25.8799991607666,8451300
2010-04-01,26.040000915527344,26.260000228881836,25.8700008392334,26.239999771118164,6820400
2010-04-05,26.31999969482422,26.479999542236328,26.149999618530273,26.469999313354492,7865900
2010-04-06,26.3799991607666,27.18000030517578,26.3799991607666,27.079999923706055,12480200
2010-04-07,27.139999389648438,27.219999313354492,26.479999542236328,26.700000762939453,12376200
2010-04-08,26.559999465942383,27.290000915527344,26.5,27.1299991607666,14235300
2010-04-09,27.149999618530273,27.270000457763672,26.8799991607666,27.15999984741211,7429300
2010-04-12,27.209999084472656,27.610000610351562,27.1200008392334,27.510000228881836,11025600
2010-04-13,27.43000030517578,27.639999389648438,27.270000457763672,27.530000686645508,13894100
2010-04-14,27.709999084472656,28.309999465942383,27.65999984741211,28.25,14904200
2010-04-15,28.239999771118164,28.43000030517578,28.010000228881836,28.260000228881836,18948600
2010-04-16,28.18000030517578,28.25,26.65999984741211,27.450000762939453,28892400
2010-04-19,27.110000610351562,27.700000762939453,26.979999542236328,27.610000610351562,15084900
2010-04-20,27.329999923706055,28.389999389648438,27.139999389648438,28.209999084472656,23544500
2010-04-21,27.59000015258789,28.420000076293945,27.40999984741211,27.940000534057617,21662500
2010-04-22,27.639999389648438,27.719999313354492,27.09000015258789,27.3700008392334,27278000
2010-04-23,27.3799991607666,27.440000534057617,26.989999771118164,27.299999237060547,11114300
2010-04-26,27.229999542236328,27.43000030517578,26.790000915527344,26.8700008392334,11434400
2010-04-27,26.65999984741211,26.979999542236328,26.149999618530273,26.229999542236328,20979600
2010-04-28,26.579999923706055,26.93000030517578,26.399999618530273,26.56999969482422,12441500
2010-04-29,26.8700008392334,27.68000030517578,26.75,27.290000915527344,18397900
2010-04-30,27.389999389648438,27.459999084472656,26.75,26.770000457763672,17249800
2010-05-03,26.959999084472656,27.329999923706055,26.770000457763672,27.219999313354492,11394000
2010-05-04,26.8700008392334,27.040000915527344,26.270000457763672,26.5,19350300
2010-05-05,26.170000076293945,26.809999465942383,26.06999969482422,26.420000076293945,13252900
2010-05-06,26.260000228881836,26.520000457763672,24.25,25.479999542236328,24977300
2010-05-07,25.399999618530273,25.959999084472656,24.899999618530273,25.149999618530273,26474100
2010-05-10,26.399999618530273,26.760000228881836,26.1200008392334,26.540000915527344,19735900
2010-05-11,26.09000015258789,27.100000381469727,26.0,26.68000030517578,16700200
2010-05-12,26.860000610351562,27.0,26.6299991607666,26.8799991607666,15567200
2010-05-13,26.75,26.850000381469727,26.3799991607666,26.3799991607666,13060800
2010-05-14,26.1299991607666,26.139999389648438,25.1299991607666,25.510000228881836,22554300
2010-05-17,25.549999237060547,25.670000076293945,24.979999542236328,25.610000610351562,14135000
2010-05-18,25.579999923706055,25.719999313354492,24.110000610351562,24.360000610351562,34602600
2010-05-19,24.219999313354492,24.670000076293945,23.969999313354492,24.149999618530273,27819100
2010-05-20,23.68000030517578,23.969999313354492,23.200000762939453,23.209999084472656,22014500
2010-05-21,22.229999542236328,24.040000915527344,22.15999984741211,23.979999542236328,29589000
2010-05-24,24.149999618530273,24.219999313354492,23.489999771118164,23.59000015258789,17937500
2010-05-25,22.860000610351562,23.889999389648438,22.860000610351562,23.889999389648438,23165600
2010-05-26,24.209999084472656,24.309999465942383,23.5,23.6299991607666,20626200
2010-05-27,23.84000015258789,24.459999084472656,23.700000762939453,24.43000030517578,16297700
2010-05-28,24.440000534057617,24.440000534057617,23.850000381469727,23.959999084472656,14072200
2010-06-01,23.729999542236328,24.110000610351562,23.260000228881836,23.290000915527344,14601100
2010-06-02,23.510000228881836,24.020000457763672,23.170000076293945,23.989999771118164,13066400
2010-06-03,24.020000457763672,24.100000381469727,23.3700008392334,23.56999969482422,12742200
2010-06-04,23.020000457763672,23.219999313354492,22.780000686645508,22.850000381469727,21021500
2010-06-07,23.0,23.1200008392334,22.450000762939453,22.459999084472656,15922200
2010-06-08,22.350000381469727,22.780000686645508,22.059999465942383,22.739999771118164,25279000
2010-06-09,22.940000534057617,23.149999618530273,22.520000457763672,22.56999969482422,15765200
2010-06-10,22.940000534057617,23.719999313354492,22.899999618530273,23.68000030517578,16383600
2010-06-11,23.350000381469727,23.649999618530273,23.139999389648438,23.309999465942383,12987300
2010-06-14,23.420000076293945,23.420000076293945,22.729999542236328,22.81999969482422,18859300
2010-06-15,23.0,23.200000762939453,22.729999542236328,23.200000762939453,15665200
2010-06-16,23.020000457763672,23.270000457763672,22.8799991607666,23.1200008392334,16031900
2010-06-17,23.1200008392334,23.25,22.90999984741211,23.059999465942383,12419400
2010-06-18,23.15999984741211,23.610000610351562,23.020000457763672,23.56999969482422,15408800
2010-06-21,23.790000915527344,23.979999542236328,23.56999969482422,23.670000076293945,15912400
2010-06-22,23.75,24.0,23.469999313354492,23.549999237060547,14209000
2010-06-23,23.540000915527344,23.579999923706055,22.920000076293945,23.1299991607666,15692000
2010-06-24,22.93000030517578,23.059999465942383,22.5,22.610000610351562,16835400
2010-06-25,23.079999923706055,23.479999542236328,22.760000228881836,23.360000610351562,17270800
2010-06-28,23.299999237060547,23.440000534057617,23.040000915527344,23.110000610351562,10141000
2010-06-29,23.0,23.200000762939453,22.5,22.6200008392334,19570100
2010-06-30,22.700000762939453,23.100000381469727,22.299999237060547,22.350000381469727,13731000
2010-07-01,22.260000228881836,22.68000030517578,21.850000381469727,22.329999923706055,14871700
2010-07-02,22.440000534057617,22.510000228881836,21.729999542236328,21.8799991607666,11812800
2010-07-06,22.309999465942383,22.31999969482422,21.770000457763672,22.040000915527344,12797800
2010-07-07,22.06999969482422,22.979999542236328,21.899999618530273,22.93000030517578,17187500
2010-07-08,23.1299991607666,23.31999969482422,22.81999969482422,23.239999771118164,14095800
2010-07-09,23.229999542236328,23.940000534057617,23.059999465942383,23.90999984741211,12243200
2010-07-12,23.81999969482422,23.889999389648438,23.520000457763672,23.770000457763672,7028200
2010-07-13,24.030000686645508,24.559999465942383,24.020000457763672,24.43000030517578,11937400
2010-07-14,24.329999923706055,24.350000381469727,23.940000534057617,24.139999389648438,10744000
2010-07-15,24.25,24.479999542236328,23.670000076293945,24.399999618530273,14224200
2010-07-16,24.200000762939453,24.25,23.010000228881836,23.040000915527344,17532800
2010-07-19,22.989999771118164,23.239999771118164,22.649999618530273,22.989999771118164,7881300
2010-07-20,22.610000610351562,23.200000762939453,22.479999542236328,23.149999618530273,14151000
2010-07-21,23.729999542236328,24.0,23.0,23.06999969482422,19829700
2010-07-22,23.399999618530273,23.90999984741211,23.299999237060547,23.65999984741211,18483900
2010-07-23,23.579999923706055,23.950000762939453,23.329999923706055,23.700000762939453,13229500
2010-07-26,23.739999771118164,24.18000030517578,23.600000381469727,24.1200008392334,9459800
2010-07-27,24.34000015258789,24.479999542236328,24.190000534057617,24.309999465942383,9962700
2010-07-28,24.209999084472656,24.31999969482422,23.860000610351562,23.969999313354492,7205900
2010-07-29,24.1299991607666,24.149999618530273,23.549999237060547,23.940000534057617,11918800
2010-07-30,23.799999237060547,24.059999465942383,23.639999389648438,23.899999618530273,10473700
2010-08-02,24.200000762939453,24.520000457763672,24.030000686645508,24.510000228881836,10428100
2010-08-03,24.34000015258789,24.510000228881836,24.170000076293945,24.219999313354492,8987900
2010-08-04,24.350000381469727,24.350000381469727,23.860000610351562,23.93000030517578,11159000
2010-08-05,23.75,23.799999237060547,23.3799991607666,23.68000030517578,10154500
2010-08-06,23.3799991607666,23.469999313354492,22.8700008392334,23.219999313354492,11184300
2010-08-09,23.3700008392334,23.709999084472656,22.979999542236328,23.639999389648438,9930300
2010-08-10,23.3700008392334,23.6299991607666,23.229999542236328,23.440000534057617,8597000
2010-08-11,23.040000915527344,23.100000381469727,22.469999313354492,22.479999542236328,10425100
2010-08-12,22.170000076293945,22.549999237060547,22.100000381469727,22.440000534057617,7256300
2010-08-13,22.43000030517578,22.6299991607666,22.219999313354492,22.219999313354492,5535300
2010-08-16,22.100000381469727,22.260000228881836,21.920000076293945,22.1299991607666,6543700
2010-08-17,22.299999237060547,22.579999923706055,22.059999465942383,22.309999465942383,7271800
2010-08-18,22.270000457763672,22.520000457763672,22.239999771118164,22.399999618530273,5950000
2010-08-19,22.299999237060547,22.399999618530273,21.700000762939453,21.719999313354492,12930900
2010-08-20,21.6299991607666,21.84000015258789,21.559999465942383,21.739999771118164,11082000
2010-08-23,21.850000381469727,22.020000457763672,21.610000610351562,21.6299991607666,7427200
2010-08-24,21.34000015258789,21.540000915527344,21.190000534057617,21.309999465942383,11798800
2010-08-25,21.219999313354492,21.31999969482422,20.889999389648438,21.219999313354492,14179400
2010-08-26,21.280000686645508,21.5,20.90999984741211,20.969999313354492,8045500
2010-08-27,21.09000015258789,21.65999984741211,20.920000076293945,21.65999984741211,12039800
2010-08-30,21.530000686645508,21.6299991607666,20.690000534057617,20.709999084472656,10872700
2010-08-31,20.559999465942383,21.0,20.440000534057617,20.799999237060547,13834900
2010-09-01,21.100000381469727,21.829999923706055,21.049999237060547,21.809999465942383,13381100
2010-09-02,21.920000076293945,22.1200008392334,21.790000915527344,22.1200008392334,9972100
2010-09-03,22.280000686645508,22.700000762939453,22.280000686645508,22.670000076293945,10663900
2010-09-07,22.420000076293945,22.56999969482422,22.219999313354492,22.229999542236328,9017100
2010-09-08,22.260000228881836,22.5,22.1299991607666,22.31999969482422,7871900
2010-09-09,22.68000030517578,22.969999313354492,22.40999984741211,22.649999618530273,10092600
2010-09-10,22.6299991607666,22.760000228881836,22.420000076293945,22.6299991607666,8050000
2010-09-13,23.09000015258789,23.520000457763672,23.059999465942383,23.3700008392334,10568300
2010-09-14,23.25,23.440000534057617,22.979999542236328,23.260000228881836,9033500
2010-09-15,22.889999389648438,22.969999313354492,22.489999771118164,22.670000076293945,17107500
2010-09-16,22.6200008392334,22.739999771118164,22.40999984741211,22.700000762939453,9130800
2010-09-17,22.770000457763672,22.979999542236328,22.690000534057617,22.809999465942383,11505400
2010-09-20,22.850000381469727,23.360000610351562,22.770000457763672,23.280000686645508,9894900
2010-09-21,23.290000915527344,23.600000381469727,22.799999237060547,22.8700008392334,11389600
2010-09-22,22.770000457763672,23.049999237060547,22.34000015258789,22.520000457763672,18374200
2010-09-23,22.209999084472656,22.40999984741211,21.790000915527344,21.81999969482422,29937400
2010-09-24,22.040000915527344,22.420000076293945,22.0,22.40999984741211,25738000
2010-09-27,22.450000762939453,22.540000915527344,21.84000015258789,21.860000610351562,12543100
2010-09-28,21.8700008392334,21.899999618530273,21.549999237060547,21.829999923706055,17634900
2010-09-29,21.690000534057617,21.90999984741211,21.600000381469727,21.670000076293945,13279300
2010-09-30,21.860000610351562,21.989999771118164,21.510000228881836,21.6200008392334,12751500
2010-10-01,21.770000457763672,22.0,21.610000610351562,21.709999084472656,13477300
2010-10-04,21.6299991607666,21.8700008392334,21.579999923706055,21.6200008392334,10412200
2010-10-05,21.899999618530273,22.440000534057617,21.59000015258789,22.34000015258789,19687900
2010-10-06,22.329999923706055,22.520000457763672,22.280000686645508,22.40999984741211,12511000
2010-10-07,22.520000457763672,22.520000457763672,21.979999542236328,22.360000610351562,11971000
2010-10-08,22.3700008392334,22.469999313354492,22.100000381469727,22.309999465942383,9128800
2010-10-11,22.350000381469727,22.479999542236328,22.139999389648438,22.25,5717400
2010-10-12,22.15999984741211,22.93000030517578,22.15999984741211,22.8799991607666,14252100
2010-10-13,23.040000915527344,23.229999542236328,22.549999237060547,22.860000610351562,17978400
2010-10-14,22.770000457763672,22.770000457763672,22.15999984741211,22.56999969482422,17150000
2010-10-15,22.709999084472656,22.93000030517578,22.059999465942383,22.540000915527344,26105000
2010-10-18,22.510000228881836,23.15999984741211,22.510000228881836,23.15999984741211,11134600
2010-10-19,22.940000534057617,23.1200008392334,22.459999084472656,22.809999465942383,17575000
2010-10-20,22.959999084472656,23.100000381469727,22.65999984741211,22.829999923706055,21013700
2010-10-21,22.969999313354492,23.59000015258789,22.940000534057617,23.360000610351562,17393700
2010-10-22,23.56999969482422,23.690000534057617,23.06999969482422,23.59000015258789,18854800
2010-10-25,23.780000686645508,23.780000686645508,23.420000076293945,23.469999313354492,18468500
2010-10-26,23.15999984741211,23.979999542236328,23.149999618530273,23.940000534057617,15886000
2010-10-27,24.030000686645508,24.40999984741211,23.989999771118164,24.34000015258789,21334900
2010-10-28,24.469999313354492,24.540000915527344,23.84000015258789,24.18000030517578,14388900
2010-10-29,24.06999969482422,24.260000228881836,23.899999618530273,24.200000762939453,9853500
2010-11-01,24.200000762939453,24.270000457763672,23.56999969482422,23.93000030517578,11456200
2010-11-02,24.15999984741211,24.219999313354492,23.690000534057617,23.799999237060547,10003800
2010-11-03,23.889999389648438,24.110000610351562,23.600000381469727,24.049999237060547,12975800
2010-11-04,24.209999084472656,25.25,24.110000610351562,25.15999984741211,24115400
2010-11-05,25.239999771118164,26.389999389648438,25.18000030517578,26.100000381469727,30045400
2010-11-08,26.020000457763672,26.170000076293945,25.420000076293945,25.700000762939453,14277800
2010-11-09,25.6200008392334,25.780000686645508,25.110000610351562,25.209999084472656,14434900
2010-11-10,25.299999237060547,25.549999237060547,24.84000015258789,25.510000228881836,15548700
2010-11-11,25.270000457763672,25.399999618530273,24.940000534057617,25.18000030517578,10695500
2010-11-12,25.040000915527344,25.1299991607666,24.440000534057617,24.6200008392334,14243200
2010-11-15,24.75,25.3799991607666,24.700000762939453,24.940000534057617,12084700
2010-11-16,24.729999542236328,25.100000381469727,24.520000457763672,24.719999313354492,17226500
2010-11-17,24.709999084472656,25.0,24.600000381469727,24.729999542236328,14480200
2010-11-18,24.940000534057617,25.260000228881836,24.81999969482422,25.010000228881836,10479700
2010-11-19,24.93000030517578,24.969999313354492,24.68000030517578,24.8700008392334,8966900
2010-11-22,24.65999984741211,24.790000915527344,24.420000076293945,24.649999618530273,9985700
2010-11-23,24.3799991607666,24.520000457763672,24.049999237060547,24.079999923706055,12580600
2010-11-24,24.209999084472656,24.309999465942383,23.959999084472656,24.170000076293945,11500500
2010-11-26,24.0,24.260000228881836,23.920000076293945,23.969999313354492,3458800
2010-11-29,23.729999542236328,24.18000030517578,23.639999389648438,24.100000381469727,9664600
2010-11-30,23.989999771118164,24.25,23.75,23.780000686645508,11166900
2010-12-01,24.110000610351562,24.229999542236328,23.8799991607666,24.209999084472656,12996800
2010-12-02,24.229999542236328,24.989999771118164,24.149999618530273,24.760000228881836,15956100
2010-12-03,24.649999618530273,24.920000076293945,24.56999969482422,24.760000228881836,11776900
2010-12-06,24.59000015258789,24.84000015258789,24.520000457763672,24.649999618530273,8116500
2010-12-07,24.8799991607666,25.079999923706055,24.260000228881836,24.3700008392334,18899800
2010-12-08,24.450000762939453,25.170000076293945,24.3799991607666,25.170000076293945,14023200
2010-12-09,25.3799991607666,25.969999313354492,25.280000686645508,25.84000015258789,21338500
2010-12-10,25.8700008392334,26.469999313354492,25.6200008392334,26.450000762939453,19693200
2010-12-13,26.459999084472656,26.469999313354492,26.079999923706055,26.18000030517578,13668700
2010-12-14,26.209999084472656,26.440000534057617,25.829999923706055,25.940000534057617,11892400
2010-12-15,25.899999618530273,26.190000534057617,25.670000076293945,25.799999237060547,12697200
2010-12-16,25.799999237060547,26.209999084472656,25.700000762939453,26.100000381469727,13409500
2010-12-17,26.059999465942383,26.239999771118164,25.81999969482422,26.200000762939453,13202600
2010-12-20,26.170000076293945,26.329999923706055,26.079999923706055,26.139999389648438,7183800
2010-12-21,26.299999237060547,26.809999465942383,26.219999313354492,26.559999465942383,9400800
2010-12-22,26.6299991607666,27.25,26.579999923706055,26.950000762939453,10686800
2010-12-23,26.959999084472656,27.049999237060547,26.75,27.020000457763672,8075100
2010-12-27,26.860000610351562,27.200000762939453,26.860000610351562,27.1200008392334,5015600
2010-12-28,27.1200008392334,27.299999237060547,27.040000915527344,27.18000030517578,4947200
2010-12-29,27.059999465942383,27.15999984741211,26.920000076293945,27.030000686645508,6418200
2010-12-30,27.030000686645508,27.1200008392334,26.81999969482422,26.940000534057617,4724800
2010-12-31,26.969999313354492,27.100000381469727,26.850000381469727,26.969999313354492,4360000
2011-01-03,27.200000762939453,27.399999618530273,26.920000076293945,26.940000534057617,15311000
2011-01-04,26.93000030517578,27.040000915527344,26.6200008392334,26.760000228881836,16433100
2011-01-05,26.600000381469727,26.8799991607666,26.389999389648438,26.81999969482422,18364800
2011-01-06,26.8799991607666,26.90999984741211,26.1299991607666,26.290000915527344,19424200
2011-01-07,26.280000686645508,26.450000762939453,25.649999618530273,26.09000015258789,19378200
2011-01-10,25.969999313354492,26.3799991607666,25.760000228881836,26.25,11304500
2011-01-11,26.450000762939453,26.649999618530273,25.979999542236328,26.049999237060547,12441900
2011-01-12,26.280000686645508,26.899999618530273,26.260000228881836,26.690000534057617,13038600
2011-01-13,26.899999618530273,27.260000228881836,26.700000762939453,26.75,13268500
2011-01-14,26.690000534057617,27.510000228881836,26.68000030517578,27.3700008392334,14203300
2011-01-18,27.520000457763672,27.68000030517578,27.1299991607666,27.309999465942383,12578300
2011-01-19,27.209999084472656,27.209999084472656,26.25,26.520000457763672,17963500
2011-01-20,26.260000228881836,26.81999969482422,26.209999084472656,26.700000762939453,12953400
2011-01-21,27.110000610351562,27.149999618530273,26.68000030517578,26.959999084472656,13241300
2011-01-24,26.420000076293945,27.059999465942383,26.420000076293945,26.84000015258789,11340600
2011-01-25,26.75,26.90999984741211,26.299999237060547,26.760000228881836,10517200
2011-01-26,26.799999237060547,27.010000228881836,26.600000381469727,26.600000381469727,9065800
2011-01-27,26.59000015258789,26.969999313354492,26.3799991607666,26.959999084472656,9951200
2011-01-28,26.959999084472656,27.280000686645508,26.790000915527344,26.799999237060547,17235700
2011-01-31,26.809999465942383,27.1200008392334,26.6299991607666,27.0,11576300
2011-02-01,27.059999465942383,27.729999542236328,27.0,27.65999984741211,10533800
2011-02-02,27.34000015258789,27.65999984741211,27.200000762939453,27.389999389648438,11924800
2011-02-03,27.329999923706055,27.520000457763672,27.139999389648438,27.469999313354492,8221400
2011-02-04,27.389999389648438,27.510000228881836,26.950000762939453,27.420000076293945,10315100
2011-02-07,27.469999313354492,28.059999465942383,27.440000534057617,27.950000762939453,9713800
2011-02-08,28.010000228881836,28.280000686645508,27.81999969482422,28.219999313354492,11659300
2011-02-09,28.09000015258789,28.280000686645508,27.860000610351562,28.040000915527344,7963800
2011-02-10,27.920000076293945,28.010000228881836,27.610000610351562,27.860000610351562,12202000
2011-02-11,27.549999237060547,28.540000915527344,27.450000762939453,28.3700008392334,10865100
2011-02-14,28.399999618530273,28.739999771118164,28.280000686645508,28.68000030517578,8139300
2011-02-15,28.59000015258789,28.850000381469727,28.510000228881836,28.649999618530273,8724600
2011-02-16,28.739999771118164,28.940000534057617,28.450000762939453,28.700000762939453,7706200
2011-02-17,28.6200008392334,28.690000534057617,28.360000610351562,28.360000610351562,7500900
2011-02-18,28.3700008392334,28.56999969482422,28.149999618530273,28.559999465942383,10144400
2011-02-22,27.90999984741211,28.1200008392334,27.59000015258789,27.690000534057617,13192800
2011-02-23,27.649999618530273,27.920000076293945,27.100000381469727,27.520000457763672,12197800
2011-02-24,27.420000076293945,27.700000762939453,27.200000762939453,27.5,11538000
2011-02-25,27.670000076293945,27.84000015258789,27.43000030517578,27.520000457763672,9868500
2011-02-28,27.610000610351562,27.81999969482422,27.520000457763672,27.729999542236328,7455900
2011-03-01,27.790000915527344,27.809999465942383,26.989999771118164,27.1200008392334,13034000
2011-03-02,27.190000534057617,27.260000228881836,26.75,26.850000381469727,10212200
2011-03-03,27.079999923706055,27.700000762939453,26.989999771118164,27.540000915527344,12897900
2011-03-04,27.440000534057617,27.530000686645508,26.700000762939453,27.040000915527344,19485900
2011-03-07,27.190000534057617,27.360000610351562,26.850000381469727,26.899999618530273,8699300
2011-03-08,27.100000381469727,27.8700008392334,27.030000686645508,27.75,12122800
2011-03-09,27.6299991607666,27.940000534057617,27.469999313354492,27.799999237060547,6930300
2011-03-10,27.450000762939453,27.559999465942383,27.1299991607666,27.18000030517578,11180300
2011-03-11,27.100000381469727,27.329999923706055,26.899999618530273,27.15999984741211,9150300
2011-03-14,26.959999084472656,27.059999465942383,26.5,26.8700008392334,8190500
2011-03-15,26.1299991607666,26.8700008392334,26.06999969482422,26.709999084472656,12230800
2011-03-16,26.68000030517578,26.75,25.920000076293945,26.149999618530273,19301800
2011-03-17,26.520000457763672,26.610000610351562,25.690000534057617,26.350000381469727,17874500
2011-03-18,26.75,27.270000457763672,26.6200008392334,26.649999618530273,19414900
2011-03-21,27.059999465942383,27.079999923706055,26.420000076293945,26.600000381469727,10552000
2011-03-22,26.6299991607666,26.809999465942383,26.3799991607666,26.459999084472656,6580900
2011-03-23,26.389999389648438,26.530000686645508,26.030000686645508,26.450000762939453,7561100
2011-03-24,26.709999084472656,26.729999542236328,26.440000534057617,26.68000030517578,6359100
2011-03-25,26.75,27.049999237060547,26.690000534057617,26.920000076293945,8509000
2011-03-28,26.989999771118164,27.040000915527344,26.81999969482422,26.8700008392334,6457900
2011-03-29,26.729999542236328,26.739999771118164,26.579999923706055,26.649999618530273,9113700
2011-03-30,26.790000915527344,26.84000015258789,26.639999389648438,26.68000030517578,12758900
2011-03-31,26.530000686645508,26.65999984741211,26.229999542236328,26.43000030517578,10263600
2011-04-01,26.729999542236328,26.75,26.520000457763672,26.68000030517578,13337400
2011-04-04,26.75,26.780000686645508,26.479999542236328,26.600000381469727,6912600
2011-04-05,26.5,26.670000076293945,26.450000762939453,26.510000228881836,9166200
2011-04-06,26.649999618530273,26.969999313354492,26.489999771118164,26.899999618530273,12693200
2011-04-07,26.969999313354492,27.049999237060547,26.329999923706055,26.43000030517578,15241800
2011-04-08,26.540000915527344,26.600000381469727,26.049999237060547,26.18000030517578,9160200
2011-04-11,26.110000610351562,26.440000534057617,26.079999923706055,26.09000015258789,7457500
2011-04-12,25.940000534057617,26.59000015258789,25.940000534057617,26.360000610351562,12858800
2011-04-13,26.559999465942383,26.559999465942383,25.920000076293945,25.989999771118164,14110300
2011-04-14,25.860000610351562,25.989999771118164,25.600000381469727,25.84000015258789,15261200
2011-04-15,25.959999084472656,26.040000915527344,25.809999465942383,25.93000030517578,13746600
2011-04-18,25.68000030517578,25.860000610351562,25.510000228881836,25.559999465942383,11150400
2011-04-19,25.81999969482422,25.860000610351562,25.0,25.25,19014200
2011-04-20,25.540000915527344,25.540000915527344,24.709999084472656,24.84000015258789,21254800
2011-04-21,24.979999542236328,25.280000686645508,24.799999237060547,25.149999618530273,14877200
2011-04-25,25.15999984741211,25.329999923706055,25.040000915527344,25.049999237060547,11014400
2011-04-26,25.149999618530273,25.290000915527344,25.0,25.040000915527344,45306400
2011-04-27,25.649999618530273,25.690000534057617,25.290000915527344,25.549999237060547,17628900
2011-04-28,25.450000762939453,25.68000030517578,25.360000610351562,25.479999542236328,11714200
2011-04-29,25.469999313354492,25.850000381469727,25.459999084472656,25.81999969482422,11044200
2011-05-02,25.90999984741211,26.059999465942383,25.6200008392334,25.68000030517578,9882300
2011-05-03,25.719999313354492,25.959999084472656,25.639999389648438,25.809999465942383,9720500
2011-05-04,25.790000915527344,25.889999389648438,25.440000534057617,25.540000915527344,9693900
2011-05-05,25.459999084472656,25.549999237060547,25.079999923706055,25.200000762939453,8597300
2011-05-06,25.459999084472656,25.489999771118164,25.020000457763672,25.190000534057617,10629300
2011-05-09,25.239999771118164,25.31999969482422,25.020000457763672,25.25,8856300
2011-05-10,25.25,25.709999084472656,25.219999313354492,25.68000030517578,10238900
2011-05-11,25.540000915527344,25.56999969482422,25.010000228881836,25.190000534057617,12119300
2011-05-12,25.18000030517578,25.440000534057617,24.8799991607666,25.329999923706055,10456000
2011-05-13,25.31999969482422,25.40999984741211,24.90999984741211,25.020000457763672,13112200
2011-05-16,24.829999923706055,25.40999984741211,24.75,25.049999237060547,11343200
2011-05-17,24.989999771118164,25.6299991607666,24.90999984741211,25.59000015258789,12930500
2011-05-18,25.559999465942383,25.770000457763672,25.3799991607666,25.739999771118164,9048700
2011-05-19,25.84000015258789,25.84000015258789,25.540000915527344,25.809999465942383,8946300
2011-05-20,25.780000686645508,25.8700008392334,25.15999984741211,25.200000762939453,10140600
2011-05-23,24.940000534057617,25.149999618530273,24.8799991607666,24.93000030517578,10139300
2011-05-24,24.950000762939453,25.09000015258789,24.860000610351562,24.959999084472656,7976400
2011-05-25,24.850000381469727,25.079999923706055,24.780000686645508,24.90999984741211,7837400
2011-05-26,24.8700008392334,25.049999237060547,24.770000457763672,24.950000762939453,8998300
2011-05-27,25.06999969482422,25.59000015258789,25.049999237060547,25.420000076293945,9464500
2011-05-31,25.700000762939453,25.75,25.31999969482422,25.600000381469727,10691700
2011-06-01,25.479999542236328,25.5,24.670000076293945,24.700000762939453,17527100
2011-06-02,24.770000457763672,24.969999313354492,24.6200008392334,24.729999542236328,12552600
2011-06-03,24.34000015258789,24.850000381469727,24.309999465942383,24.549999237060547,11276800
2011-06-06,24.440000534057617,24.690000534057617,24.079999923706055,24.110000610351562,17677600
2011-06-07,24.18000030517578,24.459999084472656,23.850000381469727,23.850000381469727,14872200
2011-06-08,23.760000228881836,24.34000015258789,23.760000228881836,23.969999313354492,13056700
2011-06-09,24.09000015258789,24.600000381469727,23.950000762939453,24.40999984741211,13568100
2011-06-10,24.25,24.510000228881836,23.84000015258789,24.329999923706055,15915700
2011-06-13,24.450000762939453,24.450000762939453,24.079999923706055,24.309999465942383,11871400
2011-06-14,24.579999923706055,24.690000534057617,24.43000030517578,24.5,10227400
2011-06-15,24.31999969482422,24.31999969482422,23.65999984741211,23.989999771118164,14025900
2011-06-16,24.020000457763672,24.450000762939453,23.899999618530273,24.209999084472656,10246100
2011-06-17,24.510000228881836,24.649999618530273,24.309999465942383,24.489999771118164,14971600
2011-06-20,24.389999389648438,24.739999771118164,24.309999465942383,24.5,8962400
2011-06-21,24.690000534057617,24.81999969482422,24.43000030517578,24.719999313354492,6168700
2011-06-22,24.59000015258789,24.850000381469727,24.450000762939453,24.450000762939453,8927200
2011-06-23,24.1200008392334,24.360000610351562,23.899999618530273,24.290000915527344,11952000
2011-06-24,24.280000686645508,24.329999923706055,23.899999618530273,23.920000076293945,14065500
2011-06-27,24.0,24.649999618530273,23.959999084472656,24.56999969482422,9645500
2011-06-28,24.649999618530273,24.889999389648438,24.469999313354492,24.8700008392334,12349400
2011-06-29,25.100000381469727,25.3700008392334,25.010000228881836,25.329999923706055,14245900
2011-06-30,25.459999084472656,25.610000610351562,25.260000228881836,25.510000228881836,11824600
2011-07-01,25.459999084472656,26.190000534057617,25.350000381469727,26.059999465942383,12912500
2011-07-05,26.010000228881836,26.040000915527344,25.479999542236328,25.59000015258789,12204200
2011-07-06,25.59000015258789,25.59000015258789,25.06999969482422,25.299999237060547,9714200
2011-07-07,25.530000686645508,25.790000915527344,25.520000457763672,25.6200008392334,7933300
2011-07-08,25.239999771118164,25.3799991607666,25.139999389648438,25.350000381469727,7196700
2011-07-11,25.020000457763672,25.110000610351562,24.790000915527344,24.8700008392334,8753000
2011-07-12,24.75,25.239999771118164,24.75,24.959999084472656,8424400
2011-07-13,25.059999465942383,25.520000457763672,25.010000228881836,25.1200008392334,10437700
2011-07-14,25.15999984741211,25.309999465942383,24.6200008392334,24.690000534057617,11426000
2011-07-15,24.81999969482422,24.81999969482422,24.450000762939453,24.739999771118164,11942900
2011-07-18,24.579999923706055,24.690000534057617,24.15999984741211,24.43000030517578,9785500
2011-07-19,24.530000686645508,25.170000076293945,24.31999969482422,25.030000686645508,19314800
2011-07-20,25.860000610351562,26.469999313354492,25.670000076293945,26.139999389648438,20080200
2011-07-21,26.360000610351562,27.170000076293945,26.329999923706055,27.010000228881836,21257400
2011-07-22,27.0,27.1299991607666,26.850000381469727,26.90999984741211,12315600
2011-07-25,26.59000015258789,27.049999237060547,26.43000030517578,26.969999313354492,16061600
2011-07-26,26.760000228881836,27.030000686645508,26.709999084472656,26.739999771118164,12766800
2011-07-27,26.59000015258789,26.799999237060547,26.170000076293945,26.219999313354492,13509600
2011-07-28,26.190000534057617,26.469999313354492,26.06999969482422,26.100000381469727,11893500
2011-07-29,25.850000381469727,26.329999923706055,25.719999313354492,26.059999465942383,15285200
2011-08-01,26.34000015258789,26.360000610351562,25.56999969482422,25.979999542236328,11419800
2011-08-02,25.719999313354492,25.860000610351562,25.149999618530273,25.149999618530273,17377600
2011-08-03,25.209999084472656,25.290000915527344,24.75,25.229999542236328,18660200
2011-08-04,24.850000381469727,25.059999465942383,24.139999389648438,24.149999618530273,24129000
2011-08-05,24.469999313354492,24.670000076293945,23.479999542236328,23.719999313354492,26504200
2011-08-08,23.020000457763672,23.649999618530273,21.479999542236328,21.59000015258789,37433600
2011-08-09,22.049999237060547,23.43000030517578,21.530000686645508,23.3700008392334,42253100
2011-08-10,22.84000015258789,22.84000015258789,21.350000381469727,21.43000030517578,29929900
2011-08-11,21.670000076293945,22.760000228881836,21.40999984741211,22.440000534057617,23561700
2011-08-12,23.100000381469727,23.31999969482422,21.729999542236328,21.90999984741211,17695100
2011-08-15,22.15999984741211,22.75,22.040000915527344,22.729999542236328,16138100
2011-08-16,22.399999618530273,22.68000030517578,22.030000686645508,22.18000030517578,12414700
2011-08-17,22.31999969482422,22.649999618530273,22.18000030517578,22.43000030517578,10731300
2011-08-18,21.639999389648438,21.75,20.889999389648438,21.06999969482422,21663500
2011-08-19,20.81999969482422,21.559999465942383,20.489999771118164,20.559999465942383,17928400
2011-08-22,21.149999618530273,21.209999084472656,20.149999618530273,20.309999465942383,20205200
2011-08-23,20.5,21.510000228881836,20.100000381469727,21.510000228881836,21494500
2011-08-24,21.5,22.299999237060547,21.290000915527344,22.239999771118164,18019700
2011-08-25,22.979999542236328,23.3700008392334,22.059999465942383,22.350000381469727,28019500
2011-08-26,21.969999313354492,22.700000762939453,21.6299991607666,22.420000076293945,13279300
2011-08-29,22.780000686645508,23.170000076293945,22.709999084472656,23.170000076293945,9998400
2011-08-30,22.989999771118164,23.25,22.610000610351562,23.030000686645508,11526000
2011-08-31,23.09000015258789,23.479999542236328,22.8700008392334,23.209999084472656,11850100
2011-09-01,23.06999969482422,23.329999923706055,22.649999618530273,22.65999984741211,11093500
2011-09-02,22.1200008392334,22.229999542236328,21.5,21.610000610351562,13604800
2011-09-06,20.8700008392334,21.299999237060547,20.75,21.270000457763672,17318900
2011-09-07,21.729999542236328,22.700000762939453,21.489999771118164,22.690000534057617,17442300
2011-09-08,22.459999084472656,23.15999984741211,22.280000686645508,22.860000610351562,25314200
2011-09-09,22.440000534057617,22.739999771118164,21.93000030517578,22.0,20100700
2011-09-12,21.639999389648438,22.3700008392334,21.530000686645508,22.350000381469727,18110400
2011-09-13,22.389999389648438,23.079999923706055,22.389999389648438,22.959999084472656,15944700
2011-09-14,23.139999389648438,23.809999465942383,22.8700008392334,23.510000228881836,18967600
2011-09-15,23.540000915527344,24.049999237060547,23.520000457763672,24.049999237060547,14045200
2011-09-16,24.290000915527344,24.399999618530273,23.510000228881836,24.110000610351562,18567800
2011-09-19,23.579999923706055,24.149999618530273,23.299999237060547,23.889999389648438,13796600
2011-09-20,23.940000534057617,24.549999237060547,23.670000076293945,24.09000015258789,18894100
2011-09-21,24.110000610351562,24.110000610351562,22.850000381469727,22.860000610351562,19821300
2011-09-22,22.18000030517578,23.049999237060547,22.110000610351562,22.90999984741211,25742000
2011-09-23,22.739999771118164,23.43000030517578,22.68000030517578,23.209999084472656,18073000
2011-09-26,23.510000228881836,24.40999984741211,23.440000534057617,24.360000610351562,17092000
2011-09-27,24.760000228881836,25.010000228881836,23.889999389648438,24.06999969482422,20106000
2011-09-28,24.059999465942383,24.280000686645508,23.31999969482422,23.350000381469727,16053400
2011-09-29,23.899999618530273,24.350000381469727,23.450000762939453,24.209999084472656,24180800
2011-09-30,23.84000015258789,24.139999389648438,23.540000915527344,23.540000915527344,18362300
2011-10-03,23.3700008392334,23.90999984741211,22.6299991607666,22.649999618530273,23128400
2011-10-04,22.260000228881836,23.329999923706055,21.84000015258789,23.15999984741211,34300000
2011-10-05,23.18000030517578,23.549999237060547,22.760000228881836,23.450000762939453,17900900
2011-10-06,23.31999969482422,24.040000915527344,23.010000228881836,24.0,16041300
2011-10-07,24.100000381469727,24.149999618530273,23.18000030517578,23.329999923706055,18471900
2011-10-10,23.8700008392334,24.450000762939453,23.860000610351562,24.450000762939453,15147700
2011-10-11,24.1299991607666,24.389999389648438,23.84000015258789,23.8799991607666,21949800
2011-10-12,24.15999984741211,25.329999923706055,24.079999923706055,24.75,22261600
2011-10-13,24.399999618530273,24.610000610351562,23.969999313354492,24.329999923706055,15475500
2011-10-14,24.639999389648438,24.889999389648438,24.09000015258789,24.700000762939453,15109600
2011-10-17,24.079999923706055,24.219999313354492,23.579999923706055,23.610000610351562,16782200
2011-10-18,23.799999237060547,24.850000381469727,23.540000915527344,24.479999542236328,22074300
2011-10-19,24.600000381469727,25.18000030517578,24.0,24.1299991607666,20913900
2011-10-20,24.239999771118164,25.0,24.020000457763672,24.920000076293945,17274600
2011-10-21,25.190000534057617,25.459999084472656,24.969999313354492,25.389999389648438,23221900
2011-10-24,25.489999771118164,25.809999465942383,25.31999969482422,25.56999969482422,14530900
2011-10-25,25.260000228881836,25.399999618530273,24.75,24.84000015258789,15856700
2011-10-26,25.270000457763672,25.639999389648438,24.950000762939453,25.489999771118164,15944500
2011-10-27,26.15999984741211,26.639999389648438,25.68000030517578,26.219999313354492,34060600
2011-10-28,25.979999542236328,26.299999237060547,25.790000915527344,26.030000686645508,16032500
2011-10-31,25.600000381469727,26.229999542236328,25.549999237060547,25.59000015258789,15048200
2011-11-01,24.459999084472656,25.229999542236328,24.200000762939453,24.530000686645508,17964400
2011-11-02,25.200000762939453,25.489999771118164,24.90999984741211,25.309999465942383,13514200
2011-11-03,25.700000762939453,25.829999923706055,25.06999969482422,25.600000381469727,12082600
2011-11-04,25.260000228881836,25.6299991607666,24.899999618530273,25.530000686645508,16712200
2011-11-07,25.600000381469727,25.90999984741211,25.489999771118164,25.889999389648438,14742800
2011-11-08,26.020000457763672,26.3700008392334,25.670000076293945,26.270000457763672,12915100
2011-11-09,25.59000015258789,25.790000915527344,24.989999771118164,25.110000610351562,16414500
2011-11-10,25.520000457763672,25.719999313354492,25.149999618530273,25.639999389648438,13612300
2011-11-11,25.979999542236328,26.15999984741211,25.75,25.940000534057617,13394200
2011-11-14,25.719999313354492,25.799999237060547,25.270000457763672,25.479999542236328,8652400
2011-11-15,25.329999923706055,25.6299991607666,25.219999313354492,25.520000457763672,11679000
2011-11-16,25.3700008392334,26.1299991607666,25.34000015258789,25.440000534057617,16249200
2011-11-17,25.329999923706055,25.989999771118164,24.959999084472656,25.110000610351562,14560100
2011-11-18,25.260000228881836,25.43000030517578,24.979999542236328,25.3799991607666,11446900
2011-11-21,24.989999771118164,25.1200008392334,24.469999313354492,24.6200008392334,14515400
2011-11-22,24.6299991607666,24.920000076293945,24.530000686645508,24.670000076293945,9936100
2011-11-23,24.329999923706055,24.360000610351562,23.790000915527344,23.790000915527344,15687700
2011-11-25,23.75,24.440000534057617,23.719999313354492,24.030000686645508,5089700
2011-11-28,24.81999969482422,24.8700008392334,24.450000762939453,24.719999313354492,11499700
2011-11-29,24.729999542236328,24.989999771118164,24.549999237060547,24.610000610351562,9198300
2011-11-30,25.440000534057617,25.969999313354492,25.030000686645508,25.920000076293945,18726500
2011-12-01,25.65999984741211,25.790000915527344,25.309999465942383,25.700000762939453,9248500
2011-12-02,25.950000762939453,26.149999618530273,25.610000610351562,25.719999313354492,15209300
2011-12-05,26.030000686645508,26.299999237060547,25.739999771118164,25.940000534057617,14883500
2011-12-06,25.940000534057617,26.420000076293945,25.790000915527344,26.209999084472656,11501200
2011-12-07,25.950000762939453,26.5,25.780000686645508,26.40999984741211,12314700
2011-12-08,26.34000015258789,26.399999618530273,25.559999465942383,25.649999618530273,11920600
2011-12-09,25.899999618530273,26.3700008392334,25.739999771118164,26.290000915527344,10268200
2011-12-12,25.989999771118164,26.100000381469727,25.649999618530273,26.040000915527344,14533000
2011-12-13,26.1200008392334,26.350000381469727,25.5,25.739999771118164,12324900
2011-12-14,25.530000686645508,26.18000030517578,25.459999084472656,25.780000686645508,12475100
2011-12-15,26.139999389648438,26.290000915527344,25.770000457763672,25.799999237060547,9709200
2011-12-16,26.06999969482422,26.43000030517578,25.90999984741211,26.0,15139400
2011-12-19,26.09000015258789,26.18000030517578,25.43000030517578,25.559999465942383,10038300
2011-12-20,25.90999984741211,26.719999313354492,25.8799991607666,26.5,14966800
2011-12-21,26.530000686645508,26.8700008392334,26.079999923706055,26.809999465942383,13006100
2011-12-22,26.920000076293945,27.450000762939453,26.899999618530273,27.34000015258789,13053800
2011-12-23,27.5,27.540000915527344,27.200000762939453,27.489999771118164,5190600
2011-12-27,27.489999771118164,27.579999923706055,27.309999465942383,27.309999465942383,4101400
2011-12-28,27.280000686645508,27.350000381469727,26.84000015258789,26.8799991607666,6705400
2011-12-29,26.969999313354492,27.360000610351562,26.950000762939453,27.299999237060547,6201700
2011-12-30,27.34000015258789,27.3700008392334,27.0,27.049999237060547,5024800
2012-01-03,27.610000610351562,27.920000076293945,27.479999542236328,27.579999923706055,15765000
2012-01-04,27.5,27.709999084472656,27.209999084472656,27.56999969482422,9373500
2012-01-05,27.440000534057617,28.309999465942383,27.3799991607666,27.979999542236328,16744800
2012-01-06,28.059999465942383,28.079999923706055,27.399999618530273,27.75,15693000
2012-01-09,27.690000534057617,28.31999969482422,27.690000534057617,28.239999771118164,15336100
2012-01-10,28.520000457763672,28.549999237060547,28.059999465942383,28.260000228881836,17290600
2012-01-11,28.030000686645508,28.440000534057617,27.860000610351562,28.40999984741211,14823700
2012-01-12,28.469999313354492,28.780000686645508,28.149999618530273,28.739999771118164,11914100
2012-01-13,28.389999389648438,29.270000457763672,28.34000015258789,29.030000686645508,23584100
2012-01-17,29.020000457763672,29.420000076293945,28.549999237060547,28.770000457763672,17608800
2012-01-18,29.1299991607666,29.299999237060547,28.270000457763672,29.079999923706055,18626100
2012-01-19,29.1299991607666,29.1299991607666,28.280000686645508,28.559999465942383,17775500
2012-01-20,28.56999969482422,28.850000381469727,28.399999618530273,28.739999771118164,12708500
2012-01-23,28.65999984741211,28.860000610351562,28.280000686645508,28.489999771118164,12430500
2012-01-24,28.299999237060547,28.549999237060547,28.040000915527344,28.450000762939453,9604200
2012-01-25,28.209999084472656,28.709999084472656,28.209999084472656,28.600000381469727,12197400
2012-01-26,28.709999084472656,28.860000610351562,27.68000030517578,27.790000915527344,18743600
2012-01-27,27.829999923706055,28.059999465942383,27.65999984741211,27.860000610351562,11854700
2012-01-30,27.440000534057617,28.1200008392334,27.299999237060547,28.010000228881836,10128000
2012-01-31,28.139999389648438,28.389999389648438,27.979999542236328,28.219999313354492,11931300
2012-02-01,28.440000534057617,28.920000076293945,28.290000915527344,28.559999465942383,16831400
2012-02-02,28.709999084472656,28.889999389648438,28.43000030517578,28.56999969482422,8380600
2012-02-03,29.0,29.260000228881836,28.899999618530273,29.200000762939453,13863500
2012-02-06,29.06999969482422,29.219999313354492,28.90999984741211,29.15999984741211,8768800
2012-02-07,28.959999084472656,29.579999923706055,28.959999084472656,29.450000762939453,10020400
2012-02-08,29.43000030517578,29.739999771118164,29.3700008392334,29.6299991607666,10251900
2012-02-09,29.6200008392334,29.670000076293945,29.209999084472656,29.34000015258789,10527000
2012-02-10,29.09000015258789,29.149999618530273,28.8700008392334,29.010000228881836,9390100
2012-02-13,29.190000534057617,29.25,28.989999771118164,29.18000030517578,6712100
2012-02-14,29.18000030517578,29.239999771118164,28.6200008392334,29.0,10260300
2012-02-15,29.1200008392334,29.149999618530273,28.579999923706055,28.6299991607666,9320200
2012-02-16,28.649999618530273,29.170000076293945,28.510000228881836,29.079999923706055,10190400
2012-02-17,29.079999923706055,29.40999984741211,28.950000762939453,29.350000381469727,8846800
2012-02-21,29.239999771118164,29.530000686645508,29.020000457763672,29.1200008392334,12012900
2012-02-22,29.020000457763672,29.139999389648438,28.760000228881836,28.809999465942383,10810100
2012-02-23,28.809999465942383,29.149999618530273,28.770000457763672,28.989999771118164,8205500
2012-02-24,29.020000457763672,29.15999984741211,28.65999984741211,28.729999542236328,7294000
2012-02-27,28.56999969482422,29.40999984741211,28.5,29.299999237060547,13324700
2012-02-28,29.329999923706055,29.3700008392334,29.09000015258789,29.170000076293945,8537800
2012-02-29,29.25,29.6200008392334,29.170000076293945,29.399999618530273,10432000
2012-03-01,29.43000030517578,29.780000686645508,29.3700008392334,29.709999084472656,11204400
2012-03-02,29.790000915527344,29.790000915527344,29.219999313354492,29.270000457763672,9861400
2012-03-05,29.110000610351562,29.1299991607666,28.56999969482422,28.899999618530273,10129900
2012-03-06,28.6200008392334,28.729999542236328,28.260000228881836,28.3700008392334,9107400
2012-03-07,28.350000381469727,28.770000457763672,28.31999969482422,28.639999389648438,7454300
2012-03-08,28.850000381469727,29.270000457763672,28.700000762939453,29.15999984741211,7102200
2012-03-09,29.260000228881836,29.8799991607666,29.170000076293945,29.719999313354492,10550500
2012-03-12,29.649999618530273,29.719999313354492,29.309999465942383,29.68000030517578,7671300
2012-03-13,29.799999237060547,31.06999969482422,29.739999771118164,31.010000228881836,25449800
2012-03-14,31.040000915527344,31.479999542236328,30.790000915527344,31.479999542236328,24511700
2012-03-15,31.530000686645508,31.790000915527344,30.969999313354492,31.68000030517578,18680700
2012-03-16,31.780000686645508,31.889999389648438,31.34000015258789,31.649999618530273,20693200
2012-03-19,31.65999984741211,32.18000030517578,31.5,31.850000381469727,13957100
2012-03-20,31.549999237060547,31.850000381469727,31.399999618530273,31.700000762939453,14261900
2012-03-21,31.780000686645508,31.90999984741211,31.469999313354492,31.540000915527344,12683500
2012-03-22,31.43000030517578,31.520000457763672,30.969999313354492,31.3700008392334,11259200
2012-03-23,31.31999969482422,31.719999313354492,31.18000030517578,31.700000762939453,12089600
2012-03-26,32.0,32.22999954223633,31.8700008392334,32.11000061035156,12965400
2012-03-27,31.920000076293945,32.02000045776367,31.68000030517578,31.690000534057617,8853200
2012-03-28,31.549999237060547,31.90999984741211,31.5,31.81999969482422,12149400
2012-03-29,31.469999313354492,31.56999969482422,31.1299991607666,31.549999237060547,9966100
2012-03-30,31.469999313354492,31.68000030517578,31.200000762939453,31.68000030517578,9690000
2012-04-02,31.549999237060547,31.809999465942383,31.200000762939453,31.709999084472656,10440100
2012-04-03,31.459999084472656,31.65999984741211,31.15999984741211,31.59000015258789,12366800
2012-04-04,31.40999984741211,31.510000228881836,31.09000015258789,31.309999465942383,11173200
2012-04-05,31.219999313354492,31.520000457763672,31.100000381469727,31.350000381469727,9899500
2012-04-09,30.93000030517578,31.200000762939453,30.809999465942383,31.010000228881836,8456000
2012-04-10,30.90999984741211,31.15999984741211,30.329999923706055,30.34000015258789,13146500
2012-04-11,30.770000457763672,31.049999237060547,30.68000030517578,30.8700008392334,9831000
2012-04-12,30.920000076293945,31.40999984741211,30.75,31.34000015258789,11585100
2012-04-13,31.25,31.3700008392334,30.8799991607666,30.899999618530273,10640200
2012-04-16,31.219999313354492,31.450000762939453,30.899999618530273,31.15999984741211,11442400
2012-04-17,31.350000381469727,31.610000610351562,31.209999084472656,31.549999237060547,9258400
2012-04-18,31.200000762939453,31.600000381469727,31.170000076293945,31.299999237060547,6779200
2012-04-19,31.420000076293945,31.520000457763672,31.010000228881836,31.219999313354492,9739400
2012-04-20,31.34000015258789,31.43000030517578,31.049999237060547,31.290000915527344,9902600
2012-04-23,31.15999984741211,31.239999771118164,30.950000762939453,31.209999084472656,9569500
2012-04-24,31.290000915527344,31.75,31.290000915527344,31.6200008392334,8608600
2012-04-25,31.790000915527344,31.8700008392334,31.450000762939453,31.68000030517578,10141400
2012-04-26,31.68000030517578,32.13999938964844,31.6299991607666,32.099998474121094,11210200
2012-04-27,32.040000915527344,32.54999923706055,31.90999984741211,32.43000030517578,12032100
2012-04-30,32.400001525878906,32.400001525878906,31.950000762939453,32.16999816894531,9889000
2012-05-01,32.060001373291016,32.97999954223633,32.060001373291016,32.290000915527344,9467000
2012-05-02,32.15999984741211,32.220001220703125,31.850000381469727,32.040000915527344,8781300
2012-05-03,32.25,32.380001068115234,31.81999969482422,31.940000534057617,9199700
2012-05-04,31.829999923706055,32.0,31.479999542236328,31.670000076293945,9793400
2012-05-07,31.450000762939453,32.04999923706055,31.450000762939453,31.84000015258789,9784400
2012-05-08,31.559999465942383,31.790000915527344,31.399999618530273,31.56999969482422,11302100
2012-05-09,31.229999542236328,31.729999542236328,31.170000076293945,31.469999313354492,11300500
2012-05-10,31.850000381469727,32.040000915527344,31.780000686645508,31.90999984741211,8217400
2012-05-11,31.600000381469727,32.41999816894531,31.40999984741211,32.209999084472656,14596500
2012-05-14,31.93000030517578,32.209999084472656,31.510000228881836,31.559999465942383,12357200
2012-05-15,31.510000228881836,31.760000228881836,31.229999542236328,31.299999237060547,10731500
2012-05-16,31.479999542236328,31.75,31.030000686645508,31.059999465942383,10553500
2012-05-17,31.049999237060547,31.170000076293945,30.6299991607666,30.649999618530273,11254000
2012-05-18,30.690000534057617,30.719999313354492,30.1200008392334,30.270000457763672,14431300
2012-05-21,30.43000030517578,30.790000915527344,30.170000076293945,30.719999313354492,12947800
2012-05-22,30.889999389648438,31.31999969482422,30.770000457763672,31.0,9914400
2012-05-23,30.899999618530273,31.18000030517578,30.450000762939453,31.09000015258789,11058500
2012-05-24,31.270000457763672,31.270000457763672,30.850000381469727,31.1299991607666,9213400
2012-05-25,31.09000015258789,31.3700008392334,30.760000228881836,30.93000030517578,8196000
2012-05-29,31.1200008392334,31.260000228881836,30.940000534057617,31.209999084472656,7984600
2012-05-30,30.8799991607666,31.020000457763672,30.649999618530273,30.75,8866100
2012-05-31,30.760000228881836,31.360000610351562,30.5,31.110000610351562,10641600
2012-06-01,30.520000457763672,30.600000381469727,29.510000228881836,29.600000381469727,19009400
2012-06-04,29.56999969482422,29.6299991607666,28.68000030517578,28.790000915527344,19680200
2012-06-05,28.579999923706055,29.329999923706055,28.579999923706055,29.219999313354492,12690100
2012-06-06,29.450000762939453,29.700000762939453,29.229999542236328,29.700000762939453,11021100
2012-06-07,29.969999313354492,30.209999084472656,29.579999923706055,29.579999923706055,14006100
2012-06-08,29.479999542236328,30.100000381469727,29.3700008392334,30.100000381469727,9279400
2012-06-11,30.459999084472656,30.649999618530273,29.84000015258789,29.8700008392334,11443000
2012-06-12,29.850000381469727,30.760000228881836,29.6200008392334,30.6299991607666,17221900
2012-06-13,30.5,30.950000762939453,30.43000030517578,30.559999465942383,10753000
2012-06-14,30.68000030517578,31.18000030517578,30.59000015258789,31.010000228881836,12608600
2012-06-15,31.440000534057617,31.579999923706055,30.969999313354492,31.579999923706055,14197800
2012-06-18,31.299999237060547,31.799999237060547,31.239999771118164,31.520000457763672,8054600
2012-06-19,31.65999984741211,31.940000534057617,31.559999465942383,31.760000228881836,8001800
2012-06-20,31.559999465942383,31.829999923706055,31.280000686645508,31.719999313354492,10657600
2012-06-21,31.93000030517578,32.0,31.149999618530273,31.229999542236328,10317600
2012-06-22,31.5,31.829999923706055,31.43000030517578,31.719999313354492,9562400
2012-06-25,31.389999389648438,31.489999771118164,31.040000915527344,31.15999984741211,9205500
2012-06-26,31.229999542236328,31.56999969482422,31.020000457763672,31.309999465942383,7861200
2012-06-27,31.329999923706055,31.559999465942383,31.09000015258789,31.43000030517578,8865100
2012-06-28,31.309999465942383,31.56999969482422,30.889999389648438,31.440000534057617,10275900
2012-06-29,32.02000045776367,32.18000030517578,31.780000686645508,32.15999984741211,12510100
2012-07-02,32.470001220703125,32.5,32.04999923706055,32.439998626708984,8126500
2012-07-03,32.2400016784668,32.599998474121094,32.11000061035156,32.58000183105469,5200200
2012-07-05,32.43000030517578,32.54999923706055,32.13999938964844,32.290000915527344,8433500
2012-07-06,31.93000030517578,32.209999084472656,31.84000015258789,32.0099983215332,8577600
2012-07-09,31.920000076293945,32.16999816894531,31.799999237060547,32.029998779296875,7396300
2012-07-10,32.2400016784668,32.56999969482422,31.799999237060547,31.899999618530273,9315400
2012-07-11,31.84000015258789,32.36000061035156,31.829999923706055,32.279998779296875,9584200
2012-07-12,31.979999542236328,32.209999084472656,31.760000228881836,32.0099983215332,8220000
2012-07-13,32.099998474121094,32.70000076293945,32.0099983215332,32.70000076293945,9510300
2012-07-16,32.68000030517578,32.939998626708984,32.54999923706055,32.779998779296875,6716300
2012-07-17,32.869998931884766,33.2599983215332,32.439998626708984,32.95000076293945,13084400
2012-07-18,32.619998931884766,33.61000061035156,32.619998931884766,33.47999954223633,12286500
2012-07-19,33.369998931884766,33.9900016784668,33.2400016784668,33.79999923706055,15086000
2012-07-20,33.619998931884766,33.849998474121094,33.52000045776367,33.599998474121094,13301000
2012-07-23,33.040000915527344,33.4900016784668,32.970001220703125,33.41999816894531,11506900
2012-07-24,33.5099983215332,33.619998931884766,33.13999938964844,33.470001220703125,10139700
2012-07-25,33.599998474121094,33.70000076293945,33.220001220703125,33.290000915527344,8033700
2012-07-26,33.790000915527344,33.869998931884766,33.52000045776367,33.59000015258789,9933000
2012-07-27,33.93000030517578,34.09000015258789,33.58000183105469,33.91999816894531,11449800
2012-07-30,33.81999969482422,34.099998474121094,33.58000183105469,33.75,8155500
2012-07-31,33.599998474121094,33.79999923706055,33.45000076293945,33.5,7860000
2012-08-01,33.630001068115234,33.88999938964844,33.290000915527344,33.31999969482422,7502700
2012-08-02,33.0099983215332,33.220001220703125,32.58000183105469,32.900001525878906,9860800
2012-08-03,33.439998626708984,33.689998626708984,33.27000045776367,33.4900016784668,9274500
2012-08-06,33.470001220703125,33.63999938964844,32.9900016784668,33.0099983215332,8261500
2012-08-07,33.13999938964844,33.29999923706055,32.95000076293945,33.09000015258789,10325000
2012-08-08,32.95000076293945,33.13999938964844,32.79999923706055,33.02000045776367,5343300
2012-08-09,32.939998626708984,33.20000076293945,32.75,33.029998779296875,5109200
2012-08-10,33.02000045776367,33.189998626708984,32.83000183105469,33.15999984741211,4252100
2012-08-13,33.0099983215332,33.22999954223633,32.90999984741211,33.18000030517578,4330900
2012-08-14,33.25,33.34000015258789,32.95000076293945,33.02000045776367,5437000
2012-08-15,33.0,33.220001220703125,32.880001068115234,33.16999816894531,4587900
2012-08-16,33.220001220703125,33.31999969482422,33.040000915527344,33.209999084472656,5320800
2012-08-17,33.31999969482422,33.31999969482422,33.0099983215332,33.11000061035156,8320600
2012-08-20,33.040000915527344,33.22999954223633,32.900001525878906,33.22999954223633,7946900
2012-08-21,33.2599983215332,33.529998779296875,33.0,33.029998779296875,11532200
2012-08-22,33.11000061035156,33.2400016784668,32.84000015258789,32.900001525878906,7082900
2012-08-23,32.86000061035156,32.970001220703125,32.72999954223633,32.7599983215332,5093000
2012-08-24,32.619998931884766,33.09000015258789,32.61000061035156,33.029998779296875,6008100
2012-08-27,33.060001373291016,33.34000015258789,32.88999938964844,33.189998626708984,6720200
2012-08-28,33.08000183105469,33.47999954223633,33.04999923706055,33.310001373291016,5267300
2012-08-29,33.36000061035156,33.61000061035156,33.34000015258789,33.5,4736200
2012-08-30,33.2599983215332,33.41999816894531,33.130001068115234,33.290000915527344,5248200
2012-08-31,33.369998931884766,33.56999969482422,33.25,33.40999984741211,6326600
2012-09-04,33.33000183105469,33.43000030517578,33.08000183105469,33.119998931884766,9313700
2012-09-05,33.18000030517578,33.290000915527344,33.0099983215332,33.08000183105469,9101100
2012-09-06,33.25,33.939998626708984,33.2400016784668,33.93000030517578,12074400
2012-09-07,34.0,34.16999816894531,33.880001068115234,33.97999954223633,8403800
2012-09-10,34.029998779296875,34.060001373291016,33.810001373291016,33.83000183105469,6200400
2012-09-11,33.81999969482422,34.08000183105469,33.720001220703125,34.040000915527344,9528900
2012-09-12,34.11000061035156,34.25,33.869998931884766,33.939998626708984,8568700
2012-09-13,33.970001220703125,34.95000076293945,33.970001220703125,34.869998931884766,14515000
2012-09-14,34.90999984741211,35.150001525878906,34.75,34.93000030517578,13796600
2012-09-17,34.91999816894531,34.939998626708984,34.119998931884766,34.189998626708984,14001100
2012-09-18,34.099998474121094,34.33000183105469,34.04999923706055,34.189998626708984,10512600
2012-09-19,34.22999954223633,34.54999923706055,34.16999816894531,34.34000015258789,9446700
2012-09-20,34.08000183105469,34.22999954223633,33.900001525878906,34.040000915527344,10618700
2012-09-21,34.310001373291016,34.310001373291016,33.849998474121094,33.849998474121094,13432400
2012-09-24,33.790000915527344,34.290000915527344,33.689998626708984,34.18000030517578,6900000
2012-09-25,34.27000045776367,34.630001068115234,34.08000183105469,34.119998931884766,9565400
2012-09-26,33.95000076293945,34.13999938964844,33.72999954223633,33.95000076293945,12702100
2012-09-27,34.06999969482422,34.34000015258789,33.95000076293945,34.15999984741211,7766800
2012-09-28,34.15999984741211,34.4900016784668,34.0099983215332,34.29999923706055,8341500
2012-10-01,34.45000076293945,34.619998931884766,34.029998779296875,34.09000015258789,8388100
2012-10-02,34.2400016784668,34.31999969482422,33.869998931884766,34.08000183105469,7463900
2012-10-03,34.20000076293945,34.459999084472656,34.040000915527344,34.380001068115234,6138200
2012-10-04,34.47999954223633,35.22999954223633,34.43000030517578,35.189998626708984,11296700
2012-10-05,35.34000015258789,35.459999084472656,34.779998779296875,34.91999816894531,7965800
2012-10-08,34.84000015258789,34.970001220703125,34.70000076293945,34.810001373291016,4544700
2012-10-09,34.86000061035156,34.91999816894531,34.5099983215332,34.68000030517578,6514200
2012-10-10,34.34000015258789,34.81999969482422,34.310001373291016,34.599998474121094,9646900
2012-10-11,34.90999984741211,34.970001220703125,34.380001068115234,34.38999938964844,6211500
2012-10-12,34.06999969482422,34.13999938964844,33.54999923706055,33.720001220703125,12208300
2012-10-15,33.91999816894531,33.93000030517578,33.2400016784668,33.630001068115234,13041100
2012-10-16,33.900001525878906,33.91999816894531,33.33000183105469,33.61000061035156,10911300
2012-10-17,33.84000015258789,34.38999938964844,33.47999954223633,34.20000076293945,12649300
2012-10-18,34.65999984741211,34.689998626708984,34.02000045776367,34.400001525878906,8784900
2012-10-19,34.40999984741211,34.459999084472656,34.029998779296875,34.22999954223633,10967400
2012-10-22,34.099998474121094,34.27000045776367,33.65999984741211,34.16999816894531,8973900
2012-10-23,33.650001525878906,33.869998931884766,33.11000061035156,33.36000061035156,9316300
2012-10-24,33.40999984741211,33.59000015258789,33.02000045776367,33.130001068115234,7141500
2012-10-25,33.380001068115234,33.650001525878906,33.2400016784668,33.47999954223633,7044800
2012-10-26,33.41999816894531,33.529998779296875,33.0099983215332,33.150001525878906,6811200
2012-10-31,33.279998779296875,33.59000015258789,33.0,33.209999084472656,8848700
2012-11-01,33.279998779296875,33.72999954223633,33.11000061035156,33.65999984741211,7273600
2012-11-02,33.970001220703125,33.970001220703125,33.31999969482422,33.43000030517578,7640100
2012-11-05,33.279998779296875,33.40999984741211,33.0,33.13999938964844,6664400
2012-11-06,33.209999084472656,33.790000915527344,33.189998626708984,33.59000015258789,6643100
2012-11-07,33.290000915527344,33.290000915527344,32.349998474121094,32.38999938964844,11400300
2012-11-08,32.45000076293945,32.959999084472656,32.16999816894531,32.16999816894531,9192900
2012-11-09,32.130001068115234,32.59000015258789,32.04999923706055,32.099998474121094,9608700
2012-11-12,32.16999816894531,32.2599983215332,31.979999542236328,32.060001373291016,4423100
2012-11-13,31.84000015258789,32.310001373291016,31.639999389648438,31.709999084472656,8782100
2012-11-14,31.770000457763672,31.950000762939453,31.219999313354492,31.329999923706055,9111300
2012-11-15,31.209999084472656,31.389999389648438,30.959999084472656,31.209999084472656,9918400
2012-11-16,31.270000457763672,31.600000381469727,31.0,31.549999237060547,9619500
2012-11-19,31.790000915527344,32.119998931884766,31.780000686645508,32.08000183105469,7819500
2012-11-20,32.02000045776367,32.369998931884766,31.799999237060547,32.25,6518800
2012-11-21,32.349998474121094,32.349998474121094,31.829999923706055,32.04999923706055,4797200
2012-11-23,32.2400016784668,32.59000015258789,32.119998931884766,32.58000183105469,2527500
2012-11-26,32.279998779296875,32.400001525878906,32.029998779296875,32.380001068115234,5420200
2012-11-27,32.310001373291016,32.400001525878906,32.02000045776367,32.099998474121094,9499300
2012-11-28,31.950000762939453,32.43000030517578,31.790000915527344,32.38999938964844,6763200
2012-11-29,32.529998779296875,32.66999816894531,32.34000015258789,32.400001525878906,7639700
2012-11-30,32.349998474121094,32.400001525878906,32.06999969482422,32.2599983215332,7934800
2012-12-03,32.349998474121094,32.41999816894531,31.979999542236328,32.04999923706055,7776500
2012-12-04,32.11000061035156,32.15999984741211,31.280000686645508,31.43000030517578,14722900
2012-12-05,31.59000015258789,31.989999771118164,31.31999969482422,31.760000228881836,12558200
2012-12-06,31.729999542236328,31.889999389648438,31.6299991607666,31.809999465942383,8498100
2012-12-07,31.860000610351562,32.040000915527344,31.65999984741211,32.02000045776367,7378400
2012-12-10,31.950000762939453,32.189998626708984,31.81999969482422,31.899999618530273,8762900
2012-12-11,31.969999313354492,32.349998474121094,31.899999618530273,31.969999313354492,8998700
2012-12-12,32.08000183105469,32.18000030517578,31.760000228881836,31.8700008392334,16342600
2012-12-13,31.8799991607666,31.93000030517578,31.5,31.56999969482422,9632400
2012-12-14,31.540000915527344,31.600000381469727,31.290000915527344,31.399999618530273,9875700
2012-12-17,31.469999313354492,32.11000061035156,31.399999618530273,32.09000015258789,13315900
2012-12-18,32.209999084472656,32.65999984741211,32.11000061035156,32.56999969482422,11899700
2012-12-19,32.38999938964844,32.63999938964844,32.15999984741211,32.20000076293945,11286000
2012-12-20,32.27000045776367,32.45000076293945,32.029998779296875,32.439998626708984,16923000
2012-12-21,32.150001525878906,32.540000915527344,31.899999618530273,32.47999954223633,20627100
2012-12-24,32.470001220703125,32.630001068115234,32.22999954223633,32.310001373291016,4244000
2012-12-26,32.380001068115234,32.400001525878906,32.08000183105469,32.2599983215332,6984700
2012-12-27,32.06999969482422,32.25,31.5,32.02000045776367,9266800
2012-12-28,31.729999542236328,32.0099983215332,31.670000076293945,31.68000030517578,7342100
2012-12-31,31.520000457763672,31.950000762939453,31.510000228881836,31.940000534057617,10879900
2013-01-02,32.459999084472656,32.97999954223633,32.400001525878906,32.970001220703125,10045200
2013-01-03,32.880001068115234,32.959999084472656,32.439998626708984,32.5099983215332,12697900
2013-01-04,32.849998474121094,33.29999923706055,32.63999938964844,33.220001220703125,11487400
2013-01-07,33.099998474121094,33.16999816894531,32.75,32.91999816894531,8170400
2013-01-08,32.79999923706055,33.02000045776367,32.63999938964844,32.970001220703125,6519800
2013-01-09,33.06999969482422,33.439998626708984,33.06999969482422,33.27000045776367,10072300
2013-01-10,33.560001373291016,33.79999923706055,33.20000076293945,33.63999938964844,10266200
2013-01-11,33.58000183105469,33.58000183105469,33.189998626708984,33.5,6768400
2013-01-14,33.529998779296875,33.56999969482422,33.20000076293945,33.470001220703125,6521600
2013-01-15,33.38999938964844,33.400001525878906,33.06999969482422,33.279998779296875,9372800
2013-01-16,32.7400016784668,33.27000045776367,32.720001220703125,33.150001525878906,9143000
2013-01-17,33.36000061035156,33.36000061035156,32.720001220703125,32.7599983215332,17747200
2013-01-18,32.88999938964844,32.970001220703125,32.540000915527344,32.869998931884766,17059600
2013-01-22,32.83000183105469,33.099998474121094,32.66999816894531,33.0,11999700
2013-01-23,32.91999816894531,33.09000015258789,32.849998474121094,33.09000015258789,9501800
2013-01-24,33.099998474121094,33.369998931884766,33.0,33.11000061035156,12115100
2013-01-25,33.25,33.290000915527344,32.970001220703125,33.16999816894531,9456600
2013-01-28,33.25,33.27000045776367,32.97999954223633,33.16999816894531,11712200
2013-01-29,33.150001525878906,33.439998626708984,33.06999969482422,33.33000183105469,10852200
2013-01-30,32.95000076293945,33.279998779296875,32.93000030517578,33.13999938964844,11237500
2013-01-31,32.9900016784668,33.2599983215332,32.97999954223633,33.099998474121094,8693800
2013-02-01,33.369998931884766,33.470001220703125,33.209999084472656,33.400001525878906,7890300
2013-02-04,33.18000030517578,33.25,32.84000015258789,32.959999084472656,8537000
2013-02-05,33.11000061035156,33.25,33.040000915527344,33.130001068115234,7772000
2013-02-06,32.97999954223633,33.630001068115234,32.97999954223633,33.61000061035156,12702000
2013-02-07,33.599998474121094,33.7400016784668,33.31999969482422,33.540000915527344,7721200
2013-02-08,33.56999969482422,33.689998626708984,33.5099983215332,33.650001525878906,6145700
2013-02-11,33.83000183105469,34.33000183105469,33.7400016784668,34.09000015258789,10627900
2013-02-12,34.099998474121094,34.400001525878906,34.040000915527344,34.310001373291016,9442700
2013-02-13,34.349998474121094,34.36000061035156,33.790000915527344,33.93000030517578,8358600
2013-02-14,33.7400016784668,34.060001373291016,33.7400016784668,33.9900016784668,6244800
2013-02-15,34.08000183105469,34.150001525878906,33.720001220703125,33.90999984741211,7431500
2013-02-19,33.81999969482422,34.150001525878906,33.709999084472656,34.08000183105469,7810600
2013-02-20,33.9900016784668,34.060001373291016,33.79999923706055,33.849998474121094,9466100
2013-02-21,33.81999969482422,33.970001220703125,33.650001525878906,33.77000045776367,10506100
2013-02-22,33.86000061035156,33.95000076293945,33.540000915527344,33.880001068115234,8925100
2013-02-25,33.970001220703125,34.099998474121094,33.34000015258789,33.34000015258789,11560400
2013-02-26,33.529998779296875,33.90999984741211,33.36000061035156,33.790000915527344,12324700
2013-02-27,33.7599983215332,34.040000915527344,33.630001068115234,34.029998779296875,9048800
2013-02-28,34.060001373291016,34.150001525878906,33.810001373291016,33.97999954223633,9518300
2013-03-01,33.75,34.150001525878906,33.61000061035156,34.0099983215332,8434800
2013-03-04,33.9900016784668,34.290000915527344,33.86000061035156,34.279998779296875,8611100
2013-03-05,34.439998626708984,34.72999954223633,33.58000183105469,33.810001373291016,17873600
2013-03-06,33.880001068115234,33.91999816894531,33.43000030517578,33.7400016784668,12558800
2013-03-07,33.779998779296875,34.18000030517578,33.7400016784668,34.150001525878906,11150200
2013-03-08,34.25,34.36000061035156,34.02000045776367,34.22999954223633,7710100
2013-03-11,34.25,34.599998474121094,34.20000076293945,34.40999984741211,8522600
2013-03-12,34.369998931884766,34.380001068115234,34.220001220703125,34.34000015258789,6650000
2013-03-13,34.310001373291016,34.310001373291016,34.08000183105469,34.220001220703125,7222300
2013-03-14,34.310001373291016,34.349998474121094,33.869998931884766,34.060001373291016,12258400
2013-03-15,33.83000183105469,34.29999923706055,33.810001373291016,34.220001220703125,15047700
2013-03-18,33.869998931884766,34.220001220703125,33.79999923706055,34.130001068115234,7843100
2013-03-19,34.18000030517578,34.2599983215332,33.779998779296875,33.95000076293945,9328100
2013-03-20,34.119998931884766,34.2400016784668,33.88999938964844,33.93000030517578,10278800
2013-03-21,33.779998779296875,33.869998931884766,33.5,33.54999923706055,9556400
2013-03-22,33.59000015258789,33.75,33.439998626708984,33.56999969482422,10585600
2013-03-25,33.77000045776367,33.81999969482422,33.459999084472656,33.66999816894531,9181900
2013-03-26,33.66999816894531,33.75,33.529998779296875,33.68000030517578,8308600
2013-03-27,33.47999954223633,33.84000015258789,33.400001525878906,33.7599983215332,6067900
2013-03-28,33.709999084472656,33.959999084472656,33.709999084472656,33.93000030517578,6993400
2013-04-01,33.93000030517578,34.040000915527344,33.84000015258789,33.9900016784668,6674300
2013-04-02,34.029998779296875,34.130001068115234,33.939998626708984,34.099998474121094,9894300
2013-04-03,34.060001373291016,34.11000061035156,33.52000045776367,33.66999816894531,12535400
2013-04-04,33.75,33.95000076293945,33.650001525878906,33.81999969482422,8801900
2013-04-05,33.529998779296875,33.529998779296875,33.18000030517578,33.36000061035156,14065700
2013-04-08,33.36000061035156,33.689998626708984,33.2400016784668,33.689998626708984,6925700
2013-04-09,33.72999954223633,33.939998626708984,33.54999923706055,33.689998626708984,7058700
2013-04-10,33.720001220703125,34.290000915527344,33.709999084472656,34.189998626708984,9597900
2013-04-11,34.220001220703125,34.43000030517578,34.04999923706055,34.20000076293945,6855000
2013-04-12,33.939998626708984,34.09000015258789,33.86000061035156,34.08000183105469,6702400
2013-04-15,33.97999954223633,34.0099983215332,33.279998779296875,33.310001373291016,15129300
2013-04-16,33.20000076293945,33.20000076293945,32.31999969482422,32.720001220703125,29836800
2013-04-17,32.38999938964844,32.709999084472656,32.220001220703125,32.380001068115234,15088600
2013-04-18,32.439998626708984,32.439998626708984,31.989999771118164,32.27000045776367,9889100
2013-04-19,32.40999984741211,32.54999923706055,32.18000030517578,32.5099983215332,9566900
2013-04-22,32.529998779296875,32.54999923706055,32.20000076293945,32.470001220703125,7722400
2013-04-23,32.630001068115234,32.849998474121094,32.439998626708984,32.81999969482422,10656200
2013-04-24,32.880001068115234,33.220001220703125,32.779998779296875,33.150001525878906,10491700
2013-04-25,33.2599983215332,33.47999954223633,33.16999816894531,33.310001373291016,8421500
2013-04-26,33.31999969482422,33.369998931884766,33.119998931884766,33.130001068115234,7920900
2013-04-29,33.189998626708984,33.459999084472656,33.150001525878906,33.290000915527344,7242600
2013-04-30,33.27000045776367,33.33000183105469,33.119998931884766,33.279998779296875,6018500
2013-05-01,33.220001220703125,33.22999954223633,32.709999084472656,32.810001373291016,10000400
2013-05-02,32.93000030517578,32.93000030517578,32.529998779296875,32.58000183105469,11841500
2013-05-03,32.81999969482422,32.90999984741211,32.68000030517578,32.77000045776367,13582300
2013-05-06,32.790000915527344,32.959999084472656,32.689998626708984,32.88999938964844,9902000
2013-05-07,33.04999923706055,33.2599983215332,32.88999938964844,33.150001525878906,8162700
2013-05-08,33.04999923706055,33.34000015258789,33.02000045776367,33.33000183105469,8929900
2013-05-09,33.349998474121094,33.560001373291016,33.150001525878906,33.310001373291016,11381700
2013-05-10,33.369998931884766,33.54999923706055,33.2599983215332,33.4900016784668,7592100
2013-05-13,33.380001068115234,33.70000076293945,33.29999923706055,33.5,7663100
2013-05-14,33.529998779296875,33.93000030517578,33.5099983215332,33.88999938964844,9411800
2013-05-15,33.86000061035156,34.369998931884766,33.72999954223633,34.34000015258789,8879100
2013-05-16,34.34000015258789,34.47999954223633,34.189998626708984,34.310001373291016,11134300
2013-05-17,34.349998474121094,34.779998779296875,34.29999923706055,34.66999816894531,12158200
2013-05-20,34.599998474121094,35.38999938964844,34.560001373291016,35.130001068115234,11921000
2013-05-21,35.150001525878906,35.380001068115234,35.11000061035156,35.290000915527344,8158100
2013-05-22,34.90999984741211,35.900001525878906,34.90999984741211,35.369998931884766,16879400
2013-05-23,35.02000045776367,35.349998474121094,35.0,35.220001220703125,12779000
2013-05-24,35.040000915527344,35.5,34.939998626708984,35.40999984741211,7667500
2013-05-28,35.84000015258789,35.93000030517578,35.5,35.540000915527344,8780300
2013-05-29,35.29999923706055,35.47999954223633,35.16999816894531,35.33000183105469,9108900
2013-05-30,35.41999816894531,35.810001373291016,35.290000915527344,35.529998779296875,10534800
2013-05-31,35.43000030517578,35.709999084472656,35.060001373291016,35.060001373291016,10703600
2013-06-03,35.08000183105469,35.279998779296875,34.90999984741211,35.27000045776367,9717600
2013-06-04,35.310001373291016,35.54999923706055,35.20000076293945,35.2599983215332,9337600
2013-06-05,35.150001525878906,35.31999969482422,34.83000183105469,35.0099983215332,10852100
2013-06-06,34.84000015258789,35.45000076293945,34.79999923706055,35.380001068115234,10148200
2013-06-07,35.54999923706055,35.90999984741211,35.40999984741211,35.869998931884766,10408700
2013-06-10,35.9900016784668,36.0,35.560001373291016,35.59000015258789,10289900
2013-06-11,35.369998931884766,35.56999969482422,35.22999954223633,35.40999984741211,10101800
2013-06-12,35.45000076293945,35.529998779296875,35.20000076293945,35.400001525878906,10647400
2013-06-13,35.349998474121094,35.52000045776367,35.08000183105469,35.459999084472656,11286400
2013-06-14,35.41999816894531,35.439998626708984,34.97999954223633,35.0099983215332,8118900
2013-06-17,35.22999954223633,35.40999984741211,35.060001373291016,35.22999954223633,6716600
2013-06-18,35.220001220703125,35.43000030517578,35.130001068115234,35.349998474121094,5994300
2013-06-19,35.400001525878906,35.630001068115234,35.130001068115234,35.189998626708984,9300200
2013-06-20,34.959999084472656,35.310001373291016,34.849998474121094,35.060001373291016,13474300
2013-06-21,35.380001068115234,35.720001220703125,35.150001525878906,35.56999969482422,15679900
2013-06-24,35.209999084472656,35.689998626708984,35.13999938964844,35.38999938964844,14635800
2013-06-25,35.66999816894531,36.060001373291016,35.560001373291016,35.939998626708984,10987800
2013-06-26,36.0099983215332,36.25,35.91999816894531,35.93000030517578,9412600
2013-06-27,36.099998474121094,36.31999969482422,35.900001525878906,36.13999938964844,10636800
2013-06-28,36.13999938964844,36.400001525878906,35.849998474121094,36.150001525878906,11220800
2013-07-01,36.36000061035156,36.63999938964844,36.290000915527344,36.310001373291016,8606900
2013-07-02,36.279998779296875,36.70000076293945,36.119998931884766,36.29999923706055,10381200
2013-07-03,36.150001525878906,36.400001525878906,36.0,36.349998474121094,3947400
2013-07-05,36.52000045776367,36.779998779296875,36.47999954223633,36.7599983215332,7525300
2013-07-08,36.880001068115234,37.189998626708984,36.880001068115234,37.04999923706055,8869200
2013-07-09,37.220001220703125,37.459999084472656,37.04999923706055,37.290000915527344,7484800
2013-07-10,37.209999084472656,37.27000045776367,36.81999969482422,37.06999969482422,9260400
2013-07-11,37.2599983215332,37.34000015258789,36.869998931884766,37.150001525878906,10127500
2013-07-12,37.2599983215332,37.68000030517578,37.060001373291016,37.65999984741211,7102000
2013-07-15,37.720001220703125,37.7400016784668,37.310001373291016,37.5,7245600
2013-07-16,37.5,37.560001373291016,36.93000030517578,37.27000045776367,9162900
2013-07-17,36.84000015258789,36.849998474121094,36.150001525878906,36.7400016784668,17808800
2013-07-18,36.880001068115234,37.11000061035156,36.810001373291016,37.06999969482422,10340300
2013-07-19,37.04999923706055,37.400001525878906,36.880001068115234,37.2599983215332,8928500
2013-07-22,37.22999954223633,37.47999954223633,37.18000030517578,37.349998474121094,7510900
2013-07-23,37.349998474121094,37.72999954223633,37.220001220703125,37.540000915527344,7708400
2013-07-24,37.619998931884766,37.689998626708984,37.45000076293945,37.540000915527344,7083700
2013-07-25,37.29999923706055,37.52000045776367,37.15999984741211,37.459999084472656,6573400
2013-07-26,37.29999923706055,37.56999969482422,37.13999938964844,37.540000915527344,6043600
2013-07-29,37.52000045776367,37.58000183105469,37.290000915527344,37.4900016784668,6038800
2013-07-30,37.720001220703125,37.970001220703125,37.650001525878906,37.70000076293945,11066700
2013-07-31,37.79999923706055,37.970001220703125,37.29999923706055,37.31999969482422,10825300
2013-08-01,37.65999984741211,37.93000030517578,37.599998474121094,37.65999984741211,6678700
2013-08-02,37.58000183105469,37.81999969482422,37.540000915527344,37.77000045776367,5639000
2013-08-05,37.689998626708984,37.83000183105469,37.59000015258789,37.7400016784668,4538600
2013-08-06,37.720001220703125,37.720001220703125,37.470001220703125,37.61000061035156,5004800
2013-08-07,37.439998626708984,37.439998626708984,37.0,37.209999084472656,5934000
2013-08-08,37.38999938964844,37.52000045776367,37.060001373291016,37.349998474121094,5256300
2013-08-09,37.310001373291016,37.38999938964844,37.040000915527344,37.16999816894531,6845900
2013-08-12,37.060001373291016,37.279998779296875,36.91999816894531,37.15999984741211,5349400
2013-08-13,37.15999984741211,37.2599983215332,36.939998626708984,37.11000061035156,6455000
2013-08-14,37.150001525878906,37.20000076293945,36.939998626708984,36.970001220703125,5573800
2013-08-15,36.91999816894531,37.0,36.58000183105469,36.77000045776367,5781700
2013-08-16,36.689998626708984,37.0,36.66999816894531,36.91999816894531,6350600
2013-08-19,36.869998931884766,36.90999984741211,36.619998931884766,36.65999984741211,5119900
2013-08-20,36.630001068115234,37.060001373291016,36.560001373291016,36.86000061035156,5711000
2013-08-21,36.7400016784668,37.119998931884766,36.68000030517578,36.790000915527344,6431100
2013-08-22,36.84000015258789,37.459999084472656,36.79999923706055,37.400001525878906,7472700
2013-08-23,37.58000183105469,37.61000061035156,37.150001525878906,37.31999969482422,5205700
2013-08-26,37.41999816894531,37.41999816894531,36.91999816894531,36.91999816894531,4213600
2013-08-27,36.599998474121094,36.66999816894531,36.029998779296875,36.11000061035156,7512600
2013-08-28,36.11000061035156,36.34000015258789,36.029998779296875,36.11000061035156,5331100
2013-08-29,36.0,36.38999938964844,35.900001525878906,36.11000061035156,5760500
2013-08-30,36.16999816894531,36.20000076293945,35.88999938964844,36.130001068115234,6816200
2013-09-03,36.459999084472656,36.61000061035156,35.900001525878906,36.060001373291016,6595600
2013-09-04,36.0,36.2400016784668,35.83000183105469,36.130001068115234,6125800
2013-09-05,36.150001525878906,36.83000183105469,36.119998931884766,36.70000076293945,8674800
2013-09-06,36.779998779296875,36.90999984741211,36.29999923706055,36.470001220703125,6171800
2013-09-09,36.47999954223633,36.5,35.88999938964844,36.31999969482422,6975500
2013-09-10,36.5099983215332,36.86000061035156,36.5099983215332,36.709999084472656,6474400
2013-09-11,36.77000045776367,36.810001373291016,36.4900016784668,36.68000030517578,5901500
2013-09-12,36.7599983215332,37.34000015258789,36.439998626708984,36.869998931884766,8241700
2013-09-13,36.93000030517578,37.22999954223633,36.93000030517578,37.13999938964844,7040600
2013-09-16,37.599998474121094,37.630001068115234,37.29999923706055,37.5099983215332,8614500
2013-09-17,37.619998931884766,37.65999984741211,37.31999969482422,37.52000045776367,6517100
2013-09-18,37.56999969482422,38.22999954223633,37.5,37.84000015258789,10296100
2013-09-19,38.040000915527344,38.060001373291016,37.45000076293945,37.709999084472656,11617800
2013-09-20,37.75,37.93000030517578,37.529998779296875,37.849998474121094,11096500
2013-09-23,37.75,37.7599983215332,37.16999816894531,37.36000061035156,7631000
2013-09-24,37.400001525878906,37.400001525878906,36.810001373291016,36.900001525878906,9922300
2013-09-25,36.869998931884766,37.04999923706055,36.599998474121094,36.7599983215332,9230100
2013-09-26,36.65999984741211,36.7599983215332,36.369998931884766,36.540000915527344,5592900
2013-09-27,36.34000015258789,36.650001525878906,36.310001373291016,36.5,5973100
2013-09-30,36.2400016784668,36.7400016784668,36.060001373291016,36.58000183105469,7895000
2013-10-01,36.689998626708984,36.790000915527344,36.4900016784668,36.709999084472656,4932400
2013-10-02,36.5099983215332,36.58000183105469,36.33000183105469,36.38999938964844,6852300
2013-10-03,36.33000183105469,36.47999954223633,36.22999954223633,36.349998474121094,6325900
2013-10-04,36.29999923706055,36.68000030517578,36.29999923706055,36.619998931884766,6427600
2013-10-07,36.349998474121094,36.38999938964844,36.099998474121094,36.130001068115234,5398800
2013-10-08,36.060001373291016,36.18000030517578,35.689998626708984,35.70000076293945,9128100
2013-10-09,35.81999969482422,36.099998474121094,35.720001220703125,35.959999084472656,7292500
2013-10-10,36.2400016784668,36.970001220703125,36.2400016784668,36.939998626708984,9142800
2013-10-11,36.75,37.209999084472656,36.56999969482422,37.04999923706055,7814900
2013-10-14,36.939998626708984,37.25,36.900001525878906,37.18000030517578,5931900
2013-10-15,37.15999984741211,37.2599983215332,36.77000045776367,36.880001068115234,8065700
2013-10-16,37.09000015258789,37.689998626708984,36.83000183105469,37.2400016784668,13183600
2013-10-17,37.18000030517578,37.790000915527344,37.18000030517578,37.68000030517578,10779700
2013-10-18,37.849998474121094,38.09000015258789,37.599998474121094,37.91999816894531,10330200
2013-10-21,37.93000030517578,38.119998931884766,37.779998779296875,38.060001373291016,6745300
2013-10-22,38.08000183105469,38.220001220703125,37.959999084472656,38.06999969482422,7032800
2013-10-23,38.029998779296875,38.060001373291016,37.779998779296875,37.97999954223633,6678100
2013-10-24,37.900001525878906,38.0,37.52000045776367,37.79999923706055,9328200
2013-10-25,37.880001068115234,38.25,37.63999938964844,37.83000183105469,7446600
2013-10-28,37.790000915527344,37.93000030517578,37.619998931884766,37.7599983215332,6988600
2013-10-29,37.88999938964844,37.91999816894531,37.689998626708984,37.83000183105469,4724200
2013-10-30,37.81999969482422,37.93000030517578,37.72999954223633,37.7599983215332,6763100
2013-10-31,37.83000183105469,37.849998474121094,37.36000061035156,37.36000061035156,8109900
2013-11-01,37.369998931884766,37.63999938964844,37.220001220703125,37.369998931884766,7146900
2013-11-04,37.40999984741211,37.61000061035156,37.349998474121094,37.540000915527344,5236900
2013-11-05,37.5,37.790000915527344,37.400001525878906,37.66999816894531,5652200
2013-11-06,37.7599983215332,38.0,37.630001068115234,37.91999816894531,5116900
2013-11-07,38.0,38.0,37.45000076293945,37.470001220703125,5647900
2013-11-08,37.439998626708984,38.08000183105469,37.290000915527344,38.08000183105469,10216000
2013-11-11,38.029998779296875,38.029998779296875,37.70000076293945,37.939998626708984,5924500
2013-11-12,37.83000183105469,38.0,37.619998931884766,37.75,8820200
2013-11-13,37.63999938964844,38.02000045776367,37.470001220703125,38.02000045776367,11824400
2013-11-14,38.16999816894531,38.38999938964844,38.040000915527344,38.279998779296875,7404300
2013-11-15,38.2400016784668,38.38999938964844,38.150001525878906,38.310001373291016,6546700
2013-11-18,38.290000915527344,38.47999954223633,38.18000030517578,38.33000183105469,8376200
2013-11-19,38.380001068115234,38.83000183105469,38.290000915527344,38.65999984741211,8187900
2013-11-20,38.790000915527344,38.900001525878906,38.5,38.7400016784668,8513100
2013-11-21,38.84000015258789,38.959999084472656,38.599998474121094,38.86000061035156,8209100
2013-11-22,38.79999923706055,38.970001220703125,38.54999923706055,38.95000076293945,6165800
2013-11-25,38.959999084472656,39.380001068115234,38.959999084472656,39.209999084472656,7711600
2013-11-26,39.29999923706055,39.47999954223633,39.20000076293945,39.27000045776367,7946800
2013-11-27,39.31999969482422,39.470001220703125,39.25,39.349998474121094,5110900
2013-11-29,39.40999984741211,39.61000061035156,39.20000076293945,39.220001220703125,3945300
2013-12-02,39.290000915527344,39.47999954223633,39.119998931884766,39.209999084472656,6101000
2013-12-03,39.13999938964844,39.2400016784668,38.29999923706055,38.52000045776367,14165300
2013-12-04,38.939998626708984,39.220001220703125,38.65999984741211,39.0,14275400
2013-12-05,38.939998626708984,39.130001068115234,38.59000015258789,38.61000061035156,10464700
2013-12-06,38.9900016784668,39.66999816894531,38.9900016784668,39.65999984741211,12510600
2013-12-09,39.7400016784668,39.959999084472656,39.630001068115234,39.7400016784668,9040100
2013-12-10,39.630001068115234,39.81999969482422,39.380001068115234,39.41999816894531,7072400
2013-12-11,39.59000015258789,39.59000015258789,39.0099983215332,39.040000915527344,6940200
2013-12-12,39.029998779296875,39.4900016784668,38.93000030517578,39.20000076293945,8754300
2013-12-13,39.25,39.310001373291016,39.0099983215332,39.060001373291016,5963400
2013-12-16,39.349998474121094,39.52000045776367,39.13999938964844,39.380001068115234,6949300
2013-12-17,39.33000183105469,39.34000015258789,39.08000183105469,39.119998931884766,6994100
2013-12-18,39.310001373291016,40.150001525878906,39.209999084472656,40.119998931884766,12426400
2013-12-19,39.349998474121094,40.150001525878906,39.31999969482422,40.040000915527344,8073100
2013-12-20,40.119998931884766,40.31999969482422,40.029998779296875,40.04999923706055,12591400
2013-12-23,40.2400016784668,40.810001373291016,40.16999816894531,40.4900016784668,8439800
2013-12-24,40.54999923706055,40.83000183105469,40.5099983215332,40.599998474121094,2841700
2013-12-26,40.720001220703125,40.7599983215332,40.4900016784668,40.52000045776367,5651800
2013-12-27,40.38999938964844,40.54999923706055,40.29999923706055,40.369998931884766,3416200
2013-12-30,40.310001373291016,40.4900016784668,40.150001525878906,40.27000045776367,3910300
2013-12-31,40.400001525878906,40.45000076293945,40.2400016784668,40.400001525878906,4335400
2014-01-02,39.869998931884766,40.06999969482422,39.45000076293945,39.88999938964844,7045800
2014-01-03,39.869998931884766,40.220001220703125,39.779998779296875,40.060001373291016,4455000
2014-01-06,40.58000183105469,40.84000015258789,40.5,40.59000015258789,8096000
2014-01-07,40.900001525878906,41.11000061035156,40.75,40.93000030517578,11027800
2014-01-08,40.720001220703125,41.13999938964844,40.650001525878906,41.09000015258789,10727200
2014-01-09,41.29999923706055,41.5,40.970001220703125,41.34000015258789,8862800
2014-01-10,41.279998779296875,41.29999923706055,40.790000915527344,41.02000045776367,7241400
2014-01-13,40.880001068115234,41.150001525878906,40.709999084472656,40.779998779296875,5954400
2014-01-14,40.880001068115234,40.9900016784668,40.58000183105469,40.88999938964844,6807900
2014-01-15,41.189998626708984,41.56999969482422,41.08000183105469,41.5,12576700
2014-01-16,41.43000030517578,41.47999954223633,41.119998931884766,41.459999084472656,7951200
2014-01-17,41.619998931884766,41.65999984741211,41.34000015258789,41.45000076293945,9827600
2014-01-21,41.68000030517578,41.86000061035156,41.34000015258789,41.58000183105469,9951500
2014-01-22,41.38999938964844,41.790000915527344,40.650001525878906,41.439998626708984,11034800
2014-01-23,41.2599983215332,41.2599983215332,40.310001373291016,40.720001220703125,12423900
2014-01-24,40.47999954223633,40.7400016784668,40.13999938964844,40.13999938964844,9684000
2014-01-27,40.11000061035156,40.41999816894531,39.939998626708984,40.040000915527344,9296800
2014-01-28,40.13999938964844,40.65999984741211,40.099998474121094,40.540000915527344,8051500
2014-01-29,40.279998779296875,40.599998474121094,39.689998626708984,39.7599983215332,14158700
2014-01-30,40.099998474121094,40.189998626708984,39.7400016784668,40.119998931884766,8540000
2014-01-31,39.61000061035156,40.11000061035156,39.54999923706055,39.72999954223633,7186700
2014-02-03,39.70000076293945,39.77000045776367,38.72999954223633,38.779998779296875,10478300
2014-02-04,38.9900016784668,39.2599983215332,38.720001220703125,39.11000061035156,6601000
2014-02-05,39.060001373291016,39.310001373291016,38.88999938964844,39.11000061035156,6164600
2014-02-06,39.22999954223633,39.84000015258789,39.119998931884766,39.810001373291016,7214400
2014-02-07,39.93000030517578,40.33000183105469,39.790000915527344,40.0,8910300
2014-02-10,40.029998779296875,40.25,39.869998931884766,40.08000183105469,5770900
2014-02-11,40.099998474121094,40.439998626708984,39.959999084472656,40.290000915527344,7008400
2014-02-12,40.310001373291016,40.65999984741211,40.189998626708984,40.349998474121094,4348600
2014-02-13,40.13999938964844,40.349998474121094,40.02000045776367,40.27000045776367,4877800
2014-02-14,40.290000915527344,40.880001068115234,40.15999984741211,40.790000915527344,6921800
2014-02-18,40.81999969482422,40.90999984741211,40.61000061035156,40.7400016784668,5413100
2014-02-19,40.619998931884766,40.619998931884766,39.88999938964844,39.95000076293945,6904600
2014-02-20,39.95000076293945,40.43000030517578,39.880001068115234,40.31999969482422,6167900
2014-02-21,40.2599983215332,40.630001068115234,40.2400016784668,40.34000015258789,8437500
2014-02-24,40.29999923706055,40.95000076293945,40.29999923706055,40.79999923706055,6821700
2014-02-25,40.75,41.0,40.560001373291016,40.95000076293945,9771600
2014-02-26,40.88999938964844,41.25,40.7599983215332,40.970001220703125,6091700
2014-02-27,40.939998626708984,41.150001525878906,40.77000045776367,41.13999938964844,3964600
2014-02-28,41.150001525878906,41.470001220703125,41.0099983215332,41.13999938964844,7043100
2014-03-03,40.880001068115234,40.93000030517578,40.5,40.650001525878906,7528200
2014-03-04,41.04999923706055,41.470001220703125,41.04999923706055,41.41999816894531,5214800
2014-03-05,41.47999954223633,41.650001525878906,41.310001373291016,41.439998626708984,5224200
2014-03-06,41.66999816894531,41.84000015258789,41.560001373291016,41.650001525878906,5184900
2014-03-07,41.88999938964844,42.47999954223633,41.790000915527344,42.16999816894531,6202700
2014-03-10,42.029998779296875,42.38999938964844,41.880001068115234,42.349998474121094,5336600
2014-03-11,42.13999938964844,42.29999923706055,41.810001373291016,41.959999084472656,8809800
2014-03-12,41.7400016784668,42.150001525878906,41.7400016784668,42.09000015258789,5605300
2014-03-13,42.27000045776367,42.33000183105469,41.650001525878906,41.70000076293945,5465600
2014-03-14,41.599998474121094,42.13999938964844,41.4900016784668,41.540000915527344,4899500
2014-03-17,41.86000061035156,42.04999923706055,41.790000915527344,41.959999084472656,3886500
2014-03-18,42.02000045776367,42.459999084472656,42.0099983215332,42.369998931884766,4458800
2014-03-19,42.38999938964844,42.63999938964844,42.060001373291016,42.34000015258789,7735600
2014-03-20,42.189998626708984,43.0,42.189998626708984,42.900001525878906,7873000
2014-03-21,43.31999969482422,43.54999923706055,42.7599983215332,43.02000045776367,12116400
2014-03-24,43.310001373291016,43.56999969482422,43.099998474121094,43.31999969482422,11022600
2014-03-25,43.40999984741211,43.560001373291016,43.310001373291016,43.41999816894531,7456800
2014-03-26,43.61000061035156,43.65999984741211,42.86000061035156,42.91999816894531,9788000
2014-03-27,42.83000183105469,42.95000076293945,42.0099983215332,42.2599983215332,10189900
2014-03-28,42.349998474121094,42.619998931884766,42.20000076293945,42.29999923706055,4453500
2014-03-31,42.5,42.93000030517578,42.5,42.86000061035156,6317900
2014-04-01,43.59000015258789,43.59000015258789,42.779998779296875,42.9900016784668,5759900
2014-04-02,42.959999084472656,43.09000015258789,42.66999816894531,43.04999923706055,7122100
2014-04-03,42.68000030517578,43.11000061035156,42.470001220703125,43.02000045776367,8333800
2014-04-04,43.189998626708984,43.380001068115234,42.529998779296875,42.54999923706055,7531500
2014-04-07,42.31999969482422,42.54999923706055,41.93000030517578,42.0,6887300
2014-04-08,41.959999084472656,42.27000045776367,41.75,41.790000915527344,8906500
2014-04-09,41.97999954223633,42.16999816894531,41.61000061035156,42.0099983215332,7618800
2014-04-10,42.11000061035156,42.13999938964844,40.75,40.779998779296875,11985500
2014-04-11,40.4900016784668,40.95000076293945,40.29999923706055,40.5099983215332,11312900
2014-04-14,40.970001220703125,41.029998779296875,40.22999954223633,40.61000061035156,7112200
2014-04-15,40.720001220703125,41.040000915527344,40.310001373291016,41.0099983215332,11086900
2014-04-16,41.33000183105469,41.5,39.900001525878906,40.470001220703125,15664900
2014-04-17,40.380001068115234,40.45000076293945,40.099998474121094,40.25,13043700
2014-04-21,40.290000915527344,40.63999938964844,40.13999938964844,40.380001068115234,7438000
2014-04-22,40.33000183105469,40.90999984741211,40.279998779296875,40.63999938964844,7606400
2014-04-23,40.54999923706055,41.0,40.54999923706055,40.939998626708984,7023400
2014-04-24,41.02000045776367,41.02000045776367,40.54999923706055,40.650001525878906,5749300
2014-04-25,40.54999923706055,40.58000183105469,40.150001525878906,40.220001220703125,5992600
2014-04-28,40.36000061035156,40.380001068115234,39.86000061035156,40.15999984741211,8323900
2014-04-29,40.33000183105469,40.650001525878906,40.2599983215332,40.56999969482422,6257000
2014-04-30,40.540000915527344,40.869998931884766,40.45000076293945,40.779998779296875,6922100
2014-05-01,40.7599983215332,40.849998474121094,40.279998779296875,40.369998931884766,5865500
2014-05-02,40.47999954223633,40.79999923706055,40.29999923706055,40.38999938964844,5057700
2014-05-05,40.209999084472656,40.459999084472656,39.91999816894531,40.45000076293945,6441100
2014-05-06,40.310001373291016,40.36000061035156,40.040000915527344,40.150001525878906,7217700
2014-05-07,40.349998474121094,40.4900016784668,40.029998779296875,40.459999084472656,6869300
2014-05-08,40.439998626708984,40.529998779296875,40.20000076293945,40.33000183105469,5338700
2014-05-09,40.150001525878906,40.45000076293945,40.060001373291016,40.31999969482422,4670400
2014-05-12,40.43000030517578,40.61000061035156,40.27000045776367,40.45000076293945,6316400
2014-05-13,40.45000076293945,40.630001068115234,40.34000015258789,40.529998779296875,5568600
2014-05-14,40.41999816894531,40.619998931884766,40.18000030517578,40.36000061035156,6331500
2014-05-15,40.25,40.65999984741211,40.0099983215332,40.56999969482422,11340600
2014-05-16,40.59000015258789,40.90999984741211,40.470001220703125,40.88999938964844,10062600
2014-05-19,40.79999923706055,41.400001525878906,40.7400016784668,41.36000061035156,8888200
2014-05-20,41.29999923706055,41.4900016784668,40.880001068115234,41.11000061035156,6806500
2014-05-21,41.290000915527344,41.40999984741211,41.06999969482422,41.209999084472656,5079400
2014-05-22,41.27000045776367,41.41999816894531,41.13999938964844,41.369998931884766,3960900
2014-05-23,41.380001068115234,41.52000045776367,41.27000045776367,41.45000076293945,3051400
2014-05-27,41.61000061035156,41.970001220703125,41.5,41.7400016784668,5692200
2014-05-28,41.720001220703125,42.119998931884766,41.56999969482422,42.029998779296875,6689100
2014-05-29,42.16999816894531,42.18000030517578,41.79999923706055,42.029998779296875,5827600
2014-05-30,41.97999954223633,42.33000183105469,41.970001220703125,42.189998626708984,5708500
2014-06-02,42.220001220703125,42.25,41.81999969482422,42.18000030517578,4951300
2014-06-03,42.06999969482422,42.38999938964844,42.0,42.2400016784668,4222000
2014-06-04,42.11000061035156,42.41999816894531,42.040000915527344,42.36000061035156,4594200
2014-06-05,42.470001220703125,42.4900016784668,42.25,42.4900016784668,4625000
2014-06-06,42.4900016784668,42.9900016784668,42.40999984741211,42.880001068115234,5222500
2014-06-09,42.880001068115234,43.56999969482422,42.810001373291016,43.52000045776367,6650100
2014-06-10,43.43000030517578,43.52000045776367,43.209999084472656,43.33000183105469,4920000
2014-06-11,42.970001220703125,43.279998779296875,42.84000015258789,42.97999954223633,5889000
2014-06-12,42.93000030517578,43.15999984741211,42.79999923706055,43.0099983215332,5756800
2014-06-13,43.0099983215332,43.279998779296875,42.91999816894531,43.060001373291016,4615400
2014-06-16,42.959999084472656,43.06999969482422,42.58000183105469,42.75,5125700
2014-06-17,42.70000076293945,43.2400016784668,42.650001525878906,43.130001068115234,6026500
2014-06-18,43.099998474121094,43.34000015258789,42.88999938964844,43.33000183105469,5526600
2014-06-19,43.310001373291016,43.369998931884766,43.099998474121094,43.279998779296875,4206200
2014-06-20,43.63999938964844,43.91999816894531,43.599998474121094,43.7400016784668,10241100
2014-06-23,43.56999969482422,43.84000015258789,43.439998626708984,43.81999969482422,10514800
2014-06-24,43.65999984741211,43.83000183105469,43.2599983215332,43.29999923706055,5989000
2014-06-25,43.16999816894531,43.40999984741211,42.93000030517578,43.36000061035156,7349800
2014-06-26,43.0,43.33000183105469,42.75,43.060001373291016,8779000
2014-06-27,42.970001220703125,43.36000061035156,42.90999984741211,43.36000061035156,10451900
2014-06-30,43.36000061035156,43.47999954223633,43.189998626708984,43.31999969482422,5393800
2014-07-01,43.45000076293945,43.65999984741211,43.33000183105469,43.34000015258789,5584600
2014-07-02,43.16999816894531,43.45000076293945,43.130001068115234,43.25,4485100
2014-07-03,43.66999816894531,43.75,43.459999084472656,43.59000015258789,3519100
2014-07-07,43.529998779296875,43.709999084472656,43.400001525878906,43.47999954223633,4311700
2014-07-08,43.22999954223633,43.470001220703125,43.099998474121094,43.189998626708984,5982800
2014-07-09,43.36000061035156,43.439998626708984,43.13999938964844,43.380001068115234,5753900
2014-07-10,43.08000183105469,43.189998626708984,42.880001068115234,43.099998474121094,5242000
2014-07-11,42.97999954223633,43.220001220703125,42.810001373291016,43.18000030517578,5091000
2014-07-14,43.5099983215332,43.63999938964844,43.0099983215332,43.04999923706055,4477900
2014-07-15,42.970001220703125,43.41999816894531,42.959999084472656,43.29999923706055,9467100
2014-07-16,43.41999816894531,43.4900016784668,42.36000061035156,42.529998779296875,9454300
2014-07-17,42.220001220703125,42.31999969482422,41.58000183105469,41.61000061035156,11589200
2014-07-18,41.81999969482422,42.310001373291016,41.790000915527344,42.16999816894531,7856100
2014-07-21,42.0099983215332,42.209999084472656,41.95000076293945,42.119998931884766,5008800
2014-07-22,42.29999923706055,42.54999923706055,42.220001220703125,42.25,6149600
2014-07-23,42.2599983215332,42.529998779296875,42.220001220703125,42.459999084472656,4399500
2014-07-24,42.540000915527344,42.84000015258789,42.47999954223633,42.72999954223633,4385800
2014-07-25,42.540000915527344,42.81999969482422,42.5,42.75,5386000
2014-07-28,42.70000076293945,42.70000076293945,42.310001373291016,42.56999969482422,6284900
2014-07-29,42.61000061035156,42.970001220703125,42.43000030517578,42.63999938964844,5649400
2014-07-30,42.83000183105469,43.099998474121094,42.65999984741211,42.91999816894531,5542000
2014-07-31,42.63999938964844,42.779998779296875,42.0099983215332,42.029998779296875,8403000
2014-08-01,41.849998474121094,42.08000183105469,41.290000915527344,41.33000183105469,8252000
2014-08-04,41.47999954223633,41.66999816894531,41.2400016784668,41.63999938964844,5052700
2014-08-05,41.41999816894531,41.63999938964844,41.02000045776367,41.16999816894531,5240800
2014-08-06,41.02000045776367,41.36000061035156,40.9900016784668,41.08000183105469,6443100
2014-08-07,41.15999984741211,41.25,40.58000183105469,40.68000030517578,5578600
2014-08-08,40.779998779296875,41.20000076293945,40.68000030517578,41.18000030517578,6066900
2014-08-11,41.209999084472656,41.279998779296875,40.88999938964844,40.959999084472656,3805500
2014-08-12,40.900001525878906,41.29999923706055,40.849998474121094,41.15999984741211,6327300
2014-08-13,41.34000015258789,41.459999084472656,41.15999984741211,41.36000061035156,4577100
2014-08-14,41.349998474121094,41.61000061035156,41.34000015258789,41.599998474121094,3528600
2014-08-15,41.70000076293945,41.779998779296875,41.060001373291016,41.27000045776367,5761100
2014-08-18,41.5099983215332,41.81999969482422,41.43000030517578,41.720001220703125,3552300
2014-08-19,41.65999984741211,41.869998931884766,41.529998779296875,41.84000015258789,4194100
2014-08-20,41.66999816894531,41.779998779296875,41.459999084472656,41.709999084472656,5102000
2014-08-21,41.779998779296875,42.2400016784668,41.72999954223633,42.189998626708984,4371600
2014-08-22,42.04999923706055,42.470001220703125,41.97999954223633,42.029998779296875,3946600
2014-08-25,42.189998626708984,42.41999816894531,42.189998626708984,42.25,4583800
2014-08-26,42.29999923706055,42.61000061035156,42.27000045776367,42.40999984741211,3945700
2014-08-27,42.400001525878906,42.4900016784668,42.099998474121094,42.20000076293945,2748000
2014-08-28,41.970001220703125,42.189998626708984,41.93000030517578,42.060001373291016,2407000
2014-08-29,42.22999954223633,42.29999923706055,41.9900016784668,42.279998779296875,3381700
2014-09-02,42.34000015258789,42.400001525878906,42.06999969482422,42.27000045776367,3600600
2014-09-03,42.47999954223633,42.5099983215332,42.0099983215332,42.119998931884766,4391400
2014-09-04,42.08000183105469,42.560001373291016,42.04999923706055,42.2400016784668,4609900
2014-09-05,42.119998931884766,42.220001220703125,41.88999938964844,42.130001068115234,7807500
2014-09-08,42.189998626708984,42.20000076293945,41.869998931884766,42.029998779296875,5979700
2014-09-09,41.880001068115234,41.90999984741211,41.47999954223633,41.599998474121094,6252500
2014-09-10,41.630001068115234,41.90999984741211,41.619998931884766,41.84000015258789,5184800
2014-09-11,41.75,42.130001068115234,41.720001220703125,42.099998474121094,4235600
2014-09-12,42.02000045776367,42.40999984741211,41.970001220703125,42.20000076293945,7803200
2014-09-15,42.150001525878906,42.52000045776367,42.13999938964844,42.369998931884766,5015100
2014-09-16,42.310001373291016,42.59000015258789,42.279998779296875,42.369998931884766,5886100
2014-09-17,42.47999954223633,42.88999938964844,42.40999984741211,42.689998626708984,7441300
2014-09-18,42.83000183105469,43.20000076293945,42.83000183105469,43.029998779296875,7379100
2014-09-19,43.279998779296875,43.58000183105469,43.13999938964844,43.22999954223633,9339000
2014-09-22,43.22999954223633,43.33000183105469,42.95000076293945,43.02000045776367,4858300
2014-09-23,42.95000076293945,43.119998931884766,42.58000183105469,42.59000015258789,5413300
2014-09-24,42.66999816894531,42.75,42.33000183105469,42.56999969482422,7416900
2014-09-25,42.5,42.5099983215332,41.83000183105469,41.869998931884766,8740500
2014-09-26,41.83000183105469,41.970001220703125,41.5,41.869998931884766,5953100
2014-09-29,41.470001220703125,41.93000030517578,41.439998626708984,41.72999954223633,4125600
2014-09-30,41.70000076293945,42.060001373291016,41.619998931884766,41.83000183105469,7723600
2014-10-01,41.86000061035156,41.880001068115234,41.209999084472656,41.2599983215332,6422200
2014-10-02,41.20000076293945,41.47999954223633,40.970001220703125,41.290000915527344,6186000
2014-10-03,41.619998931884766,41.7599983215332,41.5,41.66999816894531,5117400
2014-10-06,41.90999984741211,41.91999816894531,41.4900016784668,41.540000915527344,3948900
2014-10-07,41.060001373291016,41.27000045776367,40.599998474121094,40.599998474121094,7288400
2014-10-08,40.59000015258789,41.29999923706055,40.47999954223633,41.29999923706055,7598800
2014-10-09,41.38999938964844,41.38999938964844,40.54999923706055,40.58000183105469,7952600
2014-10-10,40.630001068115234,41.02000045776367,40.060001373291016,40.06999969482422,9338800
2014-10-13,40.11000061035156,40.54999923706055,39.83000183105469,39.86000061035156,7607100
2014-10-14,40.0,40.47999954223633,39.83000183105469,39.970001220703125,13103400
2014-10-15,39.58000183105469,39.72999954223633,38.290000915527344,38.939998626708984,13295100
2014-10-16,38.150001525878906,39.400001525878906,38.099998474121094,39.099998474121094,10721200
2014-10-17,39.63999938964844,39.66999816894531,39.18000030517578,39.400001525878906,9192800
2014-10-20,39.20000076293945,39.59000015258789,39.18000030517578,39.380001068115234,6280600
2014-10-21,39.709999084472656,40.31999969482422,39.63999938964844,40.27000045776367,8903400
2014-10-22,40.220001220703125,40.68000030517578,39.869998931884766,39.88999938964844,10190200
2014-10-23,40.40999984741211,40.66999816894531,40.220001220703125,40.40999984741211,7881200
2014-10-24,40.33000183105469,40.9900016784668,40.29999923706055,40.90999984741211,6660500
2014-10-27,40.779998779296875,41.029998779296875,40.779998779296875,40.959999084472656,4214200
2014-10-28,41.08000183105469,41.540000915527344,41.040000915527344,41.540000915527344,5468000
2014-10-29,41.45000076293945,41.95000076293945,41.400001525878906,41.84000015258789,7085200
2014-10-30,41.66999816894531,42.34000015258789,41.58000183105469,42.13999938964844,7541300
2014-10-31,42.540000915527344,42.599998474121094,42.36000061035156,42.599998474121094,8840700
2014-11-03,42.38999938964844,43.0,42.38999938964844,42.91999816894531,7517200
2014-11-04,42.7400016784668,43.18000030517578,42.7400016784668,43.15999984741211,6993600
2014-11-05,43.400001525878906,43.54999923706055,43.13999938964844,43.52000045776367,8095600
2014-11-06,43.459999084472656,43.93000030517578,43.310001373291016,43.91999816894531,6344700
2014-11-07,43.849998474121094,43.95000076293945,43.599998474121094,43.810001373291016,6859500
2014-11-10,43.77000045776367,43.93000030517578,43.58000183105469,43.93000030517578,5390600
2014-11-11,43.95000076293945,44.16999816894531,43.90999984741211,44.029998779296875,4850400
2014-11-12,43.86000061035156,44.0,43.689998626708984,43.939998626708984,4970600
2014-11-13,43.90999984741211,44.0,43.810001373291016,43.93000030517578,6771300
2014-11-14,43.790000915527344,43.939998626708984,43.650001525878906,43.72999954223633,5051300
2014-11-17,43.70000076293945,43.81999969482422,43.599998474121094,43.79999923706055,5571600
2014-11-18,43.72999954223633,44.099998474121094,43.709999084472656,43.97999954223633,4526400
2014-11-19,43.900001525878906,43.959999084472656,43.59000015258789,43.88999938964844,4983300
2014-11-20,43.61000061035156,44.0099983215332,43.560001373291016,43.90999984741211,4778200
2014-11-21,44.189998626708984,44.349998474121094,43.869998931884766,43.970001220703125,5065100
2014-11-24,44.130001068115234,44.4900016784668,43.97999954223633,44.369998931884766,4844200
2014-11-25,44.43000030517578,44.43000030517578,43.939998626708984,44.0099983215332,5397000
2014-11-26,44.11000061035156,44.400001525878906,43.959999084472656,44.380001068115234,4897400
2014-11-28,44.5,44.68000030517578,44.13999938964844,44.20000076293945,4515100
2014-12-01,44.150001525878906,44.18000030517578,43.529998779296875,43.619998931884766,7241500
2014-12-02,43.630001068115234,44.06999969482422,43.630001068115234,44.06999969482422,5431600
2014-12-03,44.0099983215332,44.439998626708984,43.95000076293945,44.31999969482422,4387300
2014-12-04,44.15999984741211,44.540000915527344,44.15999984741211,44.529998779296875,5529700
2014-12-05,44.72999954223633,45.209999084472656,44.72999954223633,45.130001068115234,7348300
2014-12-08,44.790000915527344,45.52000045776367,44.70000076293945,45.369998931884766,10611500
2014-12-09,44.93000030517578,45.2599983215332,44.58000183105469,45.209999084472656,7098200
2014-12-10,45.189998626708984,45.38999938964844,44.619998931884766,44.63999938964844,8960000
2014-12-11,44.880001068115234,45.2400016784668,44.58000183105469,44.70000076293945,6414800
2014-12-12,44.290000915527344,44.630001068115234,43.849998474121094,43.88999938964844,8406300
2014-12-15,44.09000015258789,44.290000915527344,43.349998474121094,43.45000076293945,7610900
2014-12-16,43.25,43.97999954223633,43.02000045776367,43.099998474121094,9104900
2014-12-17,43.439998626708984,44.0,43.2599983215332,43.91999816894531,7204300
2014-12-18,44.45000076293945,45.349998474121094,44.38999938964844,45.34000015258789,8588900
2014-12-19,45.279998779296875,45.540000915527344,44.869998931884766,45.20000076293945,11712800
2014-12-22,45.2599983215332,45.63999938964844,45.119998931884766,45.63999938964844,6295900
2014-12-23,45.86000061035156,46.099998474121094,45.7599983215332,45.90999984741211,4941600
2014-12-24,46.060001373291016,46.09000015258789,45.619998931884766,45.75,1905500
2014-12-26,45.95000076293945,45.95000076293945,45.72999954223633,45.7400016784668,3123800
2014-12-29,45.41999816894531,45.95000076293945,45.349998474121094,45.65999984741211,4026500
2014-12-30,45.560001373291016,45.70000076293945,45.459999084472656,45.560001373291016,4342000
2014-12-31,45.70000076293945,45.790000915527344,44.939998626708984,44.95000076293945,5691600
2015-01-02,45.43000030517578,45.4900016784668,44.400001525878906,44.83000183105469,5010500
2015-01-05,44.54999923706055,44.77000045776367,43.689998626708984,43.75,6568700
2015-01-06,43.900001525878906,44.0,42.880001068115234,43.16999816894531,8523700
2015-01-07,43.599998474121094,43.689998626708984,43.13999938964844,43.54999923706055,5073700
2015-01-08,43.970001220703125,44.15999984741211,43.779998779296875,43.869998931884766,10417600
2015-01-09,43.880001068115234,44.029998779296875,42.81999969482422,42.959999084472656,8095700
2015-01-12,42.97999954223633,43.130001068115234,42.439998626708984,42.560001373291016,4857700
2015-01-13,42.79999923706055,43.02000045776367,41.77000045776367,42.099998474121094,7298100
2015-01-14,41.5099983215332,41.70000076293945,40.77000045776367,41.34000015258789,12845300
2015-01-15,41.22999954223633,41.349998474121094,40.70000076293945,40.939998626708984,10875800
2015-01-16,40.75,41.56999969482422,40.75,41.52000045776367,9896400
2015-01-20,41.65999984741211,41.68000030517578,40.7400016784668,41.209999084472656,12682100
2015-01-21,41.59000015258789,42.849998474121094,41.349998474121094,42.20000076293945,11209400
2015-01-22,42.54999923706055,43.540000915527344,42.40999984741211,43.43000030517578,9471900
2015-01-23,43.40999984741211,43.790000915527344,43.310001373291016,43.31999969482422,8159000
2015-01-26,43.150001525878906,43.560001373291016,42.939998626708984,43.529998779296875,4607600
2015-01-27,42.939998626708984,43.34000015258789,42.810001373291016,42.97999954223633,5395500
2015-01-28,43.15999984741211,43.290000915527344,42.09000015258789,42.099998474121094,7580400
2015-01-29,42.119998931884766,42.689998626708984,42.0,42.56999969482422,6882900
2015-01-30,41.970001220703125,42.47999954223633,41.83000183105469,41.90999984741211,10416500
2015-02-02,42.20000076293945,42.779998779296875,41.68000030517578,42.72999954223633,6199500
2015-02-03,42.470001220703125,43.54999923706055,42.470001220703125,43.279998779296875,8767500
2015-02-04,43.13999938964844,43.95000076293945,43.13999938964844,43.58000183105469,9661800
2015-02-05,43.75,44.13999938964844,43.619998931884766,44.0,6625400
2015-02-06,44.310001373291016,44.900001525878906,44.2400016784668,44.40999984741211,7490900
2015-02-09,44.09000015258789,44.43000030517578,44.0099983215332,44.16999816894531,4569200
2015-02-10,44.56999969482422,44.650001525878906,44.25,44.52000045776367,5983500
2015-02-11,44.33000183105469,44.41999816894531,44.02000045776367,44.27000045776367,4017400
2015-02-12,44.63999938964844,45.150001525878906,44.31999969482422,45.119998931884766,7120300
2015-02-13,45.119998931884766,45.2599983215332,44.869998931884766,45.06999969482422,8634500
2015-02-17,44.88999938964844,45.16999816894531,44.66999816894531,45.06999969482422,4980200
2015-02-18,44.93000030517578,45.099998474121094,44.459999084472656,44.529998779296875,5182800
2015-02-19,44.470001220703125,44.56999969482422,44.119998931884766,44.31999969482422,5012900
2015-02-20,44.08000183105469,44.650001525878906,43.83000183105469,44.619998931884766,7120800
2015-02-23,44.439998626708984,44.5,44.209999084472656,44.47999954223633,3994500
2015-02-24,44.540000915527344,44.86000061035156,44.5,44.720001220703125,5083600
2015-02-25,44.779998779296875,44.939998626708984,44.61000061035156,44.84000015258789,3773000
2015-02-26,44.79999923706055,44.9900016784668,44.630001068115234,44.93000030517578,4133900
2015-02-27,44.86000061035156,44.9900016784668,44.599998474121094,44.61000061035156,4626000
2015-03-02,44.61000061035156,44.880001068115234,44.45000076293945,44.880001068115234,4716900
2015-03-03,44.630001068115234,44.84000015258789,44.47999954223633,44.75,4142800
2015-03-04,44.5099983215332,44.56999969482422,44.2599983215332,44.40999984741211,5553200
2015-03-05,44.439998626708984,44.619998931884766,44.20000076293945,44.58000183105469,4148900
2015-03-06,44.63999938964844,45.459999084472656,44.540000915527344,44.66999816894531,7189100
2015-03-09,44.68000030517578,45.0099983215332,44.650001525878906,44.88999938964844,5090500
2015-03-10,44.47999954223633,44.4900016784668,43.709999084472656,43.709999084472656,5399300
2015-03-11,43.849998474121094,44.040000915527344,43.56999969482422,43.75,6232400
2015-03-12,44.130001068115234,44.5,43.880001068115234,44.470001220703125,9056800
2015-03-13,44.459999084472656,44.540000915527344,43.95000076293945,44.290000915527344,5593800
2015-03-16,44.5099983215332,45.06999969482422,44.369998931884766,44.970001220703125,6022300
2015-03-17,44.689998626708984,45.0,44.459999084472656,44.95000076293945,4972800
2015-03-18,44.689998626708984,45.15999984741211,44.5,44.849998474121094,8831300
2015-03-19,44.810001373291016,44.810001373291016,44.220001220703125,44.439998626708984,7568500
2015-03-20,44.61000061035156,45.060001373291016,44.43000030517578,44.86000061035156,10343100
2015-03-23,44.90999984741211,45.08000183105469,44.70000076293945,44.709999084472656,6753900
2015-03-24,44.58000183105469,44.68000030517578,44.20000076293945,44.20000076293945,4844500
2015-03-25,44.130001068115234,44.209999084472656,43.40999984741211,43.41999816894531,6434700
2015-03-26,43.2400016784668,43.470001220703125,42.72999954223633,43.25,6705900
2015-03-27,43.060001373291016,43.08000183105469,42.709999084472656,42.86000061035156,4816300
2015-03-30,43.08000183105469,44.029998779296875,43.06999969482422,43.790000915527344,6236700
2015-03-31,43.470001220703125,43.84000015258789,43.34000015258789,43.66999816894531,5714100
2015-04-01,43.540000915527344,43.61000061035156,43.119998931884766,43.4900016784668,6130100
2015-04-02,43.470001220703125,43.86000061035156,43.380001068115234,43.709999084472656,4470700
2015-04-06,43.0099983215332,43.540000915527344,42.86000061035156,43.31999969482422,5942800
2015-04-07,43.369998931884766,43.540000915527344,43.189998626708984,43.349998474121094,4355400
2015-04-08,43.369998931884766,43.619998931884766,43.310001373291016,43.43000030517578,3820400
2015-04-09,43.279998779296875,43.59000015258789,43.119998931884766,43.56999969482422,3702700
2015-04-10,43.5,43.7599983215332,43.310001373291016,43.75,4030200
2015-04-13,43.810001373291016,44.18000030517578,43.65999984741211,44.09000015258789,6135300
2015-04-14,43.79999923706055,44.040000915527344,43.31999969482422,43.529998779296875,7541800
2015-04-15,43.11000061035156,43.880001068115234,43.040000915527344,43.43000030517578,10906400
2015-04-16,43.380001068115234,43.380001068115234,42.52000045776367,42.939998626708984,10147100
2015-04-17,42.650001525878906,42.75,42.119998931884766,42.439998626708984,9390500
2015-04-20,42.720001220703125,42.93000030517578,42.599998474121094,42.7599983215332,5703100
2015-04-21,42.900001525878906,42.9900016784668,42.459999084472656,42.5,6165600
2015-04-22,42.68000030517578,42.95000076293945,42.2599983215332,42.83000183105469,5518100
2015-04-23,42.66999816894531,43.0,42.52000045776367,42.81999969482422,6878300
2015-04-24,42.66999816894531,42.86000061035156,42.4900016784668,42.7400016784668,6454900
2015-04-27,42.84000015258789,43.040000915527344,42.540000915527344,42.560001373291016,5703900
2015-04-28,42.560001373291016,42.959999084472656,42.400001525878906,42.869998931884766,5804400
2015-04-29,42.70000076293945,43.220001220703125,42.689998626708984,42.97999954223633,5639500
2015-04-30,42.939998626708984,43.18000030517578,42.59000015258789,42.869998931884766,6455300
2015-05-01,43.0,43.189998626708984,42.7599983215332,42.90999984741211,3736600
2015-05-04,43.06999969482422,43.59000015258789,42.970001220703125,43.540000915527344,5120000
2015-05-05,43.349998474121094,43.790000915527344,43.2400016784668,43.25,5444900
2015-05-06,43.650001525878906,43.650001525878906,42.83000183105469,43.099998474121094,4800200
2015-05-07,43.09000015258789,43.22999954223633,42.810001373291016,43.099998474121094,4677400
2015-05-08,43.349998474121094,43.880001068115234,43.18000030517578,43.86000061035156,5162100
2015-05-11,43.77000045776367,43.97999954223633,43.709999084472656,43.75,3953800
2015-05-12,43.5,43.95000076293945,43.22999954223633,43.900001525878906,6714700
2015-05-13,43.849998474121094,44.2400016784668,43.720001220703125,44.13999938964844,5966400
2015-05-14,44.36000061035156,44.45000076293945,44.06999969482422,44.380001068115234,4147400
2015-05-15,44.400001525878906,44.470001220703125,43.72999954223633,43.93000030517578,4966300
2015-05-18,43.970001220703125,44.279998779296875,43.91999816894531,44.20000076293945,5101200
2015-05-19,44.40999984741211,44.72999954223633,44.279998779296875,44.689998626708984,4555700
2015-05-20,44.599998474121094,44.650001525878906,44.0,44.09000015258789,8055700
2015-05-21,44.0099983215332,44.11000061035156,43.83000183105469,43.86000061035156,5960000
2015-05-22,43.86000061035156,43.959999084472656,43.540000915527344,43.56999969482422,6133800
2015-05-26,43.540000915527344,43.599998474121094,43.22999954223633,43.369998931884766,7536400
2015-05-27,43.58000183105469,44.060001373291016,43.459999084472656,43.86000061035156,5808500
2015-05-28,43.75,43.81999969482422,43.459999084472656,43.70000076293945,4846200
2015-05-29,43.7599983215332,43.779998779296875,43.060001373291016,43.11000061035156,7785600
2015-06-01,43.25,43.38999938964844,42.77000045776367,42.970001220703125,5242000
2015-06-02,42.869998931884766,43.290000915527344,42.70000076293945,43.130001068115234,4290600
2015-06-03,43.31999969482422,44.040000915527344,43.20000076293945,43.970001220703125,8312800
2015-06-04,43.790000915527344,43.93000030517578,43.40999984741211,43.4900016784668,6980900
2015-06-05,43.869998931884766,44.4900016784668,43.83000183105469,43.9900016784668,7470100
2015-06-08,43.880001068115234,44.15999984741211,43.63999938964844,43.65999984741211,5831400
2015-06-09,43.77000045776367,44.369998931884766,43.59000015258789,44.06999969482422,6495900
2015-06-10,44.279998779296875,45.040000915527344,44.27000045776367,44.810001373291016,7944500
2015-06-11,44.849998474121094,45.11000061035156,44.68000030517578,44.849998474121094,7059500
2015-06-12,44.75,44.880001068115234,44.5,44.779998779296875,4763500
2015-06-15,44.31999969482422,44.599998474121094,44.130001068115234,44.400001525878906,6290000
2015-06-16,44.279998779296875,44.63999938964844,44.27000045776367,44.59000015258789,5831700
2015-06-17,44.7599983215332,45.06999969482422,44.560001373291016,44.63999938964844,8008000
2015-06-18,44.709999084472656,45.060001373291016,44.40999984741211,44.779998779296875,8892500
2015-06-19,44.59000015258789,44.81999969482422,44.33000183105469,44.63999938964844,14699700
2015-06-22,44.959999084472656,45.20000076293945,44.83000183105469,44.97999954223633,5213600
2015-06-23,45.18000030517578,45.290000915527344,44.959999084472656,45.099998474121094,4544600
2015-06-24,44.84000015258789,45.09000015258789,44.70000076293945,44.7400016784668,5960700
2015-06-25,44.79999923706055,45.040000915527344,44.54999923706055,44.560001373291016,5714100
2015-06-26,44.529998779296875,44.790000915527344,44.45000076293945,44.5099983215332,6822400
2015-06-29,43.90999984741211,44.20000076293945,43.38999938964844,43.40999984741211,7302000
2015-06-30,43.84000015258789,44.189998626708984,43.310001373291016,43.400001525878906,7549700
2015-07-01,43.91999816894531,44.18000030517578,43.7400016784668,44.150001525878906,6025200
2015-07-02,44.09000015258789,44.13999938964844,43.470001220703125,43.619998931884766,4843000
2015-07-06,43.150001525878906,43.650001525878906,43.04999923706055,43.599998474121094,6146600
2015-07-07,43.47999954223633,43.54999923706055,42.91999816894531,43.470001220703125,8586900
2015-07-08,43.2400016784668,43.2400016784668,42.650001525878906,42.66999816894531,6207200
2015-07-09,43.290000915527344,43.439998626708984,42.939998626708984,42.959999084472656,6403200
2015-07-10,43.7599983215332,43.810001373291016,43.2599983215332,43.439998626708984,5414600
2015-07-13,43.7400016784668,43.900001525878906,43.56999969482422,43.83000183105469,6065500
2015-07-14,43.709999084472656,43.95000076293945,43.529998779296875,43.880001068115234,8762300
2015-07-15,43.959999084472656,45.810001373291016,43.900001525878906,45.529998779296875,16088700
2015-07-16,45.880001068115234,46.2599983215332,45.77000045776367,45.86000061035156,10761600
2015-07-17,45.619998931884766,46.0099983215332,45.529998779296875,45.849998474121094,7157000
2015-07-20,45.959999084472656,46.13999938964844,45.779998779296875,45.84000015258789,5571000
2015-07-21,45.880001068115234,46.029998779296875,45.61000061035156,45.7400016784668,5547800
2015-07-22,45.68000030517578,46.11000061035156,45.630001068115234,45.95000076293945,7022300
2015-07-23,45.90999984741211,46.20000076293945,45.58000183105469,45.65999984741211,7656400
2015-07-24,45.560001373291016,45.709999084472656,45.25,45.279998779296875,6900900
2015-07-27,44.97999954223633,45.029998779296875,44.70000076293945,44.79999923706055,5963500
2015-07-28,45.029998779296875,45.06999969482422,44.560001373291016,44.72999954223633,7497300
2015-07-29,44.72999954223633,45.11000061035156,44.68000030517578,45.0099983215332,7108900
2015-07-30,44.79999923706055,45.13999938964844,44.79999923706055,45.060001373291016,6096800
2015-07-31,45.119998931884766,45.279998779296875,44.91999816894531,45.209999084472656,6633800
2015-08-03,45.130001068115234,45.2400016784668,44.790000915527344,45.08000183105469,5964000
2015-08-04,45.04999923706055,45.47999954223633,44.970001220703125,45.220001220703125,4705900
2015-08-05,45.529998779296875,45.72999954223633,45.2599983215332,45.43000030517578,3765000
2015-08-06,45.540000915527344,45.709999084472656,45.119998931884766,45.209999084472656,3566700
2015-08-07,45.220001220703125,45.4900016784668,44.84000015258789,45.11000061035156,4616600
2015-08-10,45.459999084472656,46.02000045776367,45.439998626708984,46.02000045776367,5260300
2015-08-11,45.5,45.720001220703125,45.25,45.400001525878906,5351800
2015-08-12,45.119998931884766,45.119998931884766,44.2599983215332,44.88999938964844,5657200
2015-08-13,44.970001220703125,45.18000030517578,44.790000915527344,45.06999969482422,3450700
2015-08-14,45.06999969482422,45.63999938964844,45.0,45.599998474121094,4583500
2015-08-17,45.29999923706055,45.86000061035156,45.209999084472656,45.650001525878906,4527200
2015-08-18,45.66999816894531,45.84000015258789,45.54999923706055,45.75,3762100
2015-08-19,45.540000915527344,45.810001373291016,45.2599983215332,45.36000061035156,6057400
2015-08-20,44.880001068115234,44.900001525878906,44.099998474121094,44.099998474121094,7724500
2015-08-21,43.63999938964844,43.810001373291016,42.7599983215332,42.779998779296875,10079800
2015-08-24,40.31999969482422,41.970001220703125,38.810001373291016,40.75,19382200
2015-08-25,42.040000915527344,42.13999938964844,39.720001220703125,39.7599983215332,16313700
2015-08-26,40.65999984741211,41.47999954223633,40.13999938964844,41.40999984741211,12679500
2015-08-27,41.88999938964844,42.630001068115234,41.720001220703125,42.58000183105469,9832900
2015-08-28,42.43000030517578,42.7400016784668,42.2599983215332,42.59000015258789,6053700
2015-08-31,42.29999923706055,42.56999969482422,42.20000076293945,42.349998474121094,6342200
2015-09-01,41.34000015258789,41.41999816894531,40.0,40.27000045776367,12097800
2015-09-02,40.959999084472656,41.099998474121094,40.43000030517578,41.02000045776367,6052700
2015-09-03,41.16999816894531,41.93000030517578,41.099998474121094,41.439998626708984,6721200
2015-09-04,40.86000061035156,41.0,40.209999084472656,40.54999923706055,8078400
2015-09-08,41.400001525878906,41.459999084472656,40.79999923706055,41.43000030517578,11072300
2015-09-09,41.90999984741211,42.02000045776367,40.790000915527344,40.880001068115234,7780300
2015-09-10,40.689998626708984,41.43000030517578,40.650001525878906,41.099998474121094,9575000
2015-09-11,40.939998626708984,41.09000015258789,40.540000915527344,41.060001373291016,8327100
2015-09-14,40.90999984741211,41.15999984741211,40.7400016784668,40.91999816894531,8854000
2015-09-15,41.13999938964844,42.189998626708984,41.099998474121094,42.0,11631300
2015-09-16,41.959999084472656,42.40999984741211,41.75,42.36000061035156,7683400
2015-09-17,42.40999984741211,42.689998626708984,41.459999084472656,41.65999984741211,15542700
2015-09-18,41.099998474121094,41.279998779296875,40.7400016784668,41.16999816894531,33377500
2015-09-21,41.470001220703125,41.66999816894531,41.11000061035156,41.52000045776367,8472100
2015-09-22,40.779998779296875,41.209999084472656,40.70000076293945,41.099998474121094,8851600
2015-09-23,41.060001373291016,41.2400016784668,40.84000015258789,41.060001373291016,3917700
2015-09-24,40.59000015258789,40.849998474121094,40.20000076293945,40.7599983215332,8418500
2015-09-25,41.470001220703125,42.0099983215332,41.29999923706055,41.66999816894531,8788400
2015-09-28,41.150001525878906,41.34000015258789,40.29999923706055,40.41999816894531,9427500
2015-09-29,40.52000045776367,40.720001220703125,40.18000030517578,40.650001525878906,6411300
2015-09-30,41.13999938964844,41.2599983215332,40.7599983215332,41.0099983215332,8825200
2015-10-01,41.02000045776367,41.310001373291016,40.529998779296875,41.130001068115234,6274100
2015-10-02,39.97999954223633,40.75,39.279998779296875,40.75,15273500
2015-10-05,41.13999938964844,41.63999938964844,41.06999969482422,41.560001373291016,6488900
2015-10-06,41.45000076293945,41.70000076293945,41.31999969482422,41.4900016784668,5352300
2015-10-07,41.790000915527344,42.08000183105469,41.54999923706055,41.790000915527344,4870400
2015-10-08,41.560001373291016,41.959999084472656,41.38999938964844,41.900001525878906,5017900
2015-10-09,42.029998779296875,42.099998474121094,41.349998474121094,41.58000183105469,4307300
2015-10-12,41.66999816894531,41.810001373291016,41.41999816894531,41.630001068115234,3788000
2015-10-13,41.47999954223633,41.61000061035156,41.33000183105469,41.43000030517578,4328700
2015-10-14,41.33000183105469,41.369998931884766,40.380001068115234,40.5,10003800
2015-10-15,41.220001220703125,41.63999938964844,40.68000030517578,41.0099983215332,12242600
2015-10-16,41.189998626708984,41.540000915527344,40.68000030517578,40.77000045776367,12933500
2015-10-19,40.63999938964844,41.11000061035156,40.630001068115234,40.72999954223633,7749200
2015-10-20,40.84000015258789,41.5099983215332,40.75,41.25,6848700
2015-10-21,41.4900016784668,41.7400016784668,41.06999969482422,41.099998474121094,8864500
2015-10-22,41.36000061035156,42.279998779296875,41.36000061035156,41.84000015258789,7961800
2015-10-23,42.150001525878906,42.68000030517578,41.84000015258789,42.619998931884766,9879400
2015-10-26,42.540000915527344,42.779998779296875,42.22999954223633,42.52000045776367,5262000
2015-10-27,42.2599983215332,42.459999084472656,41.900001525878906,42.099998474121094,5796000
2015-10-28,42.20000076293945,43.22999954223633,42.09000015258789,43.060001373291016,9443400
2015-10-29,42.97999954223633,43.220001220703125,42.810001373291016,43.0,5574500
2015-10-30,42.97999954223633,42.9900016784668,42.06999969482422,42.18000030517578,9148400
2015-11-02,42.2400016784668,42.84000015258789,42.2400016784668,42.59000015258789,5523800
2015-11-03,42.599998474121094,42.869998931884766,42.22999954223633,42.70000076293945,3559200
2015-11-04,42.72999954223633,42.91999816894531,42.4900016784668,42.619998931884766,4060800
2015-11-05,42.619998931884766,42.81999969482422,42.36000061035156,42.630001068115234,6377500
2015-11-06,43.720001220703125,44.2400016784668,43.5,43.720001220703125,12058000
2015-11-09,43.7400016784668,43.86000061035156,43.029998779296875,43.34000015258789,6781300
2015-11-10,43.189998626708984,43.529998779296875,43.08000183105469,43.36000061035156,6170200
2015-11-11,43.619998931884766,43.7400016784668,43.20000076293945,43.33000183105469,4852700
2015-11-12,43.040000915527344,43.06999969482422,42.68000030517578,42.720001220703125,6991800
2015-11-13,42.4900016784668,42.810001373291016,42.2400016784668,42.380001068115234,6646000
2015-11-16,42.369998931884766,43.130001068115234,42.2599983215332,43.11000061035156,6042600
2015-11-17,43.18000030517578,43.4900016784668,42.83000183105469,43.02000045776367,6457700
2015-11-18,43.11000061035156,43.97999954223633,42.939998626708984,43.88999938964844,8560200
2015-11-19,43.90999984741211,44.27000045776367,43.7400016784668,44.150001525878906,6414200
2015-11-20,44.38999938964844,44.40999984741211,43.939998626708984,44.040000915527344,6977400
2015-11-23,44.060001373291016,44.18000030517578,43.689998626708984,43.779998779296875,6032900
2015-11-24,43.56999969482422,43.9900016784668,43.38999938964844,43.86000061035156,5955300
2015-11-25,43.900001525878906,43.939998626708984,43.63999938964844,43.77000045776367,4284600
2015-11-27,43.869998931884766,43.9900016784668,43.56999969482422,43.900001525878906,2093500
2015-11-30,43.93000030517578,44.119998931884766,43.7400016784668,43.88999938964844,7461700
2015-12-01,44.13999938964844,44.43000030517578,43.88999938964844,44.310001373291016,4913800
2015-12-02,44.36000061035156,44.45000076293945,43.689998626708984,43.77000045776367,6301200
2015-12-03,43.970001220703125,43.970001220703125,43.04999923706055,43.20000076293945,5560600
2015-12-04,43.459999084472656,44.41999816894531,43.369998931884766,44.34000015258789,8421400
2015-12-07,44.13999938964844,44.369998931884766,43.77000045776367,44.11000061035156,5728900
2015-12-08,43.83000183105469,44.02000045776367,43.36000061035156,43.54999923706055,6751100
2015-12-09,43.2400016784668,43.810001373291016,42.720001220703125,43.0099983215332,6713400
2015-12-10,43.060001373291016,43.59000015258789,42.790000915527344,43.18000030517578,6256600
2015-12-11,42.5099983215332,42.77000045776367,41.939998626708984,42.220001220703125,6531700
2015-12-14,42.29999923706055,42.560001373291016,41.84000015258789,42.43000030517578,7422800
2015-12-15,42.9900016784668,43.84000015258789,42.91999816894531,43.66999816894531,6971200
2015-12-16,43.93000030517578,44.4900016784668,43.40999984741211,44.36000061035156,10016800
2015-12-17,44.52000045776367,44.58000183105469,43.83000183105469,43.83000183105469,6896700
2015-12-18,43.540000915527344,43.58000183105469,42.349998474121094,42.36000061035156,14632800
2015-12-21,42.65999984741211,42.97999954223633,42.15999984741211,42.59000015258789,5610500
2015-12-22,42.90999984741211,42.91999816894531,42.16999816894531,42.70000076293945,5041000
2015-12-23,43.09000015258789,43.4900016784668,42.869998931884766,43.47999954223633,4846400
2015-12-24,43.380001068115234,43.59000015258789,43.349998474121094,43.41999816894531,2170100
2015-12-28,43.2400016784668,43.349998474121094,42.7400016784668,43.04999923706055,5828500
2015-12-29,43.150001525878906,43.61000061035156,43.13999938964844,43.52000045776367,4912000
2015-12-30,43.369998931884766,43.5099983215332,42.970001220703125,43.0099983215332,4750500
2015-12-31,42.790000915527344,43.13999938964844,42.650001525878906,42.66999816894531,4483800
2016-01-04,41.75,41.81999969482422,41.11000061035156,41.47999954223633,9258100
2016-01-05,41.470001220703125,41.720001220703125,41.189998626708984,41.68000030517578,7654400
2016-01-06,41.040000915527344,41.56999969482422,40.810001373291016,41.04999923706055,6779600
2016-01-07,40.310001373291016,40.66999816894531,39.88999938964844,40.27000045776367,9959800
2016-01-08,40.63999938964844,40.709999084472656,39.619998931884766,39.70000076293945,8475200
2016-01-11,40.0099983215332,40.11000061035156,39.47999954223633,39.86000061035156,6668800
2016-01-12,40.400001525878906,40.65999984741211,39.689998626708984,40.619998931884766,9915500
2016-01-13,40.91999816894531,41.040000915527344,38.95000076293945,39.0099983215332,11910700
2016-01-14,39.599998474121094,40.209999084472656,39.11000061035156,39.93000030517578,13490300
2016-01-15,38.0099983215332,39.439998626708984,37.970001220703125,39.04999923706055,14534000
2016-01-19,39.470001220703125,39.869998931884766,38.75,39.130001068115234,11311300
2016-01-20,38.29999923706055,39.33000183105469,38.2599983215332,38.869998931884766,13476300
2016-01-21,38.939998626708984,39.45000076293945,38.4900016784668,38.52000045776367,12508900
2016-01-22,39.29999923706055,39.630001068115234,39.029998779296875,39.369998931884766,8942900
2016-01-25,39.290000915527344,39.349998474121094,38.22999954223633,38.290000915527344,10258700
2016-01-26,38.439998626708984,39.27000045776367,38.290000915527344,39.02000045776367,7659000
2016-01-27,39.119998931884766,39.9900016784668,38.83000183105469,39.18000030517578,7619400
2016-01-28,39.5099983215332,39.79999923706055,39.0,39.220001220703125,8983600
2016-01-29,39.310001373291016,40.08000183105469,39.20000076293945,40.060001373291016,11718800
2016-02-01,39.88999938964844,40.02000045776367,39.54999923706055,39.79999923706055,6241800
2016-02-02,39.27000045776367,39.27000045776367,38.59000015258789,38.75,6987700
2016-02-03,38.93000030517578,39.34000015258789,37.97999954223633,39.279998779296875,10534100
2016-02-04,39.279998779296875,40.20000076293945,39.16999816894531,40.11000061035156,9291000
2016-02-05,40.20000076293945,40.54999923706055,39.939998626708984,40.09000015258789,10218300
2016-02-08,39.66999816894531,40.040000915527344,38.970001220703125,39.529998779296875,13886300
2016-02-09,38.84000015258789,39.709999084472656,38.52000045776367,39.400001525878906,12758700
2016-02-10,39.939998626708984,40.290000915527344,39.02000045776367,39.040000915527344,9332000
2016-02-11,38.0,38.08000183105469,37.06999969482422,37.45000076293945,12474900
2016-02-12,38.2400016784668,39.150001525878906,38.0,39.099998474121094,12455600
2016-02-16,39.650001525878906,40.52000045776367,39.279998779296875,40.189998626708984,11233000
2016-02-17,40.61000061035156,40.709999084472656,40.06999969482422,40.119998931884766,7865000
2016-02-18,40.09000015258789,40.13999938964844,39.310001373291016,39.4900016784668,7672200
2016-02-19,39.279998779296875,39.72999954223633,39.060001373291016,39.459999084472656,10983400
2016-02-22,39.459999084472656,40.38999938964844,39.459999084472656,40.22999954223633,8157300
2016-02-23,39.95000076293945,40.08000183105469,38.81999969482422,38.869998931884766,9226400
2016-02-24,38.27000045776367,38.540000915527344,37.47999954223633,38.439998626708984,9220400
2016-02-25,38.619998931884766,39.13999938964844,38.470001220703125,39.13999938964844,6335600
2016-02-26,39.4900016784668,39.77000045776367,39.09000015258789,39.290000915527344,7200000
2016-02-29,39.25,39.310001373291016,38.5099983215332,38.52000045776367,7400600
2016-03-01,38.689998626708984,39.900001525878906,38.689998626708984,39.900001525878906,6569500
2016-03-02,39.9900016784668,40.529998779296875,39.84000015258789,40.529998779296875,7465500
2016-03-03,40.47999954223633,40.779998779296875,40.220001220703125,40.77000045776367,5694800
2016-03-04,40.90999984741211,41.209999084472656,40.61000061035156,41.029998779296875,6128000
2016-03-07,40.650001525878906,40.93000030517578,40.4900016784668,40.77000045776367,4287500
2016-03-08,40.220001220703125,40.380001068115234,39.7400016784668,39.849998474121094,6094400
2016-03-09,40.13999938964844,40.13999938964844,39.619998931884766,39.7599983215332,5476200
2016-03-10,39.939998626708984,40.189998626708984,39.08000183105469,39.5099983215332,7442900
2016-03-11,39.93000030517578,40.4900016784668,39.61000061035156,40.459999084472656,7774800
2016-03-14,40.470001220703125,40.59000015258789,39.970001220703125,40.4900016784668,6349500
2016-03-15,40.13999938964844,40.84000015258789,40.06999969482422,40.790000915527344,7049600
2016-03-16,40.63999938964844,41.119998931884766,40.369998931884766,40.540000915527344,6001700
2016-03-17,40.380001068115234,40.779998779296875,40.04999923706055,40.689998626708984,6841300
2016-03-18,41.0,41.41999816894531,40.86000061035156,41.31999969482422,10078900
2016-03-21,41.22999954223633,41.4900016784668,41.060001373291016,41.380001068115234,5207100
2016-03-22,41.02000045776367,41.540000915527344,40.810001373291016,41.31999969482422,5769700
2016-03-23,41.20000076293945,41.529998779296875,41.060001373291016,41.189998626708984,6761800
2016-03-24,40.72999954223633,40.84000015258789,40.459999084472656,40.779998779296875,6331000
2016-03-28,40.84000015258789,40.959999084472656,40.52000045776367,40.689998626708984,4147000
2016-03-29,40.310001373291016,40.470001220703125,39.790000915527344,40.38999938964844,5840700
2016-03-30,40.61000061035156,41.209999084472656,40.540000915527344,40.9900016784668,6293200
2016-03-31,40.86000061035156,41.029998779296875,40.470001220703125,40.59000015258789,6579000
2016-04-01,40.310001373291016,40.779998779296875,40.0,40.70000076293945,5211800
2016-04-04,40.68000030517578,40.849998474121094,40.41999816894531,40.68000030517578,4685300
2016-04-05,40.25,40.40999984741211,39.84000015258789,40.04999923706055,6223900
2016-04-06,39.900001525878906,40.130001068115234,39.56999969482422,40.09000015258789,5286600
2016-04-07,39.75,39.810001373291016,38.83000183105469,39.099998474121094,8354600
2016-04-08,39.47999954223633,39.849998474121094,39.279998779296875,39.380001068115234,4990500
2016-04-11,39.58000183105469,40.040000915527344,39.40999984741211,39.529998779296875,7321300
2016-04-12,39.7400016784668,40.349998474121094,39.54999923706055,40.2599983215332,7661500
2016-04-13,40.77000045776367,41.41999816894531,40.66999816894531,41.099998474121094,10469400
2016-04-14,41.0,41.650001525878906,40.91999816894531,41.279998779296875,9317500
2016-04-15,41.45000076293945,41.560001373291016,40.95000076293945,41.099998474121094,7052600
2016-04-18,41.029998779296875,41.29999923706055,40.84000015258789,41.209999084472656,7566400
2016-04-19,41.47999954223633,41.93000030517578,41.38999938964844,41.90999984741211,11362100
2016-04-20,41.959999084472656,42.939998626708984,41.790000915527344,42.72999954223633,9576200
2016-04-21,42.650001525878906,42.79999923706055,42.400001525878906,42.560001373291016,10082300
2016-04-22,42.70000076293945,43.43000030517578,42.61000061035156,43.29999923706055,9262200
2016-04-25,43.029998779296875,43.18000030517578,42.7599983215332,43.04999923706055,8605600
2016-04-26,43.08000183105469,43.4900016784668,42.90999984741211,43.369998931884766,7899800
2016-04-27,43.380001068115234,43.939998626708984,43.2599983215332,43.529998779296875,9686600
2016-04-28,43.040000915527344,43.560001373291016,42.93000030517578,43.130001068115234,6641400
2016-04-29,42.83000183105469,43.08000183105469,42.470001220703125,42.689998626708984,10576000
2016-05-02,43.02000045776367,43.15999984741211,42.619998931884766,42.970001220703125,8866500
2016-05-03,42.33000183105469,42.560001373291016,42.0,42.5,6581800
2016-05-04,42.040000915527344,42.279998779296875,41.38999938964844,41.720001220703125,8835600
2016-05-05,41.81999969482422,42.0,41.540000915527344,41.650001525878906,5947600
2016-05-06,41.40999984741211,41.810001373291016,41.36000061035156,41.779998779296875,5306400
2016-05-09,41.61000061035156,42.0,41.47999954223633,41.540000915527344,4297100
2016-05-10,41.7400016784668,42.15999984741211,41.65999984741211,42.060001373291016,6413000
2016-05-11,41.900001525878906,42.380001068115234,41.869998931884766,41.869998931884766,5832800
2016-05-12,42.119998931884766,42.310001373291016,41.70000076293945,41.939998626708984,7285100
2016-05-13,41.790000915527344,42.11000061035156,41.22999954223633,41.43000030517578,6980600
2016-05-16,41.2400016784668,41.959999084472656,41.119998931884766,41.689998626708984,16492400
2016-05-17,41.380001068115234,41.43000030517578,40.56999969482422,40.720001220703125,14339300
2016-05-18,40.75,41.77000045776367,40.70000076293945,41.619998931884766,12622500
2016-05-19,41.400001525878906,41.70000076293945,41.029998779296875,41.52000045776367,9545400
2016-05-20,41.7400016784668,42.20000076293945,41.63999938964844,41.7400016784668,5781200
2016-05-23,41.75,41.869998931884766,41.41999816894531,41.65999984741211,6422300
2016-05-24,42.0099983215332,42.47999954223633,41.86000061035156,42.279998779296875,5611200
2016-05-25,42.58000183105469,43.22999954223633,42.52000045776367,42.959999084472656,7808000
2016-05-26,42.90999984741211,43.04999923706055,42.59000015258789,42.66999816894531,4372000
2016-05-27,42.779998779296875,42.95000076293945,42.630001068115234,42.95000076293945,3905000
2016-05-31,43.15999984741211,43.20000076293945,42.650001525878906,42.81999969482422,6605800
2016-06-01,42.45000076293945,43.060001373291016,42.33000183105469,43.0,5170800
2016-06-02,42.880001068115234,43.099998474121094,42.70000076293945,43.060001373291016,4216500
2016-06-03,42.279998779296875,42.5099983215332,41.77000045776367,42.369998931884766,11485600
2016-06-06,42.45000076293945,43.150001525878906,42.310001373291016,42.880001068115234,7748500
2016-06-07,42.939998626708984,43.0,42.65999984741211,42.65999984741211,7264000
2016-06-08,42.63999938964844,43.0099983215332,42.630001068115234,42.810001373291016,5017300
2016-06-09,42.459999084472656,42.58000183105469,42.029998779296875,42.540000915527344,5936900
2016-06-10,42.029998779296875,42.220001220703125,41.869998931884766,41.959999084472656,7329300
2016-06-13,41.709999084472656,42.119998931884766,41.66999816894531,41.68000030517578,6665600
2016-06-14,41.529998779296875,41.77000045776367,40.95000076293945,41.189998626708984,8446000
2016-06-15,41.25,41.619998931884766,40.97999954223633,41.02000045776367,7863900
2016-06-16,40.650001525878906,41.08000183105469,40.34000015258789,41.060001373291016,6458800
2016-06-17,41.060001373291016,41.31999969482422,40.790000915527344,41.11000061035156,8413000
2016-06-20,41.75,42.0,41.15999984741211,41.220001220703125,5766200
2016-06-21,41.47999954223633,41.5099983215332,41.09000015258789,41.369998931884766,4447800
2016-06-22,41.349998474121094,41.869998931884766,41.31999969482422,41.349998474121094,4486900
2016-06-23,41.91999816894531,42.2400016784668,41.880001068115234,42.22999954223633,7393700
2016-06-24,40.220001220703125,41.119998931884766,39.83000183105469,39.86000061035156,13335700
2016-06-27,39.22999954223633,39.2599983215332,38.4900016784668,38.689998626708984,12952100
2016-06-28,39.09000015258789,39.220001220703125,38.47999954223633,39.08000183105469,10100600
2016-06-29,39.59000015258789,39.75,39.13999938964844,39.68000030517578,6242200
2016-06-30,39.970001220703125,40.34000015258789,39.59000015258789,40.33000183105469,8765100
2016-07-01,40.150001525878906,40.2599983215332,39.90999984741211,40.060001373291016,4684400
2016-07-05,39.66999816894531,39.779998779296875,38.900001525878906,39.060001373291016,5955900
2016-07-06,38.72999954223633,39.31999969482422,38.630001068115234,39.20000076293945,6255700
2016-07-07,39.15999984741211,39.619998931884766,39.02000045776367,39.22999954223633,5510600
2016-07-08,39.84000015258789,40.2599983215332,39.84000015258789,40.09000015258789,6015200
2016-07-11,40.400001525878906,40.529998779296875,40.2400016784668,40.29999923706055,4417200
2016-07-12,40.560001373291016,40.86000061035156,40.529998779296875,40.66999816894531,6378100
2016-07-13,40.75,40.900001525878906,40.470001220703125,40.630001068115234,6239600
2016-07-14,41.380001068115234,41.5099983215332,41.16999816894531,41.25,12183400
2016-07-15,42.400001525878906,42.5,41.439998626708984,41.88999938964844,9964700
2016-07-18,41.72999954223633,42.09000015258789,41.72999954223633,41.880001068115234,8616200
2016-07-19,41.709999084472656,42.040000915527344,41.599998474121094,41.970001220703125,6774600
2016-07-20,42.099998474121094,42.15999984741211,41.900001525878906,41.970001220703125,4924300
2016-07-21,41.970001220703125,42.18000030517578,41.83000183105469,41.880001068115234,5118000
2016-07-22,41.97999954223633,42.25,41.83000183105469,42.189998626708984,5021500
2016-07-25,42.099998474121094,42.18000030517578,41.790000915527344,41.970001220703125,4752800
2016-07-26,41.81999969482422,42.150001525878906,41.77000045776367,41.970001220703125,4879500
2016-07-27,41.959999084472656,42.20000076293945,41.869998931884766,42.0099983215332,5483500
2016-07-28,41.880001068115234,42.209999084472656,41.709999084472656,42.08000183105469,3934900
2016-07-29,41.91999816894531,42.34000015258789,41.91999816894531,42.16999816894531,5802700
2016-08-01,42.150001525878906,42.220001220703125,41.61000061035156,41.68000030517578,5488900
2016-08-02,41.5099983215332,41.68000030517578,41.130001068115234,41.43000030517578,5858300
2016-08-03,41.54999923706055,42.25,41.470001220703125,42.130001068115234,6723200
2016-08-04,42.029998779296875,42.2599983215332,41.959999084472656,42.029998779296875,4167700
2016-08-05,42.630001068115234,42.970001220703125,42.369998931884766,42.970001220703125,7568900
2016-08-08,42.9900016784668,43.150001525878906,42.86000061035156,42.939998626708984,4461200
2016-08-09,42.939998626708984,43.04999923706055,42.72999954223633,42.83000183105469,3698200
2016-08-10,42.939998626708984,42.9900016784668,42.439998626708984,42.5,3746800
2016-08-11,42.65999984741211,42.91999816894531,42.41999816894531,42.81999969482422,6211600
2016-08-12,42.47999954223633,42.77000045776367,42.38999938964844,42.72999954223633,4349200
2016-08-15,42.77000045776367,43.040000915527344,42.77000045776367,42.97999954223633,5279100
2016-08-16,42.7400016784668,43.130001068115234,42.720001220703125,43.02000045776367,4833000
2016-08-17,43.08000183105469,43.380001068115234,43.02000045776367,43.220001220703125,6347800
2016-08-18,43.11000061035156,43.290000915527344,43.040000915527344,43.220001220703125,4651800
2016-08-19,43.15999984741211,43.40999984741211,43.0099983215332,43.349998474121094,3977100
2016-08-22,43.20000076293945,43.400001525878906,43.16999816894531,43.369998931884766,3386600
2016-08-23,43.45000076293945,43.65999984741211,43.43000030517578,43.439998626708984,4160100
2016-08-24,43.5,43.65999984741211,43.16999816894531,43.2400016784668,8589800
2016-08-25,43.279998779296875,43.54999923706055,43.25,43.400001525878906,5771900
2016-08-26,43.45000076293945,43.630001068115234,43.189998626708984,43.400001525878906,6590700
2016-08-29,43.5099983215332,44.11000061035156,43.5099983215332,43.84000015258789,7241300
2016-08-30,43.81999969482422,44.099998474121094,43.779998779296875,44.08000183105469,5560600
2016-08-31,44.099998474121094,44.22999954223633,43.75,44.150001525878906,6994700
2016-09-01,44.25,44.2599983215332,43.65999984741211,44.029998779296875,5195500
2016-09-02,44.20000076293945,44.220001220703125,43.93000030517578,44.15999984741211,4264200
2016-09-06,44.119998931884766,44.18000030517578,43.61000061035156,43.86000061035156,6601800
2016-09-07,43.7400016784668,43.880001068115234,43.56999969482422,43.65999984741211,7524200
2016-09-08,43.630001068115234,43.939998626708984,43.58000183105469,43.84000015258789,6421700
2016-09-09,43.84000015258789,43.959999084472656,43.40999984741211,43.40999984741211,6671200
2016-09-12,43.189998626708984,43.90999984741211,42.83000183105469,43.79999923706055,9276000
2016-09-13,43.310001373291016,43.459999084472656,42.959999084472656,43.22999954223633,7898600
2016-09-14,43.15999984741211,43.439998626708984,42.869998931884766,42.91999816894531,6161400
2016-09-15,42.439998626708984,43.11000061035156,42.18000030517578,43.029998779296875,10474900
2016-09-16,42.72999954223633,42.790000915527344,42.40999984741211,42.599998474121094,9204900
2016-09-19,42.7400016784668,43.130001068115234,42.58000183105469,42.86000061035156,5492600
2016-09-20,43.18000030517578,43.25,42.81999969482422,43.02000045776367,7091700
2016-09-21,43.25,43.43000030517578,42.970001220703125,43.2599983215332,7157000
2016-09-22,43.369998931884766,43.540000915527344,43.130001068115234,43.16999816894531,4788200
2016-09-23,42.75,43.27000045776367,42.70000076293945,42.959999084472656,5960300
2016-09-26,42.689998626708984,42.779998779296875,42.400001525878906,42.470001220703125,8526200
2016-09-27,42.31999969482422,42.91999816894531,42.16999816894531,42.900001525878906,6747800
2016-09-28,42.790000915527344,42.970001220703125,42.380001068115234,42.810001373291016,4482600
2016-09-29,42.65999984741211,43.2400016784668,42.349998474121094,42.47999954223633,7683900
2016-09-30,42.70000076293945,43.15999984741211,42.58000183105469,42.88999938964844,7613600
2016-10-03,42.689998626708984,42.81999969482422,42.45000076293945,42.65999984741211,5421900
2016-10-04,42.7400016784668,43.150001525878906,42.5099983215332,42.849998474121094,8364700
2016-10-05,43.060001373291016,43.810001373291016,43.02000045776367,43.650001525878906,6858500
2016-10-06,43.75,44.0,43.45000076293945,43.88999938964844,12170200
2016-10-07,43.88999938964844,43.959999084472656,43.38999938964844,43.70000076293945,6560300
2016-10-10,43.91999816894531,43.9900016784668,43.66999816894531,43.79999923706055,4797400
2016-10-11,43.790000915527344,43.84000015258789,43.060001373291016,43.290000915527344,6334700
2016-10-12,43.36000061035156,43.68000030517578,43.279998779296875,43.400001525878906,4025200
2016-10-13,43.0099983215332,43.0099983215332,42.369998931884766,42.880001068115234,6522000
2016-10-14,43.31999969482422,43.439998626708984,42.720001220703125,42.849998474121094,5785400
2016-10-17,42.880001068115234,43.06999969482422,42.52000045776367,42.720001220703125,6288100
2016-10-18,43.13999938964844,43.20000076293945,42.83000183105469,43.0099983215332,6297900
2016-10-19,44.189998626708984,44.189998626708984,42.849998474121094,43.58000183105469,10319300
2016-10-20,43.59000015258789,44.09000015258789,43.52000045776367,43.95000076293945,8553000
2016-10-21,43.59000015258789,43.88999938964844,43.5,43.849998474121094,6422300
2016-10-24,44.08000183105469,44.150001525878906,43.939998626708984,44.02000045776367,4919500
2016-10-25,43.959999084472656,44.16999816894531,43.779998779296875,43.84000015258789,5589600
2016-10-26,43.720001220703125,44.369998931884766,43.70000076293945,44.22999954223633,6012500
2016-10-27,44.43000030517578,45.13999938964844,44.380001068115234,44.70000076293945,12715600
2016-10-28,44.790000915527344,44.90999984741211,44.38999938964844,44.63999938964844,8548400
2016-10-31,44.81999969482422,44.959999084472656,44.689998626708984,44.7599983215332,7262200
2016-11-01,44.880001068115234,45.0,44.099998474121094,44.459999084472656,9440300
2016-11-02,44.2400016784668,44.33000183105469,43.91999816894531,44.0,7794000
2016-11-03,44.0099983215332,44.47999954223633,43.93000030517578,44.04999923706055,5532800
2016-11-04,44.150001525878906,44.400001525878906,43.83000183105469,43.93000030517578,6284100
2016-11-07,44.65999984741211,44.93000030517578,44.650001525878906,44.91999816894531,6908800
2016-11-08,44.779998779296875,45.09000015258789,44.59000015258789,44.97999954223633,4516300
2016-11-09,45.45000076293945,46.93000030517578,45.130001068115234,46.66999816894531,14953300
2016-11-10,47.04999923706055,48.5,46.97999954223633,47.61000061035156,17493900
2016-11-11,47.56999969482422,47.959999084472656,47.43000030517578,47.900001525878906,9661100
2016-11-14,48.06999969482422,48.75,47.810001373291016,48.72999954223633,15228100
2016-11-15,48.2599983215332,48.72999954223633,48.040000915527344,48.70000076293945,13446700
2016-11-16,47.59000015258789,48.38999938964844,47.59000015258789,47.869998931884766,10900900
2016-11-17,48.099998474121094,48.77000045776367,47.97999954223633,48.68000030517578,9369800
2016-11-18,48.7400016784668,49.400001525878906,48.65999984741211,49.22999954223633,9090500
2016-11-21,49.31999969482422,49.38999938964844,49.0099983215332,49.279998779296875,5184100
2016-11-22,49.27000045776367,49.56999969482422,48.77000045776367,49.029998779296875,10580100
2016-11-23,49.29999923706055,49.5,49.08000183105469,49.349998474121094,7053400
2016-11-25,49.36000061035156,49.5,49.119998931884766,49.41999816894531,2631500
2016-11-28,49.13999938964844,49.45000076293945,48.779998779296875,48.900001525878906,5887300
2016-11-29,49.119998931884766,49.349998474121094,49.0099983215332,49.099998474121094,5726600
2016-11-30,49.56999969482422,49.77000045776367,49.43000030517578,49.619998931884766,6887100
2016-12-01,49.810001373291016,50.619998931884766,49.630001068115234,50.38999938964844,10571300
2016-12-02,50.349998474121094,50.41999816894531,49.84000015258789,50.0,5864800
2016-12-05,50.40999984741211,50.630001068115234,50.189998626708984,50.36000061035156,7209600
2016-12-06,50.529998779296875,50.77000045776367,50.22999954223633,50.72999954223633,9259100
2016-12-07,50.7400016784668,51.400001525878906,50.4900016784668,51.36000061035156,9559000
2016-12-08,51.560001373291016,52.290000915527344,51.560001373291016,51.900001525878906,10423500
2016-12-09,51.900001525878906,52.08000183105469,51.59000015258789,52.040000915527344,8612900
2016-12-12,51.88999938964844,52.099998474121094,51.45000076293945,51.58000183105469,6113400
2016-12-13,51.72999954223633,51.91999816894531,51.189998626708984,51.70000076293945,7358600
2016-12-14,51.310001373291016,52.29999923706055,51.189998626708984,51.72999954223633,9356800
2016-12-15,51.970001220703125,52.310001373291016,51.47999954223633,51.97999954223633,7602000
2016-12-16,52.22999954223633,52.22999954223633,51.61000061035156,51.7400016784668,11033300
2016-12-19,51.59000015258789,51.97999954223633,51.380001068115234,51.869998931884766,5439400
2016-12-20,52.130001068115234,52.68000030517578,52.060001373291016,52.540000915527344,6144300
2016-12-21,52.470001220703125,52.5,52.16999816894531,52.16999816894531,3871600
2016-12-22,51.9900016784668,52.279998779296875,51.970001220703125,52.150001525878906,5141200
2016-12-23,52.290000915527344,52.33000183105469,52.06999969482422,52.20000076293945,3773200
2016-12-27,52.33000183105469,52.38999938964844,52.20000076293945,52.310001373291016,3135800
2016-12-28,52.119998931884766,52.2599983215332,51.779998779296875,51.779998779296875,8111900
2016-12-29,51.75,51.869998931884766,51.040000915527344,51.29999923706055,4625700
2016-12-30,51.5,51.61000061035156,51.209999084472656,51.369998931884766,5184600
2017-01-03,51.619998931884766,52.2400016784668,51.11000061035156,51.459999084472656,7859000
2017-01-04,51.47999954223633,51.97999954223633,51.40999984741211,51.84000015258789,6199000
2017-01-05,51.63999938964844,51.7599983215332,50.790000915527344,50.970001220703125,6574900
2017-01-06,51.060001373291016,51.5,51.060001373291016,51.29999923706055,5078200
2017-01-09,51.04999923706055,51.290000915527344,50.849998474121094,51.06999969482422,4337900
2017-01-10,51.029998779296875,51.58000183105469,50.849998474121094,51.220001220703125,5231600
2017-01-11,51.5099983215332,51.79999923706055,51.25,51.790000915527344,7233100
2017-01-12,51.63999938964844,51.689998626708984,51.02000045776367,51.43000030517578,4539000
2017-01-13,51.61000061035156,52.13999938964844,51.4900016784668,51.689998626708984,7876400
2017-01-17,51.20000076293945,51.209999084472656,50.15999984741211,50.310001373291016,9415100
2017-01-18,50.41999816894531,50.66999816894531,49.9900016784668,50.560001373291016,6525400
2017-01-19,50.630001068115234,50.97999954223633,50.43000030517578,50.72999954223633,7151600
2017-01-20,50.939998626708984,51.650001525878906,50.88999938964844,51.20000076293945,8865700
2017-01-23,51.0,51.38999938964844,50.790000915527344,50.970001220703125,4858800
2017-01-24,51.099998474121094,52.0,51.0099983215332,51.77000045776367,6531700
2017-01-25,52.13999938964844,52.63999938964844,52.13999938964844,52.45000076293945,8731500
2017-01-26,52.45000076293945,52.97999954223633,52.439998626708984,52.95000076293945,6494700
2017-01-27,52.84000015258789,53.13999938964844,52.81999969482422,52.9900016784668,6893400
2017-01-30,52.619998931884766,52.900001525878906,52.369998931884766,52.849998474121094,7540800
2017-01-31,52.619998931884766,52.939998626708984,52.36000061035156,52.650001525878906,6736800
2017-02-01,53.15999984741211,53.63999938964844,52.970001220703125,53.029998779296875,8413800
2017-02-02,52.68000030517578,53.220001220703125,52.63999938964844,53.130001068115234,8700600
2017-02-03,53.79999923706055,54.040000915527344,53.45000076293945,53.65999984741211,9104100
2017-02-06,53.369998931884766,53.779998779296875,53.189998626708984,53.400001525878906,4904000
2017-02-07,53.630001068115234,53.66999816894531,53.06999969482422,53.20000076293945,4749000
2017-02-08,52.88999938964844,53.02000045776367,52.529998779296875,52.88999938964844,6398000
2017-02-09,53.060001373291016,53.63999938964844,52.91999816894531,53.540000915527344,5054000
2017-02-10,53.810001373291016,53.849998474121094,53.4900016784668,53.61000061035156,3892400
2017-02-13,53.88999938964844,54.43000030517578,53.88999938964844,54.130001068115234,5709800
2017-02-14,53.900001525878906,54.599998474121094,53.84000015258789,54.54999923706055,7728300
2017-02-15,54.70000076293945,55.369998931884766,54.52000045776367,55.13999938964844,8029400
2017-02-16,55.040000915527344,55.08000183105469,54.54999923706055,55.0099983215332,6204100
2017-02-17,54.779998779296875,54.880001068115234,54.5,54.880001068115234,6011600
2017-02-21,55.0,55.310001373291016,54.93000030517578,55.20000076293945,5639400
2017-02-22,54.959999084472656,55.40999984741211,54.88999938964844,55.310001373291016,4851700
2017-02-23,55.29999923706055,55.5099983215332,55.060001373291016,55.400001525878906,7268000
2017-02-24,55.0,55.369998931884766,54.849998474121094,55.099998474121094,7596100
2017-02-27,55.189998626708984,55.349998474121094,55.0099983215332,55.290000915527344,6378800
2017-02-28,55.040000915527344,55.189998626708984,54.81999969482422,55.0,6846600
2017-03-01,55.869998931884766,56.61000061035156,55.81999969482422,56.40999984741211,8689700
2017-03-02,56.54999923706055,56.560001373291016,55.38999938964844,55.47999954223633,6431200
2017-03-03,55.459999084472656,55.709999084472656,55.380001068115234,55.54999923706055,7278200
2017-03-06,55.279998779296875,55.45000076293945,55.040000915527344,55.290000915527344,6118700
2017-03-07,55.22999954223633,55.400001525878906,54.95000076293945,55.029998779296875,6678800
2017-03-08,55.5099983215332,55.810001373291016,54.81999969482422,54.869998931884766,7809600
2017-03-09,55.119998931884766,55.279998779296875,54.810001373291016,54.939998626708984,5236200
2017-03-10,55.290000915527344,55.33000183105469,54.619998931884766,54.939998626708984,6721900
2017-03-13,54.880001068115234,55.209999084472656,54.810001373291016,54.91999816894531,4690300
2017-03-14,54.79999923706055,55.04999923706055,54.56999969482422,55.0,6130500
2017-03-15,55.150001525878906,55.599998474121094,54.849998474121094,54.959999084472656,8487200
2017-03-16,55.06999969482422,55.369998931884766,54.869998931884766,55.029998779296875,6326200
2017-03-17,55.08000183105469,55.119998931884766,54.63999938964844,54.689998626708984,7085800
2017-03-20,54.400001525878906,54.849998474121094,54.189998626708984,54.2400016784668,7706000
2017-03-21,54.54999923706055,54.54999923706055,52.56999969482422,52.689998626708984,14211700
2017-03-22,52.439998626708984,52.88999938964844,51.75,52.599998474121094,8299600
2017-03-23,52.439998626708984,53.16999816894531,52.22999954223633,52.58000183105469,9022900
2017-03-24,52.75,52.97999954223633,52.220001220703125,52.56999969482422,5948800
2017-03-27,51.59000015258789,52.40999984741211,51.04999923706055,52.20000076293945,7300800
2017-03-28,52.06999969482422,53.16999816894531,52.0,52.709999084472656,7736000
2017-03-29,52.380001068115234,52.45000076293945,51.68000030517578,51.75,7380700
2017-03-30,51.7599983215332,52.38999938964844,51.63999938964844,52.119998931884766,9350100
2017-03-31,51.91999816894531,52.06999969482422,51.47999954223633,51.5,8197600
2017-04-03,51.619998931884766,51.619998931884766,50.84000015258789,51.54999923706055,7447400
2017-04-04,51.38999938964844,51.56999969482422,51.220001220703125,51.459999084472656,4158300
2017-04-05,51.90999984741211,52.040000915527344,50.959999084472656,51.040000915527344,6138700
2017-04-06,51.02000045776367,51.5099983215332,50.72999954223633,51.349998474121094,5855000
2017-04-07,51.08000183105469,51.36000061035156,50.869998931884766,51.150001525878906,6827500
2017-04-10,51.25,51.439998626708984,50.72999954223633,50.779998779296875,6484800
2017-04-11,50.650001525878906,50.9900016784668,50.349998474121094,50.88999938964844,7344900
2017-04-12,50.65999984741211,51.08000183105469,50.4900016784668,50.70000076293945,7671500
2017-04-13,50.41999816894531,50.88999938964844,49.959999084472656,49.97999954223633,5888000
2017-04-17,50.119998931884766,50.619998931884766,49.90999984741211,50.540000915527344,4943600
2017-04-18,50.209999084472656,50.40999984741211,49.68000030517578,49.79999923706055,9699100
2017-04-19,50.130001068115234,50.349998474121094,49.54999923706055,49.689998626708984,7268600
2017-04-20,49.790000915527344,50.900001525878906,49.7599983215332,50.68000030517578,9535400
2017-04-21,50.54999923706055,51.0099983215332,50.459999084472656,50.5099983215332,9044700
2017-04-24,51.70000076293945,52.0099983215332,51.41999816894531,51.560001373291016,8060600
2017-04-25,52.130001068115234,52.47999954223633,51.93000030517578,52.130001068115234,9010900
2017-04-26,52.0,52.619998931884766,52.0,52.119998931884766,7652600
2017-04-27,52.220001220703125,52.290000915527344,51.5,51.91999816894531,5826700
2017-04-28,51.810001373291016,52.0,51.18000030517578,51.279998779296875,7707200
2017-05-01,51.54999923706055,51.97999954223633,51.43000030517578,51.70000076293945,4660200
2017-05-02,51.70000076293945,51.880001068115234,51.369998931884766,51.56999969482422,4368900
2017-05-03,51.43000030517578,52.2599983215332,51.2599983215332,52.209999084472656,6169300
2017-05-04,52.560001373291016,52.810001373291016,52.150001525878906,52.310001373291016,5629600
2017-05-05,52.279998779296875,52.40999984741211,51.45000076293945,51.77000045776367,5373700
2017-05-08,51.7400016784668,52.0,51.61000061035156,52.0,4759000
2017-05-09,52.029998779296875,52.18000030517578,51.380001068115234,51.58000183105469,5731300
2017-05-10,51.5,52.04999923706055,51.38999938964844,51.970001220703125,5281600
2017-05-11,51.75,51.81999969482422,51.119998931884766,51.63999938964844,6575500
2017-05-12,51.369998931884766,51.41999816894531,50.9900016784668,51.40999984741211,6285500
2017-05-15,51.5,51.86000061035156,51.43000030517578,51.77000045776367,3975700
2017-05-16,51.91999816894531,52.15999984741211,51.709999084472656,51.959999084472656,4389300
2017-05-17,51.959999084472656,51.959999084472656,50.099998474121094,50.459999084472656,7012200
2017-05-18,50.40999984741211,51.099998474121094,50.25,50.7400016784668,5950500
2017-05-19,50.86000061035156,51.41999816894531,50.790000915527344,51.099998474121094,8110100
2017-05-22,51.27000045776367,51.47999954223633,50.869998931884766,51.439998626708984,4724800
2017-05-23,51.41999816894531,52.209999084472656,51.2599983215332,51.959999084472656,5061400
2017-05-24,52.029998779296875,52.130001068115234,51.560001373291016,51.790000915527344,3506700
2017-05-25,51.959999084472656,52.13999938964844,51.72999954223633,51.77000045776367,3825100
2017-05-26,51.61000061035156,51.810001373291016,51.380001068115234,51.439998626708984,6721800
2017-05-30,51.209999084472656,51.2400016784668,50.79999923706055,51.099998474121094,5923200
2017-05-31,51.209999084472656,51.25,50.43000030517578,50.88999938964844,6926200
2017-06-01,51.15999984741211,51.63999938964844,50.63999938964844,51.529998779296875,6171100
2017-06-02,51.099998474121094,51.66999816894531,50.939998626708984,51.29999923706055,5589500
2017-06-05,51.369998931884766,51.849998474121094,51.22999954223633,51.33000183105469,5388500
2017-06-06,50.95000076293945,51.099998474121094,50.7599983215332,50.880001068115234,5475200
2017-06-07,51.09000015258789,51.349998474121094,50.90999984741211,51.13999938964844,5235400
2017-06-08,51.13999938964844,52.18000030517578,51.02000045776367,51.779998779296875,7334300
2017-06-09,52.099998474121094,53.02000045776367,52.06999969482422,52.88999938964844,8279900
2017-06-12,53.029998779296875,53.459999084472656,52.849998474121094,52.849998474121094,9095600
2017-06-13,53.029998779296875,53.27000045776367,52.779998779296875,52.939998626708984,7565500
2017-06-14,52.540000915527344,52.91999816894531,51.970001220703125,52.84000015258789,7405300
2017-06-15,52.58000183105469,52.900001525878906,52.29999923706055,52.380001068115234,7117200
2017-06-16,52.54999923706055,52.58000183105469,52.0099983215332,52.27000045776367,9778900
2017-06-19,52.470001220703125,52.84000015258789,52.470001220703125,52.56999969482422,4749500
2017-06-20,52.36000061035156,52.720001220703125,52.25,52.34000015258789,5059000
2017-06-21,52.540000915527344,52.540000915527344,51.939998626708984,52.0,4503000
2017-06-22,51.84000015258789,51.84000015258789,51.16999816894531,51.29999923706055,6361400
2017-06-23,51.40999984741211,51.439998626708984,50.58000183105469,50.77000045776367,8689900
2017-06-26,50.93000030517578,51.29999923706055,50.77000045776367,51.0099983215332,5767800
2017-06-27,51.209999084472656,51.849998474121094,51.08000183105469,51.41999816894531,5204000
2017-06-28,51.560001373291016,52.189998626708984,51.560001373291016,51.97999954223633,5272000
2017-06-29,52.86000061035156,52.9900016784668,51.630001068115234,51.779998779296875,10086700
2017-06-30,51.9900016784668,52.18000030517578,51.790000915527344,51.91999816894531,6849700
2017-07-03,52.150001525878906,52.97999954223633,52.11000061035156,52.58000183105469,3582800
2017-07-05,52.709999084472656,52.880001068115234,52.33000183105469,52.65999984741211,5896900
2017-07-06,52.619998931884766,52.81999969482422,52.150001525878906,52.18000030517578,5161900
2017-07-07,52.38999938964844,52.54999923706055,52.11000061035156,52.459999084472656,4599400
2017-07-10,52.279998779296875,52.470001220703125,52.09000015258789,52.310001373291016,3343700
2017-07-11,52.33000183105469,52.33000183105469,51.70000076293945,51.77000045776367,6059400
2017-07-12,51.689998626708984,52.11000061035156,51.560001373291016,51.900001525878906,4519700
2017-07-13,52.0099983215332,52.22999954223633,51.83000183105469,52.220001220703125,6451400
2017-07-14,51.720001220703125,52.2400016784668,51.400001525878906,52.08000183105469,5587600
2017-07-17,52.040000915527344,52.119998931884766,51.720001220703125,52.029998779296875,4758000
2017-07-18,51.68000030517578,51.880001068115234,51.470001220703125,51.630001068115234,5034800
2017-07-19,52.06999969482422,52.779998779296875,51.779998779296875,52.08000183105469,6201500
2017-07-20,52.38999938964844,52.84000015258789,52.27000045776367,52.47999954223633,8650400
2017-07-21,52.310001373291016,52.47999954223633,51.880001068115234,52.119998931884766,6528000
2017-07-24,52.099998474121094,52.959999084472656,52.029998779296875,52.790000915527344,8016200
2017-07-25,53.38999938964844,53.709999084472656,53.13999938964844,53.16999816894531,7446100
2017-07-26,53.36000061035156,53.5,52.29999923706055,52.43000030517578,6309000
2017-07-27,52.40999984741211,52.4900016784668,51.91999816894531,52.43000030517578,6963400
2017-07-28,52.400001525878906,52.720001220703125,52.15999984741211,52.56999969482422,5283300
2017-07-31,52.68000030517578,53.189998626708984,52.68000030517578,52.779998779296875,5333100
2017-08-01,52.959999084472656,53.18000030517578,52.54999923706055,52.95000076293945,9790900
2017-08-02,52.77000045776367,53.029998779296875,52.630001068115234,52.9900016784668,3853500
2017-08-03,52.810001373291016,52.86000061035156,52.529998779296875,52.68000030517578,3934200
2017-08-04,53.029998779296875,53.470001220703125,52.77000045776367,53.119998931884766,5571700
2017-08-07,53.150001525878906,53.2400016784668,52.880001068115234,53.119998931884766,3720900
2017-08-08,53.0,53.650001525878906,52.900001525878906,53.189998626708984,3678100
2017-08-09,52.84000015258789,53.2400016784668,52.77000045776367,53.22999954223633,3804000
2017-08-10,52.900001525878906,53.029998779296875,52.349998474121094,52.380001068115234,5639700
2017-08-11,52.400001525878906,52.599998474121094,51.869998931884766,52.04999923706055,4448700
2017-08-14,52.279998779296875,52.970001220703125,52.279998779296875,52.790000915527344,4156500
2017-08-15,53.150001525878906,53.310001373291016,52.880001068115234,52.97999954223633,3430700
2017-08-16,53.11000061035156,53.209999084472656,52.650001525878906,52.849998474121094,3173400
2017-08-17,52.66999816894531,52.779998779296875,51.68000030517578,51.720001220703125,5465500
2017-08-18,51.560001373291016,51.95000076293945,51.380001068115234,51.68000030517578,5299700
2017-08-21,51.689998626708984,51.86000061035156,51.439998626708984,51.66999816894531,5131100
2017-08-22,51.72999954223633,52.060001373291016,51.66999816894531,51.939998626708984,3115300
2017-08-23,51.65999984741211,52.06999969482422,51.59000015258789,51.810001373291016,3440000
2017-08-24,52.0099983215332,52.11000061035156,51.7400016784668,51.849998474121094,2457400
2017-08-25,52.09000015258789,52.40999984741211,51.97999954223633,52.06999969482422,3130500
2017-08-28,52.15999984741211,52.290000915527344,51.75,51.959999084472656,2397400
2017-08-29,51.36000061035156,51.630001068115234,51.16999816894531,51.5,5577500
2017-08-30,51.529998779296875,51.790000915527344,51.47999954223633,51.59000015258789,3370400
2017-08-31,51.81999969482422,51.869998931884766,51.189998626708984,51.25,5196900
2017-09-01,51.380001068115234,51.95000076293945,51.2400016784668,51.68000030517578,3656500
2017-09-05,51.38999938964844,51.439998626708984,50.63999938964844,50.869998931884766,6496200
2017-09-06,51.04999923706055,51.220001220703125,50.7400016784668,50.90999984741211,4281400
2017-09-07,50.88999938964844,50.9900016784668,49.540000915527344,49.86000061035156,6565400
2017-09-08,49.75,50.36000061035156,49.70000076293945,49.97999954223633,6052000
2017-09-11,50.540000915527344,51.060001373291016,50.40999984741211,50.880001068115234,4654200
2017-09-12,51.13999938964844,51.939998626708984,51.099998474121094,51.56999969482422,5050800
2017-09-13,51.380001068115234,52.099998474121094,51.33000183105469,52.040000915527344,6755700
2017-09-14,52.0099983215332,52.16999816894531,51.540000915527344,51.63999938964844,4444600
2017-09-15,51.4900016784668,51.81999969482422,51.36000061035156,51.810001373291016,6146000
2017-09-18,52.0,52.47999954223633,51.849998474121094,52.380001068115234,4373100
2017-09-19,52.400001525878906,53.279998779296875,52.31999969482422,53.15999984741211,5464700
2017-09-20,53.22999954223633,53.709999084472656,52.77000045776367,53.52000045776367,5409900
2017-09-21,53.599998474121094,53.84000015258789,53.400001525878906,53.7400016784668,5870200
2017-09-22,53.47999954223633,53.709999084472656,53.04999923706055,53.66999816894531,6241000
2017-09-25,53.5,53.79999923706055,53.27000045776367,53.61000061035156,4482000
2017-09-26,53.61000061035156,53.7599983215332,53.36000061035156,53.599998474121094,5163900
2017-09-27,54.15999984741211,54.349998474121094,53.86000061035156,54.150001525878906,7605600
2017-09-28,53.70000076293945,53.880001068115234,53.099998474121094,53.47999954223633,7642800
2017-09-29,53.47999954223633,54.04999923706055,53.2599983215332,53.59000015258789,7211900
2017-10-02,53.290000915527344,53.54999923706055,52.91999816894531,53.439998626708984,8323200
2017-10-03,53.380001068115234,53.63999938964844,52.91999816894531,53.470001220703125,6814400
2017-10-04,53.22999954223633,53.40999984741211,53.099998474121094,53.150001525878906,6523300
2017-10-05,53.209999084472656,54.0,52.95000076293945,53.7599983215332,5721500
2017-10-06,53.970001220703125,54.2400016784668,53.66999816894531,54.18000030517578,4492800
2017-10-09,54.25,54.25,53.7400016784668,53.849998474121094,2858900
2017-10-10,53.86000061035156,54.27000045776367,53.81999969482422,54.22999954223633,3263600
2017-10-11,54.11000061035156,54.349998474121094,53.7599983215332,54.2599983215332,4969400
2017-10-12,54.119998931884766,54.34000015258789,53.88999938964844,53.9900016784668,4233900
2017-10-13,53.79999923706055,54.439998626708984,53.56999969482422,54.130001068115234,6315700
2017-10-16,54.119998931884766,54.41999816894531,53.9900016784668,54.2599983215332,5105300
2017-10-17,54.349998474121094,54.400001525878906,53.75,53.880001068115234,5299600
2017-10-18,53.90999984741211,53.90999984741211,52.34000015258789,53.27000045776367,10619900
2017-10-19,52.970001220703125,53.90999984741211,52.970001220703125,53.59000015258789,6171100
2017-10-20,54.150001525878906,54.22999954223633,53.81999969482422,54.09000015258789,7021600
2017-10-23,54.09000015258789,54.2400016784668,53.90999984741211,54.130001068115234,4965400
2017-10-24,54.43000030517578,54.619998931884766,54.02000045776367,54.209999084472656,6643300
2017-10-25,54.439998626708984,54.540000915527344,53.72999954223633,54.13999938964844,5246900
2017-10-26,54.470001220703125,54.650001525878906,54.220001220703125,54.29999923706055,5726500
2017-10-27,54.209999084472656,54.459999084472656,53.959999084472656,54.439998626708984,4862900
2017-10-30,54.220001220703125,54.45000076293945,54.040000915527344,54.2599983215332,4243800
2017-10-31,54.119998931884766,54.81999969482422,54.0099983215332,54.380001068115234,5882000
2017-11-01,54.58000183105469,54.7400016784668,54.2599983215332,54.47999954223633,4642600
2017-11-02,54.369998931884766,55.08000183105469,54.060001373291016,54.880001068115234,4803800
2017-11-03,54.599998474121094,54.790000915527344,54.34000015258789,54.650001525878906,5218600
2017-11-06,54.540000915527344,54.959999084472656,54.310001373291016,54.849998474121094,5501700
2017-11-07,54.79999923706055,54.939998626708984,53.380001068115234,53.45000076293945,7539300
2017-11-08,53.34000015258789,53.439998626708984,52.630001068115234,52.68000030517578,6242100
2017-11-09,52.40999984741211,52.560001373291016,51.779998779296875,52.11000061035156,6012100
2017-11-10,52.220001220703125,52.36000061035156,51.58000183105469,51.61000061035156,5514800
2017-11-13,51.439998626708984,51.810001373291016,51.13999938964844,51.68000030517578,5844000
2017-11-14,51.380001068115234,51.84000015258789,51.33000183105469,51.83000183105469,5472700
2017-11-15,51.40999984741211,52.18000030517578,51.349998474121094,52.0099983215332,5389500
2017-11-16,52.18000030517578,52.25,51.779998779296875,51.810001373291016,4449100
2017-11-17,51.58000183105469,52.040000915527344,51.52000045776367,51.880001068115234,3297600
2017-11-20,52.029998779296875,52.029998779296875,51.7400016784668,51.93000030517578,3273200
2017-11-21,52.150001525878906,52.150001525878906,51.63999938964844,51.88999938964844,5194500
2017-11-22,51.869998931884766,52.04999923706055,51.84000015258789,51.90999984741211,4513100
2017-11-24,52.0,52.06999969482422,51.70000076293945,51.83000183105469,1466900
2017-11-27,51.900001525878906,51.9900016784668,51.689998626708984,51.720001220703125,3727900
2017-11-28,51.7599983215332,53.08000183105469,51.70000076293945,53.02000045776367,5608900
2017-11-29,53.380001068115234,54.95000076293945,53.369998931884766,54.7599983215332,10938000
2017-11-30,55.08000183105469,55.91999816894531,54.790000915527344,55.150001525878906,8662900
2017-12-01,55.22999954223633,55.38999938964844,53.70000076293945,54.900001525878906,7258900
2017-12-04,55.77000045776367,56.43000030517578,55.630001068115234,55.630001068115234,6470200
2017-12-05,55.630001068115234,55.79999923706055,54.65999984741211,54.81999969482422,6004100
2017-12-06,54.7400016784668,55.029998779296875,54.43000030517578,54.59000015258789,3822100
2017-12-07,54.849998474121094,55.08000183105469,54.22999954223633,54.900001525878906,4404400
2017-12-08,55.099998474121094,55.36000061035156,54.5099983215332,55.36000061035156,4371900
2017-12-11,55.15999984741211,55.58000183105469,55.119998931884766,55.27000045776367,3892000
2017-12-12,54.650001525878906,55.810001373291016,54.650001525878906,55.5,6037300
2017-12-13,55.439998626708984,55.619998931884766,54.56999969482422,54.599998474121094,5046600
2017-12-14,54.810001373291016,54.849998474121094,54.08000183105469,54.150001525878906,4467600
2017-12-15,54.560001373291016,54.91999816894531,54.22999954223633,54.5,13109900
2017-12-18,54.939998626708984,55.15999984741211,54.650001525878906,54.779998779296875,5325300
2017-12-19,55.09000015258789,55.130001068115234,54.540000915527344,54.560001373291016,5964900
2017-12-20,55.060001373291016,55.18000030517578,54.06999969482422,54.2599983215332,5688800
2017-12-21,54.65999984741211,54.810001373291016,54.2599983215332,54.529998779296875,3926400
2017-12-22,54.810001373291016,54.849998474121094,54.150001525878906,54.459999084472656,3800800
2017-12-26,54.4900016784668,54.66999816894531,53.83000183105469,54.0099983215332,2807000
2017-12-27,54.09000015258789,54.22999954223633,53.900001525878906,54.06999969482422,3754200
2017-12-28,53.91999816894531,54.0099983215332,53.709999084472656,53.95000076293945,3216000
2017-12-29,54.119998931884766,54.150001525878906,53.58000183105469,53.58000183105469,3949800
2018-01-02,54.04999923706055,54.34000015258789,53.790000915527344,54.029998779296875,5367700
2018-01-03,54.0,54.77000045776367,53.95000076293945,54.560001373291016,5043800
2018-01-04,54.689998626708984,55.52000045776367,54.599998474121094,54.97999954223633,7583600
2018-01-05,55.43000030517578,55.5,54.95000076293945,55.31999969482422,6863200
2018-01-08,55.16999816894531,55.529998779296875,55.13999938964844,55.400001525878906,6817400
2018-01-09,55.54999923706055,56.27000045776367,55.47999954223633,55.779998779296875,6392100
2018-01-10,55.9900016784668,56.70000076293945,55.84000015258789,56.20000076293945,7121800
2018-01-11,56.47999954223633,56.7400016784668,56.220001220703125,56.68000030517578,6146900
2018-01-12,56.959999084472656,57.119998931884766,56.59000015258789,56.97999954223633,5339800
2018-01-16,57.540000915527344,57.689998626708984,56.93000030517578,57.16999816894531,8840200
2018-01-17,57.040000915527344,57.040000915527344,55.369998931884766,56.34000015258789,9782100
2018-01-18,56.52000045776367,56.810001373291016,56.09000015258789,56.150001525878906,9218100
2018-01-19,56.4900016784668,56.52000045776367,56.0,56.459999084472656,10529300
2018-01-22,56.540000915527344,57.2599983215332,56.540000915527344,57.2599983215332,7687200
2018-01-23,56.86000061035156,57.47999954223633,56.790000915527344,57.18000030517578,5449700
2018-01-24,57.310001373291016,57.939998626708984,57.310001373291016,57.75,5612700
2018-01-25,57.939998626708984,58.15999984741211,57.68000030517578,57.97999954223633,5859400
2018-01-26,57.959999084472656,58.11000061035156,57.5,58.11000061035156,6057600
2018-01-29,58.040000915527344,58.5,57.93000030517578,57.9900016784668,6004000
2018-01-30,57.63999938964844,58.09000015258789,57.38999938964844,57.400001525878906,5069000
2018-01-31,57.310001373291016,57.650001525878906,57.02000045776367,57.13999938964844,7893000
2018-02-01,56.93000030517578,57.459999084472656,56.709999084472656,57.459999084472656,5357600
2018-02-02,57.2400016784668,57.79999923706055,56.779998779296875,56.900001525878906,7111300
2018-02-05,56.369998931884766,56.91999816894531,54.47999954223633,54.619998931884766,11580900
2018-02-06,53.45000076293945,55.29999923706055,53.02000045776367,54.619998931884766,17726400
2018-02-07,54.5,55.68000030517578,54.400001525878906,54.79999923706055,11005300
2018-02-08,54.790000915527344,54.790000915527344,52.61000061035156,52.650001525878906,10887500
2018-02-09,53.31999969482422,54.08000183105469,51.869998931884766,53.75,12512500
2018-02-12,54.060001373291016,54.56999969482422,53.52000045776367,53.970001220703125,7598600
2018-02-13,53.70000076293945,54.36000061035156,53.58000183105469,54.13999938964844,5558100
2018-02-14,54.029998779296875,55.400001525878906,53.88999938964844,55.310001373291016,7157700
2018-02-15,55.599998474121094,56.040000915527344,54.900001525878906,55.099998474121094,7054600
2018-02-16,54.900001525878906,55.91999816894531,54.869998931884766,55.61000061035156,6223500
2018-02-20,55.5,56.060001373291016,54.7400016784668,54.90999984741211,6040000
2018-02-21,54.939998626708984,55.81999969482422,54.79999923706055,55.099998474121094,6667500
2018-02-22,55.459999084472656,55.59000015258789,54.16999816894531,54.27000045776367,6397900
2018-02-23,54.439998626708984,55.5099983215332,54.40999984741211,55.4900016784668,5526600
2018-02-26,55.66999816894531,55.849998474121094,54.83000183105469,55.84000015258789,5353900
2018-02-27,55.84000015258789,56.099998474121094,55.0099983215332,55.0099983215332,5147400
2018-02-28,55.349998474121094,55.63999938964844,54.349998474121094,54.36000061035156,4705800
2018-03-01,54.38999938964844,54.58000183105469,52.959999084472656,53.16999816894531,8239900
2018-03-02,52.779998779296875,53.5099983215332,52.29999923706055,53.40999984741211,5658900
2018-03-05,52.970001220703125,54.13999938964844,52.779998779296875,53.970001220703125,5205900
2018-03-06,54.029998779296875,54.2400016784668,53.47999954223633,54.16999816894531,5006500
2018-03-07,53.58000183105469,53.970001220703125,52.970001220703125,53.65999984741211,6123500
2018-03-08,53.849998474121094,54.04999923706055,53.40999984741211,53.939998626708984,4951500
2018-03-09,54.33000183105469,55.369998931884766,54.16999816894531,55.279998779296875,6075500
2018-03-12,55.209999084472656,55.5099983215332,54.869998931884766,55.0099983215332,3647700
2018-03-13,55.29999923706055,55.400001525878906,54.060001373291016,54.150001525878906,6132800
2018-03-14,54.38999938964844,54.4900016784668,53.119998931884766,53.27000045776367,6281400
2018-03-15,53.5,53.56999969482422,53.08000183105469,53.36000061035156,5587300
2018-03-16,53.36000061035156,53.9900016784668,53.22999954223633,53.2599983215332,10911500
2018-03-19,53.209999084472656,53.310001373291016,52.36000061035156,52.79999923706055,8712100
2018-03-20,53.04999923706055,53.349998474121094,52.560001373291016,52.599998474121094,4444500
2018-03-21,52.790000915527344,53.209999084472656,52.34000015258789,52.54999923706055,6881500
2018-03-22,52.040000915527344,52.189998626708984,50.529998779296875,50.650001525878906,9422900
2018-03-23,50.70000076293945,50.900001525878906,49.150001525878906,49.25,10526500
2018-03-26,50.22999954223633,51.43000030517578,49.81999969482422,51.290000915527344,9001800
2018-03-27,51.349998474121094,51.41999816894531,49.47999954223633,49.86000061035156,8622100
2018-03-28,49.689998626708984,50.4900016784668,49.369998931884766,50.06999969482422,7721000
2018-03-29,50.209999084472656,50.83000183105469,49.900001525878906,50.5,5399300
2018-04-02,50.45000076293945,50.630001068115234,49.029998779296875,49.68000030517578,8787100
2018-04-03,49.83000183105469,50.36000061035156,49.45000076293945,50.27000045776367,6682800
2018-04-04,49.5099983215332,50.880001068115234,49.459999084472656,50.68000030517578,6786500
2018-04-05,51.130001068115234,51.43000030517578,50.86000061035156,51.08000183105469,6911200
2018-04-06,50.540000915527344,50.93000030517578,49.849998474121094,50.279998779296875,7811300
2018-04-09,50.52000045776367,51.529998779296875,50.400001525878906,50.59000015258789,5628500
2018-04-10,51.11000061035156,51.38999938964844,50.66999816894531,51.08000183105469,6220000
2018-04-11,50.650001525878906,50.900001525878906,50.380001068115234,50.54999923706055,4345100
2018-04-12,50.959999084472656,51.5099983215332,50.79999923706055,51.2400016784668,5496100
2018-04-13,51.83000183105469,51.880001068115234,50.650001525878906,50.95000076293945,7670500
2018-04-16,51.34000015258789,51.529998779296875,51.06999969482422,51.40999984741211,8190400
2018-04-17,51.720001220703125,51.88999938964844,50.83000183105469,51.02000045776367,7813900
2018-04-18,51.060001373291016,51.11000061035156,49.810001373291016,50.0,12921300
2018-04-19,50.0,50.790000915527344,49.97999954223633,50.70000076293945,10690900
2018-04-20,50.84000015258789,51.08000183105469,50.130001068115234,50.43000030517578,7927200
2018-04-23,50.47999954223633,50.779998779296875,50.349998474121094,50.540000915527344,7893500
2018-04-24,50.65999984741211,51.290000915527344,50.09000015258789,50.41999816894531,6946600
2018-04-25,50.349998474121094,51.15999984741211,50.0,50.790000915527344,7252700
2018-04-26,50.689998626708984,51.11000061035156,50.58000183105469,50.779998779296875,5678900
2018-04-27,50.65999984741211,51.439998626708984,50.619998931884766,51.25,5177900
2018-04-30,51.41999816894531,51.61000061035156,50.45000076293945,50.45000076293945,7772200
2018-05-01,50.25,50.77000045776367,49.91999816894531,50.720001220703125,4410400
2018-05-02,50.540000915527344,50.61000061035156,49.77000045776367,49.86000061035156,6130900
2018-05-03,49.75,50.13999938964844,49.150001525878906,49.97999954223633,8468400
2018-05-04,49.63999938964844,50.72999954223633,49.439998626708984,50.34000015258789,6072200
2018-05-07,50.5099983215332,50.540000915527344,50.04999923706055,50.36000061035156,5572700
2018-05-08,50.33000183105469,50.7599983215332,50.06999969482422,50.33000183105469,5832400
2018-05-09,50.43000030517578,51.11000061035156,50.33000183105469,50.83000183105469,4784500
2018-05-10,50.90999984741211,51.27000045776367,50.56999969482422,51.16999816894531,5660000
2018-05-11,51.470001220703125,51.86000061035156,51.279998779296875,51.5,5037500
2018-05-14,51.68000030517578,51.70000076293945,51.04999923706055,51.18000030517578,4730100
2018-05-15,51.04999923706055,51.369998931884766,50.95000076293945,51.119998931884766,6915600
2018-05-16,51.02000045776367,51.27000045776367,50.77000045776367,50.9900016784668,5486100
2018-05-17,50.81999969482422,51.20000076293945,50.61000061035156,51.150001525878906,4636100
2018-05-18,51.11000061035156,51.11000061035156,50.470001220703125,50.54999923706055,4532000
2018-05-21,50.79999923706055,51.11000061035156,50.689998626708984,50.70000076293945,4675800
2018-05-22,50.849998474121094,51.56999969482422,50.75,51.060001373291016,6224400
2018-05-23,50.83000183105469,51.02000045776367,50.31999969482422,50.939998626708984,5295500
2018-05-24,50.619998931884766,50.849998474121094,50.25,50.66999816894531,5957600
2018-05-25,50.40999984741211,50.65999984741211,50.349998474121094,50.540000915527344,4346000
2018-05-29,50.0099983215332,50.060001373291016,48.4900016784668,48.86000061035156,11606400
2018-05-30,49.34000015258789,49.959999084472656,49.06999969482422,49.84000015258789,9303100
2018-05-31,49.66999816894531,50.09000015258789,49.25,49.9900016784668,13759800
2018-06-01,50.5,51.119998931884766,50.5,50.7599983215332,10247200
2018-06-04,50.970001220703125,51.130001068115234,50.70000076293945,50.90999984741211,4431600
2018-06-05,50.81999969482422,51.40999984741211,50.61000061035156,51.220001220703125,7965800
2018-06-06,51.38999938964844,51.90999984741211,51.16999816894531,51.77000045776367,7219400
2018-06-07,51.939998626708984,52.189998626708984,51.560001373291016,51.83000183105469,6164000
2018-06-08,51.65999984741211,52.08000183105469,51.59000015258789,52.04999923706055,4811300
2018-06-11,52.20000076293945,52.22999954223633,51.41999816894531,51.45000076293945,5942000
2018-06-12,51.45000076293945,51.689998626708984,51.029998779296875,51.22999954223633,5159200
2018-06-13,51.22999954223633,51.70000076293945,50.880001068115234,51.08000183105469,7445800
2018-06-14,51.290000915527344,51.36000061035156,50.7400016784668,50.93000030517578,10199500
2018-06-15,50.779998779296875,51.41999816894531,50.59000015258789,51.380001068115234,17352600
2018-06-18,50.83000183105469,51.380001068115234,50.560001373291016,51.279998779296875,7007400
2018-06-19,50.7599983215332,51.79999923706055,50.70000076293945,51.650001525878906,13592000
2018-06-20,52.029998779296875,52.06999969482422,51.2400016784668,51.27000045776367,7444900
2018-06-21,51.119998931884766,51.20000076293945,50.58000183105469,50.9900016784668,6484000
2018-06-22,51.36000061035156,51.400001525878906,50.709999084472656,50.7599983215332,7145200
2018-06-25,50.630001068115234,50.689998626708984,50.029998779296875,50.58000183105469,6741200
2018-06-26,50.529998779296875,50.65999984741211,49.900001525878906,50.20000076293945,6671600
2018-06-27,50.02000045776367,50.34000015258789,49.79999923706055,49.83000183105469,6961200
2018-06-28,49.63999938964844,49.939998626708984,49.2400016784668,49.619998931884766,5795400
2018-06-29,50.15999984741211,50.720001220703125,49.9900016784668,50.02000045776367,9521800
2018-07-02,49.619998931884766,50.439998626708984,49.59000015258789,50.40999984741211,5063800
2018-07-03,50.439998626708984,50.63999938964844,49.779998779296875,49.970001220703125,4506600
2018-07-05,50.27000045776367,50.369998931884766,49.810001373291016,49.93000030517578,5334300
2018-07-06,49.83000183105469,50.34000015258789,49.77000045776367,50.209999084472656,4085100
2018-07-09,50.380001068115234,51.63999938964844,50.29999923706055,51.369998931884766,6686500
2018-07-10,51.47999954223633,51.56999969482422,51.02000045776367,51.349998474121094,6618900
2018-07-11,51.130001068115234,51.63999938964844,50.81999969482422,51.2599983215332,6216200
2018-07-12,51.720001220703125,51.849998474121094,51.13999938964844,51.36000061035156,6453800
2018-07-13,51.04999923706055,51.29999923706055,50.61000061035156,50.90999984741211,6975600
2018-07-16,51.04999923706055,51.43000030517578,51.02000045776367,51.29999923706055,6932600
2018-07-17,51.400001525878906,51.68000030517578,51.18000030517578,51.29999923706055,9600900
2018-07-18,51.0,51.400001525878906,50.470001220703125,50.720001220703125,11592600
2018-07-19,50.65999984741211,51.619998931884766,50.65999984741211,51.36000061035156,12128400
2018-07-20,51.22999954223633,51.41999816894531,50.84000015258789,51.060001373291016,9167100
2018-07-23,51.099998474121094,51.900001525878906,51.029998779296875,51.869998931884766,7739700
2018-07-24,51.7599983215332,52.2400016784668,51.52000045776367,51.650001525878906,5939900
2018-07-25,51.540000915527344,51.75,51.349998474121094,51.619998931884766,7672600
2018-07-26,51.900001525878906,52.540000915527344,51.869998931884766,52.36000061035156,9397000
2018-07-27,52.36000061035156,52.72999954223633,52.279998779296875,52.599998474121094,7241600
2018-07-30,52.619998931884766,53.310001373291016,52.619998931884766,52.97999954223633,7139600
2018-07-31,53.029998779296875,53.349998474121094,52.88999938964844,53.0099983215332,9379300
2018-08-01,53.310001373291016,53.5099983215332,52.380001068115234,52.61000061035156,5685600
2018-08-02,52.22999954223633,52.63999938964844,52.13999938964844,52.54999923706055,4438100
2018-08-03,52.459999084472656,52.91999816894531,52.38999938964844,52.90999984741211,5313500
2018-08-06,52.81999969482422,53.189998626708984,52.79999923706055,52.93000030517578,5387700
2018-08-07,53.029998779296875,53.38999938964844,52.9900016784668,53.29999923706055,4620100
2018-08-08,53.290000915527344,53.790000915527344,53.08000183105469,53.52000045776367,4539700
2018-08-09,53.529998779296875,53.70000076293945,53.369998931884766,53.47999954223633,3829000
2018-08-10,52.93000030517578,53.31999969482422,52.75,53.099998474121094,5492000
2018-08-13,52.900001525878906,53.09000015258789,52.369998931884766,52.369998931884766,5338400
2018-08-14,52.43000030517578,53.209999084472656,52.43000030517578,53.16999816894531,4297300
2018-08-15,52.72999954223633,53.0099983215332,52.36000061035156,52.59000015258789,6182000
2018-08-16,52.810001373291016,53.380001068115234,52.79999923706055,53.15999984741211,4969900
2018-08-17,53.11000061035156,53.400001525878906,53.04999923706055,53.290000915527344,4457100
2018-08-20,53.2599983215332,53.849998474121094,53.2400016784668,53.81999969482422,5189900
2018-08-21,53.90999984741211,54.5099983215332,53.849998474121094,54.189998626708984,5228600
2018-08-22,54.08000183105469,54.11000061035156,53.810001373291016,53.939998626708984,3238300
2018-08-23,54.04999923706055,54.119998931884766,53.619998931884766,53.79999923706055,4214600
2018-08-24,53.88999938964844,54.130001068115234,53.7400016784668,54.0099983215332,4568300
2018-08-27,54.130001068115234,54.66999816894531,54.119998931884766,54.459999084472656,6070300
2018-08-28,54.5,54.720001220703125,54.13999938964844,54.20000076293945,4276700
2018-08-29,54.220001220703125,54.5099983215332,54.09000015258789,54.33000183105469,4476500
2018-08-30,54.220001220703125,54.369998931884766,53.91999816894531,54.040000915527344,6298700
2018-08-31,53.869998931884766,54.13999938964844,53.790000915527344,54.11000061035156,5159400
2018-09-04,54.209999084472656,54.34000015258789,53.84000015258789,54.2400016784668,4367600
2018-09-05,54.189998626708984,54.619998931884766,54.15999984741211,54.33000183105469,5325300
2018-09-06,54.349998474121094,54.5,54.08000183105469,54.33000183105469,3696400
2018-09-07,54.61000061035156,54.619998931884766,53.880001068115234,54.189998626708984,4938100
2018-09-10,54.290000915527344,54.400001525878906,54.09000015258789,54.130001068115234,2995700
2018-09-11,54.04999923706055,54.380001068115234,53.939998626708984,54.20000076293945,3383700
2018-09-12,54.209999084472656,54.2400016784668,53.4900016784668,53.54999923706055,5354900
2018-09-13,53.90999984741211,54.29999923706055,53.72999954223633,54.02000045776367,6687600
2018-09-14,54.02000045776367,54.25,53.970001220703125,54.13999938964844,5271400
2018-09-17,54.310001373291016,54.34000015258789,53.970001220703125,54.130001068115234,4507400
2018-09-18,54.16999816894531,54.380001068115234,53.970001220703125,54.150001525878906,4314500
2018-09-19,54.279998779296875,55.15999984741211,54.22999954223633,54.91999816894531,6814300
2018-09-20,55.209999084472656,55.470001220703125,55.099998474121094,55.349998474121094,5321200
2018-09-21,55.41999816894531,55.560001373291016,54.900001525878906,55.13999938964844,12672900
2018-09-24,55.0,55.310001373291016,54.34000015258789,54.41999816894531,5254100
2018-09-25,54.77000045776367,54.81999969482422,54.18000030517578,54.2599983215332,5569200
2018-09-26,54.52000045776367,54.52000045776367,53.52000045776367,53.61000061035156,5414700
2018-09-27,53.43000030517578,53.439998626708984,52.83000183105469,52.93000030517578,5812100
2018-09-28,52.72999954223633,52.880001068115234,52.47999954223633,52.810001373291016,8150300
2018-10-01,52.95000076293945,53.189998626708984,52.630001068115234,52.83000183105469,4724200
2018-10-02,52.810001373291016,53.060001373291016,52.439998626708984,52.7400016784668,5825400
2018-10-03,53.060001373291016,53.56999969482422,52.790000915527344,53.43000030517578,7735300
2018-10-04,53.36000061035156,54.09000015258789,53.36000061035156,53.68000030517578,5731500
2018-10-05,53.880001068115234,54.06999969482422,53.290000915527344,53.47999954223633,5202600
2018-10-08,53.45000076293945,54.060001373291016,53.380001068115234,53.93000030517578,5797800
2018-10-09,53.709999084472656,54.22999954223633,53.41999816894531,53.95000076293945,5517300
2018-10-10,54.15999984741211,54.65999984741211,53.310001373291016,53.33000183105469,9193300
2018-10-11,53.31999969482422,53.31999969482422,51.650001525878906,51.81999969482422,13404800
2018-10-12,52.36000061035156,52.43000030517578,50.0099983215332,50.790000915527344,12666900
2018-10-15,50.790000915527344,51.09000015258789,50.5099983215332,50.5099983215332,6879900
2018-10-16,50.79999923706055,51.060001373291016,50.22999954223633,50.970001220703125,9207100
2018-10-17,50.810001373291016,53.060001373291016,50.52000045776367,52.900001525878906,11626400
2018-10-18,53.34000015258789,53.40999984741211,52.02000045776367,52.130001068115234,11322800
2018-10-19,51.93000030517578,52.7599983215332,51.810001373291016,52.5,7664000
2018-10-22,52.61000061035156,52.650001525878906,51.290000915527344,51.43000030517578,8914600
2018-10-23,50.72999954223633,51.77000045776367,50.59000015258789,51.369998931884766,9206400
2018-10-24,51.189998626708984,51.29999923706055,50.18000030517578,50.279998779296875,9430100
2018-10-25,50.70000076293945,51.779998779296875,50.5099983215332,51.27000045776367,7672900
2018-10-26,50.75,51.209999084472656,50.290000915527344,50.90999984741211,10408800
2018-10-29,51.52000045776367,52.4900016784668,51.13999938964844,51.560001373291016,9949100
2018-10-30,51.95000076293945,52.40999984741211,51.540000915527344,52.31999969482422,10213900
2018-10-31,52.65999984741211,52.880001068115234,52.209999084472656,52.27000045776367,13027000
2018-11-01,52.38999938964844,52.630001068115234,52.0099983215332,52.130001068115234,9812100
2018-11-02,52.43000030517578,52.77000045776367,51.4900016784668,52.06999969482422,8273600
2018-11-05,52.060001373291016,52.84000015258789,51.84000015258789,52.34000015258789,5448300
2018-11-06,52.220001220703125,52.65999984741211,51.95000076293945,52.63999938964844,4635600
2018-11-07,52.77000045776367,52.93000030517578,51.79999923706055,52.58000183105469,6715900
2018-11-08,52.310001373291016,53.25,52.27000045776367,52.93000030517578,5463800
2018-11-09,52.810001373291016,53.43000030517578,52.75,53.150001525878906,5530100
2018-11-12,53.150001525878906,53.439998626708984,52.79999923706055,52.91999816894531,7060100
2018-11-13,52.970001220703125,53.970001220703125,52.95000076293945,53.689998626708984,8138100
2018-11-14,53.9900016784668,54.540000915527344,53.2599983215332,54.0,13371700
2018-11-15,53.290000915527344,54.790000915527344,53.09000015258789,54.65999984741211,9758900
2018-11-16,54.400001525878906,55.209999084472656,54.34000015258789,54.91999816894531,9335200
2018-11-19,54.970001220703125,55.310001373291016,54.630001068115234,55.0,8109600
2018-11-20,54.939998626708984,55.349998474121094,53.86000061035156,54.11000061035156,9495600
2018-11-21,54.220001220703125,54.560001373291016,53.650001525878906,53.68000030517578,5830500
2018-11-23,53.29999923706055,53.959999084472656,53.119998931884766,53.52000045776367,2243300
2018-11-26,54.0,54.619998931884766,53.970001220703125,54.15999984741211,6429300
2018-11-27,53.790000915527344,54.029998779296875,53.470001220703125,53.720001220703125,7409500
2018-11-28,54.02000045776367,54.34000015258789,53.22999954223633,54.290000915527344,7105400
2018-11-29,54.0,54.31999969482422,53.790000915527344,54.040000915527344,5369300
2018-11-30,54.04999923706055,54.880001068115234,54.040000915527344,54.459999084472656,10299300
2018-12-03,54.880001068115234,55.040000915527344,53.900001525878906,54.400001525878906,6851100
2018-12-04,54.02000045776367,54.33000183105469,52.40999984741211,52.599998474121094,9814800
2018-12-06,51.709999084472656,52.45000076293945,51.18000030517578,52.34000015258789,13575600
2018-12-07,52.27000045776367,52.869998931884766,51.38999938964844,51.7599983215332,9561900
2018-12-10,51.70000076293945,51.86000061035156,50.0099983215332,50.58000183105469,11217900
2018-12-11,51.029998779296875,51.470001220703125,49.959999084472656,50.119998931884766,7983200
2018-12-12,50.619998931884766,50.869998931884766,49.880001068115234,50.130001068115234,8372000
2018-12-13,50.22999954223633,50.43000030517578,48.970001220703125,49.189998626708984,11919500
2018-12-14,48.689998626708984,49.5,48.459999084472656,48.75,11037700
2018-12-17,48.5099983215332,49.040000915527344,47.65999984741211,47.939998626708984,10081800
2018-12-18,48.22999954223633,48.43000030517578,46.959999084472656,47.2599983215332,10182000
2018-12-19,47.16999816894531,47.599998474121094,45.900001525878906,46.220001220703125,13879300
2018-12-20,45.900001525878906,46.439998626708984,45.43000030517578,45.77000045776367,13596600
2018-12-21,45.470001220703125,46.25,44.310001373291016,44.61000061035156,22650900
2018-12-24,44.0,44.63999938964844,43.650001525878906,43.7599983215332,6830500
2018-12-26,43.91999816894531,45.38999938964844,43.13999938964844,45.38999938964844,10866400
2018-12-27,44.84000015258789,45.650001525878906,44.119998931884766,45.650001525878906,9209900
2018-12-28,45.47999954223633,45.779998779296875,45.02000045776367,45.209999084472656,8372200
2018-12-31,45.34000015258789,45.81999969482422,45.060001373291016,45.70000076293945,7388200
2019-01-02,45.220001220703125,46.38999938964844,45.04999923706055,46.349998474121094,8155500
2019-01-03,46.20000076293945,46.439998626708984,45.63999938964844,45.70000076293945,8141100
2019-01-04,46.439998626708984,47.130001068115234,46.150001525878906,46.83000183105469,7725300
2019-01-07,46.65999984741211,47.099998474121094,46.459999084472656,46.61000061035156,5927000
2019-01-08,47.0099983215332,47.15999984741211,46.2400016784668,46.90999984741211,6654400
2019-01-09,47.02000045776367,47.5,46.689998626708984,47.40999984741211,7765100
2019-01-10,47.310001373291016,47.59000015258789,46.86000061035156,47.310001373291016,8050800
2019-01-11,47.099998474121094,47.54999923706055,46.7599983215332,47.439998626708984,5196100
2019-01-14,47.150001525878906,47.900001525878906,46.880001068115234,47.790000915527344,8209600
2019-01-15,47.61000061035156,48.189998626708984,47.279998779296875,47.970001220703125,7676600
2019-01-16,48.2599983215332,49.4900016784668,48.15999984741211,49.11000061035156,9913500
2019-01-17,48.970001220703125,50.0,48.970001220703125,49.75,11787200
2019-01-18,50.11000061035156,50.400001525878906,49.59000015258789,50.220001220703125,10014100
2019-01-22,49.95000076293945,50.400001525878906,49.880001068115234,50.13999938964844,10614800
2019-01-23,50.2599983215332,50.66999816894531,49.9900016784668,50.529998779296875,7785100
2019-01-24,50.34000015258789,51.02000045776367,50.290000915527344,50.88999938964844,5654800
2019-01-25,51.349998474121094,51.630001068115234,51.06999969482422,51.369998931884766,6622400
2019-01-28,50.90999984741211,51.310001373291016,50.81999969482422,51.27000045776367,5207000
2019-01-29,51.18000030517578,51.5,50.86000061035156,51.04999923706055,5105100
2019-01-30,51.0,51.43000030517578,50.810001373291016,51.040000915527344,5451200
2019-01-31,50.709999084472656,51.33000183105469,50.5,51.15999984741211,9033500
2019-02-01,51.2599983215332,51.61000061035156,51.0099983215332,51.290000915527344,4597100
2019-02-04,51.209999084472656,51.56999969482422,50.9900016784668,51.56999969482422,4013400
2019-02-05,51.61000061035156,51.650001525878906,51.04999923706055,51.47999954223633,5483200
2019-02-06,51.38999938964844,51.790000915527344,51.220001220703125,51.439998626708984,4898700
2019-02-07,51.54999923706055,52.0,50.540000915527344,50.95000076293945,10708100
2019-02-08,50.810001373291016,51.0,49.939998626708984,50.58000183105469,8918000
2019-02-11,50.81999969482422,50.900001525878906,50.38999938964844,50.54999923706055,4797500
2019-02-12,51.0099983215332,51.439998626708984,50.93000030517578,51.209999084472656,7526100
2019-02-13,51.220001220703125,51.459999084472656,50.880001068115234,50.90999984741211,5075300
2019-02-14,50.5099983215332,50.70000076293945,50.119998931884766,50.459999084472656,5507900
2019-02-15,50.95000076293945,51.36000061035156,50.7599983215332,51.310001373291016,7757300
2019-02-19,51.04999923706055,51.560001373291016,50.849998474121094,51.310001373291016,7179300
2019-02-20,51.310001373291016,51.650001525878906,51.04999923706055,51.599998474121094,7722900
2019-02-21,51.529998779296875,51.54999923706055,50.91999816894531,51.04999923706055,6145700
2019-02-22,51.209999084472656,51.34000015258789,50.95000076293945,51.279998779296875,4959500
2019-02-25,51.56999969482422,52.189998626708984,51.52000045776367,51.61000061035156,6154400
2019-02-26,51.40999984741211,51.810001373291016,51.13999938964844,51.29999923706055,4823300
2019-02-27,51.31999969482422,51.58000183105469,51.16999816894531,51.540000915527344,3838000
2019-02-28,51.61000061035156,51.720001220703125,51.439998626708984,51.689998626708984,5808800
2019-03-01,52.119998931884766,52.38999938964844,51.47999954223633,51.720001220703125,5734600
2019-03-04,51.90999984741211,52.31999969482422,51.099998474121094,51.66999816894531,4610900
2019-03-05,51.66999816894531,51.709999084472656,51.08000183105469,51.540000915527344,4415900
2019-03-06,51.400001525878906,51.619998931884766,50.97999954223633,51.099998474121094,4345700
2019-03-07,51.0,51.060001373291016,50.369998931884766,50.68000030517578,4048500
2019-03-08,50.290000915527344,50.90999984741211,50.25,50.869998931884766,4024500
2019-03-11,51.06999969482422,51.4900016784668,51.0,51.459999084472656,5558300
2019-03-12,51.61000061035156,51.630001068115234,50.939998626708984,51.04999923706055,6531500
2019-03-13,51.20000076293945,51.709999084472656,50.939998626708984,51.58000183105469,5111800
2019-03-14,51.72999954223633,52.06999969482422,51.4900016784668,51.709999084472656,3595500
2019-03-15,51.939998626708984,52.130001068115234,51.630001068115234,52.06999969482422,9076500
2019-03-18,52.2599983215332,52.650001525878906,52.18000030517578,52.45000076293945,7244600
2019-03-19,52.779998779296875,52.959999084472656,51.81999969482422,51.93000030517578,5645500
2019-03-20,51.849998474121094,51.90999984741211,50.33000183105469,50.369998931884766,6540200
2019-03-21,50.02000045776367,50.18000030517578,49.349998474121094,49.65999984741211,8488700
2019-03-22,49.279998779296875,49.380001068115234,48.09000015258789,48.279998779296875,8290500
2019-03-25,48.400001525878906,48.79999923706055,47.81999969482422,48.099998474121094,6279900
2019-03-26,48.310001373291016,48.869998931884766,48.130001068115234,48.5099983215332,7669900
2019-03-27,48.349998474121094,48.43000030517578,47.959999084472656,48.130001068115234,7039100
2019-03-28,48.0099983215332,48.290000915527344,47.56999969482422,48.040000915527344,5147300
2019-03-29,48.439998626708984,48.52000045776367,47.869998931884766,48.189998626708984,8608300
2019-04-01,48.54999923706055,49.13999938964844,48.29999923706055,49.06999969482422,10065200
2019-04-02,49.06999969482422,49.34000015258789,48.810001373291016,49.13999938964844,7568000
2019-04-03,49.4900016784668,49.959999084472656,49.2400016784668,49.41999816894531,5042500
2019-04-04,49.380001068115234,50.13999938964844,49.33000183105469,49.790000915527344,5130700
2019-04-05,49.79999923706055,50.099998474121094,49.38999938964844,49.70000076293945,5756500
2019-04-08,49.689998626708984,49.939998626708984,49.63999938964844,49.880001068115234,4920100
2019-04-09,49.59000015258789,49.59000015258789,49.11000061035156,49.220001220703125,4551100
2019-04-10,49.31999969482422,49.47999954223633,48.91999816894531,49.29999923706055,5430200
2019-04-11,49.529998779296875,49.97999954223633,49.29999923706055,49.61000061035156,4651500
2019-04-12,50.189998626708984,50.7599983215332,49.65999984741211,50.220001220703125,11394900
2019-04-15,50.22999954223633,50.290000915527344,49.66999816894531,49.88999938964844,4587500
2019-04-16,49.81999969482422,50.380001068115234,49.380001068115234,50.279998779296875,7570500
2019-04-17,49.349998474121094,50.880001068115234,49.02000045776367,50.66999816894531,7825600
2019-04-18,50.61000061035156,51.47999954223633,50.43000030517578,51.209999084472656,8816300
2019-04-22,51.11000061035156,51.70000076293945,50.880001068115234,51.20000076293945,8049600
2019-04-23,51.06999969482422,51.810001373291016,50.68000030517578,51.689998626708984,7165000
2019-04-24,51.47999954223633,52.0,51.380001068115234,51.68000030517578,5567500
2019-04-25,51.349998474121094,52.060001373291016,51.25,51.84000015258789,5146300
2019-04-26,51.90999984741211,52.349998474121094,51.70000076293945,52.34000015258789,5082900
2019-04-29,52.45000076293945,53.33000183105469,52.34000015258789,53.0,5613100
2019-04-30,53.130001068115234,53.380001068115234,52.849998474121094,53.31999969482422,5947500
2019-05-01,53.27000045776367,53.72999954223633,52.880001068115234,53.11000061035156,5558900
2019-05-02,53.209999084472656,53.529998779296875,52.79999923706055,53.18000030517578,4589300
2019-05-03,53.290000915527344,53.779998779296875,53.20000076293945,53.47999954223633,4205600
2019-05-06,52.63999938964844,53.65999984741211,52.5,53.34000015258789,4557000
2019-05-07,52.790000915527344,53.11000061035156,52.29999923706055,52.560001373291016,6097500
2019-05-08,52.41999816894531,52.84000015258789,52.189998626708984,52.220001220703125,5453200
2019-05-09,51.79999923706055,52.189998626708984,51.470001220703125,52.119998931884766,5560100
2019-05-10,51.91999816894531,52.34000015258789,51.29999923706055,52.16999816894531,4759400
2019-05-13,51.459999084472656,51.720001220703125,50.689998626708984,50.810001373291016,5612100
2019-05-14,50.84000015258789,51.630001068115234,50.720001220703125,51.04999923706055,6210900
2019-05-15,50.540000915527344,51.099998474121094,50.349998474121094,50.790000915527344,4071000
2019-05-16,51.06999969482422,51.810001373291016,51.02000045776367,51.5,4460200
2019-05-17,51.099998474121094,51.93000030517578,51.099998474121094,51.560001373291016,5278400
2019-05-20,51.4900016784668,52.09000015258789,51.209999084472656,51.720001220703125,4573000
2019-05-21,51.880001068115234,52.130001068115234,51.720001220703125,51.900001525878906,3369000
2019-05-22,51.7400016784668,51.970001220703125,51.47999954223633,51.849998474121094,3540200
2019-05-23,51.54999923706055,51.58000183105469,50.7400016784668,51.16999816894531,5142700
2019-05-24,51.459999084472656,51.52000045776367,51.18000030517578,51.33000183105469,5636700
2019-05-28,51.20000076293945,51.369998931884766,50.61000061035156,50.66999816894531,6431700
2019-05-29,50.5,50.79999923706055,50.06999969482422,50.599998474121094,4865900
2019-05-30,50.619998931884766,51.040000915527344,49.9900016784668,50.400001525878906,4688600
2019-05-31,49.869998931884766,50.33000183105469,49.75,50.20000076293945,5678500
2019-06-03,50.060001373291016,50.790000915527344,49.849998474121094,50.72999954223633,6045400
2019-06-04,51.459999084472656,52.29999923706055,51.2599983215332,52.209999084472656,6856500
2019-06-05,52.2400016784668,52.599998474121094,51.900001525878906,52.5099983215332,5021600
2019-06-06,52.61000061035156,52.959999084472656,52.38999938964844,52.77000045776367,4327200
2019-06-07,52.58000183105469,52.88999938964844,52.45000076293945,52.66999816894531,4139700
2019-06-10,53.0,53.470001220703125,52.88999938964844,52.900001525878906,4866300
2019-06-11,53.2599983215332,53.63999938964844,52.95000076293945,53.18000030517578,3820200
2019-06-12,53.13999938964844,53.459999084472656,52.560001373291016,52.689998626708984,4153400
2019-06-13,52.77000045776367,53.08000183105469,52.5,52.689998626708984,4313900
2019-06-14,52.650001525878906,52.81999969482422,51.97999954223633,52.619998931884766,5665600
2019-06-17,52.619998931884766,52.77000045776367,51.400001525878906,51.5099983215332,5059900
2019-06-18,51.560001373291016,52.41999816894531,51.349998474121094,52.189998626708984,5293000
2019-06-19,52.380001068115234,52.95000076293945,52.040000915527344,52.119998931884766,5664000
2019-06-20,52.36000061035156,52.619998931884766,51.31999969482422,52.15999984741211,4533500
2019-06-21,52.18000030517578,52.619998931884766,52.119998931884766,52.2599983215332,9004800
2019-06-24,52.20000076293945,52.650001525878906,51.88999938964844,52.29999923706055,4681500
2019-06-25,52.220001220703125,52.2599983215332,51.59000015258789,52.040000915527344,4671900
2019-06-26,52.209999084472656,52.5099983215332,51.880001068115234,51.97999954223633,5012800
2019-06-27,51.849998474121094,52.25,51.68000030517578,51.97999954223633,3738700
2019-06-28,52.38999938964844,52.75,52.08000183105469,52.400001525878906,10087100
2019-07-01,52.93000030517578,53.220001220703125,52.75,53.0099983215332,3882300
2019-07-02,52.880001068115234,53.189998626708984,52.630001068115234,52.93000030517578,3175200
2019-07-03,53.06999969482422,53.349998474121094,52.900001525878906,53.25,2102700
2019-07-05,53.54999923706055,53.84000015258789,53.349998474121094,53.68000030517578,3195300
2019-07-08,53.33000183105469,53.68000030517578,52.90999984741211,53.099998474121094,4123900
2019-07-09,52.790000915527344,53.349998474121094,52.709999084472656,53.34000015258789,3676100
2019-07-10,53.41999816894531,53.5099983215332,52.95000076293945,53.18000030517578,3817500
2019-07-11,53.290000915527344,53.529998779296875,53.099998474121094,53.470001220703125,6137300
2019-07-12,53.86000061035156,53.86000061035156,53.38999938964844,53.599998474121094,4257700
2019-07-15,53.65999984741211,53.70000076293945,52.900001525878906,53.119998931884766,4484500
2019-07-16,53.279998779296875,53.310001373291016,52.95000076293945,53.040000915527344,5441300
2019-07-17,53.04999923706055,54.84000015258789,52.810001373291016,54.220001220703125,8805200
2019-07-18,54.41999816894531,55.369998931884766,54.29999923706055,55.189998626708984,7893700
2019-07-19,55.06999969482422,55.540000915527344,54.970001220703125,55.0,7237700
2019-07-22,54.970001220703125,55.439998626708984,54.83000183105469,55.33000183105469,5568400
2019-07-23,55.349998474121094,56.11000061035156,55.33000183105469,56.029998779296875,7422200
2019-07-24,55.86000061035156,56.7599983215332,55.86000061035156,56.59000015258789,7947800
2019-07-25,56.81999969482422,56.95000076293945,56.40999984741211,56.560001373291016,5304400
2019-07-26,56.54999923706055,57.47999954223633,56.54999923706055,57.380001068115234,6396300
2019-07-29,57.16999816894531,57.66999816894531,57.02000045776367,57.060001373291016,4603200
2019-07-30,56.779998779296875,57.290000915527344,56.650001525878906,57.13999938964844,5468000
2019-07-31,57.33000183105469,57.810001373291016,57.0099983215332,57.150001525878906,6685100
2019-08-01,56.849998474121094,57.189998626708984,55.47999954223633,55.689998626708984,8786800
2019-08-02,55.34000015258789,55.68000030517578,54.619998931884766,55.43000030517578,7249400
2019-08-05,54.41999816894531,54.5,52.61000061035156,53.04999923706055,7480400
2019-08-06,53.33000183105469,53.61000061035156,52.5,53.560001373291016,4668300
2019-08-07,52.58000183105469,52.779998779296875,51.33000183105469,52.61000061035156,6955700
2019-08-08,53.09000015258789,53.2400016784668,52.689998626708984,52.959999084472656,5181300
2019-08-09,52.81999969482422,53.13999938964844,52.209999084472656,52.790000915527344,5491200
2019-08-12,52.20000076293945,52.630001068115234,51.97999954223633,52.2400016784668,3045000
2019-08-13,52.310001373291016,53.220001220703125,51.86000061035156,52.83000183105469,4671500
2019-08-14,51.83000183105469,52.220001220703125,50.83000183105469,50.900001525878906,9297700
2019-08-15,51.25,51.65999984741211,50.84000015258789,51.279998779296875,6654000
2019-08-16,51.650001525878906,52.459999084472656,51.529998779296875,52.279998779296875,6192300
2019-08-19,53.119998931884766,53.209999084472656,52.5,52.66999816894531,3563000
2019-08-20,52.33000183105469,52.4900016784668,51.56999969482422,51.630001068115234,4399100
2019-08-21,52.099998474121094,52.209999084472656,51.599998474121094,51.86000061035156,3236600
2019-08-22,52.25,52.439998626708984,51.720001220703125,52.04999923706055,3522700
2019-08-23,51.869998931884766,52.290000915527344,50.599998474121094,50.95000076293945,6039900
2019-08-26,51.31999969482422,51.34000015258789,50.79999923706055,51.290000915527344,3968900
2019-08-27,51.5099983215332,51.61000061035156,50.810001373291016,51.040000915527344,4696400
2019-08-28,50.79999923706055,51.790000915527344,50.790000915527344,51.58000183105469,3545600
2019-08-29,52.119998931884766,52.54999923706055,52.02000045776367,52.38999938964844,3652400
2019-08-30,52.779998779296875,52.97999954223633,52.45000076293945,52.689998626708984,4975600
2019-09-03,52.400001525878906,52.40999984741211,51.7400016784668,52.02000045776367,4508900
2019-09-04,52.5099983215332,52.599998474121094,52.18000030517578,52.459999084472656,3031200
2019-09-05,53.130001068115234,54.06999969482422,53.09000015258789,53.27000045776367,4774500
2019-09-06,53.38999938964844,53.779998779296875,53.33000183105469,53.40999984741211,4991900
2019-09-09,53.91999816894531,55.060001373291016,53.68000030517578,54.90999984741211,5060800
2019-09-10,55.150001525878906,55.86000061035156,54.9900016784668,55.86000061035156,6414000
2019-09-11,55.81999969482422,55.970001220703125,55.13999938964844,55.95000076293945,5438100
2019-09-12,55.5,56.0,54.560001373291016,55.72999954223633,7144000
2019-09-13,56.130001068115234,56.45000076293945,55.689998626708984,56.08000183105469,5680800
2019-09-16,55.63999938964844,55.90999984741211,55.45000076293945,55.86000061035156,3880500
2019-09-17,55.29999923706055,55.93000030517578,55.040000915527344,55.900001525878906,5358400
2019-09-18,55.709999084472656,56.15999984741211,55.38999938964844,55.90999984741211,3850100
2019-09-19,56.02000045776367,56.22999954223633,55.63999938964844,55.79999923706055,3543800
2019-09-20,55.7599983215332,56.040000915527344,55.349998474121094,55.439998626708984,18203300
2019-09-23,55.08000183105469,55.77000045776367,55.04999923706055,55.68000030517578,3541800
2019-09-24,55.959999084472656,56.0,55.11000061035156,55.33000183105469,5249000
2019-09-25,55.58000183105469,55.91999816894531,55.34000015258789,55.7400016784668,3826000
2019-09-26,55.720001220703125,55.849998474121094,55.380001068115234,55.56999969482422,5115500
2019-09-27,55.529998779296875,55.779998779296875,55.06999969482422,55.43000030517578,4532500
2019-09-30,55.0,55.66999816894531,54.959999084472656,55.34000015258789,4403900
2019-10-01,55.61000061035156,55.68000030517578,53.709999084472656,53.779998779296875,5620300
2019-10-02,53.47999954223633,53.52000045776367,52.56999969482422,52.880001068115234,5346800
2019-10-03,52.720001220703125,53.06999969482422,52.08000183105469,53.04999923706055,4134700
2019-10-04,53.09000015258789,54.18000030517578,53.0,54.09000015258789,3657800
2019-10-07,53.900001525878906,54.29999923706055,53.83000183105469,53.93000030517578,3610900
2019-10-08,53.40999984741211,53.40999984741211,52.2400016784668,52.380001068115234,7799500
2019-10-09,52.72999954223633,52.849998474121094,52.29999923706055,52.61000061035156,3316600
2019-10-10,52.86000061035156,53.439998626708984,52.7400016784668,53.02000045776367,4432800
2019-10-11,54.0,54.119998931884766,53.43000030517578,53.470001220703125,5432200
2019-10-14,53.220001220703125,53.540000915527344,53.13999938964844,53.2599983215332,3708000
2019-10-15,53.33000183105469,54.0099983215332,53.119998931884766,53.7599983215332,8012800
2019-10-16,54.849998474121094,55.459999084472656,54.279998779296875,54.56999969482422,7941300
2019-10-17,54.79999923706055,55.16999816894531,54.439998626708984,54.709999084472656,4881300
2019-10-18,54.79999923706055,55.2599983215332,54.58000183105469,55.06999969482422,6217700
2019-10-21,55.709999084472656,56.34000015258789,55.61000061035156,56.189998626708984,4782100
2019-10-22,56.099998474121094,57.04999923706055,56.02000045776367,56.650001525878906,7135600
2019-10-23,56.5,56.849998474121094,56.33000183105469,56.58000183105469,4677900
2019-10-24,56.560001373291016,56.720001220703125,56.06999969482422,56.310001373291016,4934900
2019-10-25,56.25,57.04999923706055,56.25,56.7400016784668,3877000
2019-10-28,57.02000045776367,57.33000183105469,56.810001373291016,57.02000045776367,4661200
2019-10-29,56.900001525878906,57.709999084472656,56.7400016784668,57.34000015258789,4269800
2019-10-30,57.220001220703125,57.380001068115234,56.9900016784668,57.119998931884766,4745900
2019-10-31,56.810001373291016,57.119998931884766,56.36000061035156,57.02000045776367,4906800
2019-11-01,57.54999923706055,57.939998626708984,57.380001068115234,57.58000183105469,5870200
2019-11-04,58.0,58.2400016784668,57.90999984741211,58.13999938964844,6791000
2019-11-05,58.400001525878906,58.880001068115234,58.25,58.59000015258789,5910200
2019-11-06,58.5,58.84000015258789,58.31999969482422,58.7599983215332,4777800
2019-11-07,59.22999954223633,59.709999084472656,58.97999954223633,59.099998474121094,5205500
2019-11-08,59.0099983215332,59.04999923706055,58.54999923706055,58.900001525878906,3214700
2019-11-11,58.5,58.939998626708984,58.38999938964844,58.63999938964844,1790900
2019-11-12,58.599998474121094,58.849998474121094,58.380001068115234,58.47999954223633,3254300
2019-11-13,58.209999084472656,58.810001373291016,57.93000030517578,58.61000061035156,4090800
2019-11-14,58.5,58.68000030517578,58.18000030517578,58.56999969482422,3304600
2019-11-15,58.79999923706055,59.31999969482422,58.68000030517578,59.09000015258789,5069900
2019-11-18,59.0099983215332,59.65999984741211,59.0099983215332,59.560001373291016,4845500
2019-11-19,59.630001068115234,59.77000045776367,59.13999938964844,59.41999816894531,4974700
2019-11-20,59.150001525878906,59.439998626708984,58.72999954223633,59.11000061035156,4287600
2019-11-21,59.380001068115234,59.709999084472656,59.08000183105469,59.4900016784668,5880400
2019-11-22,59.52000045776367,60.04999923706055,59.5,60.04999923706055,6548900
2019-11-25,60.040000915527344,60.5099983215332,59.65999984741211,59.81999969482422,8473300
2019-11-26,59.77000045776367,60.2400016784668,59.70000076293945,59.91999816894531,7285600
2019-11-27,60.15999984741211,60.34000015258789,59.970001220703125,60.189998626708984,4246500
2019-11-29,60.22999954223633,60.29999923706055,59.91999816894531,60.029998779296875,3394800
2019-12-02,60.25,60.470001220703125,59.68000030517578,59.7599983215332,5085600
2019-12-03,59.15999984741211,59.15999984741211,58.63999938964844,58.93000030517578,8044600
2019-12-04,59.06999969482422,59.70000076293945,58.959999084472656,59.310001373291016,5926800
2019-12-05,59.400001525878906,59.880001068115234,59.16999816894531,59.599998474121094,4925400
2019-12-06,60.25,60.58000183105469,60.11000061035156,60.13999938964844,5894300
2019-12-09,59.9900016784668,60.40999984741211,59.90999984741211,60.0,4357900
2019-12-10,59.83000183105469,60.15999984741211,59.709999084472656,59.95000076293945,5719400
2019-12-11,60.060001373291016,60.45000076293945,59.189998626708984,59.25,8940500
2019-12-12,59.220001220703125,60.70000076293945,59.20000076293945,60.54999923706055,7120600
2019-12-13,60.47999954223633,60.810001373291016,60.040000915527344,60.27000045776367,5424800
2019-12-16,60.939998626708984,61.11000061035156,60.540000915527344,60.65999984741211,6758000
2019-12-17,60.61000061035156,60.970001220703125,60.47999954223633,60.68000030517578,7301600
2019-12-18,60.75,60.81999969482422,59.61000061035156,60.09000015258789,12497800
2019-12-19,60.02000045776367,60.31999969482422,59.869998931884766,60.0099983215332,8029200
2019-12-20,60.689998626708984,60.91999816894531,59.720001220703125,59.77000045776367,14484000
2019-12-23,59.77000045776367,59.97999954223633,59.459999084472656,59.58000183105469,4971300
2019-12-24,59.66999816894531,59.79999923706055,59.52000045776367,59.66999816894531,2246200
2019-12-26,59.86000061035156,60.209999084472656,59.63999938964844,60.150001525878906,4155100
2019-12-27,60.36000061035156,60.36000061035156,59.650001525878906,59.72999954223633,3661800
2019-12-30,59.560001373291016,59.689998626708984,59.06999969482422,59.16999816894531,4020100
2019-12-31,59.099998474121094,59.38999938964844,58.869998931884766,59.290000915527344,4732000
2020-01-02,59.470001220703125,59.47999954223633,59.0099983215332,59.20000076293945,5002100
2020-01-03,58.5,58.810001373291016,58.02000045776367,58.5099983215332,5161800
2020-01-06,57.06999969482422,57.790000915527344,56.81999969482422,57.709999084472656,6869200
2020-01-07,57.529998779296875,57.689998626708984,57.13999938964844,57.15999984741211,4006800
2020-01-08,57.20000076293945,57.5099983215332,57.029998779296875,57.040000915527344,5627500
2020-01-09,57.349998474121094,57.560001373291016,56.86000061035156,57.060001373291016,5775400
2020-01-10,57.099998474121094,57.150001525878906,56.58000183105469,56.66999816894531,5285000
2020-01-13,56.52000045776367,56.779998779296875,56.189998626708984,56.709999084472656,6235800
2020-01-14,56.689998626708984,57.20000076293945,56.470001220703125,56.59000015258789,6866500
2020-01-15,55.470001220703125,55.81999969482422,54.4900016784668,54.970001220703125,10158500
2020-01-16,54.75,55.27000045776367,54.400001525878906,55.189998626708984,12176100
2020-01-17,55.31999969482422,55.4900016784668,55.11000061035156,55.349998474121094,9546400
2020-01-21,54.88999938964844,54.9900016784668,54.36000061035156,54.41999816894531,9490600
2020-01-22,54.54999923706055,55.02000045776367,54.45000076293945,54.939998626708984,6804900
2020-01-23,54.790000915527344,55.0099983215332,54.349998474121094,54.880001068115234,7107800
2020-01-24,54.86000061035156,54.86000061035156,53.5,53.84000015258789,6179500
2020-01-27,53.0,53.709999084472656,52.869998931884766,53.540000915527344,6296200
2020-01-28,53.84000015258789,54.400001525878906,53.66999816894531,53.86000061035156,5965200
2020-01-29,53.97999954223633,54.36000061035156,53.529998779296875,53.599998474121094,5026600
2020-01-30,53.189998626708984,54.31999969482422,53.18000030517578,54.25,6190800
2020-01-31,53.7599983215332,53.90999984741211,53.04999923706055,53.220001220703125,6355100
2020-02-03,53.56999969482422,54.25,53.54999923706055,53.689998626708984,6336900
2020-02-04,54.380001068115234,54.84000015258789,54.189998626708984,54.220001220703125,5512200
2020-02-05,55.0,55.38999938964844,54.810001373291016,55.20000076293945,6071600
2020-02-06,55.52000045776367,55.599998474121094,54.72999954223633,54.79999923706055,4608800
2020-02-07,54.63999938964844,54.7400016784668,54.29999923706055,54.619998931884766,3626700
2020-02-10,54.439998626708984,54.63999938964844,54.099998474121094,54.63999938964844,5602700
2020-02-11,54.709999084472656,55.310001373291016,54.70000076293945,54.93000030517578,5309400
2020-02-12,55.2599983215332,55.689998626708984,54.790000915527344,54.810001373291016,4112400
2020-02-13,54.65999984741211,55.369998931884766,54.47999954223633,55.18000030517578,4928100
2020-02-14,55.209999084472656,55.33000183105469,54.84000015258789,55.11000061035156,4351500
2020-02-18,54.880001068115234,55.099998474121094,53.79999923706055,54.41999816894531,5591200
2020-02-19,54.70000076293945,54.880001068115234,54.61000061035156,54.75,4219800
2020-02-20,54.56999969482422,55.22999954223633,54.52000045776367,54.79999923706055,4906200
2020-02-21,54.52000045776367,54.689998626708984,54.04999923706055,54.54999923706055,5666000
2020-02-24,53.04999923706055,53.599998474121094,52.95000076293945,53.08000183105469,7773800
2020-02-25,53.029998779296875,53.33000183105469,50.54999923706055,50.720001220703125,10564600
2020-02-26,51.189998626708984,51.45000076293945,49.650001525878906,49.65999984741211,12018000
2020-02-27,48.70000076293945,49.58000183105469,47.5099983215332,47.52000045776367,13413900
2020-02-28,46.0099983215332,46.709999084472656,44.90999984741211,46.439998626708984,24626100
2020-03-02,46.47999954223633,48.15999984741211,45.5099983215332,48.15999984741211,12673900
2020-03-03,47.97999954223633,49.040000915527344,45.68000030517578,46.099998474121094,13197700
2020-03-04,46.56999969482422,46.79999923706055,45.31999969482422,46.65999984741211,12095400
2020-03-05,45.29999923706055,45.29999923706055,43.130001068115234,43.779998779296875,12815800
2020-03-06,41.68000030517578,42.72999954223633,41.40999984741211,42.45000076293945,14127500
2020-03-09,38.02000045776367,39.04999923706055,35.880001068115234,36.31999969482422,17811700
2020-03-10,38.439998626708984,38.93000030517578,36.150001525878906,38.63999938964844,16815700
2020-03-11,37.0,37.650001525878906,35.529998779296875,36.209999084472656,18947700
2020-03-12,33.630001068115234,34.400001525878906,31.020000457763672,31.610000610351562,20621100
2020-03-13,34.619998931884766,37.150001525878906,32.959999084472656,37.099998474121094,20211400
2020-03-16,30.049999237060547,35.5,30.0,32.56999969482422,14280000
2020-03-17,33.369998931884766,34.310001373291016,31.239999771118164,33.720001220703125,16232200
2020-03-18,31.389999389648438,33.959999084472656,30.90999984741211,33.0,18092700
2020-03-19,32.33000183105469,33.93000030517578,31.06999969482422,33.209999084472656,16042700
2020-03-20,33.880001068115234,33.93000030517578,31.049999237060547,32.56999969482422,20375900
2020-03-23,31.760000228881836,32.25,28.59000015258789,28.93000030517578,13417600
2020-03-24,30.8799991607666,31.5,29.760000228881836,31.200000762939453,14752200
2020-03-25,31.399999618530273,33.7400016784668,29.989999771118164,32.029998779296875,17018600
2020-03-26,32.380001068115234,36.720001220703125,32.22999954223633,36.18000030517578,16014300
2020-03-27,34.459999084472656,37.189998626708984,34.16999816894531,35.77000045776367,11470300
2020-03-30,35.0,36.099998474121094,34.0099983215332,35.869998931884766,9825600
2020-03-31,35.439998626708984,36.369998931884766,33.91999816894531,34.45000076293945,11034500
2020-04-01,32.529998779296875,33.0,31.260000228881836,31.93000030517578,11203900
2020-04-02,31.600000381469727,33.08000183105469,31.450000762939453,32.66999816894531,8497600
2020-04-03,32.41999816894531,32.880001068115234,30.780000686645508,31.190000534057617,7148800
2020-04-06,33.16999816894531,34.709999084472656,33.0,34.369998931884766,9205000
2020-04-07,36.720001220703125,36.88999938964844,34.34000015258789,34.45000076293945,8122100
2020-04-08,34.959999084472656,35.900001525878906,34.380001068115234,35.650001525878906,7236600
2020-04-09,36.709999084472656,38.779998779296875,36.43000030517578,38.04999923706055,10116700
2020-04-13,38.0,38.09000015258789,36.33000183105469,36.790000915527344,7678300
2020-04-14,37.689998626708984,37.689998626708984,35.25,35.79999923706055,7781800
2020-04-15,35.130001068115234,35.5,32.810001373291016,33.33000183105469,11726400
2020-04-16,33.02000045776367,33.63999938964844,31.399999618530273,31.780000686645508,10664600
2020-04-17,33.08000183105469,35.290000915527344,33.08000183105469,35.060001373291016,10757200
2020-04-20,34.0,35.22999954223633,33.439998626708984,34.25,10342000
2020-04-21,33.0,33.560001373291016,32.400001525878906,32.72999954223633,11434400
2020-04-22,33.5099983215332,33.779998779296875,32.93000030517578,33.25,7240400
2020-04-23,33.61000061035156,34.41999816894531,33.189998626708984,33.369998931884766,7311800
2020-04-24,33.66999816894531,34.29999923706055,32.869998931884766,34.0,7682200
2020-04-27,34.40999984741211,36.15999984741211,34.25,35.880001068115234,8306800
2020-04-28,37.2400016784668,37.97999954223633,36.56999969482422,36.650001525878906,6988800
2020-04-29,37.9900016784668,38.939998626708984,37.16999816894531,38.459999084472656,7844200
2020-04-30,37.38999938964844,37.45000076293945,36.189998626708984,36.5,7796400
2020-05-01,35.709999084472656,35.81999969482422,34.650001525878906,34.939998626708984,6554300
2020-05-04,34.33000183105469,34.70000076293945,33.83000183105469,34.470001220703125,5988300
2020-05-05,34.959999084472656,35.2400016784668,33.45000076293945,33.540000915527344,7305200
2020-05-06,33.849998474121094,34.099998474121094,33.029998779296875,33.209999084472656,9640400
2020-05-07,33.709999084472656,34.970001220703125,33.689998626708984,34.20000076293945,6983600
2020-05-08,35.0,35.41999816894531,34.40999984741211,34.75,5617700
2020-05-11,34.060001373291016,34.15999984741211,33.029998779296875,33.349998474121094,7158300
2020-05-12,33.529998779296875,33.529998779296875,31.610000610351562,31.649999618530273,11626300
2020-05-13,31.399999618530273,31.469999313354492,29.049999237060547,29.450000762939453,15304800
2020-05-14,28.860000610351562,31.270000457763672,28.360000610351562,31.170000076293945,14770900
2020-05-15,30.790000915527344,31.1299991607666,30.1200008392334,30.68000030517578,12087500
2020-05-18,32.119998931884766,33.16999816894531,31.84000015258789,32.959999084472656,9197800
2020-05-19,32.56999969482422,32.849998474121094,31.809999465942383,31.989999771118164,7533600
2020-05-20,32.599998474121094,33.2599983215332,32.56999969482422,33.060001373291016,10122500
2020-05-21,32.849998474121094,33.349998474121094,32.72999954223633,32.91999816894531,5890500
2020-05-22,32.900001525878906,33.0099983215332,32.209999084472656,32.93000030517578,5534000
2020-05-26,34.4900016784668,36.279998779296875,34.41999816894531,35.83000183105469,11156600
2020-05-27,37.9900016784668,38.650001525878906,36.70000076293945,37.619998931884766,9938900
2020-05-28,38.09000015258789,38.15999984741211,36.38999938964844,36.5099983215332,9030100
2020-05-29,35.86000061035156,36.4900016784668,35.41999816894531,35.560001373291016,18241700
2020-06-01,35.790000915527344,37.04999923706055,35.61000061035156,36.689998626708984,6594300
2020-06-02,37.29999923706055,37.52000045776367,36.34000015258789,36.619998931884766,6596500
2020-06-03,37.650001525878906,38.869998931884766,37.529998779296875,38.68000030517578,9656100
2020-06-04,38.68000030517578,40.09000015258789,38.04999923706055,40.06999969482422,9142500
2020-06-05,43.5,44.2599983215332,41.7400016784668,42.369998931884766,12586800
2020-06-08,42.95000076293945,43.939998626708984,42.41999816894531,43.5099983215332,10445800
2020-06-09,41.880001068115234,42.54999923706055,41.34000015258789,42.099998474121094,7580400
2020-06-10,41.54999923706055,41.7599983215332,39.18000030517578,39.31999969482422,11590200
2020-06-11,36.650001525878906,37.689998626708984,36.060001373291016,36.13999938964844,16095900
2020-06-12,38.15999984741211,38.27000045776367,36.59000015258789,37.5099983215332,9329300
2020-06-15,35.83000183105469,39.02000045776367,35.65999984741211,38.779998779296875,11284100
2020-06-16,40.41999816894531,40.5,38.380001068115234,39.34000015258789,9409400
2020-06-17,39.400001525878906,39.619998931884766,38.45000076293945,38.5099983215332,7153000
2020-06-18,38.04999923706055,39.290000915527344,37.88999938964844,38.56999969482422,5425900
2020-06-19,39.36000061035156,39.36000061035156,37.900001525878906,38.869998931884766,42484600
2020-06-22,38.459999084472656,38.709999084472656,37.88999938964844,38.220001220703125,8321200
2020-06-23,38.900001525878906,39.45000076293945,38.34000015258789,38.599998474121094,6545800
2020-06-24,38.08000183105469,38.13999938964844,36.65999984741211,36.869998931884766,7351300
2020-06-25,36.709999084472656,38.16999816894531,36.560001373291016,38.04999923706055,6023400
2020-06-26,37.0099983215332,37.25,35.95000076293945,36.060001373291016,13960100
2020-06-29,36.22999954223633,36.83000183105469,35.869998931884766,36.349998474121094,5352100
2020-06-30,35.91999816894531,37.11000061035156,35.79999923706055,36.81999969482422,7709300
2020-07-01,36.91999816894531,37.130001068115234,35.79999923706055,35.97999954223633,6902400
2020-07-02,36.9900016784668,37.220001220703125,35.779998779296875,35.88999938964844,5768200
2020-07-06,36.72999954223633,37.650001525878906,36.400001525878906,36.83000183105469,6069500
2020-07-07,36.33000183105469,36.36000061035156,35.470001220703125,35.58000183105469,6683600
2020-07-08,35.529998779296875,35.93000030517578,34.88999938964844,35.5099983215332,5969900
2020-07-09,35.310001373291016,35.529998779296875,34.0099983215332,34.220001220703125,6103500
2020-07-10,34.41999816894531,36.4900016784668,34.25,36.439998626708984,8974900
2020-07-13,36.75,37.27000045776367,35.849998474121094,36.83000183105469,6708000
2020-07-14,36.540000915527344,37.08000183105469,35.7400016784668,36.290000915527344,7961500
2020-07-15,38.16999816894531,38.36000061035156,37.11000061035156,37.63999938964844,7798200
2020-07-16,37.16999816894531,38.470001220703125,37.02000045776367,37.560001373291016,6105600
2020-07-17,37.52000045776367,37.56999969482422,36.0099983215332,36.029998779296875,9154500
2020-07-20,35.84000015258789,36.130001068115234,35.4900016784668,35.56999969482422,7234100
2020-07-21,35.81999969482422,36.970001220703125,35.77000045776367,36.599998474121094,9232100
2020-07-22,36.40999984741211,36.779998779296875,36.02000045776367,36.2599983215332,6305500
2020-07-23,36.09000015258789,36.90999984741211,36.0,36.77000045776367,5988200
2020-07-24,36.90999984741211,37.47999954223633,36.779998779296875,36.91999816894531,7385800
2020-07-27,36.599998474121094,36.619998931884766,35.59000015258789,36.15999984741211,6452300
2020-07-28,35.9900016784668,36.5099983215332,35.91999816894531,36.31999969482422,7658800
2020-07-29,36.27000045776367,37.83000183105469,36.0099983215332,37.709999084472656,6527700
2020-07-30,36.65999984741211,37.040000915527344,36.02000045776367,36.90999984741211,6202100
2020-07-31,36.650001525878906,36.869998931884766,36.08000183105469,36.84000015258789,7707300
2020-08-03,36.790000915527344,37.09000015258789,36.369998931884766,36.79999923706055,4683700
2020-08-04,36.630001068115234,36.75,36.15999984741211,36.22999954223633,4098900
2020-08-05,36.5,36.95000076293945,36.47999954223633,36.86000061035156,4585300
2020-08-06,36.63999938964844,37.150001525878906,36.540000915527344,36.790000915527344,3227200
2020-08-07,36.36000061035156,37.470001220703125,36.099998474121094,37.459999084472656,7818900
2020-08-10,37.72999954223633,37.9900016784668,37.2400016784668,37.470001220703125,7739300
2020-08-11,38.439998626708984,39.349998474121094,38.060001373291016,38.27000045776367,7527000
2020-08-12,39.11000061035156,39.15999984741211,37.400001525878906,37.810001373291016,4864100
2020-08-13,37.45000076293945,37.79999923706055,37.06999969482422,37.369998931884766,4084600
2020-08-14,37.0099983215332,37.959999084472656,36.86000061035156,37.779998779296875,3971800
2020-08-17,37.56999969482422,37.619998931884766,36.849998474121094,36.93000030517578,5522600
2020-08-18,36.900001525878906,37.029998779296875,36.27000045776367,36.33000183105469,4335500
2020-08-19,36.34000015258789,36.900001525878906,36.040000915527344,36.15999984741211,4218700
2020-08-20,35.7400016784668,35.939998626708984,35.349998474121094,35.61000061035156,4373400
2020-08-21,35.599998474121094,35.72999954223633,35.029998779296875,35.209999084472656,5999700
2020-08-24,35.400001525878906,36.7599983215332,35.33000183105469,36.75,5276300
2020-08-25,37.119998931884766,37.40999984741211,36.400001525878906,36.61000061035156,4890800
2020-08-26,36.470001220703125,36.68000030517578,36.189998626708984,36.220001220703125,4649000
2020-08-27,36.220001220703125,37.279998779296875,36.189998626708984,36.939998626708984,5600600
2020-08-28,37.349998474121094,37.349998474121094,36.66999816894531,37.20000076293945,4666600
2020-08-31,36.970001220703125,37.060001373291016,36.2400016784668,36.400001525878906,6037300
2020-09-01,36.15999984741211,36.900001525878906,35.95000076293945,36.689998626708984,5984200
2020-09-02,36.63999938964844,37.77000045776367,36.5099983215332,37.61000061035156,8346100
2020-09-03,37.970001220703125,38.939998626708984,37.27000045776367,37.459999084472656,9892300
2020-09-04,38.31999969482422,38.75,37.540000915527344,38.310001373291016,8406900
2020-09-08,37.61000061035156,37.95000076293945,36.43000030517578,36.720001220703125,9781700
2020-09-09,37.0099983215332,37.08000183105469,36.43000030517578,36.529998779296875,5718900
2020-09-10,36.7400016784668,37.18000030517578,35.7400016784668,35.779998779296875,7381700
2020-09-11,35.79999923706055,36.75,35.650001525878906,36.68000030517578,6330300
2020-09-14,37.02000045776367,38.2400016784668,36.93000030517578,37.869998931884766,5797000
2020-09-15,37.88999938964844,38.08000183105469,37.11000061035156,37.31999969482422,7353500
2020-09-16,37.31999969482422,38.720001220703125,37.16999816894531,38.15999984741211,5697300
2020-09-17,37.68000030517578,38.150001525878906,37.45000076293945,37.88999938964844,6422600
2020-09-18,37.54999923706055,38.04999923706055,37.38999938964844,37.619998931884766,7800000
2020-09-21,36.68000030517578,37.18000030517578,35.619998931884766,36.15999984741211,8109100
2020-09-22,36.2599983215332,36.400001525878906,35.31999969482422,35.59000015258789,7230500
2020-09-23,35.810001373291016,36.22999954223633,34.4900016784668,34.5,6665800
2020-09-24,34.68000030517578,35.31999969482422,34.16999816894531,34.72999954223633,6961400
2020-09-25,34.400001525878906,35.22999954223633,34.209999084472656,35.15999984741211,4565600
2020-09-28,35.880001068115234,36.459999084472656,35.66999816894531,36.099998474121094,5622700
2020-09-29,35.5,35.58000183105469,34.720001220703125,35.29999923706055,5202800
2020-09-30,35.45000076293945,36.16999816894531,35.34000015258789,35.849998474121094,9457500
2020-10-01,36.029998779296875,36.09000015258789,35.439998626708984,36.0,4618100
2020-10-02,35.369998931884766,36.95000076293945,35.25,36.77000045776367,5406100
2020-10-05,37.31999969482422,37.91999816894531,37.11000061035156,37.72999954223633,5471700
2020-10-06,38.150001525878906,38.79999923706055,37.27000045776367,37.41999816894531,6061100
2020-10-07,38.04999923706055,39.060001373291016,37.9900016784668,38.790000915527344,7673000
2020-10-08,39.0,39.65999984741211,38.790000915527344,39.5,6988400
2020-10-09,39.70000076293945,39.7599983215332,38.58000183105469,39.16999816894531,6504700
2020-10-12,39.029998779296875,39.970001220703125,38.790000915527344,39.75,7249500
2020-10-13,39.5,39.689998626708984,38.31999969482422,38.41999816894531,6460000
2020-10-14,38.439998626708984,39.5099983215332,38.220001220703125,38.25,7761200
2020-10-15,38.20000076293945,39.349998474121094,38.060001373291016,39.13999938964844,6006800
2020-10-16,39.25,39.70000076293945,38.630001068115234,39.13999938964844,5679000
2020-10-19,39.349998474121094,39.70000076293945,38.86000061035156,38.970001220703125,6117200
2020-10-20,39.310001373291016,39.83000183105469,39.150001525878906,39.209999084472656,5666300
2020-10-21,39.0099983215332,39.36000061035156,38.779998779296875,38.81999969482422,4911800
2020-10-22,38.77000045776367,40.54999923706055,38.77000045776367,40.47999954223633,6366100
2020-10-23,40.880001068115234,41.029998779296875,40.06999969482422,40.65999984741211,5760500
2020-10-26,40.18000030517578,40.27000045776367,39.380001068115234,39.959999084472656,6300100
2020-10-27,39.630001068115234,39.72999954223633,38.38999938964844,38.40999984741211,6944000
2020-10-28,37.68000030517578,38.029998779296875,37.18000030517578,37.29999923706055,8437800
2020-10-29,37.13999938964844,38.33000183105469,36.56999969482422,38.06999969482422,6634200
2020-10-30,37.9900016784668,38.959999084472656,37.7599983215332,38.95000076293945,6210100
2020-11-02,39.45000076293945,40.119998931884766,38.77000045776367,39.7400016784668,5915600
2020-11-03,40.540000915527344,41.09000015258789,40.400001525878906,40.81999969482422,6210400
2020-11-04,39.68000030517578,40.279998779296875,38.470001220703125,39.0,7494700
2020-11-05,38.959999084472656,40.650001525878906,38.959999084472656,40.459999084472656,5535900
2020-11-06,40.81999969482422,40.93000030517578,38.900001525878906,39.16999816894531,6210300
2020-11-09,42.970001220703125,44.9900016784668,42.4900016784668,44.15999984741211,16088500
2020-11-10,44.4900016784668,44.4900016784668,43.22999954223633,44.13999938964844,8062400
2020-11-11,44.029998779296875,44.150001525878906,42.810001373291016,43.75,7680500
2020-11-12,42.959999084472656,43.20000076293945,42.130001068115234,42.810001373291016,8025000
2020-11-13,43.25,43.59000015258789,43.02000045776367,43.310001373291016,5968700
2020-11-16,44.65999984741211,45.040000915527344,43.79999923706055,44.279998779296875,7642100
2020-11-17,43.59000015258789,44.34000015258789,43.2400016784668,44.029998779296875,7384500
2020-11-18,44.27000045776367,44.7599983215332,43.220001220703125,43.2599983215332,7324800
2020-11-19,42.97999954223633,43.310001373291016,42.34000015258789,43.2400016784668,7476300
2020-11-20,43.04999923706055,43.16999816894531,42.41999816894531,42.65999984741211,5242500
2020-11-23,43.27000045776367,43.369998931884766,42.81999969482422,43.09000015258789,5943400
2020-11-24,44.040000915527344,45.43000030517578,43.91999816894531,45.400001525878906,8718100
2020-11-25,44.900001525878906,44.900001525878906,44.369998931884766,44.68000030517578,5407800
2020-11-27,44.70000076293945,44.7400016784668,44.04999923706055,44.209999084472656,2871800
2020-11-30,44.290000915527344,44.58000183105469,43.06999969482422,43.209999084472656,14916400
2020-12-01,44.310001373291016,44.560001373291016,44.0099983215332,44.25,6850700
2020-12-02,44.189998626708984,44.83000183105469,43.959999084472656,44.68000030517578,5822700
2020-12-03,44.7599983215332,45.349998474121094,44.439998626708984,44.970001220703125,6192000
2020-12-04,45.38999938964844,45.630001068115234,45.040000915527344,45.369998931884766,6634900
2020-12-07,44.869998931884766,45.040000915527344,44.38999938964844,44.79999923706055,7054500
2020-12-08,44.25,45.02000045776367,44.150001525878906,44.97999954223633,5289500
2020-12-09,45.380001068115234,46.150001525878906,45.2400016784668,45.849998474121094,9415200
2020-12-10,45.540000915527344,46.27000045776367,45.349998474121094,46.119998931884766,7318300
2020-12-11,45.56999969482422,45.970001220703125,45.31999969482422,45.84000015258789,5266800
2020-12-14,46.5,46.7400016784668,44.70000076293945,44.810001373291016,5518000
2020-12-15,45.130001068115234,45.27000045776367,44.5,45.189998626708984,5787400
2020-12-16,45.2400016784668,45.4900016784668,45.0,45.349998474121094,5711600
2020-12-17,45.540000915527344,45.540000915527344,44.79999923706055,45.279998779296875,6017900
2020-12-18,45.189998626708984,45.38999938964844,44.470001220703125,44.86000061035156,14375000
2020-12-21,45.08000183105469,45.5,44.209999084472656,45.33000183105469,10715700
2020-12-22,45.599998474121094,46.02000045776367,45.2400016784668,45.59000015258789,8468900
2020-12-23,45.959999084472656,46.959999084472656,45.84000015258789,46.72999954223633,6693000
2020-12-24,46.68000030517578,46.72999954223633,46.02000045776367,46.4900016784668,1980900
2020-12-28,46.86000061035156,47.25,46.540000915527344,46.65999984741211,4330800
2020-12-29,46.81999969482422,46.849998474121094,46.09000015258789,46.130001068115234,4083400
2020-12-30,45.88999938964844,46.279998779296875,45.81999969482422,46.150001525878906,3157400
2020-12-31,46.130001068115234,46.65999984741211,45.880001068115234,46.59000015258789,3778500
2021-01-04,46.689998626708984,46.900001525878906,45.599998474121094,46.119998931884766,6738800
2021-01-05,46.11000061035156,46.61000061035156,45.560001373291016,46.27000045776367,5334600
2021-01-06,47.529998779296875,49.630001068115234,47.029998779296875,49.0099983215332,12378300
2021-01-07,49.650001525878906,50.93000030517578,49.560001373291016,49.9900016784668,7778600
2021-01-08,50.040000915527344,50.22999954223633,48.810001373291016,49.31999969482422,6574400
2021-01-11,48.790000915527344,49.45000076293945,48.5099983215332,49.34000015258789,5631500
2021-01-12,49.84000015258789,50.099998474121094,49.459999084472656,49.650001525878906,5901900
2021-01-13,49.400001525878906,49.880001068115234,49.150001525878906,49.5099983215332,5536300
2021-01-14,49.61000061035156,49.790000915527344,49.27000045776367,49.279998779296875,6949400
2021-01-15,48.52000045776367,48.810001373291016,48.02000045776367,48.400001525878906,8547300
2021-01-19,48.36000061035156,48.66999816894531,48.029998779296875,48.06999969482422,12398000
2021-01-20,47.0,47.45000076293945,45.189998626708984,45.58000183105469,12256200
2021-01-21,45.689998626708984,46.08000183105469,45.189998626708984,45.66999816894531,12365900
2021-01-22,45.36000061035156,46.20000076293945,45.290000915527344,45.86000061035156,9036800
2021-01-25,45.560001373291016,46.04999923706055,44.90999984741211,45.7599983215332,9576900
2021-01-26,46.150001525878906,46.189998626708984,45.18000030517578,45.189998626708984,7909200
2021-01-27,44.599998474121094,44.75,42.72999954223633,42.810001373291016,11801800
2021-01-28,43.650001525878906,44.099998474121094,42.72999954223633,43.77000045776367,8597200
2021-01-29,43.720001220703125,44.0,42.81999969482422,42.849998474121094,7339300
2021-02-01,43.27000045776367,43.34000015258789,42.470001220703125,42.75,6666900
2021-02-02,43.290000915527344,44.52000045776367,43.290000915527344,44.25,6487400
2021-02-03,44.0099983215332,44.84000015258789,43.9900016784668,44.72999954223633,5850300
2021-02-04,44.97999954223633,46.349998474121094,44.7400016784668,46.310001373291016,6633800
2021-02-05,46.849998474121094,46.88999938964844,46.130001068115234,46.349998474121094,4146600
2021-02-08,46.459999084472656,47.439998626708984,46.439998626708984,47.400001525878906,5986200
2021-02-09,47.2400016784668,47.849998474121094,46.959999084472656,47.61000061035156,4940300
2021-02-10,47.880001068115234,47.90999984741211,47.310001373291016,47.349998474121094,5625500
2021-02-11,47.2599983215332,47.619998931884766,46.849998474121094,47.25,4413300
2021-02-12,47.119998931884766,48.18000030517578,47.06999969482422,47.63999938964844,4141600
2021-02-16,48.279998779296875,48.959999084472656,48.0099983215332,48.650001525878906,5603600
2021-02-17,48.4900016784668,49.38999938964844,48.150001525878906,49.29999923706055,6928600
2021-02-18,48.880001068115234,49.5,48.349998474121094,49.060001373291016,7617300
2021-02-19,49.33000183105469,50.16999816894531,49.27000045776367,50.02000045776367,5374200
2021-02-22,49.79999923706055,51.130001068115234,49.79999923706055,50.939998626708984,7017900
2021-02-23,51.84000015258789,52.70000076293945,51.25,51.61000061035156,9904100
2021-02-24,51.66999816894531,53.040000915527344,51.540000915527344,52.810001373291016,6814400
2021-02-25,53.5,53.540000915527344,51.58000183105469,51.630001068115234,6254500
2021-02-26,51.290000915527344,51.33000183105469,49.849998474121094,50.0,9499600
2021-03-01,51.02000045776367,51.54999923706055,50.880001068115234,51.15999984741211,8921300
2021-03-02,51.189998626708984,51.40999984741211,50.599998474121094,50.650001525878906,7360600
2021-03-03,50.90999984741211,52.18000030517578,50.709999084472656,51.15999984741211,7442800
2021-03-04,51.099998474121094,51.529998779296875,50.040000915527344,51.02000045776367,10901400
2021-03-05,51.7400016784668,52.689998626708984,50.400001525878906,52.470001220703125,10621000
2021-03-08,53.0,54.38999938964844,52.529998779296875,54.04999923706055,9847600
2021-03-09,52.869998931884766,53.84000015258789,52.470001220703125,52.900001525878906,8899100
2021-03-10,53.08000183105469,54.16999816894531,52.869998931884766,53.779998779296875,8455100
2021-03-11,53.34000015258789,54.04999923706055,52.900001525878906,53.349998474121094,6141300
2021-03-12,54.189998626708984,54.720001220703125,54.0,54.63999938964844,5415500
2021-03-15,54.63999938964844,54.75,53.310001373291016,53.97999954223633,6228000
2021-03-16,53.58000183105469,53.849998474121094,52.79999923706055,53.84000015258789,9928300
2021-03-17,54.310001373291016,54.689998626708984,53.709999084472656,54.4900016784668,7768700
2021-03-18,55.0,57.02000045776367,54.93000030517578,56.27000045776367,11182900
2021-03-19,55.79999923706055,55.95000076293945,54.849998474121094,55.209999084472656,28076700
2021-03-22,55.0,55.0,53.84000015258789,54.2400016784668,6976700
2021-03-23,53.68000030517578,54.54999923706055,53.13999938964844,53.58000183105469,10640100
2021-03-24,53.869998931884766,54.619998931884766,53.470001220703125,53.470001220703125,6880700
2021-03-25,53.47999954223633,54.93000030517578,53.33000183105469,54.88999938964844,8728200
2021-03-26,55.529998779296875,56.29999923706055,55.310001373291016,56.209999084472656,9628300
2021-03-29,55.560001373291016,56.099998474121094,54.790000915527344,55.599998474121094,11780100
2021-03-30,55.65999984741211,56.15999984741211,55.27000045776367,55.869998931884766,6624000
2021-03-31,55.56999969482422,56.04999923706055,55.290000915527344,55.310001373291016,6752700
2021-04-01,55.130001068115234,55.84000015258789,54.91999816894531,55.83000183105469,6219400
2021-04-05,56.439998626708984,56.75,56.13999938964844,56.369998931884766,4769200
2021-04-06,56.09000015258789,56.40999984741211,55.720001220703125,56.22999954223633,4513200
2021-04-07,56.5,56.869998931884766,56.25,56.810001373291016,5068800
2021-04-08,56.619998931884766,57.060001373291016,55.93000030517578,56.779998779296875,6361400
2021-04-09,57.33000183105469,57.45000076293945,56.7599983215332,57.290000915527344,5990100
2021-04-12,57.599998474121094,57.79999923706055,57.310001373291016,57.68000030517578,5185600
2021-04-13,57.220001220703125,57.29999923706055,56.58000183105469,56.630001068115234,6099300
2021-04-14,56.52000045776367,57.83000183105469,56.2400016784668,57.58000183105469,6508900
2021-04-15,56.84000015258789,57.189998626708984,54.529998779296875,56.33000183105469,13346400
2021-04-16,56.90999984741211,58.459999084472656,56.54999923706055,57.86000061035156,7934200
2021-04-19,57.810001373291016,58.20000076293945,57.529998779296875,57.720001220703125,6586600
2021-04-20,57.04999923706055,57.27000045776367,56.15999984741211,56.220001220703125,10679900
2021-04-21,55.900001525878906,57.09000015258789,55.43000030517578,56.9900016784668,6051500
2021-04-22,56.599998474121094,56.900001525878906,56.15999984741211,56.15999984741211,6050400
2021-04-23,56.209999084472656,57.65999984741211,56.08000183105469,57.22999954223633,6229600
2021-04-26,57.54999923706055,58.27000045776367,57.380001068115234,57.790000915527344,5588600
2021-04-27,58.189998626708984,58.38999938964844,57.83000183105469,58.31999969482422,5627500
2021-04-28,58.5,59.189998626708984,58.470001220703125,58.970001220703125,5281900
2021-04-29,59.38999938964844,60.130001068115234,59.279998779296875,60.029998779296875,6111800
2021-04-30,59.560001373291016,59.869998931884766,59.08000183105469,59.349998474121094,6581800
2021-05-03,59.630001068115234,60.040000915527344,59.22999954223633,59.290000915527344,4870200
2021-05-04,59.0,60.65999984741211,58.81999969482422,60.599998474121094,7908000
2021-05-05,60.58000183105469,60.97999954223633,59.93000030517578,60.38999938964844,6789200
2021-05-06,60.75,61.47999954223633,60.349998474121094,61.439998626708984,5512900
2021-05-07,60.33000183105469,61.40999984741211,60.18000030517578,61.369998931884766,6158800
2021-05-10,61.79999923706055,62.27000045776367,61.099998474121094,61.16999816894531,7013500
2021-05-11,60.790000915527344,61.56999969482422,60.04999923706055,60.150001525878906,6943500
2021-05-12,61.04999923706055,61.290000915527344,59.459999084472656,59.560001373291016,9206700
2021-05-13,59.36000061035156,61.599998474121094,59.310001373291016,61.099998474121094,5329700
2021-05-14,61.349998474121094,62.09000015258789,61.2599983215332,61.90999984741211,4087700
2021-05-17,61.560001373291016,62.41999816894531,61.459999084472656,62.209999084472656,4151300
2021-05-18,62.18000030517578,62.470001220703125,60.810001373291016,60.849998474121094,5832200
2021-05-19,60.20000076293945,60.310001373291016,59.130001068115234,60.06999969482422,8055000
2021-05-20,59.97999954223633,60.18000030517578,59.11000061035156,59.630001068115234,6338800
2021-05-21,59.79999923706055,60.81999969482422,59.650001525878906,60.369998931884766,5347800
2021-05-24,60.58000183105469,60.689998626708984,60.13999938964844,60.41999816894531,3504600
2021-05-25,60.529998779296875,61.099998474121094,59.560001373291016,59.650001525878906,5028200
2021-05-26,59.75,59.849998474121094,58.900001525878906,59.72999954223633,7436100
2021-05-27,60.5099983215332,61.25,60.27000045776367,60.7400016784668,12453000
2021-05-28,60.77000045776367,60.959999084472656,60.2400016784668,60.779998779296875,6127000
2021-06-01,61.5099983215332,61.7599983215332,60.7400016784668,60.9900016784668,4967000
2021-06-02,60.9900016784668,61.310001373291016,60.459999084472656,60.66999816894531,5573300
2021-06-03,60.4900016784668,61.279998779296875,60.29999923706055,60.63999938964844,4631500
2021-06-04,60.689998626708984,60.779998779296875,60.119998931884766,60.77000045776367,4581600
2021-06-07,60.93000030517578,60.95000076293945,60.43000030517578,60.540000915527344,4520800
2021-06-08,60.209999084472656,60.58000183105469,59.4900016784668,60.290000915527344,5617400
2021-06-09,59.790000915527344,59.86000061035156,59.20000076293945,59.25,6549800
2021-06-10,60.119998931884766,60.22999954223633,58.599998474121094,58.61000061035156,4873800
2021-06-11,58.779998779296875,59.22999954223633,58.58000183105469,59.13999938964844,5659300
2021-06-14,58.959999084472656,59.119998931884766,57.77000045776367,58.15999984741211,5035400
2021-06-15,58.130001068115234,58.790000915527344,57.939998626708984,58.5099983215332,5807800
2021-06-16,58.09000015258789,58.90999984741211,57.34000015258789,58.439998626708984,8635300
2021-06-17,58.88999938964844,58.959999084472656,55.529998779296875,55.720001220703125,8333100
2021-06-18,54.77000045776367,55.22999954223633,54.060001373291016,54.7400016784668,19017200
2021-06-21,55.060001373291016,56.119998931884766,55.060001373291016,55.97999954223633,5680700
2021-06-22,56.2400016784668,56.25,55.349998474121094,55.939998626708984,4183300
2021-06-23,56.02000045776367,56.52000045776367,55.77000045776367,56.13999938964844,5655900
2021-06-24,56.290000915527344,57.13999938964844,56.0099983215332,56.880001068115234,5761900
2021-06-25,57.33000183105469,57.970001220703125,56.81999969482422,57.849998474121094,4931100
2021-06-28,57.65999984741211,57.77000045776367,56.959999084472656,57.540000915527344,5143200
2021-06-29,57.18000030517578,57.790000915527344,56.45000076293945,56.65999984741211,6974000
2021-06-30,56.630001068115234,57.220001220703125,56.47999954223633,56.970001220703125,4664100
2021-07-01,57.349998474121094,57.599998474121094,57.0,57.58000183105469,3660400
2021-07-02,57.61000061035156,57.7400016784668,57.18000030517578,57.56999969482422,3520900
2021-07-06,57.099998474121094,57.33000183105469,55.630001068115234,56.0099983215332,5008700
2021-07-07,55.66999816894531,56.47999954223633,55.459999084472656,55.9900016784668,5125700
2021-07-08,55.119998931884766,55.63999938964844,54.66999816894531,55.040000915527344,5977700
2021-07-09,56.08000183105469,57.040000915527344,55.849998474121094,56.970001220703125,4437300
2021-07-12,56.459999084472656,57.75,56.0,57.58000183105469,5403100
2021-07-13,57.400001525878906,57.59000015258789,56.540000915527344,56.91999816894531,4387500
2021-07-14,57.0,57.43000030517578,56.22999954223633,56.9900016784668,6398100
2021-07-15,56.630001068115234,59.72999954223633,56.369998931884766,58.81999969482422,10314800
2021-07-16,58.95000076293945,59.02000045776367,57.04999923706055,57.16999816894531,5779400
2021-07-19,55.86000061035156,56.33000183105469,54.20000076293945,54.5099983215332,8560800
2021-07-20,54.599998474121094,56.790000915527344,54.310001373291016,56.09000015258789,6271100
2021-07-21,56.56999969482422,57.5099983215332,56.4900016784668,57.20000076293945,5544800
2021-07-22,57.189998626708984,57.2400016784668,55.63999938964844,55.810001373291016,4042900
2021-07-23,56.29999923706055,56.709999084472656,55.54999923706055,55.720001220703125,3570500
2021-07-26,55.689998626708984,56.40999984741211,55.52000045776367,56.18000030517578,3721700
2021-07-27,55.5,56.36000061035156,55.099998474121094,56.150001525878906,4332400
2021-07-28,56.5,56.619998931884766,55.470001220703125,56.040000915527344,4063600
2021-07-29,56.560001373291016,56.790000915527344,55.81999969482422,56.439998626708984,7566000
2021-07-30,56.09000015258789,56.560001373291016,55.130001068115234,55.540000915527344,6478400
2021-08-02,55.869998931884766,56.81999969482422,55.11000061035156,55.130001068115234,4741300
2021-08-03,55.529998779296875,56.02000045776367,54.349998474121094,55.88999938964844,5102700
2021-08-04,55.34000015258789,55.7400016784668,54.880001068115234,55.060001373291016,4101400
2021-08-05,55.540000915527344,55.959999084472656,55.36000061035156,55.810001373291016,3774500
2021-08-06,56.560001373291016,57.5,56.369998931884766,57.0,4756100
2021-08-09,56.900001525878906,57.54999923706055,56.40999984741211,57.040000915527344,3672300
2021-08-10,56.88999938964844,57.880001068115234,56.84000015258789,57.66999816894531,3759600
2021-08-11,57.900001525878906,58.83000183105469,57.45000076293945,58.790000915527344,5462200
2021-08-12,58.72999954223633,59.0,58.27000045776367,58.849998474121094,3758200
2021-08-13,59.02000045776367,59.16999816894531,58.08000183105469,58.220001220703125,3630500
2021-08-16,57.790000915527344,57.939998626708984,56.959999084472656,57.56999969482422,3219600
2021-08-17,57.09000015258789,57.52000045776367,56.119998931884766,56.7599983215332,3474500
2021-08-18,56.41999816894531,57.040000915527344,56.0,56.04999923706055,4656800
2021-08-19,55.5,55.9900016784668,54.81999969482422,55.34000015258789,5568800
2021-08-20,55.20000076293945,55.779998779296875,55.0,55.68000030517578,3650900
2021-08-23,55.959999084472656,56.47999954223633,55.93000030517578,56.16999816894531,3674900
2021-08-24,56.31999969482422,56.90999984741211,56.13999938964844,56.810001373291016,3210400
2021-08-25,57.08000183105469,58.15999984741211,56.880001068115234,57.63999938964844,3983400
2021-08-26,57.869998931884766,57.970001220703125,57.13999938964844,57.2400016784668,3340500
2021-08-27,57.43000030517578,58.369998931884766,57.2599983215332,58.29999923706055,4432400
2021-08-30,58.220001220703125,58.43000030517578,56.959999084472656,57.08000183105469,4848600
2021-08-31,57.220001220703125,57.83000183105469,56.900001525878906,57.38999938964844,6869000
2021-09-01,57.61000061035156,57.61000061035156,56.11000061035156,56.16999816894531,6533600
2021-09-02,56.25,56.7599983215332,56.029998779296875,56.439998626708984,5307500
2021-09-03,56.4900016784668,56.54999923706055,55.810001373291016,56.150001525878906,3921800
2021-09-07,56.279998779296875,56.95000076293945,55.72999954223633,55.83000183105469,4879100
2021-09-08,55.630001068115234,55.880001068115234,55.11000061035156,55.34000015258789,3501700
2021-09-09,55.310001373291016,56.459999084472656,55.189998626708984,55.81999969482422,4810100
2021-09-10,56.189998626708984,56.36000061035156,55.41999816894531,55.45000076293945,3856300
2021-09-13,55.939998626708984,56.560001373291016,55.83000183105469,56.540000915527344,5448400
2021-09-14,56.75,56.959999084472656,55.459999084472656,55.90999984741211,5432200
2021-09-15,56.22999954223633,57.970001220703125,56.13999938964844,57.79999923706055,7194300
2021-09-16,58.0,58.34000015258789,56.81999969482422,57.099998474121094,6056000
2021-09-17,56.869998931884766,57.5,56.86000061035156,57.0099983215332,10014300
2021-09-20,55.439998626708984,55.779998779296875,54.59000015258789,55.68000030517578,8945100
2021-09-21,56.119998931884766,57.459999084472656,55.880001068115234,57.099998474121094,10332300
2021-09-22,57.880001068115234,58.91999816894531,57.72999954223633,57.91999816894531,8715700
2021-09-23,58.59000015258789,59.630001068115234,58.4900016784668,59.290000915527344,8216800
2021-09-24,59.400001525878906,60.31999969482422,59.27000045776367,59.790000915527344,4770700
2021-09-27,60.47999954223633,61.33000183105469,60.439998626708984,61.099998474121094,5388200
2021-09-28,61.310001373291016,61.65999984741211,60.310001373291016,60.41999816894531,7223100
2021-09-29,60.0,60.65999984741211,59.630001068115234,60.2599983215332,4934700
2021-09-30,60.619998931884766,60.65999984741211,59.380001068115234,59.439998626708984,5648600
2021-10-01,59.75,61.119998931884766,59.599998474121094,60.7599983215332,6334000
2021-10-04,60.560001373291016,61.61000061035156,60.36000061035156,60.529998779296875,5305300
2021-10-05,60.93000030517578,61.68000030517578,60.4900016784668,61.290000915527344,5365100
2021-10-06,60.939998626708984,61.5,60.18000030517578,61.45000076293945,5037100
2021-10-07,62.0099983215332,62.529998779296875,61.61000061035156,61.880001068115234,5104900
2021-10-08,61.93000030517578,62.619998931884766,61.650001525878906,62.33000183105469,4554500
2021-10-11,62.779998779296875,63.0,61.83000183105469,61.849998474121094,3713300
2021-10-12,61.689998626708984,62.13999938964844,61.18000030517578,61.65999984741211,4108300
2021-10-13,61.47999954223633,61.63999938964844,60.189998626708984,61.459999084472656,5000800
2021-10-14,60.0,60.33000183105469,58.599998474121094,60.08000183105469,8490700
2021-10-15,60.2400016784668,60.65999984741211,59.029998779296875,60.22999954223633,9158100
2021-10-18,59.83000183105469,60.939998626708984,59.83000183105469,60.58000183105469,5212200
2021-10-19,60.869998931884766,61.369998931884766,60.650001525878906,61.349998474121094,3506800
2021-10-20,61.18000030517578,62.59000015258789,60.779998779296875,62.58000183105469,4806200
2021-10-21,62.56999969482422,62.790000915527344,61.779998779296875,62.18000030517578,4699000
2021-10-22,62.27000045776367,62.810001373291016,61.88999938964844,62.7400016784668,5251100
2021-10-25,62.849998474121094,63.0099983215332,62.369998931884766,62.52000045776367,3043600
2021-10-26,62.59000015258789,62.72999954223633,62.06999969482422,62.439998626708984,3825600
2021-10-27,62.09000015258789,62.13999938964844,60.16999816894531,60.279998779296875,7255000
2021-10-28,60.59000015258789,60.970001220703125,60.2400016784668,60.93000030517578,3979100
2021-10-29,61.029998779296875,61.20000076293945,60.20000076293945,60.369998931884766,4008400
2021-11-01,60.93000030517578,61.08000183105469,60.310001373291016,60.779998779296875,2797500
2021-11-02,60.83000183105469,61.11000061035156,60.290000915527344,60.86000061035156,3588300
2021-11-03,60.58000183105469,62.2599983215332,60.5,61.83000183105469,4187500
2021-11-04,61.470001220703125,61.529998779296875,59.7599983215332,60.279998779296875,4260300
2021-11-05,60.91999816894531,61.22999954223633,60.43000030517578,60.689998626708984,3907500
2021-11-08,60.91999816894531,61.130001068115234,60.2599983215332,60.689998626708984,3563800
2021-11-09,60.11000061035156,60.439998626708984,59.59000015258789,60.06999969482422,4042900
2021-11-10,60.27000045776367,60.88999938964844,60.13999938964844,60.4900016784668,3580100
2021-11-11,60.4900016784668,61.11000061035156,60.41999816894531,60.779998779296875,2893700
2021-11-12,60.720001220703125,60.810001373291016,59.959999084472656,60.5,3686000
2021-11-15,60.7599983215332,60.81999969482422,60.349998474121094,60.459999084472656,3190100
2021-11-16,60.59000015258789,60.97999954223633,59.880001068115234,60.52000045776367,3910500
2021-11-17,60.380001068115234,60.470001220703125,59.29999923706055,59.31999969482422,4177300
2021-11-18,59.400001525878906,59.400001525878906,58.380001068115234,58.650001525878906,3947000
2021-11-19,58.20000076293945,58.22999954223633,57.18000030517578,57.59000015258789,4302300
2021-11-22,58.459999084472656,59.790000915527344,58.310001373291016,58.97999954223633,5534300
2021-11-23,59.47999954223633,60.2599983215332,59.33000183105469,60.06999969482422,4686500
2021-11-24,59.95000076293945,60.599998474121094,59.52000045776367,59.84000015258789,2862800
2021-11-26,57.84000015258789,57.86000061035156,56.54999923706055,57.5,4654300
2021-11-29,57.400001525878906,58.189998626708984,56.79999923706055,57.400001525878906,4965300
2021-11-30,56.7400016784668,56.77000045776367,55.27000045776367,55.34000015258789,10030800
2021-12-01,56.58000183105469,57.06999969482422,54.81999969482422,54.849998474121094,6293100
2021-12-02,55.58000183105469,57.08000183105469,55.04999923706055,56.599998474121094,5410900
2021-12-03,56.619998931884766,56.81999969482422,55.220001220703125,55.59000015258789,6285700
2021-12-06,56.7400016784668,57.54999923706055,56.369998931884766,56.880001068115234,6425500
2021-12-07,57.27000045776367,57.97999954223633,57.0,57.689998626708984,8751700
2021-12-08,57.68000030517578,57.93000030517578,56.97999954223633,57.040000915527344,4190900
2021-12-09,56.83000183105469,57.68000030517578,56.40999984741211,57.209999084472656,5617000
2021-12-10,57.880001068115234,57.959999084472656,57.16999816894531,57.77000045776367,4034800
2021-12-13,57.63999938964844,57.75,56.650001525878906,56.81999969482422,4763100
2021-12-14,56.93000030517578,57.880001068115234,56.810001373291016,57.310001373291016,4585600
2021-12-15,57.470001220703125,57.650001525878906,56.41999816894531,56.7400016784668,6417600
2021-12-16,57.52000045776367,58.16999816894531,57.04999923706055,57.43000030517578,7989200
2021-12-17,57.06999969482422,57.18000030517578,55.5,55.72999954223633,14924000
2021-12-20,54.95000076293945,55.099998474121094,53.84000015258789,54.869998931884766,6655900
2021-12-21,55.5,56.209999084472656,55.5,55.84000015258789,4620100
2021-12-22,55.72999954223633,56.099998474121094,55.439998626708984,56.06999969482422,4896000
2021-12-23,56.529998779296875,56.91999816894531,56.150001525878906,56.310001373291016,4679500
2021-12-27,56.33000183105469,56.77000045776367,55.95000076293945,56.7400016784668,3709200
2021-12-28,56.43000030517578,57.09000015258789,56.22999954223633,56.75,3129000
2021-12-29,56.84000015258789,57.0,56.529998779296875,56.599998474121094,4269200
2021-12-30,56.189998626708984,56.650001525878906,56.11000061035156,56.150001525878906,4346700
2021-12-31,56.04999923706055,56.380001068115234,55.91999816894531,56.16999816894531,3282500
2022-01-03,56.08000183105469,57.400001525878906,56.08000183105469,57.27000045776367,5430900
2022-01-04,58.11000061035156,59.08000183105469,57.90999984741211,58.77000045776367,7552600
2022-01-05,59.189998626708984,59.290000915527344,58.400001525878906,58.459999084472656,6527200
2022-01-06,59.529998779296875,60.06999969482422,58.939998626708984,60.04999923706055,5783200
2022-01-07,59.900001525878906,61.16999816894531,59.68000030517578,61.0,7040100
2022-01-10,62.0,62.0,60.7599983215332,61.36000061035156,7635500
2022-01-11,61.65999984741211,62.189998626708984,60.9900016784668,62.119998931884766,6316800
2022-01-12,62.34000015258789,62.59000015258789,61.97999954223633,62.4900016784668,5649600
2022-01-13,62.77000045776367,63.56999969482422,62.599998474121094,63.189998626708984,6612600
2022-01-14,62.279998779296875,63.279998779296875,61.83000183105469,63.25,7236700
2022-01-18,63.29999923706055,63.54999923706055,61.959999084472656,62.189998626708984,7624500
2022-01-19,58.220001220703125,59.529998779296875,57.290000915527344,57.369998931884766,13764600
2022-01-20,56.58000183105469,58.33000183105469,55.5,56.939998626708984,13476700
2022-01-21,56.650001525878906,56.77000045776367,55.06999969482422,55.099998474121094,13354000
2022-01-24,54.31999969482422,57.06999969482422,53.68000030517578,56.810001373291016,15290400
2022-01-25,56.5,57.79999923706055,55.59000015258789,57.40999984741211,8466200
2022-01-26,58.0,58.52000045776367,56.68000030517578,57.560001373291016,7507100
2022-01-27,58.29999923706055,58.7400016784668,56.97999954223633,57.439998626708984,7130000
2022-01-28,57.349998474121094,58.119998931884766,56.5,58.08000183105469,6843800
2022-01-31,57.5099983215332,58.29999923706055,56.720001220703125,58.189998626708984,9476100
2022-02-01,58.13999938964844,59.31999969482422,57.72999954223633,59.27000045776367,6341700
2022-02-02,58.959999084472656,59.95000076293945,58.7400016784668,59.77000045776367,7702200
2022-02-03,59.93000030517578,60.09000015258789,58.97999954223633,59.150001525878906,4809300
2022-02-04,59.2599983215332,60.2400016784668,58.97999954223633,59.70000076293945,5307300
2022-02-07,59.709999084472656,59.95000076293945,59.11000061035156,59.58000183105469,5853100
2022-02-08,60.20000076293945,60.5,59.0,59.58000183105469,11056100
2022-02-09,59.689998626708984,59.97999954223633,59.43000030517578,59.75,5928600
2022-02-10,59.66999816894531,60.2400016784668,59.0099983215332,59.209999084472656,6952800
2022-02-11,58.849998474121094,59.91999816894531,58.20000076293945,58.54999923706055,7330400
2022-02-14,58.5,58.86000061035156,57.2599983215332,57.869998931884766,7279600
2022-02-15,58.45000076293945,58.959999084472656,58.18000030517578,58.61000061035156,4244700
2022-02-16,58.040000915527344,59.09000015258789,58.040000915527344,58.599998474121094,3994100
2022-02-17,58.060001373291016,58.220001220703125,57.0099983215332,57.130001068115234,4721800
2022-02-18,56.939998626708984,57.75,56.900001525878906,57.099998474121094,6264900
2022-02-22,57.29999923706055,58.22999954223633,56.84000015258789,57.79999923706055,7458300
2022-02-23,58.27000045776367,58.310001373291016,56.439998626708984,56.650001525878906,8561100
2022-02-24,54.7400016784668,55.47999954223633,53.77000045776367,55.33000183105469,11719500
2022-02-25,55.779998779296875,57.45000076293945,55.779998779296875,57.34000015258789,10009500
2022-02-28,55.54999923706055,56.689998626708984,55.43000030517578,56.540000915527344,9501500
2022-03-01,55.779998779296875,56.13999938964844,53.54999923706055,53.86000061035156,13167700
2022-03-02,54.56999969482422,56.52000045776367,54.56999969482422,56.22999954223633,9063200
2022-03-03,56.4900016784668,56.93000030517578,55.939998626708984,56.310001373291016,8283000
2022-03-04,54.91999816894531,55.290000915527344,54.31999969482422,55.25,7772000
2022-03-07,54.86000061035156,54.959999084472656,53.09000015258789,53.099998474121094,10401800
2022-03-08,53.79999923706055,54.72999954223633,52.86000061035156,53.25,9850200
2022-03-09,55.02000045776367,55.529998779296875,54.189998626708984,54.5099983215332,7817800
2022-03-10,53.79999923706055,54.2599983215332,52.439998626708984,52.9900016784668,10672200
2022-03-11,53.34000015258789,54.209999084472656,52.61000061035156,52.650001525878906,7434500
2022-03-14,53.349998474121094,54.650001525878906,53.189998626708984,53.95000076293945,9175200
2022-03-15,54.52000045776367,54.66999816894531,53.459999084472656,54.400001525878906,7606400
2022-03-16,55.31999969482422,56.34000015258789,55.18000030517578,56.279998779296875,9093800
2022-03-17,55.5099983215332,56.66999816894531,55.0099983215332,56.650001525878906,6955700
2022-03-18,56.63999938964844,56.72999954223633,55.63999938964844,56.529998779296875,18475700
2022-03-21,56.16999816894531,56.90999984741211,55.650001525878906,56.15999984741211,8431200
2022-03-22,57.189998626708984,57.779998779296875,56.7599983215332,57.02000045776367,4754000
2022-03-23,56.56999969482422,56.91999816894531,55.79999923706055,55.849998474121094,6456400
2022-03-24,55.81999969482422,56.25,55.630001068115234,56.04999923706055,6459900
2022-03-25,56.290000915527344,57.189998626708984,56.099998474121094,57.119998931884766,4079600
2022-03-28,56.70000076293945,56.95000076293945,55.86000061035156,56.709999084472656,6882500
2022-03-29,57.70000076293945,57.91999816894531,56.529998779296875,56.869998931884766,6182800
2022-03-30,56.689998626708984,56.75,54.86000061035156,55.18000030517578,7908500
2022-03-31,55.02000045776367,55.349998474121094,53.13999938964844,53.150001525878906,9511300
2022-04-01,53.63999938964844,53.779998779296875,52.470001220703125,52.900001525878906,7514600
2022-04-04,52.540000915527344,53.16999816894531,51.91999816894531,52.65999984741211,5616800
2022-04-05,52.25,53.70000076293945,52.189998626708984,53.0,7370000
2022-04-06,52.65999984741211,53.27000045776367,52.54999923706055,52.970001220703125,8299100
2022-04-07,53.189998626708984,53.31999969482422,52.0,52.58000183105469,8656100
2022-04-08,52.209999084472656,52.599998474121094,51.13999938964844,52.25,9974800
2022-04-11,51.939998626708984,52.88999938964844,51.70000076293945,51.720001220703125,8520700
2022-04-12,51.290000915527344,52.15999984741211,50.529998779296875,50.81999969482422,7387600
2022-04-13,50.220001220703125,50.83000183105469,49.779998779296875,50.61000061035156,10788100
2022-04-14,51.93000030517578,53.349998474121094,51.43000030517578,52.709999084472656,10824100
2022-04-18,52.61000061035156,53.75,52.369998931884766,52.7400016784668,8468000
2022-04-19,53.09000015258789,53.33000183105469,52.41999816894531,52.880001068115234,7707000
2022-04-20,53.45000076293945,53.72999954223633,52.90999984741211,53.04999923706055,7978800
2022-04-21,53.599998474121094,53.880001068115234,52.380001068115234,52.63999938964844,6745000
2022-04-22,52.58000183105469,52.599998474121094,50.7599983215332,50.83000183105469,6300900
2022-04-25,50.4900016784668,50.970001220703125,49.459999084472656,50.84000015258789,8400700
2022-04-26,50.06999969482422,51.06999969482422,49.93000030517578,50.029998779296875,6488100
2022-04-27,49.790000915527344,50.11000061035156,49.31999969482422,49.63999938964844,7795500
2022-04-28,50.130001068115234,50.2599983215332,49.400001525878906,50.040000915527344,8219200
2022-04-29,50.130001068115234,50.290000915527344,48.41999816894531,48.560001373291016,8803500
2022-05-02,49.060001373291016,49.25,47.849998474121094,48.849998474121094,8139900
2022-05-03,49.40999984741211,49.84000015258789,48.959999084472656,49.470001220703125,5843000
2022-05-04,49.27000045776367,50.61000061035156,48.849998474121094,50.529998779296875,8092600
2022-05-05,49.88999938964844,49.939998626708984,48.540000915527344,49.2400016784668,6861000
2022-05-06,49.08000183105469,49.4900016784668,48.16999816894531,49.290000915527344,7779100
2022-05-09,48.68000030517578,50.13999938964844,48.619998931884766,49.439998626708984,9513400
2022-05-10,49.81999969482422,50.91999816894531,48.439998626708984,49.36000061035156,9607800
2022-05-11,49.40999984741211,50.150001525878906,48.38999938964844,48.459999084472656,7711400
2022-05-12,48.2400016784668,48.88999938964844,47.68000030517578,48.59000015258789,7743600
2022-05-13,48.95000076293945,49.04999923706055,48.099998474121094,48.599998474121094,5588900
2022-05-16,48.560001373291016,48.790000915527344,47.709999084472656,48.27000045776367,5956500
2022-05-17,49.18000030517578,49.720001220703125,48.91999816894531,49.650001525878906,5589800
2022-05-18,49.400001525878906,49.47999954223633,48.869998931884766,49.099998474121094,6481700
2022-05-19,48.470001220703125,49.68000030517578,48.40999984741211,49.2400016784668,7078400
2022-05-20,49.459999084472656,49.880001068115234,48.04999923706055,49.209999084472656,8463600
2022-05-23,50.349998474121094,51.25,49.849998474121094,50.75,6472100
2022-05-24,50.61000061035156,51.220001220703125,49.75,51.040000915527344,7000300
2022-05-25,50.84000015258789,51.52000045776367,50.459999084472656,51.189998626708984,7374700
2022-05-26,51.66999816894531,52.400001525878906,51.560001373291016,52.13999938964844,5799100
2022-05-27,52.36000061035156,52.540000915527344,51.970001220703125,52.5,5645900
2022-05-31,51.93000030517578,53.369998931884766,51.630001068115234,53.06999969482422,10600500
2022-06-01,53.209999084472656,53.209999084472656,51.52000045776367,51.75,8293200
2022-06-02,51.720001220703125,52.279998779296875,51.150001525878906,52.18000030517578,7882500
2022-06-03,52.08000183105469,52.290000915527344,51.790000915527344,51.939998626708984,8820500
2022-06-06,52.43000030517578,53.220001220703125,52.06999969482422,52.25,5009200
2022-06-07,51.91999816894531,52.66999816894531,51.75,52.560001373291016,5080000
2022-06-08,52.11000061035156,52.45000076293945,51.560001373291016,51.84000015258789,4409100
2022-06-09,51.58000183105469,51.650001525878906,50.33000183105469,50.33000183105469,5307600
2022-06-10,49.400001525878906,49.470001220703125,48.38999938964844,48.720001220703125,8450500
2022-06-13,47.959999084472656,48.15999984741211,46.83000183105469,47.060001373291016,10676800
2022-06-14,47.2599983215332,47.880001068115234,45.689998626708984,45.720001220703125,13689800
2022-06-15,46.34000015258789,47.06999969482422,45.70000076293945,46.36000061035156,11557100
2022-06-16,45.65999984741211,45.70000076293945,44.790000915527344,45.40999984741211,8390400
2022-06-17,45.41999816894531,46.189998626708984,45.279998779296875,45.40999984741211,19038700
2022-06-21,46.470001220703125,46.720001220703125,45.97999954223633,46.33000183105469,7722300
2022-06-22,45.900001525878906,46.68000030517578,45.70000076293945,46.5,5875900
2022-06-23,46.279998779296875,46.560001373291016,44.90999984741211,45.720001220703125,6328900
2022-06-24,45.970001220703125,47.720001220703125,45.880001068115234,47.52000045776367,6925000
2022-06-27,47.689998626708984,47.779998779296875,46.959999084472656,47.25,7078400
2022-06-28,47.720001220703125,48.20000076293945,46.70000076293945,46.88999938964844,6401600
2022-06-29,46.5099983215332,46.83000183105469,45.88999938964844,46.119998931884766,4975300
2022-06-30,45.27000045776367,46.41999816894531,44.81999969482422,46.02000045776367,6233200
2022-07-01,45.86000061035156,46.7400016784668,45.380001068115234,46.59000015258789,5398000
2022-07-05,45.650001525878906,46.47999954223633,45.209999084472656,46.459999084472656,4883600
2022-07-06,46.20000076293945,46.869998931884766,45.880001068115234,46.5,5701700
2022-07-07,46.88999938964844,47.2400016784668,46.65999984741211,46.7599983215332,3679900
2022-07-08,46.959999084472656,47.099998474121094,46.34000015258789,46.529998779296875,3546700
2022-07-11,46.08000183105469,46.5,45.959999084472656,46.349998474121094,4641300
2022-07-12,45.869998931884766,46.83000183105469,45.7599983215332,46.20000076293945,4137100
2022-07-13,45.77000045776367,45.83000183105469,44.63999938964844,45.31999969482422,5460300
2022-07-14,44.22999954223633,44.459999084472656,43.75,44.25,7298300
2022-07-15,45.5,47.0099983215332,44.93000030517578,46.56999969482422,8608200
2022-07-18,47.02000045776367,47.59000015258789,46.5099983215332,46.68000030517578,7435000
2022-07-19,47.310001373291016,47.709999084472656,46.959999084472656,47.459999084472656,5684000
2022-07-20,47.09000015258789,47.310001373291016,46.5099983215332,47.04999923706055,6130600
2022-07-21,46.970001220703125,47.66999816894531,46.75,47.61000061035156,6619400
2022-07-22,47.470001220703125,47.939998626708984,47.310001373291016,47.709999084472656,5009100
2022-07-25,48.25,48.5,47.65999984741211,48.04999923706055,4054100
2022-07-26,47.689998626708984,48.33000183105469,47.220001220703125,47.41999816894531,4995000
2022-07-27,47.709999084472656,48.38999938964844,47.25,48.209999084472656,5456900
2022-07-28,48.119998931884766,48.41999816894531,45.81999969482422,46.119998931884766,13267900
2022-07-29,46.25,47.59000015258789,46.099998474121094,47.20000076293945,7705100
2022-08-01,46.849998474121094,47.689998626708984,46.4900016784668,47.5099983215332,7322900
2022-08-02,47.36000061035156,47.439998626708984,46.63999938964844,46.93000030517578,6532800
2022-08-03,47.38999938964844,47.83000183105469,47.0099983215332,47.65999984741211,5691100
2022-08-04,47.599998474121094,47.939998626708984,47.060001373291016,47.06999969482422,6531300
2022-08-05,46.9900016784668,47.86000061035156,46.86000061035156,47.38999938964844,4061100
2022-08-08,47.86000061035156,47.900001525878906,46.720001220703125,46.95000076293945,5316000
2022-08-09,47.2599983215332,47.33000183105469,46.86000061035156,47.18000030517578,3947700
2022-08-10,47.720001220703125,48.02000045776367,47.43000030517578,47.869998931884766,6098100
2022-08-11,48.380001068115234,48.79999923706055,48.099998474121094,48.439998626708984,6171600
2022-08-12,48.560001373291016,48.90999984741211,48.31999969482422,48.77000045776367,6432000
2022-08-15,48.310001373291016,49.220001220703125,48.16999816894531,49.08000183105469,4947700
2022-08-16,48.75,49.68000030517578,48.689998626708984,49.29999923706055,4790100
2022-08-17,48.70000076293945,49.380001068115234,48.619998931884766,49.029998779296875,5553200
2022-08-18,48.79999923706055,49.040000915527344,48.5099983215332,49.0099983215332,5400400
2022-08-19,48.58000183105469,48.72999954223633,48.27000045776367,48.61000061035156,7197200
2022-08-22,47.869998931884766,47.880001068115234,47.349998474121094,47.599998474121094,5816700
2022-08-23,47.630001068115234,47.880001068115234,47.279998779296875,47.40999984741211,4411500
2022-08-24,47.099998474121094,47.34000015258789,46.810001373291016,47.189998626708984,4620800
2022-08-25,47.31999969482422,47.95000076293945,46.939998626708984,47.7599983215332,5296700
2022-08-26,47.91999816894531,48.060001373291016,46.470001220703125,46.4900016784668,5070200
2022-08-29,46.2599983215332,46.41999816894531,45.81999969482422,46.099998474121094,3650000
2022-08-30,46.349998474121094,46.380001068115234,45.630001068115234,45.90999984741211,5105500
2022-08-31,46.11000061035156,46.13999938964844,45.540000915527344,45.61000061035156,6239800
2022-09-01,45.54999923706055,45.900001525878906,45.0099983215332,45.869998931884766,4920600
2022-09-02,46.38999938964844,46.7599983215332,45.36000061035156,45.54999923706055,5980400
2022-09-06,45.84000015258789,45.84000015258789,44.79999923706055,45.31999969482422,5331500
2022-09-07,45.06999969482422,46.06999969482422,44.970001220703125,45.90999984741211,6431900
2022-09-08,45.689998626708984,47.06999969482422,45.43000030517578,47.04999923706055,7275500
2022-09-09,47.220001220703125,47.75,47.18000030517578,47.58000183105469,6730400
2022-09-12,47.84000015258789,48.04999923706055,47.400001525878906,47.560001373291016,7251000
2022-09-13,46.7400016784668,46.7599983215332,45.02000045776367,45.18000030517578,8109500
2022-09-14,45.38999938964844,45.4900016784668,44.439998626708984,45.099998474121094,6664300
2022-09-15,45.27000045776367,46.11000061035156,45.150001525878906,45.869998931884766,12610800
2022-09-16,45.619998931884766,46.08000183105469,45.18000030517578,45.869998931884766,20653500
2022-09-19,45.310001373291016,46.400001525878906,45.150001525878906,46.150001525878906,9303700
2022-09-20,45.72999954223633,45.81999969482422,44.59000015258789,44.9900016784668,8930300
2022-09-21,45.060001373291016,45.43000030517578,43.91999816894531,43.93000030517578,7051600
2022-09-22,44.06999969482422,44.209999084472656,43.0,43.029998779296875,6923700
2022-09-23,42.619998931884766,42.88999938964844,41.54999923706055,42.119998931884766,8185500
2022-09-26,41.720001220703125,42.15999984741211,40.75,41.060001373291016,16533100
2022-09-27,41.5099983215332,41.54999923706055,40.650001525878906,40.959999084472656,9556400
2022-09-28,40.91999816894531,41.72999954223633,40.810001373291016,41.41999816894531,11278100
2022-09-29,40.52000045776367,41.09000015258789,40.310001373291016,40.72999954223633,7888900
2022-09-30,40.779998779296875,41.209999084472656,40.27000045776367,40.31999969482422,9457900
2022-10-03,40.84000015258789,41.75,40.369998931884766,41.56999969482422,8790300
2022-10-04,42.189998626708984,42.779998779296875,42.0,42.630001068115234,14653400
2022-10-05,42.0099983215332,42.400001525878906,41.84000015258789,42.20000076293945,6552600
2022-10-06,41.7599983215332,42.060001373291016,41.060001373291016,41.08000183105469,8528700
2022-10-07,40.81999969482422,40.93000030517578,39.970001220703125,40.20000076293945,8696600
2022-10-10,40.400001525878906,40.59000015258789,39.66999816894531,39.83000183105469,6396100
2022-10-11,39.540000915527344,39.54999923706055,38.63999938964844,38.790000915527344,8990600
2022-10-12,38.7599983215332,39.47999954223633,38.59000015258789,39.11000061035156,10853700
2022-10-13,38.59000015258789,41.5099983215332,38.38999938964844,41.369998931884766,15853300
2022-10-14,42.150001525878906,43.290000915527344,41.66999816894531,42.7599983215332,19272100
2022-10-17,43.880001068115234,44.150001525878906,42.27000045776367,42.63999938964844,21456500
2022-10-18,43.41999816894531,43.65999984741211,42.31999969482422,42.79999923706055,16113000
2022-10-19,42.36000061035156,42.65999984741211,41.11000061035156,41.2599983215332,10203600
2022-10-20,41.40999984741211,41.65999984741211,39.90999984741211,40.0099983215332,10508000
2022-10-21,39.86000061035156,40.70000076293945,39.56999969482422,40.5099983215332,12851600
2022-10-24,40.689998626708984,41.52000045776367,40.45000076293945,41.130001068115234,9553700
2022-10-25,40.65999984741211,42.09000015258789,40.560001373291016,42.0099983215332,13055400
2022-10-26,42.0,42.619998931884766,41.95000076293945,42.38999938964844,10211800
2022-10-27,42.70000076293945,42.970001220703125,42.02000045776367,42.08000183105469,7810200
2022-10-28,42.15999984741211,42.93000030517578,41.97999954223633,42.86000061035156,7775500
2022-10-31,42.52000045776367,42.959999084472656,42.41999816894531,42.45000076293945,11723800
2022-11-01,42.79999923706055,43.15999984741211,42.310001373291016,42.880001068115234,8043500
2022-11-02,42.58000183105469,43.150001525878906,41.72999954223633,41.75,9264600
2022-11-03,41.18000030517578,41.79999923706055,40.56999969482422,41.5,12857000
2022-11-04,41.97999954223633,42.88999938964844,41.97999954223633,42.83000183105469,13759400
2022-11-07,43.20000076293945,43.599998474121094,42.7599983215332,43.529998779296875,12207000
2022-11-08,43.75,44.36000061035156,43.470001220703125,44.16999816894531,12794700
2022-11-09,43.790000915527344,43.880001068115234,43.15999984741211,43.2400016784668,9423000
2022-11-10,44.0,45.02000045776367,43.90999984741211,44.869998931884766,14064600
2022-11-11,44.439998626708984,45.04999923706055,44.439998626708984,44.91999816894531,10692700
2022-11-14,44.959999084472656,45.060001373291016,43.810001373291016,43.849998474121094,8209800
2022-11-15,44.4900016784668,44.529998779296875,43.31999969482422,43.77000045776367,11171700
2022-11-16,43.7599983215332,43.810001373291016,42.81999969482422,42.93000030517578,9896200
2022-11-17,42.439998626708984,42.83000183105469,42.33000183105469,42.77000045776367,6376600
2022-11-18,43.34000015258789,43.4900016784668,42.88999938964844,43.380001068115234,6159700
2022-11-21,43.369998931884766,43.84000015258789,43.2599983215332,43.38999938964844,9331900
2022-11-22,43.540000915527344,43.95000076293945,43.45000076293945,43.90999984741211,6999000
2022-11-23,43.93000030517578,44.15999984741211,43.81999969482422,44.11000061035156,6225700
2022-11-25,44.25,44.38999938964844,44.060001373291016,44.2599983215332,2564600
2022-11-28,43.9900016784668,44.290000915527344,43.63999938964844,43.7400016784668,6790600
2022-11-29,43.79999923706055,44.619998931884766,43.70000076293945,44.59000015258789,7854200
2022-11-30,44.439998626708984,45.52000045776367,43.720001220703125,45.38999938964844,11688600
2022-12-01,45.38999938964844,45.540000915527344,44.849998474121094,45.349998474121094,8492700
2022-12-02,45.15999984741211,45.72999954223633,45.08000183105469,45.63999938964844,10786800
2022-12-05,45.63999938964844,45.689998626708984,43.619998931884766,43.90999984741211,13725400
2022-12-06,43.959999084472656,44.060001373291016,42.22999954223633,42.939998626708984,9642300
2022-12-07,42.7599983215332,43.900001525878906,42.470001220703125,43.560001373291016,10132800
2022-12-08,43.619998931884766,43.66999816894531,43.029998779296875,43.560001373291016,6989000
2022-12-09,43.36000061035156,43.79999923706055,43.029998779296875,43.11000061035156,9097600
2022-12-12,43.20000076293945,43.61000061035156,42.61000061035156,43.459999084472656,10695700
2022-12-13,44.52000045776367,44.939998626708984,43.90999984741211,44.25,15543000
2022-12-14,44.08000183105469,44.2599983215332,42.97999954223633,43.290000915527344,11240400
2022-12-15,42.650001525878906,43.040000915527344,42.40999984741211,42.84000015258789,10229200
2022-12-16,42.5,42.79999923706055,41.83000183105469,42.150001525878906,19310900
2022-12-19,42.099998474121094,42.65999984741211,41.599998474121094,41.95000076293945,11789100
2022-12-20,42.11000061035156,42.279998779296875,41.810001373291016,41.93000030517578,14209000
2022-12-21,42.20000076293945,43.0,42.15999984741211,42.709999084472656,9456300
2022-12-22,42.47999954223633,42.849998474121094,42.25,42.849998474121094,12427700
2022-12-23,42.83000183105469,43.290000915527344,42.72999954223633,43.20000076293945,6931000
2022-12-27,43.349998474121094,43.75,43.119998931884766,43.650001525878906,7504200
2022-12-28,43.720001220703125,43.81999969482422,43.08000183105469,43.349998474121094,6379600
2022-12-29,42.970001220703125,43.630001068115234,42.83000183105469,43.56999969482422,5956300
2022-12-30,43.400001525878906,43.79999923706055,43.279998779296875,43.61000061035156,5737900
2023-01-03,44.20000076293945,45.029998779296875,44.08000183105469,44.63999938964844,12795900
2023-01-04,45.11000061035156,46.400001525878906,45.11000061035156,46.029998779296875,16338400
2023-01-05,45.86000061035156,46.0,45.060001373291016,45.66999816894531,8364000
2023-01-06,46.0,46.4900016784668,45.41999816894531,46.310001373291016,8198300
2023-01-09,46.40999984741211,46.79999923706055,46.119998931884766,46.61000061035156,13170700
2023-01-10,46.75,46.900001525878906,45.959999084472656,46.65999984741211,13631800
2023-01-11,46.90999984741211,47.33000183105469,46.720001220703125,47.11000061035156,8704900
2023-01-12,47.45000076293945,48.029998779296875,47.29999923706055,47.59000015258789,8934000
2023-01-13,46.869998931884766,47.400001525878906,46.43000030517578,47.33000183105469,8150600
2023-01-17,47.58000183105469,47.7400016784668,46.810001373291016,47.439998626708984,10150000
2023-01-18,47.029998779296875,47.290000915527344,45.7599983215332,45.810001373291016,8376700
2023-01-19,45.400001525878906,45.939998626708984,44.91999816894531,45.630001068115234,9136600
2023-01-20,45.75,46.470001220703125,45.349998474121094,46.459999084472656,8030400
2023-01-23,46.68000030517578,47.689998626708984,46.540000915527344,47.66999816894531,8136000
2023-01-24,47.75,47.79999923706055,46.459999084472656,46.66999816894531,12459200
2023-01-25,46.90999984741211,49.68000030517578,46.880001068115234,49.150001525878906,12238500
2023-01-26,49.68000030517578,49.95000076293945,48.33000183105469,48.70000076293945,8316100
2023-01-27,48.619998931884766,48.88999938964844,48.18000030517578,48.86000061035156,6568200
2023-01-30,48.56999969482422,49.34000015258789,48.540000915527344,48.79999923706055,5943200
2023-01-31,48.84000015258789,49.810001373291016,48.59000015258789,49.79999923706055,7714000
2023-02-01,49.2400016784668,49.93000030517578,49.0,49.220001220703125,7611100
2023-02-02,49.470001220703125,49.650001525878906,48.939998626708984,49.150001525878906,6819800
2023-02-03,48.81999969482422,49.619998931884766,48.709999084472656,49.29999923706055,6579400
2023-02-06,48.939998626708984,49.130001068115234,48.65999984741211,48.95000076293945,4997600
2023-02-07,48.65999984741211,49.79999923706055,48.63999938964844,49.66999816894531,5809100
2023-02-08,49.130001068115234,49.66999816894531,48.95000076293945,49.06999969482422,5810000
2023-02-09,49.38999938964844,49.5,48.560001373291016,48.77000045776367,5870500
2023-02-10,48.599998474121094,48.88999938964844,48.34000015258789,48.70000076293945,5357300
2023-02-13,48.66999816894531,49.099998474121094,48.619998931884766,49.09000015258789,4906200
2023-02-14,49.099998474121094,49.290000915527344,48.77000045776367,49.130001068115234,4889500
2023-02-15,48.849998474121094,49.11000061035156,48.65999984741211,49.08000183105469,4227900
2023-02-16,48.790000915527344,48.939998626708984,48.400001525878906,48.54999923706055,4900000
2023-02-17,48.41999816894531,48.66999816894531,48.20000076293945,48.599998474121094,5191900
2023-02-21,48.20000076293945,48.2599983215332,47.33000183105469,47.689998626708984,5793100
2023-02-22,47.70000076293945,47.869998931884766,47.34000015258789,47.540000915527344,4583300
2023-02-23,47.869998931884766,48.11000061035156,47.310001373291016,47.720001220703125,4319300
2023-02-24,47.209999084472656,47.709999084472656,47.029998779296875,47.63999938964844,4141500
2023-02-27,47.93000030517578,48.2400016784668,47.47999954223633,47.58000183105469,4260200
2023-02-28,47.70000076293945,48.04999923706055,47.58000183105469,47.72999954223633,6209100
2023-03-01,47.189998626708984,47.45000076293945,46.900001525878906,47.310001373291016,7123400
2023-03-02,47.18000030517578,47.18000030517578,45.900001525878906,46.310001373291016,6437000
2023-03-03,46.52000045776367,47.15999984741211,46.380001068115234,47.11000061035156,4566900
2023-03-06,47.18000030517578,47.560001373291016,47.0,47.119998931884766,5604200
2023-03-07,46.790000915527344,46.810001373291016,45.470001220703125,45.599998474121094,6072200
2023-03-08,45.54999923706055,46.02000045776367,45.2400016784668,45.4900016784668,4651200
2023-03-09,45.11000061035156,45.20000076293945,42.16999816894531,42.29999923706055,10961800
2023-03-10,40.880001068115234,42.060001373291016,39.619998931884766,40.619998931884766,23573700
2023-03-13,38.04999923706055,38.400001525878906,36.130001068115234,36.540000915527344,36746000
2023-03-14,39.119998931884766,39.68000030517578,36.900001525878906,37.5099983215332,28999400
2023-03-15,36.29999923706055,36.97999954223633,35.15999984741211,35.439998626708984,33125800
2023-03-16,35.20000076293945,36.540000915527344,32.720001220703125,36.36000061035156,51459200
2023-03-17,35.5,35.61000061035156,32.869998931884766,32.95000076293945,56442900
2023-03-20,34.529998779296875,35.380001068115234,33.810001373291016,34.45000076293945,43046500
2023-03-21,36.0,37.849998474121094,35.79999923706055,37.52000045776367,34821400
2023-03-22,37.5,37.529998779296875,34.77000045776367,34.790000915527344,28376900
2023-03-23,35.029998779296875,36.09000015258789,34.720001220703125,35.060001373291016,26061900
2023-03-24,34.34000015258789,34.939998626708984,34.0099983215332,34.900001525878906,18619300
2023-03-27,36.66999816894531,37.099998474121094,34.79999923706055,34.869998931884766,19966700
2023-03-28,34.77000045776367,35.619998931884766,34.47999954223633,35.560001373291016,15681700
2023-03-29,36.060001373291016,36.31999969482422,35.7400016784668,36.220001220703125,14776400
2023-03-30,36.18000030517578,36.52000045776367,35.15999984741211,35.45000076293945,13539900
2023-03-31,35.810001373291016,36.060001373291016,35.099998474121094,36.04999923706055,15541700
2023-04-03,36.20000076293945,36.439998626708984,35.54999923706055,35.63999938964844,12209800
2023-04-04,36.189998626708984,36.33000183105469,34.52000045776367,35.060001373291016,12238700
2023-04-05,34.83000183105469,35.2599983215332,34.47999954223633,35.11000061035156,12734700
2023-04-06,35.25,36.25,35.20000076293945,35.75,12008400
2023-04-10,35.79999923706055,36.2400016784668,35.47999954223633,35.61000061035156,10547700
2023-04-11,35.63999938964844,35.84000015258789,35.45000076293945,35.529998779296875,11927800
2023-04-12,35.779998779296875,36.029998779296875,34.970001220703125,35.400001525878906,11586300
2023-04-13,35.33000183105469,35.38999938964844,34.72999954223633,35.380001068115234,12799100
2023-04-14,36.20000076293945,36.29999923706055,34.869998931884766,34.970001220703125,16186300
2023-04-17,34.79999923706055,35.61000061035156,33.939998626708984,35.59000015258789,22419300
2023-04-18,35.599998474121094,35.61000061035156,34.630001068115234,35.189998626708984,19052200
2023-04-19,35.5099983215332,36.119998931884766,34.70000076293945,36.0099983215332,20970200
2023-04-20,35.45000076293945,35.45000076293945,34.130001068115234,34.7599983215332,21609500
2023-04-21,34.290000915527344,34.34000015258789,32.61000061035156,33.52000045776367,28303000
2023-04-24,33.27000045776367,33.40999984741211,32.54999923706055,32.790000915527344,16238100
2023-04-25,32.400001525878906,32.939998626708984,31.299999237060547,31.770000457763672,22540100
2023-04-26,31.68000030517578,32.060001373291016,31.260000228881836,31.520000457763672,17133300
2023-04-27,31.600000381469727,32.75,31.479999542236328,32.56999969482422,19428200
2023-04-28,32.20000076293945,34.52000045776367,31.950000762939453,34.279998779296875,25219300
2023-05-01,34.25,34.33000183105469,32.93000030517578,32.939998626708984,19095200
2023-05-02,32.939998626708984,32.939998626708984,30.40999984741211,30.6299991607666,28994600
2023-05-03,30.790000915527344,31.1200008392334,29.65999984741211,29.799999237060547,23759800
2023-05-04,28.5,29.700000762939453,27.270000457763672,28.979999542236328,48099600
2023-05-05,30.68000030517578,31.309999465942383,29.6299991607666,30.739999771118164,28236700
2023-05-08,31.510000228881836,31.600000381469727,29.68000030517578,29.739999771118164,22304300
2023-05-09,29.399999618530273,30.25,29.010000228881836,29.90999984741211,18209200
2023-05-10,30.600000381469727,30.649999618530273,28.899999618530273,29.450000762939453,14492700
2023-05-11,29.0,29.290000915527344,28.530000686645508,28.920000076293945,16413400
2023-05-12,29.239999771118164,29.34000015258789,28.739999771118164,29.1299991607666,16870700
2023-05-15,29.15999984741211,29.790000915527344,29.06999969482422,29.649999618530273,12671600
2023-05-16,29.5,29.75,28.670000076293945,28.68000030517578,14997200
2023-05-17,29.0,30.5,28.93000030517578,30.450000762939453,22429700
2023-05-18,30.239999771118164,30.559999465942383,29.889999389648438,30.489999771118164,13204600
2023-05-19,30.65999984741211,30.889999389648438,29.75,30.110000610351562,15001500
2023-05-22,30.540000915527344,31.079999923706055,30.06999969482422,30.90999984741211,11974600
2023-05-23,31.0,32.099998474121094,31.0,31.139999389648438,13952200
2023-05-24,30.829999923706055,31.25,30.399999618530273,30.809999465942383,11120700
2023-05-25,30.559999465942383,30.829999923706055,30.15999984741211,30.510000228881836,11948300
2023-05-26,30.579999923706055,30.790000915527344,30.290000915527344,30.670000076293945,9267000
2023-05-30,30.8700008392334,31.09000015258789,30.0,30.65999984741211,12907300
2023-05-31,30.149999618530273,30.34000015258789,29.399999618530273,29.899999618530273,31032900
2023-06-01,30.100000381469727,30.600000381469727,29.329999923706055,30.520000457763672,12319400
2023-06-02,31.0,31.989999771118164,30.75,31.739999771118164,13744000
2023-06-05,31.8700008392334,31.8700008392334,31.020000457763672,31.219999313354492,10644900
2023-06-06,31.229999542236328,32.79999923706055,31.1299991607666,32.630001068115234,13876500
2023-06-07,32.7400016784668,33.400001525878906,32.41999816894531,33.2599983215332,13860500
2023-06-08,33.099998474121094,33.27000045776367,32.5,33.060001373291016,12063700
2023-06-09,33.0,33.36000061035156,32.689998626708984,32.86000061035156,10586200
2023-06-12,32.709999084472656,33.349998474121094,31.520000457763672,32.15999984741211,15560400
2023-06-13,32.08000183105469,33.310001373291016,31.75,32.70000076293945,20543600
2023-06-14,33.0,33.439998626708984,31.889999389648438,32.099998474121094,17832200
2023-06-15,32.20000076293945,33.41999816894531,31.950000762939453,33.290000915527344,16315500
2023-06-16,33.4900016784668,33.61000061035156,33.0,33.45000076293945,30118200
2023-06-20,33.040000915527344,33.689998626708984,32.66999816894531,33.58000183105469,19540400
2023-06-21,33.65999984741211,33.81999969482422,33.209999084472656,33.43000030517578,13570700
2023-06-22,33.45000076293945,33.47999954223633,32.13999938964844,32.22999954223633,13292400
2023-06-23,31.989999771118164,32.5099983215332,31.829999923706055,31.8799991607666,20701400
2023-06-26,31.8700008392334,32.52000045776367,31.8700008392334,32.31999969482422,11249000
2023-06-27,32.290000915527344,32.689998626708984,31.84000015258789,32.54999923706055,9776300
2023-06-28,32.56999969482422,32.56999969482422,31.950000762939453,32.31999969482422,11215400
2023-06-29,32.18000030517578,32.7599983215332,32.029998779296875,32.7599983215332,12479700
2023-06-30,33.209999084472656,33.5,32.849998474121094,33.040000915527344,15139600
2023-07-03,33.15999984741211,33.779998779296875,33.13999938964844,33.58000183105469,6483800
2023-07-05,33.33000183105469,33.7400016784668,33.02000045776367,33.529998779296875,10355100
2023-07-06,33.0,33.060001373291016,32.04999923706055,32.9900016784668,12008400
2023-07-07,32.86000061035156,33.79999923706055,32.84000015258789,33.540000915527344,9052900
2023-07-10,33.220001220703125,33.83000183105469,33.150001525878906,33.7400016784668,11720200
2023-07-11,34.5099983215332,35.18000030517578,34.06999969482422,34.91999816894531,15972800
2023-07-12,35.650001525878906,36.220001220703125,35.08000183105469,35.11000061035156,11534400
2023-07-13,35.33000183105469,35.900001525878906,35.2599983215332,35.810001373291016,10710800
2023-07-14,36.09000015258789,36.209999084472656,35.2400016784668,35.33000183105469,13063800
2023-07-17,35.2400016784668,35.45000076293945,35.0099983215332,35.2599983215332,13412200
2023-07-18,35.38999938964844,36.560001373291016,35.33000183105469,36.54999923706055,15103000
2023-07-19,36.380001068115234,39.27000045776367,35.630001068115234,38.90999984741211,32807000
2023-07-20,38.560001373291016,39.15999984741211,38.279998779296875,39.13999938964844,19108600
2023-07-21,39.20000076293945,39.22999954223633,38.369998931884766,38.41999816894531,16354800
2023-07-24,38.560001373291016,39.43000030517578,38.459999084472656,39.2599983215332,12796800
2023-07-25,39.189998626708984,39.31999969482422,37.779998779296875,37.86000061035156,14708700
2023-07-26,38.439998626708984,39.060001373291016,38.290000915527344,38.88999938964844,13001200
2023-07-27,39.09000015258789,39.41999816894531,38.7400016784668,38.81999969482422,16144800
2023-07-28,39.189998626708984,39.54999923706055,38.75,39.540000915527344,11512000
2023-07-31,39.75,39.88999938964844,39.310001373291016,39.68000030517578,12237800
2023-08-01,39.439998626708984,39.52000045776367,38.470001220703125,38.709999084472656,11884300
2023-08-02,38.0099983215332,38.5099983215332,37.63999938964844,38.43000030517578,9943800
2023-08-03,38.33000183105469,39.61000061035156,38.04999923706055,39.45000076293945,14718800
2023-08-04,39.34000015258789,40.45000076293945,39.2400016784668,39.86000061035156,14108500
2023-08-07,39.93000030517578,40.25,39.86000061035156,40.119998931884766,8022300
2023-08-08,37.7400016784668,40.31999969482422,37.7400016784668,40.22999954223633,15354100
2023-08-09,39.88999938964844,40.33000183105469,39.59000015258789,39.650001525878906,10583700
2023-08-10,39.939998626708984,40.150001525878906,39.40999984741211,39.4900016784668,10206500
2023-08-11,39.189998626708984,39.90999984741211,39.13999938964844,39.459999084472656,8582900
2023-08-14,39.08000183105469,39.11000061035156,38.540000915527344,38.720001220703125,9536800
2023-08-15,38.0,38.27000045776367,37.529998779296875,37.63999938964844,11157200
2023-08-16,37.439998626708984,37.61000061035156,36.91999816894531,37.04999923706055,10647600
2023-08-17,37.310001373291016,37.43000030517578,36.689998626708984,36.810001373291016,9766800
2023-08-18,36.369998931884766,36.869998931884766,36.22999954223633,36.84000015258789,8280100
2023-08-21,36.900001525878906,36.939998626708984,36.40999984741211,36.7599983215332,8615800
2023-08-22,36.7599983215332,36.869998931884766,35.72999954223633,35.84000015258789,8279000
2023-08-23,35.81999969482422,36.2599983215332,35.369998931884766,36.25,8159200
2023-08-24,36.279998779296875,36.88999938964844,36.04999923706055,36.130001068115234,10346000
2023-08-25,36.40999984741211,36.5099983215332,35.209999084472656,35.5099983215332,11005900
2023-08-28,35.84000015258789,36.36000061035156,35.66999816894531,36.02000045776367,9638300
2023-08-29,36.189998626708984,36.529998779296875,35.849998474121094,36.47999954223633,7942600
2023-08-30,36.54999923706055,36.709999084472656,36.20000076293945,36.380001068115234,8461700
2023-08-31,36.5099983215332,36.65999984741211,36.310001373291016,36.529998779296875,10404400
2023-09-01,36.84000015258789,37.290000915527344,36.81999969482422,37.06999969482422,13758200
2023-09-05,37.099998474121094,37.529998779296875,36.47999954223633,36.52000045776367,14762500
2023-09-06,36.2599983215332,36.540000915527344,35.70000076293945,36.119998931884766,8711900
2023-09-07,35.88999938964844,36.290000915527344,35.5099983215332,35.630001068115234,7296900
2023-09-08,35.77000045776367,36.20000076293945,35.27000045776367,36.11000061035156,8361700
2023-09-11,36.5,36.70000076293945,36.11000061035156,36.20000076293945,7300200
2023-09-12,36.38999938964844,37.220001220703125,35.95000076293945,37.0,10376400
2023-09-13,37.25,37.369998931884766,35.0099983215332,35.150001525878906,15995500
2023-09-14,35.599998474121094,36.08000183105469,35.43000030517578,35.720001220703125,19880500
2023-09-15,35.31999969482422,35.709999084472656,34.91999816894531,35.150001525878906,46217300
2023-09-18,34.84000015258789,34.970001220703125,34.47999954223633,34.75,10954900
2023-09-19,34.560001373291016,34.9900016784668,34.18000030517578,34.59000015258789,10903700
2023-09-20,34.75,35.2400016784668,34.38999938964844,34.40999984741211,8388300
2023-09-21,34.290000915527344,34.369998931884766,33.369998931884766,33.45000076293945,11359600
2023-09-22,33.45000076293945,33.630001068115234,33.20000076293945,33.380001068115234,10259400
2023-09-25,33.209999084472656,33.68000030517578,33.02000045776367,33.59000015258789,8738000
2023-09-26,33.209999084472656,33.5099983215332,32.7400016784668,33.02000045776367,13742900
2023-09-27,33.13999938964844,33.16999816894531,32.2599983215332,32.52000045776367,12601100
2023-09-28,32.099998474121094,32.790000915527344,32.040000915527344,32.470001220703125,8619500
2023-09-29,32.560001373291016,33.52000045776367,32.54999923706055,33.060001373291016,10981300
2023-10-02,32.619998931884766,33.0099983215332,31.989999771118164,32.13999938964844,9649300
2023-10-03,31.889999389648438,31.93000030517578,31.200000762939453,31.34000015258789,10300600
2023-10-04,31.399999618530273,31.540000915527344,30.8799991607666,31.239999771118164,13407700
2023-10-05,31.0,31.920000076293945,30.6299991607666,31.8700008392334,10572000
2023-10-06,31.540000915527344,32.189998626708984,31.100000381469727,31.860000610351562,9414500
2023-10-09,31.59000015258789,32.150001525878906,31.450000762939453,32.0099983215332,7764800
2023-10-10,32.47999954223633,32.95000076293945,32.33000183105469,32.59000015258789,10108100
2023-10-11,32.59000015258789,33.099998474121094,32.310001373291016,32.5099983215332,7855000
2023-10-12,32.540000915527344,32.7599983215332,31.93000030517578,32.2599983215332,10285800
2023-10-13,32.529998779296875,32.88999938964844,31.8799991607666,32.16999816894531,10943200
2023-10-16,32.58000183105469,32.77000045776367,31.950000762939453,32.619998931884766,11409700
2023-10-17,32.459999084472656,36.209999084472656,32.41999816894531,34.88999938964844,36729900
2023-10-18,34.65999984741211,35.29999923706055,33.279998779296875,33.369998931884766,24960300
2023-10-19,33.31999969482422,33.810001373291016,32.72999954223633,32.75,15105700
2023-10-20,32.619998931884766,32.83000183105469,30.790000915527344,30.93000030517578,19087800
2023-10-23,31.200000762939453,31.760000228881836,30.65999984741211,31.260000228881836,14932300
2023-10-24,31.40999984741211,31.579999923706055,30.780000686645508,31.389999389648438,15076200
2023-10-25,31.079999923706055,31.56999969482422,30.670000076293945,31.290000915527344,13054500
2023-10-26,31.34000015258789,32.290000915527344,31.239999771118164,31.770000457763672,15956600
2023-10-27,31.299999237060547,31.6200008392334,30.469999313354492,30.639999389648438,10909400
2023-10-30,30.959999084472656,31.329999923706055,30.59000015258789,31.309999465942383,9653000
2023-10-31,31.450000762939453,31.889999389648438,30.8799991607666,31.8799991607666,12582400
2023-11-01,31.8700008392334,32.06999969482422,31.40999984741211,31.860000610351562,14876800
2023-11-02,32.43000030517578,34.34000015258789,32.38999938964844,34.34000015258789,15473500
2023-11-03,35.310001373291016,35.86000061035156,35.15999984741211,35.4900016784668,13100700
2023-11-06,35.650001525878906,35.84000015258789,35.029998779296875,35.27000045776367,7622700
2023-11-07,35.09000015258789,35.15999984741211,34.65999984741211,34.810001373291016,8439800
2023-11-08,34.849998474121094,34.90999984741211,34.380001068115234,34.5099983215332,6956900
2023-11-09,34.7400016784668,34.880001068115234,33.810001373291016,33.90999984741211,7172800
2023-11-10,34.18000030517578,34.290000915527344,33.70000076293945,34.20000076293945,5936900
2023-11-13,34.029998779296875,34.25,33.61000061035156,34.0,5772800
2023-11-14,35.20000076293945,36.58000183105469,35.02000045776367,36.150001525878906,11843700
2023-11-15,36.209999084472656,37.31999969482422,36.209999084472656,37.18000030517578,12672600
2023-11-16,37.04999923706055,37.380001068115234,36.7599983215332,37.31999969482422,10218500
2023-11-17,37.65999984741211,37.790000915527344,37.36000061035156,37.63999938964844,8915900
2023-11-20,37.529998779296875,37.849998474121094,37.22999954223633,37.630001068115234,6272100
2023-11-21,37.209999084472656,37.56999969482422,36.9900016784668,37.0099983215332,6051200
2023-11-22,37.27000045776367,37.380001068115234,36.720001220703125,36.83000183105469,6742500
2023-11-24,36.79999923706055,37.369998931884766,36.66999816894531,37.20000076293945,2796800
2023-11-27,36.83000183105469,37.02000045776367,36.59000015258789,36.790000915527344,5972000
2023-11-28,36.66999816894531,37.13999938964844,36.4900016784668,37.040000915527344,9665900
2023-11-29,37.349998474121094,38.099998474121094,37.2599983215332,37.790000915527344,7772300
2023-11-30,38.0,38.279998779296875,37.66999816894531,38.119998931884766,10283300
2023-12-01,37.900001525878906,39.5099983215332,37.84000015258789,39.380001068115234,10124300
2023-12-04,39.209999084472656,39.95000076293945,39.209999084472656,39.4900016784668,10125700
2023-12-05,39.2599983215332,39.65999984741211,39.04999923706055,39.400001525878906,9212600
2023-12-06,39.70000076293945,40.40999984741211,39.060001373291016,39.08000183105469,8774300
2023-12-07,39.31999969482422,39.900001525878906,39.11000061035156,39.72999954223633,8087100
2023-12-08,39.779998779296875,40.599998474121094,39.599998474121094,40.43000030517578,9485000
2023-12-11,40.290000915527344,40.65999984741211,40.0,40.529998779296875,10921000
2023-12-12,40.38999938964844,40.560001373291016,40.130001068115234,40.45000076293945,8818700
2023-12-13,40.52000045776367,42.56999969482422,40.349998474121094,42.4900016784668,15133000
2023-12-14,43.88999938964844,45.849998474121094,43.630001068115234,45.33000183105469,28236800
2023-12-15,44.720001220703125,45.47999954223633,44.43000030517578,45.0099983215332,25971700
2023-12-18,45.29999923706055,45.29999923706055,44.040000915527344,44.04999923706055,9678700
2023-12-19,44.130001068115234,44.56999969482422,43.81999969482422,44.209999084472656,8609500
2023-12-20,43.72999954223633,44.0,42.150001525878906,42.459999084472656,15460200
2023-12-21,42.880001068115234,43.45000076293945,42.7400016784668,43.310001373291016,8134200
2023-12-22,43.349998474121094,43.81999969482422,43.209999084472656,43.5099983215332,6898900
2023-12-26,43.619998931884766,44.22999954223633,43.41999816894531,44.06999969482422,5343600
2023-12-27,43.95000076293945,44.220001220703125,43.720001220703125,43.939998626708984,5083500
2023-12-28,43.43000030517578,43.75,43.27000045776367,43.630001068115234,5172000
2023-12-29,43.52000045776367,43.810001373291016,43.22999954223633,43.279998779296875,6441000
2024-01-02,43.119998931884766,44.02000045776367,42.88999938964844,43.90999984741211,9050500
2024-01-03,43.380001068115234,43.40999984741211,42.61000061035156,42.75,7133200
2024-01-04,42.939998626708984,43.599998474121094,42.810001373291016,43.209999084472656,7192600
2024-01-05,42.95000076293945,44.33000183105469,42.939998626708984,43.810001373291016,7616800
2024-01-08,43.61000061035156,44.04999923706055,43.189998626708984,43.959999084472656,6459200
2024-01-09,43.369998931884766,43.869998931884766,43.189998626708984,43.459999084472656,5132900
2024-01-10,43.310001373291016,43.439998626708984,42.900001525878906,43.400001525878906,7885900
2024-01-11,43.29999923706055,43.29999923706055,42.04999923706055,42.81999969482422,10017300
2024-01-12,42.869998931884766,43.11000061035156,41.70000076293945,42.150001525878906,9494000
2024-01-16,41.66999816894531,41.779998779296875,40.959999084472656,41.380001068115234,14399000
2024-01-17,41.349998474121094,41.7400016784668,40.15999984741211,40.81999969482422,14567000
2024-01-18,40.88999938964844,41.0,39.04999923706055,40.150001525878906,15244000
2024-01-19,40.290000915527344,42.04999923706055,39.97999954223633,42.0099983215332,14397700
2024-01-22,42.099998474121094,42.349998474121094,41.349998474121094,41.779998779296875,10374300
2024-01-23,41.970001220703125,42.13999938964844,41.310001373291016,41.970001220703125,7420200
2024-01-24,42.380001068115234,42.97999954223633,42.2400016784668,42.47999954223633,11196400
2024-01-25,42.97999954223633,43.060001373291016,42.209999084472656,42.810001373291016,8173600
2024-01-26,42.619998931884766,43.0099983215332,42.29999923706055,42.63999938964844,7242500
2024-01-29,42.619998931884766,42.970001220703125,42.33000183105469,42.95000076293945,7475700
2024-01-30,42.869998931884766,43.400001525878906,42.68000030517578,43.34000015258789,8055300
2024-01-31,42.459999084472656,42.9900016784668,41.400001525878906,41.540000915527344,13026100
2024-02-01,41.58000183105469,41.689998626708984,39.970001220703125,40.88999938964844,16002800
2024-02-02,40.5,41.11000061035156,40.06999969482422,40.84000015258789,11269300
2024-02-05,40.439998626708984,40.4900016784668,39.91999816894531,40.099998474121094,8880300
2024-02-06,40.04999923706055,40.5099983215332,39.91999816894531,40.099998474121094,8728400
2024-02-07,40.2400016784668,40.31999969482422,38.869998931884766,39.90999984741211,12255300
2024-02-08,39.70000076293945,40.41999816894531,39.38999938964844,40.369998931884766,7601600
2024-02-09,40.29999923706055,40.38999938964844,39.77000045776367,40.18000030517578,10684700
2024-02-12,40.22999954223633,41.439998626708984,40.13999938964844,41.06999969482422,10304800
2024-02-13,40.22999954223633,40.47999954223633,39.40999984741211,39.93000030517578,9106200
2024-02-14,40.459999084472656,40.70000076293945,40.09000015258789,40.5,5904900
2024-02-15,40.86000061035156,41.720001220703125,40.77000045776367,41.54999923706055,7064200
2024-02-16,41.150001525878906,41.81999969482422,40.81999969482422,41.4900016784668,7287500
2024-02-20,41.11000061035156,41.54999923706055,40.90999984741211,41.13999938964844,7328500
2024-02-21,40.959999084472656,41.060001373291016,40.33000183105469,40.81999969482422,8312200
2024-02-22,41.349998474121094,42.040000915527344,41.08000183105469,41.349998474121094,10999900
2024-02-23,41.369998931884766,41.68000030517578,41.09000015258789,41.36000061035156,6424400
2024-02-26,41.11000061035156,41.43000030517578,40.650001525878906,40.84000015258789,6154100
2024-02-27,41.25,41.86000061035156,41.08000183105469,41.369998931884766,6489100
2024-02-28,41.099998474121094,41.54999923706055,40.849998474121094,41.220001220703125,6768200
2024-02-29,41.7400016784668,42.18000030517578,41.4900016784668,41.959999084472656,9000700
2024-03-01,41.61000061035156,41.900001525878906,40.93000030517578,41.41999816894531,8899400
2024-03-04,42.41999816894531,43.5,42.130001068115234,42.70000076293945,10499700
2024-03-05,42.5099983215332,43.77000045776367,42.5099983215332,43.25,9523700
2024-03-06,43.060001373291016,43.279998779296875,42.119998931884766,43.09000015258789,10526700
2024-03-07,43.45000076293945,43.7599983215332,43.060001373291016,43.34000015258789,7524400
2024-03-08,43.77000045776367,43.81999969482422,43.16999816894531,43.2599983215332,6678200
2024-03-11,43.16999816894531,43.779998779296875,43.029998779296875,43.52000045776367,8241900
2024-03-12,43.38999938964844,43.63999938964844,43.09000015258789,43.209999084472656,5941500
2024-03-13,43.22999954223633,44.06999969482422,43.22999954223633,43.470001220703125,5756800
2024-03-14,43.09000015258789,43.54999923706055,42.09000015258789,42.349998474121094,7461100
2024-03-15,41.93000030517578,42.779998779296875,41.93000030517578,42.08000183105469,32597000
2024-03-18,42.470001220703125,42.4900016784668,41.689998626708984,42.470001220703125,8168200
2024-03-19,42.400001525878906,42.650001525878906,42.09000015258789,42.220001220703125,6080300
2024-03-20,41.91999816894531,43.68000030517578,41.88999938964844,43.459999084472656,7998400
2024-03-21,43.75,44.7400016784668,43.70000076293945,44.45000076293945,8572300
2024-03-22,44.93000030517578,45.040000915527344,43.58000183105469,43.59000015258789,6700300
2024-03-25,43.75,44.29999923706055,43.459999084472656,43.54999923706055,6424600
2024-03-26,44.0,44.0,43.470001220703125,43.529998779296875,5267500
2024-03-27,43.29999923706055,44.02000045776367,43.2599983215332,44.0,6167200
2024-03-28,44.41999816894531,44.90999984741211,44.29999923706055,44.70000076293945,7595000
2024-04-01,44.58000183105469,44.75,43.88999938964844,43.95000076293945,4824900
2024-04-02,43.689998626708984,43.95000076293945,43.119998931884766,43.22999954223633,6462200
2024-04-03,43.22999954223633,43.77000045776367,43.0099983215332,43.11000061035156,5866400
2024-04-04,43.56999969482422,44.029998779296875,42.72999954223633,42.91999816894531,6491400
2024-04-05,42.75,43.29999923706055,42.65999984741211,43.029998779296875,4580700
2024-04-08,43.290000915527344,44.0099983215332,43.060001373291016,43.720001220703125,6159500
2024-04-09,43.81999969482422,44.02000045776367,43.40999984741211,43.939998626708984,5701800
2024-04-10,43.0099983215332,43.040000915527344,41.869998931884766,42.029998779296875,7584400
2024-04-11,42.20000076293945,42.20000076293945,41.209999084472656,41.91999816894531,6829700
2024-04-12,41.209999084472656,41.72999954223633,41.18000030517578,41.58000183105469,6742500
2024-04-15,42.060001373291016,42.84000015258789,41.099998474121094,41.439998626708984,10232800
2024-04-16,41.25,41.27000045776367,40.38999938964844,41.0,9549800
2024-04-17,39.5,39.970001220703125,38.790000915527344,39.52000045776367,14178500
2024-04-18,39.40999984741211,40.150001525878906,39.189998626708984,39.439998626708984,9878700
2024-04-19,39.459999084472656,40.459999084472656,39.40999984741211,40.45000076293945,12061800
2024-04-22,40.68000030517578,41.369998931884766,40.2400016784668,41.04999923706055,8630700
2024-04-23,41.130001068115234,41.2599983215332,40.810001373291016,40.970001220703125,7079900
2024-04-24,40.529998779296875,41.72999954223633,40.43000030517578,41.61000061035156,6550300
2024-04-25,41.34000015258789,41.7400016784668,40.380001068115234,40.9900016784668,6602200
2024-04-26,41.0,41.54999923706055,40.86000061035156,41.119998931884766,4512200
2024-04-29,41.220001220703125,41.5099983215332,41.08000183105469,41.290000915527344,4647200
2024-04-30,41.04999923706055,41.2599983215332,40.58000183105469,40.630001068115234,8861600
2024-05-01,40.59000015258789,41.810001373291016,40.529998779296875,41.04999923706055,6359400
2024-05-02,41.61000061035156,41.68000030517578,40.599998474121094,40.970001220703125,6760700
2024-05-03,41.54999923706055,41.83000183105469,41.2400016784668,41.40999984741211,5091200
2024-05-06,41.7599983215332,41.939998626708984,41.41999816894531,41.81999969482422,6430200
2024-05-07,42.0,42.08000183105469,41.40999984741211,41.58000183105469,8732100
2024-05-08,41.22999954223633,41.790000915527344,41.060001373291016,41.689998626708984,8906000
2024-05-09,41.5099983215332,41.869998931884766,41.2599983215332,41.540000915527344,6414400
2024-05-10,41.70000076293945,41.90999984741211,41.61000061035156,41.849998474121094,4867500
2024-05-13,42.0,42.22999954223633,41.4900016784668,41.4900016784668,4846400
2024-05-14,41.650001525878906,42.290000915527344,41.630001068115234,41.95000076293945,5627900
2024-05-15,42.459999084472656,42.61000061035156,41.95000076293945,42.220001220703125,7752700
2024-05-16,42.06999969482422,42.2599983215332,41.59000015258789,41.650001525878906,9488700
2024-05-17,41.959999084472656,41.959999084472656,41.310001373291016,41.43000030517578,11360600
2024-05-20,41.43000030517578,41.63999938964844,40.849998474121094,40.88999938964844,9935500
2024-05-21,40.880001068115234,41.220001220703125,40.83000183105469,41.18000030517578,6315200
2024-05-22,40.81999969482422,41.22999954223633,40.599998474121094,40.77000045776367,5802000
2024-05-23,40.79999923706055,40.849998474121094,39.7599983215332,40.02000045776367,7452400
2024-05-24,40.150001525878906,40.540000915527344,40.040000915527344,40.529998779296875,6155900
2024-05-28,40.61000061035156,40.709999084472656,39.650001525878906,39.77000045776367,7657200
2024-05-29,39.15999984741211,39.15999984741211,38.63999938964844,39.040000915527344,6229500
2024-05-30,39.400001525878906,39.54999923706055,38.7599983215332,39.380001068115234,6229100
2024-05-31,39.650001525878906,40.599998474121094,39.529998779296875,40.54999923706055,9153500
2024-06-03,40.7599983215332,40.79999923706055,39.310001373291016,39.72999954223633,6361800
2024-06-04,39.349998474121094,39.869998931884766,38.900001525878906,38.959999084472656,9953400
2024-06-05,39.06999969482422,39.099998474121094,38.31999969482422,39.08000183105469,12487800
2024-06-06,39.08000183105469,39.36000061035156,38.75,39.02000045776367,6331800
2024-06-07,38.709999084472656,39.369998931884766,38.70000076293945,39.02000045776367,8218100
2024-06-10,38.650001525878906,39.08000183105469,38.29999923706055,38.75,10631400
2024-06-11,38.689998626708984,38.81999969482422,37.810001373291016,38.45000076293945,12501000
2024-06-12,39.61000061035156,40.11000061035156,39.130001068115234,39.279998779296875,10299900
2024-06-13,39.18000030517578,39.5,38.7400016784668,39.2599983215332,5935900
2024-06-14,38.7599983215332,39.09000015258789,38.470001220703125,38.83000183105469,5121900
2024-06-17,38.70000076293945,39.13999938964844,38.47999954223633,39.09000015258789,5697600
2024-06-18,39.0,39.40999984741211,38.86000061035156,39.290000915527344,6308900
2024-06-20,39.11000061035156,39.34000015258789,38.869998931884766,39.279998779296875,6710900
2024-06-21,39.04999923706055,39.849998474121094,38.720001220703125,39.70000076293945,15555300
2024-06-24,39.88999938964844,40.81999969482422,39.709999084472656,40.54999923706055,9549100
2024-06-25,40.380001068115234,40.59000015258789,39.66999816894531,40.02000045776367,6893100
2024-06-26,39.709999084472656,40.0099983215332,39.349998474121094,39.709999084472656,7854700
2024-06-27,39.220001220703125,39.709999084472656,38.869998931884766,39.68000030517578,6874500
2024-06-28,39.540000915527344,40.08000183105469,39.31999969482422,39.70000076293945,12212200
2024-07-01,39.810001373291016,39.95000076293945,39.06999969482422,39.2400016784668,8068900
2024-07-02,39.130001068115234,40.060001373291016,39.04999923706055,39.970001220703125,9381300
2024-07-03,39.97999954223633,40.279998779296875,39.5099983215332,39.5099983215332,3715500
2024-07-05,39.52000045776367,39.560001373291016,38.88999938964844,39.040000915527344,5656000
2024-07-08,39.150001525878906,39.52000045776367,39.04999923706055,39.459999084472656,5295000
2024-07-09,39.18000030517578,40.060001373291016,39.06999969482422,39.869998931884766,8003000
2024-07-10,40.0,40.83000183105469,39.810001373291016,40.79999923706055,9598500
2024-07-11,41.22999954223633,42.11000061035156,41.16999816894531,41.93000030517578,9239000
2024-07-12,41.97999954223633,42.45000076293945,41.65999984741211,42.099998474121094,8322000
2024-07-15,42.599998474121094,42.93000030517578,42.31999969482422,42.349998474121094,10435600
2024-07-16,42.58000183105469,43.439998626708984,42.349998474121094,43.290000915527344,12869800
2024-07-17,43.97999954223633,45.65999984741211,43.79999923706055,45.2599983215332,21306500
2024-07-18,44.790000915527344,45.630001068115234,44.369998931884766,44.40999984741211,17219300
2024-07-19,44.7400016784668,44.970001220703125,44.2599983215332,44.7599983215332,11842300
2024-07-22,44.630001068115234,45.220001220703125,43.959999084472656,45.040000915527344,12327600
2024-07-23,44.84000015258789,45.68000030517578,44.68000030517578,45.54999923706055,8131500
2024-07-24,45.59000015258789,45.84000015258789,44.709999084472656,44.77000045776367,8059400
2024-07-25,44.77000045776367,45.720001220703125,44.599998474121094,45.09000015258789,9489900
2024-07-26,45.189998626708984,45.65999984741211,45.060001373291016,45.459999084472656,5681700
2024-07-29,45.599998474121094,45.689998626708984,45.130001068115234,45.369998931884766,5011200
2024-07-30,45.58000183105469,45.880001068115234,45.220001220703125,45.470001220703125,8211000
2024-07-31,45.5099983215332,45.54999923706055,44.7599983215332,44.880001068115234,8859200
2024-08-01,44.91999816894531,44.91999816894531,43.31999969482422,43.47999954223633,11219500
2024-08-02,42.65999984741211,42.75,41.959999084472656,42.349998474121094,8485500
2024-08-05,41.130001068115234,41.400001525878906,40.40999984741211,40.79999923706055,10994200
2024-08-06,40.7400016784668,42.060001373291016,40.52000045776367,41.66999816894531,9184800
2024-08-07,42.38999938964844,42.7400016784668,41.33000183105469,41.38999938964844,6841000
2024-08-08,41.790000915527344,42.20000076293945,41.540000915527344,41.7599983215332,6364500
2024-08-09,41.61000061035156,42.13999938964844,41.61000061035156,42.06999969482422,6486600
2024-08-12,42.2400016784668,42.650001525878906,41.31999969482422,41.470001220703125,7619900
2024-08-13,41.81999969482422,42.41999816894531,41.43000030517578,42.400001525878906,7457100
2024-08-14,42.439998626708984,42.4900016784668,42.04999923706055,42.34000015258789,8036100
2024-08-15,43.04999923706055,43.310001373291016,42.720001220703125,42.810001373291016,6512700
2024-08-16,42.810001373291016,43.33000183105469,42.810001373291016,43.189998626708984,5369500
2024-08-19,43.25,43.66999816894531,43.25,43.65999984741211,4575400
2024-08-20,43.47999954223633,43.95000076293945,43.38999938964844,43.7400016784668,6587400
2024-08-21,43.849998474121094,43.9900016784668,43.279998779296875,43.70000076293945,4262100
2024-08-22,43.689998626708984,44.22999954223633,43.689998626708984,44.189998626708984,4836900
2024-08-23,44.5099983215332,45.599998474121094,44.34000015258789,45.38999938964844,5094500
2024-08-26,45.75,45.83000183105469,45.41999816894531,45.619998931884766,5849800
2024-08-27,45.599998474121094,45.779998779296875,45.45000076293945,45.72999954223633,5458000
2024-08-28,45.56999969482422,46.38999938964844,45.56999969482422,46.130001068115234,6213900
2024-08-29,46.369998931884766,46.77000045776367,45.5099983215332,46.529998779296875,7064700
2024-08-30,46.66999816894531,47.310001373291016,46.599998474121094,47.22999954223633,14262600
2024-09-03,47.279998779296875,47.310001373291016,46.209999084472656,46.38999938964844,7980300
2024-09-04,46.349998474121094,46.810001373291016,45.88999938964844,46.060001373291016,5999600
2024-09-05,46.540000915527344,46.540000915527344,45.41999816894531,45.540000915527344,5971200
2024-09-06,45.61000061035156,45.939998626708984,44.33000183105469,44.4900016784668,7635400
2024-09-09,44.93000030517578,45.439998626708984,44.77000045776367,45.2599983215332,7146200
2024-09-10,45.400001525878906,45.400001525878906,44.02000045776367,45.029998779296875,7000600
2024-09-11,44.63999938964844,44.79999923706055,43.58000183105469,44.75,8448600
2024-09-12,45.380001068115234,45.970001220703125,43.4900016784668,43.849998474121094,14746700
2024-09-13,44.15999984741211,44.7400016784668,44.11000061035156,44.619998931884766,8757300
2024-09-16,44.849998474121094,45.130001068115234,44.31999969482422,44.689998626708984,9524500
2024-09-17,44.97999954223633,45.279998779296875,44.529998779296875,44.68000030517578,6286600
2024-09-18,44.7400016784668,45.810001373291016,44.61000061035156,45.18000030517578,11035300
2024-09-19,46.279998779296875,46.619998931884766,45.599998474121094,46.470001220703125,9002000
2024-09-20,46.290000915527344,46.369998931884766,45.84000015258789,46.0099983215332,11026200
2024-09-23,46.13999938964844,46.29999923706055,45.7599983215332,45.86000061035156,5205600
2024-09-24,45.86000061035156,45.97999954223633,45.279998779296875,45.63999938964844,6197600
2024-09-25,45.68000030517578,45.68000030517578,44.70000076293945,44.75,6848400
2024-09-26,45.029998779296875,45.43000030517578,44.2400016784668,45.29999923706055,9679400
2024-09-27,45.52000045776367,45.95000076293945,45.220001220703125,45.47999954223633,6884700
2024-09-30,45.27000045776367,45.779998779296875,44.869998931884766,45.72999954223633,7028300
2024-10-01,45.380001068115234,45.41999816894531,44.31999969482422,44.459999084472656,6272800
2024-10-02,44.470001220703125,44.90999984741211,44.0099983215332,44.25,6114300
2024-10-03,44.040000915527344,44.11000061035156,43.439998626708984,43.97999954223633,4513200
2024-10-04,44.720001220703125,44.95000076293945,44.16999816894531,44.70000076293945,5438000
2024-10-07,44.58000183105469,44.689998626708984,44.029998779296875,44.470001220703125,5108400
2024-10-08,44.56999969482422,44.72999954223633,44.15999984741211,44.2599983215332,4588000
2024-10-09,44.33000183105469,45.150001525878906,44.150001525878906,45.099998474121094,6848300
2024-10-10,44.900001525878906,45.060001373291016,44.5,44.939998626708984,5310700
2024-10-11,45.400001525878906,46.58000183105469,45.34000015258789,46.2599983215332,8809000
2024-10-14,46.189998626708984,47.20000076293945,46.09000015258789,47.119998931884766,8166700
2024-10-15,47.45000076293945,48.08000183105469,46.939998626708984,47.0,8595500
2024-10-16,48.7400016784668,50.11000061035156,48.7400016784668,49.209999084472656,27957200
2024-10-17,49.869998931884766,50.470001220703125,49.099998474121094,49.970001220703125,16053100
2024-10-18,50.11000061035156,50.150001525878906,48.959999084472656,49.15999984741211,10983600
2024-10-21,49.029998779296875,49.15999984741211,47.86000061035156,47.91999816894531,6648300
2024-10-22,47.7400016784668,48.150001525878906,47.41999816894531,48.029998779296875,6854200
2024-10-23,47.810001373291016,48.529998779296875,47.779998779296875,48.529998779296875,6844500
2024-10-24,48.470001220703125,48.72999954223633,48.20000076293945,48.45000076293945,7804500
2024-10-25,48.849998474121094,48.95000076293945,47.689998626708984,47.7400016784668,6601300
2024-10-28,48.119998931884766,48.689998626708984,47.939998626708984,48.59000015258789,5781000
2024-10-29,48.41999816894531,48.70000076293945,48.060001373291016,48.220001220703125,7499700
2024-10-30,48.220001220703125,49.369998931884766,48.220001220703125,48.68000030517578,8434500
2024-10-31,48.66999816894531,48.81999969482422,48.22999954223633,48.310001373291016,6913200
2024-11-01,48.709999084472656,48.959999084472656,47.81999969482422,47.84000015258789,5480400
2024-11-04,47.86000061035156,47.869998931884766,47.13999938964844,47.189998626708984,7720400
2024-11-05,47.290000915527344,47.869998931884766,47.220001220703125,47.61000061035156,4379800
2024-11-06,50.279998779296875,51.7599983215332,50.0,51.2599983215332,17523400
2024-11-07,50.84000015258789,51.0099983215332,49.34000015258789,49.560001373291016,9625900
2024-11-08,49.77000045776367,50.36000061035156,49.349998474121094,50.209999084472656,8615300
2024-11-11,50.880001068115234,51.459999084472656,50.790000915527344,51.040000915527344,8192500
2024-11-12,50.939998626708984,51.2599983215332,50.380001068115234,50.7599983215332,7564600
2024-11-13,50.90999984741211,51.68000030517578,50.7599983215332,51.16999816894531,7130600
2024-11-14,51.290000915527344,51.290000915527344,50.2400016784668,50.310001373291016,10345100
2024-11-15,50.27000045776367,50.650001525878906,49.7400016784668,49.900001525878906,13570800
2024-11-18,49.959999084472656,50.790000915527344,49.84000015258789,50.61000061035156,7472000
2024-11-19,49.88999938964844,50.619998931884766,49.59000015258789,50.400001525878906,5066200
2024-11-20,50.599998474121094,50.959999084472656,50.290000915527344,50.7400016784668,8071200
2024-11-21,50.849998474121094,52.08000183105469,50.79999923706055,51.38999938964844,8218000
2024-11-22,51.369998931884766,52.689998626708984,51.369998931884766,52.4900016784668,8301500
2024-11-25,53.2599983215332,53.93000030517578,53.15999984741211,53.630001068115234,10234400
2024-11-26,53.7599983215332,53.79999923706055,53.279998779296875,53.65999984741211,5767500
2024-11-27,53.75,53.97999954223633,53.220001220703125,53.47999954223633,4506200
2024-11-29,53.599998474121094,53.75,53.06999969482422,53.290000915527344,3287900
2024-12-02,53.5,53.5,52.529998779296875,52.77000045776367,5110200
2024-12-03,52.7599983215332,52.88999938964844,51.83000183105469,52.099998474121094,6520400
2024-12-04,52.22999954223633,52.41999816894531,51.59000015258789,52.0099983215332,4669900
2024-12-05,52.0099983215332,52.58000183105469,51.95000076293945,52.119998931884766,7020200
2024-12-06,52.2400016784668,52.59000015258789,51.779998779296875,52.18000030517578,4683500
2024-12-09,52.2400016784668,52.27000045776367,51.2599983215332,51.310001373291016,5414900
2024-12-10,51.54999923706055,51.810001373291016,50.779998779296875,51.56999969482422,6357600
2024-12-11,52.0,52.2400016784668,51.25,51.31999969482422,7842300
2024-12-12,51.5099983215332,51.810001373291016,51.06999969482422,51.099998474121094,7596700
2024-12-13,51.22999954223633,51.33000183105469,50.72999954223633,51.029998779296875,6426800
2024-12-16,51.15999984741211,51.369998931884766,50.63999938964844,51.36000061035156,8427100
2024-12-17,50.97999954223633,51.2400016784668,49.68000030517578,49.97999954223633,6774100
2024-12-18,50.119998931884766,50.25,47.56999969482422,47.61000061035156,8970100
2024-12-19,48.27000045776367,48.54999923706055,47.18000030517578,47.40999984741211,9802900
2024-12-20,47.279998779296875,48.56999969482422,47.220001220703125,47.91999816894531,20225000
2024-12-23,47.540000915527344,48.36000061035156,47.470001220703125,48.31999969482422,4600700
2024-12-24,48.439998626708984,48.83000183105469,48.22999954223633,48.83000183105469,2393800
2024-12-26,48.65999984741211,49.130001068115234,48.33000183105469,49.0099983215332,3448200
2024-12-27,48.7400016784668,49.2599983215332,48.2400016784668,48.4900016784668,4956900
2024-12-30,48.119998931884766,48.59000015258789,47.65999984741211,48.25,4868400
2024-12-31,47.959999084472656,48.310001373291016,47.619998931884766,47.83000183105469,4521400
2025-01-02,48.18000030517578,48.29999923706055,47.540000915527344,47.86000061035156,6227800
2025-01-03,48.02000045776367,48.88999938964844,47.83000183105469,48.86000061035156,6418900
2025-01-06,49.209999084472656,49.66999816894531,48.650001525878906,48.72999954223633,7261800
2025-01-07,49.310001373291016,49.459999084472656,48.470001220703125,48.70000076293945,6014300
2025-01-08,48.65999984741211,48.689998626708984,47.88999938964844,48.52000045776367,5955500
2025-01-10,47.88999938964844,48.09000015258789,47.04999923706055,47.380001068115234,8528500
2025-01-13,47.540000915527344,48.40999984741211,47.40999984741211,48.38999938964844,9164700
2025-01-14,48.810001373291016,49.349998474121094,48.68000030517578,49.060001373291016,8753200
2025-01-15,50.45000076293945,51.119998931884766,50.2400016784668,50.900001525878906,13935600
2025-01-16,47.88999938964844,49.209999084472656,47.20000076293945,48.029998779296875,19043000
2025-01-17,48.779998779296875,48.779998779296875,47.40999984741211,48.36000061035156,14835700
2025-01-21,48.65999984741211,49.40999984741211,48.33000183105469,49.31999969482422,11643900
2025-01-22,48.9900016784668,49.09000015258789,47.939998626708984,48.630001068115234,9541100
2025-01-23,48.7400016784668,48.95000076293945,48.150001525878906,48.43000030517578,8138800
2025-01-24,48.16999816894531,49.380001068115234,48.16999816894531,49.06999969482422,8259500
2025-01-27,49.25,49.720001220703125,49.02000045776367,49.540000915527344,5987300
2025-01-28,49.599998474121094,49.7599983215332,47.959999084472656,48.439998626708984,12309600
2025-01-29,48.349998474121094,49.18000030517578,47.54999923706055,47.65999984741211,15331400
2025-01-30,48.20000076293945,48.459999084472656,47.70000076293945,48.0,6683500
2025-01-31,48.0,48.349998474121094,47.66999816894531,47.779998779296875,11182500
2025-02-03,46.84000015258789,47.439998626708984,46.54999923706055,46.869998931884766,10881000
2025-02-04,47.150001525878906,47.83000183105469,46.97999954223633,47.45000076293945,10381200
2025-02-05,47.81999969482422,48.20000076293945,47.290000915527344,47.380001068115234,10811100
2025-02-06,47.93000030517578,48.06999969482422,47.38999938964844,47.7400016784668,9101100
2025-02-07,47.810001373291016,48.0,46.88999938964844,47.22999954223633,8115000
2025-02-10,47.279998779296875,47.31999969482422,46.47999954223633,46.880001068115234,8459800
2025-02-11,46.689998626708984,47.68000030517578,46.459999084472656,47.59000015258789,7744900
2025-02-12,47.150001525878906,47.619998931884766,46.9900016784668,47.4900016784668,6180100
2025-02-13,47.470001220703125,47.560001373291016,46.849998474121094,47.38999938964844,6352200
2025-02-14,47.560001373291016,48.04999923706055,47.5,47.75,5398900
2025-02-18,47.880001068115234,48.0,47.560001373291016,47.939998626708984,5459800
2025-02-19,47.47999954223633,47.599998474121094,46.04999923706055,47.119998931884766,10999200
2025-02-20,47.099998474121094,47.2400016784668,46.150001525878906,46.7599983215332,6909100
2025-02-21,46.79999923706055,46.93000030517578,45.7400016784668,45.869998931884766,9327000
2025-02-24,46.08000183105469,46.189998626708984,45.41999816894531,45.61000061035156,8069300
2025-02-25,45.9900016784668,46.20000076293945,45.369998931884766,45.90999984741211,12635700
2025-02-26,46.189998626708984,46.540000915527344,45.61000061035156,45.75,9056100
2025-02-27,45.81999969482422,46.77000045776367,45.81999969482422,46.279998779296875,6315400
2025-02-28,46.45000076293945,46.939998626708984,46.08000183105469,46.900001525878906,10100600
2025-03-03,47.11000061035156,47.369998931884766,45.77000045776367,46.2400016784668,9676000
2025-03-04,45.5,45.75,44.18000030517578,44.61000061035156,10798400
2025-03-05,44.58000183105469,45.0,43.880001068115234,44.66999816894531,8956600
2025-03-06,44.209999084472656,44.81999969482422,43.84000015258789,44.380001068115234,9879700
2025-03-07,44.380001068115234,44.790000915527344,43.58000183105469,44.720001220703125,10793200
2025-03-10,43.79999923706055,44.29999923706055,41.97999954223633,42.369998931884766,18143800
2025-03-11,42.400001525878906,42.709999084472656,41.400001525878906,41.560001373291016,17587400
2025-03-12,42.119998931884766,42.209999084472656,41.02000045776367,41.68000030517578,13661400
2025-03-13,41.93000030517578,41.970001220703125,40.810001373291016,40.91999816894531,9565400
2025-03-14,41.31999969482422,42.099998474121094,41.130001068115234,42.02000045776367,12739900
2025-03-17,41.97999954223633,42.5,41.68000030517578,42.18000030517578,9851300
2025-03-18,42.36000061035156,42.540000915527344,42.08000183105469,42.279998779296875,13725500
2025-03-19,42.279998779296875,42.91999816894531,42.16999816894531,42.68000030517578,12043400
2025-03-20,42.2599983215332,43.09000015258789,42.20000076293945,42.61000061035156,9203000
2025-03-21,42.349998474121094,43.0099983215332,42.119998931884766,42.84000015258789,69001600
2025-03-24,43.220001220703125,43.86000061035156,43.11000061035156,43.7599983215332,8235200
2025-03-25,43.779998779296875,44.029998779296875,43.4900016784668,43.70000076293945,7377800
2025-03-26,43.91999816894531,44.459999084472656,43.58000183105469,43.77000045776367,9585400
2025-03-27,43.7400016784668,43.900001525878906,43.130001068115234,43.22999954223633,8171600
2025-03-28,43.15999984741211,43.43000030517578,42.150001525878906,42.2599983215332,7154100
2025-03-31,41.38999938964844,42.34000015258789,41.15999984741211,42.220001220703125,10548400
2025-04-01,41.86000061035156,42.0099983215332,41.34000015258789,41.77000045776367,9514200
2025-04-02,41.27000045776367,43.06999969482422,41.27000045776367,43.0099983215332,10427100
2025-04-03,41.150001525878906,41.220001220703125,38.709999084472656,38.790000915527344,16695400
2025-04-04,37.369998931884766,37.689998626708984,35.7400016784668,36.83000183105469,19859300
2025-04-07,35.79999923706055,38.33000183105469,35.18000030517578,36.79999923706055,21816400
2025-04-08,37.939998626708984,38.599998474121094,35.72999954223633,36.400001525878906,18709400
2025-04-09,35.81999969482422,39.849998474121094,35.4900016784668,39.29999923706055,22911600
2025-04-10,38.459999084472656,38.47999954223633,36.36000061035156,37.25,20954100
2025-04-11,37.0,37.970001220703125,36.47999954223633,37.86000061035156,18556300
2025-04-14,38.5099983215332,38.779998779296875,37.77000045776367,38.20000076293945,12809900
2025-04-15,38.2400016784668,39.380001068115234,38.2400016784668,38.630001068115234,11717300
2025-04-16,38.220001220703125,39.150001525878906,37.43000030517578,37.81999969482422,17381600
2025-04-17,37.939998626708984,38.68000030517578,37.79999923706055,38.20000076293945,12538500
2025-04-21,37.90999984741211,38.08000183105469,37.2400016784668,37.810001373291016,11261300
2025-04-22,38.2599983215332,39.06999969482422,38.15999984741211,39.0,8311400
2025-04-23,40.0,41.150001525878906,39.31999969482422,39.5099983215332,12753700
2025-04-24,39.29999923706055,40.20000076293945,39.2599983215332,40.04999923706055,9478300
2025-04-25,39.7599983215332,40.130001068115234,39.650001525878906,39.91999816894531,6432700
2025-04-28,40.04999923706055,40.38999938964844,39.779998779296875,40.18000030517578,5264900
2025-04-29,39.95000076293945,40.56999969482422,39.7599983215332,40.5,8390000
2025-04-30,39.72999954223633,40.470001220703125,39.279998779296875,40.34000015258789,10563200
2025-05-01,40.15999984741211,40.90999984741211,39.9900016784668,40.5,7192000
2025-05-02,40.83000183105469,41.599998474121094,40.75,41.470001220703125,9089500
2025-05-05,41.0,42.02000045776367,40.939998626708984,41.459999084472656,5230500
2025-05-06,40.97999954223633,41.400001525878906,40.88999938964844,40.97999954223633,5271100
2025-05-07,41.25,41.68000030517578,41.130001068115234,41.29999923706055,8325800
2025-05-08,41.779998779296875,42.349998474121094,41.5,42.13999938964844,8840400
2025-05-09,42.13999938964844,42.279998779296875,41.81999969482422,42.02000045776367,6997700
2025-05-12,43.90999984741211,44.36000061035156,43.720001220703125,44.0099983215332,12301800
2025-05-13,44.0,44.5,43.810001373291016,44.369998931884766,10139300
2025-05-14,44.220001220703125,44.349998474121094,44.0,44.22999954223633,5877300
2025-05-15,44.22999954223633,44.689998626708984,44.220001220703125,44.58000183105469,6533800
2025-05-16,44.61000061035156,45.0,44.29999923706055,44.91999816894531,7369200
2025-05-19,44.400001525878906,44.869998931884766,44.310001373291016,44.790000915527344,5717500
2025-05-20,44.66999816894531,44.720001220703125,44.2599983215332,44.40999984741211,6605400
2025-05-21,44.06999969482422,44.130001068115234,42.86000061035156,42.88999938964844,6298600
2025-05-22,42.88999938964844,43.459999084472656,42.630001068115234,43.119998931884766,6608900
2025-05-23,42.220001220703125,43.11000061035156,42.209999084472656,42.939998626708984,5798500
2025-05-27,43.54999923706055,43.75,43.029998779296875,43.7400016784668,6500400
2025-05-28,43.7400016784668,43.869998931884766,43.15999984741211,43.22999954223633,4800100
2025-05-29,43.54999923706055,43.779998779296875,43.18000030517578,43.7599983215332,6372800
2025-05-30,43.56999969482422,43.779998779296875,43.20000076293945,43.59000015258789,9784900
2025-06-02,43.310001373291016,43.63999938964844,42.779998779296875,43.619998931884766,6159500
2025-06-03,43.58000183105469,44.47999954223633,43.5,44.380001068115234,10105600
2025-06-04,44.47999954223633,44.72999954223633,43.86000061035156,43.900001525878906,6980500
2025-06-05,44.150001525878906,44.150001525878906,43.4900016784668,43.68000030517578,6079100
2025-06-06,44.40999984741211,44.83000183105469,44.2599983215332,44.77000045776367,7647700
2025-06-09,45.0,45.25,44.7599983215332,44.869998931884766,5605000
2025-06-10,44.9900016784668,45.40999984741211,44.81999969482422,45.2400016784668,5792500
2025-06-11,45.08000183105469,45.11000061035156,44.130001068115234,44.20000076293945,13017700
2025-06-12,44.0099983215332,44.16999816894531,43.599998474121094,44.15999984741211,9552800
2025-06-13,43.70000076293945,43.810001373291016,42.849998474121094,42.9900016784668,9468800
2025-06-16,43.560001373291016,43.61000061035156,43.099998474121094,43.150001525878906,14247900
2025-06-17,42.970001220703125,43.16999816894531,42.61000061035156,42.689998626708984,10921100
2025-06-18,42.560001373291016,43.41999816894531,42.54999923706055,43.27000045776367,12696500
2025-06-20,43.349998474121094,43.54999923706055,43.18000030517578,43.290000915527344,22312700
2025-06-23,43.18000030517578,44.119998931884766,42.93000030517578,44.09000015258789,12500800
2025-06-24,44.52000045776367,44.95000076293945,44.43000030517578,44.540000915527344,10996900
2025-06-25,44.40999984741211,44.90999984741211,44.33000183105469,44.81999969482422,8481800
2025-06-26,45.0,45.68000030517578,44.939998626708984,45.619998931884766,13437100
2025-06-27,45.63999938964844,46.25,45.529998779296875,45.7599983215332,15796400
2025-06-30,45.400001525878906,45.70000076293945,45.150001525878906,45.25,13621100
2025-07-01,44.970001220703125,46.58000183105469,44.90999984741211,46.4900016784668,16514400
2025-07-02,46.70000076293945,47.5099983215332,46.56999969482422,47.4900016784668,15421800
2025-07-03,47.68000030517578,48.060001373291016,47.52000045776367,47.93000030517578,7036300
2025-07-07,48.11000061035156,48.38999938964844,47.459999084472656,47.779998779296875,14353700
2025-07-08,47.790000915527344,47.93000030517578,47.4900016784668,47.65999984741211,13523600
2025-07-09,47.97999954223633,48.11000061035156,47.13999938964844,47.29999923706055,9179400
2025-07-10,47.310001373291016,47.880001068115234,47.189998626708984,47.56999969482422,8606300
2025-07-11,47.0,47.38999938964844,46.7599983215332,47.13999938964844,11510200
2025-07-14,47.2599983215332,47.2599983215332,46.790000915527344,47.060001373291016,13464200
2025-07-15,46.86000061035156,47.08000183105469,45.63999938964844,45.689998626708984,15895100
2025-07-16,45.959999084472656,46.189998626708984,44.970001220703125,45.68000030517578,21086500
2025-07-17,44.150001525878906,45.599998474121094,43.91999816894531,45.209999084472656,25242800
2025-07-18,45.41999816894531,45.91999816894531,45.08000183105469,45.689998626708984,15539700
2025-07-21,45.779998779296875,46.5,45.75,45.779998779296875,10538100
2025-07-22,45.81999969482422,46.61000061035156,45.810001373291016,46.15999984741211,10511800
2025-07-23,46.52000045776367,46.650001525878906,46.119998931884766,46.290000915527344,10145800
2025-07-24,46.2400016784668,46.70000076293945,46.04999923706055,46.060001373291016,9025600
2025-07-25,46.130001068115234,46.36000061035156,45.5099983215332,46.31999969482422,8082200
2025-07-28,46.25,46.36000061035156,45.84000015258789,46.09000015258789,6597600
2025-07-29,46.29999923706055,46.369998931884766,45.939998626708984,46.09000015258789,10034100
2025-07-30,46.290000915527344,46.58000183105469,45.650001525878906,45.880001068115234,11488700
2025-07-31,45.709999084472656,45.90999984741211,44.83000183105469,44.959999084472656,11817100
2025-08-01,44.31999969482422,44.54999923706055,43.459999084472656,43.939998626708984,9632900
2025-08-04,44.06999969482422,44.5,43.9900016784668,44.41999816894531,6515800
2025-08-05,44.599998474121094,44.709999084472656,43.83000183105469,44.560001373291016,8020600
2025-08-06,44.70000076293945,44.7599983215332,44.40999984741211,44.439998626708984,5854700
2025-08-07,44.869998931884766,44.880001068115234,43.959999084472656,44.09000015258789,5412500
2025-08-08,44.5,44.939998626708984,44.150001525878906,44.86000061035156,6067000
2025-08-11,44.83000183105469,45.06999969482422,44.34000015258789,44.560001373291016,7201900
2025-08-12,44.97999954223633,45.79999923706055,44.86000061035156,45.77000045776367,8836600
2025-08-13,45.810001373291016,46.70000076293945,45.619998931884766,46.61000061035156,10438100
2025-08-14,46.27000045776367,46.869998931884766,45.97999954223633,46.83000183105469,6181100
2025-08-15,46.959999084472656,47.09000015258789,45.93000030517578,45.93000030517578,8995400
2025-08-18,45.810001373291016,46.15999984741211,45.720001220703125,46.11000061035156,5892900
2025-08-19,46.04999923706055,46.56999969482422,45.90999984741211,46.209999084472656,5597400
2025-08-20,46.29999923706055,46.529998779296875,45.959999084472656,46.40999984741211,7720200
2025-08-21,46.220001220703125,46.38999938964844,45.86000061035156,46.16999816894531,4976000
2025-08-22,46.5,48.36000061035156,46.38999938964844,48.279998779296875,12679300
2025-08-25,48.099998474121094,48.27000045776367,47.97999954223633,48.15999984741211,7520800
2025-08-26,47.939998626708984,48.619998931884766,47.939998626708984,48.56999969482422,9280600
2025-08-27,48.5,49.0,48.380001068115234,48.7599983215332,9492900
2025-08-28,48.970001220703125,48.97999954223633,48.380001068115234,48.66999816894531,10464800
2025-08-29,48.720001220703125,49.060001373291016,48.58000183105469,48.83000183105469,12069900
2025-09-02,48.34000015258789,48.54999923706055,47.95000076293945,48.52000045776367,7053600
2025-09-03,48.47999954223633,48.939998626708984,48.02000045776367,48.540000915527344,8335500
2025-09-04,48.7599983215332,49.20000076293945,48.41999816894531,49.16999816894531,5564600
2025-09-05,49.349998474121094,49.4900016784668,48.36000061035156,48.79999923706055,8041000
2025-09-08,48.84000015258789,48.84000015258789,48.029998779296875,48.650001525878906,8543600
2025-09-09,48.65999984741211,49.9900016784668,48.560001373291016,49.369998931884766,17261800
2025-09-10,49.5099983215332,49.7400016784668,48.93000030517578,49.20000076293945,9988700
2025-09-11,49.29999923706055,49.540000915527344,49.04999923706055,49.31999969482422,8636500
2025-09-12,49.349998474121094,49.380001068115234,48.79999923706055,49.130001068115234,8103200
2025-09-15,49.15999984741211,49.56999969482422,49.0099983215332,49.290000915527344,7729900
2025-09-16,49.470001220703125,49.470001220703125,48.029998779296875,48.38999938964844,13158800
2025-09-17,48.599998474121094,50.16999816894531,48.56999969482422,49.61000061035156,12828100
2025-09-18,49.66999816894531,50.36000061035156,49.40999984741211,50.209999084472656,12345900
2025-09-19,50.439998626708984,50.52000045776367,50.029998779296875,50.40999984741211,20595300
2025-09-22,49.939998626708984,50.06999969482422,49.2400016784668,49.4900016784668,7669900
2025-09-23,49.459999084472656,50.220001220703125,49.099998474121094,49.349998474121094,9970900
2025-09-24,49.279998779296875,49.630001068115234,48.91999816894531,49.18000030517578,6621100
2025-09-25,49.040000915527344,49.33000183105469,48.810001373291016,49.029998779296875,7199000
2025-09-26,49.400001525878906,49.720001220703125,49.06999969482422,49.439998626708984,8309500
2025-09-29,49.41999816894531,49.5099983215332,48.52000045776367,48.9900016784668,9379500
2025-09-30,48.52000045776367,48.720001220703125,47.470001220703125,48.33000183105469,10181200
2025-10-01,48.18000030517578,48.349998474121094,47.81999969482422,47.880001068115234,9419800
2025-10-02,47.86000061035156,48.119998931884766,47.61000061035156,47.90999984741211,8468600
2025-10-03,48.029998779296875,48.45000076293945,47.849998474121094,48.06999969482422,9291100
2025-10-06,48.310001373291016,49.0,47.47999954223633,47.720001220703125,8426600
2025-10-07,48.040000915527344,48.22999954223633,47.45000076293945,47.5,6619000
2025-10-08,47.72999954223633,47.75,46.880001068115234,46.9900016784668,5315700
2025-10-09,47.18000030517578,47.400001525878906,46.7599983215332,47.099998474121094,7011500
2025-10-10,47.34000015258789,47.400001525878906,45.22999954223633,45.279998779296875,12468400
2025-10-13,45.88999938964844,46.31999969482422,45.59000015258789,46.15999984741211,6896400
2025-10-14,45.9900016784668,47.36000061035156,45.93000030517578,47.09000015258789,8844600
2025-10-15,47.36000061035156,47.41999816894531,46.16999816894531,46.45000076293945,11325200
2025-10-16,47.2400016784668,47.779998779296875,45.38999938964844,45.650001525878906,21622900
2025-10-17,46.290000915527344,46.5,45.5099983215332,45.689998626708984,14032400
2025-10-20,45.970001220703125,47.189998626708984,45.90999984741211,47.099998474121094,9439000
2025-10-21,47.029998779296875,47.83000183105469,46.95000076293945,47.61000061035156,11278200
2025-10-22,47.650001525878906,47.84000015258789,47.06999969482422,47.33000183105469,8497400
2025-10-23,47.65999984741211,47.880001068115234,47.09000015258789,47.81999969482422,12065700
2025-10-24,48.209999084472656,48.61000061035156,48.130001068115234,48.2599983215332,10982500
2025-10-27,48.439998626708984,48.4900016784668,47.5,47.79999923706055,10275400
2025-10-28,47.540000915527344,47.66999816894531,47.09000015258789,47.27000045776367,7549200
2025-10-29,46.90999984741211,47.4900016784668,46.369998931884766,46.63999938964844,8829500
2025-10-30,46.650001525878906,47.709999084472656,46.61000061035156,46.84000015258789,7191000
2025-10-31,46.43000030517578,46.869998931884766,46.08000183105469,46.68000030517578,9636200
2025-11-03,46.54999923706055,46.810001373291016,45.97999954223633,46.619998931884766,10455200
2025-11-04,46.45000076293945,46.9900016784668,46.15999984741211,46.43000030517578,7204300
2025-11-05,46.43000030517578,47.0099983215332,46.02000045776367,46.7400016784668,5577200
2025-11-06,46.790000915527344,47.18000030517578,46.4900016784668,46.849998474121094,7170000
2025-11-07,46.619998931884766,47.34000015258789,46.470001220703125,47.31999969482422,6870400
2025-11-10,47.40999984741211,47.810001373291016,47.11000061035156,47.58000183105469,5685900
2025-11-11,47.70000076293945,47.939998626708984,47.31999969482422,47.619998931884766,4751600
2025-11-12,47.77000045776367,48.5099983215332,47.70000076293945,47.88999938964844,5664400
2025-11-13,47.72999954223633,48.02000045776367,47.06999969482422,47.310001373291016,6287900
2025-11-14,47.189998626708984,47.380001068115234,46.66999816894531,47.099998474121094,6121500
2025-11-17,46.900001525878906,46.9900016784668,45.27000045776367,45.470001220703125,7832100
2025-11-18,45.27000045776367,46.34000015258789,45.02000045776367,45.91999816894531,8035200
2025-11-19,45.880001068115234,46.84000015258789,45.79999923706055,46.79999923706055,8899100
2025-11-20,47.20000076293945,47.7599983215332,46.43000030517578,46.4900016784668,8172200
2025-11-21,46.83000183105469,48.15999984741211,46.630001068115234,47.779998779296875,7874000
2025-11-24,47.77000045776367,47.93000030517578,47.220001220703125,47.75,10955800
2025-11-25,48.04999923706055,49.189998626708984,47.97999954223633,48.90999984741211,10153100
2025-11-26,48.91999816894531,49.29999923706055,48.7400016784668,48.95000076293945,4452700
2025-11-28,48.90999984741211,49.2599983215332,48.84000015258789,49.04999923706055,3280100
2025-12-01,48.939998626708984,49.849998474121094,48.91999816894531,49.40999984741211,8975600
2025-12-02,49.630001068115234,49.97999954223633,49.16999816894531,49.68000030517578,10791800
2025-12-03,49.959999084472656,50.959999084472656,49.790000915527344,50.93000030517578,9578400
2025-12-04,50.95000076293945,51.5099983215332,50.900001525878906,51.369998931884766,7917400
