date,open,high,low,close,volume
2010-01-04,25.248022079467773,25.363048553466797,25.19769859313965,25.226455688476562,2962274
2010-01-05,25.248022079467773,25.276779174804688,25.025161743164062,25.140186309814453,3298757
2010-01-06,25.125808715820312,25.276779174804688,24.917325973510742,24.960460662841797,4178981
2010-01-07,24.852624893188477,25.025161743164062,24.80230140686035,24.953271865844727,2452472
2010-01-08,24.946081161499023,25.032350540161133,24.80230140686035,24.960460662841797,3772392
2010-01-11,25.075485229492188,25.564342498779297,24.946081161499023,25.391803741455078,5790177
2010-01-12,25.528396606445312,25.923795700073242,25.391803741455078,25.873472213745117,6634514
2010-01-13,25.758447647094727,25.952552795410156,25.542774200439453,25.80158233642578,5638001
2010-01-14,25.815959930419922,26.1107120513916,25.664989471435547,26.081954956054688,4147962
2010-01-15,26.074766159057617,26.1107120513916,25.528396606445312,25.643421173095703,6315975
2010-01-19,25.629043579101562,25.729690551757812,25.514019012451172,25.629043579101562,4951265
2010-01-20,25.442127227783203,25.585908889770508,25.154565811157227,25.269590377807617,4666666
2010-01-21,25.327102661132812,25.456506729125977,25.017972946166992,25.140186309814453,5409599
2010-01-22,24.938892364501953,25.161754608154297,24.629762649536133,24.651330947875977,5496258
2010-01-25,24.80230140686035,24.874191284179688,24.629762649536133,24.644140243530273,5121245
2010-01-26,24.514738082885742,24.823867797851562,24.478792190551758,24.680086135864258,3479865
2010-01-27,24.687274932861328,25.089862823486328,24.586627960205078,25.025161743164062,5000089
2010-01-28,25.154565811157227,25.319913864135742,24.658519744873047,24.687274932861328,5245044
2010-01-29,24.823867797851562,25.039539337158203,24.579439163208008,24.59381675720215,4092322
2010-02-01,24.766355514526367,25.485261917114258,24.723220825195312,25.463695526123047,5443122
2010-02-02,25.463695526123047,25.830337524414062,25.29834747314453,25.751258850097656,4649557
2010-02-03,25.535585403442383,25.585908889770508,25.140186309814453,25.40618324279785,5113872
2010-02-04,25.075485229492188,25.29834747314453,23.961179733276367,24.011503219604492,13879120
2010-02-05,24.076204299926758,24.176851272583008,23.537023544311523,23.70956039428711,10415947
2010-02-08,23.824586868286133,23.882099151611328,23.472322463989258,23.522645950317383,6890319
2010-02-09,23.652048110961914,23.874910354614258,23.357297897338867,23.774263381958008,10736573
2010-02-10,23.716751098632812,23.953990936279297,23.680805206298828,23.838964462280273,5846651
2010-02-11,23.817398071289062,24.033069610595703,23.673616409301758,24.00431251525879,5190795
2010-02-12,23.745506286621094,24.09777069091797,23.630481719970703,23.982746124267578,8109808
2010-02-16,24.011503219604492,24.19122886657715,23.975557327270508,24.155284881591797,5279680
2010-02-17,24.241552352905273,24.349388122558594,24.119338989257812,24.19841766357422,3859051
2010-02-18,24.20560646057129,24.349388122558594,24.119338989257812,24.20560646057129,4080220
2010-02-19,24.09777069091797,24.313444137573242,24.054637908935547,24.2918758392334,4105954
2010-02-22,24.29906463623047,24.327821731567383,24.076204299926758,24.212797164916992,4423519
2010-02-23,24.19841766357422,24.277498245239258,24.011503219604492,24.140905380249023,4232813
2010-02-24,24.248741149902344,24.30625343322754,24.054637908935547,24.234363555908203,3992448
2010-02-25,23.99712371826172,24.255931854248047,23.91085433959961,24.227174758911133,7090623
2010-02-26,24.248741149902344,24.342199325561523,24.148094177246094,24.241552352905273,3504068
2010-03-01,24.277498245239258,24.442846298217773,24.162473678588867,24.356578826904297,3931940
2010-03-02,24.471603393554688,24.550682067871094,24.356578826904297,24.50035858154297,6773475
2010-03-03,24.557872772216797,24.636951446533203,24.342199325561523,24.421279907226562,3866841
2010-03-04,24.507549285888672,24.60100555419922,24.255931854248047,24.457225799560547,4118890
2010-03-05,24.536304473876953,25.0970516204834,24.421279907226562,25.068296432495117,7705305
2010-03-08,25.233644485473633,25.629043579101562,25.176132202148438,25.456506729125977,6864307
2010-03-09,26.017253875732422,26.59238052368164,25.916606903076172,26.3120059967041,14821801
2010-03-10,26.376707077026367,26.578001022338867,26.218547821044922,26.5132999420166,7121225
2010-03-11,26.441408157348633,26.872753143310547,26.39108657836914,26.81524085998535,5115263
2010-03-12,26.959022521972656,27.030912399291992,26.664270401000977,26.937454223632812,6842607
2010-03-15,26.851186752319336,27.08842658996582,26.78648567199707,27.08842658996582,4431726
2010-03-16,27.10280418395996,27.124370574951172,26.81524085998535,27.052480697631836,3984241
2010-03-17,27.059669494628906,27.936735153198242,27.030912399291992,27.77857780456543,9834926
2010-03-18,27.70668601989746,27.771387100219727,27.39036750793457,27.426311492919922,6812562
2010-03-19,27.275341033935547,27.71387481689453,27.21782875061035,27.275341033935547,8597910
2010-03-22,27.167505264282227,27.49101448059082,27.167505264282227,27.426311492919922,4265780
2010-03-23,27.555715560913086,27.60603904724121,27.30409812927246,27.49820327758789,4696016
2010-03-24,27.5197696685791,27.5197696685791,27.239395141601562,27.260963439941406,5151847
2010-03-25,27.455068588256836,27.641984939575195,27.354421615600586,27.354421615600586,4844297
2010-03-26,27.440689086914062,27.59885025024414,27.39036750793457,27.51258087158203,3286377
2010-03-29,27.670740127563477,27.757009506225586,27.239395141601562,27.447879791259766,5037646
2010-03-30,27.440689086914062,27.670740127563477,27.39036750793457,27.59166145324707,4502667
2010-03-31,27.47663688659668,27.627605438232422,27.31128692626953,27.555715560913086,4553717
2010-04-01,27.663551330566406,28.20992088317871,27.663551330566406,28.18116569519043,7046945
2010-04-05,28.368080139160156,28.950395584106445,28.245866775512695,28.78504753112793,7924805
2010-04-06,28.749101638793945,28.80661392211914,28.57656478881836,28.61250877380371,8345722
2010-04-07,28.641265869140625,28.957584381103516,28.57656478881836,28.864126205444336,6592227
2010-04-08,28.835369110107422,28.90726089477539,28.59813117980957,28.80661392211914,5664569
2010-04-09,28.91444969177246,29.259525299072266,28.77066993713379,29.259525299072266,5471081
2010-04-12,29.41049575805664,29.554277420043945,29.259525299072266,29.31703758239746,6942342
2010-04-13,29.40330696105957,29.69805908203125,29.19482421875,29.59022331237793,9914074
2010-04-14,29.57584571838379,30.07908058166504,29.539899826049805,29.964054107666016,12611502
2010-04-15,30.402587890625,31.459381103515625,30.37383270263672,30.754852294921875,15775192
2010-04-16,30.553558349609375,30.733285903930664,30.22286033630371,30.69734001159668,12794001
2010-04-19,30.69015121459961,30.81955337524414,30.438533782958984,30.68296241760254,6166999
2010-04-20,30.848310470581055,30.99928092956543,30.57512664794922,30.98490333557129,5443539
2010-04-21,30.98490333557129,31.17900848388672,30.740474700927734,30.99209213256836,4206384
2010-04-22,30.89863395690918,31.10711669921875,30.733285903930664,31.042415618896484,5536458
2010-04-23,31.10711669921875,31.250898361206055,30.8698787689209,31.22933006286621,4470674
2010-04-26,31.29403305053711,31.631919860839844,31.258087158203125,31.58878517150879,6247677
2010-04-27,31.50970458984375,31.538461685180664,30.61825942993164,30.754852294921875,6286485
2010-04-28,30.841121673583984,30.88425636291504,30.17972755432129,30.445722579956055,6738282
2010-04-29,30.57512664794922,31.01365852355957,30.560747146606445,30.747663497924805,5029856
2010-04-30,30.80517578125,30.8698787689209,30.37383270263672,30.49604606628418,5504743
2010-05-03,30.647016525268555,31.0711727142334,30.56793785095215,30.963336944580078,3833040
2010-05-04,30.77642059326172,30.77642059326172,29.87059783935547,29.964054107666016,5586395
2010-05-05,29.539899826049805,30.057512283325195,29.245147705078125,29.7340030670166,5808399
2010-05-06,29.51114273071289,29.834651947021484,26.98777961730957,28.80661392211914,7696125
2010-05-07,28.60531997680664,29.043853759765625,27.857656478881836,28.47591781616211,9682473
2010-05-10,29.46800994873047,30.337886810302734,29.42487335205078,30.251617431640625,11236498
2010-05-11,29.92810821533203,30.51761245727539,29.89216423034668,30.057512283325195,6049181
2010-05-12,30.33069610595703,30.553558349609375,30.02875518798828,30.48885726928711,5930668
2010-05-13,30.460100173950195,30.6685848236084,29.76995086669922,29.80589485168457,6323625
2010-05-14,29.56865692138672,29.71243667602539,28.9288272857666,29.166067123413086,6159765
2010-05-17,29.18044662475586,29.647735595703125,28.9935302734375,29.56865692138672,9068346
2010-05-18,30.01437759399414,30.2659969329834,29.48957633972168,29.547088623046875,5079932
2010-05-19,29.40330696105957,29.597412109375,28.87131690979004,29.367361068725586,5218337
2010-05-20,28.741912841796875,29.051042556762695,28.454349517822266,28.49748420715332,8495254
2010-05-21,27.943925857543945,28.91444969177246,27.749820709228516,28.864126205444336,8215385
2010-05-24,28.78504753112793,28.97915267944336,28.533428192138672,28.58375358581543,4631613
2010-05-25,27.872034072875977,28.763479232788086,27.49820327758789,28.734722137451172,6872096
2010-05-26,28.98634147644043,29.266714096069336,28.71315574645996,28.749101638793945,6983655
2010-05-27,29.151689529418945,29.78432846069336,29.07979965209961,29.762760162353516,5190934
2010-05-28,29.654924392700195,29.942487716674805,29.30984878540039,29.439252853393555,3598517
2010-06-01,29.30984878540039,29.71243667602539,29.00790786743164,29.10855484008789,4083281
2010-06-02,29.17325782775879,29.76995086669922,28.936016082763672,29.76995086669922,4352439
2010-06-03,29.92091941833496,30.30194091796875,29.863407135009766,30.136592864990234,5458423
2010-06-04,29.7340030670166,29.90654182434082,29.259525299072266,29.37455177307129,6688902
2010-06-07,29.30265998840332,29.30265998840332,28.57656478881836,28.5909423828125,6558009
2010-06-08,28.62688636779785,29.439252853393555,28.368080139160156,29.3961181640625,8802248
2010-06-09,29.547088623046875,30.150970458984375,29.48957633972168,29.62616729736328,10952039
2010-06-10,30.035945892333984,30.41696548461914,29.949676513671875,30.23004913330078,5116933
2010-06-11,29.97843360900879,30.38102149963379,29.97843360900879,30.19410514831543,5593350
2010-06-14,30.345075607299805,30.72609519958496,30.244428634643555,30.32350730895996,5373433
2010-06-15,30.49604606628418,31.18619728088379,30.49604606628418,31.18619728088379,8131091
2010-06-16,30.92020034790039,30.934579849243164,30.61107063293457,30.71890640258789,6546881
2010-06-17,30.754852294921875,30.92020034790039,30.38102149963379,30.61107063293457,6803798
2010-06-18,30.69015121459961,30.762041091918945,30.43134307861328,30.546369552612305,5608929
2010-06-21,31.250898361206055,31.2724666595459,30.61825942993164,30.762041091918945,10784006
2010-06-22,31.02084732055664,31.02084732055664,30.136592864990234,30.18691635131836,8132203
2010-06-23,30.27318572998047,30.31631851196289,29.69805908203125,29.76995086669922,7370074
2010-06-24,29.62616729736328,29.741193771362305,29.338605880737305,29.453630447387695,8384670
2010-06-25,29.52552032470703,29.69805908203125,29.28828239440918,29.446441650390625,7036095
2010-06-28,29.56865692138672,29.62616729736328,29.09417724609375,29.1301212310791,3819408
2010-06-29,28.81380271911621,28.87850570678711,28.159597396850586,28.30337905883789,7408883
2010-06-30,28.3249454498291,28.51905059814453,27.99424934387207,28.066139221191406,6687789
2010-07-01,28.00143814086914,28.21710968017578,27.49820327758789,28.10208511352539,7388297
2010-07-02,28.138029098510742,28.21710968017578,27.61322784423828,27.69949722290039,4930121
2010-07-06,28.02300453186035,28.454349517822266,27.627605438232422,27.82171058654785,7066836
2010-07-07,27.90797996520996,28.5909423828125,27.79295539855957,28.547807693481445,5881009
2010-07-08,28.655643463134766,28.90007209777832,28.540618896484375,28.741912841796875,5643426
2010-07-09,28.67721176147461,28.9935302734375,28.67721176147461,28.950395584106445,3636352
2010-07-12,28.97915267944336,29.51833152770996,28.77066993713379,29.38174057006836,7302194
2010-07-13,30.00718879699707,30.064701080322266,29.62616729736328,29.98562240600586,8862200
2010-07-14,28.80661392211914,29.58303451538086,28.57656478881836,29.47519874572754,14936002
2010-07-15,29.47519874572754,29.66930389404297,28.97915267944336,29.61897850036621,7096465
2010-07-16,29.439252853393555,29.61897850036621,28.7275333404541,28.80661392211914,6104682
2010-07-19,28.80661392211914,28.9935302734375,28.447160720825195,28.756290435791016,4937772
2010-07-20,28.3896484375,29.61897850036621,28.339324951171875,29.58303451538086,5615050
2010-07-21,29.68368148803711,29.68368148803711,28.51905059814453,28.655643463134766,7778194
2010-07-22,28.943206787109375,29.662113189697266,28.842559814453125,29.597412109375,6488180
2010-07-23,29.47519874572754,29.97843360900879,29.367361068725586,29.92091941833496,5725356
2010-07-26,29.92091941833496,30.38821029663086,29.863407135009766,30.29475212097168,4778920
2010-07-27,30.452911376953125,30.59669303894043,30.10064697265625,30.150970458984375,4918020
2010-07-28,30.07908058166504,30.36664390563965,29.741193771362305,29.849029541015625,4524645
2010-07-29,30.07908058166504,30.29475212097168,29.539899826049805,29.71243667602539,4406132
2010-07-30,29.52552032470703,29.88497543334961,29.27390480041504,29.69087028503418,4278855
2010-08-02,30.043134689331055,30.30912971496582,29.99281120300293,30.22286033630371,3404751
2010-08-03,30.19410514831543,30.23004913330078,29.71243667602539,29.755571365356445,4439237
2010-08-04,29.89935302734375,30.11502456665039,29.76995086669922,30.01437759399414,4142815
2010-08-05,30.02156639099121,30.51761245727539,29.87778663635254,30.48885726928711,5641618
2010-08-06,30.19410514831543,30.48166847229004,30.0,30.452911376953125,4306536
2010-08-09,30.59669303894043,30.98490333557129,30.59669303894043,30.69015121459961,4189553
2010-08-10,30.50323486328125,30.71171760559082,30.19410514831543,30.47447967529297,4706449
2010-08-11,30.050323486328125,30.050323486328125,29.51114273071289,29.58303451538086,4832612
2010-08-12,29.259525299072266,29.597412109375,29.144500732421875,29.47519874572754,3273440
2010-08-13,29.3314151763916,29.50395393371582,29.20201301574707,29.367361068725586,2789790
2010-08-16,29.28109359741211,29.50395393371582,29.12293243408203,29.42487335205078,2397110
2010-08-17,29.62616729736328,30.37383270263672,29.48957633972168,30.20848274230957,4014565
2010-08-18,30.057512283325195,30.53199005126953,29.90654182434082,30.31631851196289,3356900
2010-08-19,30.21567153930664,30.38821029663086,29.7987060546875,30.12940216064453,3746380
2010-08-20,29.87059783935547,30.48166847229004,29.87059783935547,30.42415428161621,3525907
2010-08-23,30.49604606628418,30.654205322265625,30.10783576965332,30.12940216064453,4756525
2010-08-24,29.76995086669922,30.165348052978516,29.47519874572754,29.89935302734375,4767792
2010-08-25,29.68368148803711,30.57512664794922,29.57584571838379,30.42415428161621,6548828
2010-08-26,30.546369552612305,30.6685848236084,30.38102149963379,30.452911376953125,7311096
2010-08-27,30.6038818359375,30.762041091918945,30.237239837646484,30.42415428161621,6717974
2010-08-30,30.402587890625,30.4672908782959,29.97843360900879,29.97843360900879,3424781
2010-08-31,29.87778663635254,30.165348052978516,29.72681427001953,29.97843360900879,6525181
2010-09-01,30.19410514831543,30.69734001159668,30.150970458984375,30.62544822692871,12210476
2010-09-02,30.77642059326172,31.58878517150879,30.77642059326172,31.52408218383789,7463828
2010-09-03,31.52408218383789,31.90510368347168,31.39468002319336,31.88353729248047,6221526
2010-09-07,31.8116455078125,32.12796401977539,31.68224334716797,31.833213806152344,3999960
2010-09-08,31.761323928833008,32.27174758911133,31.660675048828125,31.99856185913086,4432143
2010-09-09,31.8116455078125,31.90510368347168,31.38749122619629,31.52408218383789,4631891
2010-09-10,31.653486251831055,32.02731704711914,31.51689338684082,32.00575256347656,4453565
2010-09-13,32.27174758911133,32.818115234375,32.20704650878906,32.739036560058594,8067939
2010-09-14,32.71028137207031,33.24946212768555,32.55931091308594,32.72465896606445,6548272
2010-09-15,32.6240119934082,33.271026611328125,32.52336502075195,33.01222229003906,5453137
2010-09-16,33.06254577636719,33.16319274902344,32.72465896606445,32.940330505371094,3207924
2010-09-17,33.040977478027344,33.12724685668945,32.78936004638672,32.89000701904297,4132105
2010-09-20,32.92595291137695,33.544212341308594,32.854061126708984,33.486698150634766,3576539
2010-09-21,33.587345123291016,33.723941802978516,33.271026611328125,33.386051177978516,6838991
2010-09-22,33.36448669433594,33.522647857666016,33.1488151550293,33.40761947631836,4288453
2010-09-23,33.271026611328125,33.486698150634766,32.86125183105469,32.940330505371094,3668623
2010-09-24,33.19913864135742,33.60891342163086,33.134437561035156,33.4291877746582,4506701
2010-09-27,33.486698150634766,33.644859313964844,33.29978561401367,33.335731506347656,3617852
2010-09-28,33.371673583984375,33.522647857666016,33.0265998840332,33.386051177978516,9642690
2010-09-29,33.39324188232422,33.52983474731445,33.12005615234375,33.271026611328125,4448835
2010-09-30,33.472320556640625,33.68080520629883,33.040977478027344,33.11286926269531,5937901
2010-10-01,33.29259490966797,33.51545715332031,33.16319274902344,33.41481018066406,5474141
2010-10-04,33.335731506347656,33.537025451660156,33.134437561035156,33.371673583984375,4737190
2010-10-05,33.572967529296875,34.148094177246094,33.544212341308594,33.644859313964844,8163501
2010-10-06,33.73112869262695,34.11214828491211,33.587345123291016,34.047447204589844,8811150
2010-10-07,34.241554260253906,34.241554260253906,33.738319396972656,33.939613342285156,5030412
2010-10-08,34.0330696105957,34.51473617553711,33.81020736694336,34.25593185424805,6388585
2010-10-11,34.29187774658203,34.342201232910156,34.040260314941406,34.20560836791992,3066460
2010-10-12,34.040260314941406,34.45722579956055,33.90366744995117,34.4356575012207,3951136
2010-10-13,34.51473617553711,34.550682067871094,34.20560836791992,34.478790283203125,4402793
2010-10-14,34.579437255859375,34.82386779785156,34.30625534057617,34.80949020385742,5636610
2010-10-15,35.01078414916992,35.154563903808594,34.845436096191406,35.118621826171875,5949307
2010-10-18,35.07548522949219,35.10424041748047,34.852622985839844,34.953269958496094,3397518
2010-10-19,34.58662796020508,34.67289733886719,33.88209915161133,34.28468704223633,5012886
2010-10-20,34.543495178222656,35.02516174316406,34.38533401489258,34.82386779785156,5166591
2010-10-21,34.99640655517578,35.51401901245117,34.831058502197266,35.082672119140625,5685991
2010-10-22,35.20488739013672,35.67936706542969,35.068294525146484,35.636234283447266,3462755
2010-10-25,35.78001403808594,35.99568557739258,35.636234283447266,35.859092712402344,5081323
2010-10-26,35.78001403808594,35.873470306396484,35.59309768676758,35.80876922607422,3046429
2010-10-27,35.48526382446289,35.571529388427734,34.831058502197266,35.255210876464844,4936798
2010-10-28,35.48526382446289,35.50682830810547,35.07548522949219,35.41337203979492,3713275
2010-10-29,35.269588470458984,35.6434211730957,35.22645568847656,35.62904357910156,3191789
2010-11-01,35.873470306396484,36.074764251708984,35.5643424987793,35.80158233642578,3290828
2010-11-02,36.074764251708984,36.441410064697266,36.00287628173828,36.33357238769531,2376384
2010-11-03,36.41984176635742,36.73616027832031,36.20417022705078,36.54924392700195,4073961
2010-11-04,36.858375549316406,37.721065521240234,36.70740509033203,37.00934600830078,5854858
2010-11-05,37.12437057495117,37.13874816894531,36.80805206298828,36.90150833129883,3052967
2010-11-08,36.88713073730469,37.318477630615234,36.78648376464844,37.160316467285156,4037517
2010-11-09,37.23939514160156,37.260963439941406,36.312007904052734,36.41984176635742,4791717
2010-11-10,36.455787658691406,37.181884765625,36.326385498046875,36.944644927978516,4235178
2010-11-11,36.73616027832031,37.4550666809082,36.70021438598633,37.31128692626953,4222659
2010-11-12,37.145938873291016,37.332855224609375,36.3695182800293,36.513301849365234,4018738
2010-11-15,36.70740509033203,36.90150833129883,36.276058197021484,36.75053787231445,4769183
2010-11-16,36.48454284667969,36.5708122253418,35.27677917480469,35.42774963378906,7478433
2010-11-17,35.38461685180664,35.71531295776367,34.967647552490234,35.68655776977539,7468279
2010-11-18,36.175411224365234,36.70740509033203,36.01006317138672,36.340763092041016,6578456
2010-11-19,36.39108657836914,36.527679443359375,36.161033630371094,36.513301849365234,4109014
2010-11-22,36.34794998168945,36.58518981933594,35.91660690307617,36.40546417236328,4249644
2010-11-23,36.03163146972656,36.19697952270508,35.5643424987793,35.72969055175781,4287201
2010-11-24,36.024444580078125,36.34794998168945,35.88066101074219,36.34794998168945,3228650
2010-11-26,36.21135711669922,36.21135711669922,35.80158233642578,35.98130798339844,1334943
2010-11-29,35.79439163208008,36.074764251708984,35.48526382446289,35.959739685058594,4681132
2010-11-30,35.67936706542969,36.29043960571289,35.58591079711914,36.00287628173828,3898556
2010-12-01,36.542057037353516,36.63551330566406,36.11071014404297,36.240116119384766,5095094
2010-12-02,36.254493713378906,36.87994384765625,36.2473030090332,36.62113571166992,3983963
2010-12-03,36.41984176635742,36.52048873901367,36.024444580078125,36.355140686035156,3959342
2010-12-06,36.225738525390625,36.28324890136719,35.758445739746094,35.88066101074219,3922342
2010-12-07,36.139469146728516,36.513301849365234,35.90941619873047,36.2473030090332,4261050
2010-12-08,35.99568557739258,36.175411224365234,35.39899444580078,36.139469146728516,4876011
2010-12-09,36.40546417236328,36.47016525268555,35.58591079711914,35.70093536376953,7715182
2010-12-10,35.722503662109375,36.254493713378906,35.722503662109375,36.13227844238281,4152274
2010-12-13,36.18979263305664,36.38389587402344,35.557151794433594,35.5643424987793,4035708
2010-12-14,35.60028839111328,35.7656364440918,35.39899444580078,35.557151794433594,3645672
2010-12-15,35.51401901245117,35.70093536376953,35.334293365478516,35.470882415771484,4602402
2010-12-16,35.470882415771484,35.98849868774414,35.31272506713867,35.959739685058594,4596699
2010-12-17,36.00287628173828,36.14665603637695,35.71531295776367,35.98130798339844,5178693
2010-12-20,36.060386657714844,36.06757736206055,35.549964904785156,35.672176361083984,3239083
2010-12-21,35.736881256103516,36.038822174072266,35.5643424987793,35.959739685058594,2883404
2010-12-22,35.99568557739258,36.161033630371094,35.722503662109375,36.01006317138672,2039206
2010-12-23,35.938175201416016,36.139469146728516,35.61466598510742,35.70093536376953,2268721
2010-12-27,35.71531295776367,35.71531295776367,35.370235443115234,35.60028839111328,1395034
2010-12-28,35.636234283447266,35.68655776977539,35.168941497802734,35.39180374145508,2058402
2010-12-29,35.49964141845703,35.8447151184082,35.47807312011719,35.657798767089844,2452889
2010-12-30,35.6434211730957,35.69374465942383,35.355857849121094,35.449317932128906,1676433
2010-12-31,35.355857849121094,35.521209716796875,35.2408332824707,35.26240158081055,1595755
2011-01-03,35.4421272277832,35.59309768676758,35.21207809448242,35.29115676879883,4734825
2011-01-04,35.28396987915039,35.29834747314453,34.342201232910156,34.751976013183594,6827724
2011-01-05,34.60100555419922,35.082672119140625,34.50754928588867,34.917327880859375,5145170
2011-01-06,35.19050979614258,35.269588470458984,34.88856887817383,35.1617546081543,5696562
2011-01-07,35.233646392822266,35.672176361083984,35.147377014160156,35.60028839111328,4700328
2011-01-10,35.51401901245117,35.823150634765625,35.29834747314453,35.650611877441406,4169523
2011-01-11,35.90941619873047,35.93098449707031,35.3630485534668,35.420562744140625,3099844
2011-01-12,35.521209716796875,35.650611877441406,35.29115676879883,35.334293365478516,3153953
2011-01-13,35.39899444580078,35.52839660644531,35.09705352783203,35.154563903808594,3232128
2011-01-14,34.946083068847656,34.98921585083008,34.363765716552734,34.39252471923828,6910349
2011-01-18,34.38533401489258,35.59309768676758,34.349388122558594,35.40618133544922,7756633
2011-01-19,35.449317932128906,35.521209716796875,35.19050979614258,35.434940338134766,4573886
2011-01-20,35.420562744140625,35.59309768676758,34.88856887817383,34.967647552490234,5442705
2011-01-21,35.053916931152344,35.07548522949219,34.550682067871094,34.70165252685547,5575267
2011-01-24,34.680084228515625,34.80949020385742,34.543495178222656,34.72322082519531,4175087
2011-01-25,34.70165252685547,34.80229949951172,34.363765716552734,34.50754928588867,4435760
2011-01-26,34.61538314819336,34.69446563720703,34.327823638916016,34.342201232910156,4621041
2011-01-27,34.342201232910156,34.69446563720703,34.18404006958008,34.21279525756836,5448269
2011-01-28,34.327823638916016,34.680084228515625,33.26383972167969,33.357295989990234,7657316
2011-01-31,33.422000885009766,33.76707458496094,33.31416320800781,33.61610412597656,5223483
2011-02-01,33.738319396972656,34.33501052856445,33.61610412597656,34.09058380126953,4485001
2011-02-02,34.27030944824219,34.442848205566406,33.98274612426758,34.31344223022461,5346726
2011-02-03,35.30553436279297,36.06757736206055,35.22645568847656,35.39180374145508,11473385
2011-02-04,35.47807312011719,35.68655776977539,35.068294525146484,35.4421272277832,5038202
2011-02-07,35.470882415771484,35.851905822753906,35.29834747314453,35.51401901245117,5310143
2011-02-08,35.60747528076172,35.93098449707031,35.51401901245117,35.650611877441406,3392232
2011-02-09,35.521209716796875,35.79439163208008,35.32710266113281,35.58591079711914,3084543
2011-02-10,35.47807312011719,35.78001403808594,35.29115676879883,35.758445739746094,3937782
2011-02-11,35.38461685180664,35.81595993041992,35.28396987915039,35.78001403808594,3226842
2011-02-14,35.72969055175781,36.23292541503906,35.4421272277832,36.161033630371094,4274543
2011-02-15,36.00287628173828,36.563621520996094,35.873470306396484,36.47016525268555,4317525
2011-02-16,36.6498908996582,37.00934600830078,36.53486633300781,36.79367446899414,4340337
2011-02-17,36.757728576660156,36.9805908203125,36.542057037353516,36.93745422363281,3999264
2011-02-18,36.966209411621094,37.12437057495117,36.556434631347656,36.78648376464844,3300704
2011-02-22,36.63551330566406,36.70021438598633,35.636234283447266,35.74406814575195,6433236
2011-02-23,35.722503662109375,36.00287628173828,34.91013717651367,35.420562744140625,4924975
2011-02-24,35.21207809448242,35.571529388427734,34.98921585083008,35.49245071411133,4088705
2011-02-25,35.5643424987793,36.053199768066406,35.5643424987793,35.952552795410156,3573757
2011-02-28,36.01725387573242,36.326385498046875,35.91660690307617,36.18260192871094,3449402
2011-03-01,36.362327575683594,36.362327575683594,35.71531295776367,35.837528228759766,4753603
2011-03-02,35.70812225341797,35.80158233642578,35.1617546081543,35.571529388427734,3689906
2011-03-03,35.83033752441406,36.41984176635742,35.80876922607422,36.41984176635742,3625920
2011-03-04,36.43421936035156,36.69302749633789,36.34794998168945,36.642704010009766,4332409
2011-03-07,36.90150833129883,36.99496841430664,36.276058197021484,36.54924392700195,3869623
2011-03-08,36.69302749633789,37.519771575927734,36.68583679199219,37.49101257324219,6619769
2011-03-09,37.50539016723633,37.8576545715332,37.41193389892578,37.8576545715332,5836775
2011-03-10,37.419124603271484,38.238677978515625,37.28253173828125,37.99424743652344,6367998
2011-03-11,37.82889938354492,37.951114654541016,37.31128692626953,37.80014419555664,4392222
2011-03-14,37.519771575927734,37.69230651855469,37.03810119628906,37.31128692626953,3231432
2011-03-15,36.261680603027344,36.829620361328125,36.1682243347168,36.628326416015625,4302641
2011-03-16,36.60675811767578,36.93745422363281,36.326385498046875,36.556434631347656,5186065
2011-03-17,36.829620361328125,37.016536712646484,36.462974548339844,36.657081604003906,5180362
2011-03-18,37.030914306640625,37.160316467285156,36.52048873901367,36.664268493652344,3462060
2011-03-21,37.0524787902832,37.181884765625,36.72178268432617,36.843997955322266,3642194
2011-03-22,36.90150833129883,36.915889739990234,36.39827346801758,36.53486633300781,2586425
2011-03-23,36.43421936035156,36.90869903564453,36.19697952270508,36.728973388671875,3417965
2011-03-24,36.95183181762695,37.32566452026367,36.82242965698242,37.31128692626953,2495176
2011-03-25,37.347232818603516,37.59885025024414,37.13874816894531,37.268150329589844,3105129
2011-03-28,37.368797302246094,37.548526763916016,36.9805908203125,37.00215530395508,2782417
2011-03-29,36.9805908203125,37.08842468261719,36.80086135864258,36.87994384765625,4859041
2011-03-30,37.02372360229492,37.2537727355957,36.959022521972656,37.18907165527344,6043060
2011-03-31,37.08842468261719,37.145938873291016,36.90869903564453,36.93745422363281,4955438
2011-04-01,37.00934600830078,37.29690933227539,36.865562438964844,36.95183181762695,3712579
2011-04-04,37.016536712646484,37.21063995361328,36.49892044067383,36.5708122253418,4299442
2011-04-05,36.4485969543457,36.49892044067383,35.873470306396484,35.91660690307617,7170744
2011-04-06,36.06757736206055,36.139469146728516,35.88785171508789,36.01725387573242,5419475
2011-04-07,35.91660690307617,36.19697952270508,35.4421272277832,35.52839660644531,6220691
2011-04-08,35.772823333740234,35.959739685058594,35.39899444580078,35.6434211730957,5741353
2011-04-11,35.6434211730957,35.98849868774414,35.636234283447266,35.923797607421875,5325165
2011-04-12,35.83033752441406,36.376705169677734,35.80876922607422,35.8447151184082,5406678
2011-04-13,35.86628341674805,36.03163146972656,35.736881256103516,35.93098449707031,4021381
2011-04-14,35.7656364440918,36.542057037353516,35.650611877441406,36.43421936035156,5926077
2011-04-15,36.542057037353516,36.80086135864258,36.355140686035156,36.75053787231445,3884785
2011-04-18,36.362327575683594,36.3695182800293,35.873470306396484,36.21854782104492,5774876
2011-04-19,36.225738525390625,36.62113571166992,36.024444580078125,36.58518981933594,4746788
2011-04-20,36.915889739990234,37.27534103393555,36.75053787231445,37.059669494628906,4764453
2011-04-21,39.28828048706055,39.52552032470703,38.511863708496094,38.569374084472656,10326228
2011-04-25,38.50467300415039,38.53342819213867,37.75700759887695,38.24586486816406,5544387
2011-04-26,38.24586486816406,38.324947357177734,37.40474319458008,37.51258087158203,6259500
2011-04-27,37.51258087158203,37.634796142578125,37.145938873291016,37.59885025024414,3976174
2011-04-28,37.735443115234375,38.28181076049805,37.634796142578125,37.9798698425293,4415869
2011-04-29,38.023006439208984,38.72034454345703,37.965492248535156,38.56218338012695,5821613
2011-05-02,38.670021057128906,38.79942321777344,38.3896484375,38.4615364074707,3889792
2011-05-03,38.51905059814453,38.842559814453125,38.30337905883789,38.79942321777344,5045296
2011-05-04,38.74909973144531,38.83536911010742,38.20273208618164,38.411216735839844,3860442
2011-05-05,38.2602424621582,38.77785873413086,38.11646270751953,38.28181076049805,4019712
2011-05-06,38.68439865112305,39.015098571777344,38.454349517822266,38.56218338012695,3723985
2011-05-09,38.60531997680664,39.10136413574219,38.57656478881836,39.06542205810547,3506155
2011-05-10,39.173255920410156,39.820274353027344,39.158878326416016,39.45362854003906,5022484
2011-05-11,39.3889274597168,39.50395584106445,38.93601608276367,39.245147705078125,4826770
2011-05-12,39.173255920410156,39.48957443237305,38.88569259643555,39.345794677734375,4400707
2011-05-13,39.45362854003906,39.662113189697266,39.20201110839844,39.43925094604492,3309885
2011-05-16,39.374549865722656,39.43925094604492,38.842559814453125,38.87850570678711,3463868
2011-05-17,38.670021057128906,39.30984878540039,38.44715881347656,39.29547119140625,4978945
2011-05-18,39.360172271728516,40.0071907043457,39.245147705078125,39.98562240600586,6764016
2011-05-19,40.24442672729492,40.81955337524414,40.10064697265625,40.754852294921875,5052529
2011-05-20,40.855499267578125,40.96333694458008,40.165348052978516,40.44572448730469,7942332
2011-05-23,40.10064697265625,40.37383270263672,40.04313278198242,40.122215270996094,5303327
2011-05-24,40.122215270996094,40.31631851196289,39.91373062133789,40.021568298339844,4647887
2011-05-25,39.949676513671875,40.29475021362305,39.877784729003906,40.15816116333008,3379435
2011-05-26,40.10064697265625,40.402587890625,39.94248580932617,40.30913162231445,2985642
2011-05-27,40.48885726928711,40.553558349609375,39.75557327270508,39.863407135009766,4894651
2011-05-31,40.150970458984375,40.24442672729492,39.56865692138672,39.76995086669922,6887676
2011-06-01,39.75557327270508,39.820274353027344,39.15168762207031,39.15168762207031,4491261
2011-06-02,39.12293243408203,39.273902893066406,38.770668029785156,39.173255920410156,4270092
2011-06-03,38.756290435791016,39.345794677734375,38.70596694946289,39.12293243408203,5989646
2011-06-06,39.02228546142578,39.52552032470703,38.73472213745117,38.73472213745117,4704918
2011-06-07,38.80661392211914,39.3889274597168,38.80661392211914,38.928829193115234,4872395
2011-06-08,38.792236328125,39.173255920410156,38.44715881347656,38.50467300415039,4501972
2011-06-09,38.60531997680664,38.842559814453125,38.27462387084961,38.60531997680664,3181356
2011-06-10,38.43278121948242,38.5909423828125,37.907981872558594,37.95830154418945,3258278
2011-06-13,38.00143814086914,38.29618835449219,37.74263000488281,38.123653411865234,3462616
2011-06-14,38.813804626464844,38.96477508544922,38.53342819213867,38.80661392211914,3039335
2011-06-15,38.54780578613281,39.12293243408203,38.3824577331543,38.842559814453125,5446321
2011-06-16,38.79942321777344,39.360172271728516,38.73472213745117,39.130123138427734,5105526
2011-06-17,39.532711029052734,39.75557327270508,39.22357940673828,39.417686462402344,4368853
2011-06-20,39.41049575805664,39.575843811035156,39.058231353759766,39.230770111083984,5543691
2011-06-21,39.46800994873047,40.079078674316406,39.374549865722656,39.89216232299805,5438532
2011-06-22,39.72681427001953,39.9928092956543,39.33860397338867,39.35298156738281,4495573
2011-06-23,38.971961975097656,39.38174057006836,38.69158935546875,39.10855484008789,8423201
2011-06-24,39.115745544433594,39.30984878540039,38.6628303527832,38.70596694946289,5451051
2011-06-27,38.6628303527832,39.28109359741211,38.48310470581055,39.10855484008789,4223493
2011-06-28,39.18044662475586,39.82746124267578,39.13731002807617,39.8058967590332,4006776
2011-06-29,39.89935302734375,40.222862243652344,39.561466217041016,39.70524978637695,4384154
2011-06-30,39.834651947021484,39.92810821533203,39.518333435058594,39.71243667602539,3628424
2011-07-01,39.748382568359375,41.0064697265625,39.748382568359375,40.79798889160156,4671952
2011-07-05,40.956146240234375,40.956146240234375,40.53199005126953,40.69015121459961,3998708
2011-07-06,40.43134307861328,40.726097106933594,40.27318572998047,40.366641998291016,3969358
2011-07-07,39.45362854003906,40.25880813598633,39.360172271728516,39.964054107666016,8619053
2011-07-08,39.647735595703125,39.9928092956543,39.45362854003906,39.978431701660156,4648722
2011-07-11,39.676490783691406,40.30913162231445,39.597412109375,39.90654373168945,4970182
2011-07-12,39.7987060546875,40.079078674316406,39.66930389404297,39.70524978637695,4895903
2011-07-13,39.834651947021484,40.654205322265625,39.82746124267578,39.95686721801758,8950946
2011-07-14,40.91301345825195,41.51689529418945,39.95686721801758,40.524803161621094,13813326
2011-07-15,40.73328399658203,40.783607482910156,39.748382568359375,39.90654373168945,6446033
2011-07-18,39.7987060546875,40.0071907043457,39.30266189575195,39.432064056396484,4312100
2011-07-19,39.65492630004883,39.68368148803711,39.29547119140625,39.65492630004883,4362176
2011-07-20,39.597412109375,39.64054489135742,38.96477508544922,39.06542205810547,3919282
2011-07-21,39.25233459472656,39.432064056396484,38.88569259643555,39.18044662475586,6572892
2011-07-22,39.48957443237305,39.53989791870117,39.20201110839844,39.230770111083984,4083420
2011-07-25,39.06542205810547,39.144500732421875,38.670021057128906,38.70596694946289,3833735
2011-07-26,38.68439865112305,38.957584381103516,38.3896484375,38.626888275146484,3845976
2011-07-27,38.39683532714844,38.50467300415039,37.52695846557617,37.670738220214844,6430593
2011-07-28,37.620418548583984,38.43278121948242,37.59885025024414,37.87203598022461,7682354
2011-07-29,37.347232818603516,38.267433166503906,37.30409622192383,37.97268295288086,5808399
2011-08-01,38.3824577331543,38.3824577331543,37.40474319458008,37.8576545715332,4381789
2011-08-02,37.649173736572266,37.7857666015625,36.628326416015625,36.6498908996582,5710472
2011-08-03,36.49892044067383,36.728973388671875,35.89503860473633,36.70021438598633,8265461
2011-08-04,36.326385498046875,36.67864990234375,36.038822174072266,36.225738525390625,8820053
2011-08-05,36.31919479370117,36.779296875,35.30553436279297,36.455787658691406,9886950
2011-08-08,35.78001403808594,36.225738525390625,34.342201232910156,34.378143310546875,11784413
2011-08-09,34.852622985839844,36.2473030090332,34.176849365234375,36.18979263305664,15133802
2011-08-10,35.88785171508789,35.89503860473633,34.59381866455078,34.70165252685547,14898723
2011-08-11,34.946083068847656,37.49101257324219,34.946083068847656,36.98777770996094,10650052
2011-08-12,37.548526763916016,37.60603713989258,36.60675811767578,36.90869903564453,8437250
2011-08-15,37.27534103393555,37.35441970825195,36.72178268432617,37.09561538696289,5830377
2011-08-16,36.90150833129883,37.07404708862305,36.455787658691406,36.68583679199219,6336840
2011-08-17,36.79367446899414,37.131561279296875,36.455787658691406,36.90869903564453,4311544
2011-08-18,36.06757736206055,36.225738525390625,34.81667709350586,35.17613220214844,7004520
2011-08-19,34.852622985839844,36.28324890136719,34.72322082519531,35.521209716796875,9000744
2011-08-22,36.074764251708984,36.757728576660156,35.83033752441406,35.90941619873047,7372856
2011-08-23,36.06757736206055,37.117183685302734,35.859092712402344,37.117183685302734,6842468
2011-08-24,37.08123779296875,38.15959548950195,36.93745422363281,38.138031005859375,7784732
2011-08-25,38.152408599853516,38.47591781616211,36.90150833129883,37.1746940612793,6844276
2011-08-26,37.00215530395508,38.123653411865234,36.59238052368164,37.936737060546875,5896727
2011-08-29,38.49748229980469,38.82099151611328,38.39683532714844,38.82099151611328,4253817
2011-08-30,38.713157653808594,39.09417724609375,38.4615364074707,38.83536911010742,4706031
2011-08-31,39.130123138427734,39.3889274597168,38.741912841796875,39.08698654174805,4707979
2011-09-01,39.058231353759766,39.09417724609375,38.3896484375,38.713157653808594,5016224
2011-09-02,38.03019332885742,38.3896484375,37.51258087158203,37.850467681884766,5468299
2011-09-06,36.90150833129883,37.821712493896484,36.657081604003906,37.75700759887695,5028604
2011-09-07,38.1811637878418,38.6628303527832,37.7857666015625,38.6628303527832,4529513
2011-09-08,38.48310470581055,38.856937408447266,38.1811637878418,38.368080139160156,3673214
2011-09-09,37.89360046386719,37.89360046386719,36.664268493652344,37.045291900634766,6764433
2011-09-12,36.556434631347656,37.447879791259766,36.31919479370117,37.42631149291992,5731616
2011-09-13,37.469444274902344,37.75700759887695,37.23939514160156,37.548526763916016,4587101
2011-09-14,37.79295349121094,38.856937408447266,37.361610412597656,38.31775665283203,4323228
2011-09-15,38.69877624511719,38.842559814453125,38.34651184082031,38.569374084472656,3930271
2011-09-16,39.029476165771484,39.029476165771484,38.28900146484375,38.713157653808594,6305264
2011-09-19,38.209922790527344,39.532711029052734,37.97268295288086,39.374549865722656,5838444
2011-09-20,39.475196838378906,40.04313278198242,38.87850570678711,39.20920181274414,4766818
2011-09-21,39.374549865722656,39.460819244384766,37.735443115234375,37.7785758972168,6965015
2011-09-22,36.70021438598633,37.217830657958984,36.1682243347168,36.642704010009766,8907686
2011-09-23,36.6498908996582,37.4550666809082,36.18260192871094,37.13874816894531,5651494
2011-09-26,37.40474319458008,37.922359466552734,36.5708122253418,37.81452178955078,5970450
2011-09-27,38.54780578613281,39.345794677734375,38.15959548950195,38.36088943481445,5694476
2011-09-28,38.43278121948242,39.20920181274414,37.71387481689453,37.79295349121094,5645791
2011-09-29,38.411216735839844,38.4615364074707,34.780731201171875,35.61466598510742,16629961
2011-09-30,34.93889236450195,36.82242965698242,34.867000579833984,35.50682830810547,12705811
2011-10-03,35.420562744140625,35.98130798339844,34.80229949951172,34.831058502197266,8913250
2011-10-04,34.21998596191406,35.62904357910156,33.89647674560547,35.54277420043945,10294096
2011-10-05,35.7656364440918,36.08914566040039,34.37095642089844,34.59381866455078,19707688
2011-10-06,34.644142150878906,35.59309768676758,34.60819625854492,35.46369552612305,9998369
2011-10-07,35.449317932128906,35.81595993041992,35.233646392822266,35.39899444580078,7222768
2011-10-10,35.80158233642578,36.78648376464844,35.74406814575195,36.59238052368164,5401253
2011-10-11,36.49892044067383,37.347232818603516,36.47016525268555,37.29690933227539,5378441
2011-10-12,37.35441970825195,37.97268295288086,36.642704010009766,36.68583679199219,7823540
2011-10-13,36.49892044067383,38.08770751953125,36.4485969543457,37.821712493896484,9238327
2011-10-14,37.90079116821289,37.99424743652344,37.08123779296875,37.48382568359375,6705594
2011-10-17,37.22501754760742,37.3759880065918,36.664268493652344,36.757728576660156,5375102
2011-10-18,36.815242767333984,37.9798698425293,36.376705169677734,37.58447265625,4987848
2011-10-19,37.59885025024414,37.74263000488281,36.88713073730469,37.10999298095703,4575834
2011-10-20,37.18907165527344,37.71387481689453,36.83680725097656,37.49820327758789,5307917
2011-10-21,38.14521789550781,38.756290435791016,37.99424743652344,38.63407516479492,6026647
2011-10-24,38.626888275146484,38.69158935546875,38.224300384521484,38.439971923828125,4339364
2011-10-25,38.21710968017578,38.76348114013672,37.850467681884766,37.987060546875,3337565
2011-10-26,38.41840362548828,38.727535247802734,37.332855224609375,38.138031005859375,4817172
2011-10-27,39.05104064941406,39.460819244384766,38.626888275146484,39.10136413574219,4922193
2011-10-28,39.058231353759766,39.35298156738281,38.339324951171875,38.92163848876953,4559003
2011-10-31,38.64845275878906,39.1876335144043,38.511863708496094,38.511863708496094,3527576
2011-11-01,37.749820709228516,38.28900146484375,37.49820327758789,37.82889938354492,5743439
2011-11-02,38.166786193847656,38.353702545166016,37.7857666015625,38.209922790527344,4614921
2011-11-03,38.554996490478516,38.90726089477539,38.109275817871094,38.84974670410156,4319890
2011-11-04,38.842559814453125,39.230770111083984,38.353702545166016,38.80661392211914,5502240
2011-11-07,38.928829193115234,39.360172271728516,38.64845275878906,39.273902893066406,4894790
2011-11-08,39.432064056396484,40.10064697265625,39.12293243408203,39.9928092956543,5567617
2011-11-09,39.130123138427734,39.978431701660156,39.043853759765625,39.4033088684082,8791955
2011-11-10,39.72681427001953,39.72681427001953,39.029476165771484,39.35298156738281,4587935
2011-11-11,39.69086837768555,40.222862243652344,39.48957443237305,40.122215270996094,3393345
2011-11-14,39.935298919677734,40.11502456665039,39.69086837768555,39.748382568359375,2658618
2011-11-15,39.74119186401367,40.0,39.4033088684082,39.834651947021484,2570290
2011-11-16,39.53989791870117,39.84183883666992,39.115745544433594,39.173255920410156,3597961
2011-11-17,39.00071716308594,39.317039489746094,38.1883544921875,38.655643463134766,3795900
2011-11-18,38.77785873413086,38.871315002441406,38.40402603149414,38.70596694946289,4372052
2011-11-21,38.21710968017578,38.63407516479492,37.864845275878906,38.454349517822266,3367194
2011-11-22,38.554996490478516,39.76995086669922,38.36088943481445,39.1876335144043,6216796
2011-11-23,38.88569259643555,38.9863395690918,38.19554138183594,38.23148727416992,3761820
2011-11-25,38.2602424621582,38.34651184082031,37.771385192871094,37.90079116821289,3052271
2011-11-28,38.70596694946289,39.360172271728516,38.569374084472656,39.20920181274414,4450644
2011-11-29,39.245147705078125,39.55427551269531,39.216392517089844,39.460819244384766,3379852
2011-11-30,40.30913162231445,40.61825942993164,39.98562240600586,40.28756332397461,5330729
2011-12-01,40.33069610595703,40.639827728271484,40.17253875732422,40.467288970947266,4725644
2011-12-02,40.71171951293945,40.89144515991211,40.323509216308594,40.438533782958984,4105397
2011-12-05,40.869876861572266,41.15025329589844,40.69015121459961,41.042415618896484,4560115
2011-12-06,41.0064697265625,41.329978942871094,40.553558349609375,41.2149543762207,4253678
2011-12-07,41.31560134887695,41.775699615478516,41.0064697265625,41.70381164550781,6526572
2011-12-08,41.58159637451172,42.379581451416016,41.258087158203125,41.329978942871094,6432540
2011-12-09,41.775699615478516,42.09920883178711,41.50970458984375,41.66786575317383,5775710
2011-12-12,41.40187072753906,42.451473236083984,41.143062591552734,42.38677215576172,7219151
2011-12-13,42.41552734375,42.537742614746094,41.80445861816406,41.89791488647461,5791011
2011-12-14,41.84040451049805,42.17110061645508,41.042415618896484,41.243709564208984,6523790
2011-12-15,41.574405670166016,41.7397575378418,41.09273910522461,41.3371696472168,4258268
2011-12-16,41.68224334716797,41.80445861816406,41.32278823852539,41.48094940185547,6063369
2011-12-19,41.49532699584961,41.80445861816406,41.30122375488281,41.4090576171875,3463451
2011-12-20,41.775699615478516,42.135154724121094,41.631919860839844,41.933860778808594,5541605
2011-12-21,42.048885345458984,42.19985580444336,41.69662094116211,42.012939453125,5891581
2011-12-22,42.012939453125,42.077640533447266,41.8116455078125,41.976993560791016,3463729
2011-12-23,42.092018127441406,42.437095642089844,42.05607604980469,42.437095642089844,2671555
2011-12-27,42.429908752441406,42.76060485839844,42.25736999511719,42.631202697753906,3010124
2011-12-28,42.652767181396484,42.70309066772461,42.19985580444336,42.40114974975586,2511729
2011-12-29,42.50179672241211,42.983463287353516,42.49460983276367,42.832496643066406,2412272
2011-12-30,42.77498245239258,42.839683532714844,42.4227180480957,42.4227180480957,1733464
2012-01-03,42.854061126708984,43.06254577636719,42.048885345458984,42.10639953613281,4735660
2012-01-04,42.034507751464844,42.77498245239258,42.034507751464844,42.39396286010742,5013164
2012-01-05,42.329261779785156,42.77498245239258,41.98418426513672,42.71746826171875,5059623
2012-01-06,42.652767181396484,43.12005615234375,42.55931091308594,43.0265998840332,3761264
2012-01-09,42.99784469604492,43.055355072021484,42.64558029174805,42.86125183105469,3684620
2012-01-10,43.19913864135742,43.457942962646484,42.832496643066406,43.12724685668945,4825935
2012-01-11,42.969085693359375,44.31344223022461,42.969085693359375,43.79582977294922,8527386
2012-01-12,43.90366744995117,44.248741149902344,43.623294830322266,43.7526969909668,4792691
2012-01-13,43.623294830322266,44.08339309692383,43.572967529296875,44.01869201660156,5074646
2012-01-17,44.47160339355469,44.931705474853516,44.28468704223633,44.49317169189453,4190805
2012-01-18,44.450035095214844,45.29115676879883,44.428470611572266,45.046730041503906,5246852
2012-01-19,45.07548522949219,45.27677917480469,44.69446563720703,44.91013717651367,5009687
2012-01-20,45.18332290649414,45.60747528076172,44.852622985839844,44.917327880859375,5667212
2012-01-23,44.93889236450195,45.00359344482422,44.3565788269043,44.766353607177734,3847367
2012-01-24,44.5578727722168,44.831058502197266,44.0330696105957,44.766353607177734,4595029
2012-01-25,44.680084228515625,45.17613220214844,44.62257385253906,45.0395393371582,3474301
2012-01-26,45.21207809448242,45.29115676879883,44.70165252685547,44.917327880859375,2821087
2012-01-27,44.85981369018555,45.29834747314453,44.78792190551758,45.18332290649414,5375102
2012-01-30,44.917327880859375,45.88785171508789,44.59381866455078,45.78001403808594,4623545
2012-01-31,45.859092712402344,46.153846740722656,45.319915771484375,45.52839660644531,4825657
2012-02-01,45.83033752441406,46.30481719970703,45.60028839111328,46.139469146728516,4078273
2012-02-02,45.99568557739258,46.18260192871094,45.636234283447266,45.851905822753906,4827466
2012-02-03,46.376705169677734,46.54924392700195,45.86628341674805,45.89503860473633,5478593
2012-02-06,45.758445739746094,46.060386657714844,45.334293365478516,45.42774963378906,7820619
2012-02-07,46.6498908996582,47.29690933227539,46.362327575683594,46.62113571166992,17822327
2012-02-08,47.08123779296875,47.232208251953125,46.13227844238281,46.326385498046875,8743270
2012-02-09,46.39827346801758,46.779296875,46.33357238769531,46.664268493652344,8935506
2012-02-10,46.376705169677734,46.89432144165039,46.225738525390625,46.542057037353516,5253668
2012-02-13,46.743350982666016,46.7721061706543,46.340763092041016,46.427032470703125,4519081
2012-02-14,46.326385498046875,46.33357238769531,45.49245071411133,45.99568557739258,7967509
2012-02-15,46.161033630371094,46.33357238769531,45.557151794433594,45.80876922607422,5700179
2012-02-16,45.772823333740234,46.63551330566406,45.74406814575195,46.53486633300781,4179955
2012-02-17,46.67864990234375,47.07404708862305,46.53486633300781,46.90869903564453,7671087
2012-02-21,47.059669494628906,47.3759880065918,46.93745422363281,47.08842468261719,4580146
2012-02-22,46.966209411621094,47.44068908691406,46.80086135864258,47.3759880065918,5902569
2012-02-23,47.332855224609375,47.39755630493164,46.88713073730469,47.32566452026367,4167297
2012-02-24,47.29690933227539,47.34004211425781,46.95183181762695,47.117183685302734,3343408
2012-02-27,46.88713073730469,47.34004211425781,46.73616027832031,47.131561279296875,2437449
2012-02-28,47.12437057495117,47.44068908691406,47.0524787902832,47.419124603271484,2987312
2012-02-29,47.44068908691406,47.84327697753906,47.167503356933594,47.620418548583984,4175365
2012-03-01,47.61322784423828,47.91516876220703,47.44068908691406,47.60603713989258,3548858
2012-03-02,47.54133605957031,47.74263000488281,47.41193389892578,47.620418548583984,2891750
2012-03-05,47.62760543823242,47.89360046386719,47.4550666809082,47.70668411254883,2313789
2012-03-06,47.232208251953125,47.54133605957031,46.78648376464844,47.07404708862305,4458016
2012-03-07,47.08842468261719,47.90079116821289,46.9805908203125,47.81452178955078,4118473
2012-03-08,47.42631149291992,48.34651184082031,47.318477630615234,48.15959548950195,4960028
2012-03-09,48.569374084472656,48.5837516784668,48.224300384521484,48.4615364074707,2906077
2012-03-12,48.5837516784668,48.770668029785156,48.037384033203125,48.11646270751953,2658340
2012-03-13,48.47591781616211,49.3961181640625,48.3896484375,49.33860397338867,4012757
2012-03-14,49.460819244384766,49.85622024536133,49.029476165771484,49.345794677734375,4755829
2012-03-15,49.62616729736328,49.62616729736328,48.914451599121094,49.331417083740234,2787147
2012-03-16,49.36736297607422,49.561466217041016,48.96477508544922,49.173255920410156,3622164
2012-03-19,49.26671600341797,49.662113189697266,48.88569259643555,49.647735595703125,2836945
2012-03-20,49.446441650390625,50.61825942993164,49.43925094604492,50.47447967529297,5240175
2012-03-21,50.37383270263672,50.47447967529297,50.05751419067383,50.265995025634766,3046290
2012-03-22,50.165348052978516,51.128684997558594,50.165348052978516,50.841121673583984,4900076
2012-03-23,50.90582275390625,50.91301345825195,50.050323486328125,50.783607482910156,3805637
2012-03-26,50.884254455566406,51.38030242919922,50.81955337524414,51.358734130859375,3282621
2012-03-27,51.473758697509766,51.6103515625,50.73328399658203,50.769229888916016,5121940
2012-03-28,50.77642059326172,51.06398391723633,50.352264404296875,50.6110725402832,4316829
2012-03-29,50.323509216308594,50.61825942993164,50.11502456665039,50.53199005126953,2762943
2012-03-30,50.89863586425781,51.344356536865234,50.5966911315918,51.171817779541016,4890756
2012-04-02,51.11430740356445,51.128684997558594,50.24442672729492,50.323509216308594,5858057
2012-04-03,50.34507369995117,51.056793212890625,50.27318572998047,50.83393096923828,5702126
2012-04-04,50.452911376953125,50.740474700927734,50.18691635131836,50.366641998291016,3190398
2012-04-05,50.31631851196289,50.841121673583984,50.15816116333008,50.8123664855957,3194988
2012-04-09,50.08626937866211,50.47447967529297,50.08626937866211,50.323509216308594,2549564
2012-04-10,50.14377975463867,50.43134307861328,49.1876335144043,49.230770111083984,4454260
2012-04-11,49.45362854003906,50.67577362060547,49.35298156738281,50.402587890625,5024431
2012-04-12,50.50323486328125,51.028038024902344,50.23004913330078,50.94895935058594,3203056
2012-04-13,50.884254455566406,52.983463287353516,50.841121673583984,52.379581451416016,8544078
2012-04-16,52.552120208740234,52.67433547973633,51.531272888183594,51.9410514831543,7777498
2012-04-17,52.78936004638672,52.9475212097168,52.04169845581055,52.6168212890625,6156844
2012-04-18,52.27174758911133,52.67433547973633,52.19985580444336,52.437095642089844,7295100
2012-04-19,51.358734130859375,52.29331588745117,51.028038024902344,51.3371696472168,11043705
2012-04-20,51.92667007446289,53.51545715332031,51.6175422668457,53.1488151550293,11210208
2012-04-23,52.86125183105469,53.084110260009766,52.336448669433594,53.040977478027344,5733563
2012-04-24,52.8253059387207,53.09130096435547,51.8188362121582,51.933860778808594,6111219
2012-04-25,52.25736999511719,52.51617431640625,51.876346588134766,52.30050277709961,5858336
2012-04-26,52.329261779785156,52.68871307373047,52.0201301574707,52.40114974975586,3901755
2012-04-27,52.44428634643555,52.86125183105469,52.034507751464844,52.71028137207031,3353423
2012-04-30,52.566497802734375,52.67433547973633,52.07045364379883,52.28612518310547,2856140
2012-05-01,52.49460983276367,53.436378479003906,52.39396286010742,52.87562942504883,3226842
2012-05-02,52.70309066772461,53.24946212768555,52.57368850708008,52.97627639770508,3447733
2012-05-03,53.19913864135742,53.271026611328125,51.387489318847656,51.761322021484375,7968344
2012-05-04,51.55284118652344,51.71818923950195,50.89144515991211,51.15025329589844,4121255
2012-05-07,51.12149429321289,52.25736999511719,50.927391052246094,52.034507751464844,4669448
2012-05-08,51.71099853515625,51.79726791381836,50.90582275390625,51.62472915649414,5685852
2012-05-09,51.03522491455078,51.11430740356445,50.50323486328125,50.639827728271484,5331842
2012-05-10,51.0136604309082,51.65348815917969,50.87706756591797,51.30122375488281,3853348
2012-05-11,51.11430740356445,52.02731704711914,51.09273910522461,51.545650482177734,3540512
2012-05-14,51.11430740356445,51.31560134887695,50.10783767700195,50.18691635131836,4735660
2012-05-15,50.179725646972656,51.09992980957031,50.079078674316406,50.150970458984375,4647331
2012-05-16,50.222862243652344,50.77642059326172,50.1941032409668,50.424156188964844,3745407
2012-05-17,50.35945510864258,50.46010208129883,48.82099151611328,48.90007019042969,6007312
2012-05-18,48.95039367675781,49.144500732421875,48.33213424682617,48.47591781616211,6533249
2012-05-21,48.64845275878906,49.72681427001953,48.34651184082031,49.68368148803711,4025276
2012-05-22,50.0071907043457,51.329978942871094,49.7987060546875,50.668582916259766,6156705
2012-05-23,50.23004913330078,50.93457794189453,49.935298919677734,50.81955337524414,3703120
2012-05-24,51.06398391723633,51.30122375488281,49.978431701660156,50.67577362060547,6037496
2012-05-25,50.337886810302734,50.97771453857422,50.337886810302734,50.6110725402832,2662513
2012-05-29,50.869876861572266,51.675052642822266,50.855499267578125,51.39468002319336,3500312
2012-05-30,50.96333694458008,50.984901428222656,50.438533782958984,50.567935943603516,3866841
2012-05-31,50.56074905395508,51.0136604309082,50.0071907043457,50.582313537597656,4448001
2012-06-01,48.69877624511719,49.19482421875,46.26887130737305,46.513301849365234,18596001
2012-06-04,45.80876922607422,46.26887130737305,45.12580871582031,46.175411224365234,8954423
2012-06-05,45.88785171508789,46.513301849365234,45.81595993041992,46.29762649536133,4380259
2012-06-06,46.843997955322266,48.67721176147461,46.779296875,47.9798698425293,8097428
2012-06-07,48.73472213745117,49.273902893066406,47.864845275878906,48.00143814086914,4708535
2012-06-08,46.6498908996582,46.657081604003906,44.8382453918457,46.43421936035156,15942947
2012-06-11,46.915889739990234,46.9734001159668,45.57872009277344,45.61466598510742,7750374
2012-06-12,45.60028839111328,46.10352325439453,45.34148025512695,45.650611877441406,6142795
2012-06-13,45.672176361083984,46.28324890136719,44.931705474853516,45.19050979614258,4663328
2012-06-14,45.348670959472656,46.54924392700195,45.30553436279297,46.312007904052734,5460649
2012-06-15,46.68583679199219,46.79367446899414,46.254493713378906,46.72178268432617,4794499
2012-06-18,46.462974548339844,47.39755630493164,46.39827346801758,47.30409622192383,4391248
2012-06-19,47.59885025024414,48.511863708496094,47.35441970825195,48.34651184082031,6886702
2012-06-20,48.3896484375,48.5909423828125,46.98777770996094,47.61322784423828,6600295
2012-06-21,47.79295349121094,47.850467681884766,46.68583679199219,46.73616027832031,4170914
2012-06-22,47.519771575927734,47.9798698425293,47.20344924926758,47.52695846557617,4946396
2012-06-25,46.930267333984375,47.167503356933594,46.48454284667969,46.944644927978516,4073265
2012-06-26,47.10999298095703,47.32566452026367,46.72178268432617,47.059669494628906,3370671
2012-06-27,46.95183181762695,47.181884765625,46.11790084838867,46.462974548339844,3665841
2012-06-28,46.0460090637207,46.261680603027344,45.168941497802734,45.93098449707031,5853467
2012-06-29,45.52839660644531,46.362327575683594,44.248741149902344,46.312007904052734,12182239
2012-07-02,46.20417022705078,46.52048873901367,45.52839660644531,45.974117279052734,4452591
2012-07-03,45.66498947143555,45.78001403808594,44.62257385253906,45.42774963378906,4954464
2012-07-05,45.29115676879883,46.8511848449707,45.29115676879883,46.54924392700195,6472601
2012-07-06,46.3695182800293,47.066856384277344,46.10352325439453,46.67145919799805,5521575
2012-07-09,46.728973388671875,46.728973388671875,45.434940338134766,45.62904357910156,6886424
2012-07-10,45.98130798339844,46.2473030090332,45.154563903808594,45.32710266113281,6173258
2012-07-11,45.269588470458984,45.38461685180664,44.39971160888672,44.53630447387695,8076702
2012-07-12,44.19123077392578,45.58591079711914,43.88928985595703,45.39180374145508,10928809
2012-07-13,45.370235443115234,46.613948822021484,45.147377014160156,46.527679443359375,6405694
2012-07-16,46.29043960571289,46.613948822021484,45.89503860473633,46.038822174072266,5270221
2012-07-17,46.21135711669922,47.232208251953125,45.88785171508789,46.30481719970703,7605710
2012-07-18,46.33357238769531,47.31128692626953,46.06757736206055,47.12437057495117,9428059
2012-07-19,45.60028839111328,48.526241302490234,45.59309768676758,47.347232818603516,17430899
2012-07-20,47.059669494628906,47.12437057495117,45.79439163208008,46.69302749633789,12726537
2012-07-23,45.83033752441406,46.125091552734375,45.334293365478516,45.37742614746094,6888232
2012-07-24,45.549964904785156,45.549964904785156,44.766353607177734,45.118621826171875,4441880
2012-07-25,45.18332290649414,45.99568557739258,45.18332290649414,45.657798767089844,4640654
2012-07-26,46.254493713378906,47.066856384277344,46.254493713378906,46.80805206298828,5262709
2012-07-27,46.83680725097656,48.15959548950195,46.757728576660156,47.97268295288086,5778214
2012-07-30,48.00143814086914,48.15959548950195,47.47663497924805,47.735443115234375,4503780
2012-07-31,47.620418548583984,47.620418548583984,46.54924392700195,46.613948822021484,7738550
2012-08-01,46.858375549316406,47.016536712646484,46.34794998168945,46.412654876708984,5267578
2012-08-02,46.254493713378906,47.246585845947266,46.125091552734375,47.20344924926758,5717149
2012-08-03,48.08770751953125,49.360172271728516,47.821712493896484,48.54780578613281,6562321
2012-08-06,48.56218338012695,48.88569259643555,48.353702545166016,48.39683532714844,3326298
2012-08-07,48.64845275878906,49.00790786743164,48.238677978515625,48.24586486816406,3875187
2012-08-08,47.72825241088867,48.051761627197266,47.447879791259766,47.864845275878906,4456347
2012-08-09,47.89360046386719,48.109275817871094,47.771385192871094,47.88641357421875,3469571
2012-08-10,47.749820709228516,48.051761627197266,47.634796142578125,48.04457092285156,2230886
2012-08-13,48.01581573486328,48.224300384521484,47.89360046386719,48.14521789550781,2703409
2012-08-14,48.24586486816406,48.324947357177734,47.0524787902832,47.62760543823242,7410692
2012-08-15,47.649173736572266,47.721065521240234,47.13874816894531,47.3759880065918,5781552
2012-08-16,47.62760543823242,47.97268295288086,47.30409622192383,47.54133605957031,4012200
2012-08-17,47.735443115234375,48.00143814086914,47.42631149291992,47.519771575927734,5007878
2012-08-20,47.620418548583984,47.69230651855469,46.80086135864258,46.858375549316406,3985771
2012-08-21,46.779296875,47.31128692626953,46.779296875,47.160316467285156,5636332
2012-08-22,47.016536712646484,47.30409622192383,46.87275314331055,46.93745422363281,3478752
2012-08-23,46.90150833129883,47.00215530395508,46.225738525390625,46.49173355102539,3998847
2012-08-24,46.175411224365234,46.18260192871094,45.219268798828125,46.03163146972656,5738710
2012-08-27,46.1682243347168,46.39827346801758,45.61466598510742,45.952552795410156,4579172
2012-08-28,45.90222930908203,46.175411224365234,45.60028839111328,45.851905822753906,3109302
2012-08-29,45.837528228759766,46.26887130737305,45.823150634765625,45.938175201416016,2485439
2012-08-30,45.79439163208008,45.99568557739258,45.51401901245117,45.549964904785156,2706051
2012-08-31,45.923797607421875,46.01006317138672,45.47807312011719,45.80876922607422,3379852
2012-09-04,45.636234283447266,45.78720474243164,45.11143112182617,45.27677917480469,3557900
2012-09-05,45.2408332824707,45.74406814575195,45.147377014160156,45.535587310791016,3491688
2012-09-06,45.851905822753906,46.764915466308594,45.751258850097656,46.06757736206055,5419336
2012-09-07,46.2473030090332,47.268150329589844,46.11790084838867,47.268150329589844,5404452
2012-09-10,47.28253173828125,47.91516876220703,47.217830657958984,47.54133605957031,5389986
2012-09-11,47.936737060546875,48.86412811279297,47.764198303222656,48.0589485168457,6588472
2012-09-12,48.11646270751953,48.33213424682617,47.27534103393555,48.01581573486328,5481096
2012-09-13,48.0589485168457,48.49748229980469,47.49101257324219,48.31775665283203,3167168
2012-09-14,48.468727111816406,48.6628303527832,47.67792892456055,47.850467681884766,6307490
2012-09-17,47.87922286987305,48.023006439208984,47.62760543823242,47.836090087890625,6524346
2012-09-18,47.836090087890625,48.07332992553711,47.68511962890625,48.03019332885742,3980903
2012-09-19,47.907981872558594,48.90726089477539,47.907981872558594,48.76348114013672,4287340
2012-09-20,48.74909973144531,49.02228546142578,48.454349517822266,49.02228546142578,3969219
2012-09-21,49.547088623046875,49.75557327270508,49.23795700073242,49.259525299072266,5162836
2012-09-24,48.84974670410156,49.18044662475586,48.70596694946289,49.058231353759766,2488916
2012-09-25,49.36736297607422,49.518333435058594,47.965492248535156,47.965492248535156,4460520
2012-09-26,48.023006439208984,48.20273208618164,47.433502197265625,47.836090087890625,3522290
2012-09-27,48.17397689819336,48.97915267944336,47.987060546875,48.61969757080078,4791578
2012-09-28,47.217830657958984,48.04457092285156,46.39108657836914,47.69230651855469,6404999
2012-10-01,48.023006439208984,48.77785873413086,47.9798698425293,48.468727111816406,4950152
2012-10-02,48.51905059814453,48.88569259643555,47.31128692626953,47.771385192871094,5273281
2012-10-03,47.951114654541016,48.152408599853516,47.4550666809082,47.749820709228516,2771428
2012-10-04,47.99424743652344,48.09489440917969,47.54133605957031,47.7857666015625,3046986
2012-10-05,48.08770751953125,48.27462387084961,47.1746940612793,47.447879791259766,5181058
2012-10-08,47.52695846557617,48.238677978515625,47.39036560058594,48.123653411865234,4638568
2012-10-09,48.023006439208984,49.09417724609375,47.44068908691406,47.47663497924805,7953599
2012-10-10,50.452911376953125,51.761322021484375,49.71243667602539,51.03522491455078,26332465
2012-10-11,51.229331970214844,51.43781661987305,49.76995086669922,50.27318572998047,9758978
2012-10-12,50.122215270996094,50.25880813598633,49.66930389404297,49.92810821533203,4075491
2012-10-15,50.12940216064453,51.16463088989258,50.05751419067383,50.91301345825195,5657475
2012-10-16,51.09273910522461,51.445003509521484,50.337886810302734,51.0064697265625,4725783
2012-10-17,51.258087158203125,51.761322021484375,51.0064697265625,51.29403305053711,3753335
2012-10-18,51.29403305053711,51.86915969848633,51.25090026855469,51.82602310180664,4859041
2012-10-19,51.358734130859375,51.531272888183594,50.17253875732422,50.38821029663086,6241278
2012-10-22,50.46010208129883,50.855499267578125,50.09345626831055,50.46010208129883,2884517
2012-10-23,50.09345626831055,50.481666564941406,49.6046028137207,50.33069610595703,4300555
2012-10-24,50.61825942993164,50.83393096923828,50.09345626831055,50.27318572998047,3836378
2012-10-25,50.51761245727539,50.941768646240234,50.2084846496582,50.46010208129883,3507963
2012-10-26,50.27318572998047,50.366641998291016,49.91373062133789,50.251617431640625,2984251
2012-10-31,50.783607482910156,50.8123664855957,50.021568298339844,50.402587890625,2962830
2012-11-01,50.381019592285156,52.69590377807617,50.31631851196289,52.350826263427734,6646337
2012-11-02,52.67433547973633,53.09849166870117,51.8188362121582,51.847591400146484,4244358
2012-11-05,51.675052642822266,52.11358642578125,51.49532699584961,51.96980667114258,3054914
2012-11-06,52.17110061645508,52.70309066772461,52.135154724121094,52.58806610107422,3506850
2012-11-07,52.063262939453125,52.480228424072266,51.445003509521484,51.675052642822266,3606168
2012-11-08,51.3371696472168,51.58159637451172,50.826744079589844,51.143062591552734,4235178
2012-11-09,51.09273910522461,52.30050277709961,50.625450134277344,51.7397575378418,4378173
2012-11-12,51.876346588134766,52.437095642089844,51.430625915527344,52.30769348144531,4124871
2012-11-13,52.077640533447266,52.954708099365234,51.78289031982422,52.264556884765625,3621329
2012-11-14,52.429908752441406,52.667144775390625,51.071170806884766,51.26527786254883,5248521
2012-11-15,51.157440185546875,51.78289031982422,50.941768646240234,51.12149429321289,3212236
2012-11-16,51.143062591552734,51.86915969848633,50.726097106933594,51.68224334716797,4872256
2012-11-19,52.350826263427734,52.72465896606445,52.135154724121094,52.71028137207031,2708138
2012-11-20,52.40114974975586,52.40114974975586,51.4090576171875,52.04169845581055,4380537
2012-11-21,52.31488037109375,53.12005615234375,52.19985580444336,52.86125183105469,3802994
2012-11-23,53.19913864135742,53.45075607299805,52.92595291137695,53.19913864135742,2693532
2012-11-26,53.04816818237305,53.09130096435547,52.52336502075195,52.933143615722656,3598934
2012-11-27,53.00503158569336,53.51545715332031,52.882816314697266,53.055355072021484,2643317
2012-11-28,52.969085693359375,53.31416320800781,52.50898742675781,53.12005615234375,3556231
2012-11-29,53.19194793701172,53.738319396972656,52.7462272644043,53.537025451660156,4188440
2012-11-30,48.526241302490234,49.029476165771484,47.97268295288086,48.224300384521484,26020742
2012-12-03,48.253055572509766,48.70596694946289,47.907981872558594,48.01581573486328,8555067
2012-12-04,47.907981872558594,48.051761627197266,46.9805908203125,47.368797302246094,8179358
2012-12-05,47.61322784423828,47.7857666015625,47.03810119628906,47.3759880065918,5208739
2012-12-06,47.4550666809082,48.95039367675781,47.10999298095703,48.109275817871094,6785159
2012-12-07,48.310569763183594,48.60531997680664,47.48382568359375,47.663551330566406,5450494
2012-12-10,47.87203598022461,48.066139221191406,47.27534103393555,47.62760543823242,5686130
2012-12-11,47.7785758972168,48.792236328125,47.649173736572266,48.540618896484375,5924547
2012-12-12,49.02228546142578,49.06542205810547,48.526241302490234,48.626888275146484,5008435
2012-12-13,49.48957443237305,49.532711029052734,48.612510681152344,48.741912841796875,5936371
2012-12-14,48.792236328125,49.20920181274414,48.713157653808594,48.813804626464844,5264796
2012-12-17,48.96477508544922,49.66930389404297,48.741912841796875,49.65492630004883,5113038
2012-12-18,49.849029541015625,50.57512664794922,49.532711029052734,49.64054489135742,7314156
2012-12-19,49.48957443237305,49.51114273071289,48.27462387084961,48.28181076049805,10916707
2012-12-20,48.2602424621582,48.28181076049805,47.32566452026367,47.80014419555664,8414994
2012-12-21,47.12437057495117,47.160316467285156,45.34148025512695,45.923797607421875,16681846
2012-12-24,46.53486633300781,46.90150833129883,46.30481719970703,46.73616027832031,3749580
2012-12-26,46.73616027832031,46.9805908203125,46.4485969543457,46.757728576660156,4033205
2012-12-27,46.930267333984375,47.30409622192383,46.542057037353516,47.059669494628906,4668196
2012-12-28,46.7721061706543,46.93745422363281,46.513301849365234,46.527679443359375,3900642
2012-12-31,46.527679443359375,47.7857666015625,46.412654876708984,47.735443115234375,4644132
2013-01-02,48.526241302490234,48.526241302490234,47.67792892456055,48.28181076049805,6091328
2013-01-03,48.2602424621582,48.92163848876953,48.123653411865234,48.5837516784668,3654574
2013-01-04,48.48310470581055,49.20920181274414,48.0589485168457,49.115745544433594,3782685
2013-01-07,48.87850570678711,49.09417724609375,47.95830154418945,48.80661392211914,5289417
2013-01-08,46.29762649536133,47.03810119628906,46.29762649536133,46.757728576660156,17253686
2013-01-09,46.7721061706543,47.00215530395508,46.074764251708984,46.59956741333008,10365454
2013-01-10,46.944644927978516,47.821712493896484,46.915889739990234,47.62760543823242,6913966
2013-01-11,47.52695846557617,48.138031005859375,47.117183685302734,48.07332992553711,5537571
2013-01-14,48.13084030151367,48.29618835449219,47.48382568359375,47.55571365356445,4844158
2013-01-15,47.462257385253906,47.836090087890625,47.361610412597656,47.71387481689453,3728576
2013-01-16,47.39755630493164,47.62760543823242,47.347232818603516,47.41193389892578,4214869
2013-01-17,47.58447265625,47.620418548583984,46.764915466308594,47.016536712646484,7904079
2013-01-18,47.016536712646484,47.07404708862305,46.657081604003906,46.83680725097656,6259917
2013-01-22,46.67145919799805,47.31128692626953,46.477352142333984,46.93745422363281,5746777
2013-01-23,47.016536712646484,47.54133605957031,46.944644927978516,47.519771575927734,6692518
2013-01-24,47.62760543823242,48.03019332885742,47.562904357910156,47.72825241088867,5359801
2013-01-25,47.232208251953125,47.2537727355957,46.01006317138672,46.462974548339844,11695250
2013-01-28,46.376705169677734,46.63551330566406,45.48526382446289,46.43421936035156,10559498
2013-01-29,46.18979263305664,46.75053787231445,46.01006317138672,46.18260192871094,6792392
2013-01-30,45.923797607421875,46.41984176635742,45.420562744140625,46.18260192871094,16011662
2013-01-31,46.161033630371094,47.016536712646484,46.024444580078125,46.68583679199219,7135135
2013-02-01,46.88713073730469,47.462257385253906,46.58518981933594,47.39755630493164,6524764
2013-02-04,47.3759880065918,47.4550666809082,45.938175201416016,45.9669303894043,14607865
2013-02-05,42.9475212097168,45.017974853515625,42.90438461303711,44.629764556884766,40539582
2013-02-06,44.076202392578125,45.4421272277832,43.93242263793945,45.2408332824707,12602738
2013-02-07,45.319915771484375,45.974117279052734,45.29115676879883,45.70093536376953,9520143
2013-02-08,45.79439163208008,47.08123779296875,45.7656364440918,46.944644927978516,10001429
2013-02-11,46.843997955322266,46.865562438964844,46.355140686035156,46.40546417236328,7445467
2013-02-12,46.427032470703125,46.7721061706543,46.053199768066406,46.54924392700195,6863750
2013-02-13,46.563621520996094,46.664268493652344,45.974117279052734,46.30481719970703,5564000
2013-02-14,46.20417022705078,46.39827346801758,45.8447151184082,45.93098449707031,5493894
2013-02-15,45.88066101074219,46.3695182800293,45.61466598510742,46.00287628173828,6028872
2013-02-19,46.153846740722656,46.858375549316406,45.959739685058594,46.83680725097656,5962939
2013-02-20,46.8511848449707,47.059669494628906,46.38389587402344,46.412654876708984,5985334
2013-02-21,46.20417022705078,47.016536712646484,46.18979263305664,46.764915466308594,6241973
2013-02-22,46.87994384765625,47.160316467285156,46.527679443359375,47.0524787902832,3587528
2013-02-25,47.1746940612793,47.72825241088867,46.53486633300781,46.53486633300781,6103708
2013-02-26,46.83680725097656,47.07404708862305,46.23292541503906,46.63551330566406,5227795
2013-02-27,46.62113571166992,47.19626235961914,46.556434631347656,47.00215530395508,2760579
2013-02-28,47.181884765625,47.79295349121094,47.03810119628906,47.07404708862305,4684053
2013-03-01,46.6498908996582,47.1746940612793,46.261680603027344,46.87994384765625,4283863
2013-03-04,46.80805206298828,47.07404708862305,46.69302749633789,47.066856384277344,2988703
2013-03-05,47.15312576293945,48.04457092285156,47.12437057495117,47.663551330566406,4375808
2013-03-06,47.70668411254883,48.88569259643555,47.663551330566406,48.10208511352539,5930668
2013-03-07,48.037384033203125,48.3896484375,47.90079116821289,48.34651184082031,4922332
2013-03-08,48.67721176147461,49.15168762207031,48.64845275878906,48.68439865112305,6399156
2013-03-11,48.727535247802734,48.86412811279297,48.39683532714844,48.770668029785156,6491797
2013-03-12,51.32278823852539,51.40187072753906,49.28109359741211,49.41049575805664,13152879
2013-03-13,49.32422637939453,50.05751419067383,49.28109359741211,49.85622024536133,8306913
2013-03-14,49.935298919677734,50.25880813598633,49.78432846069336,50.21567153930664,3717030
2013-03-15,49.98562240600586,50.467288970947266,49.777137756347656,50.467288970947266,4865023
2013-03-18,49.82746124267578,50.05751419067383,49.42487335205078,49.68368148803711,4433117
2013-03-19,49.7987060546875,49.9928092956543,49.216392517089844,49.48957443237305,3325464
2013-03-20,49.734004974365234,50.11502456665039,49.56865692138672,49.92810821533203,2293898
2013-03-21,49.647735595703125,50.251617431640625,49.647735595703125,49.935298919677734,2544835
2013-03-22,49.863407135009766,50.251617431640625,49.820274353027344,50.10064697265625,2492533
2013-03-25,50.71171951293945,51.028038024902344,50.53199005126953,50.826744079589844,5041680
2013-03-26,50.90582275390625,51.243709564208984,50.754852294921875,51.12149429321289,4114578
2013-03-27,50.769229888916016,51.32278823852539,50.76204299926758,51.272464752197266,2687829
2013-03-28,51.272464752197266,51.91229248046875,50.970523834228516,51.71818923950195,4555803
2013-04-01,51.71099853515625,51.991371154785156,51.056793212890625,51.16463088989258,2207517
2013-04-02,50.91301345825195,50.984901428222656,49.91373062133789,50.43134307861328,7834668
2013-04-03,50.27318572998047,50.30194091796875,48.238677978515625,48.554996490478516,12093076
2013-04-04,48.60531997680664,49.08698654174805,48.39683532714844,48.69158935546875,4674456
2013-04-05,47.807334899902344,48.209922790527344,46.930267333984375,48.14521789550781,10587318
2013-04-08,47.562904357910156,48.43278121948242,47.519771575927734,48.40402603149414,5473168
2013-04-09,48.39683532714844,48.56218338012695,47.92954635620117,48.01581573486328,8234581
2013-04-10,48.008628845214844,48.670021057128906,47.9798698425293,47.99424743652344,7672617
2013-04-11,47.39036560058594,48.59812927246094,47.39036560058594,48.33213424682617,9604299
2013-04-12,48.238677978515625,48.792236328125,48.13084030151367,48.741912841796875,5412937
2013-04-15,48.19554138183594,48.34651184082031,47.40474319458008,47.49101257324219,6144047
2013-04-16,47.663551330566406,48.07332992553711,47.462257385253906,47.91516876220703,6119009
2013-04-17,47.64198303222656,47.965492248535156,47.318477630615234,47.61322784423828,5119576
2013-04-18,47.69230651855469,47.749820709228516,46.63551330566406,46.728973388671875,6351445
2013-04-19,46.930267333984375,46.966209411621094,46.542057037353516,46.757728576660156,6748715
2013-04-22,46.757728576660156,47.03810119628906,46.41984176635742,46.915889739990234,4358003
2013-04-23,46.29043960571289,46.47016525268555,45.40618133544922,46.11790084838867,11758958
2013-04-24,49.173255920410156,50.165348052978516,48.713157653808594,49.35298156738281,14324518
2013-04-25,49.70524978637695,49.70524978637695,48.19554138183594,48.310569763183594,6597930
2013-04-26,48.15959548950195,48.310569763183594,47.89360046386719,48.066139221191406,3967688
2013-04-29,48.27462387084961,48.6628303527832,47.965492248535156,48.59812927246094,3843194
2013-04-30,48.526241302490234,49.043853759765625,48.152408599853516,48.971961975097656,4586405
2013-05-01,48.73472213745117,49.03666305541992,48.53342819213867,48.59812927246094,2905938
2013-05-02,48.61969757080078,49.158878326416016,48.34651184082031,48.943206787109375,3989110
2013-05-03,49.245147705078125,49.64054489135742,49.23795700073242,49.53989791870117,3839160
2013-05-06,48.88569259643555,49.417686462402344,48.84974670410156,49.158878326416016,3277196
2013-05-07,49.33860397338867,49.43925094604492,49.00071716308594,49.331417083740234,2546504
2013-05-08,49.3889274597168,50.09345626831055,49.20920181274414,50.021568298339844,4374278
2013-05-09,49.84183883666992,49.95686721801758,49.48238754272461,49.65492630004883,3071328
2013-05-10,49.82746124267578,50.582313537597656,49.7987060546875,50.582313537597656,4571243
2013-05-13,49.8058967590332,50.37383270263672,49.19482421875,49.547088623046875,6619769
2013-05-14,49.734004974365234,50.481666564941406,49.6046028137207,50.43134307861328,3810088
2013-05-15,50.251617431640625,50.754852294921875,50.18691635131836,50.265995025634766,4646636
2013-05-16,50.265995025634766,50.41696548461914,49.84183883666992,50.05751419067383,3872266
2013-05-17,50.122215270996094,50.53199005126953,49.76995086669922,50.438533782958984,3929575
2013-05-20,50.3953971862793,50.73328399658203,50.09345626831055,50.654205322265625,3700199
2013-05-21,50.51042556762695,50.783607482910156,50.323509216308594,50.452911376953125,3627728
2013-05-22,50.35945510864258,50.99209213256836,49.97124481201172,50.2012939453125,3034188
2013-05-23,49.561466217041016,49.87059783935547,49.360172271728516,49.820274353027344,3330610
2013-05-24,49.69805908203125,49.78432846069336,49.28109359741211,49.75557327270508,2517432
2013-05-28,50.222862243652344,50.61825942993164,50.035945892333984,50.34507369995117,2623982
2013-05-29,50.12940216064453,50.38821029663086,49.81308364868164,49.9928092956543,2978687
2013-05-30,49.964054107666016,49.978431701660156,49.28828048706055,49.317039489746094,2802865
2013-05-31,49.245147705078125,49.662113189697266,48.70596694946289,48.70596694946289,3412540
2013-06-03,48.73472213745117,49.61178970336914,48.73472213745117,49.61178970336914,4069927
2013-06-04,49.633358001708984,50.402587890625,49.25233459472656,49.50395584106445,3617156
2013-06-05,49.32422637939453,49.69086837768555,48.741912841796875,48.90726089477539,2813993
2013-06-06,49.10136413574219,51.22214126586914,49.09417724609375,51.128684997558594,10332070
2013-06-07,51.933860778808594,52.940330505371094,51.847591400146484,52.854061126708984,7818255
2013-06-10,52.767791748046875,53.12005615234375,51.90510559082031,52.09920883178711,5529364
2013-06-11,51.660675048828125,52.52336502075195,51.5384635925293,51.588783264160156,4803958
2013-06-12,51.646297454833984,52.24299240112305,51.344356536865234,51.545650482177734,4801732
2013-06-13,51.42343521118164,51.65348815917969,51.07836151123047,51.48094940185547,4023607
2013-06-14,51.473758697509766,51.574405670166016,51.0136604309082,51.12149429321289,2488082
2013-06-17,51.430625915527344,51.933860778808594,51.0136604309082,51.473758697509766,2644152
2013-06-18,51.59597396850586,52.20704650878906,51.59597396850586,51.91948318481445,2421731
2013-06-19,51.90510559082031,52.2214241027832,51.27965545654297,51.4090576171875,2546782
2013-06-20,50.90582275390625,51.042415618896484,49.76995086669922,49.88497543334961,4347431
2013-06-21,50.122215270996094,50.323509216308594,49.475196838378906,49.5902214050293,6585272
2013-06-24,48.928829193115234,49.28828048706055,48.209922790527344,48.957584381103516,4572217
2013-06-25,49.51114273071289,49.68368148803711,49.115745544433594,49.130123138427734,3136149
2013-06-26,49.575843811035156,49.90654373168945,49.25233459472656,49.762760162353516,2978966
2013-06-27,50.18691635131836,50.31631851196289,49.719627380371094,50.035945892333984,2542470
2013-06-28,50.050323486328125,50.24442672729492,49.532711029052734,49.849029541015625,4260216
2013-07-01,50.035945892333984,50.67577362060547,49.7915153503418,50.481666564941406,3013045
2013-07-02,50.452911376953125,50.94895935058594,50.237239837646484,50.3953971862793,3218635
2013-07-03,50.27318572998047,51.22214126586914,50.064701080322266,51.128684997558594,2560414
2013-07-05,51.473758697509766,51.56721878051758,50.855499267578125,51.51689529418945,2127256
2013-07-08,52.10639953613281,52.52336502075195,51.90510559082031,52.11358642578125,3477917
2013-07-09,52.70309066772461,52.81092834472656,52.235801696777344,52.480228424072266,3604916
2013-07-10,52.228614807128906,52.28612518310547,51.660675048828125,52.0201301574707,3679195
2013-07-11,50.984901428222656,52.29331588745117,50.5966911315918,51.42343521118164,9153893
2013-07-12,51.39468002319336,51.775699615478516,50.64701843261719,50.783607482910156,8187704
2013-07-15,50.93457794189453,51.84040451049805,50.89144515991211,51.588783264160156,4633004
2013-07-16,51.79726791381836,51.98418426513672,50.97771453857422,51.45219421386719,4121394
2013-07-17,51.761322021484375,51.761322021484375,51.10711669921875,51.329978942871094,2357328
2013-07-18,51.30841064453125,52.034507751464844,51.243709564208984,51.90510559082031,3812453
2013-07-19,51.976993560791016,51.99856185913086,51.430625915527344,51.8188362121582,2811767
2013-07-22,51.4162483215332,51.75413513183594,51.258087158203125,51.38030242919922,2391129
2013-07-23,51.35154724121094,51.45219421386719,50.34507369995117,50.63263702392578,4410722
2013-07-24,50.783607482910156,51.40187072753906,50.61825942993164,51.36592483520508,4464693
2013-07-25,51.50251770019531,51.84040451049805,51.30841064453125,51.833213806152344,2850020
2013-07-26,51.761322021484375,53.21351623535156,51.59597396850586,53.19913864135742,5451051
2013-07-29,52.91876220703125,53.033790588378906,52.49460983276367,52.854061126708984,2477093
2013-07-30,53.055355072021484,53.184757232666016,52.336448669433594,52.51617431640625,2303496
2013-07-31,52.71746826171875,52.87562942504883,52.31488037109375,52.4227180480957,2157858
2013-08-01,52.839683532714844,53.29259490966797,52.731849670410156,53.12724685668945,2290142
2013-08-02,53.12724685668945,53.50107955932617,52.80373764038086,53.47951126098633,2973123
2013-08-05,53.558589935302734,53.80302047729492,52.99784469604492,53.78864288330078,3597126
2013-08-06,53.723941802978516,53.774261474609375,53.1488151550293,53.19913864135742,2614663
2013-08-07,53.436378479003906,53.673614501953125,53.084110260009766,53.11286926269531,2378888
2013-08-08,53.271026611328125,53.558589935302734,53.134437561035156,53.271026611328125,1822210
2013-08-09,53.141624450683594,53.88209915161133,53.055355072021484,53.486698150634766,2532455
2013-08-12,53.386051177978516,54.01150131225586,53.32135009765625,53.537025451660156,4386797
2013-08-13,52.05607604980469,52.552120208740234,51.56721878051758,52.45866394042969,8134290
2013-08-14,52.034507751464844,52.71028137207031,51.962615966796875,52.52336502075195,3653322
2013-08-15,52.24299240112305,52.38677215576172,51.9410514831543,52.09920883178711,2856279
2013-08-16,51.9410514831543,52.192665100097656,51.761322021484375,51.876346588134766,2736236
2013-08-19,51.96980667114258,52.480228424072266,51.80445861816406,51.8188362121582,2207656
2013-08-20,51.991371154785156,52.50898742675781,51.948238372802734,52.2214241027832,2107504
2013-08-21,52.17110061645508,52.41552734375,51.8188362121582,51.91229248046875,2797718
2013-08-22,52.07045364379883,52.480228424072266,52.0201301574707,52.30050277709961,1539837
2013-08-23,52.365203857421875,52.4227180480957,51.70381164550781,52.17110061645508,2512981
2013-08-26,52.15672302246094,52.30050277709961,51.69662094116211,51.78289031982422,2091786
2013-08-27,51.373111724853516,51.70381164550781,51.229331970214844,51.30841064453125,2371377
2013-08-28,51.171817779541016,51.258087158203125,50.869876861572266,50.884254455566406,4123480
2013-08-29,50.81955337524414,51.272464752197266,50.6110725402832,50.71890640258789,3630510
2013-08-30,50.69733810424805,50.69733810424805,50.01437759399414,50.337886810302734,4298607
2013-09-03,50.855499267578125,50.99928283691406,50.07189178466797,50.323509216308594,3441195
2013-09-04,49.777137756347656,50.10064697265625,49.446441650390625,50.05751419067383,8021619
2013-09-05,50.24442672729492,50.91301345825195,50.136592864990234,50.2084846496582,3663059
2013-09-06,50.366641998291016,50.5966911315918,49.91373062133789,50.04313278198242,4798672
2013-09-09,50.424156188964844,51.55284118652344,50.424156188964844,51.387489318847656,4622989
2013-09-10,51.55284118652344,51.63911056518555,51.06398391723633,51.42343521118164,3970888
2013-09-11,51.48094940185547,51.91229248046875,51.272464752197266,51.91229248046875,2178306
2013-09-12,52.00575256347656,52.365203857421875,51.85478210449219,52.04169845581055,2497123
2013-09-13,52.12796401977539,52.264556884765625,51.82602310180664,52.1423454284668,2485717
2013-09-16,52.480228424072266,52.6240119934082,52.11358642578125,52.228614807128906,2805369
2013-09-17,52.17110061645508,52.638389587402344,52.092018127441406,52.29331588745117,3241447
2013-09-18,52.178287506103516,53.0265998840332,51.96980667114258,52.92595291137695,2825260
2013-09-19,52.954708099365234,52.954708099365234,52.25736999511719,52.28612518310547,3010820
2013-09-20,52.27174758911133,52.329261779785156,51.761322021484375,51.82602310180664,3826919
2013-09-23,51.69662094116211,51.876346588134766,51.32278823852539,51.62472915649414,1810804
2013-09-24,51.65348815917969,52.27174758911133,51.55284118652344,51.80445861816406,1980645
2013-09-25,51.761322021484375,51.790077209472656,51.36592483520508,51.473758697509766,1678381
2013-09-26,51.68224334716797,52.15672302246094,51.545650482177734,52.02731704711914,2089143
2013-09-27,51.85478210449219,52.163909912109375,51.69662094116211,51.85478210449219,1601041
2013-09-30,51.4162483215332,51.660675048828125,51.056793212890625,51.32278823852539,3146720
2013-10-01,51.459381103515625,51.574405670166016,51.09273910522461,51.459381103515625,2323387
2013-10-02,50.97771453857422,51.31560134887695,50.323509216308594,50.826744079589844,4730930
2013-10-03,50.682960510253906,51.22214126586914,50.524803161621094,50.639827728271484,3487793
2013-10-04,50.754852294921875,51.531272888183594,50.73328399658203,51.42343521118164,3110832
2013-10-07,51.02084732055664,51.6103515625,50.96333694458008,51.35154724121094,4515325
2013-10-08,51.22214126586914,51.8188362121582,50.99928283691406,51.52408218383789,9120926
2013-10-09,47.268150329589844,48.13084030151367,46.67145919799805,47.79295349121094,28721785
2013-10-10,48.0589485168457,48.27462387084961,47.21063995361328,47.40474319458008,9549632
2013-10-11,47.42631149291992,48.2602424621582,47.31128692626953,48.166786193847656,7804206
2013-10-14,48.051761627197266,48.37527084350586,47.84327697753906,48.123653411865234,4566931
2013-10-15,48.08770751953125,48.10208511352539,47.27534103393555,47.30409622192383,6947071
2013-10-16,47.570091247558594,47.87922286987305,47.534149169921875,47.7785758972168,5301797
2013-10-17,47.735443115234375,48.511863708496094,47.67792892456055,48.44715881347656,5681818
2013-10-18,48.67721176147461,48.73472213745117,47.89360046386719,47.936737060546875,6731327
2013-10-21,47.987060546875,48.224300384521484,47.7785758972168,48.0589485168457,4692399
2013-10-22,48.19554138183594,48.368080139160156,48.008628845214844,48.21710968017578,5900344
2013-10-23,48.166786193847656,48.166786193847656,46.06757736206055,46.8511848449707,14097507
2013-10-24,47.030914306640625,47.462257385253906,46.87994384765625,47.447879791259766,3790614
2013-10-25,47.634796142578125,48.166786193847656,47.49101257324219,47.8576545715332,3848480
2013-10-28,47.8576545715332,48.13084030151367,47.8576545715332,47.99424743652344,3008872
2013-10-29,48.09489440917969,48.27462387084961,48.00143814086914,48.209922790527344,2834163
2013-10-30,48.50467300415039,49.245147705078125,48.50467300415039,49.00071716308594,5355906
2013-10-31,48.813804626464844,48.88569259643555,48.253055572509766,48.612510681152344,3596431
2013-11-01,48.60531997680664,49.32422637939453,48.53342819213867,49.230770111083984,4559142
2013-11-04,49.53989791870117,50.323509216308594,49.45362854003906,50.25880813598633,5858475
2013-11-05,49.95686721801758,50.553558349609375,49.762760162353516,50.48885726928711,4046419
2013-11-06,50.553558349609375,50.826744079589844,50.18691635131836,50.56074905395508,4096634
2013-11-07,50.63263702392578,50.826744079589844,50.05751419067383,50.179725646972656,3700060
2013-11-08,50.05751419067383,50.77642059326172,49.81308364868164,50.73328399658203,4208053
2013-11-11,50.984901428222656,52.25736999511719,50.76204299926758,51.574405670166016,7108706
2013-11-12,51.445003509521484,51.574405670166016,50.841121673583984,51.39468002319336,6719643
2013-11-13,51.29403305053711,52.65995788574219,51.186195373535156,52.6168212890625,6525320
2013-11-14,52.6240119934082,52.832496643066406,52.429908752441406,52.72465896606445,3442030
2013-11-15,52.8253059387207,53.19194793701172,52.60963439941406,53.184757232666016,4154778
2013-11-18,53.09130096435547,53.37886428833008,52.68871307373047,52.77498245239258,3687958
2013-11-19,52.839683532714844,53.19194793701172,52.667144775390625,53.040977478027344,2774906
2013-11-20,53.19913864135742,53.19913864135742,51.833213806152344,51.991371154785156,5166035
2013-11-21,52.077640533447266,54.025882720947266,52.00575256347656,53.860530853271484,7915207
2013-11-22,54.50754928588867,56.563621520996094,54.48598098754883,56.29043960571289,11573537
2013-11-25,55.98849868774414,56.340763092041016,55.67936706542969,56.08195495605469,4057269
2013-11-26,55.6434211730957,56.276058197021484,55.636234283447266,55.823150634765625,4526314
2013-11-27,55.70093536376953,55.851905822753906,55.269588470458984,55.78001403808594,3364968
2013-11-29,55.78001403808594,56.2473030090332,55.61466598510742,55.8447151184082,1893568
2013-12-02,55.758445739746094,56.48454284667969,55.62904357910156,55.86628341674805,3478613
2013-12-03,54.20560836791992,54.931705474853516,53.79582977294922,54.3565788269043,9340287
2013-12-04,54.39252471923828,54.751976013183594,54.20560836791992,54.39252471923828,3437857
2013-12-05,53.98993682861328,54.126529693603516,53.19913864135742,53.47951126098633,5271334
2013-12-06,54.09777069091797,54.162471771240234,53.256649017333984,53.46513366699219,4021103
2013-12-09,53.46513366699219,53.71675109863281,53.32135009765625,53.41481018066406,3878247
2013-12-10,53.41481018066406,53.41481018066406,52.652767181396484,52.77498245239258,3445368
2013-12-11,52.90438461303711,53.21351623535156,52.30769348144531,52.40834045410156,2654028
2013-12-12,52.2142333984375,52.40114974975586,51.40187072753906,51.473758697509766,4113604
2013-12-13,51.574405670166016,52.228614807128906,51.49532699584961,51.62472915649414,3095671
2013-12-16,52.530555725097656,53.12005615234375,52.264556884765625,52.64558029174805,4104424
2013-12-17,52.530555725097656,52.6168212890625,51.58159637451172,51.66786575317383,3431736
2013-12-18,51.66786575317383,52.29331588745117,51.22214126586914,52.28612518310547,3615905
2013-12-19,52.10639953613281,52.429908752441406,51.60316467285156,52.30050277709961,3752501
2013-12-20,52.37239456176758,53.04816818237305,52.31488037109375,52.76060485839844,4312517
2013-12-23,52.839683532714844,53.19913864135742,52.3436393737793,53.17757034301758,2531898
2013-12-24,53.170379638671875,53.335731506347656,52.933143615722656,53.271026611328125,984967
2013-12-26,53.285404205322266,53.486698150634766,53.141624450683594,53.27821731567383,1130327
2013-12-27,53.49388885498047,53.49388885498047,52.882816314697266,53.10567855834961,1213369
2013-12-30,53.09130096435547,53.89647674560547,53.084110260009766,53.860530853271484,2717040
2013-12-31,53.91804504394531,54.931705474853516,53.91804504394531,54.3565788269043,2966864
2014-01-02,54.19123077392578,54.3565788269043,53.79582977294922,53.98274612426758,2721213
2014-01-03,54.248741149902344,54.70884323120117,53.91804504394531,54.32063293457031,2026826
2014-01-06,54.29187774658203,54.73759841918945,54.126529693603516,54.277496337890625,4083698
2014-01-07,55.27677917480469,55.50682830810547,54.946083068847656,55.0395393371582,5035003
2014-01-08,55.12580871582031,55.59309768676758,54.78792190551758,55.017974853515625,6188003
2014-01-09,53.85334396362305,54.277496337890625,53.738319396972656,53.9539909362793,5248382
2014-01-10,54.20560836791992,54.57225036621094,53.745506286621094,53.93242263793945,3591840
2014-01-13,53.925235748291016,54.00431442260742,52.71028137207031,52.77498245239258,4834838
2014-01-14,52.854061126708984,53.29259490966797,52.58806610107422,52.64558029174805,6219578
2014-01-15,52.652767181396484,53.055355072021484,52.465850830078125,52.60244369506836,4402237
2014-01-16,52.65995788574219,53.07692337036133,51.9410514831543,51.976993560791016,5269525
2014-01-17,52.07045364379883,52.235801696777344,51.66786575317383,51.833213806152344,5164088
2014-01-21,52.27174758911133,52.379581451416016,51.03522491455078,51.15025329589844,5081462
2014-01-22,51.488136291503906,51.70381164550781,51.12149429321289,51.286842346191406,4398342
2014-01-23,50.71171951293945,50.8123664855957,49.834651947021484,50.179725646972656,6457996
2014-01-24,49.834651947021484,50.165348052978516,49.475196838378906,49.475196838378906,5824813
2014-01-27,49.45362854003906,49.53989791870117,48.209922790527344,48.770668029785156,6489571
2014-01-28,48.95039367675781,49.317039489746094,48.77785873413086,49.029476165771484,4341728
2014-01-29,48.70596694946289,48.828182220458984,47.35441970825195,47.81452178955078,9568272
2014-01-30,48.0589485168457,48.152408599853516,47.570091247558594,47.87922286987305,6079783
2014-01-31,47.54133605957031,48.5909423828125,47.32566452026367,48.27462387084961,7493734
2014-02-03,48.425594329833984,48.928829193115234,47.332855224609375,47.562904357910156,9392310
2014-02-04,51.46657180786133,52.178287506103516,50.71890640258789,51.80445861816406,19678755
2014-02-05,51.58159637451172,51.58159637451172,50.2084846496582,50.71171951293945,7912008
2014-02-06,50.81955337524414,51.660675048828125,50.71890640258789,51.16463088989258,4736911
2014-02-07,51.46657180786133,52.077640533447266,51.36592483520508,51.56721878051758,3965046
2014-02-10,51.761322021484375,52.336448669433594,51.52408218383789,52.30769348144531,5052529
2014-02-11,52.44428634643555,52.933143615722656,52.264556884765625,52.631202697753906,4988682
2014-02-12,52.72465896606445,53.0265998840332,52.64558029174805,52.84687423706055,4220433
2014-02-13,52.51617431640625,53.12005615234375,52.379581451416016,53.069732666015625,3078005
2014-02-14,52.839683532714844,53.12724685668945,52.552120208740234,52.782169342041016,4025693
2014-02-18,52.767791748046875,53.01222229003906,52.45866394042969,52.652767181396484,3909406
2014-02-19,52.868438720703125,53.242271423339844,52.31488037109375,52.350826263427734,3123351
2014-02-20,52.40834045410156,52.71028137207031,52.08483123779297,52.465850830078125,2762804
2014-02-21,52.437095642089844,52.638389587402344,52.02731704711914,52.37239456176758,2920822
2014-02-24,52.38677215576172,52.767791748046875,52.29331588745117,52.45866394042969,2503244
2014-02-25,52.480228424072266,53.055355072021484,52.135154724121094,52.681522369384766,3142269
2014-02-26,52.731849670410156,53.01222229003906,52.50898742675781,52.76060485839844,3506294
2014-02-27,52.76060485839844,53.32135009765625,52.753414154052734,53.04816818237305,2980078
2014-02-28,53.07692337036133,53.443565368652344,52.767791748046875,53.256649017333984,3304321
2014-03-03,52.72465896606445,53.0265998840332,52.264556884765625,52.91876220703125,3364829
2014-03-04,53.5514030456543,53.838966369628906,53.457942962646484,53.659236907958984,3708684
2014-03-05,53.86772155761719,53.88928985595703,53.436378479003906,53.78145217895508,2702852
2014-03-06,54.464412689208984,55.89503860473633,54.45722579956055,55.5643424987793,7327232
2014-03-07,55.62904357910156,55.851905822753906,55.00359344482422,55.470882415771484,4111518
2014-03-10,55.27677917480469,55.672176361083984,55.017974853515625,55.6434211730957,3365803
2014-03-11,55.60747528076172,56.038822174072266,55.355857849121094,55.59309768676758,3249932
2014-03-12,55.370235443115234,55.60028839111328,55.233646392822266,55.4421272277832,2765586
2014-03-13,55.52839660644531,55.71531295776367,54.349388122558594,54.51473617553711,3277892
2014-03-14,54.20560836791992,54.780731201171875,53.939613342285156,53.975555419921875,4622849
2014-03-17,54.21998596191406,54.48598098754883,53.86772155761719,54.00431442260742,4440489
2014-03-18,54.047447204589844,54.428470611572266,53.86772155761719,53.961177825927734,2702574
2014-03-19,54.11933898925781,54.30625534057617,52.96189880371094,53.342918395996094,2774210
2014-03-20,53.544212341308594,54.32063293457031,53.32135009765625,54.09777069091797,4031674
2014-03-21,54.6369514465332,55.14018630981445,54.08339309692383,54.11214828491211,4146154
2014-03-24,54.076202392578125,54.11933898925781,53.32854080200195,53.58015823364258,2917066
2014-03-25,53.86772155761719,53.89647674560547,52.89000701904297,53.040977478027344,3983407
2014-03-26,53.220703125,53.66642761230469,53.12005615234375,53.32135009765625,4669448
2014-03-27,53.16319274902344,53.29259490966797,51.92667007446289,52.6240119934082,5459536
2014-03-28,52.832496643066406,53.51545715332031,52.77498245239258,53.342918395996094,3167168
2014-03-31,53.86772155761719,54.32063293457031,53.56578063964844,54.19841766357422,4592526
2014-04-01,54.28468704223633,54.81667709350586,54.28468704223633,54.680084228515625,3799517
2014-04-02,56.01006317138672,56.01006317138672,54.87419128417969,55.434940338134766,5344778
2014-04-03,55.70093536376953,55.78720474243164,54.730411529541016,54.953269958496094,3832205
2014-04-04,55.219268798828125,55.26240158081055,53.99712371826172,54.2343635559082,3627867
2014-04-07,54.09777069091797,54.41408920288086,53.65205001831055,54.08339309692383,4565818
2014-04-08,53.86772155761719,55.09705352783203,53.70956039428711,54.85981369018555,6326824
2014-04-09,54.71603012084961,55.40618133544922,54.644142150878906,55.219268798828125,4810078
2014-04-10,55.168941497802734,55.29115676879883,53.73112869262695,54.05463790893555,4654008
2014-04-11,53.846153259277344,54.040260314941406,53.39324188232422,53.46513366699219,3509354
2014-04-14,53.79582977294922,54.32063293457031,53.7526969909668,54.227176666259766,3584607
2014-04-15,54.38533401489258,54.82386779785156,53.745506286621094,54.25593185424805,3477361
2014-04-16,54.831058502197266,55.269588470458984,54.51473617553711,55.255210876464844,3614096
2014-04-17,55.10424041748047,55.434940338134766,54.766353607177734,54.881378173828125,3611314
2014-04-21,54.241554260253906,54.70884323120117,54.01869201660156,54.644142150878906,3719951
2014-04-22,54.80229949951172,55.81595993041992,54.70884323120117,55.70093536376953,7030253
2014-04-23,57.260963439941406,57.29690933227539,54.11933898925781,55.219268798828125,10534599
2014-04-24,55.70093536376953,55.71531295776367,54.47160339355469,55.20488739013672,3275805
2014-04-25,55.07548522949219,55.98130798339844,54.97483825683594,55.837528228759766,5415719
2014-04-28,56.13227844238281,56.139469146728516,55.355857849121094,55.851905822753906,5326000
2014-04-29,55.938175201416016,56.00287628173828,55.255210876464844,55.34148025512695,4141703
2014-04-30,55.269588470458984,55.370235443115234,54.80949020385742,55.348670959472656,2629964
2014-05-01,55.29834747314453,55.34148025512695,54.543495178222656,54.81667709350586,4208331
2014-05-02,54.9604606628418,55.32710266113281,54.73759841918945,54.780731201171875,3237135
2014-05-05,54.644142150878906,54.931705474853516,54.28468704223633,54.852622985839844,2213777
2014-05-06,54.8382453918457,55.319915771484375,54.51473617553711,54.529117584228516,2751537
2014-05-07,54.730411529541016,54.780731201171875,54.241554260253906,54.47160339355469,2907746
2014-05-08,54.47160339355469,54.967647552490234,54.4356575012207,54.59381866455078,3632318
2014-05-09,54.8382453918457,54.88856887817383,54.27030944824219,54.87419128417969,2167178
2014-05-12,54.946083068847656,55.082672119140625,54.543495178222656,54.730411529541016,3380686
2014-05-13,55.10424041748047,55.248023986816406,54.82386779785156,54.97483825683594,2528003
2014-05-14,55.08986282348633,55.233646392822266,54.38533401489258,54.53630447387695,1867000
2014-05-15,54.579437255859375,54.65851974487305,53.24946212768555,53.824588775634766,4419763
2014-05-16,53.71675109863281,53.91804504394531,53.47951126098633,53.78145217895508,2971037
2014-05-19,53.60172653198242,53.723941802978516,53.31416320800781,53.6304817199707,2622452
2014-05-20,53.745506286621094,54.29906463623047,53.422000885009766,53.673614501953125,3849593
2014-05-21,53.874908447265625,53.874908447265625,53.472320556640625,53.68080520629883,2366091
2014-05-22,53.65205001831055,54.01869201660156,53.45075607299805,53.824588775634766,2450803
2014-05-23,53.824588775634766,53.91085433959961,53.544212341308594,53.7526969909668,2442040
2014-05-27,54.076202392578125,54.89575958251953,53.946800231933594,54.7591667175293,3072163
2014-05-28,54.644142150878906,55.49964141845703,54.39971160888672,55.31272506713867,4122089
2014-05-29,55.29834747314453,55.49964141845703,54.88856887817383,55.154563903808594,3113893
2014-05-30,55.2408332824707,55.6434211730957,55.10424041748047,55.57872009277344,4008862
2014-06-02,55.32710266113281,56.18260192871094,55.32710266113281,56.161033630371094,2267469
2014-06-03,56.060386657714844,56.62113571166992,55.859092712402344,56.542057037353516,3823024
2014-06-04,56.53486633300781,56.60675811767578,56.14665603637695,56.577999114990234,2924995
2014-06-05,56.70021438598633,57.03810119628906,56.47016525268555,56.87275314331055,2383896
2014-06-06,57.00934600830078,57.50539016723633,56.82242965698242,57.50539016723633,3143382
2014-06-09,57.462257385253906,57.6563606262207,57.19626235961914,57.3831787109375,4345206
2014-06-10,57.20344924926758,57.368797302246094,56.815242767333984,57.08123779296875,1811638
2014-06-11,56.83680725097656,57.23939514160156,56.68583679199219,57.1746940612793,2057845
2014-06-12,57.21063995361328,57.42631149291992,56.527679443359375,56.628326416015625,2695202
2014-06-13,56.59956741333008,57.066856384277344,56.254493713378906,56.959022521972656,2403509
2014-06-16,56.70740509033203,56.89432144165039,56.556434631347656,56.865562438964844,1929734
2014-06-17,56.73616027832031,57.181884765625,56.613948822021484,57.145938873291016,1924866
2014-06-18,57.181884765625,57.347232818603516,56.70740509033203,57.28253173828125,1347462
2014-06-19,57.47663497924805,57.9798698425293,57.39036560058594,57.7785758972168,3144634
2014-06-20,57.7785758972168,57.951114654541016,57.5772819519043,57.87203598022461,3272049
2014-06-23,57.936737060546875,58.04457092285156,57.59165954589844,57.951114654541016,2435919
2014-06-24,57.749820709228516,58.353702545166016,57.67792892456055,57.94392395019531,2236450
2014-06-25,57.94392395019531,59.02228546142578,57.7785758972168,58.93601608276367,4047532
2014-06-26,58.95039367675781,59.043853759765625,58.36088943481445,58.74909973144531,2964360
2014-06-27,58.727535247802734,58.97915267944336,58.39683532714844,58.88569259643555,2583087
2014-06-30,58.80661392211914,58.80661392211914,58.23148727416992,58.37527084350586,2818444
2014-07-01,58.67721176147461,58.914451599121094,58.4615364074707,58.61969757080078,3235049
2014-07-02,58.69877624511719,59.115745544433594,58.63407516479492,58.89288330078125,2000119
2014-07-03,58.914451599121094,59.62616729736328,58.842559814453125,59.30266189575195,1719276
2014-07-07,59.25233459472656,59.30266189575195,58.53342819213867,59.158878326416016,2403509
2014-07-08,59.20920181274414,59.475196838378906,58.856937408447266,59.16606903076172,4194839
2014-07-09,58.80661392211914,59.978431701660156,58.770668029785156,59.834651947021484,4220155
2014-07-10,59.273902893066406,59.46800994873047,58.928829193115234,59.28828048706055,2352042
2014-07-11,59.28109359741211,59.48957443237305,58.89288330078125,59.20201110839844,1785209
2014-07-14,59.561466217041016,59.98562240600586,59.36736297607422,59.877784729003906,2746808
2014-07-15,59.89935302734375,60.08626937866211,59.45362854003906,59.7987060546875,3725515
2014-07-16,59.89216232299805,59.9928092956543,59.35298156738281,59.460819244384766,5010799
2014-07-17,57.92954635620117,58.23148727416992,55.10424041748047,55.3630485534668,17902448
2014-07-18,55.449317932128906,56.412654876708984,55.39180374145508,55.657798767089844,6984489
2014-07-21,54.946083068847656,54.946083068847656,53.271026611328125,53.29259490966797,11790533
2014-07-22,53.6304817199707,54.025882720947266,53.41481018066406,53.80302047729492,6214432
2014-07-23,54.227176666259766,54.29906463623047,53.70237350463867,53.70956039428711,8027183
2014-07-24,53.91804504394531,53.91804504394531,53.00503158569336,53.084110260009766,8249326
2014-07-25,53.12005615234375,53.486698150634766,53.12005615234375,53.2278938293457,4433952
2014-07-28,53.335731506347656,53.486698150634766,53.04816818237305,53.31416320800781,4714099
2014-07-29,53.537025451660156,53.975555419921875,53.06254577636719,53.06254577636719,5170625
2014-07-30,53.1488151550293,53.242271423339844,52.336448669433594,52.480228424072266,7335717
2014-07-31,49.38174057006836,49.949676513671875,48.95039367675781,49.89216232299805,24729337
2014-08-01,49.94248580932617,50.754852294921875,49.92810821533203,50.654205322265625,9857461
2014-08-04,50.71890640258789,51.085548400878906,50.438533782958984,50.452911376953125,6494440
2014-08-05,50.726097106933594,50.726097106933594,50.0071907043457,50.02875518798828,8544218
2014-08-06,50.38821029663086,50.71171951293945,50.035945892333984,50.323509216308594,4252843
2014-08-07,50.639827728271484,50.73328399658203,50.0071907043457,50.122215270996094,4811747
2014-08-08,50.237239837646484,50.53199005126953,49.877784729003906,50.30194091796875,3244368
2014-08-11,50.366641998291016,50.553558349609375,50.251617431640625,50.352264404296875,3391954
2014-08-12,50.44572448730469,50.524803161621094,50.280372619628906,50.34507369995117,2731785
2014-08-13,50.6110725402832,50.97771453857422,50.381019592285156,50.668582916259766,2707164
2014-08-14,51.286842346191406,51.286842346191406,50.61825942993164,51.07836151123047,4539668
2014-08-15,51.39468002319336,51.66786575317383,51.258087158203125,51.387489318847656,5144335
2014-08-18,51.675052642822266,52.250179290771484,51.49532699584961,51.861968994140625,4659572
2014-08-19,52.11358642578125,52.27174758911133,51.631919860839844,52.11358642578125,6339483
2014-08-20,52.11358642578125,52.818115234375,52.10639953613281,52.44428634643555,6335031
2014-08-21,52.631202697753906,52.631202697753906,51.79726791381836,51.962615966796875,5315707
2014-08-22,52.0201301574707,52.1423454284668,51.76851272583008,52.05607604980469,3634127
2014-08-25,52.30050277709961,52.55931091308594,52.15672302246094,52.31488037109375,3093167
2014-08-26,52.52336502075195,52.6168212890625,52.12077713012695,52.48741912841797,4796864
2014-08-27,52.52336502075195,52.58806610107422,51.79726791381836,51.991371154785156,2759188
2014-08-28,51.761322021484375,52.17110061645508,51.560028076171875,51.98418426513672,3040170
2014-08-29,52.12077713012695,52.2214241027832,51.8188362121582,52.07045364379883,2998301
2014-09-02,51.761322021484375,52.0201301574707,50.841121673583984,51.344356536865234,5995071
2014-09-03,51.473758697509766,51.833213806152344,51.20057678222656,51.387489318847656,3645672
2014-09-04,50.24442672729492,51.65348815917969,50.05751419067383,51.531272888183594,10706805
2014-09-05,51.488136291503906,52.02731704711914,51.272464752197266,52.0201301574707,4328236
2014-09-08,51.96980667114258,52.09920883178711,51.70381164550781,52.00575256347656,2432164
2014-09-09,52.09920883178711,52.10639953613281,51.689430236816406,51.8116455078125,3635100
2014-09-10,51.746944427490234,52.278934478759766,51.68224334716797,52.18547821044922,2867825
2014-09-11,52.20704650878906,52.72465896606445,51.9410514831543,52.18547821044922,3105825
2014-09-12,51.991371154785156,52.07045364379883,51.23651885986328,51.459381103515625,3497948
2014-09-15,51.32278823852539,51.7397575378418,51.32278823852539,51.574405670166016,2466382
2014-09-16,51.72537612915039,51.976993560791016,51.42343521118164,51.75413513183594,2684908
2014-09-17,51.90510559082031,52.38677215576172,51.660675048828125,52.063262939453125,3296809
2014-09-18,52.30769348144531,52.3436393737793,51.96980667114258,52.2214241027832,1837372
2014-09-19,52.44428634643555,52.731849670410156,52.228614807128906,52.465850830078125,4313491
2014-09-22,52.24299240112305,52.25736999511719,51.7397575378418,52.012939453125,2054785
2014-09-23,51.99856185913086,52.12077713012695,51.5384635925293,51.58159637451172,2065357
2014-09-24,51.631919860839844,52.19985580444336,51.430625915527344,52.07045364379883,2416723
2014-09-25,52.1423454284668,52.27174758911133,51.3371696472168,51.430625915527344,3205838
2014-09-26,51.48094940185547,52.178287506103516,51.358734130859375,52.00575256347656,1971186
2014-09-29,51.660675048828125,52.437095642089844,51.43781661987305,52.235801696777344,2893002
2014-09-30,52.329261779785156,52.451473236083984,51.66786575317383,51.746944427490234,4363011
2014-10-01,51.71099853515625,52.00575256347656,51.11430740356445,51.4090576171875,4238099
2014-10-02,51.43781661987305,51.761322021484375,51.07836151123047,51.4162483215332,3157292
2014-10-03,51.84040451049805,52.35801696777344,51.473758697509766,51.49532699584961,5252416
2014-10-06,51.660675048828125,51.76851272583008,51.286842346191406,51.31560134887695,4215843
2014-10-07,50.941768646240234,50.96333694458008,50.122215270996094,50.12940216064453,8387035
2014-10-08,50.481666564941406,51.761322021484375,50.30194091796875,50.855499267578125,11009070
2014-10-09,50.83393096923828,50.841121673583984,49.575843811035156,49.6046028137207,5514480
2014-10-10,49.75557327270508,50.23004913330078,49.532711029052734,49.82746124267578,6948323
2014-10-13,49.762760162353516,50.14377975463867,48.526241302490234,48.612510681152344,5296789
2014-10-14,48.80661392211914,48.871315002441406,48.36088943481445,48.756290435791016,4914403
2014-10-15,47.7857666015625,48.540618896484375,47.31128692626953,48.33213424682617,6490962
2014-10-16,47.3759880065918,48.97915267944336,47.3759880065918,48.612510681152344,4412808
2014-10-17,49.173255920410156,49.49676513671875,48.86412811279297,49.15168762207031,4036265
2014-10-20,49.029476165771484,49.777137756347656,49.029476165771484,49.69805908203125,2194442
2014-10-21,49.71243667602539,50.43134307861328,49.62616729736328,50.179725646972656,3203056
2014-10-22,50.10064697265625,50.31631851196289,49.6046028137207,49.69805908203125,2753624
2014-10-23,50.050323486328125,50.079078674316406,49.64054489135742,49.78432846069336,2133516
2014-10-24,49.676490783691406,50.25880813598633,49.532711029052734,50.237239837646484,2586704
2014-10-27,50.10783767700195,50.14377975463867,49.81308364868164,50.064701080322266,1974385
2014-10-28,50.38821029663086,50.54637145996094,50.10783767700195,50.47447967529297,2466243
2014-10-29,50.56074905395508,50.58950424194336,49.82746124267578,50.04313278198242,3372758
2014-10-30,49.98562240600586,50.467288970947266,49.89935302734375,50.30913162231445,2917483
2014-10-31,50.726097106933594,51.86915969848633,50.553558349609375,51.63911056518555,8379384
2014-11-03,51.560028076171875,51.646297454833984,51.171817779541016,51.445003509521484,4277047
2014-11-04,51.40187072753906,51.876346588134766,51.30122375488281,51.80445861816406,3248402
2014-11-05,52.10639953613281,52.18547821044922,51.71818923950195,52.077640533447266,2750842
2014-11-06,52.5449333190918,52.731849670410156,52.08483123779297,52.552120208740234,3727741
2014-11-07,52.329261779785156,52.41552734375,51.689430236816406,52.379581451416016,3368446
2014-11-10,52.60244369506836,53.01222229003906,52.48741912841797,52.67433547973633,3756396
2014-11-11,52.767791748046875,53.040977478027344,52.65995788574219,52.854061126708984,2132959
2014-11-12,52.753414154052734,53.644859313964844,52.72465896606445,53.60172653198242,3970331
2014-11-13,53.637672424316406,54.349388122558594,53.637672424316406,54.19841766357422,5418501
2014-11-14,54.076202392578125,54.13371658325195,53.59453582763672,53.759883880615234,3379017
2014-11-17,53.49388885498047,53.96836853027344,53.134437561035156,53.19194793701172,3078700
2014-11-18,53.19194793701172,53.61610412597656,52.96189880371094,53.335731506347656,3598239
2014-11-19,53.342918395996094,53.40761947631836,52.89719772338867,53.17757034301758,2242988
2014-11-20,53.558589935302734,54.464412689208984,53.5514030456543,54.28468704223633,6258248
2014-11-21,54.931705474853516,55.29834747314453,54.442848205566406,54.53630447387695,5083410
2014-11-24,54.85981369018555,55.11143112182617,54.39252471923828,54.917327880859375,3830675
2014-11-25,54.917327880859375,55.1617546081543,54.565059661865234,54.845436096191406,4484028
2014-11-26,54.953269958496094,55.233646392822266,54.70884323120117,55.17613220214844,3459834
2014-11-28,55.29834747314453,55.7656364440918,55.26240158081055,55.535587310791016,2094011
2014-12-01,54.3565788269043,55.91660690307617,54.349388122558594,55.62904357910156,4344789
2014-12-02,55.657798767089844,56.355140686035156,55.456504821777344,56.33357238769531,5055172
2014-12-03,56.455787658691406,56.48454284667969,55.34148025512695,55.81595993041992,4193865
2014-12-04,55.71531295776367,56.23292541503906,55.27677917480469,55.88066101074219,3092610
2014-12-05,56.13227844238281,56.4485969543457,55.86628341674805,56.29043960571289,2554432
2014-12-08,55.456504821777344,55.823150634765625,54.780731201171875,54.967647552490234,4730652
2014-12-09,54.3565788269043,54.60819625854492,53.91804504394531,54.076202392578125,6214014
2014-12-10,51.15025329589844,52.429908752441406,50.668582916259766,50.70452880859375,14330917
2014-12-11,51.04960632324219,52.451473236083984,50.71890640258789,51.775699615478516,11073751
2014-12-12,52.063262939453125,53.040977478027344,51.9410514831543,52.37239456176758,7858455
2014-12-15,52.50179672241211,52.58806610107422,50.74766540527344,50.77642059326172,7058212
2014-12-16,50.47447967529297,50.93457794189453,49.6046028137207,49.618980407714844,9808497
2014-12-17,49.82746124267578,50.80517578125,49.748382568359375,50.754852294921875,7527118
2014-12-18,51.243709564208984,51.59597396850586,50.90582275390625,51.574405670166016,6278696
2014-12-19,51.31560134887695,51.948238372802734,50.93457794189453,51.16463088989258,8033164
2014-12-22,51.43781661987305,52.15672302246094,51.2149543762207,52.092018127441406,3439387
2014-12-23,52.12077713012695,52.480228424072266,52.02731704711914,52.250179290771484,2233529
2014-12-24,52.50898742675781,52.5449333190918,52.20704650878906,52.329261779785156,1111548
2014-12-26,52.38677215576172,52.753414154052734,52.235801696777344,52.580875396728516,1448727
2014-12-29,52.552120208740234,53.19194793701172,52.437095642089844,52.882816314697266,2632607
2014-12-30,52.854061126708984,53.040977478027344,52.566497802734375,52.681522369384766,2037120
2014-12-31,52.782169342041016,53.033790588378906,52.32207107543945,52.37239456176758,2141305
2015-01-02,52.79655075073242,52.84687423706055,51.761322021484375,52.012939453125,2283466
2015-01-05,52.05607604980469,52.278934478759766,50.94895935058594,50.956146240234375,4418651
2015-01-06,51.30122375488281,51.329978942871094,49.877784729003906,50.33069610595703,5004401
2015-01-07,51.02084732055664,52.05607604980469,50.884254455566406,51.99856185913086,4554134
2015-01-08,52.40834045410156,53.040977478027344,52.365203857421875,52.90438461303711,4258268
2015-01-09,52.99065399169922,53.033790588378906,52.32207107543945,52.81092834472656,3687263
2015-01-12,52.58806610107422,52.818115234375,52.24299240112305,52.41552734375,3924428
2015-01-13,52.933143615722656,53.0194091796875,51.689430236816406,52.19985580444336,4612417
2015-01-14,51.26527786254883,52.50898742675781,51.171817779541016,51.98418426513672,5022206
2015-01-15,51.861968994140625,52.329261779785156,51.3371696472168,51.36592483520508,5393742
2015-01-16,51.27965545654297,52.12796401977539,50.984901428222656,52.07045364379883,4074656
2015-01-20,52.063262939453125,52.2214241027832,51.0064697265625,51.15025329589844,5162140
2015-01-21,50.89144515991211,51.48094940185547,50.76204299926758,51.40187072753906,3900920
2015-01-22,51.761322021484375,53.29259490966797,51.5384635925293,53.04816818237305,4975746
2015-01-23,53.12005615234375,53.874908447265625,53.0194091796875,53.27821731567383,4535912
2015-01-26,53.04816818237305,53.56578063964844,53.0265998840332,53.371673583984375,3141713
2015-01-27,52.731849670410156,53.19913864135742,52.638389587402344,52.78936004638672,4944031
2015-01-28,53.1488151550293,53.2278938293457,52.350826263427734,52.40834045410156,6663446
2015-01-29,52.228614807128906,53.41481018066406,52.04169845581055,53.39324188232422,4166880
2015-01-30,52.933143615722656,53.06254577636719,51.91948318481445,51.962615966796875,4350770
2015-02-02,52.077640533447266,52.379581451416016,50.682960510253906,52.28612518310547,4317247
2015-02-03,52.76060485839844,53.06254577636719,52.149532318115234,52.91876220703125,4622432
2015-02-04,52.68871307373047,53.342918395996094,52.681522369384766,52.9475212097168,5242540
2015-02-05,52.51617431640625,54.327823638916016,51.84040451049805,54.061824798583984,13024072
2015-02-06,53.846153259277344,53.86772155761719,52.84687423706055,53.1488151550293,6537005
2015-02-09,52.81092834472656,53.3501091003418,52.465850830078125,52.55931091308594,3891323
2015-02-10,52.84687423706055,53.37886428833008,52.51617431640625,53.256649017333984,3254662
2015-02-11,53.36448669433594,53.49388885498047,52.839683532714844,53.19194793701172,3146581
2015-02-12,53.40761947631836,53.846153259277344,52.77498245239258,53.774261474609375,3199578
2015-02-13,53.65205001831055,53.846153259277344,53.36448669433594,53.69518280029297,3667232
2015-02-17,53.544212341308594,54.780731201171875,53.39324188232422,54.67289733886719,5447991
2015-02-18,54.60100555419922,55.19770050048828,54.28468704223633,54.99640655517578,4808687
2015-02-19,55.046730041503906,55.29115676879883,54.61538314819336,55.118621826171875,3266903
2015-02-20,55.132999420166016,55.81595993041992,54.79511260986328,55.736881256103516,5423648
2015-02-23,55.90941619873047,56.29043960571289,55.434940338134766,55.672176361083984,3195266
2015-02-24,55.657798767089844,56.11790084838867,55.41337203979492,55.974117279052734,2801752
2015-02-25,55.974117279052734,56.82242965698242,55.736881256103516,56.764915466308594,3816904
2015-02-26,56.70021438598633,57.15312576293945,56.23292541503906,57.07404708862305,5327252
2015-02-27,56.95183181762695,59.28828048706055,56.67864990234375,58.310569763183594,13631661
2015-03-02,58.23148727416992,59.547088623046875,57.8576545715332,58.80661392211914,4698103
2015-03-03,58.23148727416992,58.67721176147461,57.59165954589844,58.59812927246094,6465924
2015-03-04,57.8576545715332,58.34651184082031,57.347232818603516,57.570091247558594,10754238
2015-03-05,57.562904357910156,58.13084030151367,57.268150329589844,57.88641357421875,4663328
2015-03-06,57.39755630493164,57.721065521240234,56.63551330566406,56.90869903564453,5866682
2015-03-09,56.9805908203125,57.49101257324219,56.93745422363281,57.10999298095703,3303625
2015-03-10,56.7721061706543,56.930267333984375,55.9669303894043,55.98849868774414,4432143
2015-03-11,55.71531295776367,56.21135711669922,54.92451477050781,54.99640655517578,6504038
2015-03-12,55.39899444580078,56.024444580078125,55.168941497802734,55.959739685058594,4022633
2015-03-13,56.31919479370117,56.31919479370117,55.20488739013672,55.722503662109375,3650123
2015-03-16,56.11790084838867,56.412654876708984,55.873470306396484,56.21135711669922,4414756
2015-03-17,56.13227844238281,56.276058197021484,55.90941619873047,55.974117279052734,3957812
2015-03-18,56.053199768066406,57.02372360229492,55.72969055175781,56.75053787231445,3715500
2015-03-19,56.6498908996582,56.930267333984375,56.427032470703125,56.60675811767578,4287758
2015-03-20,56.944644927978516,57.51258087158203,56.70021438598633,56.944644927978516,9703755
2015-03-23,56.9734001159668,57.5772819519043,56.87275314331055,56.98777770996094,4805349
2015-03-24,57.15312576293945,57.771385192871094,57.15312576293945,57.634796142578125,6333362
2015-03-25,57.87203598022461,57.87203598022461,56.87275314331055,56.90150833129883,4799367
2015-03-26,56.455787658691406,56.92307662963867,56.23292541503906,56.47016525268555,3606446
2015-03-27,56.513301849365234,56.843997955322266,56.20417022705078,56.29762649536133,2709390
2015-03-30,56.33357238769531,57.21063995361328,56.33357238769531,57.08842468261719,2802170
2015-03-31,56.944644927978516,57.39036560058594,56.59238052368164,56.59238052368164,3332001
2015-04-01,56.542057037353516,56.714595794677734,56.18260192871094,56.67864990234375,3763907
2015-04-02,56.80805206298828,57.4550666809082,56.41984176635742,57.361610412597656,4933877
2015-04-06,57.12437057495117,57.864845275878906,56.90150833129883,57.318477630615234,3481812
2015-04-07,57.332855224609375,57.433502197265625,56.19697952270508,56.28324890136719,6053354
2015-04-08,56.53486633300781,56.728973388671875,56.01725387573242,56.29043960571289,4377616
2015-04-09,56.10352325439453,56.7721061706543,56.08195495605469,56.73616027832031,5520044
2015-04-10,56.757728576660156,57.59165954589844,56.60675811767578,57.52695846557617,3395570
2015-04-13,57.332855224609375,58.37527084350586,57.045291900634766,58.03019332885742,6024282
2015-04-14,57.69230651855469,57.764198303222656,57.016536712646484,57.23939514160156,3936530
2015-04-15,57.49101257324219,57.82889938354492,57.21063995361328,57.22501754760742,3720369
2015-04-16,57.217830657958984,58.051761627197266,57.059669494628906,57.145938873291016,4174669
2015-04-17,56.764915466308594,57.52695846557617,56.60675811767578,57.332855224609375,5723409
2015-04-20,57.850467681884766,58.468727111816406,57.562904357910156,58.29618835449219,4087314
2015-04-21,58.224300384521484,58.33213424682617,57.721065521240234,58.123653411865234,6560791
2015-04-22,60.035945892333984,61.32278823852539,59.28109359741211,60.41696548461914,17868508
2015-04-23,60.27318572998047,60.70452880859375,59.920921325683594,60.438533782958984,6313749
2015-04-24,60.567935943603516,62.652767181396484,60.44572448730469,62.6168212890625,10596221
2015-04-27,62.6168212890625,62.84687423706055,62.10639953613281,62.264556884765625,5419753
2015-04-28,62.034507751464844,62.71746826171875,61.746944427490234,62.429908752441406,4204158
2015-04-29,62.02731704711914,62.379581451416016,61.861968994140625,62.00575256347656,3999960
2015-04-30,61.86915969848633,62.40834045410156,61.545650482177734,61.79726791381836,3588363
2015-05-01,62.18547821044922,66.13227844238281,62.15672302246094,66.06757354736328,23842714
2015-05-04,66.10352325439453,67.67073822021484,65.40618133544922,65.42774963378906,14124910
2015-05-05,64.92451477050781,65.13299560546875,64.57943725585938,64.69446563720703,6820629
2015-05-06,64.88137817382812,65.00359344482422,63.88928985595703,64.13372039794922,4096773
2015-05-07,64.28468322753906,65.08267211914062,63.939613342285156,64.79511260986328,4677516
2015-05-08,65.42056274414062,65.96692657470703,64.60819244384766,64.61538696289062,6767632
2015-05-11,64.67289733886719,65.07548522949219,64.4428482055664,64.51473999023438,6062813
2015-05-12,64.14090728759766,65.33428955078125,64.0402603149414,64.98202514648438,4013313
2015-05-13,64.79511260986328,65.32710266113281,64.47879028320312,64.6297607421875,2345504
2015-05-14,64.9676513671875,65.233642578125,64.52911376953125,64.71603393554688,2787703
2015-05-15,65.94536590576172,67.649169921875,65.4924545288086,67.54852294921875,8643674
2015-05-18,67.43350219726562,68.20992279052734,66.82243347167969,67.28253173828125,5122775
2015-05-19,67.47663879394531,68.26024627685547,67.10999298095703,67.80014038085938,6642442
2015-05-20,68.26024627685547,68.94320678710938,67.68511962890625,68.20992279052734,4932486
2015-05-21,67.95830535888672,68.02300262451172,66.95902252197266,67.17469024658203,4710343
2015-05-22,67.12437438964844,67.16031646728516,65.58590698242188,65.80876922607422,7836616
2015-05-26,65.76563262939453,66.29043579101562,65.20488739013672,65.80876922607422,4183015
2015-05-27,66.52049255371094,66.75772857666016,65.88066101074219,66.12509155273438,4778920
2015-05-28,66.10352325439453,66.27606201171875,65.52120971679688,65.99568939208984,3937086
2015-05-29,65.83033752441406,65.98849487304688,64.5506820678711,64.78073120117188,5159497
2015-06-01,64.60100555419922,65.29834747314453,64.37095642089844,64.89575958251953,3448289
2015-06-02,64.85980987548828,65.25521087646484,64.53630828857422,64.60819244384766,3006368
2015-06-03,65.1114273071289,66.32638549804688,64.70165252685547,65.81596374511719,6914383
2015-06-04,65.24083709716797,65.4924545288086,64.8454360961914,65.07548522949219,3295835
2015-06-05,64.9676513671875,65.52839660644531,64.82386779785156,65.26959228515625,2233668
2015-06-08,65.09705352783203,65.71531677246094,65.01797485351562,65.06110382080078,3706180
2015-06-09,64.9676513671875,65.27677917480469,64.82386779785156,65.12580871582031,2383618
2015-06-10,65.0467300415039,65.96692657470703,65.0467300415039,65.8519058227539,2528977
2015-06-11,66.06038665771484,66.20417022705078,65.56433868408203,65.65779876708984,1651256
2015-06-12,65.46369171142578,65.73687744140625,65.31991577148438,65.49964141845703,3082873
2015-06-15,65.01797485351562,65.4493179321289,64.75916290283203,65.33428955078125,1689091
2015-06-16,65.25521087646484,66.038818359375,65.25521087646484,66.01006317138672,2982026
2015-06-17,65.84471893310547,65.98849487304688,65.22645568847656,65.63623046875,2598388
2015-06-18,65.73687744140625,67.09561157226562,65.6506118774414,66.62832641601562,2797162
2015-06-19,66.41265106201172,66.63551330566406,66.30481719970703,66.33357238769531,2845291
2015-06-22,66.58518981933594,67.0596694946289,66.23292541503906,66.44140625,3463451
2015-06-23,66.71459197998047,66.77210235595703,66.0531997680664,66.1610336303711,2330203
2015-06-24,66.18260192871094,66.21135711669922,65.7584457397461,65.78720092773438,3475414
2015-06-25,66.02444458007812,66.13227844238281,65.56433868408203,65.6937484741211,3344520
2015-06-26,65.93817138671875,66.9015121459961,65.83033752441406,66.67864990234375,3004421
2015-06-29,65.99568939208984,66.26168060302734,64.29906463623047,64.42127990722656,4646636
2015-06-30,64.98202514648438,65.0467300415039,64.16966247558594,64.75916290283203,3985632
2015-07-01,65.49964141845703,66.42703247070312,65.4349365234375,65.91661071777344,4283167
2015-07-02,66.06757354736328,66.44140625,65.233642578125,65.81596374511719,2807038
2015-07-06,65.14019012451172,65.4924545288086,64.87419128417969,65.18331909179688,3266485
2015-07-07,65.41336822509766,65.41336822509766,63.6304817199707,64.62257385253906,8990729
2015-07-08,63.26383972167969,63.58015823364258,61.23651885986328,62.631202697753906,10849661
2015-07-09,63.6304817199707,64.59381866455078,63.16319274902344,63.256649017333984,7285780
2015-07-10,64.11215209960938,65.4493179321289,63.759883880615234,65.31991577148438,6960147
2015-07-13,65.70812225341797,66.376708984375,65.11862182617188,65.49964141845703,5899787
2015-07-14,65.3702392578125,66.2544937133789,65.1114273071289,66.13227844238281,8115233
2015-07-15,65.46369171142578,65.46369171142578,62.91157531738281,63.89647674560547,13730839
2015-07-16,64.34220123291016,64.58663177490234,63.11286926269531,63.443565368652344,5223901
2015-07-17,63.27821731567383,63.45075607299805,62.81092834472656,63.17757034301758,5215555
2015-07-20,63.26383972167969,63.7526969909668,62.854061126708984,63.357295989990234,3118066
2015-07-21,63.4291877746582,63.838966369628906,63.156002044677734,63.70956039428711,3139070
2015-07-22,63.371673583984375,64.6441421508789,63.27821731567383,64.20560455322266,4471509
2015-07-23,64.01150512695312,64.1480941772461,62.969085693359375,63.134437561035156,4865023
2015-07-24,63.422000885009766,63.587345123291016,62.09920883178711,62.336448669433594,3697834
2015-07-27,61.775699615478516,62.092018127441406,61.344356536865234,61.8116455078125,5210825
2015-07-28,62.228614807128906,62.64558029174805,61.63911056518555,62.50898742675781,2785895
2015-07-29,62.652767181396484,63.45075607299805,62.451473236083984,63.09849166870117,2933758
2015-07-30,63.134437561035156,63.522647857666016,62.55931091308594,63.27821731567383,1943366
2015-07-31,63.637672424316406,63.7526969909668,63.0265998840332,63.09130096435547,1994138
2015-08-03,63.29259490966797,63.436378479003906,62.631202697753906,63.134437561035156,2077598
2015-08-04,63.26383972167969,63.76707458496094,63.10567855834961,63.40043258666992,1952686
2015-08-05,63.9539909362793,64.43566131591797,63.587345123291016,64.01150512695312,1940723
2015-08-06,64.17684936523438,64.46441650390625,62.89719772338867,63.09849166870117,2834441
2015-08-07,62.868438720703125,63.01222229003906,62.27174758911133,62.983463287353516,2005266
2015-08-10,63.457942962646484,63.874908447265625,63.055355072021484,63.134437561035156,1793277
2015-08-11,62.15672302246094,62.15672302246094,59.66930389404297,60.05751419067383,13429966
2015-08-12,58.93601608276367,58.95039367675781,56.59238052368164,58.00143814086914,16536486
2015-08-13,58.5909423828125,61.171817779541016,58.454349517822266,60.24442672729492,10922688
2015-08-14,60.064701080322266,60.49604415893555,59.676490783691406,60.09345626831055,5215555
2015-08-17,59.56865692138672,61.60316467285156,59.32422637939453,61.128684997558594,8389538
2015-08-18,60.89144515991211,61.17900848388672,60.31631851196289,60.53199005126953,6299004
2015-08-19,61.473758697509766,62.350826263427734,60.97771453857422,61.890724182128906,13852134
2015-08-20,61.25090026855469,61.52408218383789,58.741912841796875,58.82099151611328,10749509
2015-08-21,58.2602424621582,58.641265869140625,56.93745422363281,57.29690933227539,12177231
2015-08-24,53.12005615234375,56.78648376464844,51.32278823852539,55.49245071411133,14510356
2015-08-25,57.00215530395508,57.10280227661133,54.65851974487305,54.70884323120117,8801831
2015-08-26,56.0460090637207,57.419124603271484,55.046730041503906,57.28253173828125,6346159
2015-08-27,57.58447265625,59.633358001708984,57.58447265625,59.144500732421875,7306645
2015-08-28,59.043853759765625,59.48957443237305,58.425594329833984,58.82099151611328,4069092
2015-08-31,58.224300384521484,58.4615364074707,57.29690933227539,57.347232818603516,4483749
2015-09-01,55.78720474243164,57.18907165527344,55.71531295776367,56.865562438964844,6239748
2015-09-02,57.54133605957031,57.70668411254883,56.59238052368164,57.70668411254883,4645105
2015-09-03,57.987060546875,58.19554138183594,57.34004211425781,57.670738220214844,2528421
2015-09-04,56.815242767333984,57.181884765625,56.20417022705078,56.714595794677734,2951007
2015-09-08,58.10208511352539,58.914451599121094,57.8576545715332,58.77785873413086,4358559
2015-09-09,59.52552032470703,60.021568298339844,58.123653411865234,58.24586486816406,4535077
2015-09-10,58.08051681518555,58.3896484375,57.13874816894531,57.44068908691406,4397647
2015-09-11,57.51258087158203,58.569374084472656,57.23939514160156,58.540618896484375,3778791
2015-09-14,58.36088943481445,58.51905059814453,57.91516876220703,58.19554138183594,2546504
2015-09-15,58.454349517822266,59.45362854003906,57.836090087890625,59.25233459472656,3196518
2015-09-16,59.16606903076172,59.81308364868164,58.670021057128906,59.719627380371094,3700477
2015-09-17,59.618980407714844,60.31631851196289,59.245147705078125,59.647735595703125,5213468
2015-09-18,58.39683532714844,59.06542205810547,57.40474319458008,57.620418548583984,7602789
2015-09-21,57.87203598022461,58.03019332885742,57.00215530395508,57.821712493896484,5106778
2015-09-22,57.15312576293945,57.534149169921875,56.743350982666016,57.00934600830078,5093007
2015-09-23,57.02372360229492,57.246585845947266,56.38389587402344,56.73616027832031,3729688
2015-09-24,56.47016525268555,56.47016525268555,55.5643424987793,56.30481719970703,4239212
2015-09-25,56.9734001159668,57.29690933227539,56.23292541503906,56.50611114501953,4695321
2015-09-28,56.074764251708984,56.225738525390625,54.579437255859375,54.6369514465332,5661787
2015-09-29,54.766353607177734,54.931705474853516,54.09058380126953,54.744789123535156,6018857
2015-09-30,55.72969055175781,57.69230651855469,55.132999420166016,57.47663497924805,7378142
2015-10-01,57.519771575927734,57.89360046386719,56.79367446899414,57.419124603271484,4426718
2015-10-02,56.31919479370117,58.87850570678711,56.31919479370117,58.6628303527832,7719772
2015-10-05,59.3889274597168,59.88497543334961,58.51905059814453,59.70524978637695,5737736
2015-10-06,59.53989791870117,60.05751419067383,58.971961975097656,59.97124481201172,16157439
2015-10-07,50.18691635131836,50.970523834228516,48.310569763183594,48.67721176147461,51106314
2015-10-08,48.24586486816406,49.10136413574219,47.69949722290039,48.49748229980469,18215562
2015-10-09,48.526241302490234,50.625450134277344,48.454349517822266,50.50323486328125,13699264
2015-10-12,50.682960510253906,51.531272888183594,50.57512664794922,50.927391052246094,9786798
2015-10-13,50.66139602661133,51.38030242919922,50.2012939453125,50.30913162231445,7161424
2015-10-14,50.0,50.381019592285156,49.115745544433594,49.30266189575195,6023447
2015-10-15,49.5902214050293,49.92810821533203,48.87850570678711,49.7987060546875,6565937
2015-10-16,51.042415618896484,51.962615966796875,50.15816116333008,51.876346588134766,13515373
2015-10-19,51.560028076171875,51.68224334716797,51.128684997558594,51.55284118652344,5294981
2015-10-20,53.93242263793945,54.076202392578125,52.44428634643555,52.50179672241211,21462435
2015-10-21,52.6240119934082,53.50107955932617,52.18547821044922,52.882816314697266,8563831
2015-10-22,53.30697250366211,53.637672424316406,52.135154724121094,52.250179290771484,7567875
2015-10-23,52.80373764038086,52.80373764038086,51.92667007446289,52.40114974975586,5573181
2015-10-26,52.18547821044922,53.544212341308594,52.17110061645508,53.32854080200195,4950986
2015-10-27,53.170379638671875,53.32135009765625,52.278934478759766,52.60244369506836,3670710
2015-10-28,52.6240119934082,53.12005615234375,51.689430236816406,52.45866394042969,5240593
2015-10-29,52.41552734375,52.480228424072266,51.91229248046875,52.12796401977539,3230180
2015-10-30,52.264556884765625,52.264556884765625,50.682960510253906,50.97771453857422,6806024
2015-11-02,51.30122375488281,51.861968994140625,51.27965545654297,51.63911056518555,4055878
2015-11-03,51.38030242919922,52.092018127441406,51.329978942871094,51.91229248046875,3707015
2015-11-04,51.962615966796875,52.09920883178711,51.286842346191406,51.430625915527344,3273579
2015-11-05,51.51689529418945,51.71099853515625,50.884254455566406,51.16463088989258,3596987
2015-11-06,50.956146240234375,51.286842346191406,50.682960510253906,51.2149543762207,3502538
2015-11-09,50.80517578125,50.80517578125,49.173255920410156,49.6046028137207,6944568
2015-11-10,49.48238754272461,49.82746124267578,49.130123138427734,49.432064056396484,4109431
2015-11-11,49.69805908203125,49.834651947021484,49.07979965209961,49.20201110839844,3746241
2015-11-12,49.115745544433594,49.22357940673828,47.94392395019531,48.253055572509766,9025782
2015-11-13,49.87059783935547,50.23004913330078,48.79942321777344,49.94248580932617,11121323
2015-11-16,49.68368148803711,49.863407135009766,49.029476165771484,49.475196838378906,4785875
2015-11-17,49.45362854003906,50.35945510864258,49.29547119140625,50.280372619628906,7034426
2015-11-18,50.323509216308594,51.258087158203125,50.122215270996094,51.128684997558594,6653431
2015-11-19,51.042415618896484,51.75413513183594,50.869876861572266,51.531272888183594,4422545
2015-11-20,51.876346588134766,52.72465896606445,51.660675048828125,52.30769348144531,5928998
2015-11-23,52.3436393737793,52.681522369384766,52.1423454284668,52.25736999511719,3554005
2015-11-24,51.646297454833984,52.250179290771484,51.488136291503906,52.034507751464844,3045455
2015-11-25,52.24299240112305,52.40114974975586,52.09920883178711,52.18547821044922,3222808
2015-11-27,52.25736999511719,52.480228424072266,51.90510559082031,52.451473236083984,2558884
2015-11-30,52.329261779785156,52.530555725097656,52.063262939453125,52.12796401977539,4477490
2015-12-01,52.6240119934082,53.774261474609375,52.6240119934082,53.544212341308594,7057517
2015-12-02,53.558589935302734,54.277496337890625,53.537025451660156,53.88209915161133,4914542
2015-12-03,53.96836853027344,54.047447204589844,52.4227180480957,52.57368850708008,5513646
2015-12-04,52.969085693359375,54.93889236450195,52.839683532714844,54.73759841918945,5537710
2015-12-07,54.58662796020508,55.09705352783203,53.925235748291016,54.931705474853516,5042375
2015-12-08,54.140907287597656,54.88856887817383,53.29259490966797,54.342201232910156,4190666
2015-12-09,54.29906463623047,55.017974853515625,52.9475212097168,53.055355072021484,7179507
2015-12-10,53.19913864135742,53.271026611328125,51.16463088989258,52.6168212890625,9046229
2015-12-11,52.18547821044922,52.45866394042969,50.99209213256836,51.258087158203125,5428238
2015-12-14,51.157440185546875,51.531272888183594,50.668582916259766,51.50970458984375,6037496
2015-12-15,51.91229248046875,52.4227180480957,51.8188362121582,52.19985580444336,6818126
2015-12-16,52.552120208740234,53.0194091796875,51.82602310180664,52.868438720703125,4412948
2015-12-17,52.868438720703125,53.20632553100586,51.90510559082031,51.90510559082031,4493765
2015-12-18,51.646297454833984,51.88353729248047,51.042415618896484,51.646297454833984,6995200
2015-12-21,51.76851272583008,52.933143615722656,51.76851272583008,52.767791748046875,6713522
2015-12-22,52.90438461303711,52.9475212097168,51.8116455078125,52.480228424072266,6282312
2015-12-23,52.57368850708008,53.40043258666992,52.552120208740234,53.285404205322266,4799367
2015-12-24,53.084110260009766,53.673614501953125,52.969085693359375,53.19913864135742,2128508
2015-12-28,52.9475212097168,53.16319274902344,52.52336502075195,53.084110260009766,4813834
2015-12-29,53.32854080200195,53.738319396972656,53.033790588378906,53.371673583984375,3702286
2015-12-30,53.31416320800781,53.472320556640625,52.99065399169922,53.06254577636719,3076336
2015-12-31,52.940330505371094,53.12724685668945,52.49460983276367,52.51617431640625,2431607
2016-01-04,51.272464752197266,51.9410514831543,50.783607482910156,51.91229248046875,4821623
2016-01-05,52.35801696777344,52.6240119934082,51.26527786254883,51.78289031982422,5273420
2016-01-06,51.19338607788086,51.746944427490234,50.91301345825195,51.4162483215332,5049330
2016-01-07,50.18691635131836,50.625450134277344,49.374549865722656,49.662113189697266,11005453
2016-01-08,49.777137756347656,50.15816116333008,48.86412811279297,48.9863395690918,5996184
2016-01-11,49.25233459472656,49.561466217041016,48.353702545166016,48.90007019042969,5891859
2016-01-12,49.29547119140625,50.17253875732422,49.216392517089844,50.01437759399414,4545788
2016-01-13,50.69015121459961,50.69015121459961,49.43925094604492,49.62616729736328,6756365
2016-01-14,49.78432846069336,50.50323486328125,48.7850456237793,50.33069610595703,5242123
2016-01-15,49.06542205810547,49.446441650390625,47.99424743652344,48.23148727416992,9504008
2016-01-19,48.47591781616211,49.81308364868164,48.41840362548828,49.43925094604492,9644777
2016-01-20,48.756290435791016,49.26671600341797,47.79295349121094,48.87850570678711,7391218
2016-01-21,49.115745544433594,50.237239837646484,48.6628303527832,49.575843811035156,5885738
2016-01-22,49.76995086669922,50.05751419067383,49.36736297607422,49.5902214050293,7474399
2016-01-25,49.43925094604492,49.82746124267578,48.41840362548828,48.44715881347656,6917026
2016-01-26,48.83536911010742,50.35945510864258,48.713157653808594,50.23004913330078,4331435
2016-01-27,49.949676513671875,50.625450134277344,49.633358001708984,49.89216232299805,4056852
2016-01-28,50.17253875732422,51.12149429321289,49.82746124267578,50.61825942993164,5690303
2016-01-29,50.83393096923828,52.05607604980469,50.668582916259766,52.02731704711914,6014267
2016-02-01,51.70381164550781,52.8253059387207,51.38030242919922,52.552120208740234,6805746
2016-02-02,52.17110061645508,53.10567855834961,51.430625915527344,51.991371154785156,14394207
2016-02-03,52.18547821044922,52.67433547973633,51.35154724121094,52.08483123779297,14667956
2016-02-04,51.7397575378418,52.47304153442383,50.381019592285156,51.98418426513672,17138928
2016-02-05,51.98418426513672,52.2214241027832,49.95686721801758,50.150970458984375,10857033
2016-02-08,49.3961181640625,49.45362854003906,48.09489440917969,48.47591781616211,6984767
2016-02-09,47.94392395019531,49.08698654174805,47.721065521240234,47.7857666015625,6272575
2016-02-10,48.109275817871094,48.87850570678711,47.94392395019531,47.99424743652344,3499617
2016-02-11,47.268150329589844,47.5772819519043,46.427032470703125,46.90150833129883,4445914
2016-02-12,47.40474319458008,48.51905059814453,47.232208251953125,48.411216735839844,4039464
2016-02-16,49.00790786743164,50.265995025634766,49.00790786743164,49.978431701660156,6773753
2016-02-17,50.35945510864258,51.51689529418945,50.323509216308594,51.186195373535156,6475801
2016-02-18,50.94895935058594,51.49532699584961,50.58950424194336,51.06398391723633,4097886
2016-02-19,50.92020034790039,51.028038024902344,50.14377975463867,50.69733810424805,4640376
2016-02-22,51.26527786254883,51.861968994140625,51.12149429321289,51.732566833496094,7635199
2016-02-23,51.373111724853516,51.89791488647461,51.042415618896484,51.4090576171875,4782536
2016-02-24,50.83393096923828,51.5384635925293,49.9928092956543,51.387489318847656,4711734
2016-02-25,51.62472915649414,51.71818923950195,49.97124481201172,51.0136604309082,6946793
2016-02-26,51.43781661987305,51.43781661987305,50.639827728271484,51.344356536865234,8354207
2016-02-29,51.26527786254883,52.7462272644043,51.20057678222656,52.09920883178711,7788348
2016-03-01,52.40114974975586,55.132999420166016,52.336448669433594,54.77354431152344,9650480
2016-03-02,54.50754928588867,54.730411529541016,53.81739807128906,54.21279525756836,3719534
2016-03-03,54.29906463623047,54.953269958496094,53.85334396362305,54.917327880859375,2946555
2016-03-04,54.917327880859375,56.362327575683594,54.57225036621094,56.11071014404297,6650232
2016-03-07,55.71531295776367,56.376705169677734,55.248023986816406,56.11071014404297,4712430
2016-03-08,55.6434211730957,55.90941619873047,55.08986282348633,55.12580871582031,4995081
2016-03-09,55.42774963378906,55.81595993041992,54.651329040527344,54.852622985839844,3592397
2016-03-10,55.20488739013672,55.69374465942383,54.27030944824219,55.18332290649414,3424364
2016-03-11,55.470882415771484,55.923797607421875,55.19050979614258,55.90941619873047,2512424
2016-03-14,55.8447151184082,55.89503860473633,55.29834747314453,55.751258850097656,3647480
2016-03-15,55.67936706542969,56.92307662963867,55.54277420043945,56.240116119384766,4069510
2016-03-16,55.9669303894043,56.79367446899414,55.9669303894043,56.542057037353516,3322404
2016-03-17,56.642704010009766,57.12437057495117,56.161033630371094,56.642704010009766,3089133
2016-03-18,56.79367446899414,56.829620361328125,56.21854782104492,56.29762649536133,6928154
2016-03-21,56.39827346801758,57.23939514160156,56.33357238769531,57.10280227661133,5257424
2016-03-22,56.62113571166992,57.145938873291016,56.54924392700195,56.779296875,2783947
2016-03-23,56.865562438964844,58.5909423828125,56.161033630371094,57.907981872558594,9057775
2016-03-24,57.59165954589844,57.59165954589844,56.728973388671875,57.045291900634766,4167297
2016-03-28,57.419124603271484,57.562904357910156,57.066856384277344,57.368797302246094,2142836
2016-03-29,57.318477630615234,57.951114654541016,57.20344924926758,57.922359466552734,2922769
2016-03-30,58.36088943481445,59.18044662475586,58.07332992553711,59.130123138427734,5034029
2016-03-31,59.16606903076172,59.3961181640625,58.526241302490234,58.842559814453125,3889375
2016-04-01,58.14521789550781,59.52552032470703,58.03019332885742,59.144500732421875,3147277
2016-04-04,59.28109359741211,59.30984878540039,58.454349517822266,58.87850570678711,2851828
2016-04-05,58.87850570678711,59.245147705078125,58.24586486816406,58.641265869140625,2519101
2016-04-06,58.569374084472656,58.88569259643555,58.23148727416992,58.871315002441406,2212525
2016-04-07,58.69158935546875,59.13731002807617,58.07332992553711,58.425594329833984,2883682
2016-04-08,58.727535247802734,59.331417083740234,58.569374084472656,59.19482421875,4167714
2016-04-11,59.28828048706055,59.45362854003906,58.69877624511719,58.80661392211914,2807594
2016-04-12,58.69158935546875,59.1876335144043,58.03019332885742,58.9863395690918,5292755
2016-04-13,58.08051681518555,59.058231353759766,58.04457092285156,59.058231353759766,4137112
2016-04-14,58.89288330078125,59.259525299072266,58.63407516479492,59.23795700073242,3354118
2016-04-15,59.13731002807617,59.216392517089844,58.54780578613281,58.83536911010742,3356344
2016-04-18,58.92163848876953,59.417686462402344,58.60531997680664,59.3889274597168,3471797
2016-04-19,58.57656478881836,59.50395584106445,57.72825241088867,59.043853759765625,6371058
2016-04-20,59.30984878540039,59.97124481201172,58.70596694946289,59.331417083740234,6565798
2016-04-21,59.331417083740234,61.675052642822266,58.0589485168457,58.73472213745117,18525060
2016-04-22,58.741912841796875,59.058231353759766,57.92954635620117,58.368080139160156,4395977
2016-04-25,58.36088943481445,58.49748229980469,57.9798698425293,58.49029541015625,4138642
2016-04-26,58.5909423828125,59.00071716308594,58.48310470581055,58.97915267944336,4294295
2016-04-27,58.770668029785156,58.914451599121094,57.99424743652344,58.5837516784668,3223643
2016-04-28,58.224300384521484,58.50467300415039,57.70668411254883,57.82889938354492,1965483
2016-04-29,57.79295349121094,57.79295349121094,56.829620361328125,57.19626235961914,3140461
2016-05-02,57.64198303222656,58.31775665283203,57.54133605957031,58.209922790527344,2524109
2016-05-03,57.951114654541016,58.10208511352539,57.20344924926758,57.31128692626953,2089560
2016-05-04,56.9734001159668,58.09489440917969,56.93745422363281,57.9798698425293,3604081
2016-05-05,57.936737060546875,58.33213424682617,57.519771575927734,58.11646270751953,3723151
2016-05-06,57.91516876220703,58.27462387084961,57.23939514160156,58.20273208618164,4404323
2016-05-09,58.253055572509766,59.130123138427734,58.09489440917969,58.86412811279297,2167039
2016-05-10,59.043853759765625,59.70524978637695,58.670021057128906,59.597412109375,2511729
2016-05-11,59.25233459472656,59.259525299072266,57.94392395019531,58.008628845214844,2816636
2016-05-12,58.37527084350586,58.95039367675781,58.152408599853516,58.641265869140625,2395998
2016-05-13,58.43278121948242,58.54780578613281,57.67792892456055,57.72825241088867,2733871
2016-05-16,57.663551330566406,58.61969757080078,57.570091247558594,58.411216735839844,2373602
2016-05-17,58.41840362548828,58.89288330078125,57.97268295288086,58.21710968017578,2932645
2016-05-18,58.09489440917969,58.09489440917969,57.28971862792969,57.634796142578125,2654306
2016-05-19,57.50539016723633,57.67792892456055,56.95183181762695,57.562904357910156,2774767
2016-05-20,57.570091247558594,58.21710968017578,56.815242767333984,57.22501754760742,7525171
2016-05-23,57.32566452026367,57.64198303222656,56.312007904052734,57.49820327758789,4865023
2016-05-24,57.8576545715332,59.273902893066406,57.8576545715332,59.043853759765625,5034585
2016-05-25,59.07979965209961,59.64054489135742,58.73472213745117,59.38174057006836,6502925
2016-05-26,59.56865692138672,59.97124481201172,59.144500732421875,59.273902893066406,3582799
2016-05-27,59.331417083740234,59.68368148803711,59.115745544433594,59.374549865722656,2552207
2016-05-31,59.130123138427734,59.38174057006836,58.842559814453125,59.015098571777344,6090354
2016-06-01,58.6628303527832,59.597412109375,58.56218338012695,59.259525299072266,3609923
2016-06-02,59.15168762207031,59.49676513671875,58.63407516479492,59.28109359741211,2827903
2016-06-03,59.115745544433594,59.56865692138672,58.83536911010742,59.3889274597168,1848083
2016-06-06,59.43925094604492,60.01437759399414,59.245147705078125,59.8058967590332,2479040
2016-06-07,59.66930389404297,60.567935943603516,59.66930389404297,60.12940216064453,4047810
2016-06-08,60.02875518798828,60.58950424194336,59.81308364868164,60.524803161621094,3100678
2016-06-09,60.23004913330078,60.625450134277344,60.179725646972656,60.1941032409668,3514222
2016-06-10,59.81308364868164,59.9928092956543,59.144500732421875,59.30984878540039,3297644
2016-06-13,59.1876335144043,60.02875518798828,59.00790786743164,59.360172271728516,4552604
2016-06-14,59.19482421875,59.561466217041016,58.95039367675781,59.30266189575195,3917612
2016-06-15,59.56865692138672,60.122215270996094,59.49676513671875,59.53989791870117,3704511
2016-06-16,59.1876335144043,59.676490783691406,58.70596694946289,59.61178970336914,3736365
2016-06-17,59.46800994873047,60.136592864990234,59.30266189575195,60.064701080322266,4619372
2016-06-20,60.754852294921875,61.35154724121094,60.4097785949707,60.424156188964844,4058382
2016-06-21,60.73328399658203,60.783607482910156,60.30194091796875,60.5966911315918,2987033
2016-06-22,60.56074905395508,60.70452880859375,60.30913162231445,60.30913162231445,2797301
2016-06-23,60.8123664855957,61.76851272583008,60.783607482910156,61.75413513183594,3781155
2016-06-24,59.762760162353516,60.424156188964844,58.64845275878906,59.058231353759766,6810892
2016-06-27,58.13084030151367,58.4615364074707,56.89432144165039,57.030914306640625,5675836
2016-06-28,57.44068908691406,58.37527084350586,57.28253173828125,58.37527084350586,6699056
2016-06-29,58.957584381103516,59.53989791870117,58.64845275878906,59.41049575805664,4210557
2016-06-30,59.41049575805664,59.62616729736328,58.80661392211914,59.61178970336914,5201505
2016-07-01,59.633358001708984,60.4097785949707,59.3961181640625,60.050323486328125,2548173
2016-07-05,59.88497543334961,60.323509216308594,59.597412109375,59.69805908203125,3534670
2016-07-06,60.0071907043457,60.61825942993164,59.647735595703125,60.51042556762695,4323089
2016-07-07,60.6038818359375,60.941768646240234,60.366641998291016,60.6110725402832,4921497
2016-07-08,61.10711669921875,62.11358642578125,61.0064697265625,61.65348815917969,5619918
2016-07-11,61.75413513183594,62.25736999511719,61.49532699584961,62.1423454284668,4482080
2016-07-12,62.480228424072266,62.832496643066406,61.85478210449219,61.991371154785156,6801851
2016-07-13,61.574405670166016,62.012939453125,61.15025329589844,61.63911056518555,8687491
2016-07-14,64.73760223388672,65.13299560546875,63.16319274902344,63.457942962646484,14672407
2016-07-15,63.623294830322266,63.824588775634766,62.87562942504883,62.89719772338867,5880453
2016-07-18,63.04816818237305,63.235084533691406,62.52336502075195,62.97627639770508,4915933
2016-07-19,62.68871307373047,63.27821731567383,62.68871307373047,62.9475212097168,3152562
2016-07-20,63.26383972167969,63.51545715332031,63.084110260009766,63.170379638671875,2033781
2016-07-21,62.92595291137695,63.357295989990234,62.731849670410156,63.19194793701172,2784921
2016-07-22,63.285404205322266,64.9532699584961,63.285404205322266,64.77354431152344,5673750
2016-07-25,64.65132904052734,64.97483825683594,64.52911376953125,64.94608306884766,3542460
2016-07-26,64.25592803955078,64.78792572021484,63.88928985595703,64.1624755859375,5646347
2016-07-27,64.20560455322266,64.6297607421875,64.0402603149414,64.50035858154297,5351733
2016-07-28,64.47879028320312,65.09705352783203,64.428466796875,64.8885726928711,3240195
2016-07-29,64.766357421875,64.96045684814453,64.19841766357422,64.28468322753906,2924995
2016-08-01,64.13372039794922,64.65132904052734,64.03307342529297,64.28468322753906,3333671
2016-08-02,64.19841766357422,64.2415542602539,63.033790588378906,63.486698150634766,3226981
2016-08-03,63.40043258666992,63.544212341308594,63.09849166870117,63.52983474731445,2571681
2016-08-04,63.457942962646484,63.874908447265625,63.2278938293457,63.56578063964844,2495871
2016-08-05,63.846153259277344,64.17684936523438,63.69518280029297,63.79582977294922,2418532
2016-08-08,63.96836853027344,64.11215209960938,63.66642761230469,64.04744720458984,4308344
2016-08-09,63.91085433959961,64.59381866455078,63.91085433959961,64.01150512695312,2908164
2016-08-10,64.12652587890625,64.33501434326172,63.537025451660156,63.59453582763672,3588085
2016-08-11,63.88209915161133,64.96045684814453,63.88209915161133,64.6872787475586,3499478
2016-08-12,64.39252471923828,65.19051361083984,64.27749633789062,64.67289733886719,3141574
2016-08-15,64.65132904052734,65.08267211914062,64.59381866455078,64.65851593017578,1936689
2016-08-16,64.42127990722656,64.93170166015625,64.36376953125,64.55786895751953,2305861
2016-08-17,64.45003509521484,64.73760223388672,64.1624755859375,64.61538696289062,2467495
2016-08-18,64.61538696289062,65.33428955078125,64.54349517822266,65.2480239868164,2912059
2016-08-19,65.0323486328125,65.1114273071289,64.17684936523438,64.20560455322266,3504485
2016-08-22,64.20560455322266,64.65851593017578,64.05463409423828,64.55786895751953,2520770
2016-08-23,64.70165252685547,65.27677917480469,64.63695526123047,64.91732788085938,2385982
2016-08-24,64.85262298583984,65.1545639038086,64.42127990722656,64.52192687988281,2829990
2016-08-25,64.50035858154297,64.91732788085938,64.3493881225586,64.65851593017578,3396405
2016-08-26,64.68008422851562,65.30553436279297,64.2415542602539,64.36376953125,3377765
2016-08-29,64.6297607421875,65.3702392578125,64.47879028320312,65.2480239868164,2503522
2016-08-30,65.26239776611328,65.52839660644531,65.0323486328125,65.26239776611328,3057140
2016-08-31,65.02516174316406,65.41336822509766,64.93170166015625,65.21207427978516,2861009
2016-09-01,65.11862182617188,65.44213104248047,65.01797485351562,65.2480239868164,2468051
2016-09-02,65.67936706542969,66.13227844238281,65.4493179321289,65.60747528076172,4871421
2016-09-06,65.84471893310547,66.0963363647461,65.4493179321289,65.60028839111328,6717695
2016-09-07,65.45650482177734,65.49964141845703,64.83824920654297,65.13299560546875,5782109
2016-09-08,64.72322082519531,64.83824920654297,63.86772155761719,63.90366744995117,4866274
2016-09-09,63.572967529296875,63.572967529296875,62.52336502075195,62.52336502075195,5182866
2016-09-12,62.38677215576172,63.860530853271484,62.31488037109375,63.738319396972656,5167565
2016-09-13,63.26383972167969,63.27821731567383,62.19985580444336,62.336448669433594,4146571
2016-09-14,62.336448669433594,62.933143615722656,62.2142333984375,62.49460983276367,3174540
2016-09-15,62.38677215576172,63.220703125,62.012939453125,63.11286926269531,4228501
2016-09-16,62.79655075073242,63.31416320800781,62.60244369506836,63.29259490966797,11726130
2016-09-19,63.60891342163086,63.860530853271484,63.3501091003418,63.544212341308594,2848768
2016-09-20,63.69518280029297,64.06182861328125,63.522647857666016,63.846153259277344,2404900
2016-09-21,63.91085433959961,64.55786895751953,63.90366744995117,64.43566131591797,2350373
2016-09-22,64.89575958251953,65.2911605834961,64.766357421875,65.03954315185547,2459010
2016-09-23,64.4428482055664,65.33428955078125,64.40689849853516,65.16175079345703,3033493
2016-09-26,64.85980987548828,65.02516174316406,64.32781982421875,64.35657501220703,4945979
2016-09-27,64.52911376953125,64.92451477050781,64.1624755859375,64.60100555419922,4640654
2016-09-28,64.62257385253906,64.91732788085938,64.34220123291016,64.85980987548828,3363855
2016-09-29,64.88137817382812,65.30553436279297,64.45722198486328,64.5650634765625,3090663
2016-09-30,64.61538696289062,65.78001403808594,64.58663177490234,65.28396606445312,5022623
2016-10-03,65.28396606445312,65.62185668945312,65.07548522949219,65.36304473876953,4435899
2016-10-04,65.54996490478516,66.06757354736328,64.86700439453125,64.90294647216797,5586395
2016-10-05,65.0898666381836,65.21207427978516,63.486698150634766,63.70956039428711,12595505
2016-10-06,62.50898742675781,63.10567855834961,62.18547821044922,62.86125183105469,12005999
2016-10-07,63.055355072021484,63.256649017333984,62.652767181396484,63.06254577636719,8699870
2016-10-10,63.29978561401367,63.637672424316406,62.782169342041016,62.8253059387207,6934970
2016-10-11,65.01078033447266,65.19051361083984,63.39324188232422,63.443565368652344,9024252
2016-10-12,63.61610412597656,64.42127990722656,63.17757034301758,63.939613342285156,6179657
2016-10-13,63.66642761230469,64.72322082519531,63.522647857666016,64.24874114990234,5816467
2016-10-14,64.58663177490234,64.73760223388672,64.11215209960938,64.11215209960938,6668732
2016-10-17,63.6304817199707,63.76707458496094,62.29331588745117,62.350826263427734,6430454
2016-10-18,62.86125183105469,62.87562942504883,61.9410514831543,61.9410514831543,4373443
2016-10-19,62.379581451416016,62.882816314697266,62.063262939453125,62.71746826171875,5096346
2016-10-20,62.350826263427734,62.50179672241211,61.91948318481445,61.96980667114258,3446759
2016-10-21,61.85478210449219,62.652767181396484,61.82602310180664,62.52336502075195,9168498
2016-10-24,62.566497802734375,63.26383972167969,62.49460983276367,63.12005615234375,4859459
2016-10-25,62.19985580444336,62.638389587402344,61.50970458984375,61.631919860839844,4122507
2016-10-26,61.42343521118164,61.746944427490234,61.272464752197266,61.631919860839844,3146303
2016-10-27,61.85478210449219,61.88353729248047,61.229331970214844,61.36592483520508,3130306
2016-10-28,61.32278823852539,61.76851272583008,61.16463088989258,61.62472915649414,2913032
2016-10-31,62.063262939453125,62.07045364379883,61.52408218383789,62.02731704711914,5419197
2016-11-01,62.209999084472656,62.630001068115234,60.58000183105469,60.689998626708984,12111800
2016-11-02,60.66999816894531,60.68000030517578,59.619998931884766,59.70000076293945,10132900
2016-11-03,59.88999938964844,60.45000076293945,59.72999954223633,60.150001525878906,7187800
2016-11-04,60.18000030517578,60.25,59.56999969482422,59.810001373291016,4125200
2016-11-07,60.650001525878906,62.040000915527344,60.22999954223633,62.0099983215332,4963100
2016-11-08,62.08000183105469,62.20000076293945,61.650001525878906,62.0,4932500
2016-11-09,61.02000045776367,62.099998474121094,60.7599983215332,61.869998931884766,4187600
2016-11-10,61.720001220703125,62.099998474121094,61.27000045776367,61.34000015258789,6740300
2016-11-11,61.220001220703125,61.29999923706055,60.619998931884766,60.70000076293945,5618900
2016-11-14,61.099998474121094,61.45000076293945,60.63999938964844,60.70000076293945,3699300
2016-11-15,60.779998779296875,60.939998626708984,60.369998931884766,60.70000076293945,4151900
2016-11-16,60.4900016784668,60.75,60.34000015258789,60.400001525878906,4928000
2016-11-17,60.560001373291016,60.91999816894531,60.369998931884766,60.7599983215332,2884200
2016-11-18,61.83000183105469,62.45000076293945,61.380001068115234,62.36000061035156,4719500
2016-11-21,62.33000183105469,62.369998931884766,61.880001068115234,62.0,2934300
2016-11-22,62.02000045776367,62.84000015258789,62.0,62.72999954223633,2545400
2016-11-23,62.47999954223633,63.209999084472656,62.47999954223633,63.150001525878906,1979300
2016-11-25,63.130001068115234,63.45000076293945,62.970001220703125,63.34000015258789,872000
2016-11-28,63.08000183105469,63.66999816894531,62.77000045776367,63.11000061035156,3501800
2016-11-29,63.15999984741211,63.880001068115234,63.15999984741211,63.540000915527344,3167300
2016-11-30,63.540000915527344,63.689998626708984,63.20000076293945,63.38999938964844,4875800
2016-12-01,63.439998626708984,63.540000915527344,62.540000915527344,62.689998626708984,3354100
2016-12-02,62.5099983215332,62.7400016784668,62.31999969482422,62.41999816894531,2047800
2016-12-05,62.59000015258789,63.349998474121094,62.560001373291016,63.060001373291016,2280900
2016-12-06,63.060001373291016,63.5099983215332,62.939998626708984,63.459999084472656,2884000
2016-12-07,63.41999816894531,64.4800033569336,63.349998474121094,64.44000244140625,2655000
2016-12-08,64.48999786376953,64.80999755859375,64.23999786376953,64.36000061035156,2033800
2016-12-09,64.33999633789062,64.52999877929688,63.959999084472656,64.48999786376953,2395000
2016-12-12,64.33999633789062,64.98999786376953,64.08999633789062,64.73999786376953,2275400
2016-12-13,64.81999969482422,65.31999969482422,64.5999984741211,64.62000274658203,2007300
2016-12-14,64.69000244140625,64.7699966430664,63.79999923706055,63.880001068115234,2695100
2016-12-15,63.58000183105469,64.12000274658203,63.38999938964844,63.810001373291016,2583300
2016-12-16,64.08000183105469,64.47000122070312,63.66999816894531,64.25,3392700
2016-12-19,64.20999908447266,64.44000244140625,64.01000213623047,64.04000091552734,1540600
2016-12-20,64.11000061035156,64.48999786376953,64.0,64.22000122070312,1679500
2016-12-21,64.12000274658203,64.55999755859375,64.05000305175781,64.19000244140625,1095500
2016-12-22,64.02999877929688,64.25,63.75,64.05000305175781,1513200
2016-12-23,63.869998931884766,64.01000213623047,63.599998474121094,63.810001373291016,1300700
2016-12-27,64.01000213623047,64.48999786376953,63.869998931884766,64.02999877929688,1402900
2016-12-28,64.05999755859375,64.25,63.619998931884766,63.720001220703125,1820200
2016-12-29,63.560001373291016,63.939998626708984,63.529998779296875,63.630001068115234,1421400
2016-12-30,63.93000030517578,63.939998626708984,63.15999984741211,63.33000183105469,1887100
2017-01-03,63.560001373291016,63.790000915527344,62.81999969482422,63.209999084472656,4793400
2017-01-04,63.150001525878906,63.79999923706055,63.06999969482422,63.439998626708984,2835200
2017-01-05,63.349998474121094,63.77000045776367,63.18000030517578,63.650001525878906,4040000
2017-01-06,63.650001525878906,64.83000183105469,63.380001068115234,64.41999816894531,2863800
2017-01-09,64.37999725341797,64.8499984741211,64.33000183105469,64.5999984741211,1944200
2017-01-10,64.76000213623047,65.18000030517578,64.66000366210938,64.9800033569336,2560700
2017-01-11,64.4800033569336,64.72000122070312,64.2300033569336,64.48999786376953,1268000
2017-01-12,64.26000213623047,64.80999755859375,64.16000366210938,64.66000366210938,1049900
2017-01-13,64.69999694824219,64.88999938964844,64.41999816894531,64.66000366210938,1557700
2017-01-17,64.26000213623047,64.69000244140625,63.970001220703125,64.16999816894531,1596000
2017-01-18,64.44000244140625,64.55000305175781,64.0199966430664,64.36000061035156,1632700
2017-01-19,64.61000061035156,64.63999938964844,63.83000183105469,64.02999877929688,1551300
2017-01-20,64.19999694824219,64.66999816894531,64.05000305175781,64.58000183105469,2153900
2017-01-23,64.33000183105469,64.48999786376953,62.36000061035156,64.41000366210938,3505900
2017-01-24,64.62000274658203,65.43000030517578,64.62000274658203,65.33000183105469,1931500
2017-01-25,65.56999969482422,66.20999908447266,65.5,65.5999984741211,2818900
2017-01-26,65.58000183105469,65.79000091552734,65.29000091552734,65.30000305175781,2157300
2017-01-27,65.16000366210938,65.94999694824219,64.9000015258789,65.9000015258789,1982000
2017-01-30,65.83000183105469,65.93000030517578,65.05000305175781,65.68000030517578,1841200
2017-01-31,65.66999816894531,65.93000030517578,65.11000061035156,65.52999877929688,3254300
2017-02-01,65.4800033569336,65.75,64.80000305175781,64.87000274658203,2028100
2017-02-02,64.91999816894531,65.8499984741211,64.69000244140625,65.66999816894531,1554700
2017-02-03,66.01000213623047,66.52999877929688,65.83999633789062,66.2300033569336,1858700
2017-02-06,66.04000091552734,66.47000122070312,66.01000213623047,66.30000305175781,1235900
2017-02-07,66.4800033569336,66.87999725341797,66.38999938964844,66.48999786376953,1495900
2017-02-08,66.43000030517578,66.80000305175781,66.30000305175781,66.58999633789062,2477900
2017-02-09,66.58999633789062,67.98999786376953,66.0199966430664,67.38999938964844,2985400
2017-02-10,67.36000061035156,68.2699966430664,67.08000183105469,68.0,3190600
2017-02-13,68.13999938964844,68.9800033569336,67.79000091552734,68.11000061035156,4407200
2017-02-14,68.25,68.69999694824219,68.12000274658203,68.58000183105469,1946000
2017-02-15,68.33999633789062,68.94000244140625,68.2300033569336,68.6500015258789,1590300
2017-02-16,68.80000305175781,68.9000015258789,68.08000183105469,68.44000244140625,1968900
2017-02-17,68.3499984741211,68.62000274658203,67.9800033569336,68.4000015258789,2233200
2017-02-21,67.9000015258789,68.58000183105469,67.48999786376953,67.66999816894531,3600900
2017-02-22,65.9000015258789,66.33000183105469,65.80999755859375,66.0999984741211,5925800
2017-02-23,66.4000015258789,66.45999908447266,65.69000244140625,65.75,3952400
2017-02-24,65.58000183105469,66.01000213623047,65.54000091552734,65.94999694824219,2375200
2017-02-27,65.93000030517578,66.01000213623047,65.2699966430664,65.5199966430664,1816000
2017-02-28,65.47000122070312,65.48999786376953,65.12000274658203,65.31999969482422,2681400
2017-03-01,65.9000015258789,65.94999694824219,65.37000274658203,65.56999969482422,2311500
2017-03-02,65.41999816894531,65.5,64.91999816894531,65.20999908447266,2176000
2017-03-03,65.16000366210938,65.30000305175781,64.41999816894531,65.02999877929688,2170400
2017-03-06,64.66999816894531,64.72000122070312,64.33999633789062,64.5,1985400
2017-03-07,64.33999633789062,64.41999816894531,63.9900016784668,64.0199966430664,2070900
2017-03-08,64.06999969482422,64.20999908447266,63.79999923706055,64.08000183105469,1844200
2017-03-09,63.9900016784668,64.16999816894531,63.689998626708984,63.810001373291016,1674300
2017-03-10,64.69000244140625,64.75,64.05000305175781,64.30999755859375,2565600
2017-03-13,64.30999755859375,64.5999984741211,64.08000183105469,64.37999725341797,1655800
2017-03-14,64.30999755859375,64.48999786376953,63.779998779296875,63.95000076293945,2002500
2017-03-15,64.16999816894531,64.25,63.25,63.90999984741211,2901700
2017-03-16,64.12000274658203,64.16999816894531,63.7599983215332,63.81999969482422,2593800
2017-03-17,63.90999984741211,64.26000213623047,63.79999923706055,63.869998931884766,7460700
2017-03-20,64.02999877929688,64.1500015258789,63.84000015258789,64.06999969482422,2534500
2017-03-21,64.37000274658203,64.41999816894531,63.529998779296875,63.72999954223633,3258400
2017-03-22,63.77000045776367,64.0,63.060001373291016,63.31999969482422,3157700
2017-03-23,63.29999923706055,63.58000183105469,63.08000183105469,63.18000030517578,2786500
2017-03-24,63.31999969482422,63.72999954223633,63.0099983215332,63.58000183105469,3271300
2017-03-27,63.119998931884766,63.599998474121094,62.849998474121094,63.5099983215332,4936600
2017-03-28,63.97999954223633,64.7300033569336,63.5099983215332,64.47000122070312,3824100
2017-03-29,64.4000015258789,64.69000244140625,63.7400016784668,64.05000305175781,2714600
2017-03-30,63.88999938964844,64.2699966430664,63.779998779296875,64.0199966430664,3254100
2017-03-31,64.0199966430664,64.37000274658203,63.900001525878906,63.900001525878906,2410400
2017-04-03,63.7400016784668,63.9900016784668,63.18000030517578,63.54999923706055,3206000
2017-04-04,63.470001220703125,64.0999984741211,63.310001373291016,63.84000015258789,2961800
2017-04-05,64.08000183105469,64.9000015258789,63.849998474121094,63.869998931884766,4807500
2017-04-06,64.16999816894531,64.7699966430664,64.0,64.55000305175781,4245400
2017-04-07,64.43000030517578,64.79000091552734,64.25,64.27999877929688,2984200
2017-04-10,64.23999786376953,64.61000061035156,64.08999633789062,64.12999725341797,2363900
2017-04-11,63.869998931884766,64.22000122070312,63.540000915527344,64.1500015258789,2116000
2017-04-12,64.19000244140625,64.25,63.91999816894531,64.02999877929688,1485000
2017-04-13,64.02999877929688,64.11000061035156,63.75,63.790000915527344,1965900
2017-04-17,63.900001525878906,64.18000030517578,63.84000015258789,63.88999938964844,1617000
2017-04-18,63.790000915527344,64.11000061035156,63.72999954223633,63.959999084472656,1598400
2017-04-19,64.20999908447266,64.8499984741211,64.12999725341797,64.54000091552734,3016100
2017-04-20,64.69999694824219,65.2300033569336,64.66000366210938,65.04000091552734,2448100
2017-04-21,65.0199966430664,65.12000274658203,64.55000305175781,64.81999969482422,2595700
2017-04-24,65.22000122070312,66.0,65.16999816894531,65.72000122070312,2525500
2017-04-25,65.80000305175781,66.48999786376953,65.72000122070312,65.9800033569336,3411300
2017-04-26,66.02999877929688,66.29000091552734,65.80000305175781,65.87999725341797,1684300
2017-04-27,66.19999694824219,66.69000244140625,65.94000244140625,66.01000213623047,2485100
2017-04-28,65.81999969482422,65.93000030517578,65.36000061035156,65.75,2318300
2017-05-01,65.72000122070312,66.01000213623047,65.58999633789062,65.75,2235300
2017-05-02,65.95999908447266,66.33999633789062,65.75,66.33999633789062,3240600
2017-05-03,67.16999816894531,68.80999755859375,66.91999816894531,68.25,4843000
2017-05-04,68.02999877929688,69.0,67.91000366210938,68.9800033569336,3752200
2017-05-05,69.0,69.4000015258789,68.69000244140625,69.30000305175781,2930200
2017-05-08,69.02999877929688,69.43000030517578,69.0,69.13999938964844,2930200
2017-05-09,69.18000030517578,69.33999633789062,68.7300033569336,68.76000213623047,2445100
2017-05-10,68.62000274658203,69.19000244140625,68.62000274658203,68.87999725341797,2022300
2017-05-11,69.37000274658203,69.41999816894531,68.47000122070312,69.12999725341797,3009200
2017-05-12,69.0999984741211,69.3499984741211,68.86000061035156,68.9000015258789,1482300
2017-05-15,68.9000015258789,69.33000183105469,68.73999786376953,69.22000122070312,1619900
2017-05-16,69.55000305175781,69.7699966430664,69.30000305175781,69.3499984741211,2440300
2017-05-17,69.3499984741211,69.37999725341797,68.79000091552734,69.16000366210938,1798500
2017-05-18,69.1500015258789,69.43000030517578,68.91000366210938,69.0999984741211,3139300
2017-05-19,69.37999725341797,70.44999694824219,69.1500015258789,70.06999969482422,4898100
2017-05-22,70.25,71.12999725341797,70.0,71.01000213623047,2485700
2017-05-23,71.06999969482422,71.12000274658203,70.7300033569336,70.91999816894531,2044500
2017-05-24,70.95999908447266,72.1500015258789,70.80000305175781,71.94999694824219,1996800
2017-05-25,72.16000366210938,72.33999633789062,71.91000366210938,72.12999725341797,1354800
2017-05-26,72.12999725341797,72.5199966430664,71.97000122070312,72.08999633789062,1337000
2017-05-30,72.12999725341797,72.45999908447266,71.95999908447266,72.41000366210938,3450900
2017-05-31,72.45999908447266,72.75,72.38999938964844,72.63999938964844,1689200
2017-06-01,72.63999938964844,73.83000183105469,72.55999755859375,73.83000183105469,2266100
2017-06-02,73.7699966430664,74.27999877929688,73.62000274658203,73.98999786376953,1802100
2017-06-05,73.9800033569336,74.45999908447266,73.88999938964844,74.19999694824219,2561700
2017-06-06,74.12999725341797,74.45999908447266,73.8499984741211,74.31999969482422,2155100
2017-06-07,74.5,74.5,73.87000274658203,74.26000213623047,1723500
2017-06-08,74.26000213623047,74.41000366210938,73.62999725341797,73.97000122070312,3343100
2017-06-09,73.9000015258789,74.36000061035156,72.87999725341797,73.0999984741211,2042900
2017-06-12,72.9800033569336,73.16999816894531,70.9000015258789,71.91000366210938,3710600
2017-06-13,72.05000305175781,72.8499984741211,71.80000305175781,72.66999816894531,2010100
2017-06-14,73.05999755859375,73.1500015258789,72.58000183105469,73.04000091552734,1576700
2017-06-15,72.66999816894531,72.69000244140625,72.26000213623047,72.61000061035156,1250800
2017-06-16,72.66000366210938,73.01000213623047,72.44000244140625,72.77999877929688,2130000
2017-06-19,72.91000366210938,74.04000091552734,72.83000183105469,73.93000030517578,2198200
2017-06-20,73.88999938964844,74.25,73.58000183105469,73.91000366210938,2828600
2017-06-21,74.0,74.6500015258789,73.86000061035156,74.4000015258789,2552800
2017-06-22,74.44000244140625,74.81999969482422,74.05999755859375,74.54000091552734,1587200
2017-06-23,74.83000183105469,75.3499984741211,74.68000030517578,74.81999969482422,2446300
2017-06-26,75.0199966430664,75.44999694824219,74.63999938964844,74.73999786376953,1001900
2017-06-27,74.70999908447266,74.97000122070312,73.88999938964844,73.97000122070312,1399000
2017-06-28,74.4000015258789,74.47000122070312,74.08000183105469,74.1500015258789,1181300
2017-06-29,74.13999938964844,74.13999938964844,73.0,73.44999694824219,1270900
2017-06-30,73.54000091552734,74.1500015258789,73.54000091552734,73.76000213623047,1727000
2017-07-03,73.5999984741211,74.04000091552734,73.33999633789062,73.3499984741211,2692200
2017-07-05,73.33000183105469,73.41000366210938,72.4800033569336,73.08000183105469,3148000
2017-07-06,72.80000305175781,72.81999969482422,72.37999725341797,72.6500015258789,2339000
2017-07-07,72.7699966430664,73.75,72.70999908447266,73.48999786376953,2150100
2017-07-10,73.47000122070312,73.62999725341797,73.16000366210938,73.54000091552734,2446400
2017-07-11,73.56999969482422,74.41000366210938,73.4800033569336,73.97000122070312,3091800
2017-07-12,73.88999938964844,74.33000183105469,73.87000274658203,74.0999984741211,1481100
2017-07-13,74.12000274658203,74.12000274658203,72.91999816894531,73.41999816894531,1462500
2017-07-14,73.41999816894531,73.75,73.4000015258789,73.5999984741211,1376200
2017-07-17,73.48999786376953,73.80999755859375,73.25,73.56999969482422,1029400
2017-07-18,73.5199966430664,73.77999877929688,73.05000305175781,73.76000213623047,1305900
2017-07-19,73.9000015258789,74.25,73.79000091552734,74.1500015258789,1334100
2017-07-20,74.30000305175781,74.80000305175781,74.12999725341797,74.62000274658203,1963000
2017-07-21,74.30000305175781,75.18000030517578,74.30000305175781,74.73999786376953,1363400
2017-07-24,74.75,74.91999816894531,74.51000213623047,74.58999633789062,1229600
2017-07-25,75.0,75.44000244140625,74.51000213623047,74.80000305175781,1693100
2017-07-26,74.86000061035156,74.86000061035156,74.16999816894531,74.58999633789062,1479700
2017-07-27,74.45999908447266,75.62999725341797,74.33999633789062,75.61000061035156,2081900
2017-07-28,75.41000366210938,75.5,74.37000274658203,75.0,2050400
2017-07-31,75.30000305175781,75.68000030517578,75.0199966430664,75.4800033569336,2135800
2017-08-01,75.81999969482422,76.31999969482422,75.29000091552734,75.52999877929688,1814500
2017-08-02,75.43000030517578,76.62000274658203,75.38999938964844,76.62000274658203,2107200
2017-08-03,75.18000030517578,76.47000122070312,74.51000213623047,74.86000061035156,3217900
2017-08-04,75.02999877929688,75.06999969482422,74.19000244140625,75.02999877929688,2272100
2017-08-07,75.0199966430664,75.04000091552734,74.38999938964844,74.98999786376953,1719700
2017-08-08,74.70999908447266,74.87000274658203,74.1500015258789,74.19999694824219,1409500
2017-08-09,74.12999725341797,75.11000061035156,73.7699966430664,75.06999969482422,1837200
2017-08-10,74.80000305175781,75.75,74.58000183105469,75.36000061035156,2259600
2017-08-11,75.44999694824219,76.13999938964844,75.2699966430664,75.55999755859375,2183900
2017-08-14,76.0999984741211,76.47000122070312,75.81999969482422,76.27999877929688,2121500
2017-08-15,76.37000274658203,76.5999984741211,76.06999969482422,76.38999938964844,1480400
2017-08-16,76.45999908447266,77.12999725341797,76.25,76.41999816894531,1499000
2017-08-17,76.26000213623047,76.83999633789062,75.52999877929688,75.54000091552734,1697200
2017-08-18,75.44000244140625,75.7300033569336,75.0,75.41000366210938,2053600
2017-08-21,75.5999984741211,76.11000061035156,75.43000030517578,75.8499984741211,1225300
2017-08-22,76.01000213623047,76.70999908447266,75.9000015258789,76.55000305175781,1215500
2017-08-23,76.3499984741211,76.5999984741211,76.02999877929688,76.41000366210938,1344000
2017-08-24,76.54000091552734,76.58000183105469,76.02999877929688,76.26000213623047,1118200
2017-08-25,76.56999969482422,76.58999633789062,75.80999755859375,75.83000183105469,1188800
2017-08-28,76.12999725341797,76.26000213623047,75.69000244140625,76.20999908447266,1262800
2017-08-29,76.01000213623047,76.16000366210938,75.68000030517578,76.08999633789062,1203300
2017-08-30,76.05000305175781,76.5,75.83000183105469,76.0199966430664,1657700
2017-08-31,76.0999984741211,76.93000030517578,75.83999633789062,76.81999969482422,1934700
2017-09-01,76.98999786376953,77.4800033569336,76.54000091552734,76.62999725341797,1373900
2017-09-05,76.26000213623047,76.87000274658203,76.19999694824219,76.31999969482422,2211200
2017-09-06,76.38999938964844,76.51000213623047,75.80999755859375,76.20999908447266,1596000
2017-09-07,76.30999755859375,76.81999969482422,76.1500015258789,76.47000122070312,1224400
2017-09-08,76.41999816894531,77.08999633789062,76.3499984741211,76.4800033569336,1375600
2017-09-11,76.81999969482422,78.13999938964844,76.75,77.80000305175781,1675200
2017-09-12,77.70999908447266,77.91000366210938,76.80999755859375,77.16999816894531,1809900
2017-09-13,77.0999984741211,77.58000183105469,76.9000015258789,77.12999725341797,1340700
2017-09-14,77.20999908447266,77.58000183105469,76.98999786376953,77.16000366210938,1802400
2017-09-15,77.22000122070312,77.22000122070312,75.22000122070312,75.25,5742900
2017-09-18,75.36000061035156,75.97000122070312,75.3499984741211,75.70999908447266,2193500
2017-09-19,75.70999908447266,75.83000183105469,75.04000091552734,75.76000213623047,1444300
2017-09-20,75.91000366210938,76.63999938964844,75.88999938964844,76.37000274658203,1520300
2017-09-21,76.55000305175781,76.69000244140625,76.16999816894531,76.4800033569336,1270100
2017-09-22,76.4800033569336,76.4800033569336,75.79000091552734,75.97000122070312,1451900
2017-09-25,75.56999969482422,75.56999969482422,73.37999725341797,73.94999694824219,3807100
2017-09-26,73.97000122070312,74.12999725341797,73.30999755859375,73.4000015258789,2306700
2017-09-27,73.41000366210938,73.75,72.68000030517578,73.0999984741211,3166400
2017-09-28,72.66000366210938,73.69999694824219,72.61000061035156,73.5,2410200
2017-09-29,73.5,73.94000244140625,73.20999908447266,73.61000061035156,1942300
2017-10-02,73.37000274658203,74.0199966430664,73.37000274658203,73.75,2155000
2017-10-03,73.80999755859375,74.38999938964844,73.80999755859375,73.91999816894531,1980200
2017-10-04,74.02999877929688,74.31999969482422,73.91999816894531,74.0999984741211,1420500
2017-10-05,74.11000061035156,74.91000366210938,74.0,74.58000183105469,1704100
2017-10-06,74.7300033569336,76.16999816894531,74.56999969482422,75.93000030517578,2748400
2017-10-09,75.94999694824219,76.29000091552734,75.61000061035156,76.0,1439100
2017-10-10,76.08000183105469,76.73999786376953,75.73999786376953,76.18000030517578,1402700
2017-10-11,76.19999694824219,77.02999877929688,76.19999694824219,76.63999938964844,1797300
2017-10-12,76.5,76.8499984741211,76.27999877929688,76.41000366210938,1676100
2017-10-13,76.47000122070312,76.5,75.87999725341797,76.19999694824219,1536200
2017-10-16,76.51000213623047,76.77999877929688,75.94000244140625,76.20999908447266,1490300
2017-10-17,76.11000061035156,76.79000091552734,76.04000091552734,76.19000244140625,1410700
2017-10-18,76.37000274658203,76.66000366210938,76.0,76.0199966430664,1292700
2017-10-19,75.94000244140625,76.16000366210938,75.19999694824219,75.81999969482422,1727000
2017-10-20,76.05000305175781,76.16999816894531,75.70999908447266,76.16999816894531,1271300
2017-10-23,76.2699966430664,76.37999725341797,75.52999877929688,75.55000305175781,1694600
2017-10-24,75.55999755859375,75.73999786376953,75.22000122070312,75.33999633789062,1398800
2017-10-25,75.0,75.30999755859375,74.18000030517578,74.66999816894531,2007600
2017-10-26,75.20999908447266,76.1500015258789,75.20999908447266,75.87000274658203,1829900
2017-10-27,75.98999786376953,76.05000305175781,75.12999725341797,75.23999786376953,2097900
2017-10-30,74.91999816894531,75.16999816894531,74.33999633789062,74.95999908447266,2026000
2017-10-31,74.81999969482422,75.1500015258789,74.38999938964844,74.44999694824219,1945300
2017-11-01,74.54000091552734,74.94999694824219,74.26000213623047,74.30999755859375,1887200
2017-11-02,79.26000213623047,80.66000366210938,76.20999908447266,79.1500015258789,4749400
2017-11-03,78.55000305175781,80.22000122070312,78.54000091552734,78.91000366210938,2583900
2017-11-06,79.01000213623047,79.94999694824219,78.80999755859375,79.87000274658203,1731600
2017-11-07,80.0,81.25,79.94000244140625,81.01000213623047,2669300
2017-11-08,80.55999755859375,81.6500015258789,80.02999877929688,81.12999725341797,2534500
2017-11-09,80.86000061035156,81.1500015258789,78.80000305175781,79.52999877929688,2097000
2017-11-10,79.1500015258789,79.77999877929688,78.79000091552734,79.58999633789062,1604300
2017-11-13,79.58000183105469,79.95999908447266,79.55000305175781,79.73999786376953,1306400
2017-11-14,79.55000305175781,80.05000305175781,79.38999938964844,79.43000030517578,1250200
2017-11-15,79.0,79.5199966430664,78.70999908447266,78.80000305175781,1831000
2017-11-16,78.79000091552734,79.22000122070312,78.3499984741211,78.54000091552734,1707100
2017-11-17,78.31999969482422,78.77999877929688,78.05000305175781,78.5999984741211,1486300
2017-11-20,78.72000122070312,79.02999877929688,78.47000122070312,78.79000091552734,1314600
2017-11-21,79.20999908447266,79.76000213623047,79.05000305175781,79.52999877929688,1825000
2017-11-22,79.41999816894531,79.72000122070312,79.08999633789062,79.2300033569336,1115800
2017-11-24,79.25,79.70999908447266,79.13999938964844,79.18000030517578,682500
2017-11-27,79.22000122070312,79.69999694824219,79.12999725341797,79.58000183105469,1141200
2017-11-28,79.83999633789062,81.12999725341797,79.69999694824219,81.02999877929688,1787400
2017-11-29,81.29000091552734,82.12000274658203,81.19999694824219,81.80999755859375,1669300
2017-11-30,82.06999969482422,84.05999755859375,81.77999877929688,83.47000122070312,3051900
2017-12-01,83.45999908447266,83.75,81.6500015258789,83.4000015258789,2486400
2017-12-04,83.7699966430664,84.29000091552734,83.0999984741211,83.30999755859375,2309200
2017-12-05,83.56999969482422,84.0999984741211,83.02999877929688,83.0999984741211,1899500
2017-12-06,83.33999633789062,84.26000213623047,83.1500015258789,83.23999786376953,1573900
2017-12-07,83.05999755859375,83.43000030517578,82.77999877929688,83.05000305175781,1580700
2017-12-08,83.1500015258789,83.69000244140625,82.8499984741211,83.31999969482422,1877100
2017-12-11,83.31999969482422,83.31999969482422,82.27999877929688,82.44999694824219,1643900
2017-12-12,82.30999755859375,82.41999816894531,81.6500015258789,81.98999786376953,1628500
2017-12-13,82.18000030517578,82.73999786376953,82.05999755859375,82.19000244140625,1640900
2017-12-14,82.2300033569336,82.77999877929688,81.95999908447266,82.04000091552734,1406400
2017-12-15,82.37000274658203,82.80999755859375,82.05999755859375,82.30000305175781,4271700
2017-12-18,82.80999755859375,83.5,82.76000213623047,83.11000061035156,1780600
2017-12-19,83.41000366210938,83.5199966430664,82.8499984741211,82.86000061035156,1229400
2017-12-20,83.0,83.08000183105469,82.12999725341797,82.12999725341797,1157600
2017-12-21,82.05000305175781,82.87999725341797,82.01000213623047,82.5,1662100
2017-12-22,82.77999877929688,82.77999877929688,82.0,82.4000015258789,919900
2017-12-26,82.38999938964844,82.44000244140625,81.97000122070312,82.19000244140625,666600
2017-12-27,82.33999633789062,82.55999755859375,81.69999694824219,82.4000015258789,1051900
2017-12-28,82.69000244140625,82.69000244140625,82.0199966430664,82.66999816894531,673300
2017-12-29,82.63999938964844,82.70999908447266,81.58999633789062,81.61000061035156,1347600
2018-01-02,82.1500015258789,82.45999908447266,81.4800033569336,81.5999984741211,1747800
2018-01-03,81.2300033569336,81.81999969482422,81.12999725341797,81.52999877929688,2554900
2018-01-04,81.75,82.58999633789062,81.52999877929688,82.36000061035156,1971200
2018-01-05,82.58999633789062,83.01000213623047,82.36000061035156,82.83999633789062,1927100
2018-01-08,82.72000122070312,83.05999755859375,82.12000274658203,82.9800033569336,1599400
2018-01-09,83.06999969482422,83.16000366210938,82.2699966430664,82.76000213623047,1701000
2018-01-10,82.8499984741211,82.8499984741211,82.20999908447266,82.55000305175781,887100
2018-01-11,82.58000183105469,83.01000213623047,81.94000244140625,82.48999786376953,1352700
2018-01-12,82.76000213623047,83.76000213623047,82.44999694824219,83.62000274658203,1377300
2018-01-16,84.06999969482422,84.33999633789062,82.63999938964844,82.93000030517578,1391200
2018-01-17,83.31999969482422,83.5199966430664,82.76000213623047,83.08999633789062,1678500
2018-01-18,83.18000030517578,83.43000030517578,82.93000030517578,83.0999984741211,1015200
2018-01-19,83.43000030517578,83.91000366210938,83.33999633789062,83.80999755859375,1677700
2018-01-22,83.80999755859375,84.91999816894531,83.66999816894531,84.91000366210938,1469300
2018-01-23,84.72000122070312,86.33999633789062,84.66000366210938,85.83999633789062,2010100
2018-01-24,85.97000122070312,86.0999984741211,84.94999694824219,85.23999786376953,1192900
2018-01-25,85.31999969482422,85.81999969482422,84.62000274658203,85.66000366210938,929800
2018-01-26,85.68000030517578,86.23999786376953,85.20999908447266,86.19999694824219,1332600
2018-01-29,86.08999633789062,86.93000030517578,85.93000030517578,86.4800033569336,2303300
2018-01-30,85.0,85.4800033569336,84.37000274658203,84.58999633789062,1779600
2018-01-31,84.62000274658203,85.05000305175781,84.25,84.58999633789062,2132100
2018-02-01,84.23999786376953,84.47000122070312,83.44999694824219,83.9800033569336,1685300
2018-02-02,83.9000015258789,84.58999633789062,82.44000244140625,82.62999725341797,3161400
2018-02-05,82.06999969482422,82.94999694824219,79.48999786376953,79.80000305175781,2870300
2018-02-06,78.3499984741211,80.83000183105469,76.3499984741211,80.58000183105469,3050100
2018-02-07,80.06999969482422,81.94000244140625,80.0,80.12999725341797,3561100
2018-02-08,78.01000213623047,81.11000061035156,75.87999725341797,76.30000305175781,4632800
2018-02-09,77.29000091552734,80.08999633789062,76.43000030517578,79.30999755859375,5100400
2018-02-12,79.25,80.3499984741211,77.41999816894531,78.06999969482422,3023800
2018-02-13,77.44000244140625,77.97000122070312,77.12999725341797,77.7699966430664,1512700
2018-02-14,77.13999938964844,78.68000030517578,76.31999969482422,77.87999725341797,3108000
2018-02-15,78.23999786376953,79.29000091552734,77.88999938964844,78.97000122070312,2901900
2018-02-16,78.73999786376953,79.0,78.22000122070312,78.25,2688300
2018-02-20,78.06999969482422,78.73999786376953,77.37000274658203,78.08000183105469,2553700
2018-02-21,77.9000015258789,79.08999633789062,77.80000305175781,77.80999755859375,2209900
2018-02-22,77.9000015258789,78.83000183105469,77.9000015258789,78.31999969482422,1881100
2018-02-23,78.66000366210938,79.8499984741211,78.55999755859375,79.80000305175781,2329600
2018-02-26,80.0199966430664,80.77999877929688,79.91000366210938,80.56999969482422,1790000
2018-02-27,80.5999984741211,81.01000213623047,80.18000030517578,80.18000030517578,2315800
2018-02-28,80.69999694824219,82.69000244140625,80.62000274658203,81.37999725341797,3629400
2018-03-01,80.9800033569336,81.72000122070312,79.23999786376953,79.69999694824219,2674000
2018-03-02,78.62999725341797,80.7300033569336,78.0999984741211,80.29000091552734,2776700
2018-03-05,79.94999694824219,80.86000061035156,79.72000122070312,80.62999725341797,1896100
2018-03-06,81.08999633789062,81.63999938964844,80.6500015258789,81.37999725341797,1968700
2018-03-07,80.72000122070312,81.55999755859375,80.44000244140625,81.41000366210938,1855800
2018-03-08,81.70999908447266,82.54000091552734,81.62999725341797,82.41999816894531,2377400
2018-03-09,82.58999633789062,83.27999877929688,82.26000213623047,82.94999694824219,1897700
2018-03-12,83.29000091552734,83.93000030517578,82.30999755859375,82.41000366210938,2666800
2018-03-13,82.83999633789062,83.22000122070312,82.12999725341797,82.3499984741211,1890400
2018-03-14,82.48999786376953,82.7699966430664,82.08999633789062,82.2699966430664,1692500
2018-03-15,82.37000274658203,83.9000015258789,82.18000030517578,82.87999725341797,2233700
2018-03-16,82.91999816894531,83.80000305175781,82.81999969482422,83.5,2344100
2018-03-19,83.27999877929688,83.45999908447266,81.4000015258789,82.13999938964844,2176400
2018-03-20,82.5,83.47000122070312,82.19000244140625,83.08999633789062,1855500
2018-03-21,83.13999938964844,83.5199966430664,82.69999694824219,82.80999755859375,1302600
2018-03-22,82.08999633789062,83.37999725341797,82.08000183105469,82.18000030517578,1996300
2018-03-23,82.41000366210938,82.95999908447266,81.68000030517578,81.68000030517578,2720600
2018-03-26,82.58000183105469,84.22000122070312,82.55999755859375,84.02999877929688,2049900
2018-03-27,84.23999786376953,85.44000244140625,83.51000213623047,83.87999725341797,3006200
2018-03-28,83.95999908447266,85.13999938964844,83.95999908447266,84.25,2476400
2018-03-29,84.72000122070312,85.66999816894531,84.05999755859375,85.12999725341797,1718900
2018-04-02,85.22000122070312,85.81999969482422,82.88999938964844,83.73999786376953,2282900
2018-04-03,83.75,84.33999633789062,82.9000015258789,84.11000061035156,2463400
2018-04-04,83.44999694824219,85.55999755859375,83.31999969482422,85.41999816894531,2610400
2018-04-05,85.94999694824219,86.3499984741211,85.08999633789062,86.01000213623047,1978500
2018-04-06,85.44000244140625,85.98999786376953,83.93000030517578,84.45999908447266,1891600
2018-04-09,84.8499984741211,85.41999816894531,84.3499984741211,84.44999694824219,1490100
2018-04-10,85.61000061035156,85.87999725341797,85.0,85.58000183105469,2342900
2018-04-11,85.5,86.1500015258789,85.33999633789062,85.44000244140625,1586500
2018-04-12,85.87000274658203,86.66999816894531,85.6500015258789,85.75,1679000
2018-04-13,86.05000305175781,86.2300033569336,85.05999755859375,85.41999816894531,1634000
2018-04-16,86.11000061035156,86.80000305175781,85.94999694824219,86.26000213623047,1645000
2018-04-17,86.5999984741211,87.05999755859375,86.30999755859375,86.5999984741211,1620800
2018-04-18,86.66000366210938,87.44999694824219,86.66000366210938,86.98999786376953,1848400
2018-04-19,86.6500015258789,86.91000366210938,85.9800033569336,86.44000244140625,1568400
2018-04-20,86.29000091552734,86.80999755859375,86.05999755859375,86.29000091552734,1730500
2018-04-23,86.43000030517578,86.58000183105469,85.69999694824219,85.88999938964844,1835600
2018-04-24,86.23999786376953,86.73999786376953,84.7300033569336,85.18000030517578,1783300
2018-04-25,85.23999786376953,85.58999633789062,84.70999908447266,85.26000213623047,1648900
2018-04-26,86.05000305175781,87.18000030517578,86.05000305175781,86.76000213623047,2899300
2018-04-27,86.66000366210938,87.33999633789062,86.5199966430664,87.05000305175781,2225000
2018-04-30,87.58000183105469,88.06999969482422,87.0999984741211,87.0999984741211,3487800
2018-05-01,87.11000061035156,87.26000213623047,85.63999938964844,86.63999938964844,3391900
2018-05-02,84.19999694824219,85.2699966430664,80.02999877929688,80.19999694824219,6576900
2018-05-03,80.48999786376953,83.05000305175781,80.45999908447266,82.66999816894531,5644800
2018-05-04,82.4000015258789,82.88999938964844,81.75,82.43000030517578,2136500
2018-05-07,82.77999877929688,83.30000305175781,82.33000183105469,83.11000061035156,3366400
2018-05-08,83.5,83.83999633789062,82.95999908447266,83.51000213623047,1641000
2018-05-09,83.47000122070312,84.5,83.12000274658203,84.44999694824219,1780200
2018-05-10,84.58000183105469,85.0199966430664,84.23999786376953,84.68000030517578,2375800
2018-05-11,84.69999694824219,85.19000244140625,84.27999877929688,84.62000274658203,1419400
2018-05-14,84.61000061035156,84.69000244140625,83.56999969482422,83.5999984741211,1544600
2018-05-15,83.0999984741211,83.81999969482422,82.88999938964844,83.33999633789062,1600300
2018-05-16,83.62999725341797,83.9000015258789,83.25,83.56999969482422,1743200
2018-05-17,83.43000030517578,83.87999725341797,82.80999755859375,83.0,1982500
2018-05-18,83.04000091552734,83.41999816894531,81.97000122070312,82.33999633789062,2477900
2018-05-21,82.6500015258789,83.05999755859375,82.56999969482422,82.69000244140625,1599500
2018-05-22,83.02999877929688,83.22000122070312,82.25,82.37999725341797,2367000
2018-05-23,81.91000366210938,83.19000244140625,81.8499984741211,83.08999633789062,1691800
2018-05-24,83.08999633789062,83.70999908447266,82.94000244140625,83.47000122070312,1621900
2018-05-25,83.62000274658203,83.87000274658203,82.44000244140625,82.52999877929688,1814400
2018-05-29,82.16999816894531,82.36000061035156,81.51000213623047,81.91000366210938,2147300
2018-05-30,81.91000366210938,82.91999816894531,81.5199966430664,82.51000213623047,2628100
2018-05-31,81.98999786376953,82.41999816894531,81.04000091552734,81.33000183105469,5390400
2018-06-01,81.63999938964844,82.4800033569336,81.55000305175781,81.91000366210938,1978600
2018-06-04,82.19000244140625,82.37999725341797,81.86000061035156,82.29000091552734,1464400
2018-06-05,82.26000213623047,83.36000061035156,82.02999877929688,82.91000366210938,1940900
2018-06-06,83.04000091552734,83.66000366210938,82.7300033569336,83.61000061035156,2843300
2018-06-07,83.98999786376953,84.70999908447266,83.73999786376953,84.19000244140625,2243100
2018-06-08,84.05000305175781,84.19999694824219,83.0,83.18000030517578,2824800
2018-06-11,83.36000061035156,83.48999786376953,82.79000091552734,83.11000061035156,2950500
2018-06-12,83.31999969482422,83.55000305175781,83.05000305175781,83.2300033569336,2039100
2018-06-13,83.2300033569336,83.45999908447266,82.55999755859375,82.58999633789062,2177900
2018-06-14,82.98999786376953,83.54000091552734,82.73999786376953,83.37999725341797,2544100
2018-06-15,83.22000122070312,83.44000244140625,81.58999633789062,82.62000274658203,4893100
2018-06-18,82.37999725341797,82.95999908447266,82.01000213623047,82.80999755859375,3128000
2018-06-19,81.88999938964844,81.98999786376953,80.87000274658203,81.01000213623047,3039500
2018-06-20,81.47000122070312,81.80000305175781,80.76000213623047,80.86000061035156,2627800
2018-06-21,81.16000366210938,81.37999725341797,79.62999725341797,79.7300033569336,1960100
2018-06-22,80.13999938964844,80.80000305175781,80.01000213623047,80.36000061035156,3678300
2018-06-25,80.04000091552734,80.04000091552734,78.43000030517578,78.58999633789062,2040100
2018-06-26,78.69999694824219,80.13999938964844,78.5,80.01000213623047,2490100
2018-06-27,81.25,82.25,78.79000091552734,78.87000274658203,2873600
2018-06-28,78.5999984741211,79.04000091552734,77.43000030517578,77.88999938964844,2165300
2018-06-29,78.05000305175781,78.8499984741211,77.7300033569336,78.22000122070312,3246400
2018-07-02,77.5199966430664,78.1500015258789,77.08999633789062,78.11000061035156,1599100
2018-07-03,78.22000122070312,78.51000213623047,77.7699966430664,77.83999633789062,968300
2018-07-05,78.11000061035156,78.16999816894531,77.37999725341797,77.73999786376953,1431000
2018-07-06,77.93000030517578,78.4800033569336,77.77999877929688,78.2699966430664,1392600
2018-07-09,78.5199966430664,79.44000244140625,78.44999694824219,79.16999816894531,1598400
2018-07-10,79.23999786376953,79.77999877929688,78.88999938964844,79.30999755859375,1232200
2018-07-11,78.6500015258789,79.18000030517578,78.47000122070312,78.79000091552734,1278000
2018-07-12,79.38999938964844,79.48999786376953,78.87000274658203,79.12000274658203,1176800
2018-07-13,78.97000122070312,79.2300033569336,78.55000305175781,79.13999938964844,936800
2018-07-16,78.94999694824219,79.19000244140625,78.5,78.66000366210938,762600
2018-07-17,78.68000030517578,78.87000274658203,78.41999816894531,78.72000122070312,770700
2018-07-18,78.95999908447266,79.61000061035156,78.87000274658203,79.48999786376953,1650900
2018-07-19,79.19999694824219,79.69999694824219,79.02999877929688,79.33000183105469,1585500
2018-07-20,79.08000183105469,79.77999877929688,78.91999816894531,79.30999755859375,1426700
2018-07-23,79.30000305175781,79.44999694824219,78.83999633789062,78.94999694824219,1019300
2018-07-24,78.98999786376953,79.3499984741211,77.95999908447266,78.25,1492100
2018-07-25,77.68000030517578,78.72000122070312,77.68000030517578,78.66999816894531,1286300
2018-07-26,78.66999816894531,80.61000061035156,78.52999877929688,78.94999694824219,2195100
2018-07-27,79.45999908447266,79.55999755859375,78.3499984741211,78.91000366210938,1376600
2018-07-30,78.94000244140625,78.95999908447266,78.27999877929688,78.73999786376953,1441200
2018-07-31,78.8499984741211,79.93000030517578,78.73999786376953,79.29000091552734,2030000
2018-08-01,78.94999694824219,79.62999725341797,78.30999755859375,79.47000122070312,2766100
2018-08-02,79.0,81.13999938964844,78.22000122070312,80.62999725341797,2732500
2018-08-03,80.9000015258789,82.0999984741211,80.66999816894531,81.86000061035156,2194000
2018-08-06,81.87999725341797,82.81999969482422,81.43000030517578,81.58999633789062,1749000
2018-08-07,81.56999969482422,81.98999786376953,80.80999755859375,81.33000183105469,2181900
2018-08-08,81.3499984741211,82.16000366210938,81.2300033569336,81.91999816894531,1531700
2018-08-09,82.12000274658203,83.06999969482422,82.12000274658203,82.7300033569336,1367000
2018-08-10,82.29000091552734,83.30000305175781,82.06999969482422,82.94000244140625,1915500
2018-08-13,82.97000122070312,83.33999633789062,82.01000213623047,82.37999725341797,1343300
2018-08-14,82.66000366210938,83.44000244140625,82.30999755859375,83.08999633789062,1727600
2018-08-15,82.83000183105469,83.29000091552734,82.13999938964844,82.87000274658203,1529100
2018-08-16,83.12000274658203,84.41000366210938,83.05999755859375,84.19999694824219,1722700
2018-08-17,83.9800033569336,84.12000274658203,83.69000244140625,83.80999755859375,1664700
2018-08-20,83.8499984741211,84.36000061035156,83.69999694824219,84.11000061035156,1739700
2018-08-21,84.16999816894531,84.56999969482422,83.72000122070312,84.33000183105469,1339500
2018-08-22,84.37999725341797,84.43000030517578,83.77999877929688,83.80999755859375,1146400
2018-08-23,83.66000366210938,83.97000122070312,83.38999938964844,83.5199966430664,1186900
2018-08-24,83.6500015258789,84.37000274658203,83.41999816894531,84.13999938964844,1038700
2018-08-27,84.45999908447266,84.83000183105469,84.30000305175781,84.48999786376953,1290700
2018-08-28,84.56999969482422,85.55999755859375,84.43000030517578,85.37000274658203,1817400
2018-08-29,85.48999786376953,86.62999725341797,85.43000030517578,85.98999786376953,1564500
2018-08-30,85.87999725341797,86.02999877929688,85.37999725341797,85.69999694824219,1376500
2018-08-31,85.69999694824219,86.95999908447266,85.66999816894531,86.88999938964844,2537300
2018-09-04,86.73999786376953,87.44000244140625,86.52999877929688,87.0199966430664,1640800
2018-09-05,86.83000183105469,87.58000183105469,86.61000061035156,86.7300033569336,2577900
2018-09-06,86.68000030517578,88.1500015258789,86.66999816894531,87.91999816894531,2209700
2018-09-07,87.66999816894531,88.66000366210938,87.54000091552734,88.4000015258789,1394400
2018-09-10,88.80000305175781,88.9800033569336,88.19999694824219,88.45999908447266,1299400
2018-09-11,87.56999969482422,88.55999755859375,87.27999877929688,88.2300033569336,1834900
2018-09-12,88.02999877929688,88.55000305175781,87.80999755859375,88.33000183105469,1294800
2018-09-13,89.0,89.0,88.16000366210938,88.48999786376953,1168200
2018-09-14,88.58999633789062,88.58999633789062,87.7699966430664,88.13999938964844,1778800
2018-09-17,87.83000183105469,88.2699966430664,87.0999984741211,87.69000244140625,1257500
2018-09-18,87.5,88.52999877929688,87.5,88.29000091552734,1361900
2018-09-19,88.52999877929688,88.87000274658203,88.19999694824219,88.55000305175781,867200
2018-09-20,88.83999633789062,89.3499984741211,88.70999908447266,88.95999908447266,1098300
2018-09-21,89.43000030517578,89.8499984741211,89.0999984741211,89.52999877929688,3859500
2018-09-24,89.12000274658203,89.63999938964844,88.7300033569336,89.30000305175781,1409800
2018-09-25,89.37999725341797,90.23999786376953,89.30000305175781,89.87999725341797,1658500
2018-09-26,90.02999877929688,90.81999969482422,89.80000305175781,89.87999725341797,1303600
2018-09-27,89.7300033569336,90.63999938964844,89.5,90.31999969482422,927900
2018-09-28,90.27999877929688,91.26000213623047,90.06999969482422,90.91000366210938,2074400
2018-10-01,91.05000305175781,91.2699966430664,90.37999725341797,90.41999816894531,2007100
2018-10-02,90.54000091552734,90.77999877929688,89.86000061035156,89.9800033569336,1504500
2018-10-03,90.25,90.76000213623047,89.72000122070312,89.76000213623047,1123600
2018-10-04,89.5,89.73999786376953,88.83000183105469,89.56999969482422,1561200
2018-10-05,89.76000213623047,90.37999725341797,89.76000213623047,90.0,1371000
2018-10-08,90.0,90.9000015258789,89.9000015258789,90.63999938964844,1198700
2018-10-09,90.83000183105469,92.20999908447266,90.7699966430664,91.18000030517578,2162900
2018-10-10,91.41999816894531,91.41999816894531,89.12000274658203,89.19999694824219,1756100
2018-10-11,89.11000061035156,89.11000061035156,86.95999908447266,87.06999969482422,2250400
2018-10-12,87.23999786376953,88.29000091552734,86.77999877929688,88.05000305175781,1747800
2018-10-15,87.87000274658203,89.18000030517578,87.87000274658203,88.44999694824219,1180400
2018-10-16,88.83000183105469,90.5,88.7699966430664,90.43000030517578,1516200
2018-10-17,90.44999694824219,91.66000366210938,90.19999694824219,91.36000061035156,1335100
2018-10-18,90.54000091552734,90.72000122070312,89.51000213623047,89.81999969482422,1986600
2018-10-19,89.72000122070312,90.02999877929688,89.2699966430664,89.4000015258789,1460200
2018-10-22,89.7699966430664,90.1500015258789,89.05000305175781,89.3499984741211,2265300
2018-10-23,88.5,89.19999694824219,88.05999755859375,88.81999969482422,2724300
2018-10-24,87.95999908447266,88.33000183105469,86.93000030517578,87.05999755859375,1948300
2018-10-25,87.63999938964844,87.63999938964844,86.0999984741211,86.91999816894531,2166300
2018-10-26,86.27999877929688,86.62999725341797,85.27999877929688,85.77999877929688,2118700
2018-10-29,86.5999984741211,87.56999969482422,84.52999877929688,85.47000122070312,1957000
2018-10-30,85.83000183105469,86.6500015258789,85.41999816894531,86.43000030517578,3708900
2018-10-31,88.0,91.62999725341797,87.27999877929688,90.41000366210938,4798400
2018-11-01,90.4800033569336,90.98999786376953,87.63999938964844,87.98999786376953,3116400
2018-11-02,88.58000183105469,88.69000244140625,85.80999755859375,86.9000015258789,3007400
2018-11-05,87.06999969482422,87.80999755859375,86.72000122070312,87.47000122070312,2475400
2018-11-06,87.44999694824219,88.06999969482422,87.33000183105469,87.9000015258789,2998200
2018-11-07,88.0,89.5199966430664,88.0,89.37999725341797,2727500
2018-11-08,89.36000061035156,90.8499984741211,89.0199966430664,90.45999908447266,2465500
2018-11-09,90.45999908447266,91.02999877929688,90.08000183105469,90.72000122070312,1821900
2018-11-12,90.73999786376953,91.2699966430664,89.33000183105469,89.44999694824219,1332000
2018-11-13,89.3499984741211,89.9000015258789,88.81999969482422,89.02999877929688,1514300
2018-11-14,89.51000213623047,89.93000030517578,89.11000061035156,89.18000030517578,2552400
2018-11-15,88.73999786376953,89.5999984741211,87.83999633789062,88.79000091552734,2791100
2018-11-16,88.70999908447266,89.29000091552734,88.38999938964844,88.88999938964844,2420900
2018-11-19,89.0,89.55000305175781,87.66000366210938,88.12999725341797,2565300
2018-11-20,87.12000274658203,87.76000213623047,86.12000274658203,87.19000244140625,1871100
2018-11-21,87.20999908447266,87.79000091552734,86.87000274658203,87.02999877929688,1751900
2018-11-23,86.48999786376953,87.69999694824219,86.0999984741211,87.19000244140625,853400
2018-11-26,87.75,88.56999969482422,87.06999969482422,88.30999755859375,1743400
2018-11-27,88.33000183105469,89.73999786376953,88.29000091552734,89.47000122070312,1704900
2018-11-28,89.68000030517578,91.73999786376953,89.4000015258789,91.7300033569336,1910500
2018-11-29,91.72000122070312,92.44999694824219,91.26000213623047,91.86000061035156,2003600
2018-11-30,91.86000061035156,92.44000244140625,91.30999755859375,92.22000122070312,4725100
2018-12-03,93.23999786376953,93.23999786376953,91.56999969482422,92.06999969482422,3648300
2018-12-04,92.19999694824219,92.9800033569336,90.55000305175781,90.68000030517578,2854900
2018-12-06,89.80999755859375,92.0,89.58999633789062,91.5,3714900
2018-12-07,91.5,92.12999725341797,90.19999694824219,90.43000030517578,2995300
2018-12-10,90.27999877929688,90.62000274658203,88.83000183105469,90.26000213623047,2303000
2018-12-11,91.13999938964844,91.18000030517578,89.06999969482422,89.80999755859375,2148900
2018-12-12,89.87999725341797,91.30000305175781,89.63999938964844,90.45999908447266,2441000
2018-12-13,90.9000015258789,94.12999725341797,90.73999786376953,93.45999908447266,3330000
2018-12-14,92.66000366210938,92.66000366210938,91.06999969482422,91.69999694824219,2109800
2018-12-17,91.22000122070312,91.4000015258789,89.27999877929688,89.70999908447266,3099100
2018-12-18,90.33000183105469,90.62000274658203,89.41999816894531,90.0999984741211,1819600
2018-12-19,90.47000122070312,92.3499984741211,89.52999877929688,90.12000274658203,2563300
2018-12-20,89.5999984741211,89.86000061035156,86.4000015258789,87.12000274658203,4348500
2018-12-21,87.69000244140625,89.25,87.5199966430664,88.13999938964844,5364600
2018-12-24,87.80999755859375,88.16000366210938,86.41999816894531,87.0199966430664,1806000
2018-12-26,87.38999938964844,90.01000213623047,86.9000015258789,89.98999786376953,2030200
2018-12-27,89.13999938964844,90.98999786376953,88.70999908447266,90.95999908447266,2081600
2018-12-28,91.58000183105469,92.47000122070312,91.05000305175781,91.61000061035156,1699500
2018-12-31,91.79000091552734,92.05999755859375,91.29000091552734,91.91999816894531,1657000
2019-01-02,91.08999633789062,91.54000091552734,90.3499984741211,91.44000244140625,1743400
2019-01-03,91.0,91.0,88.79000091552734,89.13999938964844,2680300
2019-01-04,90.19000244140625,92.33999633789062,90.04000091552734,91.45999908447266,2142700
2019-01-07,91.4000015258789,92.22000122070312,91.12000274658203,91.36000061035156,2561100
2019-01-08,91.66999816894531,91.94000244140625,89.95999908447266,91.18000030517578,2604700
2019-01-09,91.61000061035156,91.7699966430664,90.61000061035156,91.13999938964844,2279700
2019-01-10,90.58999633789062,92.66000366210938,90.3499984741211,91.79000091552734,2726100
2019-01-11,89.23999786376953,90.94999694824219,89.01000213623047,90.94000244140625,2346600
2019-01-14,90.01000213623047,90.48999786376953,89.80999755859375,90.0,1409200
2019-01-15,90.19000244140625,90.54000091552734,89.66000366210938,90.38999938964844,1532600
2019-01-16,90.25,90.69000244140625,89.6500015258789,89.83000183105469,1457200
2019-01-17,89.30999755859375,91.05000305175781,89.30999755859375,90.69999694824219,2031700
2019-01-18,91.37000274658203,92.73999786376953,91.20999908447266,92.36000061035156,2041800
2019-01-22,92.19000244140625,93.25,91.51000213623047,92.05000305175781,1947100
2019-01-23,92.72000122070312,93.54000091552734,91.9800033569336,92.77999877929688,1551700
2019-01-24,92.9000015258789,93.2300033569336,92.44000244140625,92.91000366210938,1983200
2019-01-25,93.62999725341797,93.83999633789062,92.55000305175781,92.70999908447266,1501900
2019-01-28,92.72000122070312,92.8499984741211,91.66000366210938,92.58999633789062,1075300
2019-01-29,93.05999755859375,93.7699966430664,92.12000274658203,92.66999816894531,1292600
2019-01-30,93.05999755859375,93.97000122070312,92.69000244140625,93.44999694824219,1554200
2019-01-31,93.25,94.30000305175781,92.5,93.9800033569336,2682500
2019-02-01,94.48999786376953,95.44999694824219,93.81999969482422,94.12999725341797,1496600
2019-02-04,94.19000244140625,94.83000183105469,94.0999984741211,94.6500015258789,1671500
2019-02-05,94.58999633789062,95.16000366210938,94.16000366210938,94.44000244140625,1888200
2019-02-06,94.55000305175781,94.6500015258789,93.86000061035156,94.58999633789062,1743300
2019-02-07,89.5,94.76000213623047,88.5199966430664,94.61000061035156,2653900
2019-02-08,94.0,94.66999816894531,92.9800033569336,94.48999786376953,1961300
2019-02-11,94.43000030517578,95.05000305175781,93.12999725341797,93.26000213623047,2468900
2019-02-12,94.08000183105469,94.08000183105469,93.06999969482422,94.05000305175781,2086800
2019-02-13,94.02999877929688,94.2300033569336,92.80999755859375,93.33000183105469,1724200
2019-02-14,92.93000030517578,94.22000122070312,92.0199966430664,93.8499984741211,1527100
2019-02-15,94.75,95.0,93.8499984741211,94.12000274658203,2862200
2019-02-19,94.25,94.79000091552734,94.0999984741211,94.5199966430664,1999800
2019-02-20,94.66999816894531,95.19999694824219,94.36000061035156,94.72000122070312,2322300
2019-02-21,94.52999877929688,95.08000183105469,94.12999725341797,94.87999725341797,1364400
2019-02-22,95.0,95.4000015258789,94.48999786376953,95.38999938964844,1932100
2019-02-25,95.69999694824219,95.69999694824219,93.18000030517578,93.5,2204500
2019-02-26,93.37000274658203,93.9800033569336,93.0,93.36000061035156,1660800
2019-02-27,93.16000366210938,93.44999694824219,92.5,93.11000061035156,1342400
2019-02-28,93.05999755859375,94.81999969482422,92.94999694824219,94.5,2359300
2019-03-01,95.0,95.54000091552734,94.94999694824219,95.37000274658203,1589700
2019-03-04,95.80000305175781,95.80000305175781,94.76000213623047,95.13999938964844,2291400
2019-03-05,95.30999755859375,95.94999694824219,94.83000183105469,95.93000030517578,1692800
2019-03-06,96.08000183105469,96.94999694824219,96.01000213623047,96.5999984741211,1937800
2019-03-07,96.44999694824219,96.55999755859375,95.88999938964844,96.54000091552734,1901600
2019-03-08,95.9000015258789,96.69000244140625,95.61000061035156,96.66999816894531,1791400
2019-03-11,96.83999633789062,97.81999969482422,96.75,97.79000091552734,1466500
2019-03-12,98.04000091552734,98.08000183105469,97.20999908447266,97.9800033569336,1873200
2019-03-13,98.31999969482422,98.95999908447266,98.16999816894531,98.63999938964844,2010600
2019-03-14,98.30000305175781,98.98999786376953,98.05000305175781,98.9800033569336,1319800
2019-03-15,99.08999633789062,100.93000030517578,98.7300033569336,100.9000015258789,3947900
2019-03-18,100.9000015258789,101.38999938964844,99.91000366210938,100.23999786376953,1615200
2019-03-19,99.54000091552734,100.01000213623047,98.63999938964844,99.23999786376953,2175500
2019-03-20,98.23999786376953,99.0,97.95999908447266,98.56999969482422,2928800
2019-03-21,98.31999969482422,99.27999877929688,98.19000244140625,99.19000244140625,1014100
2019-03-22,99.16000366210938,99.69999694824219,98.73999786376953,98.97000122070312,1033400
2019-03-25,99.22000122070312,99.51000213623047,98.7699966430664,98.97000122070312,1289700
2019-03-26,99.12000274658203,99.1500015258789,98.20999908447266,98.75,1361100
2019-03-27,98.55999755859375,99.41000366210938,98.55999755859375,98.9800033569336,1524600
2019-03-28,99.0199966430664,99.36000061035156,98.55999755859375,99.13999938964844,1587500
2019-03-29,99.69999694824219,100.0999984741211,99.18000030517578,99.80999755859375,2356600
2019-04-01,100.43000030517578,100.76000213623047,99.81999969482422,100.58000183105469,1195200
2019-04-02,100.69999694824219,100.69999694824219,99.48999786376953,100.18000030517578,959600
2019-04-03,100.48999786376953,100.69000244140625,99.86000061035156,100.54000091552734,1060200
2019-04-04,100.58000183105469,100.7699966430664,99.94000244140625,100.44999694824219,860700
2019-04-05,100.31999969482422,100.58000183105469,99.8499984741211,99.95999908447266,1600100
2019-04-08,99.76000213623047,99.9000015258789,99.0,99.58999633789062,1340000
2019-04-09,99.13999938964844,99.5199966430664,98.98999786376953,99.4800033569336,993000
2019-04-10,99.88999938964844,100.45999908447266,99.5199966430664,100.04000091552734,1187700
2019-04-11,99.80999755859375,100.80999755859375,99.7300033569336,100.7699966430664,1169800
2019-04-12,101.0,101.5999984741211,100.9000015258789,101.4000015258789,1193100
2019-04-15,101.37999725341797,102.16000366210938,101.22000122070312,101.63999938964844,1234000
2019-04-16,102.0,102.08000183105469,101.12999725341797,101.62999725341797,863500
2019-04-17,101.87999725341797,102.12000274658203,101.33000183105469,101.5,920400
2019-04-18,101.69999694824219,103.43000030517578,101.61000061035156,103.31999969482422,1261600
2019-04-22,103.0,103.36000061035156,102.7300033569336,103.18000030517578,833200
2019-04-23,103.11000061035156,104.19000244140625,102.7300033569336,102.91999816894531,1474000
2019-04-24,103.26000213623047,104.04000091552734,103.0999984741211,103.33999633789062,1304600
2019-04-25,103.08999633789062,103.69000244140625,102.51000213623047,103.44999694824219,1059200
2019-04-26,103.87999725341797,104.44000244140625,103.47000122070312,104.08999633789062,1368300
2019-04-29,104.1500015258789,104.1500015258789,103.19999694824219,103.80000305175781,1473400
2019-04-30,103.88999938964844,104.47000122070312,103.44999694824219,104.38999938964844,2181300
2019-05-01,101.5,102.75,100.68000030517578,101.94000244140625,2178500
2019-05-02,101.56999969482422,102.5999984741211,101.2300033569336,101.73999786376953,1827400
2019-05-03,102.08000183105469,103.4800033569336,102.04000091552734,102.72000122070312,1719300
2019-05-06,101.55999755859375,102.61000061035156,101.55000305175781,102.41000366210938,1031800
2019-05-07,101.66999816894531,102.27999877929688,100.52999877929688,101.47000122070312,1668900
2019-05-08,101.16999816894531,101.3499984741211,100.4800033569336,100.48999786376953,2097400
2019-05-09,99.9800033569336,100.80999755859375,99.41999816894531,100.73999786376953,1296500
2019-05-10,100.4800033569336,101.83999633789062,100.2300033569336,101.43000030517578,1582300
2019-05-13,100.37999725341797,100.77999877929688,99.41999816894531,100.41000366210938,1286000
2019-05-14,100.43000030517578,101.36000061035156,100.41000366210938,100.68000030517578,1363300
2019-05-15,100.25,100.87999725341797,100.0199966430664,100.36000061035156,1076800
2019-05-16,101.0199966430664,101.6500015258789,100.5199966430664,100.87000274658203,1855400
2019-05-17,100.36000061035156,101.47000122070312,100.1500015258789,101.30000305175781,1374600
2019-05-20,101.12000274658203,101.36000061035156,100.61000061035156,100.69000244140625,1344300
2019-05-21,101.19999694824219,102.1500015258789,101.02999877929688,101.77999877929688,2142500
2019-05-22,101.73999786376953,101.93000030517578,101.27999877929688,101.45999908447266,1181400
2019-05-23,101.27999877929688,101.58000183105469,100.62999725341797,101.38999938964844,1135000
2019-05-24,101.80999755859375,102.12000274658203,100.91999816894531,100.98999786376953,1010800
2019-05-28,101.18000030517578,101.80999755859375,99.41000366210938,99.80000305175781,3708100
2019-05-29,99.58999633789062,99.73999786376953,98.94999694824219,99.6500015258789,998400
2019-05-30,99.87999725341797,101.6500015258789,99.87999725341797,101.55000305175781,1464200
2019-05-31,100.88999938964844,102.44999694824219,100.73999786376953,102.3499984741211,2614200
2019-06-03,102.23999786376953,104.36000061035156,101.83000183105469,104.11000061035156,2070100
2019-06-04,105.0,107.06999969482422,104.69000244140625,106.97000122070312,2501700
2019-06-05,107.22000122070312,107.5999984741211,106.38999938964844,107.29000091552734,1356200
2019-06-06,107.51000213623047,108.5999984741211,107.47000122070312,108.41999816894531,1598300
2019-06-07,108.79000091552734,109.62999725341797,108.55999755859375,109.06999969482422,1318200
2019-06-10,109.58999633789062,109.58999633789062,107.94000244140625,108.6500015258789,1159500
2019-06-11,109.11000061035156,109.29000091552734,107.25,107.56999969482422,1801400
2019-06-12,108.04000091552734,109.48999786376953,108.0,108.94000244140625,1646400
2019-06-13,109.05000305175781,109.44999694824219,108.55999755859375,108.9800033569336,1173500
2019-06-14,109.18000030517578,110.12000274658203,109.0999984741211,109.79000091552734,1088300
2019-06-17,109.93000030517578,110.23999786376953,109.04000091552734,109.16000366210938,825000
2019-06-18,109.87000274658203,109.91999816894531,108.54000091552734,108.70999908447266,1050900
2019-06-19,108.94000244140625,109.75,108.2699966430664,109.44999694824219,927600
2019-06-20,109.80000305175781,110.69000244140625,109.7300033569336,110.62000274658203,1122600
2019-06-21,110.69000244140625,111.05999755859375,110.08000183105469,110.2699966430664,2078400
2019-06-24,110.61000061035156,110.70999908447266,110.0199966430664,110.66000366210938,1024000
2019-06-25,110.66000366210938,111.29000091552734,109.9000015258789,110.30999755859375,1540700
2019-06-26,110.37000274658203,110.48999786376953,109.51000213623047,110.12000274658203,1513200
2019-06-27,110.23999786376953,110.68000030517578,109.83999633789062,110.55999755859375,1611100
2019-06-28,110.66999816894531,110.79000091552734,109.23999786376953,110.66999816894531,3871200
2019-07-01,110.45999908447266,110.5999984741211,108.72000122070312,109.48999786376953,1786700
2019-07-02,109.66999816894531,110.98999786376953,109.4000015258789,110.9000015258789,1584100
2019-07-03,111.0,111.31999969482422,110.47000122070312,110.9800033569336,1049200
2019-07-05,110.69999694824219,110.8499984741211,109.77999877929688,110.23999786376953,1281000
2019-07-08,110.29000091552734,110.47000122070312,109.69000244140625,110.05000305175781,1251000
2019-07-09,109.83000183105469,110.66999816894531,109.83000183105469,110.48999786376953,1116500
2019-07-10,110.68000030517578,111.0199966430664,110.0999984741211,110.9800033569336,1123400
2019-07-11,111.11000061035156,111.51000213623047,110.58000183105469,111.5,904400
2019-07-12,111.41999816894531,111.81999969482422,110.52999877929688,111.05000305175781,1457600
2019-07-15,111.29000091552734,112.12999725341797,111.20999908447266,111.93000030517578,1164300
2019-07-16,111.80999755859375,112.1500015258789,111.18000030517578,111.54000091552734,920700
2019-07-17,111.52999877929688,112.0999984741211,111.37000274658203,111.7699966430664,892800
2019-07-18,112.2300033569336,113.37000274658203,112.0,113.05999755859375,1183400
2019-07-19,113.45999908447266,113.58999633789062,112.4800033569336,112.52999877929688,1387700
2019-07-22,112.62000274658203,113.58999633789062,112.4000015258789,113.27999877929688,1560900
2019-07-23,113.44999694824219,113.5199966430664,112.0999984741211,112.91999816894531,1007100
2019-07-24,112.93000030517578,113.51000213623047,112.16999816894531,112.66000366210938,897500
2019-07-25,112.55000305175781,112.94999694824219,112.22000122070312,112.88999938964844,882500
2019-07-26,113.7699966430664,114.37000274658203,113.4000015258789,114.0199966430664,880200
2019-07-29,113.66999816894531,114.16000366210938,113.04000091552734,114.0999984741211,859400
2019-07-30,113.86000061035156,113.98999786376953,112.70999908447266,113.23999786376953,1139300
2019-07-31,113.29000091552734,113.5,111.87000274658203,112.5199966430664,1686600
2019-08-01,116.1500015258789,119.72000122070312,115.73999786376953,116.94000244140625,3406600
2019-08-02,116.70999908447266,117.66000366210938,115.83999633789062,117.3499984741211,1764400
2019-08-05,117.0,117.0,113.73999786376953,115.06999969482422,1897600
2019-08-06,115.37000274658203,116.52999877929688,113.63999938964844,116.05000305175781,1643400
2019-08-07,115.68000030517578,116.3499984741211,114.68000030517578,116.26000213623047,2003000
2019-08-08,116.66999816894531,118.68000030517578,116.66999816894531,117.31999969482422,2373100
2019-08-09,117.5,119.12000274658203,117.19000244140625,119.0199966430664,1656100
2019-08-12,118.58999633789062,118.7699966430664,115.5999984741211,116.54000091552734,1327500
2019-08-13,116.4800033569336,117.12999725341797,115.33999633789062,117.12999725341797,1502500
2019-08-14,116.69000244140625,116.93000030517578,115.51000213623047,115.55000305175781,1413200
2019-08-15,115.66999816894531,116.62000274658203,115.3499984741211,116.4000015258789,1369400
2019-08-16,116.44999694824219,116.66999816894531,115.11000061035156,115.62000274658203,1400900
2019-08-19,116.54000091552734,116.80000305175781,115.33999633789062,116.45999908447266,1061800
2019-08-20,116.55999755859375,117.70999908447266,116.08999633789062,116.56999969482422,1028400
2019-08-21,117.02999877929688,117.55999755859375,116.19999694824219,117.2300033569336,1065200
2019-08-22,117.55000305175781,117.98999786376953,116.5999984741211,117.30999755859375,832700
2019-08-23,116.9800033569336,117.37000274658203,114.91000366210938,115.30999755859375,1800400
2019-08-26,116.19000244140625,117.29000091552734,115.97000122070312,117.2300033569336,1130300
2019-08-27,117.55999755859375,118.16999816894531,116.66999816894531,116.97000122070312,1380400
2019-08-28,117.08000183105469,117.4000015258789,116.44000244140625,116.95999908447266,879500
2019-08-29,117.56999969482422,117.72000122070312,116.37000274658203,117.30999755859375,1081500
2019-08-30,117.9000015258789,117.9000015258789,116.33999633789062,116.77999877929688,1154200
2019-09-03,116.80000305175781,117.48999786376953,116.27999877929688,116.70999908447266,1362800
2019-09-04,117.62999725341797,117.88999938964844,116.08999633789062,117.88999938964844,1275100
2019-09-05,118.58000183105469,119.0999984741211,117.9000015258789,118.16000366210938,1375100
2019-09-06,117.98999786376953,119.43000030517578,117.75,119.20999908447266,1669900
2019-09-09,119.58999633789062,119.58999633789062,117.22000122070312,117.80999755859375,1758600
2019-09-10,117.11000061035156,117.16999816894531,113.87999725341797,115.2699966430664,1889100
2019-09-11,114.93000030517578,115.91000366210938,113.16000366210938,113.80000305175781,1979900
2019-09-12,114.94000244140625,115.94999694824219,113.12999725341797,113.2699966430664,1968500
2019-09-13,113.16999816894531,113.87999725341797,110.69000244140625,111.36000061035156,2477000
2019-09-16,110.4800033569336,111.73999786376953,110.18000030517578,110.54000091552734,1739900
2019-09-17,111.0199966430664,112.9000015258789,110.87999725341797,112.80000305175781,2068000
2019-09-18,113.37000274658203,114.61000061035156,113.13999938964844,114.58000183105469,1955300
2019-09-19,114.16000366210938,114.73999786376953,113.83999633789062,114.0999984741211,949700
2019-09-20,114.33999633789062,114.87000274658203,112.2699966430664,112.30000305175781,3256300
2019-09-23,112.0,114.51000213623047,111.51000213623047,113.58999633789062,1291100
2019-09-24,114.37000274658203,114.51000213623047,111.93000030517578,112.23999786376953,3414400
2019-09-25,112.16000366210938,112.2699966430664,111.0199966430664,111.51000213623047,2403900
2019-09-26,111.98999786376953,113.81999969482422,111.98999786376953,112.80999755859375,1471400
2019-09-27,113.30999755859375,113.44999694824219,112.19999694824219,112.98999786376953,924700
2019-09-30,113.12999725341797,113.80999755859375,112.72000122070312,113.43000030517578,1247700
2019-10-01,113.4000015258789,113.41999816894531,112.33000183105469,112.88999938964844,1042700
2019-10-02,112.36000061035156,112.69999694824219,111.44000244140625,112.66999816894531,1445400
2019-10-03,112.66999816894531,114.12000274658203,112.2300033569336,113.68000030517578,1327300
2019-10-04,113.81999969482422,114.94999694824219,113.70999908447266,114.66000366210938,1359800
2019-10-07,114.44999694824219,114.58999633789062,113.66000366210938,113.69000244140625,991000
2019-10-08,113.41999816894531,113.41999816894531,111.81999969482422,112.58999633789062,1406500
2019-10-09,113.0999984741211,113.87000274658203,112.83999633789062,113.33000183105469,946300
2019-10-10,113.0,114.62000274658203,112.93000030517578,114.33000183105469,841200
2019-10-11,114.80000305175781,115.16999816894531,114.02999877929688,114.44999694824219,1760500
2019-10-14,114.01000213623047,114.75,112.70999908447266,112.81999969482422,1040400
2019-10-15,113.37000274658203,113.5199966430664,110.55000305175781,111.30000305175781,1740000
2019-10-16,110.93000030517578,111.70999908447266,110.5,111.4800033569336,1284300
2019-10-17,111.69000244140625,112.33000183105469,110.25,110.37000274658203,1209900
2019-10-18,109.98999786376953,112.5999984741211,109.58000183105469,112.30000305175781,1952300
2019-10-21,112.87000274658203,113.20999908447266,111.30999755859375,112.30999755859375,1228500
2019-10-22,112.30000305175781,112.30000305175781,110.06999969482422,110.0999984741211,1783800
2019-10-23,110.12000274658203,110.72000122070312,108.08999633789062,109.2699966430664,1849600
2019-10-24,109.62000274658203,109.77999877929688,108.7300033569336,108.94999694824219,1391700
2019-10-25,108.83000183105469,109.69999694824219,108.5999984741211,109.0999984741211,985700
2019-10-28,109.69000244140625,110.70999908447266,109.51000213623047,109.51000213623047,2127600
2019-10-29,109.79000091552734,110.54000091552734,109.48999786376953,109.72000122070312,2024900
2019-10-30,102.48999786376953,103.5999984741211,97.73999786376953,103.33999633789062,9020100
2019-10-31,103.02999877929688,103.33999633789062,100.16999816894531,101.70999908447266,3934100
2019-11-01,101.93000030517578,102.2300033569336,99.19000244140625,99.6500015258789,2968600
2019-11-04,99.5,100.41999816894531,98.19000244140625,98.44999694824219,3067900
2019-11-05,98.5999984741211,98.69999694824219,96.94000244140625,97.93000030517578,2474000
2019-11-06,98.1500015258789,100.69999694824219,97.4000015258789,100.08999633789062,4237500
2019-11-07,100.0999984741211,100.37999725341797,98.62000274658203,99.66000366210938,2632700
2019-11-08,99.5199966430664,100.19000244140625,98.55000305175781,98.9000015258789,2365800
2019-11-11,98.86000061035156,99.58000183105469,98.68000030517578,98.83000183105469,2348300
2019-11-12,99.2300033569336,99.91000366210938,97.58999633789062,98.33999633789062,2268000
2019-11-13,98.70999908447266,99.43000030517578,98.1500015258789,98.37999725341797,1901300
2019-11-14,98.25,98.7699966430664,97.55999755859375,98.11000061035156,2240500
2019-11-15,98.62999725341797,98.86000061035156,97.8499984741211,98.27999877929688,2575800
2019-11-18,98.63999938964844,99.02999877929688,97.91000366210938,98.27999877929688,2485900
2019-11-19,98.33000183105469,98.52999877929688,97.54000091552734,98.08000183105469,2307900
2019-11-20,98.0,99.01000213623047,97.69000244140625,98.12000274658203,2234000
2019-11-21,98.5,99.1500015258789,97.8499984741211,97.9000015258789,2430700
2019-11-22,98.31999969482422,98.73999786376953,97.3499984741211,97.62000274658203,1543900
2019-11-25,97.48999786376953,98.22000122070312,97.47000122070312,98.01000213623047,2056000
2019-11-26,98.05999755859375,99.7699966430664,97.9800033569336,99.75,4723400
2019-11-27,99.77999877929688,101.05999755859375,99.56999969482422,100.63999938964844,2316300
2019-11-29,100.87000274658203,101.19000244140625,100.13999938964844,100.66999816894531,980600
2019-12-02,100.70999908447266,100.94999694824219,99.94999694824219,100.55999755859375,1412900
2019-12-03,100.44000244140625,100.87000274658203,99.18000030517578,99.44999694824219,1914500
2019-12-04,99.25,99.66000366210938,98.79000091552734,99.19999694824219,1606200
2019-12-05,99.23999786376953,99.45999908447266,98.27999877929688,98.5199966430664,2184600
2019-12-06,99.20999908447266,99.58999633789062,98.5999984741211,98.7699966430664,1951300
2019-12-09,98.68000030517578,99.27999877929688,98.52999877929688,98.9800033569336,1796700
2019-12-10,99.26000213623047,99.41999816894531,98.66999816894531,99.23999786376953,1775100
2019-12-11,99.66000366210938,99.91000366210938,98.9800033569336,99.44000244140625,1675700
2019-12-12,99.44999694824219,100.29000091552734,99.02999877929688,99.83000183105469,1518900
2019-12-13,99.52999877929688,100.16999816894531,98.9000015258789,100.11000061035156,1199200
2019-12-16,100.43000030517578,101.26000213623047,100.05999755859375,100.88999938964844,1486000
2019-12-17,99.33000183105469,100.62000274658203,98.66999816894531,99.62000274658203,2298700
2019-12-18,99.4800033569336,99.72000122070312,98.02999877929688,98.73999786376953,2657400
2019-12-19,98.58999633789062,100.11000061035156,98.47000122070312,99.81999969482422,1808100
2019-12-20,100.4000015258789,101.04000091552734,99.88999938964844,100.58999633789062,2420200
2019-12-23,100.87000274658203,100.88999938964844,99.77999877929688,99.80999755859375,1205600
2019-12-24,99.73999786376953,100.45999908447266,99.52999877929688,100.33000183105469,656400
2019-12-26,100.61000061035156,101.81999969482422,100.3499984741211,101.79000091552734,1176900
2019-12-27,101.83999633789062,102.19999694824219,101.61000061035156,101.9000015258789,1130500
2019-12-30,101.63999938964844,101.63999938964844,100.44999694824219,100.63999938964844,1185800
2019-12-31,100.66999816894531,101.16999816894531,100.2300033569336,100.7300033569336,1271000
2020-01-02,100.9000015258789,102.19000244140625,100.80999755859375,102.16999816894531,1369900
2020-01-03,101.41999816894531,102.01000213623047,100.36000061035156,101.8499984741211,1145500
2020-01-06,101.43000030517578,101.80000305175781,101.05999755859375,101.79000091552734,1454100
2020-01-07,101.75,102.23999786376953,101.54000091552734,101.97000122070312,1388600
2020-01-08,100.47000122070312,102.9800033569336,100.33999633789062,102.1500015258789,1521500
2020-01-09,102.56999969482422,104.0199966430664,102.4000015258789,102.95999908447266,1790100
2020-01-10,102.7300033569336,102.88999938964844,101.54000091552734,101.69000244140625,1462400
2020-01-13,101.73999786376953,102.05999755859375,100.27999877929688,100.33999633789062,1569700
2020-01-14,100.19000244140625,100.97000122070312,99.91000366210938,100.72000122070312,2024400
2020-01-15,100.86000061035156,101.79000091552734,100.75,101.23999786376953,1607100
2020-01-16,101.55000305175781,102.30999755859375,101.33000183105469,102.16000366210938,1191800
2020-01-17,103.23999786376953,105.61000061035156,103.16999816894531,105.4000015258789,4060400
2020-01-21,104.68000030517578,105.62999725341797,104.51000213623047,105.5999984741211,3494300
2020-01-22,106.01000213623047,107.0,105.91999816894531,106.48999786376953,2020800
2020-01-23,105.80999755859375,106.08000183105469,105.12000274658203,105.9800033569336,2128600
2020-01-24,106.08999633789062,106.19999694824219,104.11000061035156,104.9800033569336,2268800
2020-01-27,103.62000274658203,104.7699966430664,102.62999725341797,104.38999938964844,1833500
2020-01-28,104.73999786376953,105.08999633789062,104.31999969482422,104.81999969482422,1672500
2020-01-29,104.9000015258789,106.80999755859375,104.72000122070312,106.62999725341797,1401800
2020-01-30,105.47000122070312,106.6500015258789,104.7699966430664,106.5999984741211,1480000
2020-01-31,106.58000183105469,106.81999969482422,105.3499984741211,105.7699966430664,2117400
2020-02-03,105.80999755859375,106.8499984741211,105.25,106.41000366210938,1671000
2020-02-04,106.7699966430664,106.83999633789062,105.86000061035156,106.70999908447266,1595500
2020-02-05,107.41999816894531,107.62000274658203,105.7300033569336,106.77999877929688,1814400
2020-02-06,102.0,104.08999633789062,101.11000061035156,103.73999786376953,3271600
2020-02-07,101.76000213623047,102.62000274658203,100.75,102.04000091552734,2396800
2020-02-10,102.30999755859375,103.22000122070312,102.05000305175781,102.87000274658203,1667800
2020-02-11,103.12999725341797,104.30999755859375,102.83999633789062,104.05000305175781,2234400
2020-02-12,104.55999755859375,105.5999984741211,103.80000305175781,105.33999633789062,1784200
2020-02-13,104.63999938964844,105.66000366210938,104.36000061035156,105.02999877929688,1135100
2020-02-14,105.01000213623047,105.72000122070312,104.62999725341797,105.27999877929688,1249700
2020-02-18,105.16999816894531,105.19000244140625,103.58000183105469,104.02999877929688,1934600
2020-02-19,104.44999694824219,105.58000183105469,104.22000122070312,105.19000244140625,1875400
2020-02-20,104.87000274658203,105.18000030517578,102.16000366210938,103.87000274658203,1216300
2020-02-21,103.55000305175781,103.88999938964844,102.95999908447266,103.51000213623047,1015100
2020-02-24,101.87000274658203,102.63999938964844,100.12000274658203,100.25,1539100
2020-02-25,100.7300033569336,101.3499984741211,97.52999877929688,97.94999694824219,2389000
2020-02-26,98.30000305175781,99.41000366210938,97.47000122070312,97.5,3382500
2020-02-27,95.79000091552734,96.69000244140625,92.6500015258789,92.66999816894531,3850300
2020-02-28,90.63999938964844,91.7300033569336,87.55999755859375,89.25,4238900
2020-03-02,89.25,92.55000305175781,89.20999908447266,92.52999877929688,2408900
2020-03-03,92.52999877929688,94.68000030517578,90.0,91.30999755859375,2430900
2020-03-04,92.5199966430664,94.88999938964844,90.95999908447266,94.62999725341797,2420200
2020-03-05,92.48999786376953,92.83000183105469,89.93000030517578,90.91999816894531,2171600
2020-03-06,88.18000030517578,89.88999938964844,87.02999877929688,89.4000015258789,2564200
2020-03-09,84.30999755859375,87.29000091552734,83.0,83.69999694824219,3776600
2020-03-10,86.08000183105469,87.0199966430664,83.4000015258789,86.77999877929688,3464100
2020-03-11,83.91000366210938,84.0999984741211,79.37000274658203,80.97000122070312,2783100
2020-03-12,75.58000183105469,82.33999633789062,74.61000061035156,78.44999694824219,5272000
2020-03-13,81.77999877929688,82.25,75.86000061035156,78.45999908447266,3754400
2020-03-16,70.94999694824219,71.98999786376953,67.08000183105469,69.83000183105469,4975500
2020-03-17,71.30000305175781,71.9000015258789,60.95000076293945,65.48999786376953,6169800
2020-03-18,61.970001220703125,62.72999954223633,57.93000030517578,60.689998626708984,5693200
2020-03-19,59.47999954223633,66.69000244140625,57.15999984741211,62.599998474121094,4564500
2020-03-20,64.04000091552734,64.94000244140625,57.709999084472656,58.08000183105469,4407700
2020-03-23,57.2400016784668,58.209999084472656,54.95000076293945,56.52000045776367,4522900
2020-03-24,61.95000076293945,70.16999816894531,61.58000183105469,69.66000366210938,5277100
2020-03-25,70.41000366210938,76.43000030517578,65.66999816894531,72.87000274658203,5180800
2020-03-26,74.13999938964844,76.19000244140625,71.79000091552734,75.75,4876400
2020-03-27,72.23999786376953,72.62999725341797,68.05000305175781,68.52999877929688,4000000
2020-03-30,68.12000274658203,72.0,68.0,70.66999816894531,4274600
2020-03-31,70.12999725341797,71.93000030517578,68.06999969482422,68.52999877929688,3796100
2020-04-01,65.0,68.18000030517578,64.25,67.6500015258789,3316500
2020-04-02,67.30999755859375,68.94000244140625,64.55000305175781,66.05000305175781,3399700
2020-04-03,65.70999908447266,66.08999633789062,62.15999984741211,63.29999923706055,2631400
2020-04-06,66.55000305175781,71.18000030517578,66.47000122070312,70.5,3683700
2020-04-07,73.98999786376953,75.5,70.0,71.3499984741211,3908500
2020-04-08,72.22000122070312,75.66000366210938,70.86000061035156,75.37000274658203,3682000
2020-04-09,77.58999633789062,82.0999984741211,77.0,80.37000274658203,4199600
2020-04-13,79.77999877929688,80.12999725341797,75.16999816894531,77.05999755859375,2014500
2020-04-14,78.30000305175781,80.41000366210938,77.38999938964844,79.88999938964844,2502800
2020-04-15,77.19000244140625,78.4800033569336,76.4800033569336,77.63999938964844,1907600
2020-04-16,77.58000183105469,80.19000244140625,76.69999694824219,80.11000061035156,2376700
2020-04-17,83.13999938964844,84.97000122070312,82.08999633789062,84.16999816894531,3326300
2020-04-20,82.80999755859375,84.12999725341797,81.5999984741211,82.06999969482422,1827500
2020-04-21,80.08999633789062,81.7699966430664,79.9000015258789,81.19999694824219,2768700
2020-04-22,83.0,87.47000122070312,82.69999694824219,86.79000091552734,2923000
2020-04-23,86.68000030517578,87.33999633789062,84.55000305175781,85.61000061035156,2108900
2020-04-24,85.77999877929688,86.4000015258789,84.2300033569336,85.88999938964844,2131900
2020-04-27,87.0999984741211,88.70999908447266,86.9800033569336,88.19000244140625,1840100
2020-04-28,90.12000274658203,90.47000122070312,87.20999908447266,88.2699966430664,2665900
2020-04-29,90.52999877929688,90.52999877929688,86.25,87.45999908447266,3261300
2020-04-30,86.19000244140625,88.77999877929688,85.66000366210938,86.43000030517578,2319500
2020-05-01,84.38999938964844,84.9000015258789,82.75,83.80999755859375,2130500
2020-05-04,82.45999908447266,83.66000366210938,81.16000366210938,83.08999633789062,1892900
2020-05-05,84.43000030517578,84.87999725341797,82.68000030517578,83.27999877929688,1929800
2020-05-06,83.80000305175781,84.36000061035156,82.87999725341797,83.16999816894531,1440300
2020-05-07,84.5,85.4800033569336,84.04000091552734,84.5999984741211,1874000
2020-05-08,86.04000091552734,86.58000183105469,85.0,86.18000030517578,1949200
2020-05-11,85.62000274658203,87.23999786376953,85.31999969482422,86.37000274658203,1785000
2020-05-12,87.08999633789062,87.62999725341797,83.98999786376953,84.0,1926400
2020-05-13,83.38999938964844,83.77999877929688,79.2699966430664,80.44000244140625,2809100
2020-05-14,79.19999694824219,83.48999786376953,77.58000183105469,83.29000091552734,2684200
2020-05-15,82.58000183105469,85.30999755859375,82.0999984741211,84.9000015258789,3998200
2020-05-18,87.76000213623047,88.44000244140625,85.9800033569336,86.76000213623047,2550100
2020-05-19,86.20999908447266,88.18000030517578,85.45999908447266,86.86000061035156,2066400
2020-05-20,88.44999694824219,88.44999694824219,87.13999938964844,88.08999633789062,2653800
2020-05-21,88.05000305175781,88.2699966430664,86.69000244140625,88.01000213623047,2235900
2020-05-22,88.41999816894531,88.47000122070312,86.08999633789062,87.25,2247700
2020-05-26,89.80000305175781,90.94000244140625,87.87999725341797,88.05000305175781,3680800
2020-05-27,89.43000030517578,90.63999938964844,88.76000213623047,90.23999786376953,4590700
2020-05-28,90.61000061035156,91.30999755859375,88.2300033569336,90.8499984741211,4065700
2020-05-29,90.27999877929688,90.91999816894531,88.51000213623047,89.7300033569336,14610100
2020-06-01,89.88999938964844,91.3499984741211,89.41999816894531,90.5199966430664,2014100
2020-06-02,91.19000244140625,92.5,90.80000305175781,92.20999908447266,2483900
2020-06-03,93.25,95.86000061035156,92.91999816894531,94.55999755859375,2667100
2020-06-04,94.41000366210938,95.63999938964844,93.79000091552734,94.98999786376953,2537000
2020-06-05,97.75,98.27999877929688,95.5199966430664,96.5199966430664,3722800
2020-06-08,96.5,96.87000274658203,95.51000213623047,95.98999786376953,2748000
2020-06-09,95.0,96.3499984741211,93.91000366210938,95.55999755859375,2063200
2020-06-10,95.43000030517578,95.72000122070312,93.41000366210938,94.08999633789062,2418600
2020-06-11,92.01000213623047,92.91999816894531,89.8499984741211,90.66999816894531,2540500
2020-06-12,92.8499984741211,92.98999786376953,89.66999816894531,91.27999877929688,1806400
2020-06-15,89.47000122070312,91.9000015258789,88.5199966430664,91.44000244140625,1631000
2020-06-16,94.33000183105469,94.33000183105469,90.9000015258789,91.86000061035156,1842500
2020-06-17,92.37000274658203,92.4800033569336,90.87000274658203,91.26000213623047,1384600
2020-06-18,90.7300033569336,91.01000213623047,89.62999725341797,90.12999725341797,1428300
2020-06-19,91.4800033569336,91.91999816894531,87.9000015258789,88.26000213623047,4135900
2020-06-22,88.0,88.48999786376953,87.22000122070312,87.81999969482422,2219700
2020-06-23,88.95999908447266,89.29000091552734,87.72000122070312,87.91999816894531,2094100
2020-06-24,87.44000244140625,87.54000091552734,84.94999694824219,86.55999755859375,2848200
2020-06-25,86.31999969482422,86.68000030517578,84.8499984741211,86.0,1611200
2020-06-26,85.80000305175781,86.47000122070312,84.16999816894531,84.79000091552734,4644300
2020-06-29,85.0199966430664,87.18000030517578,84.31999969482422,86.9800033569336,1292000
2020-06-30,85.91000366210938,87.41000366210938,85.54000091552734,86.91000366210938,2046600
2020-07-01,87.16999816894531,87.66999816894531,85.56999969482422,86.44999694824219,1963300
2020-07-02,87.73999786376953,88.62000274658203,86.36000061035156,86.55999755859375,1743100
2020-07-06,87.6500015258789,88.75,86.37999725341797,88.51000213623047,1286900
2020-07-07,87.98999786376953,88.19000244140625,86.68000030517578,86.86000061035156,1310700
2020-07-08,86.93000030517578,87.45999908447266,86.05999755859375,86.55000305175781,1464000
2020-07-09,86.62000274658203,87.25,85.69000244140625,86.37999725341797,1812100
2020-07-10,86.19999694824219,87.44000244140625,85.69999694824219,87.23999786376953,1026700
2020-07-13,87.68000030517578,89.58999633789062,87.05000305175781,87.43000030517578,2291100
2020-07-14,87.11000061035156,88.44000244140625,86.80000305175781,88.18000030517578,1461500
2020-07-15,89.62999725341797,90.69000244140625,88.69000244140625,90.3499984741211,2272800
2020-07-16,89.9000015258789,90.4000015258789,89.41000366210938,89.69000244140625,1798600
2020-07-17,90.05000305175781,91.0,89.43000030517578,90.56999969482422,1293900
2020-07-20,90.3499984741211,91.22000122070312,89.66999816894531,90.91000366210938,1339200
2020-07-21,91.70999908447266,92.11000061035156,90.88999938964844,91.04000091552734,1433500
2020-07-22,90.72000122070312,94.20999908447266,90.66000366210938,93.62000274658203,2341800
2020-07-23,93.33999633789062,94.19000244140625,92.36000061035156,92.87000274658203,1553000
2020-07-24,93.0199966430664,93.47000122070312,92.20999908447266,93.13999938964844,1022600
2020-07-27,93.0199966430664,94.16000366210938,92.56999969482422,93.37000274658203,2213300
2020-07-28,93.66000366210938,93.9800033569336,92.31999969482422,92.75,2171100
2020-07-29,92.75,95.44000244140625,92.66999816894531,94.83000183105469,2777900
2020-07-30,93.1500015258789,94.19999694824219,90.56999969482422,91.63999938964844,3863100
2020-07-31,91.56999969482422,91.86000061035156,90.16000366210938,91.05000305175781,1914900
2020-08-03,91.25,92.47000122070312,90.80000305175781,90.91999816894531,1735200
2020-08-04,90.5199966430664,92.41000366210938,90.38999938964844,91.81999969482422,1321700
2020-08-05,92.2300033569336,92.52999877929688,90.79000091552734,91.0,1243200
2020-08-06,90.41000366210938,91.47000122070312,90.16000366210938,90.98999786376953,1194800
2020-08-07,90.54000091552734,91.31999969482422,90.04000091552734,90.81999969482422,1239700
2020-08-10,90.94999694824219,91.76000213623047,90.9000015258789,91.33999633789062,1087400
2020-08-11,92.08999633789062,93.9000015258789,92.06999969482422,92.69999694824219,1429100
2020-08-12,93.30000305175781,93.80000305175781,92.54000091552734,93.16000366210938,1189300
2020-08-13,92.95999908447266,93.72000122070312,92.55999755859375,92.7699966430664,1221200
2020-08-14,92.68000030517578,93.16000366210938,92.0199966430664,92.6500015258789,781000
2020-08-17,92.8499984741211,94.0999984741211,92.55000305175781,93.5999984741211,1199200
2020-08-18,94.36000061035156,94.9000015258789,93.5999984741211,94.9000015258789,1463300
2020-08-19,95.13999938964844,95.44000244140625,93.52999877929688,93.93000030517578,1275800
2020-08-20,93.06999969482422,95.51000213623047,93.0,95.37000274658203,1346200
2020-08-21,95.41999816894531,96.33000183105469,95.31999969482422,96.0999984741211,1477100
2020-08-24,96.4000015258789,96.97000122070312,95.16999816894531,96.55999755859375,1439200
2020-08-25,96.70999908447266,96.83999633789062,95.88999938964844,96.4800033569336,1179800
2020-08-26,96.12000274658203,96.12000274658203,94.80999755859375,95.33000183105469,1521300
2020-08-27,96.37999725341797,96.66999816894531,95.47000122070312,95.47000122070312,1661900
2020-08-28,96.02999877929688,97.5999984741211,95.55999755859375,97.44999694824219,1517100
2020-08-31,97.18000030517578,97.31999969482422,95.72000122070312,95.8499984741211,1451300
2020-09-01,95.58999633789062,96.16999816894531,94.93000030517578,96.1500015258789,1618200
2020-09-02,96.11000061035156,98.6500015258789,95.9000015258789,97.9800033569336,1873300
2020-09-03,98.41999816894531,98.55000305175781,95.37999725341797,96.33000183105469,1526300
2020-09-04,96.9000015258789,97.25,94.30000305175781,95.22000122070312,2025000
2020-09-08,95.0,96.12999725341797,93.45999908447266,93.68000030517578,2305000
2020-09-09,94.11000061035156,94.83999633789062,93.30999755859375,93.38999938964844,1193400
2020-09-10,93.37999725341797,94.55999755859375,92.11000061035156,92.3499984741211,1634100
2020-09-11,92.63999938964844,93.43000030517578,91.5,92.2699966430664,1246500
2020-09-14,93.1500015258789,94.18000030517578,92.54000091552734,92.87000274658203,1497700
2020-09-15,93.19999694824219,94.31999969482422,93.0999984741211,93.5199966430664,1191500
2020-09-16,93.8499984741211,95.44999694824219,93.62000274658203,94.80999755859375,1621100
2020-09-17,93.69000244140625,94.62999725341797,92.97000122070312,93.70999908447266,1254500
2020-09-18,93.30999755859375,94.37999725341797,92.05999755859375,92.11000061035156,2775800
2020-09-21,90.4000015258789,91.0999984741211,88.08000183105469,89.33999633789062,1717700
2020-09-22,89.37000274658203,90.81999969482422,88.8499984741211,90.58999633789062,1233300
2020-09-23,90.7699966430664,91.41999816894531,89.5999984741211,89.7699966430664,1756200
2020-09-24,89.68000030517578,91.4800033569336,89.12000274658203,91.37000274658203,1650700
2020-09-25,91.04000091552734,91.73999786376953,89.7300033569336,91.37999725341797,1154800
2020-09-28,91.87999725341797,92.44999694824219,91.38999938964844,91.87999725341797,1694600
2020-09-29,91.58000183105469,91.87999725341797,90.23999786376953,90.70999908447266,1612600
2020-09-30,91.12000274658203,92.52999877929688,90.76000213623047,91.30000305175781,1735200
2020-10-01,92.1500015258789,92.51000213623047,91.20999908447266,91.81999969482422,1300700
2020-10-02,90.62000274658203,95.30999755859375,90.33000183105469,95.16999816894531,2173300
2020-10-05,95.68000030517578,95.77999877929688,93.3499984741211,94.08999633789062,1415100
2020-10-06,94.55999755859375,94.83000183105469,91.83000183105469,91.91999816894531,1282300
2020-10-07,92.80000305175781,94.47000122070312,92.70999908447266,93.87999725341797,1523400
2020-10-08,94.19000244140625,95.43000030517578,93.88999938964844,95.41000366210938,1239100
2020-10-09,95.62999725341797,96.08000183105469,94.81999969482422,95.48999786376953,1169700
2020-10-12,95.51000213623047,96.2300033569336,94.8499984741211,95.9800033569336,976900
2020-10-13,95.41000366210938,96.38999938964844,95.37000274658203,96.01000213623047,847600
2020-10-14,96.2300033569336,97.3499984741211,95.87000274658203,96.5199966430664,1317000
2020-10-15,95.93000030517578,99.75,95.62000274658203,99.48999786376953,2427900
2020-10-16,99.66999816894531,100.75,98.41000366210938,98.52999877929688,2282000
2020-10-19,98.38999938964844,99.79000091552734,97.02999877929688,97.25,1087900
2020-10-20,97.87000274658203,98.4800033569336,97.0,97.27999877929688,1112400
2020-10-21,97.29000091552734,99.37999725341797,97.13999938964844,99.06999969482422,1060600
2020-10-22,99.66000366210938,99.94999694824219,98.19999694824219,99.8499984741211,1336900
2020-10-23,100.33000183105469,101.51000213623047,99.11000061035156,101.27999877929688,1039400
2020-10-26,100.54000091552734,100.54000091552734,97.5199966430664,99.19999694824219,1300000
2020-10-27,98.81999969482422,99.16999816894531,97.81999969482422,97.98999786376953,1024800
2020-10-28,96.06999969482422,97.19999694824219,94.88999938964844,95.05999755859375,1564600
2020-10-29,97.30999755859375,97.4800033569336,92.22000122070312,94.94000244140625,2009000
2020-10-30,94.36000061035156,95.20999908447266,92.3499984741211,93.33000183105469,2139000
2020-11-02,94.41999816894531,95.93000030517578,93.7300033569336,95.25,1908400
2020-11-03,96.41999816894531,97.69999694824219,95.79000091552734,96.7699966430664,1449700
2020-11-04,97.30999755859375,99.97000122070312,96.66000366210938,98.58000183105469,2024400
2020-11-05,99.41999816894531,101.2300033569336,98.97000122070312,100.69999694824219,2803100
2020-11-06,100.56999969482422,101.26000213623047,99.12999725341797,99.37999725341797,1745400
2020-11-09,103.98999786376953,106.33000183105469,101.9000015258789,101.9800033569336,2035700
2020-11-10,102.76000213623047,104.0199966430664,102.0,102.98999786376953,1545200
2020-11-11,103.20999908447266,103.52999877929688,101.55999755859375,101.81999969482422,1273200
2020-11-12,101.55000305175781,102.26000213623047,99.73999786376953,100.41999816894531,1326000
2020-11-13,101.12999725341797,103.0199966430664,100.87999725341797,102.87000274658203,1345500
2020-11-16,103.70999908447266,105.88999938964844,103.4800033569336,104.76000213623047,1575500
2020-11-17,103.4800033569336,104.30999755859375,103.01000213623047,104.04000091552734,1000200
2020-11-18,104.41999816894531,105.0199966430664,103.7699966430664,104.16999816894531,1288000
2020-11-19,104.16000366210938,105.4000015258789,103.81999969482422,105.2699966430664,1081500
2020-11-20,105.16000366210938,105.45999908447266,104.68000030517578,104.98999786376953,1541200
2020-11-23,105.58999633789062,105.83999633789062,104.48999786376953,105.0,1449100
2020-11-24,105.68000030517578,107.30999755859375,105.25,107.19000244140625,1439900
2020-11-25,106.91000366210938,107.27999877929688,105.91000366210938,106.61000061035156,1376700
2020-11-27,107.0,107.69999694824219,106.80000305175781,107.18000030517578,801200
2020-11-30,106.19999694824219,106.48999786376953,105.01000213623047,105.80000305175781,2902800
2020-12-01,106.83999633789062,106.98999786376953,105.5199966430664,106.33999633789062,1726200
2020-12-02,105.87000274658203,105.97000122070312,104.80000305175781,104.9800033569336,1298100
2020-12-03,104.66999816894531,105.2300033569336,104.31999969482422,104.5199966430664,1329900
2020-12-04,105.08999633789062,106.1500015258789,104.7699966430664,105.86000061035156,897000
2020-12-07,105.52999877929688,105.69000244140625,104.66999816894531,105.23999786376953,1507200
2020-12-08,104.5999984741211,105.62999725341797,104.4800033569336,105.1500015258789,1421200
2020-12-09,105.5999984741211,106.91000366210938,105.0999984741211,106.56999969482422,1431700
2020-12-10,106.16000366210938,107.08000183105469,105.9000015258789,106.45999908447266,1347800
2020-12-11,105.87999725341797,106.5,105.3499984741211,105.98999786376953,1538300
2020-12-14,106.88999938964844,106.88999938964844,105.33000183105469,105.5,2015300
2020-12-15,106.37999725341797,107.6500015258789,105.97000122070312,107.37999725341797,2357700
2020-12-16,107.51000213623047,108.63999938964844,107.16999816894531,107.41999816894531,2412400
2020-12-17,108.7300033569336,108.87999725341797,107.8499984741211,108.79000091552734,2842700
2020-12-18,108.81999969482422,110.16999816894531,108.80000305175781,109.77999877929688,4513800
2020-12-21,108.12000274658203,109.44999694824219,106.66999816894531,108.62999725341797,1288900
2020-12-22,108.05999755859375,108.31999969482422,107.0199966430664,107.4000015258789,1199300
2020-12-23,107.16000366210938,107.93000030517578,106.79000091552734,106.79000091552734,884700
2020-12-24,107.22000122070312,107.69000244140625,106.94000244140625,107.54000091552734,340400
2020-12-28,108.48999786376953,109.8499984741211,107.37999725341797,109.77999877929688,1822900
2020-12-29,109.62999725341797,110.55999755859375,109.4000015258789,109.44999694824219,1818300
2020-12-30,109.3499984741211,110.66000366210938,109.33000183105469,109.51000213623047,1267900
2020-12-31,108.73999786376953,109.18000030517578,107.37999725341797,108.55999755859375,1651700
2021-01-04,109.0199966430664,109.0199966430664,104.86000061035156,105.81999969482422,2058200
2021-01-05,105.63999938964844,106.3499984741211,105.19999694824219,105.83000183105469,1475300
2021-01-06,105.62999725341797,106.69999694824219,105.38999938964844,106.41000366210938,1352700
2021-01-07,106.5,106.98999786376953,105.27999877929688,105.5999984741211,2222900
2021-01-08,105.80999755859375,107.44999694824219,105.62000274658203,107.1500015258789,1252200
2021-01-11,106.80000305175781,108.04000091552734,106.58999633789062,107.66999816894531,1329100
2021-01-12,107.48999786376953,108.44999694824219,106.4800033569336,107.66999816894531,1182600
2021-01-13,107.12000274658203,107.7300033569336,106.27999877929688,107.1500015258789,1538800
2021-01-14,107.77999877929688,109.66000366210938,107.30999755859375,107.77999877929688,1497600
2021-01-15,107.5199966430664,107.5199966430664,106.0,106.62000274658203,1163500
2021-01-19,106.95999908447266,108.0,106.75,107.38999938964844,1748400
2021-01-20,107.6500015258789,109.62999725341797,107.41999816894531,109.41000366210938,1543700
2021-01-21,109.5,109.5,107.87000274658203,107.87999725341797,1199400
2021-01-22,107.36000061035156,107.61000061035156,106.06999969482422,107.08999633789062,951400
2021-01-25,106.29000091552734,106.37999725341797,104.26000213623047,105.26000213623047,1495200
2021-01-26,105.6500015258789,107.2300033569336,103.93000030517578,106.33999633789062,1834400
2021-01-27,105.54000091552734,105.66000366210938,101.79000091552734,102.0199966430664,1914700
2021-01-28,102.25,104.19999694824219,102.08000183105469,102.52999877929688,1827300
2021-01-29,102.08999633789062,103.23999786376953,101.18000030517578,101.48999786376953,1901300
2021-02-01,102.23999786376953,103.70999908447266,101.63999938964844,103.05999755859375,1782200
2021-02-02,104.30999755859375,106.91999816894531,103.63999938964844,106.30000305175781,1999800
2021-02-03,105.79000091552734,106.1500015258789,104.7300033569336,104.7300033569336,1606800
2021-02-04,105.44000244140625,105.87999725341797,102.8499984741211,102.98999786376953,2777000
2021-02-05,103.3499984741211,105.88999938964844,103.3499984741211,105.33999633789062,2266100
2021-02-08,104.81999969482422,105.11000061035156,102.79000091552734,103.36000061035156,1947000
2021-02-09,103.41000366210938,103.95999908447266,102.25,103.12000274658203,1598500
2021-02-10,103.77999877929688,105.33999633789062,102.98999786376953,104.81999969482422,2005200
2021-02-11,104.75,105.9800033569336,104.26000213623047,105.4800033569336,1791200
2021-02-12,105.44999694824219,105.9000015258789,104.52999877929688,105.47000122070312,1163800
2021-02-16,105.66999816894531,106.18000030517578,104.97000122070312,105.5999984741211,1904300
2021-02-17,104.73999786376953,105.43000030517578,103.94999694824219,104.33999633789062,2263200
2021-02-18,103.93000030517578,105.88999938964844,103.93000030517578,105.37000274658203,1485600
2021-02-19,105.52999877929688,106.05999755859375,104.93000030517578,105.12999725341797,1726800
2021-02-22,104.41999816894531,105.54000091552734,103.76000213623047,105.01000213623047,2102700
2021-02-23,105.5999984741211,106.7300033569336,103.94000244140625,104.6500015258789,1795800
2021-02-24,104.56999969482422,105.06999969482422,103.70999908447266,104.68000030517578,1704200
2021-02-25,104.6500015258789,105.0199966430664,103.87999725341797,104.69999694824219,1751800
2021-02-26,105.22000122070312,105.27999877929688,103.20999908447266,103.52999877929688,2018900
2021-03-01,104.01000213623047,105.86000061035156,103.97000122070312,104.51000213623047,1446300
2021-03-02,104.2699966430664,105.48999786376953,103.72000122070312,104.73999786376953,2450800
2021-03-03,104.7699966430664,105.16000366210938,103.4800033569336,103.51000213623047,1740700
2021-03-04,103.69999694824219,104.3499984741211,101.95999908447266,103.56999969482422,1789200
2021-03-05,103.80000305175781,104.80000305175781,101.94000244140625,104.33000183105469,1638000
2021-03-08,104.5,105.44000244140625,104.08999633789062,104.13999938964844,2036900
2021-03-09,104.4800033569336,104.77999877929688,102.6500015258789,102.68000030517578,2502600
2021-03-10,103.19999694824219,105.20999908447266,102.80000305175781,104.61000061035156,1995500
2021-03-11,105.08000183105469,105.77999877929688,104.4800033569336,104.62999725341797,1846100
2021-03-12,104.93000030517578,105.41000366210938,104.11000061035156,104.80999755859375,1562800
2021-03-15,105.23999786376953,108.01000213623047,105.12000274658203,107.98999786376953,1954900
2021-03-16,108.0,109.13999938964844,107.62000274658203,108.80000305175781,2289500
2021-03-17,108.80000305175781,111.68000030517578,108.26000213623047,111.0199966430664,2707800
2021-03-18,110.80999755859375,110.97000122070312,108.2699966430664,108.30999755859375,1645400
2021-03-19,108.4800033569336,109.52999877929688,107.56999969482422,107.95999908447266,3184200
2021-03-22,107.77999877929688,108.9800033569336,107.62999725341797,108.75,1915800
2021-03-23,107.95999908447266,108.37999725341797,107.44999694824219,108.0,1473900
2021-03-24,108.0,108.83999633789062,107.08000183105469,107.08000183105469,1198900
2021-03-25,107.08000183105469,107.5,106.01000213623047,107.37999725341797,1430400
2021-03-26,107.94999694824219,108.13999938964844,106.29000091552734,108.05999755859375,1391400
2021-03-29,108.0,109.97000122070312,107.08000183105469,109.20999908447266,1717900
2021-03-30,108.25,110.68000030517578,108.25,109.7699966430664,1694000
2021-03-31,109.19999694824219,109.4800033569336,108.1500015258789,108.18000030517578,1604400
2021-04-01,108.66999816894531,109.97000122070312,107.98999786376953,109.80000305175781,927800
2021-04-05,110.06999969482422,111.29000091552734,109.94999694824219,110.63999938964844,1239200
2021-04-06,111.4000015258789,114.69999694824219,111.27999877929688,114.08000183105469,2280000
2021-04-07,113.76000213623047,114.63999938964844,113.58999633789062,114.05000305175781,1095600
2021-04-08,113.77999877929688,114.66999816894531,113.4000015258789,114.66000366210938,1216200
2021-04-09,114.77999877929688,114.97000122070312,113.5999984741211,114.95999908447266,1042100
2021-04-12,115.0,116.55000305175781,114.98999786376953,116.41999816894531,1541900
2021-04-13,116.47000122070312,117.98999786376953,116.12999725341797,117.44999694824219,1462000
2021-04-14,117.52999877929688,118.83000183105469,117.43000030517578,118.16000366210938,1353400
2021-04-15,118.47000122070312,118.97000122070312,117.25,117.61000061035156,1243800
2021-04-16,118.63999938964844,118.63999938964844,117.72000122070312,118.05999755859375,1586500
2021-04-19,118.37999725341797,118.70999908447266,117.1500015258789,117.70999908447266,768500
2021-04-20,117.11000061035156,118.08000183105469,116.91999816894531,117.95999908447266,827500
2021-04-21,117.76000213623047,118.2699966430664,117.16999816894531,117.44999694824219,846600
2021-04-22,118.18000030517578,118.52999877929688,117.4800033569336,117.81999969482422,829600
2021-04-23,117.7300033569336,118.19000244140625,117.33999633789062,117.72000122070312,1097600
2021-04-26,117.94999694824219,117.94999694824219,115.36000061035156,115.68000030517578,2121100
2021-04-27,116.04000091552734,116.5,115.80000305175781,116.41000366210938,1082000
2021-04-28,115.91000366210938,118.69999694824219,115.5,117.56999969482422,1789700
2021-04-29,118.0,119.2300033569336,117.73999786376953,118.91000366210938,2055800
2021-04-30,118.91999816894531,119.91999816894531,118.36000061035156,119.5199966430664,1863900
2021-05-03,120.0,120.68000030517578,119.93000030517578,119.9800033569336,1087200
2021-05-04,119.91000366210938,120.70999908447266,119.13999938964844,119.37000274658203,1594300
2021-05-05,119.5199966430664,121.38999938964844,119.05999755859375,121.08999633789062,1428400
2021-05-06,121.8499984741211,122.41000366210938,120.56999969482422,121.29000091552734,1190200
2021-05-07,121.2699966430664,122.37000274658203,121.0999984741211,121.2300033569336,1022400
2021-05-10,121.56999969482422,122.7300033569336,121.29000091552734,121.91999816894531,1039200
2021-05-11,122.11000061035156,122.11000061035156,118.30999755859375,119.1500015258789,2750100
2021-05-12,118.77999877929688,119.11000061035156,116.91999816894531,117.1500015258789,1617100
2021-05-13,117.27999877929688,118.77999877929688,117.27999877929688,118.08999633789062,1470800
2021-05-14,118.37999725341797,119.70999908447266,118.3499984741211,119.2699966430664,1241900
2021-05-17,119.33000183105469,119.48999786376953,117.76000213623047,118.6500015258789,1181600
2021-05-18,118.97000122070312,120.05000305175781,118.91999816894531,119.29000091552734,1426300
2021-05-19,118.2300033569336,119.05999755859375,117.38999938964844,118.70999908447266,1624400
2021-05-20,118.81999969482422,120.2699966430664,118.70999908447266,119.94000244140625,1242200
2021-05-21,120.25,120.55000305175781,119.47000122070312,119.70999908447266,2184700
2021-05-24,120.16000366210938,121.5999984741211,119.9800033569336,120.5199966430664,1460300
2021-05-25,121.0,121.29000091552734,120.36000061035156,120.5999984741211,1536200
2021-05-26,120.79000091552734,120.93000030517578,120.02999877929688,120.48999786376953,2496500
2021-05-27,120.4000015258789,120.48999786376953,119.30000305175781,120.08999633789062,2226600
2021-05-28,120.0999984741211,120.31999969482422,119.56999969482422,119.97000122070312,1389600
2021-06-01,121.0,121.0,119.62000274658203,119.9000015258789,1242700
2021-06-02,120.01000213623047,120.70999908447266,119.13999938964844,119.23999786376953,2240600
2021-06-03,118.44000244140625,119.02999877929688,117.18000030517578,118.72000122070312,1690100
2021-06-04,119.5,119.62999725341797,118.26000213623047,118.7699966430664,1080500
2021-06-07,118.87999725341797,119.12999725341797,117.77999877929688,118.31999969482422,1104500
2021-06-08,118.62999725341797,119.95999908447266,118.47000122070312,119.05999755859375,1448900
2021-06-09,119.16000366210938,119.48999786376953,117.4800033569336,117.52999877929688,2053000
2021-06-10,117.79000091552734,118.72000122070312,117.26000213623047,118.70999908447266,1310200
2021-06-11,119.0199966430664,120.16999816894531,118.88999938964844,119.6500015258789,2077900
2021-06-14,119.2699966430664,119.55000305175781,117.41000366210938,118.05999755859375,2266200
2021-06-15,118.19999694824219,118.6500015258789,117.7300033569336,118.56999969482422,1177700
2021-06-16,118.87999725341797,118.87999725341797,117.25,118.13999938964844,1394400
2021-06-17,118.13999938964844,118.45999908447266,116.31999969482422,116.83999633789062,1215800
2021-06-18,115.72000122070312,116.06999969482422,114.5199966430664,114.63999938964844,3951000
2021-06-21,115.5,116.83000183105469,114.9000015258789,116.76000213623047,1486800
2021-06-22,117.0999984741211,117.66000366210938,116.41000366210938,117.5,1293500
2021-06-23,117.52999877929688,117.63999938964844,116.80999755859375,116.94000244140625,1407600
2021-06-24,117.58000183105469,117.94000244140625,116.88999938964844,116.98999786376953,1706200
2021-06-25,116.69999694824219,117.66000366210938,116.5199966430664,117.25,5229900
2021-06-28,116.9000015258789,117.06999969482422,115.41999816894531,116.11000061035156,1662200
2021-06-29,116.4800033569336,116.55999755859375,115.41999816894531,115.55999755859375,1187000
2021-06-30,115.44000244140625,115.87999725341797,114.51000213623047,115.02999877929688,1474300
2021-07-01,115.48999786376953,116.44000244140625,115.36000061035156,116.01000213623047,1847500
2021-07-02,116.43000030517578,117.08000183105469,116.02999877929688,116.94999694824219,867700
2021-07-06,117.44000244140625,117.44000244140625,115.62999725341797,116.25,963300
2021-07-07,115.97000122070312,117.9000015258789,115.69000244140625,117.81999969482422,1182400
2021-07-08,116.69999694824219,117.86000061035156,116.37999725341797,117.31999969482422,1122700
2021-07-09,118.36000061035156,118.8499984741211,117.87999725341797,118.58000183105469,999900
2021-07-12,118.02999877929688,118.26000213623047,117.36000061035156,117.87000274658203,1001900
2021-07-13,117.68000030517578,117.72000122070312,116.88999938964844,117.08999633789062,1140000
2021-07-14,117.20999908447266,118.04000091552734,116.91999816894531,117.12000274658203,931700
2021-07-15,116.80999755859375,117.20999908447266,116.08999633789062,116.98999786376953,1029800
2021-07-16,117.33999633789062,117.5199966430664,115.72000122070312,115.8499984741211,1055900
2021-07-19,114.48999786376953,114.7699966430664,112.1500015258789,113.44999694824219,2222400
2021-07-20,113.9000015258789,116.43000030517578,113.54000091552734,116.16000366210938,1886400
2021-07-21,116.98999786376953,117.8499984741211,116.02999877929688,116.7699966430664,1566000
2021-07-22,117.0,120.44999694824219,116.66000366210938,120.26000213623047,1989000
2021-07-23,120.48999786376953,123.43000030517578,120.37000274658203,122.79000091552734,2143400
2021-07-26,122.7699966430664,123.62999725341797,122.31999969482422,123.44999694824219,1511600
2021-07-27,123.33999633789062,125.6500015258789,122.87999725341797,125.4800033569336,2251800
2021-07-28,125.37999725341797,125.37999725341797,121.5199966430664,122.61000061035156,1981000
2021-07-29,126.5,130.49000549316406,125.5199966430664,130.30999755859375,2795400
2021-07-30,129.19000244140625,132.02000427246094,128.89999389648438,131.38999938964844,2193700
2021-08-02,132.08999633789062,133.33999633789062,131.69000244140625,132.38999938964844,1520500
2021-08-03,132.6300048828125,133.4499969482422,131.08999633789062,133.4199981689453,1509200
2021-08-04,133.47000122070312,134.14999389648438,132.75999450683594,133.52000427246094,1163300
2021-08-05,133.99000549316406,134.25999450683594,132.85000610351562,133.63999938964844,1109200
2021-08-06,133.97000122070312,134.6199951171875,133.32000732421875,134.02999877929688,1211400
2021-08-09,133.91000366210938,133.91000366210938,132.88999938964844,133.1999969482422,950800
2021-08-10,133.27000427246094,133.7100067138672,132.94000244140625,133.0500030517578,991500
2021-08-11,133.38999938964844,134.8000030517578,133.11000061035156,134.0500030517578,1354700
2021-08-12,134.19000244140625,134.19000244140625,133.1699981689453,133.36000061035156,904600
2021-08-13,133.4199981689453,135.0,133.05999755859375,134.9600067138672,1438700
2021-08-16,134.47999572753906,135.38999938964844,134.07000732421875,135.1199951171875,800800
2021-08-17,134.55999755859375,135.30999755859375,134.07000732421875,134.9199981689453,769300
2021-08-18,134.83999633789062,135.77000427246094,134.1699981689453,134.38999938964844,734800
2021-08-19,133.86000061035156,134.5500030517578,133.25,133.9600067138672,644900
2021-08-20,133.3000030517578,134.91000366210938,133.1300048828125,134.4600067138672,885100
2021-08-23,135.02999877929688,135.50999450683594,134.4600067138672,134.89999389648438,948600
2021-08-24,134.83999633789062,135.0399932861328,133.4199981689453,133.5399932861328,1079800
2021-08-25,133.16000366210938,134.67999267578125,133.16000366210938,134.44000244140625,856200
2021-08-26,132.32000732421875,132.32000732421875,131.0399932861328,131.39999389648438,1541800
2021-08-27,131.7899932861328,132.72999572753906,131.50999450683594,131.6999969482422,1263000
2021-08-30,131.72000122070312,132.41000366210938,130.64999389648438,130.69000244140625,1701400
2021-08-31,131.00999450683594,131.75,130.4499969482422,131.02999877929688,2297300
2021-09-01,131.4199981689453,132.61000061035156,130.55999755859375,131.5500030517578,1238800
2021-09-02,132.32000732421875,132.5800018310547,131.10000610351562,131.27000427246094,1107800
2021-09-03,130.69000244140625,131.5,130.5800018310547,130.9199981689453,834400
2021-09-07,131.25999450683594,131.49000549316406,128.7899932861328,128.8300018310547,1553100
2021-09-08,129.22999572753906,130.8699951171875,128.69000244140625,130.19000244140625,1273100
2021-09-09,130.3699951171875,131.39999389648438,129.19000244140625,129.25,1024200
2021-09-10,130.10000610351562,130.72999572753906,129.3699951171875,129.88999938964844,2095800
2021-09-13,130.1999969482422,130.25999450683594,127.76000213623047,129.0500030517578,1659200
2021-09-14,129.57000732421875,129.57000732421875,128.5399932861328,128.99000549316406,1399200
2021-09-15,128.66000366210938,128.9600067138672,127.25,128.49000549316406,1336000
2021-09-16,128.57000732421875,129.0,127.02999877929688,127.94000244140625,1781800
2021-09-17,127.70999908447266,128.49000549316406,126.77999877929688,127.08999633789062,4309800
2021-09-20,125.41999816894531,126.58999633789062,124.0,125.58999633789062,1538900
2021-09-21,126.06999969482422,126.79000091552734,124.73999786376953,124.8499984741211,1575600
2021-09-22,125.63999938964844,126.77999877929688,125.33000183105469,125.55000305175781,1790300
2021-09-23,125.88999938964844,126.62000274658203,124.83999633789062,124.9800033569336,2255600
2021-09-24,125.3499984741211,126.12999725341797,124.87000274658203,125.5199966430664,1534400
2021-09-27,125.08000183105469,126.62000274658203,125.08000183105469,125.56999969482422,1805900
2021-09-28,125.30999755859375,125.48999786376953,122.12000274658203,122.54000091552734,1834400
2021-09-29,122.87000274658203,123.20999908447266,121.68000030517578,123.04000091552734,2048500
2021-09-30,123.3499984741211,123.95999908447266,122.12000274658203,122.30999755859375,3102700
2021-10-01,123.30000305175781,124.08999633789062,121.87999725341797,123.63999938964844,1995000
2021-10-04,123.33000183105469,124.55999755859375,122.83000183105469,123.04000091552734,2155600
2021-10-05,123.3499984741211,124.62999725341797,122.41000366210938,123.5999984741211,1660800
2021-10-06,122.12000274658203,123.7300033569336,121.20999908447266,123.66000366210938,1723900
2021-10-07,124.69999694824219,126.19999694824219,124.48999786376953,125.22000122070312,1535400
2021-10-08,125.18000030517578,125.66999816894531,123.33999633789062,123.38999938964844,918000
2021-10-11,123.3499984741211,123.9000015258789,121.91000366210938,122.0,1010600
2021-10-12,122.8499984741211,123.2699966430664,121.51000213623047,122.36000061035156,1146300
2021-10-13,122.2699966430664,123.58000183105469,121.83999633789062,123.5199966430664,1350500
2021-10-14,124.26000213623047,125.62000274658203,123.76000213623047,125.05000305175781,1553500
2021-10-15,126.19000244140625,126.86000061035156,125.16999816894531,125.20999908447266,1829000
2021-10-18,125.26000213623047,126.66999816894531,124.77999877929688,126.44999694824219,1131400
2021-10-19,126.72000122070312,127.26000213623047,125.44000244140625,125.70999908447266,1106200
2021-10-20,125.37000274658203,127.19999694824219,124.9800033569336,125.87999725341797,1281800
2021-10-21,126.01000213623047,126.8499984741211,125.37000274658203,126.77999877929688,1192400
2021-10-22,126.37000274658203,127.18000030517578,126.2300033569336,126.56999969482422,994300
2021-10-25,126.73999786376953,127.19999694824219,125.58999633789062,125.94000244140625,1343500
2021-10-26,126.0999984741211,127.0199966430664,125.58999633789062,126.18000030517578,1537900
2021-10-27,126.30999755859375,127.95999908447266,125.79000091552734,125.79000091552734,1427600
2021-10-28,124.38999938964844,126.37999725341797,123.26000213623047,125.87999725341797,2238900
2021-10-29,124.44000244140625,125.98999786376953,123.70999908447266,124.94000244140625,2303800
2021-11-01,125.54000091552734,127.06999969482422,125.33999633789062,126.52999877929688,1239900
2021-11-02,126.62999725341797,127.0,124.11000061035156,124.41999816894531,1296700
2021-11-03,123.91999816894531,125.13999938964844,123.05999755859375,124.05000305175781,1486700
2021-11-04,124.3499984741211,125.93000030517578,124.0999984741211,125.4000015258789,1146800
2021-11-05,126.58999633789062,127.8499984741211,125.97000122070312,126.68000030517578,1187800
2021-11-08,126.43000030517578,127.33000183105469,125.97000122070312,126.22000122070312,839600
2021-11-09,126.05999755859375,127.33999633789062,125.62999725341797,126.19000244140625,706600
2021-11-10,125.83999633789062,126.19000244140625,125.36000061035156,125.80000305175781,996100
2021-11-11,125.83000183105469,125.83000183105469,123.0199966430664,124.41999816894531,1168000
2021-11-12,124.58000183105469,125.80999755859375,124.2699966430664,125.22000122070312,813900
2021-11-15,125.9000015258789,127.56999969482422,125.66999816894531,126.58999633789062,1033400
2021-11-16,126.45999908447266,127.7699966430664,126.31999969482422,127.06999969482422,866400
2021-11-17,127.2300033569336,127.83999633789062,127.18000030517578,127.55000305175781,1032200
2021-11-18,127.62999725341797,128.0,126.33000183105469,127.01000213623047,1202500
2021-11-19,127.18000030517578,127.41000366210938,126.13999938964844,126.95999908447266,1001200
2021-11-22,127.19999694824219,128.8699951171875,126.41999816894531,126.47000122070312,1225500
2021-11-23,126.62000274658203,127.01000213623047,125.1500015258789,126.58999633789062,999800
2021-11-24,125.68000030517578,127.69000244140625,125.30999755859375,126.87999725341797,853500
2021-11-26,124.51000213623047,124.95999908447266,123.9000015258789,124.19999694824219,1141400
2021-11-29,125.36000061035156,126.29000091552734,124.05999755859375,125.25,1249100
2021-11-30,124.33999633789062,124.81999969482422,122.37999725341797,122.83999633789062,3374000
2021-12-01,124.37000274658203,126.8499984741211,123.08999633789062,123.22000122070312,1939500
2021-12-02,123.97000122070312,127.69999694824219,123.88999938964844,126.52999877929688,1788400
2021-12-03,127.5199966430664,127.98999786376953,123.79000091552734,124.83000183105469,2028900
2021-12-06,126.12999725341797,130.60000610351562,126.04000091552734,128.8699951171875,2007500
2021-12-07,129.94000244140625,131.6999969482422,129.00999450683594,131.3000030517578,1240800
2021-12-08,132.0500030517578,133.8699951171875,131.58999633789062,131.74000549316406,1708900
2021-12-09,132.05999755859375,134.22000122070312,131.6999969482422,133.1199951171875,1368800
2021-12-10,133.50999450683594,134.75,133.1999969482422,133.8699951171875,1283300
2021-12-13,133.0500030517578,133.3000030517578,131.07000732421875,132.13999938964844,1393700
2021-12-14,131.55999755859375,133.0,131.5,131.99000549316406,1434500
2021-12-15,132.00999450683594,132.8800048828125,131.16000366210938,132.4199981689453,1226000
2021-12-16,132.92999267578125,134.0,132.72999572753906,133.58999633789062,1022400
2021-12-17,133.41000366210938,133.83999633789062,131.8300018310547,131.92999267578125,2491600
2021-12-20,130.69000244140625,131.72000122070312,130.1199951171875,131.57000732421875,1155400
2021-12-21,132.38999938964844,134.49000549316406,132.19000244140625,133.3699951171875,1202400
2021-12-22,133.6199951171875,135.13999938964844,133.5,134.6300048828125,940100
2021-12-23,135.49000549316406,135.8300018310547,134.97999572753906,135.33999633789062,958200
2021-12-27,135.17999267578125,138.02999877929688,135.17999267578125,138.00999450683594,1095400
2021-12-28,137.75999450683594,138.5399932861328,137.5800018310547,137.97999572753906,662000
2021-12-29,137.85000610351562,139.85000610351562,137.80999755859375,138.66000366210938,1139300
2021-12-30,138.6999969482422,139.14999389648438,138.1999969482422,138.38999938964844,538500
2021-12-31,138.41000366210938,139.6300048828125,138.19000244140625,138.86000061035156,757800
2022-01-03,138.3800048828125,138.77000427246094,134.85000610351562,136.52999877929688,1251400
2022-01-04,137.17999267578125,138.24000549316406,136.2899932861328,137.25999450683594,935900
2022-01-05,137.5,138.0,135.4499969482422,135.52000427246094,977900
2022-01-06,136.0,137.6300048828125,135.27999877929688,136.9199981689453,862400
2022-01-07,136.36000061035156,137.1199951171875,135.32000732421875,135.35000610351562,833700
2022-01-10,134.75999450683594,135.0,132.22000122070312,133.4600067138672,1606900
2022-01-11,133.1199951171875,133.35000610351562,130.49000549316406,130.66000366210938,2338500
2022-01-12,131.11000061035156,131.36000061035156,128.6199951171875,129.14999389648438,2539000
2022-01-13,129.2899932861328,129.63999938964844,128.49000549316406,128.80999755859375,1667400
2022-01-14,128.1199951171875,128.5500030517578,126.33999633789062,127.05999755859375,1493500
2022-01-18,126.01000213623047,126.75,125.44000244140625,126.37999725341797,1378300
2022-01-19,126.81999969482422,127.06999969482422,124.31999969482422,124.5,2100100
2022-01-20,125.16999816894531,125.30000305175781,123.5,123.62000274658203,2929400
2022-01-21,124.3499984741211,125.7699966430664,123.41000366210938,124.23999786376953,2130000
2022-01-24,122.66999816894531,126.55999755859375,121.66000366210938,126.33999633789062,2927300
2022-01-25,124.55000305175781,125.0,121.75,122.05000305175781,2667400
2022-01-26,122.0999984741211,123.4800033569336,119.1500015258789,120.13999938964844,1958600
2022-01-27,121.19000244140625,121.83000183105469,119.12000274658203,119.81999969482422,2680500
2022-01-28,120.2300033569336,122.25,118.44000244140625,122.23999786376953,3465700
2022-01-31,122.16000366210938,125.48999786376953,121.83000183105469,125.16999816894531,2414100
2022-02-01,125.05999755859375,125.2300033569336,122.52999877929688,123.58000183105469,1485800
2022-02-02,123.79000091552734,125.58000183105469,123.55000305175781,125.19000244140625,1640300
2022-02-03,124.5199966430664,127.13999938964844,124.43000030517578,125.3499984741211,1172600
2022-02-04,124.37999725341797,126.3499984741211,123.44999694824219,125.2699966430664,1381100
2022-02-07,125.19999694824219,126.6500015258789,124.55999755859375,125.08000183105469,1666600
2022-02-08,125.37999725341797,125.91000366210938,123.91000366210938,124.97000122070312,2345200
2022-02-09,127.91000366210938,132.8699951171875,127.20999908447266,127.69999694824219,3703000
2022-02-10,126.01000213623047,127.25,123.75,124.1500015258789,2178600
2022-02-11,124.33000183105469,125.30000305175781,121.51000213623047,122.06999969482422,2929300
2022-02-14,122.25,122.94000244140625,120.54000091552734,121.4000015258789,2660300
2022-02-15,122.77999877929688,124.06999969482422,122.3499984741211,123.0,4146800
2022-02-16,122.6500015258789,123.66000366210938,121.81999969482422,123.3499984741211,2172500
2022-02-17,123.58999633789062,125.25,122.79000091552734,123.4800033569336,2689500
2022-02-18,123.23999786376953,126.9000015258789,123.0999984741211,125.80000305175781,2359400
2022-02-22,125.0199966430664,125.94000244140625,123.41999816894531,124.06999969482422,1863800
2022-02-23,124.69999694824219,124.69999694824219,121.5,121.58999633789062,2272500
2022-02-24,119.05999755859375,121.75,118.52999877929688,121.36000061035156,2447600
2022-02-25,121.86000061035156,123.72000122070312,121.0199966430664,123.72000122070312,1498200
2022-02-28,121.80999755859375,123.33000183105469,121.08000183105469,122.58000183105469,2235500
2022-03-01,121.58000183105469,121.83999633789062,119.25,120.0199966430664,1835700
2022-03-02,120.54000091552734,122.62999725341797,120.37999725341797,122.0,1269200
2022-03-03,122.37000274658203,122.41999816894531,119.1500015258789,119.69999694824219,1331500
2022-03-04,118.48999786376953,118.87999725341797,116.33999633789062,118.7300033569336,1666700
2022-03-07,118.05000305175781,118.05000305175781,113.2300033569336,113.30000305175781,2689000
2022-03-08,113.26000213623047,118.47000122070312,112.51000213623047,115.23999786376953,2287200
2022-03-09,118.0,118.7699966430664,115.62999725341797,116.0199966430664,1477400
2022-03-10,114.5,115.94000244140625,114.04000091552734,115.81999969482422,2448500
2022-03-11,116.75,118.37000274658203,116.16000366210938,116.26000213623047,2080500
2022-03-14,115.27999877929688,116.19000244140625,111.62999725341797,113.41999816894531,3414100
2022-03-15,114.77999877929688,116.47000122070312,114.23999786376953,114.6500015258789,1670300
2022-03-16,116.80000305175781,119.5999984741211,116.5199966430664,119.55000305175781,2152800
2022-03-17,118.63999938964844,119.05000305175781,117.93000030517578,119.02999877929688,1483500
2022-03-18,119.01000213623047,122.43000030517578,118.27999877929688,121.98999786376953,3361800
2022-03-21,121.83999633789062,122.36000061035156,117.80000305175781,118.54000091552734,1930700
2022-03-22,118.69000244140625,119.30999755859375,118.12999725341797,118.66999816894531,1179300
2022-03-23,117.75,117.98999786376953,115.76000213623047,115.95999908447266,1798900
2022-03-24,117.22000122070312,120.0,115.91999816894531,119.69999694824219,1858300
2022-03-25,120.19000244140625,120.19000244140625,118.7300033569336,119.62000274658203,1254700
2022-03-28,119.97000122070312,121.19000244140625,119.0199966430664,121.19000244140625,1280800
2022-03-29,122.7699966430664,124.33999633789062,121.75,122.22000122070312,1692400
2022-03-30,121.51000213623047,123.05000305175781,120.61000061035156,120.83999633789062,2022800
2022-03-31,121.19000244140625,122.30999755859375,118.48999786376953,118.52999877929688,3932200
2022-04-01,118.93000030517578,119.51000213623047,117.66999816894531,118.81999969482422,2884000
2022-04-04,118.36000061035156,118.4000015258789,115.55000305175781,117.69999694824219,1980400
2022-04-05,116.83000183105469,118.87000274658203,116.68000030517578,117.63999938964844,2010900
2022-04-06,117.0199966430664,119.37000274658203,116.05000305175781,118.62000274658203,1683100
2022-04-07,118.2699966430664,120.83999633789062,117.48999786376953,120.4000015258789,2008900
2022-04-08,118.72000122070312,120.6500015258789,118.72000122070312,119.16999816894531,1743200
2022-04-11,118.93000030517578,120.4800033569336,117.9800033569336,118.30999755859375,2199600
2022-04-12,119.0,120.44999694824219,118.4000015258789,119.88999938964844,2396300
2022-04-13,119.95999908447266,122.12999725341797,119.76000213623047,121.87000274658203,1710900
2022-04-14,122.12999725341797,123.0999984741211,122.0,122.97000122070312,1830700
2022-04-18,122.38999938964844,123.68000030517578,122.22000122070312,123.16999816894531,2731500
2022-04-19,123.13999938964844,124.81999969482422,123.13999938964844,124.63999938964844,1864300
2022-04-20,125.0,126.4000015258789,125.0,125.69999694824219,1773400
2022-04-21,126.5199966430664,127.27999877929688,124.12000274658203,124.44000244140625,1781000
2022-04-22,124.08000183105469,124.4000015258789,122.0,122.4000015258789,2758300
2022-04-25,121.5,122.29000091552734,119.80999755859375,121.2699966430664,2540100
2022-04-26,120.30000305175781,120.69999694824219,116.55000305175781,116.69000244140625,2070200
2022-04-27,116.7699966430664,118.94000244140625,116.54000091552734,116.9000015258789,2022800
2022-04-28,118.16999816894531,120.75,118.16999816894531,119.5199966430664,1150600
2022-04-29,118.6500015258789,120.12000274658203,116.87000274658203,117.01000213623047,1373000
2022-05-02,116.9000015258789,117.69000244140625,113.7300033569336,115.76000213623047,2136800
2022-05-03,116.16000366210938,116.5999984741211,113.2699966430664,115.06999969482422,1844900
2022-05-04,114.55000305175781,118.93000030517578,113.0199966430664,118.48999786376953,2153200
2022-05-05,117.3499984741211,117.8499984741211,114.68000030517578,115.62000274658203,1365800
2022-05-06,114.9000015258789,116.47000122070312,114.02999877929688,115.38999938964844,1247500
2022-05-09,113.75,113.97000122070312,109.9800033569336,110.0999984741211,2423100
2022-05-10,111.33999633789062,112.29000091552734,109.41999816894531,110.73999786376953,1560400
2022-05-11,109.76000213623047,110.69000244140625,108.55000305175781,108.9000015258789,2100900
2022-05-12,108.7300033569336,112.0,108.56999969482422,110.51000213623047,1928800
2022-05-13,111.91999816894531,114.01000213623047,111.6500015258789,112.83000183105469,1228900
2022-05-16,112.51000213623047,112.94999694824219,111.12000274658203,112.18000030517578,1524900
2022-05-17,113.5199966430664,113.66999816894531,111.7699966430664,112.47000122070312,1111900
2022-05-18,111.4000015258789,111.6500015258789,108.79000091552734,109.45999908447266,2927500
2022-05-19,109.08000183105469,110.8499984741211,108.58999633789062,109.97000122070312,1613800
2022-05-20,110.98999786376953,112.0,109.61000061035156,111.91999816894531,1773600
2022-05-23,113.0,113.88999938964844,110.97000122070312,113.81999969482422,1591300
2022-05-24,113.2699966430664,114.16000366210938,112.58000183105469,114.06999969482422,1915300
2022-05-25,113.75,115.87999725341797,113.75,115.58999633789062,1793100
2022-05-26,115.69000244140625,118.58000183105469,115.55000305175781,117.76000213623047,1502300
2022-05-27,118.37999725341797,119.7699966430664,118.37999725341797,119.7699966430664,1335200
2022-05-31,118.55999755859375,122.05000305175781,118.12000274658203,121.47000122070312,2511200
2022-06-01,121.91000366210938,122.0,119.36000061035156,119.41999816894531,1353600
2022-06-02,119.47000122070312,120.33000183105469,118.08000183105469,120.30000305175781,1001500
2022-06-03,119.36000061035156,119.97000122070312,118.37000274658203,118.62000274658203,957500
2022-06-06,119.2699966430664,120.66999816894531,118.69000244140625,119.37999725341797,1175500
2022-06-07,118.20999908447266,120.27999877929688,118.12999725341797,120.20999908447266,1047300
2022-06-08,119.7300033569336,121.0,119.23999786376953,120.51000213623047,1164800
2022-06-09,119.76000213623047,119.76000213623047,117.2300033569336,117.31999969482422,1052700
2022-06-10,115.30999755859375,116.44999694824219,114.2300033569336,114.41000366210938,1222900
2022-06-13,111.80000305175781,112.58999633789062,109.9000015258789,111.08999633789062,1657100
2022-06-14,111.44999694824219,112.44000244140625,110.08999633789062,110.2300033569336,1356000
2022-06-15,111.19999694824219,113.25,110.31999969482422,111.9000015258789,1200500
2022-06-16,109.73999786376953,110.08000183105469,108.37000274658203,109.13999938964844,1359300
2022-06-17,109.45999908447266,110.16999816894531,108.69000244140625,109.5,2587300
2022-06-21,111.0,111.9000015258789,109.25,111.56999969482422,1676900
2022-06-22,110.47000122070312,112.38999938964844,110.2699966430664,111.45999908447266,1652900
2022-06-23,111.91000366210938,112.48999786376953,110.7699966430664,112.33000183105469,1391000
2022-06-24,113.29000091552734,114.69000244140625,112.8499984741211,114.41999816894531,2016900
2022-06-27,114.62999725341797,116.2699966430664,114.06999969482422,116.23999786376953,1167000
2022-06-28,117.27999877929688,118.02999877929688,113.12999725341797,113.4800033569336,1065300
2022-06-29,113.58000183105469,114.31999969482422,112.69999694824219,113.83000183105469,920700
2022-06-30,112.8499984741211,114.2300033569336,112.23999786376953,113.51000213623047,1259500
2022-07-01,113.83999633789062,116.87999725341797,113.41999816894531,116.70999908447266,1204900
2022-07-05,115.87999725341797,117.41000366210938,114.76000213623047,117.33000183105469,1292400
2022-07-06,117.19999694824219,117.95999908447266,115.81999969482422,116.83000183105469,1048800
2022-07-07,117.30999755859375,118.18000030517578,116.79000091552734,117.73999786376953,917700
2022-07-08,117.5999984741211,117.97000122070312,116.72000122070312,117.27999877929688,886800
2022-07-11,116.47000122070312,117.20999908447266,116.02999877929688,116.54000091552734,825300
2022-07-12,116.12999725341797,117.52999877929688,115.41999816894531,115.83000183105469,963700
2022-07-13,114.4000015258789,118.12000274658203,114.12999725341797,117.01000213623047,1212900
2022-07-14,115.55999755859375,117.44999694824219,115.55999755859375,116.8499984741211,1136300
2022-07-15,118.38999938964844,119.37000274658203,117.81999969482422,118.1500015258789,1301800
2022-07-18,120.44999694824219,120.4800033569336,118.2300033569336,118.4800033569336,1546600
2022-07-19,119.16000366210938,120.20999908447266,118.63999938964844,119.91000366210938,1864300
2022-07-20,120.12999725341797,121.66000366210938,119.73999786376953,120.80999755859375,1810400
2022-07-21,120.43000030517578,120.80000305175781,119.33999633789062,120.25,1209700
2022-07-22,120.95999908447266,121.0999984741211,118.31999969482422,119.44999694824219,1330000
2022-07-25,119.6500015258789,119.6500015258789,115.9000015258789,117.05000305175781,1920500
2022-07-26,116.58000183105469,118.7699966430664,116.41000366210938,117.83999633789062,1451200
2022-07-27,118.25,121.12999725341797,117.87999725341797,120.51000213623047,1642200
2022-07-28,120.70999908447266,123.01000213623047,120.41000366210938,122.70999908447266,2049300
2022-07-29,122.69999694824219,122.87999725341797,121.5999984741211,122.54000091552734,1748900
2022-08-01,121.7699966430664,123.79000091552734,121.66000366210938,122.73999786376953,1919200
2022-08-02,122.44000244140625,123.04000091552734,121.77999877929688,122.12999725341797,2015800
2022-08-03,122.0,122.44999694824219,118.0999984741211,119.80999755859375,2739400
2022-08-04,119.79000091552734,120.38999938964844,119.19000244140625,120.0199966430664,1553500
2022-08-05,119.16000366210938,119.72000122070312,118.12999725341797,118.41999816894531,1141800
2022-08-08,118.7699966430664,119.30999755859375,117.6500015258789,118.5,1441200
2022-08-09,118.45999908447266,118.45999908447266,116.41999816894531,116.93000030517578,1638700
2022-08-10,118.58999633789062,119.4000015258789,118.30999755859375,119.18000030517578,1482300
2022-08-11,120.25,120.4800033569336,117.19999694824219,117.70999908447266,1700600
2022-08-12,117.80999755859375,118.66000366210938,117.5,118.16000366210938,1648200
2022-08-15,117.83999633789062,118.43000030517578,117.44999694824219,118.23999786376953,3383000
2022-08-16,117.44000244140625,119.37000274658203,117.44000244140625,119.04000091552734,1591400
2022-08-17,117.55999755859375,119.58000183105469,117.55999755859375,119.11000061035156,1779700
2022-08-18,118.4800033569336,118.73999786376953,117.22000122070312,117.94999694824219,1671500
2022-08-19,117.7699966430664,117.98999786376953,116.3499984741211,116.6500015258789,1373300
2022-08-22,115.4000015258789,115.9800033569336,114.29000091552734,114.73999786376953,1535500
2022-08-23,114.77999877929688,115.2300033569336,114.38999938964844,114.70999908447266,1613700
2022-08-24,114.70999908447266,115.25,114.20999908447266,114.66999816894531,1300100
2022-08-25,114.98999786376953,116.88999938964844,114.58999633789062,116.81999969482422,1230600
2022-08-26,116.52999877929688,116.91999816894531,112.05000305175781,112.16000366210938,1542600
2022-08-29,111.80999755859375,112.80000305175781,111.29000091552734,112.20999908447266,1472900
2022-08-30,112.47000122070312,112.76000213623047,110.55999755859375,110.77999877929688,1230700
2022-08-31,111.22000122070312,112.36000061035156,110.9000015258789,111.23999786376953,1994200
2022-09-01,110.72000122070312,114.31999969482422,110.54000091552734,114.26000213623047,1881100
2022-09-02,114.83999633789062,114.83999633789062,112.30000305175781,112.73999786376953,1606800
2022-09-06,113.3499984741211,113.94999694824219,111.8499984741211,112.55999755859375,2111800
2022-09-07,113.41999816894531,115.3499984741211,113.41999816894531,115.31999969482422,1828500
2022-09-08,114.94999694824219,117.0,114.81999969482422,116.36000061035156,1519500
2022-09-09,116.72000122070312,116.75,115.12999725341797,116.08999633789062,1615400
2022-09-12,117.66000366210938,118.6500015258789,116.91000366210938,117.26000213623047,2017300
2022-09-13,115.0,115.5999984741211,113.4000015258789,113.58000183105469,1639900
2022-09-14,113.77999877929688,115.88999938964844,113.75,114.81999969482422,1581600
2022-09-15,114.66000366210938,116.05000305175781,114.26000213623047,115.16000366210938,1697800
2022-09-16,115.22000122070312,115.83000183105469,113.9800033569336,115.72000122070312,2093900
2022-09-19,115.55999755859375,116.31999969482422,114.98999786376953,116.16000366210938,1254700
2022-09-20,115.33000183105469,115.58999633789062,113.79000091552734,115.25,1659900
2022-09-21,115.69999694824219,117.29000091552734,112.5199966430664,112.56999969482422,1862800
2022-09-22,111.87999725341797,111.87999725341797,110.61000061035156,110.79000091552734,1509000
2022-09-23,110.11000061035156,111.08999633789062,109.44000244140625,110.6500015258789,1349000
2022-09-26,110.75,110.98999786376953,108.7699966430664,109.16000366210938,1447700
2022-09-27,110.05999755859375,110.43000030517578,107.12999725341797,107.7699966430664,1415700
2022-09-28,108.0,108.68000030517578,106.30000305175781,108.12000274658203,2372000
2022-09-29,107.55000305175781,107.88999938964844,106.41999816894531,107.20999908447266,1422900
2022-09-30,107.29000091552734,108.5999984741211,106.33999633789062,106.33999633789062,1797400
2022-10-03,107.4800033569336,109.9800033569336,106.16000366210938,109.11000061035156,1858900
2022-10-04,110.62000274658203,112.0999984741211,110.20999908447266,111.41000366210938,1684900
2022-10-05,110.7300033569336,113.05999755859375,110.5199966430664,112.33000183105469,1189200
2022-10-06,112.13999938964844,112.62000274658203,110.04000091552734,110.12000274658203,1135200
2022-10-07,109.4800033569336,109.5,108.0,108.93000030517578,1742000
2022-10-10,109.33999633789062,109.43000030517578,107.36000061035156,107.79000091552734,1061900
2022-10-11,107.27999877929688,107.33000183105469,105.0199966430664,105.25,2590400
2022-10-12,105.0,106.27999877929688,104.36000061035156,105.54000091552734,1911200
2022-10-13,104.13999938964844,110.5999984741211,103.97000122070312,109.68000030517578,1860200
2022-10-14,110.62999725341797,111.51000213623047,106.66000366210938,106.7699966430664,1470700
2022-10-17,108.58000183105469,110.52999877929688,108.55999755859375,109.9800033569336,1610800
2022-10-18,111.8499984741211,112.29000091552734,109.9800033569336,111.4800033569336,1308300
2022-10-19,110.77999877929688,112.06999969482422,109.44999694824219,110.44999694824219,1272600
2022-10-20,110.62000274658203,111.12000274658203,109.4000015258789,109.66000366210938,969300
2022-10-21,109.44000244140625,111.4000015258789,108.7699966430664,111.02999877929688,1735700
2022-10-24,110.95999908447266,111.08999633789062,107.69999694824219,108.7699966430664,2688000
2022-10-25,109.16999816894531,111.69000244140625,108.01000213623047,111.23999786376953,2326500
2022-10-26,111.73999786376953,114.04000091552734,111.41999816894531,112.2699966430664,1412200
2022-10-27,113.55999755859375,114.58999633789062,112.87999725341797,113.91000366210938,2265800
2022-10-28,114.12999725341797,118.55999755859375,114.0999984741211,117.87999725341797,2460700
2022-10-31,117.58000183105469,119.45999908447266,116.4000015258789,118.25,2193600
2022-11-01,119.01000213623047,119.36000061035156,117.5199966430664,118.1500015258789,2361600
2022-11-02,120.19999694824219,120.27999877929688,116.72000122070312,117.37000274658203,2543800
2022-11-03,116.94999694824219,120.63999938964844,116.19000244140625,119.5,2546300
2022-11-04,121.1500015258789,122.41999816894531,120.25,121.77999877929688,2850100
2022-11-07,121.5,123.48999786376953,121.5,122.51000213623047,1912600
2022-11-08,122.6500015258789,123.08000183105469,121.69999694824219,122.37999725341797,1885300
2022-11-09,121.94000244140625,122.93000030517578,121.43000030517578,122.05000305175781,1450000
2022-11-10,124.9000015258789,124.95999908447266,123.20999908447266,124.12999725341797,2710200
2022-11-11,124.77999877929688,124.77999877929688,122.80999755859375,123.33000183105469,1870300
2022-11-14,123.4800033569336,124.41000366210938,122.55000305175781,122.5999984741211,1677600
2022-11-15,123.37999725341797,124.29000091552734,122.56999969482422,123.30999755859375,1139400
2022-11-16,123.37000274658203,125.45999908447266,123.37000274658203,123.95999908447266,2256800
2022-11-17,122.8499984741211,123.5999984741211,121.8499984741211,122.7699966430664,2132900
2022-11-18,124.2300033569336,125.37999725341797,123.12000274658203,124.61000061035156,2985400
2022-11-21,124.73999786376953,124.7699966430664,122.73999786376953,124.0199966430664,1621000
2022-11-22,124.44999694824219,125.33000183105469,124.08000183105469,124.94000244140625,1507000
2022-11-23,125.5999984741211,126.12000274658203,124.37999725341797,125.93000030517578,1881000
2022-11-25,125.86000061035156,127.5,125.38999938964844,126.52999877929688,870600
2022-11-28,126.27999877929688,127.06999969482422,126.05000305175781,126.44999694824219,1514900
2022-11-29,126.08000183105469,126.80000305175781,125.51000213623047,126.04000091552734,2324000
2022-11-30,126.33000183105469,128.9600067138672,126.05000305175781,128.66000366210938,2543200
2022-12-01,129.0,129.99000549316406,128.52999877929688,129.19000244140625,1407100
2022-12-02,128.30999755859375,130.2899932861328,128.02000427246094,129.67999267578125,1586800
2022-12-05,130.1199951171875,131.07000732421875,129.05999755859375,130.91000366210938,2878800
2022-12-06,131.19000244140625,131.3800048828125,129.88999938964844,130.6199951171875,1544400
2022-12-07,130.49000549316406,131.1999969482422,127.91999816894531,128.27000427246094,2085600
2022-12-08,128.91000366210938,129.8800048828125,128.4199981689453,129.85000610351562,1500000
2022-12-09,129.83999633789062,130.2899932861328,127.62999725341797,127.70999908447266,1833800
2022-12-12,127.72000122070312,129.72999572753906,126.95999908447266,129.63999938964844,1361700
2022-12-13,131.77000427246094,132.24000549316406,129.1699981689453,130.14999389648438,1821800
2022-12-14,130.5,131.6300048828125,129.38999938964844,131.22000122070312,1602600
2022-12-15,130.4600067138672,130.92999267578125,129.5399932861328,130.4499969482422,1981600
2022-12-16,130.8300018310547,131.91000366210938,128.39999389648438,129.3699951171875,4263500
2022-12-19,129.11000061035156,129.75999450683594,127.73999786376953,128.3800048828125,2325600
2022-12-20,128.52000427246094,128.7100067138672,127.41000366210938,128.58999633789062,1211900
2022-12-21,128.1300048828125,129.82000732421875,127.7300033569336,128.77999877929688,1994800
2022-12-22,128.5,128.85000610351562,127.0999984741211,128.82000732421875,1371900
2022-12-23,128.42999267578125,129.2100067138672,127.83999633789062,128.89999389648438,700800
2022-12-27,129.3000030517578,130.14999389648438,128.63999938964844,129.89999389648438,1300200
2022-12-28,130.19000244140625,130.86000061035156,129.27999877929688,129.30999755859375,964800
2022-12-29,129.5500030517578,130.72999572753906,128.85000610351562,129.99000549316406,875700
2022-12-30,129.61000061035156,129.61000061035156,127.3499984741211,128.0800018310547,1401300
2023-01-03,128.4199981689453,128.83999633789062,125.8499984741211,126.95999908447266,2307100
2023-01-04,127.6500015258789,129.22000122070312,127.33999633789062,128.67999267578125,1139400
2023-01-05,128.27000427246094,128.55999755859375,126.77999877929688,127.69999694824219,1078200
2023-01-06,128.3800048828125,130.6999969482422,127.83999633789062,130.2899932861328,1559400
2023-01-09,130.69000244140625,131.25,129.47000122070312,129.75999450683594,1211200
2023-01-10,129.80999755859375,130.35000610351562,128.19000244140625,129.39999389648438,1306800
2023-01-11,129.6199951171875,130.5,128.99000549316406,129.69000244140625,1258300
2023-01-12,129.69000244140625,129.8699951171875,128.75,128.88999938964844,1070300
2023-01-13,128.1699981689453,130.2899932861328,128.13999938964844,130.22000122070312,1260500
2023-01-17,130.58999633789062,131.5800018310547,129.77000427246094,130.3300018310547,1177800
2023-01-18,130.88999938964844,131.3699951171875,128.3800048828125,128.72000122070312,1325100
2023-01-19,128.3300018310547,128.49000549316406,125.97000122070312,126.05000305175781,1473700
2023-01-20,126.54000091552734,127.20999908447266,125.88999938964844,126.62999725341797,1649800
2023-01-23,126.98999786376953,127.56999969482422,126.13999938964844,126.66999816894531,1437300
2023-01-24,126.25,128.67999267578125,126.04000091552734,128.50999450683594,1543700
2023-01-25,128.0399932861328,129.1999969482422,126.48999786376953,129.1999969482422,1425700
2023-01-26,129.5800018310547,129.99000549316406,128.3000030517578,129.0399932861328,1358400
2023-01-27,129.00999450683594,129.0399932861328,127.5199966430664,128.1300048828125,1407500
2023-01-30,127.95999908447266,129.30999755859375,127.9000015258789,129.0399932861328,1457000
2023-01-31,129.4199981689453,130.55999755859375,128.6199951171875,130.50999450683594,2076500
2023-02-01,130.1300048828125,130.58999633789062,128.19000244140625,129.00999450683594,1716300
2023-02-02,129.2100067138672,129.6199951171875,127.33000183105469,128.2100067138672,1333800
2023-02-03,127.55999755859375,127.87999725341797,126.16000366210938,127.01000213623047,1474600
2023-02-06,126.9000015258789,129.13999938964844,126.48999786376953,129.05999755859375,2063900
2023-02-07,128.58999633789062,129.57000732421875,127.11000061035156,129.33999633789062,1652600
2023-02-08,127.41999816894531,131.5,127.41999816894531,131.4199981689453,3574600
2023-02-09,132.27999877929688,133.58999633789062,130.83999633789062,131.16000366210938,2524200
2023-02-10,131.0399932861328,131.67999267578125,130.67999267578125,131.30999755859375,1576300
2023-02-13,131.85000610351562,133.77000427246094,131.60000610351562,132.52000427246094,2178500
2023-02-14,132.38999938964844,132.85000610351562,130.8000030517578,130.8300018310547,1711600
2023-02-15,130.0399932861328,131.8699951171875,129.8800048828125,131.6699981689453,1456500
2023-02-16,130.72999572753906,132.64999389648438,129.82000732421875,131.72000122070312,1922700
2023-02-17,131.7899932861328,132.25,131.24000549316406,132.0399932861328,1253000
2023-02-21,130.8800048828125,131.19000244140625,130.19000244140625,130.61000061035156,1739800
2023-02-22,131.0399932861328,131.0399932861328,128.94000244140625,129.30999755859375,1977100
2023-02-23,129.5,130.02999877929688,128.3000030517578,128.6699981689453,2219000
2023-02-24,128.02000427246094,128.52000427246094,126.83000183105469,126.83000183105469,1836700
2023-02-27,127.66000366210938,127.76000213623047,126.08000183105469,126.56999969482422,1963100
2023-02-28,126.16000366210938,127.5999984741211,126.13999938964844,127.16000366210938,2624700
2023-03-01,126.6500015258789,127.04000091552734,125.95999908447266,126.19999694824219,1635100
2023-03-02,125.91000366210938,129.0,125.79000091552734,128.67999267578125,1212600
2023-03-03,129.05999755859375,129.7100067138672,128.5399932861328,129.6699981689453,1015500
2023-03-06,130.02999877929688,130.49000549316406,128.47999572753906,129.3000030517578,1421500
2023-03-07,129.5399932861328,130.05999755859375,126.70999908447266,126.91999816894531,1157300
2023-03-08,126.5199966430664,126.93000030517578,125.98999786376953,126.77999877929688,1142500
2023-03-09,127.52999877929688,127.9800033569336,125.68000030517578,126.05000305175781,1537500
2023-03-10,126.44000244140625,127.05000305175781,124.37000274658203,124.58000183105469,1604700
2023-03-13,123.81999969482422,127.80000305175781,123.77999877929688,124.88999938964844,1416600
2023-03-14,125.8499984741211,127.37999725341797,125.61000061035156,126.69999694824219,1378500
2023-03-15,125.37999725341797,127.19000244140625,124.63999938964844,127.12999725341797,1748400
2023-03-16,126.73999786376953,128.60000610351562,126.31999969482422,128.05999755859375,1481400
2023-03-17,128.25,128.6199951171875,126.25,126.8499984741211,1798400
2023-03-20,127.0199966430664,128.8800048828125,127.0199966430664,128.8800048828125,1190900
2023-03-21,129.5,129.5,127.62000274658203,128.5500030517578,1101300
2023-03-22,128.22000122070312,129.52999877929688,127.5999984741211,127.63999938964844,1059800
2023-03-23,127.70999908447266,128.97000122070312,126.91999816894531,127.68000030517578,1223300
2023-03-24,127.9800033569336,128.4499969482422,127.12999725341797,127.83000183105469,1193800
2023-03-27,128.42999267578125,128.7899932861328,127.83000183105469,128.2899932861328,1315000
2023-03-28,128.17999267578125,128.97999572753906,127.86000061035156,128.5,981700
2023-03-29,128.94000244140625,129.41000366210938,128.0399932861328,128.41000366210938,1104700
2023-03-30,128.6999969482422,129.55999755859375,128.4600067138672,129.3300018310547,1183100
2023-03-31,130.17999267578125,132.27000427246094,129.99000549316406,132.0800018310547,1705800
2023-04-03,132.0800018310547,133.3000030517578,131.5399932861328,133.2100067138672,1299200
2023-04-04,132.75999450683594,132.85000610351562,131.27000427246094,131.60000610351562,1493300
2023-04-05,132.00999450683594,133.00999450683594,131.9199981689453,131.94000244140625,1212400
2023-04-06,132.14999389648438,132.38999938964844,131.6199951171875,132.10000610351562,1080500
2023-04-10,131.5500030517578,131.75,130.67999267578125,131.10000610351562,1224800
2023-04-11,130.9600067138672,132.10000610351562,130.64999389648438,131.57000732421875,1113100
2023-04-12,131.6699981689453,132.77000427246094,131.4600067138672,131.97999572753906,1231100
2023-04-13,132.64999389648438,134.7100067138672,132.00999450683594,134.66000366210938,1732600
2023-04-14,134.80999755859375,135.35000610351562,134.0800018310547,134.8800048828125,1270400
2023-04-17,135.39999389648438,137.13999938964844,134.97999572753906,137.10000610351562,2184800
2023-04-18,137.19000244140625,137.61000061035156,136.69000244140625,137.5800018310547,1980400
2023-04-19,137.72000122070312,138.0800018310547,136.55999755859375,137.1199951171875,1623900
2023-04-20,137.30999755859375,137.8699951171875,136.6300048828125,137.5,1082400
2023-04-21,138.33999633789062,138.52999877929688,137.05999755859375,138.3300018310547,1324900
2023-04-24,138.72999572753906,138.9499969482422,138.30999755859375,138.89999389648438,1498800
2023-04-25,139.0,139.0,137.35000610351562,137.80999755859375,1207200
2023-04-26,137.41000366210938,138.52000427246094,137.02999877929688,138.00999450683594,1451800
2023-04-27,138.5800018310547,139.92999267578125,138.16000366210938,139.8000030517578,1085000
2023-04-28,139.94000244140625,140.92999267578125,139.17999267578125,140.5800018310547,1555300
2023-05-01,140.5800018310547,142.52999877929688,140.5800018310547,142.22999572753906,1696300
2023-05-02,142.14999389648438,143.25,140.9600067138672,142.89999389648438,1692800
2023-05-03,139.75,141.2100067138672,136.38999938964844,137.30999755859375,3220200
2023-05-04,136.8300018310547,137.47999572753906,135.3800048828125,136.32000732421875,1555600
2023-05-05,136.4600067138672,137.7899932861328,136.0399932861328,137.49000549316406,1361600
2023-05-08,137.4499969482422,137.67999267578125,136.4199981689453,136.52999877929688,981400
2023-05-09,136.7899932861328,137.80999755859375,136.05999755859375,137.61000061035156,1094900
2023-05-10,137.69000244140625,138.3000030517578,136.44000244140625,137.74000549316406,1595200
2023-05-11,137.8699951171875,138.27000427246094,136.6699981689453,137.33999633789062,1144100
2023-05-12,137.3000030517578,138.7100067138672,137.2899932861328,138.50999450683594,1114700
2023-05-15,138.89999389648438,138.89999389648438,137.5500030517578,137.77999877929688,896200
2023-05-16,138.1999969482422,139.32000732421875,137.61000061035156,138.77999877929688,1572200
2023-05-17,139.1699981689453,139.35000610351562,136.94000244140625,137.22000122070312,1690400
2023-05-18,137.05999755859375,138.55999755859375,136.8300018310547,138.4499969482422,1435400
2023-05-19,138.52000427246094,139.22000122070312,138.0800018310547,138.27999877929688,1295400
2023-05-22,138.6699981689453,139.52000427246094,134.8699951171875,134.91000366210938,1644400
2023-05-23,134.8000030517578,134.8000030517578,131.27999877929688,131.4499969482422,1828300
2023-05-24,131.52000427246094,131.75999450683594,129.8300018310547,130.8699951171875,1352200
2023-05-25,130.69000244140625,131.1999969482422,129.10000610351562,130.25999450683594,2364400
2023-05-26,129.9600067138672,130.97999572753906,129.07000732421875,129.86000061035156,2145000
2023-05-30,129.27000427246094,130.0399932861328,127.36000061035156,127.79000091552734,1843100
2023-05-31,127.70999908447266,128.89999389648438,126.91000366210938,128.69000244140625,7448300
2023-06-01,128.3800048828125,132.72000122070312,127.98999786376953,132.25,3278000
2023-06-02,132.77999877929688,134.61000061035156,132.77999877929688,134.52999877929688,2054500
2023-06-05,134.5399932861328,135.19000244140625,133.75,134.1699981689453,1562700
2023-06-06,134.4600067138672,134.86000061035156,132.0399932861328,132.8800048828125,1604200
2023-06-07,132.4600067138672,133.1300048828125,131.47000122070312,132.44000244140625,1801000
2023-06-08,131.5500030517578,133.25,131.35000610351562,133.1999969482422,1630500
2023-06-09,133.33999633789062,134.02000427246094,132.9499969482422,133.44000244140625,1309800
2023-06-12,133.5500030517578,134.75,133.2899932861328,134.6300048828125,1369100
2023-06-13,134.44000244140625,136.05999755859375,134.44000244140625,135.97999572753906,1440800
2023-06-14,136.0,136.66000366210938,135.64999389648438,136.35000610351562,2121700
2023-06-15,136.8699951171875,139.32000732421875,136.66000366210938,139.1999969482422,2078800
2023-06-16,139.6300048828125,140.5399932861328,137.77999877929688,138.5800018310547,3749500
2023-06-20,137.50999450683594,138.4600067138672,135.72999572753906,135.82000732421875,1819200
2023-06-21,135.7899932861328,137.3699951171875,135.30999755859375,136.74000549316406,1244300
2023-06-22,136.86000061035156,137.2100067138672,135.30999755859375,136.33999633789062,1339500
2023-06-23,135.88999938964844,136.7899932861328,135.3000030517578,135.60000610351562,6219800
2023-06-26,135.05999755859375,135.1699981689453,133.33999633789062,134.22999572753906,1486300
2023-06-27,135.0500030517578,135.22000122070312,133.00999450683594,134.27999877929688,1593100
2023-06-28,134.25,135.25,133.42999267578125,135.16000366210938,1174600
2023-06-29,134.88999938964844,137.8000030517578,134.69000244140625,137.25999450683594,1525200
2023-06-30,137.52000427246094,138.85000610351562,137.1300048828125,138.5500030517578,1391800
2023-07-03,137.52999877929688,138.02999877929688,136.85000610351562,137.27000427246094,845600
2023-07-05,136.83999633789062,136.9600067138672,135.8800048828125,136.66000366210938,1743100
2023-07-06,135.66000366210938,136.77999877929688,133.86000061035156,133.89999389648438,1869900
2023-07-07,133.3699951171875,134.19000244140625,132.05999755859375,133.4499969482422,1530400
2023-07-10,133.77000427246094,135.6999969482422,133.69000244140625,134.80999755859375,1276000
2023-07-11,134.5,134.83999633789062,133.33999633789062,134.1699981689453,1438300
2023-07-12,135.14999389648438,136.4199981689453,134.88999938964844,135.10000610351562,1147700
2023-07-13,135.7100067138672,136.49000549316406,135.0399932861328,135.9499969482422,1372000
2023-07-14,135.9199981689453,136.30999755859375,134.88999938964844,135.55999755859375,1031800
2023-07-17,135.55999755859375,136.44000244140625,135.27000427246094,135.74000549316406,1325100
2023-07-18,135.38999938964844,136.05999755859375,133.7899932861328,133.83999633789062,1593900
2023-07-19,134.0,136.02999877929688,134.0,135.92999267578125,1651200
2023-07-20,135.88999938964844,136.27999877929688,135.07000732421875,135.8800048828125,1060600
2023-07-21,136.4199981689453,137.6699981689453,135.80999755859375,137.5399932861328,1286700
2023-07-24,138.27000427246094,139.38999938964844,137.52999877929688,137.94000244140625,1148000
2023-07-25,137.2899932861328,137.63999938964844,136.30999755859375,136.99000549316406,968500
2023-07-26,136.9199981689453,137.52999877929688,135.60000610351562,137.3000030517578,1758400
2023-07-27,137.25999450683594,138.19000244140625,135.88999938964844,136.22999572753906,1385100
2023-07-28,136.86000061035156,137.36000061035156,135.66000366210938,136.94000244140625,1483400
2023-07-31,136.3300018310547,137.94000244140625,135.74000549316406,137.6699981689453,1463400
2023-08-01,137.92999267578125,137.97000122070312,135.86000061035156,136.36000061035156,1667300
2023-08-02,133.8800048828125,139.16000366210938,132.52000427246094,135.0,2702200
2023-08-03,134.41000366210938,136.25999450683594,133.47000122070312,135.6199951171875,2392300
2023-08-04,136.4199981689453,136.4199981689453,134.08999633789062,134.35000610351562,1389500
2023-08-07,134.9600067138672,136.0500030517578,134.4600067138672,135.11000061035156,1152500
2023-08-08,134.3000030517578,134.97999572753906,133.10000610351562,134.13999938964844,1023500
2023-08-09,134.4600067138672,134.49000549316406,133.16000366210938,133.27999877929688,889700
2023-08-10,133.57000732421875,135.50999450683594,133.57000732421875,134.3699951171875,1148900
2023-08-11,134.25,134.4499969482422,133.3800048828125,134.1999969482422,808000
2023-08-14,134.0399932861328,135.3800048828125,133.94000244140625,134.7899932861328,1484500
2023-08-15,134.80999755859375,135.22999572753906,132.66000366210938,132.72000122070312,1247500
2023-08-16,131.89999389648438,132.57000732421875,131.14999389648438,131.55999755859375,2082800
2023-08-17,131.80999755859375,131.80999755859375,129.8699951171875,129.9199981689453,1582700
2023-08-18,129.32000732421875,129.92999267578125,128.3800048828125,129.1199951171875,1308800
2023-08-21,128.97000122070312,129.7899932861328,128.50999450683594,128.8000030517578,1537100
2023-08-22,128.97000122070312,129.49000549316406,128.3000030517578,129.4499969482422,1207700
2023-08-23,129.97000122070312,130.3300018310547,129.22000122070312,129.39999389648438,1441600
2023-08-24,129.3000030517578,130.32000732421875,129.3000030517578,129.5399932861328,1131100
2023-08-25,130.33999633789062,130.8800048828125,129.6300048828125,129.74000549316406,1097300
2023-08-28,129.52999877929688,130.32000732421875,129.1999969482422,129.30999755859375,1815600
2023-08-29,129.38999938964844,130.0,128.27999877929688,128.89999389648438,1462700
2023-08-30,128.94000244140625,130.50999450683594,128.94000244140625,130.10000610351562,1617600
2023-08-31,130.13999938964844,130.82000732421875,129.3800048828125,129.3800048828125,1465300
2023-09-01,129.92999267578125,130.49000549316406,128.92999267578125,129.63999938964844,1094000
2023-09-05,129.5500030517578,129.5500030517578,128.66000366210938,128.67999267578125,1435900
2023-09-06,128.3000030517578,128.80999755859375,126.6500015258789,126.87999725341797,1710200
2023-09-07,126.9000015258789,127.52999877929688,125.94000244140625,127.19000244140625,1396800
2023-09-08,127.43000030517578,127.88999938964844,126.4000015258789,126.52999877929688,728900
2023-09-11,126.66000366210938,127.25,126.27999877929688,126.73999786376953,981700
2023-09-12,126.38999938964844,128.2899932861328,125.93000030517578,128.05999755859375,1137500
2023-09-13,128.35000610351562,129.17999267578125,127.91000366210938,129.07000732421875,1436500
2023-09-14,129.8300018310547,132.35000610351562,129.3800048828125,131.69000244140625,1657800
2023-09-15,131.97000122070312,131.97000122070312,127.83999633789062,127.98999786376953,2581200
2023-09-18,128.25,129.47999572753906,127.23999786376953,127.56999969482422,1253800
2023-09-19,126.95999908447266,127.43000030517578,125.83000183105469,126.7699966430664,1299300
2023-09-20,127.06999969482422,128.42999267578125,126.62000274658203,127.05000305175781,1437200
2023-09-21,126.83999633789062,126.83999633789062,124.51000213623047,124.69000244140625,1492700
2023-09-22,124.6500015258789,125.83000183105469,124.0999984741211,125.0,1534100
2023-09-25,124.5199966430664,125.4000015258789,124.2699966430664,124.97000122070312,1048500
2023-09-26,124.23999786376953,124.73999786376953,123.44999694824219,124.01000213623047,1500600
2023-09-27,124.01000213623047,124.41000366210938,121.13999938964844,121.9800033569336,1922300
2023-09-28,121.69999694824219,124.22000122070312,121.54000091552734,124.08000183105469,1722700
2023-09-29,124.83000183105469,125.3499984741211,124.26000213623047,124.94000244140625,2610000
2023-10-02,124.52999877929688,125.37999725341797,123.7699966430664,125.05999755859375,1965400
2023-10-03,124.37999725341797,124.73999786376953,122.4800033569336,122.98999786376953,2100400
2023-10-04,123.23999786376953,124.01000213623047,122.37999725341797,123.52999877929688,1381200
2023-10-05,123.55000305175781,123.91999816894531,121.66000366210938,121.83999633789062,1240200
2023-10-06,121.37999725341797,121.4000015258789,118.19000244140625,119.45999908447266,2111900
2023-10-09,118.70999908447266,119.08000183105469,117.3499984741211,118.91000366210938,1840000
2023-10-10,119.5,120.61000061035156,119.41999816894531,120.37000274658203,1643300
2023-10-11,119.19000244140625,119.62999725341797,117.62000274658203,118.37999725341797,1725500
2023-10-12,118.6500015258789,118.73999786376953,115.69999694824219,116.25,1790600
2023-10-13,115.98999786376953,117.01000213623047,115.52999877929688,116.87999725341797,1352900
2023-10-16,117.55000305175781,119.12999725341797,117.11000061035156,118.44999694824219,1627700
2023-10-17,119.04000091552734,119.9800033569336,118.87000274658203,119.44000244140625,1267500
2023-10-18,119.47000122070312,121.55999755859375,119.3499984741211,120.98999786376953,2039300
2023-10-19,120.4800033569336,121.97000122070312,118.80999755859375,120.55999755859375,1901400
2023-10-20,120.01000213623047,121.13999938964844,119.6500015258789,119.94999694824219,1568400
2023-10-23,119.11000061035156,119.61000061035156,118.47000122070312,118.76000213623047,1495700
2023-10-24,119.08999633789062,120.2699966430664,118.87999725341797,119.91000366210938,1246800
2023-10-25,119.77999877929688,121.26000213623047,119.51000213623047,120.30999755859375,985800
2023-10-26,120.70999908447266,120.97000122070312,118.7300033569336,118.75,1374500
2023-10-27,119.04000091552734,120.25,118.27999877929688,119.44000244140625,2331000
2023-10-30,120.29000091552734,120.63999938964844,119.26000213623047,119.87000274658203,1551900
2023-10-31,120.61000061035156,121.36000061035156,119.41999816894531,120.86000061035156,2006600
2023-11-01,121.87999725341797,122.4800033569336,119.52999877929688,121.30000305175781,2788100
2023-11-02,122.83999633789062,125.7300033569336,122.79000091552734,124.2699966430664,1920500
2023-11-03,124.26000213623047,126.8499984741211,123.88999938964844,126.33999633789062,1754600
2023-11-06,126.37999725341797,126.70999908447266,125.5199966430664,126.38999938964844,1537900
2023-11-07,126.30999755859375,126.37999725341797,125.0,125.4800033569336,1408000
2023-11-08,125.80999755859375,126.05999755859375,125.30000305175781,125.61000061035156,1015300
2023-11-09,126.0199966430664,126.08999633789062,124.25,124.70999908447266,1096900
2023-11-10,124.55999755859375,126.08000183105469,123.5999984741211,125.94999694824219,1317200
2023-11-13,125.5,125.7699966430664,124.86000061035156,125.30999755859375,1230500
2023-11-14,126.04000091552734,128.00999450683594,126.04000091552734,127.52999877929688,1353700
2023-11-15,127.97000122070312,128.25999450683594,126.4800033569336,126.62000274658203,1309400
2023-11-16,126.62000274658203,128.44000244140625,126.38999938964844,127.83000183105469,1554600
2023-11-17,128.4199981689453,128.49000549316406,127.25,127.66000366210938,1089600
2023-11-20,127.94000244140625,128.5800018310547,127.30000305175781,128.1199951171875,915000
2023-11-21,128.5,128.8699951171875,127.76000213623047,128.24000549316406,983700
2023-11-22,128.9199981689453,129.35000610351562,128.52999877929688,128.94000244140625,980600
2023-11-24,128.8800048828125,129.0800018310547,127.83999633789062,128.50999450683594,555600
2023-11-27,127.55000305175781,128.41000366210938,127.22000122070312,127.69000244140625,1143800
2023-11-28,127.68000030517578,127.68000030517578,125.75,126.38999938964844,1392800
2023-11-29,126.77999877929688,126.77999877929688,125.13999938964844,125.5199966430664,1240100
2023-11-30,125.87999725341797,125.87999725341797,124.45999908447266,125.55000305175781,2608900
2023-12-01,125.58999633789062,127.5,124.5199966430664,127.33000183105469,1560500
2023-12-04,126.41999816894531,127.44999694824219,124.37000274658203,125.6500015258789,2911500
2023-12-05,126.0,126.19000244140625,124.19000244140625,124.37999725341797,1600000
2023-12-06,125.05000305175781,125.27999877929688,124.0199966430664,124.80999755859375,1596600
2023-12-07,124.94999694824219,125.19999694824219,123.69999694824219,124.2699966430664,1901700
2023-12-08,124.97000122070312,125.25,124.16999816894531,124.33999633789062,1192900
2023-12-11,124.54000091552734,126.72000122070312,124.41000366210938,126.62999725341797,1182400
2023-12-12,126.93000030517578,128.13999938964844,126.3499984741211,128.07000732421875,1703100
2023-12-13,127.9000015258789,131.27999877929688,127.9000015258789,130.92999267578125,1927300
2023-12-14,131.6199951171875,131.91000366210938,129.35000610351562,131.11000061035156,3238700
2023-12-15,130.1699981689453,130.8300018310547,128.22000122070312,128.63999938964844,2667500
2023-12-18,129.8699951171875,130.7899932861328,127.81999969482422,130.47000122070312,1883900
2023-12-19,131.11000061035156,131.97000122070312,130.17999267578125,130.24000549316406,1704200
2023-12-20,130.24000549316406,130.63999938964844,128.9499969482422,129.0399932861328,1321400
2023-12-21,129.89999389648438,130.24000549316406,128.39999389648438,129.97999572753906,1211600
2023-12-22,129.89999389648438,130.5,129.41000366210938,130.0,991500
2023-12-26,129.8800048828125,130.7100067138672,129.55999755859375,130.25999450683594,627500
2023-12-27,130.4499969482422,131.1199951171875,130.1999969482422,130.83999633789062,1050400
2023-12-28,130.83999633789062,131.02999877929688,130.3699951171875,130.52000427246094,882500
2023-12-29,130.41000366210938,131.25,130.2100067138672,130.66000366210938,1196800
2024-01-02,129.72999572753906,130.6999969482422,128.9499969482422,129.02999877929688,1485300
2024-01-03,130.05999755859375,130.5399932861328,128.94000244140625,129.10000610351562,1483600
2024-01-04,128.39999389648438,129.6199951171875,127.79000091552734,128.69000244140625,3019000
2024-01-05,128.85000610351562,129.10000610351562,127.44000244140625,128.33999633789062,1409200
2024-01-08,128.2100067138672,128.77999877929688,127.18000030517578,128.63999938964844,1204100
2024-01-09,127.86000061035156,128.3000030517578,127.26000213623047,128.22000122070312,968400
2024-01-10,128.0,129.57000732421875,127.0,129.1999969482422,1208700
2024-01-11,128.38999938964844,129.0399932861328,127.58999633789062,129.0,1271600
2024-01-12,129.47999572753906,129.47999572753906,128.32000732421875,129.1300048828125,1081800
2024-01-16,128.69000244140625,130.10000610351562,128.14999389648438,129.80999755859375,1635900
2024-01-17,128.8800048828125,130.02000427246094,128.75,129.0800018310547,1314900
2024-01-18,129.50999450683594,130.88999938964844,129.0,130.4600067138672,1896500
2024-01-19,130.8300018310547,132.57000732421875,130.10000610351562,132.3000030517578,1927800
2024-01-22,132.5399932861328,132.63999938964844,131.0399932861328,131.05999755859375,1543400
2024-01-23,131.1199951171875,131.99000549316406,131.1199951171875,131.75,1059700
2024-01-24,131.75,131.75999450683594,129.19000244140625,129.44000244140625,1790100
2024-01-25,129.8300018310547,130.30999755859375,128.5399932861328,130.22000122070312,1871700
2024-01-26,129.9199981689453,130.69000244140625,128.6699981689453,129.08999633789062,1157000
2024-01-29,129.10000610351562,130.5500030517578,128.2899932861328,130.5500030517578,1482100
2024-01-30,130.36000061035156,131.22000122070312,129.5800018310547,130.6199951171875,1421500
2024-01-31,131.4499969482422,131.97999572753906,129.25999450683594,129.49000549316406,2154200
2024-02-01,129.30999755859375,130.47999572753906,128.00999450683594,130.4499969482422,1440700
2024-02-02,129.63999938964844,130.0399932861328,127.69000244140625,128.75,1823800
2024-02-05,128.02000427246094,128.02000427246094,125.73999786376953,126.33000183105469,2614600
2024-02-06,126.0,128.1699981689453,125.75,127.2699966430664,2899100
2024-02-07,128.1300048828125,132.64999389648438,128.1300048828125,129.63999938964844,3539100
2024-02-08,129.6300048828125,130.69000244140625,128.69000244140625,130.39999389648438,2161400
2024-02-09,130.41000366210938,130.41000366210938,129.32000732421875,130.27000427246094,1951300
2024-02-12,130.27999877929688,131.9600067138672,130.27999877929688,131.36000061035156,1849000
2024-02-13,130.5,131.2100067138672,129.7899932861328,131.2100067138672,1765700
2024-02-14,131.60000610351562,134.25,131.42999267578125,134.00999450683594,2803100
2024-02-15,134.0,135.61000061035156,133.8699951171875,135.39999389648438,3128200
2024-02-16,135.22999572753906,135.85000610351562,134.39999389648438,134.5500030517578,2565900
2024-02-20,133.7899932861328,134.66000366210938,133.08999633789062,133.9499969482422,2270600
2024-02-21,134.02000427246094,135.3000030517578,133.22000122070312,135.22999572753906,2327900
2024-02-22,135.4199981689453,137.72000122070312,134.97000122070312,137.3300018310547,2328100
2024-02-23,137.5800018310547,138.6699981689453,137.10000610351562,138.32000732421875,1592200
2024-02-26,138.4199981689453,138.47000122070312,137.58999633789062,138.05999755859375,1769800
2024-02-27,138.05999755859375,138.1699981689453,136.63999938964844,137.0399932861328,1827100
2024-02-28,136.85000610351562,138.77000427246094,136.4600067138672,138.60000610351562,1417500
2024-02-29,138.80999755859375,139.64999389648438,137.9499969482422,138.4199981689453,2257700
2024-03-01,137.4600067138672,137.75,136.2100067138672,137.4199981689453,1704800
2024-03-04,137.10000610351562,138.63999938964844,136.69000244140625,138.5500030517578,2421400
2024-03-05,138.75,139.0,137.82000732421875,138.6999969482422,2283400
2024-03-06,139.0500030517578,139.8300018310547,138.7899932861328,139.5500030517578,1772600
2024-03-07,140.0,141.63999938964844,139.6699981689453,140.3800048828125,1939800
2024-03-08,140.02000427246094,140.8800048828125,139.16000366210938,139.55999755859375,1365000
2024-03-11,139.4600067138672,140.41000366210938,138.74000549316406,140.0800018310547,1711300
2024-03-12,140.0500030517578,141.52000427246094,139.8300018310547,140.74000549316406,1464800
2024-03-13,141.0,141.19000244140625,138.1300048828125,138.36000061035156,3361400
2024-03-14,138.0500030517578,138.44000244140625,136.27999877929688,137.16000366210938,3091900
2024-03-15,136.47000122070312,137.52999877929688,136.08999633789062,136.83999633789062,4164800
2024-03-18,136.41000366210938,137.38999938964844,136.22999572753906,136.27000427246094,2384500
2024-03-19,136.42999267578125,137.4199981689453,135.89999389648438,137.2899932861328,2266500
2024-03-20,137.3800048828125,137.44000244140625,135.77999877929688,136.50999450683594,1699600
2024-03-21,136.1999969482422,137.13999938964844,135.17999267578125,136.57000732421875,1506100
2024-03-22,136.61000061035156,136.72000122070312,135.64999389648438,136.22999572753906,1296400
2024-03-25,136.05999755859375,136.1699981689453,134.4199981689453,134.6199951171875,2486600
2024-03-26,135.08999633789062,135.38999938964844,134.58999633789062,134.8000030517578,1470400
2024-03-27,135.77000427246094,137.3300018310547,135.58999633789062,137.32000732421875,1634700
2024-03-28,137.38999938964844,138.8300018310547,137.38999938964844,138.64999389648438,1770900
2024-04-01,138.5500030517578,140.72999572753906,138.4199981689453,140.47000122070312,2227600
2024-04-02,140.50999450683594,141.4199981689453,139.3300018310547,140.7100067138672,1987400
2024-04-03,140.8000030517578,140.8000030517578,138.75999450683594,139.00999450683594,1543800
2024-04-04,139.97999572753906,139.97999572753906,135.86000061035156,136.27999877929688,2640400
2024-04-05,136.3300018310547,136.8699951171875,135.13999938964844,136.10000610351562,1735600
2024-04-08,135.88999938964844,136.27999877929688,134.5,135.22000122070312,1770400
2024-04-09,135.05999755859375,137.16000366210938,134.8699951171875,137.02000427246094,1395500
2024-04-10,135.02999877929688,138.14999389648438,134.82000732421875,137.9499969482422,1901000
2024-04-11,138.47000122070312,138.75999450683594,136.97000122070312,138.3300018310547,1425000
2024-04-12,138.41000366210938,138.49000549316406,137.17999267578125,137.8000030517578,1950400
2024-04-15,138.3699951171875,139.22000122070312,136.89999389648438,137.6699981689453,2962700
2024-04-16,137.52999877929688,138.38999938964844,136.7899932861328,138.0,1950500
2024-04-17,138.55999755859375,138.8800048828125,137.36000061035156,137.8300018310547,1516600
2024-04-18,137.85000610351562,138.3300018310547,137.1699981689453,137.8699951171875,2178700
2024-04-19,138.72999572753906,138.72999572753906,137.8300018310547,138.5,1673700
2024-04-22,138.4499969482422,140.17999267578125,137.7899932861328,139.05999755859375,1570500
2024-04-23,139.5800018310547,140.8800048828125,139.35000610351562,140.10000610351562,2140500
2024-04-24,139.74000549316406,141.82000732421875,139.25999450683594,141.80999755859375,1909500
2024-04-25,141.97999572753906,142.1699981689453,140.38999938964844,141.55999755859375,1693100
2024-04-26,140.8300018310547,142.7899932861328,140.63999938964844,141.77000427246094,2008100
2024-04-29,142.0800018310547,143.1999969482422,141.05999755859375,143.19000244140625,2221000
2024-04-30,140.0,142.86000061035156,139.75,141.25,4087300
2024-05-01,136.5,137.99000549316406,134.5800018310547,135.3300018310547,4639900
2024-05-02,135.5,136.61000061035156,134.75999450683594,135.07000732421875,2425400
2024-05-03,135.8800048828125,135.97999572753906,133.9199981689453,134.33999633789062,2452500
2024-05-06,134.6199951171875,137.24000549316406,134.1999969482422,136.17999267578125,2295500
2024-05-07,136.5,136.50999450683594,135.72999572753906,135.91000366210938,1922600
2024-05-08,135.80999755859375,137.32000732421875,135.47999572753906,136.9600067138672,1891000
2024-05-09,137.1999969482422,138.33999633789062,136.61000061035156,137.9499969482422,2010600
2024-05-10,138.14999389648438,139.64999389648438,136.3800048828125,137.6199951171875,2066200
2024-05-13,137.89999389648438,138.27000427246094,136.25999450683594,136.3800048828125,1742300
2024-05-14,136.52000427246094,138.4499969482422,136.19000244140625,137.49000549316406,2180300
2024-05-15,137.13999938964844,139.13999938964844,137.13999938964844,138.33999633789062,1810300
2024-05-16,140.0,141.9199981689453,139.19000244140625,141.66000366210938,2419700
2024-05-17,141.5,141.7100067138672,140.22000122070312,141.66000366210938,1346400
2024-05-20,141.52000427246094,141.6199951171875,139.24000549316406,139.6699981689453,1227400
2024-05-21,140.02000427246094,140.0399932861328,138.5399932861328,139.3000030517578,1192000
2024-05-22,139.30999755859375,139.30999755859375,137.9600067138672,139.1300048828125,1011200
2024-05-23,139.02999877929688,139.1300048828125,136.32000732421875,137.00999450683594,1621400
2024-05-24,136.88999938964844,137.97999572753906,136.69000244140625,137.64999389648438,1453200
2024-05-28,137.50999450683594,137.50999450683594,135.75999450683594,135.86000061035156,1921600
2024-05-29,135.44000244140625,136.3699951171875,134.25,134.6699981689453,1462100
2024-05-30,135.05999755859375,135.49000549316406,134.36000061035156,134.83999633789062,1587600
2024-05-31,135.16000366210938,137.57000732421875,134.8000030517578,137.42999267578125,2282900
2024-06-03,137.13999938964844,139.33999633789062,136.2100067138672,139.3300018310547,1618100
2024-06-04,139.3800048828125,142.22999572753906,138.97999572753906,141.5399932861328,2125200
2024-06-05,141.60000610351562,141.75,139.8300018310547,140.52999877929688,1944000
2024-06-06,140.4600067138672,142.14999389648438,139.75,140.8300018310547,1528900
2024-06-07,140.2899932861328,141.66000366210938,139.80999755859375,139.97000122070312,1467100
2024-06-10,139.8800048828125,140.27000427246094,137.69000244140625,137.80999755859375,1717000
2024-06-11,137.47999572753906,138.05999755859375,136.61000061035156,137.00999450683594,2149700
2024-06-12,137.4600067138672,138.58999633789062,136.89999389648438,137.3000030517578,1279900
2024-06-13,136.66000366210938,138.10000610351562,136.52000427246094,138.00999450683594,1554700
2024-06-14,137.3800048828125,137.8800048828125,136.02999877929688,136.7899932861328,1418500
2024-06-17,136.42999267578125,138.24000549316406,136.02000427246094,136.9199981689453,1327800
2024-06-18,137.32000732421875,137.5,134.86000061035156,135.4199981689453,2540800
2024-06-20,134.67999267578125,135.72000122070312,134.02000427246094,134.14999389648438,3170900
2024-06-21,135.11000061035156,135.1300048828125,133.3699951171875,134.2899932861328,3868100
2024-06-24,134.42999267578125,135.10000610351562,133.3300018310547,133.99000549316406,2477100
2024-06-25,134.0,134.0,131.6699981689453,132.3300018310547,2364100
2024-06-26,131.85000610351562,133.0,131.27000427246094,131.9600067138672,1392500
2024-06-27,132.0800018310547,132.80999755859375,131.64999389648438,132.61000061035156,1355500
2024-06-28,132.50999450683594,132.99000549316406,131.72000122070312,132.4600067138672,5819000
2024-07-01,132.55999755859375,132.7899932861328,129.4199981689453,129.6999969482422,2789000
2024-07-02,129.61000061035156,130.89999389648438,129.07000732421875,130.02999877929688,2331500
2024-07-03,129.77999877929688,130.10000610351562,128.97000122070312,129.5800018310547,935900
2024-07-05,129.32000732421875,129.69000244140625,128.22999572753906,129.1199951171875,1477600
2024-07-08,129.8699951171875,130.44000244140625,127.61000061035156,127.94000244140625,1846100
2024-07-09,127.4800033569336,128.2899932861328,126.58999633789062,126.66000366210938,1709400
2024-07-10,126.80000305175781,129.36000061035156,126.47000122070312,129.1699981689453,2494000
2024-07-11,128.91000366210938,130.3699951171875,128.44000244140625,129.52000427246094,1623300
2024-07-12,130.2899932861328,131.47999572753906,129.38999938964844,131.30999755859375,2338800
2024-07-15,131.02000427246094,131.97000122070312,127.8499984741211,127.88999938964844,2157100
2024-07-16,126.6500015258789,129.2100067138672,126.25,128.9199981689453,2381300
2024-07-17,129.07000732421875,129.9600067138672,128.50999450683594,129.3300018310547,1753800
2024-07-18,126.62999725341797,128.94000244140625,126.62999725341797,128.30999755859375,1714700
2024-07-19,129.0399932861328,129.08999633789062,126.75,126.93000030517578,2045800
2024-07-22,126.83999633789062,128.67999267578125,126.41999816894531,128.61000061035156,1605300
2024-07-23,128.63999938964844,128.63999938964844,126.19999694824219,126.45999908447266,1298600
2024-07-24,125.97000122070312,126.83000183105469,124.76000213623047,125.94999694824219,1620500
2024-07-25,126.19000244140625,128.77000427246094,126.0,127.12999725341797,1987000
2024-07-26,127.69000244140625,129.0399932861328,127.41000366210938,128.0500030517578,1874400
2024-07-29,127.91999816894531,131.0399932861328,127.05999755859375,130.42999267578125,2150700
2024-07-30,130.1699981689453,132.61000061035156,129.86000061035156,132.1699981689453,1410500
2024-07-31,132.75999450683594,134.02999877929688,131.61000061035156,132.8300018310547,1943100
2024-08-01,133.4600067138672,134.75,131.66000366210938,134.5,1627800
2024-08-02,134.75,136.58999633789062,133.0,135.17999267578125,2301500
2024-08-05,135.1199951171875,136.22000122070312,131.97999572753906,133.32000732421875,3665000
2024-08-06,137.0,139.8699951171875,136.38999938964844,136.85000610351562,2981100
2024-08-07,136.5800018310547,138.3699951171875,134.75,136.4199981689453,3071000
2024-08-08,136.25,138.39999389648438,136.24000549316406,137.10000610351562,1355100
2024-08-09,137.42999267578125,137.7899932861328,136.44000244140625,136.7899932861328,1446300
2024-08-12,135.9600067138672,136.22999572753906,134.80999755859375,135.6300048828125,1431300
2024-08-13,136.08999633789062,138.6999969482422,135.97999572753906,137.58999633789062,2388300
2024-08-14,137.5,138.1999969482422,137.0500030517578,137.25999450683594,1267900
2024-08-15,137.9199981689453,138.16000366210938,136.77999877929688,137.80999755859375,1134100
2024-08-16,137.9600067138672,138.0399932861328,136.72000122070312,137.39999389648438,1669800
2024-08-19,137.72000122070312,138.42999267578125,136.4199981689453,136.69000244140625,1671300
2024-08-20,136.89999389648438,138.17999267578125,136.42999267578125,136.9499969482422,1713300
2024-08-21,137.30999755859375,138.42999267578125,136.52000427246094,137.75,1583200
2024-08-22,137.92999267578125,138.16000366210938,136.5399932861328,136.75999450683594,1393600
2024-08-23,137.41000366210938,137.41000366210938,134.9499969482422,135.52000427246094,1657800
2024-08-26,135.92999267578125,136.3000030517578,134.75999450683594,134.9499969482422,1727500
2024-08-27,134.1999969482422,134.9199981689453,133.74000549316406,134.5,2079100
2024-08-28,134.75,136.3000030517578,134.36000061035156,135.64999389648438,2180100
2024-08-29,135.80999755859375,136.6699981689453,134.63999938964844,135.25,1563000
2024-08-30,135.44000244140625,135.89999389648438,134.41000366210938,134.9199981689453,1892900
2024-09-03,134.60000610351562,135.64999389648438,132.6300048828125,133.47999572753906,1866500
2024-09-04,133.92999267578125,134.99000549316406,133.67999267578125,134.80999755859375,1877000
2024-09-05,134.8000030517578,134.97000122070312,133.86000061035156,134.5,1570000
2024-09-06,134.4199981689453,135.47999572753906,133.57000732421875,133.8699951171875,1930100
2024-09-09,133.80999755859375,134.1999969482422,132.44000244140625,133.0399932861328,2379100
2024-09-10,133.07000732421875,134.1699981689453,132.80999755859375,132.88999938964844,2174300
2024-09-11,132.42999267578125,134.22000122070312,130.6300048828125,134.02999877929688,2067500
2024-09-12,134.07000732421875,135.19000244140625,133.1300048828125,133.41000366210938,1613600
2024-09-13,133.47999572753906,133.9499969482422,132.92999267578125,133.64999389648438,1811500
2024-09-16,134.42999267578125,135.47999572753906,133.7899932861328,134.55999755859375,1929300
2024-09-17,134.58999633789062,135.2100067138672,132.16000366210938,132.35000610351562,2009600
2024-09-18,132.39999389648438,133.10000610351562,130.27000427246094,130.60000610351562,2186200
2024-09-19,132.1199951171875,132.50999450683594,129.97000122070312,131.08999633789062,2616500
2024-09-20,130.75999450683594,130.91000366210938,128.72000122070312,129.7100067138672,3272700
2024-09-23,129.8300018310547,131.1699981689453,129.67999267578125,130.3699951171875,2140700
2024-09-24,131.64999389648438,134.27999877929688,130.5,133.8000030517578,2697000
2024-09-25,133.8000030517578,134.08999633789062,132.00999450683594,133.08999633789062,1396100
2024-09-26,134.27999877929688,138.42999267578125,134.27999877929688,138.07000732421875,2573000
2024-09-27,137.52000427246094,140.02000427246094,136.99000549316406,139.9199981689453,2778300
2024-09-30,139.97999572753906,141.47999572753906,138.58999633789062,139.7100067138672,2267200
2024-10-01,139.7899932861328,140.13999938964844,138.41000366210938,139.24000549316406,2070000
2024-10-02,138.72000122070312,139.89999389648438,138.13999938964844,139.5399932861328,1345200
2024-10-03,138.63999938964844,138.66000366210938,137.1999969482422,137.2100067138672,1993400
2024-10-04,137.1999969482422,137.82000732421875,135.52999877929688,136.57000732421875,1229600
2024-10-07,136.13999938964844,137.07000732421875,134.9199981689453,135.8800048828125,1473200
2024-10-08,135.99000549316406,136.61000061035156,133.55999755859375,134.72000122070312,1506200
2024-10-09,135.0,136.14999389648438,134.61000061035156,134.75999450683594,1574100
2024-10-10,134.30999755859375,134.75,132.5,133.27000427246094,1569900
2024-10-11,133.47000122070312,134.88999938964844,133.33999633789062,134.02000427246094,1334400
2024-10-14,133.72999572753906,135.14999389648438,133.2899932861328,134.64999389648438,1037900
2024-10-15,134.2100067138672,134.72999572753906,132.67999267578125,133.22000122070312,1421700
2024-10-16,132.27999877929688,133.9199981689453,131.0500030517578,133.35000610351562,1701700
2024-10-17,133.8300018310547,133.86000061035156,132.13999938964844,133.72999572753906,1701900
2024-10-18,134.41000366210938,134.5,133.13999938964844,134.27000427246094,1243600
2024-10-21,133.58999633789062,134.57000732421875,133.07000732421875,134.0,1294900
2024-10-22,133.58999633789062,134.47000122070312,132.88999938964844,133.36000061035156,941700
2024-10-23,133.6999969482422,135.64999389648438,133.27000427246094,134.02000427246094,1605100
2024-10-24,134.0,134.0,132.36000061035156,133.16000366210938,1275500
2024-10-25,134.05999755859375,134.3699951171875,132.8300018310547,133.0399932861328,956500
2024-10-28,134.27000427246094,135.5500030517578,133.8699951171875,134.86000061035156,1318000
2024-10-29,134.5500030517578,135.25999450683594,133.97000122070312,133.97000122070312,1487200
2024-10-30,133.25999450683594,134.27999877929688,132.74000549316406,133.38999938964844,1414700
2024-10-31,133.47000122070312,133.6999969482422,131.02000427246094,131.16000366210938,2219000
2024-11-01,132.1999969482422,133.33999633789062,131.82000732421875,132.33999633789062,1888600
2024-11-04,132.5,134.0,131.83999633789062,132.75999450683594,2670100
2024-11-05,133.1999969482422,136.9499969482422,133.10000610351562,134.72000122070312,3779500
2024-11-06,136.8000030517578,136.8000030517578,131.3000030517578,134.3699951171875,3201200
2024-11-07,135.0,137.83999633789062,134.3800048828125,137.05999755859375,2338100
2024-11-08,136.3699951171875,138.4600067138672,135.50999450683594,137.2100067138672,1726900
2024-11-11,136.7100067138672,138.57000732421875,136.5399932861328,136.6199951171875,1741200
2024-11-12,136.11000061035156,136.5500030517578,133.7899932861328,134.61000061035156,2156200
2024-11-13,134.4499969482422,137.11000061035156,134.11000061035156,135.25999450683594,3055000
2024-11-14,135.2899932861328,137.3800048828125,135.2899932861328,136.74000549316406,1797800
2024-11-15,135.94000244140625,137.67999267578125,133.42999267578125,133.58999633789062,1679000
2024-11-18,133.4499969482422,134.5500030517578,133.3300018310547,134.00999450683594,1444400
2024-11-19,133.02999877929688,133.35000610351562,131.9499969482422,132.13999938964844,1160000
2024-11-20,132.27000427246094,133.19000244140625,131.1699981689453,132.8800048828125,1439000
2024-11-21,133.16000366210938,134.42999267578125,131.77999877929688,134.22000122070312,1031100
2024-11-22,134.52999877929688,135.8699951171875,134.17999267578125,135.27000427246094,992500
2024-11-25,136.22999572753906,138.64999389648438,135.00999450683594,137.0500030517578,3604600
2024-11-26,139.0,139.0,137.16000366210938,138.6300048828125,1805700
2024-11-27,138.82000732421875,139.97999572753906,138.69000244140625,139.3300018310547,1614100
2024-11-29,139.0399932861328,139.35000610351562,138.2899932861328,138.94000244140625,1003200
2024-12-02,137.92999267578125,139.41000366210938,137.33999633789062,139.02999877929688,2295900
2024-12-03,139.3000030517578,139.49000549316406,137.69000244140625,137.72000122070312,1235900
2024-12-04,137.49000549316406,138.5,137.07000732421875,138.16000366210938,1522700
2024-12-05,138.36000061035156,138.7899932861328,137.1999969482422,138.1300048828125,939100
2024-12-06,138.57000732421875,139.60000610351562,137.39999389648438,137.6300048828125,968000
2024-12-09,137.8800048828125,139.13999938964844,137.27999877929688,139.0800018310547,1411000
2024-12-10,138.61000061035156,139.0800018310547,136.47999572753906,138.22000122070312,1406200
2024-12-11,138.52000427246094,139.05999755859375,137.7899932861328,138.5399932861328,1357400
2024-12-12,138.64999389648438,138.8800048828125,137.44000244140625,138.63999938964844,1399700
2024-12-13,138.41000366210938,139.25,136.4499969482422,137.0,1044300
2024-12-16,137.05999755859375,137.91000366210938,134.94000244140625,135.0500030517578,1660300
2024-12-17,134.42999267578125,137.49000549316406,134.00999450683594,134.72999572753906,2263500
2024-12-18,134.36000061035156,134.60000610351562,131.27000427246094,131.4600067138672,2834400
2024-12-19,131.24000549316406,132.66000366210938,130.3300018310547,130.36000061035156,1939200
2024-12-20,130.25,133.3800048828125,130.13999938964844,132.36000061035156,3212900
2024-12-23,133.25,133.94000244140625,131.92999267578125,133.86000061035156,1479100
2024-12-24,133.42999267578125,135.0800018310547,132.99000549316406,135.0,533000
2024-12-26,134.35000610351562,136.8000030517578,134.1999969482422,136.0,1040900
2024-12-27,135.13999938964844,136.47000122070312,134.2899932861328,135.22999572753906,1146300
2024-12-30,134.1300048828125,134.41000366210938,133.0,133.52000427246094,1144600
2024-12-31,134.08999633789062,134.7899932861328,133.25,134.16000366210938,1217100
2025-01-02,134.4199981689453,135.9199981689453,133.10000610351562,133.55999755859375,2609900
2025-01-03,133.66000366210938,134.0,132.3699951171875,133.44000244140625,1154300
2025-01-06,133.3000030517578,134.22000122070312,129.99000549316406,130.1699981689453,2120800
2025-01-07,130.07000732421875,131.74000549316406,128.3000030517578,128.5500030517578,2103000
2025-01-08,127.79000091552734,128.22999572753906,126.97000122070312,127.73999786376953,2025400
2025-01-10,125.81999969482422,126.63999938964844,123.19000244140625,123.25,2555000
2025-01-13,122.80000305175781,124.36000061035156,122.12999725341797,123.7300033569336,2163100
2025-01-14,124.27999877929688,125.44000244140625,123.97000122070312,124.70999908447266,1793600
2025-01-15,126.45999908447266,126.45999908447266,124.52999877929688,125.7699966430664,1729700
2025-01-16,125.69000244140625,127.73999786376953,125.37999725341797,126.23999786376953,1670400
2025-01-17,126.91000366210938,127.3499984741211,125.19000244140625,125.31999969482422,1604900
2025-01-21,124.83000183105469,126.12000274658203,124.58000183105469,125.69999694824219,2092700
2025-01-22,125.36000061035156,126.77999877929688,124.58000183105469,126.22000122070312,2498900
2025-01-23,125.75,127.3499984741211,125.51000213623047,127.01000213623047,2082400
2025-01-24,126.75,129.4600067138672,126.75,128.25999450683594,2295900
2025-01-27,128.85000610351562,131.63999938964844,128.52999877929688,130.88999938964844,2174700
2025-01-28,130.30999755859375,132.27999877929688,128.2899932861328,129.24000549316406,2423700
2025-01-29,129.7899932861328,130.75999450683594,128.97999572753906,129.1699981689453,1342800
2025-01-30,129.3699951171875,131.25999450683594,129.1300048828125,130.72999572753906,1483200
2025-01-31,129.83999633789062,131.5800018310547,129.83999633789062,130.5,1370300
2025-02-03,129.44000244140625,132.63999938964844,128.72999572753906,131.5,2351500
2025-02-04,132.27000427246094,132.60000610351562,130.86000061035156,131.47000122070312,2086800
2025-02-05,131.38999938964844,131.7100067138672,129.5500030517578,131.25,2177600
2025-02-06,138.72999572753906,144.42999267578125,138.10000610351562,144.00999450683594,5571800
2025-02-07,141.69000244140625,144.7100067138672,140.89999389648438,143.55999755859375,2694300
2025-02-10,144.9199981689453,148.19000244140625,144.0,148.14999389648438,3733500
2025-02-11,147.52000427246094,148.1999969482422,145.8800048828125,146.64999389648438,2541800
2025-02-12,146.41000366210938,146.75,143.75,146.50999450683594,2193500
2025-02-13,146.8000030517578,149.3000030517578,146.0800018310547,148.75,2093300
2025-02-14,149.0500030517578,149.3000030517578,147.58999633789062,147.91000366210938,1970800
2025-02-18,147.5,148.2899932861328,146.77000427246094,147.1300048828125,2104600
2025-02-19,146.66000366210938,148.49000549316406,145.97999572753906,148.2899932861328,1433600
2025-02-20,148.0,151.2899932861328,148.0,150.9600067138672,2351400
2025-02-21,150.05999755859375,150.89999389648438,148.38999938964844,148.75,2187600
2025-02-24,149.10000610351562,150.52999877929688,148.6699981689453,150.22999572753906,2120600
2025-02-25,150.6999969482422,154.7899932861328,150.47999572753906,154.14999389648438,2817400
2025-02-26,154.89999389648438,155.17999267578125,151.1699981689453,151.5,2112000
2025-02-27,151.55999755859375,154.3300018310547,151.35000610351562,153.7100067138672,1354200
2025-02-28,154.1699981689453,156.55999755859375,153.94000244140625,156.3699951171875,3003400
2025-03-03,157.52000427246094,158.27000427246094,156.13999938964844,156.92999267578125,1913300
2025-03-04,158.25,161.27999877929688,157.6300048828125,158.41000366210938,3969000
2025-03-05,158.39999389648438,160.3699951171875,157.57000732421875,159.3699951171875,2234300
2025-03-06,159.07000732421875,160.55999755859375,157.83999633789062,159.25999450683594,2020200
2025-03-07,159.5500030517578,163.3000030517578,159.5399932861328,162.52999877929688,3411300
2025-03-10,161.30999755859375,162.44000244140625,156.72999572753906,158.08999633789062,3000000
2025-03-11,158.39999389648438,159.0,155.9499969482422,156.6999969482422,2346900
2025-03-12,155.72999572753906,156.6999969482422,152.66000366210938,154.39999389648438,1631900
2025-03-13,154.36000061035156,155.77000427246094,153.35000610351562,153.4199981689453,1631300
2025-03-14,153.4199981689453,156.3000030517578,152.75999450683594,155.0500030517578,1251100
2025-03-17,154.33999633789062,157.32000732421875,154.24000549316406,157.1300048828125,1127000
2025-03-18,156.7100067138672,157.94000244140625,156.16000366210938,157.3000030517578,1332200
2025-03-19,157.38999938964844,158.36000061035156,156.52999877929688,157.50999450683594,1455500
2025-03-20,157.82000732421875,158.5,156.89999389648438,157.88999938964844,1412700
2025-03-21,156.9499969482422,158.19000244140625,156.0800018310547,156.75,3071600
2025-03-24,157.07000732421875,157.72000122070312,155.02999877929688,155.82000732421875,1952500
2025-03-25,156.14999389648438,156.50999450683594,154.75,155.8000030517578,1836600
2025-03-26,156.38999938964844,158.92999267578125,156.2100067138672,158.67999267578125,1708800
2025-03-27,158.99000549316406,159.0399932861328,156.35000610351562,157.64999389648438,2500800
2025-03-28,157.61000061035156,158.10000610351562,155.27000427246094,155.75999450683594,1492600
2025-03-31,154.17999267578125,158.13999938964844,153.61000061035156,157.36000061035156,3510600
2025-04-01,157.5399932861328,158.99000549316406,156.7100067138672,158.9199981689453,1573800
2025-04-02,158.5399932861328,159.0,157.3300018310547,158.22999572753906,1585400
2025-04-03,158.19000244140625,161.80999755859375,157.88999938964844,161.4499969482422,2615300
2025-04-04,157.2100067138672,159.32000732421875,147.2899932861328,147.8300018310547,4704300
2025-04-07,144.63999938964844,147.75,141.0,144.92999267578125,4579500
2025-04-08,148.44000244140625,148.5800018310547,140.07000732421875,141.3800048828125,4221000
2025-04-09,140.3000030517578,147.6300048828125,138.72000122070312,145.4499969482422,4063800
2025-04-10,143.9600067138672,147.1300048828125,141.47000122070312,145.5,4604500
2025-04-11,145.33999633789062,145.97000122070312,142.4600067138672,145.0,3002500
2025-04-14,147.0,147.0,144.52000427246094,146.0,3432000
2025-04-15,146.6999969482422,147.08999633789062,144.2899932861328,144.69000244140625,2599300
2025-04-16,145.0,145.47000122070312,141.7899932861328,142.57000732421875,1952700
2025-04-17,142.72999572753906,144.89999389648438,141.8800048828125,143.30999755859375,1768300
2025-04-21,143.13999938964844,143.13999938964844,139.02999877929688,140.50999450683594,1708200
2025-04-22,142.02999877929688,145.1199951171875,141.3000030517578,145.0500030517578,1670800
2025-04-23,145.5500030517578,148.3699951171875,145.27999877929688,146.16000366210938,2301000
2025-04-24,146.41000366210938,147.83999633789062,144.8000030517578,147.5800018310547,2079800
2025-04-25,147.36000061035156,148.8000030517578,146.32000732421875,147.3000030517578,1770400
2025-04-28,147.30999755859375,148.07000732421875,146.4199981689453,147.75,2218800
2025-04-29,146.60000610351562,148.02999877929688,145.3699951171875,147.69000244140625,2339600
2025-04-30,147.49000549316406,151.55999755859375,144.88999938964844,150.44000244140625,3349500
2025-05-01,149.07000732421875,149.4600067138672,147.0800018310547,148.60000610351562,2734600
2025-05-02,149.44000244140625,150.50999450683594,147.42999267578125,149.13999938964844,1972000
2025-05-05,149.50999450683594,149.57000732421875,146.38999938964844,146.5800018310547,2308500
2025-05-06,146.38999938964844,148.47000122070312,145.5500030517578,148.27999877929688,2097000
2025-05-07,148.14999389648438,150.77000427246094,147.74000549316406,149.47999572753906,1416000
2025-05-08,149.72000122070312,149.8800048828125,147.75999450683594,147.97999572753906,1410900
2025-05-09,148.25999450683594,148.97000122070312,146.49000549316406,147.1300048828125,1068500
2025-05-12,147.35000610351562,148.30999755859375,146.07000732421875,146.8000030517578,1552700
2025-05-13,147.0,147.00999450683594,144.80999755859375,145.72000122070312,1880000
2025-05-14,145.6999969482422,145.97000122070312,144.80999755859375,145.16000366210938,1534300
2025-05-15,145.57000732421875,147.5500030517578,145.22000122070312,147.0500030517578,1842400
2025-05-16,147.89999389648438,148.07000732421875,146.2899932861328,148.07000732421875,1699700
2025-05-19,147.7100067138672,149.83999633789062,147.64999389648438,149.64999389648438,2046100
2025-05-20,149.0,150.02999877929688,148.63999938964844,149.02999877929688,2158700
2025-05-21,147.91000366210938,148.92999267578125,145.33999633789062,146.42999267578125,1842000
2025-05-22,146.22000122070312,146.24000549316406,144.50999450683594,145.5,1926700
2025-05-23,145.22000122070312,145.89999389648438,144.66000366210938,145.4499969482422,1062900
2025-05-27,145.2899932861328,145.5500030517578,142.75999450683594,144.08999633789062,2396800
2025-05-28,144.4499969482422,144.9600067138672,142.83999633789062,143.14999389648438,1537000
2025-05-29,143.1999969482422,144.88999938964844,142.6199951171875,144.0399932861328,1841900
2025-05-30,144.0399932861328,144.47999572753906,143.08999633789062,143.94000244140625,3184400
2025-06-02,142.89999389648438,144.88999938964844,142.05999755859375,144.6300048828125,1764800
2025-06-03,143.97999572753906,144.58999633789062,141.42999267578125,143.97000122070312,2414900
2025-06-04,146.0,146.0,142.80999755859375,144.00999450683594,2035600
2025-06-05,144.1300048828125,144.17999267578125,142.25,142.8800048828125,1250900
2025-06-06,142.9600067138672,145.02999877929688,142.72999572753906,144.8300018310547,1367900
2025-06-09,144.16000366210938,144.63999938964844,142.41000366210938,143.13999938964844,1479400
2025-06-10,145.14999389648438,145.47000122070312,142.9499969482422,143.9199981689453,2159900
2025-06-11,143.9199981689453,144.58999633789062,142.9499969482422,143.41000366210938,1454200
2025-06-12,143.2100067138672,143.97000122070312,142.4600067138672,143.97000122070312,1096400
2025-06-13,143.57000732421875,145.42999267578125,142.2100067138672,144.0,1180200
2025-06-16,144.0,144.8800048828125,141.52000427246094,141.94000244140625,1706800
2025-06-17,141.3000030517578,142.14999389648438,139.27999877929688,139.99000549316406,1892900
2025-06-18,140.1300048828125,140.74000549316406,137.97000122070312,138.36000061035156,1539500
2025-06-20,138.75999450683594,139.75999450683594,138.55999755859375,139.05999755859375,2956500
2025-06-23,140.07000732421875,141.5,138.5800018310547,141.38999938964844,1955800
2025-06-24,141.6300048828125,143.0800018310547,140.60000610351562,142.6999969482422,1629100
2025-06-25,144.9600067138672,149.2899932861328,144.5399932861328,147.17999267578125,3752100
2025-06-26,146.89999389648438,149.00999450683594,145.64999389648438,147.0500030517578,3297100
2025-06-27,147.0399932861328,148.85000610351562,146.88999938964844,148.41000366210938,3075100
2025-06-30,147.86000061035156,148.41000366210938,146.2899932861328,148.17999267578125,2435000
2025-07-01,148.27999877929688,150.8000030517578,148.10000610351562,150.3699951171875,1726600
2025-07-02,149.7100067138672,151.16000366210938,148.86000061035156,150.17999267578125,2292700
2025-07-03,150.07000732421875,150.17999267578125,148.74000549316406,150.0,1284300
2025-07-07,150.3300018310547,150.97000122070312,149.3300018310547,150.36000061035156,1780000
2025-07-08,149.72999572753906,150.74000549316406,148.3699951171875,150.52999877929688,1677400
2025-07-09,150.47000122070312,151.17999267578125,149.97000122070312,150.85000610351562,1428900
2025-07-10,151.0500030517578,153.22000122070312,150.5800018310547,152.35000610351562,1250100
2025-07-11,151.3800048828125,151.86000061035156,148.50999450683594,149.7899932861328,1758000
2025-07-14,150.4600067138672,150.94000244140625,147.1699981689453,147.1699981689453,1908400
2025-07-15,146.60000610351562,147.6699981689453,144.99000549316406,145.0,1883400
2025-07-16,145.02000427246094,146.6300048828125,145.02000427246094,146.13999938964844,1333000
2025-07-17,146.10000610351562,148.4600067138672,145.77999877929688,148.0800018310547,1427800
2025-07-18,148.3300018310547,149.60000610351562,147.92999267578125,148.9600067138672,1597300
2025-07-21,150.02000427246094,150.0500030517578,144.88999938964844,145.50999450683594,2512000
2025-07-22,145.55999755859375,148.52999877929688,145.55999755859375,148.52999877929688,1451000
2025-07-23,148.66000366210938,149.0,147.0,147.7899932861328,1186800
2025-07-24,146.3699951171875,148.19000244140625,145.8300018310547,145.8300018310547,1489200
2025-07-25,145.88999938964844,147.07000732421875,145.08999633789062,146.6999969482422,1152500
2025-07-28,145.83999633789062,146.58999633789062,144.25999450683594,144.2899932861328,1658200
2025-07-29,144.50999450683594,145.22999572753906,143.49000549316406,145.17999267578125,2472600
2025-07-30,145.55999755859375,147.32000732421875,145.16000366210938,146.99000549316406,1643800
2025-07-31,145.97999572753906,147.3699951171875,144.11000061035156,144.14999389648438,2653500
2025-08-01,145.6699981689453,146.05999755859375,144.22000122070312,145.36000061035156,1930700
2025-08-04,145.0800018310547,147.75999450683594,144.6699981689453,147.0,3349900
2025-08-05,144.5,147.0,139.30999755859375,139.5,5141600
2025-08-06,139.74000549316406,142.36000061035156,139.05999755859375,141.33999633789062,2685300
2025-08-07,142.0500030517578,143.32000732421875,141.00999450683594,142.55999755859375,2066800
2025-08-08,141.8300018310547,142.88999938964844,140.9499969482422,141.27999877929688,2263200
2025-08-11,141.5,142.5500030517578,140.9600067138672,141.27000427246094,1825000
2025-08-12,141.60000610351562,142.50999450683594,140.3000030517578,142.08999633789062,1606700
2025-08-13,141.8300018310547,144.80999755859375,141.5,144.7899932861328,1845000
2025-08-14,144.49000549316406,146.99000549316406,143.4499969482422,146.77000427246094,1832900
2025-08-15,146.83999633789062,149.11000061035156,146.4499969482422,148.17999267578125,2604300
2025-08-18,148.19000244140625,151.11000061035156,147.89999389648438,149.33999633789062,2182800
2025-08-19,149.3000030517578,153.07000732421875,149.27999877929688,152.00999450683594,1952700
2025-08-20,152.97999572753906,152.97999572753906,147.5500030517578,149.33999633789062,2606900
2025-08-21,148.67999267578125,149.0500030517578,147.58999633789062,148.00999450683594,1943800
2025-08-22,148.60000610351562,149.9600067138672,147.39999389648438,147.8699951171875,1995300
2025-08-25,148.19000244140625,148.67999267578125,146.67999267578125,146.88999938964844,1404400
2025-08-26,146.9199981689453,147.97000122070312,145.97999572753906,147.02999877929688,1664900
2025-08-27,146.9600067138672,147.17999267578125,144.9600067138672,145.3300018310547,1812900
2025-08-28,145.1300048828125,145.72999572753906,143.97999572753906,145.47000122070312,1616800
2025-08-29,145.41000366210938,147.35000610351562,145.39999389648438,146.97000122070312,1473400
2025-09-02,145.27000427246094,146.17999267578125,144.30999755859375,145.44000244140625,1619000
2025-09-03,144.72000122070312,145.02000427246094,143.89999389648438,144.5500030517578,1539100
2025-09-04,144.66000366210938,145.36000061035156,142.35000610351562,143.6699981689453,1484400
2025-09-05,143.74000549316406,146.11000061035156,143.74000549316406,144.5800018310547,1455800
2025-09-08,144.0,148.0399932861328,143.22999572753906,147.99000549316406,2187700
2025-09-09,147.61000061035156,148.10000610351562,145.66000366210938,145.77999877929688,1637700
2025-09-10,145.4199981689453,147.05999755859375,144.8000030517578,146.02000427246094,1947100
2025-09-11,146.6999969482422,149.5800018310547,146.1199951171875,149.13999938964844,2609700
2025-09-12,149.0,150.52999877929688,148.50999450683594,149.49000549316406,1809500
2025-09-15,149.8000030517578,150.32000732421875,148.89999389648438,148.89999389648438,2605300
2025-09-16,148.89999389648438,149.9199981689453,147.2100067138672,148.00999450683594,2370600
2025-09-17,148.33999633789062,150.07000732421875,147.88999938964844,148.25999450683594,2042600
2025-09-18,146.6300048828125,147.83999633789062,144.8000030517578,145.25999450683594,1747400
2025-09-19,145.32000732421875,146.9499969482422,145.1199951171875,145.66000366210938,3068600
2025-09-22,145.6199951171875,149.60000610351562,145.49000549316406,149.27000427246094,1939200
2025-09-23,148.41000366210938,149.72000122070312,147.0399932861328,149.44000244140625,1616500
2025-09-24,148.83999633789062,149.5399932861328,146.9600067138672,149.4499969482422,2808300
2025-09-25,149.30999755859375,151.08999633789062,149.30999755859375,150.41000366210938,1442600
2025-09-26,150.72999572753906,152.82000732421875,150.5800018310547,152.6999969482422,1208600
2025-09-29,153.50999450683594,155.0500030517578,152.75,153.94000244140625,1742400
2025-09-30,153.6199951171875,154.47000122070312,151.86000061035156,152.0,1898800
2025-10-01,152.58999633789062,153.75,151.2100067138672,153.19000244140625,1991500
2025-10-02,152.2899932861328,153.0500030517578,150.74000549316406,151.35000610351562,1800700
2025-10-03,150.99000549316406,151.22999572753906,149.8300018310547,150.69000244140625,1288500
2025-10-06,150.08999633789062,150.6699981689453,148.60000610351562,148.77999877929688,1395000
2025-10-07,148.33999633789062,148.52999877929688,144.75,146.72000122070312,1657100
2025-10-08,146.3699951171875,146.7100067138672,145.24000549316406,146.02999877929688,1150600
2025-10-09,145.36000061035156,146.3000030517578,142.67999267578125,142.69000244140625,1371000
2025-10-10,144.38999938964844,144.38999938964844,141.2899932861328,141.6199951171875,2055300
2025-10-13,141.07000732421875,142.11000061035156,139.86000061035156,140.47000122070312,2167900
2025-10-14,139.64999389648438,144.6199951171875,139.2899932861328,143.97999572753906,2096000
2025-10-15,143.97000122070312,146.0399932861328,143.60000610351562,144.50999450683594,1492900
2025-10-16,144.22999572753906,144.47999572753906,142.2100067138672,143.3800048828125,1497800
2025-10-17,143.77000427246094,146.24000549316406,143.22000122070312,145.25,1503100
2025-10-20,145.52999877929688,148.5500030517578,145.35000610351562,148.16000366210938,1992100
2025-10-21,148.13999938964844,149.10000610351562,147.13999938964844,148.52999877929688,1491800
2025-10-22,148.8000030517578,149.52999877929688,147.22000122070312,147.3800048828125,1180500
2025-10-23,147.42999267578125,147.97999572753906,145.22999572753906,146.3699951171875,1238200
2025-10-24,146.07000732421875,147.2100067138672,143.13999938964844,143.36000061035156,1289100
2025-10-27,143.61000061035156,144.3800048828125,142.02999877929688,142.97999572753906,1743600
2025-10-28,142.2100067138672,143.17999267578125,141.0500030517578,141.08999633789062,1451300
2025-10-29,140.25999450683594,140.58999633789062,138.2899932861328,139.19000244140625,1620700
2025-10-30,139.0500030517578,140.02999877929688,137.3699951171875,139.05999755859375,2065300
2025-10-31,138.4199981689453,138.4600067138672,137.3300018310547,138.2100067138672,2422800
2025-11-03,138.2100067138672,140.44000244140625,137.5,139.3800048828125,3632400
2025-11-04,146.22999572753906,149.9199981689453,143.13999938964844,149.5500030517578,5598300
2025-11-05,154.27000427246094,154.27000427246094,147.64999389648438,149.38999938964844,3277200
2025-11-06,148.80999755859375,150.17999267578125,146.39999389648438,147.61000061035156,2713100
2025-11-07,148.3699951171875,149.41000366210938,147.72000122070312,149.1199951171875,2415500
2025-11-10,148.16000366210938,149.25,147.32000732421875,148.25999450683594,2142100
2025-11-11,149.0800018310547,150.92999267578125,148.80999755859375,150.75,1609800
2025-11-12,150.30999755859375,151.10000610351562,148.6199951171875,149.3699951171875,2159000
2025-11-13,150.35000610351562,150.64999389648438,149.02999877929688,149.72999572753906,1877000
2025-11-14,149.9499969482422,150.67999267578125,148.63999938964844,149.02000427246094,1955000
2025-11-17,149.0,149.75,148.0,148.02999877929688,2783800
2025-11-18,148.22999572753906,149.5800018310547,147.94000244140625,148.82000732421875,1758300
2025-11-19,148.88999938964844,149.72000122070312,147.82000732421875,148.32000732421875,1168400
2025-11-20,148.63999938964844,150.67999267578125,148.0399932861328,149.2100067138672,1370700
2025-11-21,149.8699951171875,153.38999938964844,149.8699951171875,152.97999572753906,2468300
2025-11-24,153.11000061035156,153.25,150.5800018310547,151.0800018310547,3656900
2025-11-25,152.0,154.0800018310547,151.1199951171875,154.0,2409600
2025-11-26,154.0,155.22999572753906,153.8000030517578,153.8000030517578,1833300
2025-11-28,153.05999755859375,154.50999450683594,153.05999755859375,153.2100067138672,923300
2025-12-01,153.1699981689453,153.42999267578125,150.10000610351562,150.63999938964844,3536400
2025-12-02,150.88999938964844,151.0,146.94000244140625,147.6199951171875,1781300
2025-12-03,147.67999267578125,149.63999938964844,147.60000610351562,148.52000427246094,2259700
2025-12-04,147.61000061035156,149.13999938964844,145.5,145.86000061035156,2356700
